timestamp,courier_id,event_type,new_state,reason
1665977114,705,state_change,BUSY,initialized
1665977114,392,state_change,BUSY,initialized
1665977114,3248,state_change,BUSY,initialized
1665977114,993,state_change,BUSY,initialized
1665977114,4183,state_change,BUSY,initialized
1665977114,1877,state_change,BUSY,initialized
1665977114,51,state_change,BUSY,initialized
1665977114,236,state_change,AVAILABLE,initialized
1665977114,4702,state_change,BUSY,initialized
1665977114,2065,state_change,BUSY,initialized
1665977114,4360,state_change,BUSY,initialized
1665977114,1586,state_change,BUSY,initialized
1665977114,2123,state_change,AVAILABLE,initialized
1665977114,1556,state_change,BUSY,initialized
1665977114,1283,state_change,BUSY,initialized
1665977114,3434,state_change,BUSY,initialized
1665977114,2182,state_change,BUSY,initialized
1665977114,1499,state_change,BUSY,initialized
1665977114,2956,state_change,BUSY,initialized
1665977114,2118,state_change,BUSY,initialized
1665977114,2433,state_change,BUSY,initialized
1665977114,4194,state_change,BUSY,initialized
1665977114,251,state_change,BUSY,initialized
1665977114,3334,state_change,BUSY,initialized
1665977114,3483,state_change,BUSY,initialized
1665977114,4172,state_change,AVAILABLE,initialized
1665977114,2589,state_change,BUSY,initialized
1665977114,3257,state_change,BUSY,initialized
1665977114,505,state_change,BUSY,initialized
1665977114,684,state_change,BUSY,initialized
1665977114,4377,state_change,BUSY,initialized
1665977114,1894,state_change,AVAILABLE,initialized
1665977114,3015,state_change,AVAILABLE,initialized
1665977114,1043,state_change,BUSY,initialized
1665977114,429,state_change,BUSY,initialized
1665977114,1773,state_change,AVAILABLE,initialized
1665977114,3131,state_change,AVAILABLE,initialized
1665977114,2117,state_change,BUSY,initialized
1665977114,3217,state_change,BUSY,initialized
1665977114,867,state_change,BUSY,initialized
1665977114,1950,state_change,BUSY,initialized
1665977114,1512,state_change,BUSY,initialized
1665977114,3899,state_change,BUSY,initialized
1665977114,418,state_change,AVAILABLE,initialized
1665977114,1220,state_change,AVAILABLE,initialized
1665977114,2080,state_change,AVAILABLE,initialized
1665977114,319,state_change,BUSY,initialized
1665977114,99,state_change,AVAILABLE,initialized
1665977114,3413,state_change,BUSY,initialized
1665977114,2724,state_change,BUSY,initialized
1665977114,289,state_change,AVAILABLE,initialized
1665977114,3091,state_change,AVAILABLE,initialized
1665977114,2685,state_change,AVAILABLE,initialized
1665977114,149,state_change,BUSY,initialized
1665977114,2189,state_change,BUSY,initialized
1665977114,1937,state_change,BUSY,initialized
1665977114,2353,state_change,BUSY,initialized
1665977114,3034,state_change,BUSY,initialized
1665977114,2365,state_change,BUSY,initialized
1665977114,3130,state_change,AVAILABLE,initialized
1665977114,711,state_change,BUSY,initialized
1665977114,3128,state_change,BUSY,initialized
1665977114,2556,state_change,AVAILABLE,initialized
1665977114,2295,state_change,BUSY,initialized
1665977114,2563,state_change,BUSY,initialized
1665977114,2781,state_change,BUSY,initialized
1665977114,2913,state_change,BUSY,initialized
1665977114,1905,state_change,AVAILABLE,initialized
1665977114,2270,state_change,BUSY,initialized
1665977114,1728,state_change,BUSY,initialized
1665977114,2300,state_change,AVAILABLE,initialized
1665977114,3801,state_change,BUSY,initialized
1665977114,1105,state_change,AVAILABLE,initialized
1665977114,618,state_change,AVAILABLE,initialized
1665977114,690,state_change,BUSY,initialized
1665977114,63,state_change,BUSY,initialized
1665977114,2409,state_change,BUSY,initialized
1665977114,2060,state_change,BUSY,initialized
1665977114,2870,state_change,AVAILABLE,initialized
1665977114,3726,state_change,BUSY,initialized
1665977114,231,state_change,BUSY,initialized
1665977114,2407,state_change,AVAILABLE,initialized
1665977114,4030,state_change,AVAILABLE,initialized
1665977114,1657,state_change,AVAILABLE,initialized
1665977114,2288,state_change,BUSY,initialized
1665977114,1712,state_change,BUSY,initialized
1665977114,2097,state_change,BUSY,initialized
1665977114,701,state_change,BUSY,initialized
1665977114,2674,state_change,AVAILABLE,initialized
1665977114,984,state_change,AVAILABLE,initialized
1665977114,3350,state_change,BUSY,initialized
1665977114,24,state_change,BUSY,initialized
1665977114,2484,state_change,BUSY,initialized
1665977114,2309,state_change,BUSY,initialized
1665977114,503,state_change,BUSY,initialized
1665977114,78,state_change,AVAILABLE,initialized
1665977114,2959,state_change,BUSY,initialized
1665977114,859,state_change,AVAILABLE,initialized
1665977114,1611,state_change,BUSY,initialized
1665977114,385,state_change,BUSY,initialized
1665977114,1626,state_change,BUSY,initialized
1665977114,1968,state_change,BUSY,initialized
1665977114,4311,state_change,AVAILABLE,initialized
1665977114,856,state_change,BUSY,initialized
1665977114,1938,state_change,AVAILABLE,initialized
1665977114,3000,state_change,BUSY,initialized
1665977114,1332,state_change,AVAILABLE,initialized
1665977114,122,state_change,AVAILABLE,initialized
1665977114,2230,state_change,BUSY,initialized
1665977114,801,state_change,BUSY,initialized
1665977114,349,state_change,BUSY,initialized
1665977114,4430,state_change,BUSY,initialized
1665977114,2076,state_change,BUSY,initialized
1665977114,227,state_change,AVAILABLE,initialized
1665977114,64,state_change,BUSY,initialized
1665977114,1294,state_change,BUSY,initialized
1665977114,575,state_change,BUSY,initialized
1665977114,2710,state_change,BUSY,initialized
1665977114,1879,state_change,BUSY,initialized
1665977114,2813,state_change,BUSY,initialized
1665977114,2276,state_change,BUSY,initialized
1665977114,206,state_change,BUSY,initialized
1665977114,371,state_change,AVAILABLE,initialized
1665977114,1993,state_change,BUSY,initialized
1665977114,1505,state_change,BUSY,initialized
1665977114,1567,state_change,BUSY,initialized
1665977114,3725,state_change,BUSY,initialized
1665977114,929,state_change,BUSY,initialized
1665977114,1329,state_change,BUSY,initialized
1665977114,3873,state_change,BUSY,initialized
1665977114,4413,state_change,BUSY,initialized
1665977114,2082,state_change,BUSY,initialized
1665977114,496,state_change,BUSY,initialized
1665977114,2160,state_change,AVAILABLE,initialized
1665977114,2431,state_change,AVAILABLE,initialized
1665977114,1568,state_change,AVAILABLE,initialized
1665977114,2848,state_change,AVAILABLE,initialized
1665977114,2289,state_change,AVAILABLE,initialized
1665977114,1257,state_change,BUSY,initialized
1665977114,3333,state_change,BUSY,initialized
1665977114,2921,state_change,BUSY,initialized
1665977114,3620,state_change,AVAILABLE,initialized
1665977114,1186,state_change,BUSY,initialized
1665977114,1263,state_change,BUSY,initialized
1665977114,558,state_change,AVAILABLE,initialized
1665977114,2862,state_change,AVAILABLE,initialized
1665977114,1175,state_change,AVAILABLE,initialized
1665977114,2836,state_change,BUSY,initialized
1665977114,373,state_change,AVAILABLE,initialized
1665977114,1585,state_change,BUSY,initialized
1665977114,339,state_change,BUSY,initialized
1665977114,2380,state_change,BUSY,initialized
1665977114,2851,state_change,AVAILABLE,initialized
1665977114,2150,state_change,AVAILABLE,initialized
1665977114,444,state_change,BUSY,initialized
1665977114,151,state_change,AVAILABLE,initialized
1665977114,3428,state_change,AVAILABLE,initialized
1665977114,3874,state_change,AVAILABLE,initialized
1665977114,2694,state_change,BUSY,initialized
1665977114,1205,state_change,BUSY,initialized
1665977114,2303,state_change,BUSY,initialized
1665977114,747,state_change,BUSY,initialized
1665977114,804,state_change,BUSY,initialized
1665977114,1166,state_change,AVAILABLE,initialized
1665977114,369,state_change,BUSY,initialized
1665977114,364,state_change,BUSY,initialized
1665977114,851,state_change,BUSY,initialized
1665977114,3289,state_change,AVAILABLE,initialized
1665977114,3218,state_change,BUSY,initialized
1665977114,511,state_change,BUSY,initialized
1665977114,2423,state_change,AVAILABLE,initialized
1665977114,776,state_change,BUSY,initialized
1665977114,1046,state_change,BUSY,initialized
1665977114,3003,state_change,BUSY,initialized
1665977114,1926,state_change,BUSY,initialized
1665977114,1347,state_change,BUSY,initialized
1665977114,4074,state_change,BUSY,initialized
1665977114,4701,state_change,AVAILABLE,initialized
1665977114,1589,state_change,BUSY,initialized
1665977114,1732,state_change,BUSY,initialized
1665977114,3430,state_change,BUSY,initialized
1665977114,485,state_change,BUSY,initialized
1665977114,1525,state_change,BUSY,initialized
1665977114,3153,state_change,BUSY,initialized
1665977114,2266,state_change,BUSY,initialized
1665977114,2901,state_change,BUSY,initialized
1665977114,1462,state_change,BUSY,initialized
1665977114,219,state_change,BUSY,initialized
1665977114,1126,state_change,AVAILABLE,initialized
1665977114,4088,state_change,BUSY,initialized
1665977114,884,state_change,AVAILABLE,initialized
1665977114,225,state_change,BUSY,initialized
1665977114,4315,state_change,BUSY,initialized
1665977114,1552,state_change,BUSY,initialized
1665977114,3684,state_change,BUSY,initialized
1665977114,973,state_change,AVAILABLE,initialized
1665977114,825,state_change,BUSY,initialized
1665977114,3291,state_change,BUSY,initialized
1665977114,749,state_change,BUSY,initialized
1665977114,656,state_change,BUSY,initialized
1665977114,2595,state_change,BUSY,initialized
1665977114,920,state_change,AVAILABLE,initialized
1665977114,3787,state_change,BUSY,initialized
1665977114,748,state_change,AVAILABLE,initialized
1665977114,2759,state_change,BUSY,initialized
1665977114,50,state_change,BUSY,initialized
1665977114,3282,state_change,BUSY,initialized
1665977114,400,state_change,AVAILABLE,initialized
1665977114,4092,state_change,AVAILABLE,initialized
1665977114,745,state_change,BUSY,initialized
1665977114,2919,state_change,AVAILABLE,initialized
1665977114,2382,state_change,BUSY,initialized
1665977114,1481,state_change,BUSY,initialized
1665977114,1790,state_change,BUSY,initialized
1665977114,1282,state_change,AVAILABLE,initialized
1665977114,1562,state_change,BUSY,initialized
1665977114,2658,state_change,AVAILABLE,initialized
1665977114,3559,state_change,AVAILABLE,initialized
1665977114,902,state_change,BUSY,initialized
1665977114,4253,state_change,BUSY,initialized
1665977114,1988,state_change,BUSY,initialized
1665977114,1362,state_change,AVAILABLE,initialized
1665977114,2217,state_change,BUSY,initialized
1665977114,334,state_change,BUSY,initialized
1665977114,190,state_change,BUSY,initialized
1665977114,1446,state_change,BUSY,initialized
1665977114,2974,state_change,BUSY,initialized
1665977114,3294,state_change,BUSY,initialized
1665977114,1873,state_change,BUSY,initialized
1665977114,627,state_change,AVAILABLE,initialized
1665977114,4553,state_change,BUSY,initialized
1665977114,2109,state_change,BUSY,initialized
1665977114,2508,state_change,BUSY,initialized
1665977114,2233,state_change,BUSY,initialized
1665977114,119,state_change,BUSY,initialized
1665977114,1501,state_change,BUSY,initialized
1665977114,2515,state_change,BUSY,initialized
1665977114,2232,state_change,BUSY,initialized
1665977114,1597,state_change,BUSY,initialized
1665977114,2011,state_change,AVAILABLE,initialized
1665977114,4116,state_change,BUSY,initialized
1665977114,2782,state_change,BUSY,initialized
1665977114,355,state_change,BUSY,initialized
1665977114,4036,state_change,AVAILABLE,initialized
1665977114,1475,state_change,AVAILABLE,initialized
1665977114,3604,state_change,AVAILABLE,initialized
1665977114,2966,state_change,BUSY,initialized
1665977114,3626,state_change,BUSY,initialized
1665977114,284,state_change,BUSY,initialized
1665977114,405,state_change,AVAILABLE,initialized
1665977114,844,state_change,BUSY,initialized
1665977114,108,state_change,BUSY,initialized
1665977114,762,state_change,BUSY,initialized
1665977114,124,state_change,BUSY,initialized
1665977114,932,state_change,BUSY,initialized
1665977114,3099,state_change,AVAILABLE,initialized
1665977114,180,state_change,AVAILABLE,initialized
1665977114,4115,state_change,BUSY,initialized
1665977114,325,state_change,BUSY,initialized
1665977114,2041,state_change,AVAILABLE,initialized
1665977114,3758,state_change,BUSY,initialized
1665977114,117,state_change,AVAILABLE,initialized
1665977114,1997,state_change,BUSY,initialized
1665977114,2045,state_change,BUSY,initialized
1665977114,3237,state_change,AVAILABLE,initialized
1665977114,4353,state_change,AVAILABLE,initialized
1665977114,637,state_change,AVAILABLE,initialized
1665977114,2283,state_change,AVAILABLE,initialized
1665977114,2102,state_change,BUSY,initialized
1665977114,372,state_change,AVAILABLE,initialized
1665977114,1325,state_change,BUSY,initialized
1665977114,2737,state_change,BUSY,initialized
1665977114,455,state_change,BUSY,initialized
1665977114,552,state_change,AVAILABLE,initialized
1665977114,2576,state_change,BUSY,initialized
1665977114,1353,state_change,BUSY,initialized
1665977114,2730,state_change,BUSY,initialized
1665977114,130,state_change,BUSY,initialized
1665977114,286,state_change,BUSY,initialized
1665977114,1703,state_change,BUSY,initialized
1665977114,3586,state_change,BUSY,initialized
1665977114,1274,state_change,AVAILABLE,initialized
1665977114,1251,state_change,BUSY,initialized
1665977114,1470,state_change,BUSY,initialized
1665977114,1331,state_change,BUSY,initialized
1665977114,2203,state_change,BUSY,initialized
1665977114,1653,state_change,BUSY,initialized
1665977114,2090,state_change,BUSY,initialized
1665977114,528,state_change,BUSY,initialized
1665977114,3113,state_change,BUSY,initialized
1665977114,80,state_change,BUSY,initialized
1665977114,2856,state_change,AVAILABLE,initialized
1665977114,1957,state_change,AVAILABLE,initialized
1665977114,1038,state_change,BUSY,initialized
1665977114,1189,state_change,BUSY,initialized
1665977114,4014,state_change,AVAILABLE,initialized
1665977114,1089,state_change,AVAILABLE,initialized
1665977114,315,state_change,BUSY,initialized
1665977114,2139,state_change,AVAILABLE,initialized
1665977114,2666,state_change,BUSY,initialized
1665977114,3460,state_change,BUSY,initialized
1665977114,847,state_change,BUSY,initialized
1665977114,2646,state_change,BUSY,initialized
1665977114,2568,state_change,BUSY,initialized
1665977114,235,state_change,BUSY,initialized
1665977114,4782,state_change,BUSY,initialized
1665977114,586,state_change,BUSY,initialized
1665977114,2325,state_change,BUSY,initialized
1665977114,1775,state_change,AVAILABLE,initialized
1665977114,1289,state_change,BUSY,initialized
1665977114,2902,state_change,BUSY,initialized
1665977114,2022,state_change,BUSY,initialized
1665977114,3933,state_change,AVAILABLE,initialized
1665977114,2961,state_change,BUSY,initialized
1665977114,566,state_change,AVAILABLE,initialized
1665977114,1838,state_change,AVAILABLE,initialized
1665977114,1030,state_change,BUSY,initialized
1665977114,2761,state_change,AVAILABLE,initialized
1665977114,3777,state_change,BUSY,initialized
1665977114,2513,state_change,AVAILABLE,initialized
1665977114,3595,state_change,BUSY,initialized
1665977114,2110,state_change,BUSY,initialized
1665977114,2219,state_change,AVAILABLE,initialized
1665977114,525,state_change,BUSY,initialized
1665977114,2055,state_change,BUSY,initialized
1665977114,2332,state_change,BUSY,initialized
1665977114,572,state_change,AVAILABLE,initialized
1665977114,1865,state_change,AVAILABLE,initialized
1665977114,591,state_change,AVAILABLE,initialized
1665977114,2894,state_change,BUSY,initialized
1665977114,4024,state_change,AVAILABLE,initialized
1665977114,3548,state_change,AVAILABLE,initialized
1665977114,69,state_change,BUSY,initialized
1665977114,2359,state_change,BUSY,initialized
1665977114,3266,state_change,AVAILABLE,initialized
1665977114,3242,state_change,BUSY,initialized
1665977114,1138,state_change,AVAILABLE,initialized
1665977114,463,state_change,BUSY,initialized
1665977114,3835,state_change,AVAILABLE,initialized
1665977114,4087,state_change,AVAILABLE,initialized
1665977114,383,state_change,BUSY,initialized
1665977114,1027,state_change,AVAILABLE,initialized
1665977114,3141,state_change,BUSY,initialized
1665977114,822,state_change,BUSY,initialized
1665977114,121,state_change,BUSY,initialized
1665977114,672,state_change,BUSY,initialized
1665977114,3337,state_change,AVAILABLE,initialized
1665977114,1122,state_change,BUSY,initialized
1665977114,4205,state_change,BUSY,initialized
1665977114,172,state_change,AVAILABLE,initialized
1665977114,221,state_change,AVAILABLE,initialized
1665977114,2488,state_change,BUSY,initialized
1665977114,969,state_change,AVAILABLE,initialized
1665977114,1803,state_change,BUSY,initialized
1665977114,889,state_change,BUSY,initialized
1665977114,3508,state_change,AVAILABLE,initialized
1665977114,4137,state_change,BUSY,initialized
1665977114,2178,state_change,AVAILABLE,initialized
1665977114,3754,state_change,AVAILABLE,initialized
1665977114,56,state_change,BUSY,initialized
1665977114,963,state_change,AVAILABLE,initialized
1665977114,3433,state_change,BUSY,initialized
1665977114,2842,state_change,AVAILABLE,initialized
1665977114,2841,state_change,AVAILABLE,initialized
1665977114,20,state_change,BUSY,initialized
1665977114,662,state_change,BUSY,initialized
1665977114,3185,state_change,BUSY,initialized
1665977114,109,state_change,BUSY,initialized
1665977114,2195,state_change,BUSY,initialized
1665977114,3745,state_change,AVAILABLE,initialized
1665977114,2770,state_change,AVAILABLE,initialized
1665977114,919,state_change,BUSY,initialized
1665977114,951,state_change,BUSY,initialized
1665977114,546,state_change,AVAILABLE,initialized
1665977114,2426,state_change,BUSY,initialized
1665977114,438,state_change,BUSY,initialized
1665977114,2447,state_change,BUSY,initialized
1665977114,475,state_change,AVAILABLE,initialized
1665977114,3122,state_change,BUSY,initialized
1665977114,3265,state_change,AVAILABLE,initialized
1665977114,1160,state_change,AVAILABLE,initialized
1665977114,2890,state_change,BUSY,initialized
1665977114,395,state_change,BUSY,initialized
1665977114,7,state_change,AVAILABLE,initialized
1665977114,3241,state_change,BUSY,initialized
1665977114,1478,state_change,BUSY,initialized
1665977114,1091,state_change,BUSY,initialized
1665977114,4539,state_change,AVAILABLE,initialized
1665977114,1536,state_change,BUSY,initialized
1665977114,2987,state_change,BUSY,initialized
1665977114,3005,state_change,AVAILABLE,initialized
1665977114,212,state_change,BUSY,initialized
1665977114,3915,state_change,BUSY,initialized
1665977114,36,state_change,BUSY,initialized
1665977114,1646,state_change,BUSY,initialized
1665977114,1579,state_change,AVAILABLE,initialized
1665977114,404,state_change,BUSY,initialized
1665977114,389,state_change,BUSY,initialized
1665977114,1372,state_change,BUSY,initialized
1665977114,2338,state_change,BUSY,initialized
1665977114,3513,state_change,BUSY,initialized
1665977114,2385,state_change,BUSY,initialized
1665977114,3012,state_change,AVAILABLE,initialized
1665977114,3793,state_change,AVAILABLE,initialized
1665977114,3189,state_change,BUSY,initialized
1665977114,474,state_change,AVAILABLE,initialized
1665977114,3911,state_change,AVAILABLE,initialized
1665977114,195,state_change,BUSY,initialized
1665977114,2779,state_change,BUSY,initialized
1665977114,258,state_change,BUSY,initialized
1665977114,3921,state_change,BUSY,initialized
1665977114,2984,state_change,AVAILABLE,initialized
1665977114,2374,state_change,AVAILABLE,initialized
1665977114,2634,state_change,BUSY,initialized
1665977114,964,state_change,BUSY,initialized
1665977114,2469,state_change,BUSY,initialized
1665977114,519,state_change,AVAILABLE,initialized
1665977114,356,state_change,AVAILABLE,initialized
1665977114,4329,state_change,AVAILABLE,initialized
1665977114,1015,state_change,BUSY,initialized
1665977114,3181,state_change,AVAILABLE,initialized
1665977114,1964,state_change,AVAILABLE,initialized
1665977114,1102,state_change,BUSY,initialized
1665977114,2492,state_change,BUSY,initialized
1665977114,731,state_change,BUSY,initialized
1665977114,3235,state_change,BUSY,initialized
1665977114,675,state_change,BUSY,initialized
1665977114,4411,state_change,BUSY,initialized
1665977114,4369,state_change,BUSY,initialized
1665977114,2122,state_change,BUSY,initialized
1665977114,3111,state_change,AVAILABLE,initialized
1665977114,2077,state_change,BUSY,initialized
1665977114,2059,state_change,AVAILABLE,initialized
1665977114,3751,state_change,BUSY,initialized
1665977114,249,state_change,AVAILABLE,initialized
1665977114,412,state_change,AVAILABLE,initialized
1665977114,1664,state_change,AVAILABLE,initialized
1665977114,1060,state_change,BUSY,initialized
1665977114,1658,state_change,AVAILABLE,initialized
1665977114,1445,state_change,AVAILABLE,initialized
1665977114,288,state_change,BUSY,initialized
1665977114,2498,state_change,AVAILABLE,initialized
1665977114,2931,state_change,AVAILABLE,initialized
1665977114,2597,state_change,BUSY,initialized
1665977114,1184,state_change,BUSY,initialized
1665977114,647,state_change,BUSY,initialized
1665977114,2044,state_change,BUSY,initialized
1665977114,828,state_change,BUSY,initialized
1665977114,1083,state_change,BUSY,initialized
1665977114,3107,state_change,BUSY,initialized
1665977114,104,state_change,BUSY,initialized
1665977114,2677,state_change,BUSY,initialized
1665977114,4753,state_change,AVAILABLE,initialized
1665977114,3757,state_change,BUSY,initialized
1665977114,3381,state_change,BUSY,initialized
1665977114,3278,state_change,BUSY,initialized
1665977114,1214,state_change,AVAILABLE,initialized
1665977114,3967,state_change,BUSY,initialized
1665977114,2529,state_change,BUSY,initialized
1665977114,1076,state_change,AVAILABLE,initialized
1665977114,3589,state_change,BUSY,initialized
1665977114,1574,state_change,AVAILABLE,initialized
1665977114,3822,state_change,BUSY,initialized
1665977114,1718,state_change,BUSY,initialized
1665977114,2854,state_change,BUSY,initialized
1665977114,606,state_change,BUSY,initialized
1665977114,3646,state_change,BUSY,initialized
1665977114,1599,state_change,AVAILABLE,initialized
1665977114,1560,state_change,BUSY,initialized
1665977114,2108,state_change,BUSY,initialized
1665977114,2319,state_change,BUSY,initialized
1665977114,815,state_change,BUSY,initialized
1665977114,1920,state_change,AVAILABLE,initialized
1665977114,3402,state_change,BUSY,initialized
1665977114,1547,state_change,BUSY,initialized
1665977114,1869,state_change,AVAILABLE,initialized
1665977114,2534,state_change,AVAILABLE,initialized
1665977114,1202,state_change,BUSY,initialized
1665977114,3048,state_change,BUSY,initialized
1665977114,1999,state_change,AVAILABLE,initialized
1665977114,1385,state_change,AVAILABLE,initialized
1665977114,168,state_change,BUSY,initialized
1665977114,3057,state_change,BUSY,initialized
1665977114,1540,state_change,BUSY,initialized
1665977114,2679,state_change,BUSY,initialized
1665977114,3127,state_change,AVAILABLE,initialized
1665977114,1628,state_change,AVAILABLE,initialized
1665977114,2278,state_change,BUSY,initialized
1665977114,562,state_change,BUSY,initialized
1665977114,135,state_change,BUSY,initialized
1665977114,865,state_change,AVAILABLE,initialized
1665977114,448,state_change,BUSY,initialized
1665977114,4641,state_change,BUSY,initialized
1665977114,609,state_change,BUSY,initialized
1665977114,542,state_change,BUSY,initialized
1665977114,3876,state_change,BUSY,initialized
1665977114,1765,state_change,BUSY,initialized
1665977114,2918,state_change,BUSY,initialized
1665977114,22,state_change,BUSY,initialized
1665977114,1008,state_change,BUSY,initialized
1665977114,1404,state_change,BUSY,initialized
1665977114,4217,state_change,BUSY,initialized
1665977114,2815,state_change,BUSY,initialized
1665977114,2717,state_change,BUSY,initialized
1665977114,4009,state_change,BUSY,initialized
1665977114,4003,state_change,AVAILABLE,initialized
1665977114,4624,state_change,AVAILABLE,initialized
1665977114,1360,state_change,BUSY,initialized
1665977114,2463,state_change,AVAILABLE,initialized
1665977114,1699,state_change,BUSY,initialized
1665977114,1610,state_change,BUSY,initialized
1665977114,1771,state_change,AVAILABLE,initialized
1665977114,2047,state_change,BUSY,initialized
1665977114,842,state_change,BUSY,initialized
1665977114,2253,state_change,BUSY,initialized
1665977114,66,state_change,BUSY,initialized
1665977114,2869,state_change,BUSY,initialized
1665977114,4200,state_change,BUSY,initialized
1665977114,2299,state_change,BUSY,initialized
1665977114,2211,state_change,BUSY,initialized
1665977114,858,state_change,BUSY,initialized
1665977114,2342,state_change,AVAILABLE,initialized
1665977114,2202,state_change,BUSY,initialized
1665977114,3807,state_change,BUSY,initialized
1665977114,141,state_change,BUSY,initialized
1665977114,1891,state_change,BUSY,initialized
1665977114,337,state_change,AVAILABLE,initialized
1665977114,666,state_change,AVAILABLE,initialized
1665977114,4318,state_change,BUSY,initialized
1665977114,3941,state_change,BUSY,initialized
1665977114,1109,state_change,BUSY,initialized
1665977114,599,state_change,AVAILABLE,initialized
1665977114,35,state_change,BUSY,initialized
1665977114,3229,state_change,BUSY,initialized
1665977114,1311,state_change,BUSY,initialized
1665977114,779,state_change,BUSY,initialized
1665977114,2042,state_change,BUSY,initialized
1665977114,1693,state_change,AVAILABLE,initialized
1665977114,1594,state_change,BUSY,initialized
1665977114,886,state_change,BUSY,initialized
1665977114,1592,state_change,BUSY,initialized
1665977114,2050,state_change,BUSY,initialized
1665977114,207,state_change,AVAILABLE,initialized
1665977114,442,state_change,AVAILABLE,initialized
1665977114,2073,state_change,AVAILABLE,initialized
1665977114,3670,state_change,AVAILABLE,initialized
1665977114,2187,state_change,BUSY,initialized
1665977114,2963,state_change,BUSY,initialized
1665977114,3009,state_change,AVAILABLE,initialized
1665977114,1009,state_change,BUSY,initialized
1665977114,1533,state_change,BUSY,initialized
1665977114,205,state_change,BUSY,initialized
1665977114,1299,state_change,BUSY,initialized
1665977114,143,state_change,AVAILABLE,initialized
1665977114,159,state_change,AVAILABLE,initialized
1665977114,640,state_change,AVAILABLE,initialized
1665977114,4426,state_change,AVAILABLE,initialized
1665977114,2250,state_change,BUSY,initialized
1665977114,513,state_change,AVAILABLE,initialized
1665977114,1382,state_change,AVAILABLE,initialized
1665977114,1087,state_change,BUSY,initialized
1665977114,520,state_change,BUSY,initialized
1665977114,3774,state_change,AVAILABLE,initialized
1665977114,1603,state_change,BUSY,initialized
1665977114,473,state_change,AVAILABLE,initialized
1665977114,2261,state_change,BUSY,initialized
1665977114,1449,state_change,AVAILABLE,initialized
1665977114,3117,state_change,BUSY,initialized
1665977114,215,state_change,BUSY,initialized
1665977114,1003,state_change,BUSY,initialized
1665977114,2990,state_change,AVAILABLE,initialized
1665977114,2119,state_change,BUSY,initialized
1665977114,2005,state_change,AVAILABLE,initialized
1665977114,171,state_change,AVAILABLE,initialized
1665977114,2835,state_change,AVAILABLE,initialized
1665977114,1561,state_change,BUSY,initialized
1665977114,391,state_change,BUSY,initialized
1665977114,2146,state_change,BUSY,initialized
1665977114,2583,state_change,BUSY,initialized
1665977114,3628,state_change,AVAILABLE,initialized
1665977114,1967,state_change,BUSY,initialized
1665977114,967,state_change,AVAILABLE,initialized
1665977114,4833,state_change,AVAILABLE,initialized
1665977114,1339,state_change,BUSY,initialized
1665977114,1784,state_change,AVAILABLE,initialized
1665977114,3026,state_change,AVAILABLE,initialized
1665977114,1839,state_change,BUSY,initialized
1665977114,2373,state_change,BUSY,initialized
1665977114,1452,state_change,BUSY,initialized
1665977114,234,state_change,BUSY,initialized
1665977114,3198,state_change,AVAILABLE,initialized
1665977114,2403,state_change,BUSY,initialized
1665977114,3647,state_change,AVAILABLE,initialized
1665977114,3044,state_change,BUSY,initialized
1665977114,2824,state_change,BUSY,initialized
1665977114,318,state_change,BUSY,initialized
1665977114,2092,state_change,BUSY,initialized
1665977114,2043,state_change,BUSY,initialized
1665977114,3435,state_change,BUSY,initialized
1665977114,2898,state_change,AVAILABLE,initialized
1665977114,1543,state_change,BUSY,initialized
1665977114,3,state_change,AVAILABLE,initialized
1665977114,2429,state_change,BUSY,initialized
1665977114,1958,state_change,BUSY,initialized
1665977114,4148,state_change,BUSY,initialized
1665977114,1459,state_change,BUSY,initialized
1665977114,2243,state_change,AVAILABLE,initialized
1665977114,1744,state_change,AVAILABLE,initialized
1665977114,1685,state_change,AVAILABLE,initialized
1665977114,1389,state_change,BUSY,initialized
1665977114,313,state_change,AVAILABLE,initialized
1665977114,2965,state_change,BUSY,initialized
1665977114,2018,state_change,AVAILABLE,initialized
1665977114,4244,state_change,BUSY,initialized
1665977114,2744,state_change,AVAILABLE,initialized
1665977114,2411,state_change,AVAILABLE,initialized
1665977114,154,state_change,BUSY,initialized
1665977114,2027,state_change,BUSY,initialized
1665977114,4465,state_change,AVAILABLE,initialized
1665977114,965,state_change,BUSY,initialized
1665977114,2470,state_change,BUSY,initialized
1665977114,4451,state_change,BUSY,initialized
1665977114,1193,state_change,BUSY,initialized
1665977114,2973,state_change,BUSY,initialized
1665977114,2972,state_change,AVAILABLE,initialized
1665977114,953,state_change,BUSY,initialized
1665977114,2978,state_change,BUSY,initialized
1665977114,199,state_change,BUSY,initialized
1665977114,2740,state_change,BUSY,initialized
1665977114,1940,state_change,BUSY,initialized
1665977114,2177,state_change,AVAILABLE,initialized
1665977114,398,state_change,BUSY,initialized
1665977114,878,state_change,BUSY,initialized
1665977114,504,state_change,BUSY,initialized
1665977114,1444,state_change,AVAILABLE,initialized
1665977114,3454,state_change,AVAILABLE,initialized
1665977114,3370,state_change,BUSY,initialized
1665977114,274,state_change,BUSY,initialized
1665977114,4099,state_change,AVAILABLE,initialized
1665977114,2773,state_change,BUSY,initialized
1665977114,281,state_change,BUSY,initialized
1665977114,492,state_change,BUSY,initialized
1665977114,2101,state_change,BUSY,initialized
1665977114,1149,state_change,BUSY,initialized
1665977114,2313,state_change,BUSY,initialized
1665977114,3032,state_change,BUSY,initialized
1665977114,1549,state_change,BUSY,initialized
1665977114,3219,state_change,BUSY,initialized
1665977114,4418,state_change,BUSY,initialized
1665977114,2783,state_change,BUSY,initialized
1665977114,3273,state_change,AVAILABLE,initialized
1665977114,1754,state_change,BUSY,initialized
1665977114,3395,state_change,BUSY,initialized
1665977114,139,state_change,BUSY,initialized
1665977114,2362,state_change,BUSY,initialized
1665977114,3040,state_change,BUSY,initialized
1665977114,876,state_change,AVAILABLE,initialized
1665977114,1502,state_change,BUSY,initialized
1665977114,2611,state_change,BUSY,initialized
1665977114,1351,state_change,BUSY,initialized
1665977114,2549,state_change,BUSY,initialized
1665977114,2684,state_change,BUSY,initialized
1665977114,4379,state_change,AVAILABLE,initialized
1665977114,262,state_change,BUSY,initialized
1665977114,306,state_change,AVAILABLE,initialized
1665977114,1422,state_change,BUSY,initialized
1665977114,489,state_change,BUSY,initialized
1665977114,1064,state_change,BUSY,initialized
1665977114,397,state_change,BUSY,initialized
1665977114,3558,state_change,AVAILABLE,initialized
1665977114,3090,state_change,AVAILABLE,initialized
1665977114,2121,state_change,BUSY,initialized
1665977114,2629,state_change,BUSY,initialized
1665977114,2739,state_change,AVAILABLE,initialized
1665977114,943,state_change,BUSY,initialized
1665977114,2459,state_change,AVAILABLE,initialized
1665977114,3175,state_change,AVAILABLE,initialized
1665977114,1671,state_change,BUSY,initialized
1665977114,3114,state_change,AVAILABLE,initialized
1665977114,3480,state_change,BUSY,initialized
1665977114,2504,state_change,BUSY,initialized
1665977114,3151,state_change,BUSY,initialized
1665977114,292,state_change,BUSY,initialized
1665977114,1106,state_change,BUSY,initialized
1665977114,1203,state_change,BUSY,initialized
1665977114,96,state_change,BUSY,initialized
1665977114,3530,state_change,BUSY,initialized
1665977114,3923,state_change,BUSY,initialized
1665977114,3727,state_change,BUSY,initialized
1665977114,2457,state_change,BUSY,initialized
1665977114,1218,state_change,BUSY,initialized
1665977114,751,state_change,BUSY,initialized
1665977114,1500,state_change,BUSY,initialized
1665977114,3397,state_change,BUSY,initialized
1665977114,3144,state_change,BUSY,initialized
1665977114,631,state_change,AVAILABLE,initialized
1665977114,4276,state_change,AVAILABLE,initialized
1665977114,2400,state_change,BUSY,initialized
1665977114,1063,state_change,AVAILABLE,initialized
1665977114,230,state_change,BUSY,initialized
1665977114,3925,state_change,AVAILABLE,initialized
1665977114,1179,state_change,AVAILABLE,initialized
1665977114,4707,state_change,AVAILABLE,initialized
1665977114,589,state_change,BUSY,initialized
1665977114,2662,state_change,BUSY,initialized
1665977114,798,state_change,BUSY,initialized
1665977114,2186,state_change,BUSY,initialized
1665977114,2358,state_change,BUSY,initialized
1665977114,4375,state_change,AVAILABLE,initialized
1665977114,2128,state_change,BUSY,initialized
1665977114,1117,state_change,AVAILABLE,initialized
1665977114,3028,state_change,BUSY,initialized
1665977114,3215,state_change,BUSY,initialized
1665977114,3438,state_change,BUSY,initialized
1665977114,1810,state_change,AVAILABLE,initialized
1665977114,1828,state_change,BUSY,initialized
1665977114,1707,state_change,BUSY,initialized
1665977114,1361,state_change,BUSY,initialized
1665977114,3295,state_change,BUSY,initialized
1665977114,1827,state_change,BUSY,initialized
1665977114,1616,state_change,AVAILABLE,initialized
1665977114,3930,state_change,AVAILABLE,initialized
1665977114,2592,state_change,BUSY,initialized
1665977114,3355,state_change,BUSY,initialized
1665977114,863,state_change,BUSY,initialized
1665977114,273,state_change,AVAILABLE,initialized
1665977114,2546,state_change,BUSY,initialized
1665977114,4495,state_change,AVAILABLE,initialized
1665977114,2691,state_change,BUSY,initialized
1665977114,596,state_change,BUSY,initialized
1665977114,4187,state_change,AVAILABLE,initialized
1665977114,835,state_change,AVAILABLE,initialized
1665977114,1708,state_change,AVAILABLE,initialized
1665977114,1231,state_change,AVAILABLE,initialized
1665977114,1143,state_change,BUSY,initialized
1665977114,2113,state_change,AVAILABLE,initialized
1665977114,3904,state_change,BUSY,initialized
1665977114,196,state_change,AVAILABLE,initialized
1665977114,1895,state_change,BUSY,initialized
1665977114,3881,state_change,AVAILABLE,initialized
1665977114,228,state_change,BUSY,initialized
1665977114,1070,state_change,AVAILABLE,initialized
1665977114,3658,state_change,BUSY,initialized
1665977114,41,state_change,BUSY,initialized
1665977114,1119,state_change,AVAILABLE,initialized
1665977114,2330,state_change,AVAILABLE,initialized
1665977114,4647,state_change,BUSY,initialized
1665977114,2827,state_change,BUSY,initialized
1665977114,2793,state_change,BUSY,initialized
1665977114,2269,state_change,AVAILABLE,initialized
1665977114,484,state_change,BUSY,initialized
1665977114,2191,state_change,BUSY,initialized
1665977114,2514,state_change,BUSY,initialized
1665977114,3346,state_change,BUSY,initialized
1665977114,2727,state_change,BUSY,initialized
1665977114,515,state_change,BUSY,initialized
1665977114,1134,state_change,BUSY,initialized
1665977114,447,state_change,BUSY,initialized
1665977114,2850,state_change,BUSY,initialized
1665977114,2774,state_change,AVAILABLE,initialized
1665977114,1476,state_change,BUSY,initialized
1665977114,763,state_change,AVAILABLE,initialized
1665977114,3768,state_change,BUSY,initialized
1665977114,1962,state_change,BUSY,initialized
1665977114,2399,state_change,AVAILABLE,initialized
1665977114,2506,state_change,AVAILABLE,initialized
1665977114,783,state_change,AVAILABLE,initialized
1665977114,1337,state_change,BUSY,initialized
1665977114,1247,state_change,BUSY,initialized
1665977114,393,state_change,BUSY,initialized
1665977114,833,state_change,BUSY,initialized
1665977114,347,state_change,BUSY,initialized
1665977114,988,state_change,BUSY,initialized
1665977114,2947,state_change,BUSY,initialized
1665977114,1111,state_change,AVAILABLE,initialized
1665977114,757,state_change,BUSY,initialized
1665977114,1682,state_change,BUSY,initialized
1665977114,2144,state_change,AVAILABLE,initialized
1665977114,2132,state_change,AVAILABLE,initialized
1665977114,4294,state_change,AVAILABLE,initialized
1665977114,1368,state_change,BUSY,initialized
1665977114,2046,state_change,AVAILABLE,initialized
1665977114,2222,state_change,BUSY,initialized
1665977114,1081,state_change,BUSY,initialized
1665977114,2032,state_change,BUSY,initialized
1665977114,961,state_change,BUSY,initialized
1665977114,3156,state_change,BUSY,initialized
1665977114,1412,state_change,AVAILABLE,initialized
1665977114,3520,state_change,AVAILABLE,initialized
1665977114,1680,state_change,BUSY,initialized
1665977114,2247,state_change,BUSY,initialized
1665977114,4012,state_change,BUSY,initialized
1665977114,305,state_change,BUSY,initialized
1665977114,3271,state_change,AVAILABLE,initialized
1665977114,551,state_change,BUSY,initialized
1665977114,4308,state_change,AVAILABLE,initialized
1665977114,1862,state_change,AVAILABLE,initialized
1665977114,15,state_change,BUSY,initialized
1665977114,1316,state_change,BUSY,initialized
1665977114,4393,state_change,BUSY,initialized
1665977114,1201,state_change,BUSY,initialized
1665977114,2297,state_change,BUSY,initialized
1665977114,922,state_change,AVAILABLE,initialized
1665977114,2002,state_change,BUSY,initialized
1665977114,3369,state_change,AVAILABLE,initialized
1665977114,2280,state_change,AVAILABLE,initialized
1665977114,2472,state_change,AVAILABLE,initialized
1665977114,376,state_change,BUSY,initialized
1665977114,549,state_change,BUSY,initialized
1665977114,1945,state_change,BUSY,initialized
1665977114,4154,state_change,AVAILABLE,initialized
1665977114,3342,state_change,AVAILABLE,initialized
1665977114,2820,state_change,BUSY,initialized
1665977114,3432,state_change,BUSY,initialized
1665977114,1720,state_change,BUSY,initialized
1665977114,2688,state_change,BUSY,initialized
1665977114,2371,state_change,BUSY,initialized
1665977114,148,state_change,AVAILABLE,initialized
1665977114,1584,state_change,BUSY,initialized
1665977114,68,state_change,BUSY,initialized
1665977114,263,state_change,AVAILABLE,initialized
1665977114,2220,state_change,BUSY,initialized
1665977114,3829,state_change,AVAILABLE,initialized
1665977114,3391,state_change,AVAILABLE,initialized
1665977114,1455,state_change,AVAILABLE,initialized
1665977114,3527,state_change,BUSY,initialized
1665977114,2971,state_change,BUSY,initialized
1665977114,74,state_change,BUSY,initialized
1665977114,3267,state_change,AVAILABLE,initialized
1665977114,1442,state_change,BUSY,initialized
1665977114,1044,state_change,BUSY,initialized
1665977114,413,state_change,AVAILABLE,initialized
1665977114,3345,state_change,BUSY,initialized
1665977114,1342,state_change,AVAILABLE,initialized
1665977114,3692,state_change,BUSY,initialized
1665977114,1355,state_change,BUSY,initialized
1665977114,2361,state_change,BUSY,initialized
1665977114,3039,state_change,BUSY,initialized
1665977114,1115,state_change,BUSY,initialized
1665977114,4034,state_change,AVAILABLE,initialized
1665977114,1960,state_change,AVAILABLE,initialized
1665977114,729,state_change,BUSY,initialized
1665977114,3176,state_change,BUSY,initialized
1665977114,322,state_change,BUSY,initialized
1665977114,3567,state_change,AVAILABLE,initialized
1665977114,927,state_change,AVAILABLE,initialized
1665977114,409,state_change,AVAILABLE,initialized
1665977114,285,state_change,BUSY,initialized
1665977114,852,state_change,BUSY,initialized
1665977114,1880,state_change,AVAILABLE,initialized
1665977114,254,state_change,BUSY,initialized
1665977114,1582,state_change,BUSY,initialized
1665977114,866,state_change,BUSY,initialized
1665977114,715,state_change,AVAILABLE,initialized
1665977114,1542,state_change,BUSY,initialized
1665977114,4258,state_change,AVAILABLE,initialized
1665977114,2667,state_change,AVAILABLE,initialized
1665977114,1890,state_change,BUSY,initialized
1665977114,2306,state_change,BUSY,initialized
1665977114,553,state_change,AVAILABLE,initialized
1665977114,781,state_change,BUSY,initialized
1665977114,2263,state_change,AVAILABLE,initialized
1665977114,516,state_change,BUSY,initialized
1665977114,1280,state_change,BUSY,initialized
1665977114,1913,state_change,BUSY,initialized
1665977114,758,state_change,AVAILABLE,initialized
1665977114,2388,state_change,AVAILABLE,initialized
1665977114,2051,state_change,BUSY,initialized
1665977114,2957,state_change,BUSY,initialized
1665977114,275,state_change,BUSY,initialized
1665977114,3115,state_change,BUSY,initialized
1665977114,3524,state_change,BUSY,initialized
1665977114,2184,state_change,AVAILABLE,initialized
1665977114,77,state_change,BUSY,initialized
1665977114,240,state_change,AVAILABLE,initialized
1665977114,2129,state_change,AVAILABLE,initialized
1665977114,3004,state_change,AVAILABLE,initialized
1665977114,434,state_change,BUSY,initialized
1665977114,537,state_change,AVAILABLE,initialized
1665977114,189,state_change,BUSY,initialized
1665977114,1256,state_change,BUSY,initialized
1665977114,1069,state_change,BUSY,initialized
1665977114,1131,state_change,AVAILABLE,initialized
1665977114,3857,state_change,AVAILABLE,initialized
1665977114,873,state_change,BUSY,initialized
1665977114,2095,state_change,BUSY,initialized
1665977114,478,state_change,BUSY,initialized
1665977114,620,state_change,AVAILABLE,initialized
1665977114,3360,state_change,AVAILABLE,initialized
1665977114,1955,state_change,BUSY,initialized
1665977114,555,state_change,BUSY,initialized
1665977114,2791,state_change,BUSY,initialized
1665977114,2753,state_change,AVAILABLE,initialized
1665977114,4817,state_change,AVAILABLE,initialized
1665977114,3246,state_change,AVAILABLE,initialized
1665977114,3317,state_change,BUSY,initialized
1665977114,2751,state_change,AVAILABLE,initialized
1665977114,1783,state_change,BUSY,initialized
1665977114,2701,state_change,BUSY,initialized
1665977114,1317,state_change,BUSY,initialized
1665977114,3239,state_change,BUSY,initialized
1665977114,1936,state_change,AVAILABLE,initialized
1665977114,2241,state_change,BUSY,initialized
1665977114,3854,state_change,BUSY,initialized
1665977114,3872,state_change,AVAILABLE,initialized
1665977114,4254,state_change,BUSY,initialized
1665977114,3535,state_change,AVAILABLE,initialized
1665977114,3293,state_change,BUSY,initialized
1665977114,4454,state_change,BUSY,initialized
1665977114,2738,state_change,AVAILABLE,initialized
1665977114,3270,state_change,BUSY,initialized
1665977114,1514,state_change,BUSY,initialized
1665977114,1970,state_change,AVAILABLE,initialized
1665977114,660,state_change,BUSY,initialized
1665977114,680,state_change,AVAILABLE,initialized
1665977114,786,state_change,AVAILABLE,initialized
1665977114,1249,state_change,BUSY,initialized
1665977114,2614,state_change,BUSY,initialized
1665977114,1546,state_change,AVAILABLE,initialized
1665977114,2133,state_change,BUSY,initialized
1665977114,3178,state_change,AVAILABLE,initialized
1665977114,1020,state_change,BUSY,initialized
1665977114,1328,state_change,BUSY,initialized
1665977114,1884,state_change,AVAILABLE,initialized
1665977114,1493,state_change,BUSY,initialized
1665977114,742,state_change,BUSY,initialized
1665977114,3717,state_change,BUSY,initialized
1665977114,2846,state_change,BUSY,initialized
1665977114,1605,state_change,BUSY,initialized
1665977114,1941,state_change,BUSY,initialized
1665977114,4103,state_change,BUSY,initialized
1665977114,1690,state_change,AVAILABLE,initialized
1665977114,2982,state_change,BUSY,initialized
1665977114,1348,state_change,BUSY,initialized
1665977114,3842,state_change,BUSY,initialized
1665977114,1510,state_change,BUSY,initialized
1665977114,1747,state_change,BUSY,initialized
1665977114,2227,state_change,BUSY,initialized
1665977114,1649,state_change,BUSY,initialized
1665977114,2452,state_change,BUSY,initialized
1665977114,2915,state_change,BUSY,initialized
1665977114,2322,state_change,BUSY,initialized
1665977114,563,state_change,BUSY,initialized
1665977114,1623,state_change,BUSY,initialized
1665977114,259,state_change,BUSY,initialized
1665977114,2743,state_change,AVAILABLE,initialized
1665977114,4635,state_change,AVAILABLE,initialized
1665977114,2600,state_change,BUSY,initialized
1665977114,272,state_change,BUSY,initialized
1665977114,1634,state_change,BUSY,initialized
1665977114,2149,state_change,AVAILABLE,initialized
1665977114,52,state_change,AVAILABLE,initialized
1665977114,4071,state_change,BUSY,initialized
1665977114,1383,state_change,BUSY,initialized
1665977114,2428,state_change,AVAILABLE,initialized
1665977114,937,state_change,BUSY,initialized
1665977114,1233,state_change,BUSY,initialized
1665977114,1998,state_change,BUSY,initialized
1665977114,3436,state_change,BUSY,initialized
1665977114,2715,state_change,AVAILABLE,initialized
1665977114,1918,state_change,BUSY,initialized
1665977114,1724,state_change,AVAILABLE,initialized
1665977114,26,state_change,BUSY,initialized
1665977114,3427,state_change,BUSY,initialized
1665977114,2072,state_change,AVAILABLE,initialized
1665977114,1928,state_change,BUSY,initialized
1665977114,3104,state_change,BUSY,initialized
1665977114,1019,state_change,BUSY,initialized
1665977114,3449,state_change,BUSY,initialized
1665977114,2844,state_change,AVAILABLE,initialized
1665977114,836,state_change,BUSY,initialized
1665977114,4072,state_change,BUSY,initialized
1665977114,3764,state_change,BUSY,initialized
1665977114,1185,state_change,BUSY,initialized
1665977114,1396,state_change,BUSY,initialized
1665977114,2367,state_change,AVAILABLE,initialized
1665977114,540,state_change,BUSY,initialized
1665977114,156,state_change,BUSY,initialized
1665977114,1084,state_change,BUSY,initialized
1665977114,3591,state_change,BUSY,initialized
1665977114,2115,state_change,BUSY,initialized
1665977114,888,state_change,AVAILABLE,initialized
1665977114,695,state_change,AVAILABLE,initialized
1665977114,1726,state_change,AVAILABLE,initialized
1665977114,1261,state_change,BUSY,initialized
1665977114,698,state_change,BUSY,initialized
1665977114,1336,state_change,BUSY,initialized
1665977114,3274,state_change,AVAILABLE,initialized
1665977114,2415,state_change,AVAILABLE,initialized
1665977114,2985,state_change,AVAILABLE,initialized
1665977114,1414,state_change,AVAILABLE,initialized
1665977114,4096,state_change,BUSY,initialized
1665977114,2079,state_change,BUSY,initialized
1665977114,4076,state_change,BUSY,initialized
1665977114,3150,state_change,BUSY,initialized
1665977114,1736,state_change,BUSY,initialized
1665977114,1153,state_change,AVAILABLE,initialized
1665977114,1866,state_change,AVAILABLE,initialized
1665977114,3247,state_change,BUSY,initialized
1665977114,1154,state_change,BUSY,initialized
1665977114,4178,state_change,BUSY,initialized
1665977114,1366,state_change,BUSY,initialized
1665977114,3976,state_change,AVAILABLE,initialized
1665977114,4634,state_change,BUSY,initialized
1665977114,1209,state_change,BUSY,initialized
1665977114,3561,state_change,AVAILABLE,initialized
1665977114,1190,state_change,BUSY,initialized
1665977114,2932,state_change,BUSY,initialized
1665977114,1965,state_change,AVAILABLE,initialized
1665977114,1448,state_change,AVAILABLE,initialized
1665977114,2441,state_change,AVAILABLE,initialized
1665977114,581,state_change,BUSY,initialized
1665977114,728,state_change,BUSY,initialized
1665977114,1737,state_change,AVAILABLE,initialized
1665977114,2517,state_change,BUSY,initialized
1665977114,430,state_change,BUSY,initialized
1665977114,1259,state_change,BUSY,initialized
1665977114,260,state_change,BUSY,initialized
1665977114,4038,state_change,BUSY,initialized
1665977114,2814,state_change,BUSY,initialized
1665977114,3001,state_change,AVAILABLE,initialized
1665977114,2466,state_change,BUSY,initialized
1665977114,2034,state_change,BUSY,initialized
1665977114,2593,state_change,BUSY,initialized
1665977114,1729,state_change,BUSY,initialized
1665977114,3045,state_change,BUSY,initialized
1665977114,243,state_change,AVAILABLE,initialized
1665977114,4775,state_change,AVAILABLE,initialized
1665977114,1158,state_change,BUSY,initialized
1665977114,789,state_change,BUSY,initialized
1665977114,2776,state_change,BUSY,initialized
1665977114,529,state_change,AVAILABLE,initialized
1665977114,3162,state_change,AVAILABLE,initialized
1665977114,84,state_change,BUSY,initialized
1665977114,2360,state_change,BUSY,initialized
1665977114,1631,state_change,BUSY,initialized
1665977114,802,state_change,BUSY,initialized
1665977114,1677,state_change,BUSY,initialized
1665977114,707,state_change,BUSY,initialized
1665977114,1265,state_change,BUSY,initialized
1665977114,3335,state_change,BUSY,initialized
1665977114,4206,state_change,BUSY,initialized
1665977114,1785,state_change,BUSY,initialized
1665977114,681,state_change,AVAILABLE,initialized
1665977114,2861,state_change,AVAILABLE,initialized
1665977114,2615,state_change,BUSY,initialized
1665977114,1035,state_change,BUSY,initialized
1665977114,1034,state_change,BUSY,initialized
1665977114,3106,state_change,BUSY,initialized
1665977114,2700,state_change,BUSY,initialized
1665977114,970,state_change,BUSY,initialized
1665977114,89,state_change,BUSY,initialized
1665977114,1903,state_change,AVAILABLE,initialized
1665977114,2554,state_change,AVAILABLE,initialized
1665977114,977,state_change,BUSY,initialized
1665977114,2682,state_change,BUSY,initialized
1665977114,410,state_change,BUSY,initialized
1665977114,4866,state_change,BUSY,initialized
1665977114,1349,state_change,BUSY,initialized
1665977114,3657,state_change,BUSY,initialized
1665977114,2420,state_change,BUSY,initialized
1665977114,4555,state_change,AVAILABLE,initialized
1665977114,2089,state_change,AVAILABLE,initialized
1665977114,689,state_change,BUSY,initialized
1665977114,75,state_change,BUSY,initialized
1665977114,2135,state_change,BUSY,initialized
1665977114,1112,state_change,BUSY,initialized
1665977114,2787,state_change,AVAILABLE,initialized
1665977114,753,state_change,BUSY,initialized
1665977114,2153,state_change,BUSY,initialized
1665977114,3373,state_change,AVAILABLE,initialized
1665977114,1021,state_change,BUSY,initialized
1665977114,1963,state_change,BUSY,initialized
1665977114,2181,state_change,AVAILABLE,initialized
1665977114,2368,state_change,BUSY,initialized
1665977114,1706,state_change,BUSY,initialized
1665977114,2976,state_change,BUSY,initialized
1665977114,87,state_change,BUSY,initialized
1665977114,175,state_change,BUSY,initialized
1665977114,2895,state_change,AVAILABLE,initialized
1665977114,4180,state_change,BUSY,initialized
1665977114,1463,state_change,BUSY,initialized
1665977114,2884,state_change,AVAILABLE,initialized
1665977114,1870,state_change,AVAILABLE,initialized
1665977114,3134,state_change,AVAILABLE,initialized
1665977114,981,state_change,BUSY,initialized
1665977114,4199,state_change,BUSY,initialized
1665977114,1529,state_change,BUSY,initialized
1665977114,2155,state_change,BUSY,initialized
1665977114,93,state_change,AVAILABLE,initialized
1665977114,702,state_change,AVAILABLE,initialized
1665977114,2697,state_change,AVAILABLE,initialized
1665977114,625,state_change,BUSY,initialized
1665977114,2687,state_change,AVAILABLE,initialized
1665977114,2659,state_change,AVAILABLE,initialized
1665977114,2880,state_change,AVAILABLE,initialized
1665977114,1082,state_change,BUSY,initialized
1665977114,1095,state_change,BUSY,initialized
1665977114,2389,state_change,AVAILABLE,initialized
1665977114,1725,state_change,AVAILABLE,initialized
1665977114,2170,state_change,BUSY,initialized
1665977114,2321,state_change,BUSY,initialized
1665977114,3553,state_change,BUSY,initialized
1665977114,726,state_change,AVAILABLE,initialized
1665977114,1694,state_change,AVAILABLE,initialized
1665977114,5,state_change,BUSY,initialized
1665977114,2977,state_change,BUSY,initialized
1665977114,2196,state_change,AVAILABLE,initialized
1665977114,3053,state_change,AVAILABLE,initialized
1665977114,1908,state_change,BUSY,initialized
1665977114,4053,state_change,BUSY,initialized
1665977114,3966,state_change,BUSY,initialized
1665977114,663,state_change,BUSY,initialized
1665977114,855,state_change,AVAILABLE,initialized
1665977114,2678,state_change,BUSY,initialized
1665977114,1863,state_change,BUSY,initialized
1665977114,253,state_change,BUSY,initialized
1665977114,3840,state_change,BUSY,initialized
1665977114,170,state_change,AVAILABLE,initialized
1665977114,1227,state_change,BUSY,initialized
1665977114,106,state_change,AVAILABLE,initialized
1665977114,1797,state_change,BUSY,initialized
1665977114,2120,state_change,BUSY,initialized
1665977114,2112,state_change,BUSY,initialized
1665977114,491,state_change,BUSY,initialized
1665977114,461,state_change,BUSY,initialized
1665977114,2210,state_change,BUSY,initialized
1665977114,2078,state_change,BUSY,initialized
1665977114,4232,state_change,BUSY,initialized
1665977114,1931,state_change,AVAILABLE,initialized
1665977114,1254,state_change,BUSY,initialized
1665977114,3489,state_change,BUSY,initialized
1665977114,3711,state_change,BUSY,initialized
1665977114,477,state_change,BUSY,initialized
1665977114,4648,state_change,BUSY,initialized
1665977114,3958,state_change,AVAILABLE,initialized
1665977114,1226,state_change,BUSY,initialized
1665977114,18,state_change,BUSY,initialized
1665977114,1141,state_change,BUSY,initialized
1665977114,913,state_change,BUSY,initialized
1665977114,2716,state_change,BUSY,initialized
1665977114,114,state_change,AVAILABLE,initialized
1665977114,4221,state_change,AVAILABLE,initialized
1665977114,2039,state_change,AVAILABLE,initialized
1665977114,3206,state_change,BUSY,initialized
1665977114,456,state_change,BUSY,initialized
1665977114,3253,state_change,BUSY,initialized
1665977114,770,state_change,BUSY,initialized
1665977114,3532,state_change,AVAILABLE,initialized
1665977114,2510,state_change,BUSY,initialized
1665977114,1595,state_change,BUSY,initialized
1665977114,4139,state_change,AVAILABLE,initialized
1665977114,535,state_change,AVAILABLE,initialized
1665977114,915,state_change,BUSY,initialized
1665977114,291,state_change,BUSY,initialized
1665977114,2852,state_change,AVAILABLE,initialized
1665977114,2015,state_change,BUSY,initialized
1665977114,2725,state_change,BUSY,initialized
1665977114,1327,state_change,BUSY,initialized
1665977114,2636,state_change,AVAILABLE,initialized
1665977114,4490,state_change,BUSY,initialized
1665977114,3195,state_change,BUSY,initialized
1665977114,2960,state_change,BUSY,initialized
1665977114,976,state_change,BUSY,initialized
1665977114,3211,state_change,AVAILABLE,initialized
1665977114,2083,state_change,AVAILABLE,initialized
1665977114,1061,state_change,BUSY,initialized
1665977114,2707,state_change,BUSY,initialized
1665977114,1985,state_change,BUSY,initialized
1665977114,1053,state_change,BUSY,initialized
1665977114,3739,state_change,BUSY,initialized
1665977114,559,state_change,AVAILABLE,initialized
1665977114,958,state_change,BUSY,initialized
1665977114,1925,state_change,BUSY,initialized
1665977114,479,state_change,AVAILABLE,initialized
1665977114,3896,state_change,BUSY,initialized
1665977114,2754,state_change,AVAILABLE,initialized
1665977114,4595,state_change,BUSY,initialized
1665977114,1001,state_change,BUSY,initialized
1665977114,4508,state_change,BUSY,initialized
1665977114,4309,state_change,AVAILABLE,initialized
1665977114,4626,state_change,BUSY,initialized
1665977114,814,state_change,BUSY,initialized
1665977114,3909,state_change,AVAILABLE,initialized
1665977114,2430,state_change,BUSY,initialized
1665977114,2053,state_change,BUSY,initialized
1665977114,1309,state_change,BUSY,initialized
1665977114,4031,state_change,BUSY,initialized
1665977114,3223,state_change,BUSY,initialized
1665977114,3371,state_change,BUSY,initialized
1665977114,1017,state_change,BUSY,initialized
1665977114,4275,state_change,AVAILABLE,initialized
1665977114,1731,state_change,BUSY,initialized
1665977114,1901,state_change,AVAILABLE,initialized
1665977114,82,state_change,BUSY,initialized
1665977114,556,state_change,BUSY,initialized
1665977114,603,state_change,BUSY,initialized
1665977114,713,state_change,BUSY,initialized
1665977114,3474,state_change,BUSY,initialized
1665977114,3731,state_change,BUSY,initialized
1665977114,3233,state_change,BUSY,initialized
1665977114,4202,state_change,BUSY,initialized
1665977114,3095,state_change,BUSY,initialized
1665977114,759,state_change,AVAILABLE,initialized
1665977114,1101,state_change,BUSY,initialized
1665977114,3038,state_change,BUSY,initialized
1665977114,3565,state_change,BUSY,initialized
1665977114,296,state_change,BUSY,initialized
1665977114,3963,state_change,AVAILABLE,initialized
1665977114,1715,state_change,BUSY,initialized
1665977114,3697,state_change,BUSY,initialized
1665977114,3779,state_change,AVAILABLE,initialized
1665977114,3276,state_change,AVAILABLE,initialized
1665977114,3951,state_change,AVAILABLE,initialized
1665977114,2311,state_change,AVAILABLE,initialized
1665977114,2653,state_change,BUSY,initialized
1665977114,3047,state_change,BUSY,initialized
1665977114,3392,state_change,BUSY,initialized
1665977114,2471,state_change,BUSY,initialized
1665977114,2660,state_change,BUSY,initialized
1665977114,2578,state_change,BUSY,initialized
1665977114,1704,state_change,AVAILABLE,initialized
1665977114,3830,state_change,BUSY,initialized
1665977114,1400,state_change,AVAILABLE,initialized
1665977114,1441,state_change,BUSY,initialized
1665977114,4573,state_change,AVAILABLE,initialized
1665977114,4512,state_change,BUSY,initialized
1665977114,1000,state_change,BUSY,initialized
1665977114,1587,state_change,BUSY,initialized
1665977114,4279,state_change,AVAILABLE,initialized
1665977114,1056,state_change,BUSY,initialized
1665977114,401,state_change,BUSY,initialized
1665977114,2157,state_change,AVAILABLE,initialized
1665977114,375,state_change,BUSY,initialized
1665977114,1215,state_change,AVAILABLE,initialized
1665977114,870,state_change,BUSY,initialized
1665977114,4708,state_change,AVAILABLE,initialized
1665977114,1951,state_change,BUSY,initialized
1665977114,440,state_change,BUSY,initialized
1665977114,394,state_change,BUSY,initialized
1665977114,1079,state_change,BUSY,initialized
1665977114,2424,state_change,BUSY,initialized
1665977114,2106,state_change,BUSY,initialized
1665977114,4556,state_change,AVAILABLE,initialized
1665977114,534,state_change,AVAILABLE,initialized
1665977114,2728,state_change,AVAILABLE,initialized
1665977114,1453,state_change,BUSY,initialized
1665977114,4223,state_change,AVAILABLE,initialized
1665977114,136,state_change,AVAILABLE,initialized
1665977114,1401,state_change,BUSY,initialized
1665977114,3080,state_change,BUSY,initialized
1665977114,3093,state_change,AVAILABLE,initialized
1665977114,3159,state_change,BUSY,initialized
1665977114,624,state_change,BUSY,initialized
1665977114,79,state_change,BUSY,initialized
1665977114,736,state_change,BUSY,initialized
1665977114,3437,state_change,BUSY,initialized
1665977114,1292,state_change,BUSY,initialized
1665977114,2063,state_change,BUSY,initialized
1665977114,1040,state_change,BUSY,initialized
1665977114,1876,state_change,BUSY,initialized
1665977114,2370,state_change,BUSY,initialized
1665977114,1764,state_change,AVAILABLE,initialized
1665977114,1486,state_change,BUSY,initialized
1665977114,1228,state_change,BUSY,initialized
1665977114,857,state_change,BUSY,initialized
1665977114,3297,state_change,BUSY,initialized
1665977114,1266,state_change,BUSY,initialized
1665977114,2071,state_change,BUSY,initialized
1665977114,2037,state_change,BUSY,initialized
1665977114,3955,state_change,AVAILABLE,initialized
1665977114,1140,state_change,AVAILABLE,initialized
1665977114,61,state_change,BUSY,initialized
1665977114,3980,state_change,AVAILABLE,initialized
1665977114,416,state_change,BUSY,initialized
1665977114,246,state_change,BUSY,initialized
1665977114,4449,state_change,BUSY,initialized
1665977114,2,state_change,BUSY,initialized
1665977114,755,state_change,BUSY,initialized
1665977114,2495,state_change,BUSY,initialized
1665977114,3919,state_change,AVAILABLE,initialized
1665977114,3171,state_change,AVAILABLE,initialized
1665977114,1485,state_change,BUSY,initialized
1665977114,118,state_change,BUSY,initialized
1665977114,3238,state_change,BUSY,initialized
1665977114,3748,state_change,AVAILABLE,initialized
1665977114,4376,state_change,BUSY,initialized
1665977114,1632,state_change,AVAILABLE,initialized
1665977114,238,state_change,AVAILABLE,initialized
1665977114,387,state_change,AVAILABLE,initialized
1665977114,2085,state_change,BUSY,initialized
1665977114,3882,state_change,BUSY,initialized
1665977114,2084,state_change,BUSY,initialized
1665977114,3634,state_change,AVAILABLE,initialized
1665977114,1684,state_change,BUSY,initialized
1665977114,4042,state_change,BUSY,initialized
1665977114,1563,state_change,BUSY,initialized
1665977114,4288,state_change,BUSY,initialized
1665977114,158,state_change,AVAILABLE,initialized
1665977114,3662,state_change,BUSY,initialized
1665977114,3174,state_change,BUSY,initialized
1665977114,1133,state_change,BUSY,initialized
1665977114,3723,state_change,BUSY,initialized
1665977114,59,state_change,BUSY,initialized
1665977114,1276,state_change,AVAILABLE,initialized
1665977114,881,state_change,BUSY,initialized
1665977114,1286,state_change,BUSY,initialized
1665977114,853,state_change,BUSY,initialized
1665977114,1016,state_change,BUSY,initialized
1665977114,3424,state_change,BUSY,initialized
1665977114,830,state_change,BUSY,initialized
1665977114,2696,state_change,BUSY,initialized
1665977114,4509,state_change,BUSY,initialized
1665977114,1253,state_change,BUSY,initialized
1665977114,3121,state_change,AVAILABLE,initialized
1665977114,2054,state_change,AVAILABLE,initialized
1665977114,2839,state_change,AVAILABLE,initialized
1665977114,3975,state_change,BUSY,initialized
1665977114,2825,state_change,BUSY,initialized
1665977114,1781,state_change,BUSY,initialized
1665977114,2312,state_change,BUSY,initialized
1665977114,507,state_change,BUSY,initialized
1665977114,1242,state_change,BUSY,initialized
1665977114,3456,state_change,BUSY,initialized
1665977114,931,state_change,BUSY,initialized
1665977114,3298,state_change,AVAILABLE,initialized
1665977114,1910,state_change,BUSY,initialized
1665977114,4095,state_change,AVAILABLE,initialized
1665977114,1601,state_change,BUSY,initialized
1665977114,1094,state_change,AVAILABLE,initialized
1665977114,3614,state_change,BUSY,initialized
1665977114,564,state_change,AVAILABLE,initialized
1665977114,2681,state_change,BUSY,initialized
1665977114,2967,state_change,BUSY,initialized
1665977114,2052,state_change,BUSY,initialized
1665977114,3519,state_change,BUSY,initialized
1665977114,1384,state_change,BUSY,initialized
1665977114,3712,state_change,BUSY,initialized
1665977114,737,state_change,BUSY,initialized
1665977114,17,state_change,AVAILABLE,initialized
1665977114,248,state_change,BUSY,initialized
1665977114,1305,state_change,AVAILABLE,initialized
1665977114,1204,state_change,AVAILABLE,initialized
1665977114,877,state_change,AVAILABLE,initialized
1665977114,2610,state_change,BUSY,initialized
1665977114,2577,state_change,BUSY,initialized
1665977114,3146,state_change,BUSY,initialized
1665977114,3729,state_change,BUSY,initialized
1665977114,2807,state_change,BUSY,initialized
1665977114,488,state_change,AVAILABLE,initialized
1665977114,1451,state_change,BUSY,initialized
1665977114,3721,state_change,BUSY,initialized
1665977114,4280,state_change,BUSY,initialized
1665977114,4803,state_change,AVAILABLE,initialized
1665977114,2661,state_change,BUSY,initialized
1665977114,3514,state_change,BUSY,initialized
1665977114,4218,state_change,AVAILABLE,initialized
1665977114,2456,state_change,BUSY,initialized
1665977114,3682,state_change,BUSY,initialized
1665977114,1858,state_change,BUSY,initialized
1665977114,891,state_change,AVAILABLE,initialized
1665977114,1014,state_change,BUSY,initialized
1665977114,1947,state_change,BUSY,initialized
1665977114,2798,state_change,AVAILABLE,initialized
1665977114,2552,state_change,BUSY,initialized
1665977114,2496,state_change,AVAILABLE,initialized
1665977114,167,state_change,BUSY,initialized
1665977114,1221,state_change,BUSY,initialized
1665977114,1114,state_change,BUSY,initialized
1665977114,2357,state_change,AVAILABLE,initialized
1665977114,1250,state_change,BUSY,initialized
1665977114,730,state_change,BUSY,initialized
1665977114,3482,state_change,BUSY,initialized
1665977114,4481,state_change,BUSY,initialized
1665977114,4404,state_change,BUSY,initialized
1665977114,2176,state_change,BUSY,initialized
1665977114,2992,state_change,BUSY,initialized
1665977114,2397,state_change,BUSY,initialized
1665977114,849,state_change,BUSY,initialized
1665977114,1418,state_change,AVAILABLE,initialized
1665977114,3600,state_change,BUSY,initialized
1665977114,868,state_change,BUSY,initialized
1665977114,526,state_change,BUSY,initialized
1665977114,2877,state_change,BUSY,initialized
1665977114,4208,state_change,AVAILABLE,initialized
1665977114,2792,state_change,BUSY,initialized
1665977114,46,state_change,BUSY,initialized
1665977114,2878,state_change,BUSY,initialized
1665977114,2964,state_change,BUSY,initialized
1665977114,1010,state_change,BUSY,initialized
1665977114,4696,state_change,AVAILABLE,initialized
1665977114,2450,state_change,BUSY,initialized
1665977114,239,state_change,BUSY,initialized
1665977114,3290,state_change,BUSY,initialized
1665977114,4029,state_change,AVAILABLE,initialized
1665977114,1125,state_change,BUSY,initialized
1665977114,1272,state_change,BUSY,initialized
1665977114,1559,state_change,AVAILABLE,initialized
1665977114,2899,state_change,BUSY,initialized
1665977114,4325,state_change,AVAILABLE,initialized
1665977114,2208,state_change,BUSY,initialized
1665977114,2350,state_change,BUSY,initialized
1665977114,1534,state_change,BUSY,initialized
1665977114,708,state_change,BUSY,initialized
1665977114,3011,state_change,BUSY,initialized
1665977114,4332,state_change,AVAILABLE,initialized
1665977114,2723,state_change,AVAILABLE,initialized
1665977114,1426,state_change,BUSY,initialized
1665977114,421,state_change,BUSY,initialized
1665977114,95,state_change,BUSY,initialized
1665977114,2538,state_change,BUSY,initialized
1665977114,1,state_change,BUSY,initialized
1665977114,3982,state_change,BUSY,initialized
1665977114,2258,state_change,BUSY,initialized
1665977114,4899,state_change,AVAILABLE,initialized
1665977114,2088,state_change,BUSY,initialized
1665977114,1167,state_change,BUSY,initialized
1665977114,2995,state_change,BUSY,initialized
1665977114,780,state_change,BUSY,initialized
1665977114,3823,state_change,AVAILABLE,initialized
1665977114,2572,state_change,BUSY,initialized
1665977114,536,state_change,BUSY,initialized
1665977114,917,state_change,AVAILABLE,initialized
1665977114,2404,state_change,BUSY,initialized
1665977114,414,state_change,BUSY,initialized
1665977114,2558,state_change,AVAILABLE,initialized
1665977114,1236,state_change,AVAILABLE,initialized
1665977114,3088,state_change,BUSY,initialized
1665977114,1136,state_change,BUSY,initialized
1665977114,2336,state_change,BUSY,initialized
1665977114,1733,state_change,BUSY,initialized
1665977114,1468,state_change,BUSY,initialized
1665977114,1670,state_change,BUSY,initialized
1665977114,2136,state_change,BUSY,initialized
1665977114,3503,state_change,BUSY,initialized
1665977114,4242,state_change,BUSY,initialized
1665977114,3730,state_change,BUSY,initialized
1665977114,4554,state_change,AVAILABLE,initialized
1665977114,3750,state_change,AVAILABLE,initialized
1665977114,941,state_change,AVAILABLE,initialized
1665977114,3426,state_change,BUSY,initialized
1665977114,428,state_change,BUSY,initialized
1665977114,1346,state_change,AVAILABLE,initialized
1665977114,501,state_change,AVAILABLE,initialized
1665977114,892,state_change,BUSY,initialized
1665977114,37,state_change,BUSY,initialized
1665977114,1953,state_change,AVAILABLE,initialized
1665977114,972,state_change,BUSY,initialized
1665977114,57,state_change,BUSY,initialized
1665977114,3674,state_change,AVAILABLE,initialized
1665977114,88,state_change,AVAILABLE,initialized
1665977114,3315,state_change,AVAILABLE,initialized
1665977114,1225,state_change,BUSY,initialized
1665977114,494,state_change,BUSY,initialized
1665977114,4501,state_change,AVAILABLE,initialized
1665977114,600,state_change,BUSY,initialized
1665977114,1811,state_change,BUSY,initialized
1665977114,4319,state_change,BUSY,initialized
1665977114,677,state_change,BUSY,initialized
1665977114,2551,state_change,BUSY,initialized
1665977114,692,state_change,AVAILABLE,initialized
1665977114,3139,state_change,BUSY,initialized
1665977114,2331,state_change,BUSY,initialized
1665977114,329,state_change,AVAILABLE,initialized
1665977114,910,state_change,AVAILABLE,initialized
1665977114,900,state_change,AVAILABLE,initialized
1665977114,716,state_change,AVAILABLE,initialized
1665977114,2733,state_change,BUSY,initialized
1665977114,2271,state_change,BUSY,initialized
1665977114,1991,state_change,BUSY,initialized
1665977114,571,state_change,BUSY,initialized
1665977114,1240,state_change,BUSY,initialized
1665977114,2165,state_change,BUSY,initialized
1665977114,4386,state_change,BUSY,initialized
1665977114,1976,state_change,AVAILABLE,initialized
1665977114,2432,state_change,BUSY,initialized
1665977114,223,state_change,BUSY,initialized
1665977114,3184,state_change,AVAILABLE,initialized
1665977114,4646,state_change,BUSY,initialized
1665977114,1734,state_change,BUSY,initialized
1665977114,2081,state_change,AVAILABLE,initialized
1665977114,782,state_change,AVAILABLE,initialized
1665977114,422,state_change,BUSY,initialized
1665977114,2569,state_change,BUSY,initialized
1665977114,157,state_change,BUSY,initialized
1665977114,3103,state_change,BUSY,initialized
1665977114,4292,state_change,BUSY,initialized
1665977114,2206,state_change,BUSY,initialized
1665977114,358,state_change,BUSY,initialized
1665977114,2735,state_change,AVAILABLE,initialized
1665977114,1681,state_change,BUSY,initialized
1665977114,848,state_change,BUSY,initialized
1665977114,3660,state_change,BUSY,initialized
1665977114,1813,state_change,AVAILABLE,initialized
1665977114,1663,state_change,BUSY,initialized
1665977114,3494,state_change,BUSY,initialized
1665977114,4367,state_change,AVAILABLE,initialized
1665977114,991,state_change,AVAILABLE,initialized
1665977114,2771,state_change,BUSY,initialized
1665977114,1875,state_change,BUSY,initialized
1665977114,160,state_change,BUSY,initialized
1665977114,611,state_change,BUSY,initialized
1665977114,2207,state_change,BUSY,initialized
1665977114,47,state_change,AVAILABLE,initialized
1665977114,3689,state_change,BUSY,initialized
1665977114,1113,state_change,BUSY,initialized
1665977114,407,state_change,BUSY,initialized
1665977114,2968,state_change,BUSY,initialized
1665977114,1410,state_change,AVAILABLE,initialized
1665977114,2038,state_change,AVAILABLE,initialized
1665977114,987,state_change,AVAILABLE,initialized
1665977114,330,state_change,BUSY,initialized
1665977114,3251,state_change,BUSY,initialized
1665977114,214,state_change,BUSY,initialized
1665977114,4002,state_change,AVAILABLE,initialized
1665977114,1077,state_change,BUSY,initialized
1665977114,202,state_change,BUSY,initialized
1665977114,4504,state_change,AVAILABLE,initialized
1665977114,946,state_change,BUSY,initialized
1665977114,2383,state_change,AVAILABLE,initialized
1665977114,2805,state_change,BUSY,initialized
1665977114,493,state_change,AVAILABLE,initialized
1665977114,2518,state_change,AVAILABLE,initialized
1665977114,1625,state_change,BUSY,initialized
1665977114,144,state_change,AVAILABLE,initialized
1665977114,2532,state_change,BUSY,initialized
1665977114,3101,state_change,BUSY,initialized
1665977114,2224,state_change,BUSY,initialized
1665977114,1007,state_change,BUSY,initialized
1665977114,402,state_change,AVAILABLE,initialized
1665977114,538,state_change,BUSY,initialized
1665977114,368,state_change,AVAILABLE,initialized
1665977114,2786,state_change,AVAILABLE,initialized
1665977114,3719,state_change,BUSY,initialized
1665977114,817,state_change,BUSY,initialized
1665977114,2939,state_change,BUSY,initialized
1665977114,1273,state_change,AVAILABLE,initialized
1665977114,4020,state_change,AVAILABLE,initialized
1665977114,3245,state_change,BUSY,initialized
1665977114,3523,state_change,AVAILABLE,initialized
1665977114,2806,state_change,BUSY,initialized
1665977114,1719,state_change,AVAILABLE,initialized
1665977114,1198,state_change,AVAILABLE,initialized
1665977114,2190,state_change,BUSY,initialized
1665977114,297,state_change,AVAILABLE,initialized
1665977114,744,state_change,BUSY,initialized
1665977114,4537,state_change,BUSY,initialized
1665977114,1408,state_change,BUSY,initialized
1665977114,2434,state_change,BUSY,initialized
1665977114,1145,state_change,BUSY,initialized
1665977114,1287,state_change,BUSY,initialized
1665977114,2127,state_change,AVAILABLE,initialized
1665977114,861,state_change,BUSY,initialized
1665977114,790,state_change,BUSY,initialized
1665977114,3017,state_change,BUSY,initialized
1665977114,510,state_change,BUSY,initialized
1665977114,1530,state_change,BUSY,initialized
1665977114,593,state_change,BUSY,initialized
1665977114,2675,state_change,BUSY,initialized
1665977114,1318,state_change,BUSY,initialized
1665977114,4019,state_change,BUSY,initialized
1665977114,1296,state_change,BUSY,initialized
1665977114,1740,state_change,BUSY,initialized
1665977114,3715,state_change,BUSY,initialized
1665977114,1028,state_change,BUSY,initialized
1665977114,1460,state_change,BUSY,initialized
1665977114,3071,state_change,AVAILABLE,initialized
1665977114,916,state_change,AVAILABLE,initialized
1665977114,739,state_change,BUSY,initialized
1665977114,796,state_change,BUSY,initialized
1665977114,2355,state_change,BUSY,initialized
1665977114,3158,state_change,BUSY,initialized
1665977114,1474,state_change,BUSY,initialized
1665977114,3522,state_change,BUSY,initialized
1665977114,4216,state_change,AVAILABLE,initialized
1665977114,211,state_change,BUSY,initialized
1665977114,191,state_change,BUSY,initialized
1665977114,91,state_change,BUSY,initialized
1665977114,3385,state_change,BUSY,initialized
1665977114,732,state_change,BUSY,initialized
1665977114,583,state_change,AVAILABLE,initialized
1665977114,2979,state_change,BUSY,initialized
1665977114,1168,state_change,AVAILABLE,initialized
1665977114,3165,state_change,AVAILABLE,initialized
1665977114,1660,state_change,BUSY,initialized
1665977114,3302,state_change,BUSY,initialized
1665977114,4300,state_change,BUSY,initialized
1665977114,997,state_change,BUSY,initialized
1665977114,4175,state_change,AVAILABLE,initialized
1665977114,58,state_change,AVAILABLE,initialized
1665977114,767,state_change,BUSY,initialized
1665977114,4262,state_change,BUSY,initialized
1665977114,116,state_change,BUSY,initialized
1665977114,244,state_change,BUSY,initialized
1665977114,1150,state_change,BUSY,initialized
1665977114,331,state_change,AVAILABLE,initialized
1665977114,2970,state_change,AVAILABLE,initialized
1665977114,4170,state_change,BUSY,initialized
1665977114,2801,state_change,BUSY,initialized
1665977114,703,state_change,BUSY,initialized
1665977114,2345,state_change,BUSY,initialized
1665977114,4482,state_change,BUSY,initialized
1665977114,3827,state_change,AVAILABLE,initialized
1665977114,137,state_change,BUSY,initialized
1665977114,999,state_change,BUSY,initialized
1665977114,97,state_change,BUSY,initialized
1665977114,1727,state_change,AVAILABLE,initialized
1665977114,3625,state_change,BUSY,initialized
1665977114,3408,state_change,AVAILABLE,initialized
1665977114,1302,state_change,AVAILABLE,initialized
1665977114,2435,state_change,BUSY,initialized
1665977114,1581,state_change,BUSY,initialized
1665977114,2105,state_change,BUSY,initialized
1665977114,2742,state_change,BUSY,initialized
1665977114,1279,state_change,AVAILABLE,initialized
1665977114,309,state_change,AVAILABLE,initialized
1665977114,2172,state_change,BUSY,initialized
1665977114,1826,state_change,BUSY,initialized
1665977114,173,state_change,AVAILABLE,initialized
1665977114,3616,state_change,BUSY,initialized
1665977114,1157,state_change,BUSY,initialized
1665977114,517,state_change,BUSY,initialized
1665977114,2671,state_change,BUSY,initialized
1665977114,914,state_change,BUSY,initialized
1665977114,146,state_change,BUSY,initialized
1665977114,2876,state_change,BUSY,initialized
1665977114,2343,state_change,BUSY,initialized
1665977114,772,state_change,BUSY,initialized
1665977114,83,state_change,BUSY,initialized
1665977114,714,state_change,BUSY,initialized
1665977114,795,state_change,BUSY,initialized
1665977114,1097,state_change,BUSY,initialized
1665977114,452,state_change,BUSY,initialized
1665977114,294,state_change,BUSY,initialized
1665977114,62,state_change,BUSY,initialized
1665977114,1419,state_change,BUSY,initialized
1665977114,2557,state_change,BUSY,initialized
1665977114,86,state_change,BUSY,initialized
1665977114,1739,state_change,BUSY,initialized
1665977114,820,state_change,BUSY,initialized
1665977114,1831,state_change,AVAILABLE,initialized
1665977114,3965,state_change,AVAILABLE,initialized
1665977114,996,state_change,BUSY,initialized
1665977114,1208,state_change,BUSY,initialized
1665977114,419,state_change,BUSY,initialized
1665977114,741,state_change,AVAILABLE,initialized
1665977114,580,state_change,BUSY,initialized
1665977114,3509,state_change,AVAILABLE,initialized
1665977114,2197,state_change,BUSY,initialized
1665977114,2454,state_change,AVAILABLE,initialized
1665977114,2809,state_change,BUSY,initialized
1665977114,3668,state_change,AVAILABLE,initialized
1665977114,4101,state_change,BUSY,initialized
1665977114,2086,state_change,BUSY,initialized
1665977114,1721,state_change,AVAILABLE,initialized
1665977114,1892,state_change,BUSY,initialized
1665977114,1700,state_change,BUSY,initialized
1665977114,2613,state_change,BUSY,initialized
1665977114,2522,state_change,BUSY,initialized
1665977114,794,state_change,BUSY,initialized
1665977114,3762,state_change,BUSY,initialized
1665977114,1602,state_change,BUSY,initialized
1665977114,769,state_change,BUSY,initialized
1665977114,92,state_change,BUSY,initialized
1665977114,4185,state_change,AVAILABLE,initialized
1665977114,3279,state_change,AVAILABLE,initialized
1665977114,2900,state_change,BUSY,initialized
1665977114,283,state_change,AVAILABLE,initialized
1665977114,226,state_change,AVAILABLE,initialized
1665977114,2213,state_change,BUSY,initialized
1665977114,162,state_change,AVAILABLE,initialized
1665977114,465,state_change,AVAILABLE,initialized
1665977114,3429,state_change,BUSY,initialized
1665977114,352,state_change,BUSY,initialized
1665977114,1216,state_change,BUSY,initialized
1665977114,3487,state_change,BUSY,initialized
1665977114,237,state_change,BUSY,initialized
1665977114,1507,state_change,BUSY,initialized
1665977114,4483,state_change,AVAILABLE,initialized
1665977114,3277,state_change,BUSY,initialized
1665977114,1835,state_change,BUSY,initialized
1665977114,1308,state_change,AVAILABLE,initialized
1665977114,1466,state_change,BUSY,initialized
1665977114,1655,state_change,AVAILABLE,initialized
1665977114,1746,state_change,BUSY,initialized
1665977114,279,state_change,BUSY,initialized
1665977114,265,state_change,AVAILABLE,initialized
1665977114,3942,state_change,BUSY,initialized
1665977114,4381,state_change,BUSY,initialized
1665977114,1795,state_change,AVAILABLE,initialized
1665977114,2663,state_change,AVAILABLE,initialized
1665977114,232,state_change,BUSY,initialized
1665977114,1911,state_change,BUSY,initialized
1665977114,3283,state_change,BUSY,initialized
1665977114,208,state_change,BUSY,initialized
1665977114,266,state_change,AVAILABLE,initialized
1665977114,1527,state_change,AVAILABLE,initialized
1665977114,3716,state_change,BUSY,initialized
1665977114,38,state_change,BUSY,initialized
1665977114,3720,state_change,AVAILABLE,initialized
1665977114,1777,state_change,BUSY,initialized
1665977114,1557,state_change,BUSY,initialized
1665977114,1086,state_change,BUSY,initialized
1665977114,4204,state_change,BUSY,initialized
1665977114,912,state_change,BUSY,initialized
1665977114,3497,state_change,BUSY,initialized
1665977114,454,state_change,AVAILABLE,initialized
1665977114,1702,state_change,AVAILABLE,initialized
1665977114,2799,state_change,AVAILABLE,initialized
1665977114,1100,state_change,BUSY,initialized
1665977114,1593,state_change,BUSY,initialized
1665977114,2260,state_change,AVAILABLE,initialized
1665977114,3677,state_change,BUSY,initialized
1665977114,176,state_change,BUSY,initialized
1665977114,222,state_change,BUSY,initialized
1665977114,1129,state_change,AVAILABLE,initialized
1665977114,2126,state_change,BUSY,initialized
1665977114,2573,state_change,BUSY,initialized
1665977114,2695,state_change,BUSY,initialized
1665977114,2192,state_change,AVAILABLE,initialized
1665977114,872,state_change,BUSY,initialized
1665977114,522,state_change,BUSY,initialized
1665977114,2980,state_change,AVAILABLE,initialized
1665977114,370,state_change,AVAILABLE,initialized
1665977114,2162,state_change,BUSY,initialized
1665977114,2892,state_change,BUSY,initialized
1665977114,3160,state_change,AVAILABLE,initialized
1665977114,13,state_change,BUSY,initialized
1665977114,1241,state_change,AVAILABLE,initialized
1665977114,2301,state_change,BUSY,initialized
1665977114,674,state_change,BUSY,initialized
1665977114,161,state_change,BUSY,initialized
1665977114,3680,state_change,BUSY,initialized
1665977114,328,state_change,AVAILABLE,initialized
1665977114,3953,state_change,BUSY,initialized
1665977114,183,state_change,AVAILABLE,initialized
1665977114,792,state_change,BUSY,initialized
1665977114,2581,state_change,BUSY,initialized
1665977114,2709,state_change,BUSY,initialized
1665977114,4,state_change,BUSY,initialized
1665977114,2145,state_change,BUSY,initialized
1665977114,829,state_change,BUSY,initialized
1665977114,3167,state_change,BUSY,initialized
1665977114,76,state_change,BUSY,initialized
1665977114,604,state_change,BUSY,initialized
1665977114,797,state_change,AVAILABLE,initialized
1665977114,2460,state_change,AVAILABLE,initialized
1665977114,2069,state_change,BUSY,initialized
1665977114,998,state_change,BUSY,initialized
1665977114,105,state_change,BUSY,initialized
1665977114,4201,state_change,BUSY,initialized
1665977114,1600,state_change,BUSY,initialized
1665977114,646,state_change,AVAILABLE,initialized
1665977114,1298,state_change,BUSY,initialized
1665977114,165,state_change,BUSY,initialized
1665977114,218,state_change,BUSY,initialized
1665977114,1787,state_change,BUSY,initialized
1665977114,1376,state_change,BUSY,initialized
1665977114,4429,state_change,AVAILABLE,initialized
1665977114,3332,state_change,BUSY,initialized
1665977114,3010,state_change,BUSY,initialized
1665977114,1277,state_change,BUSY,initialized
1665977114,1343,state_change,BUSY,initialized
1665977114,67,state_change,BUSY,initialized
1665977114,2201,state_change,BUSY,initialized
1665977114,2507,state_change,BUSY,initialized
1665977114,2722,state_change,BUSY,initialized
1665977114,140,state_change,BUSY,initialized
1665977114,1104,state_change,BUSY,initialized
1665977114,1912,state_change,BUSY,initialized
1665977114,112,state_change,BUSY,initialized
1665977114,3384,state_change,BUSY,initialized
1665977114,509,state_change,AVAILABLE,initialized
1665977114,3197,state_change,AVAILABLE,initialized
1665977114,2509,state_change,AVAILABLE,initialized
1665977114,959,state_change,BUSY,initialized
1665977114,125,state_change,BUSY,initialized
1665977114,4694,state_change,AVAILABLE,initialized
1665977114,2070,state_change,BUSY,initialized
1665977114,1358,state_change,BUSY,initialized
1665977114,4141,state_change,BUSY,initialized
1665977114,1258,state_change,BUSY,initialized
1665977114,4843,state_change,BUSY,initialized
1665977114,2318,state_change,AVAILABLE,initialized
1665977114,1314,state_change,AVAILABLE,initialized
1665977114,3753,state_change,BUSY,initialized
1665977114,2635,state_change,BUSY,initialized
1665977114,1275,state_change,BUSY,initialized
1665977114,3537,state_change,BUSY,initialized
1665977114,3744,state_change,AVAILABLE,initialized
1665977114,250,state_change,AVAILABLE,initialized
1665977114,2623,state_change,BUSY,initialized
1665977114,85,state_change,BUSY,initialized
1665977114,1169,state_change,AVAILABLE,initialized
1665977114,2897,state_change,BUSY,initialized
1665977114,2004,state_change,BUSY,initialized
1665977114,2794,state_change,BUSY,initialized
1665977114,569,state_change,BUSY,initialized
1665977114,3859,state_change,BUSY,initialized
1665977114,1944,state_change,BUSY,initialized
1665977114,3478,state_change,BUSY,initialized
1665977114,3554,state_change,BUSY,initialized
1665977114,3179,state_change,BUSY,initialized
1665977114,2188,state_change,BUSY,initialized
1665977114,3799,state_change,BUSY,initialized
1665977114,73,state_change,BUSY,initialized
1665977114,754,state_change,BUSY,initialized
1665977114,1096,state_change,BUSY,initialized
1665977114,1688,state_change,BUSY,initialized
1665977114,4179,state_change,BUSY,initialized
1665977114,3340,state_change,BUSY,initialized
1665977114,81,state_change,BUSY,initialized
1665977114,1142,state_change,BUSY,initialized
1665977114,2074,state_change,BUSY,initialized
1665977114,671,state_change,AVAILABLE,initialized
1665977114,2785,state_change,BUSY,initialized
1665977114,3016,state_change,BUSY,initialized
1665977114,2714,state_change,BUSY,initialized
1665977114,734,state_change,BUSY,initialized
1665977114,1696,state_change,BUSY,initialized
1665977114,2621,state_change,BUSY,initialized
1665977114,365,state_change,BUSY,initialized
1665977114,3094,state_change,BUSY,initialized
1665977114,1232,state_change,BUSY,initialized
1665977114,2234,state_change,AVAILABLE,initialized
1665977114,1042,state_change,AVAILABLE,initialized
1665977114,216,state_change,BUSY,initialized
1665977114,469,state_change,AVAILABLE,initialized
1665977114,4108,state_change,AVAILABLE,initialized
1665977114,4207,state_change,BUSY,initialized
1665977114,587,state_change,BUSY,initialized
1665977114,1622,state_change,BUSY,initialized
1665977114,3451,state_change,BUSY,initialized
1665977114,4837,state_change,AVAILABLE,initialized
1665977114,2048,state_change,BUSY,initialized
1665977114,3137,state_change,BUSY,initialized
1665977114,813,state_change,BUSY,initialized
1665977114,3119,state_change,BUSY,initialized
1665977114,1930,state_change,BUSY,initialized
1665977114,1219,state_change,BUSY,initialized
1665977114,925,state_change,BUSY,initialized
1665977114,2315,state_change,BUSY,initialized
1665977114,2183,state_change,BUSY,initialized
1665977114,565,state_change,BUSY,initialized
1665977114,2893,state_change,BUSY,initialized
1665977114,2708,state_change,BUSY,initialized
1665977114,816,state_change,BUSY,initialized
1665977114,278,state_change,AVAILABLE,initialized
1665977114,19,state_change,BUSY,initialized
1665977114,2555,state_change,AVAILABLE,initialized
1665977114,1756,state_change,AVAILABLE,initialized
1665977114,1093,state_change,BUSY,initialized
1665977114,268,state_change,BUSY,initialized
1665977114,2938,state_change,BUSY,initialized
1665977114,3292,state_change,BUSY,initialized
1665977114,557,state_change,BUSY,initialized
1665977114,1577,state_change,BUSY,initialized
1665977114,3031,state_change,BUSY,initialized
1665977114,634,state_change,AVAILABLE,initialized
1665977114,29,state_change,AVAILABLE,initialized
1665977114,3813,state_change,BUSY,initialized
1665977114,4007,state_change,BUSY,initialized
1665977114,425,state_change,BUSY,initialized
1665977114,4017,state_change,AVAILABLE,initialized
1665977114,2100,state_change,AVAILABLE,initialized
1665977114,1691,state_change,BUSY,initialized
1665977114,3100,state_change,BUSY,initialized
1665977114,584,state_change,AVAILABLE,initialized
1665977114,1367,state_change,AVAILABLE,initialized
1665977114,4091,state_change,BUSY,initialized
1665977114,1711,state_change,BUSY,initialized
1665977114,1922,state_change,AVAILABLE,initialized
1665977114,3579,state_change,BUSY,initialized
1665977114,2468,state_change,BUSY,initialized
1665977114,134,state_change,BUSY,initialized
1665977114,939,state_change,BUSY,initialized
1665977114,1281,state_change,BUSY,initialized
1665977114,1511,state_change,BUSY,initialized
1665977114,3825,state_change,BUSY,initialized
1665977114,2323,state_change,BUSY,initialized
1665977114,3536,state_change,AVAILABLE,initialized
1665977114,115,state_change,BUSY,initialized
1665977114,1751,state_change,AVAILABLE,initialized
1665977114,498,state_change,BUSY,initialized
1665977114,2503,state_change,BUSY,initialized
1665977114,1642,state_change,BUSY,initialized
1665977114,3935,state_change,BUSY,initialized
1665977114,3737,state_change,BUSY,initialized
1665977114,1760,state_change,AVAILABLE,initialized
1665977114,1246,state_change,BUSY,initialized
1665977114,1515,state_change,AVAILABLE,initialized
1665977114,4752,state_change,AVAILABLE,initialized
1665977114,25,state_change,BUSY,initialized
1665977114,764,state_change,AVAILABLE,initialized
1665977114,2058,state_change,AVAILABLE,initialized
1665977114,2887,state_change,AVAILABLE,initialized
1665977114,1457,state_change,AVAILABLE,initialized
1665977114,623,state_change,BUSY,initialized
1665977114,3313,state_change,BUSY,initialized
1665977114,2458,state_change,BUSY,initialized
1665977114,1538,state_change,AVAILABLE,initialized
1665977114,1788,state_change,BUSY,initialized
1665977114,90,state_change,BUSY,initialized
1665977114,2567,state_change,BUSY,initialized
1665977114,3476,state_change,BUSY,initialized
1665977114,388,state_change,AVAILABLE,initialized
1665977114,3170,state_change,AVAILABLE,initialized
1665977114,2141,state_change,AVAILABLE,initialized
1665977114,1423,state_change,AVAILABLE,initialized
1665977114,1235,state_change,AVAILABLE,initialized
1665977114,3752,state_change,BUSY,initialized
1665977114,1473,state_change,BUSY,initialized
1665977114,1229,state_change,BUSY,initialized
1665977114,3517,state_change,BUSY,initialized
1665977114,2797,state_change,AVAILABLE,initialized
1665977114,1465,state_change,BUSY,initialized
1665977114,2989,state_change,BUSY,initialized
1665977114,1638,state_change,BUSY,initialized
1665977114,4582,state_change,BUSY,initialized
1665977114,643,state_change,BUSY,initialized
1665977114,2364,state_change,BUSY,initialized
1665977114,4538,state_change,BUSY,initialized
1665977114,3552,state_change,AVAILABLE,initialized
1665977114,2998,state_change,BUSY,initialized
1665977114,188,state_change,BUSY,initialized
1665977114,3694,state_change,BUSY,initialized
1665977114,1794,state_change,AVAILABLE,initialized
1665977114,2249,state_change,AVAILABLE,initialized
1665977114,2566,state_change,BUSY,initialized
1665977114,33,state_change,BUSY,initialized
1665977114,3568,state_change,AVAILABLE,initialized
1665977114,2008,state_change,BUSY,initialized
1665977114,2598,state_change,BUSY,initialized
1665977114,2622,state_change,BUSY,initialized
1665977114,2448,state_change,BUSY,initialized
1665977114,4543,state_change,AVAILABLE,initialized
1665977114,2638,state_change,BUSY,initialized
1665977114,3533,state_change,BUSY,initialized
1665977114,3280,state_change,BUSY,initialized
1665977114,832,state_change,AVAILABLE,initialized
1665977114,327,state_change,BUSY,initialized
1665977114,971,state_change,BUSY,initialized
1665977114,1319,state_change,AVAILABLE,initialized
1665977114,381,state_change,BUSY,initialized
1665977114,582,state_change,BUSY,initialized
1665977114,40,state_change,AVAILABLE,initialized
1665977114,4765,state_change,BUSY,initialized
1665977114,2009,state_change,BUSY,initialized
1665977114,432,state_change,BUSY,initialized
1665977114,126,state_change,BUSY,initialized
1665977114,2617,state_change,AVAILABLE,initialized
1665977114,1085,state_change,BUSY,initialized
1665977114,1779,state_change,BUSY,initialized
1665977114,2171,state_change,AVAILABLE,initialized
1665977114,1932,state_change,BUSY,initialized
1665977114,4054,state_change,BUSY,initialized
1665977114,3771,state_change,AVAILABLE,initialized
1665977114,1864,state_change,AVAILABLE,initialized
1665977114,1237,state_change,AVAILABLE,initialized
1665977114,4410,state_change,BUSY,initialized
1665977114,1558,state_change,AVAILABLE,initialized
1665977114,3815,state_change,BUSY,initialized
1665977114,187,state_change,AVAILABLE,initialized
1665977114,3597,state_change,BUSY,initialized
1665977114,377,state_change,BUSY,initialized
1665977114,1379,state_change,BUSY,initialized
1665977114,2996,state_change,BUSY,initialized
1665977114,495,state_change,AVAILABLE,initialized
1665977114,3572,state_change,AVAILABLE,initialized
1665977114,775,state_change,AVAILABLE,initialized
1665977114,2091,state_change,BUSY,initialized
1665977114,3824,state_change,BUSY,initialized
1665977114,1830,state_change,BUSY,initialized
1665977114,2324,state_change,BUSY,initialized
1665977114,570,state_change,BUSY,initialized
1665977114,1002,state_change,AVAILABLE,initialized
1665977114,470,state_change,AVAILABLE,initialized
1665977114,983,state_change,BUSY,initialized
1665977114,1191,state_change,BUSY,initialized
1665977114,1762,state_change,BUSY,initialized
1665977114,3648,state_change,AVAILABLE,initialized
1665977114,1033,state_change,BUSY,initialized
1665977114,3789,state_change,BUSY,initialized
1665977114,791,state_change,BUSY,initialized
1665977114,1494,state_change,BUSY,initialized
1665977114,2731,state_change,BUSY,initialized
1665977114,1354,state_change,BUSY,initialized
1665977114,16,state_change,BUSY,initialized
1665977114,312,state_change,BUSY,initialized
1665977114,451,state_change,AVAILABLE,initialized
1665977114,3359,state_change,BUSY,initialized
1665977114,2505,state_change,BUSY,initialized
1665977114,220,state_change,AVAILABLE,initialized
1665977114,2736,state_change,BUSY,initialized
1665977114,335,state_change,AVAILABLE,initialized
1665977114,1889,state_change,BUSY,initialized
1665977114,1743,state_change,AVAILABLE,initialized
1665977114,1049,state_change,BUSY,initialized
1665977114,1689,state_change,AVAILABLE,initialized
1665977114,2690,state_change,BUSY,initialized
1665977114,694,state_change,BUSY,initialized
1665977114,3422,state_change,AVAILABLE,initialized
1665977114,3254,state_change,AVAILABLE,initialized
1665977114,1705,state_change,BUSY,initialized
1665977114,192,state_change,BUSY,initialized
1665977114,3064,state_change,AVAILABLE,initialized
1665977114,2372,state_change,BUSY,initialized
1665977114,686,state_change,AVAILABLE,initialized
1665977114,3269,state_change,BUSY,initialized
1665977114,699,state_change,BUSY,initialized
1665977114,805,state_change,BUSY,initialized
1665977114,4050,state_change,AVAILABLE,initialized
1665977114,799,state_change,BUSY,initialized
1665977114,3511,state_change,AVAILABLE,initialized
1665977114,4052,state_change,BUSY,initialized
1665977114,3220,state_change,AVAILABLE,initialized
1665977114,3030,state_change,BUSY,initialized
1665977114,3526,state_change,BUSY,initialized
1665977114,1200,state_change,BUSY,initialized
1665977114,1443,state_change,BUSY,initialized
1665977114,595,state_change,BUSY,initialized
1665977114,2500,state_change,BUSY,initialized
1665977114,1761,state_change,BUSY,initialized
1665977114,1306,state_change,AVAILABLE,initialized
1665977114,3566,state_change,BUSY,initialized
1665977114,34,state_change,BUSY,initialized
1665977114,3870,state_change,AVAILABLE,initialized
1665977114,43,state_change,AVAILABLE,initialized
1665977114,4398,state_change,BUSY,initialized
1665977114,527,state_change,BUSY,initialized
1665977114,1909,state_change,AVAILABLE,initialized
1665977114,472,state_change,AVAILABLE,initialized
1665977114,3087,state_change,AVAILABLE,initialized
1665977114,1837,state_change,AVAILABLE,initialized
1665977114,2486,state_change,AVAILABLE,initialized
1665977114,3541,state_change,BUSY,initialized
1665977114,3440,state_change,BUSY,initialized
1665977114,974,state_change,BUSY,initialized
1665977114,750,state_change,BUSY,initialized
1665977114,316,state_change,AVAILABLE,initialized
1665977114,1673,state_change,AVAILABLE,initialized
1665977114,1554,state_change,BUSY,initialized
1665977114,2134,state_change,AVAILABLE,initialized
1665977114,2547,state_change,BUSY,initialized
1665977114,651,state_change,BUSY,initialized
1665977114,2531,state_change,AVAILABLE,initialized
1665977114,1645,state_change,BUSY,initialized
1665977114,661,state_change,BUSY,initialized
1665977114,1489,state_change,BUSY,initialized
1665977114,2981,state_change,BUSY,initialized
1665977114,3637,state_change,BUSY,initialized
1665977114,2237,state_change,AVAILABLE,initialized
1665977114,2922,state_change,BUSY,initialized
1665977114,1692,state_change,BUSY,initialized
1665977114,1755,state_change,AVAILABLE,initialized
1665977114,48,state_change,BUSY,initialized
1665977114,1073,state_change,BUSY,initialized
1665977114,697,state_change,AVAILABLE,initialized
1665977114,2142,state_change,BUSY,initialized
1665977114,1432,state_change,BUSY,initialized
1665977114,561,state_change,AVAILABLE,initialized
1665977114,324,state_change,BUSY,initialized
1665977114,2606,state_change,BUSY,initialized
1665977114,968,state_change,BUSY,initialized
1665977114,1375,state_change,BUSY,initialized
1665977114,4485,state_change,BUSY,initialized
1665977114,2784,state_change,AVAILABLE,initialized
1665977114,2173,state_change,BUSY,initialized
1665977114,3546,state_change,BUSY,initialized
1665977114,1643,state_change,BUSY,initialized
1665977114,2473,state_change,AVAILABLE,initialized
1665977114,2169,state_change,AVAILABLE,initialized
1665977114,445,state_change,BUSY,initialized
1665977114,1977,state_change,BUSY,initialized
1665977114,1350,state_change,BUSY,initialized
1665977114,2285,state_change,AVAILABLE,initialized
1665977114,2676,state_change,BUSY,initialized
1665977114,3058,state_change,BUSY,initialized
1665977114,3049,state_change,AVAILABLE,initialized
1665977114,2180,state_change,BUSY,initialized
1665977114,4094,state_change,AVAILABLE,initialized
1665977114,2204,state_change,BUSY,initialized
1665977114,3708,state_change,AVAILABLE,initialized
1665977114,1496,state_change,BUSY,initialized
1665977114,2307,state_change,BUSY,initialized
1665977114,4317,state_change,AVAILABLE,initialized
1665977114,32,state_change,BUSY,initialized
1665977114,433,state_change,BUSY,initialized
1665977114,614,state_change,AVAILABLE,initialized
1665977114,1356,state_change,BUSY,initialized
1665977114,1949,state_change,BUSY,initialized
1665977114,3033,state_change,BUSY,initialized
1665977114,471,state_change,AVAILABLE,initialized
1665977114,2031,state_change,BUSY,initialized
1665977114,181,state_change,BUSY,initialized
1665977114,145,state_change,BUSY,initialized
1665977114,3372,state_change,BUSY,initialized
1665977114,2571,state_change,AVAILABLE,initialized
1665977114,2329,state_change,BUSY,initialized
1665977114,1390,state_change,BUSY,initialized
1665977114,2937,state_change,BUSY,initialized
1665977114,2347,state_change,AVAILABLE,initialized
1665977114,1098,state_change,AVAILABLE,initialized
1665977114,533,state_change,BUSY,initialized
1665977114,1139,state_change,BUSY,initialized
1665977114,3200,state_change,BUSY,initialized
1665977114,3577,state_change,BUSY,initialized
1665977114,1425,state_change,AVAILABLE,initialized
1665977114,2497,state_change,AVAILABLE,initialized
1665977114,1519,state_change,BUSY,initialized
1665977114,1447,state_change,BUSY,initialized
1665977114,2200,state_change,BUSY,initialized
1665977114,255,state_change,AVAILABLE,initialized
1665977114,224,state_change,BUSY,initialized
1665977114,1767,state_change,AVAILABLE,initialized
1665977114,854,state_change,BUSY,initialized
1665977114,186,state_change,AVAILABLE,initialized
1665977114,483,state_change,BUSY,initialized
1665977114,1687,state_change,BUSY,initialized
1665977114,1564,state_change,BUSY,initialized
1665977114,4759,state_change,BUSY,initialized
1665977114,831,state_change,AVAILABLE,initialized
1665977114,2545,state_change,BUSY,initialized
1665977114,896,state_change,BUSY,initialized
1665977114,2999,state_change,BUSY,initialized
1665977114,1551,state_change,AVAILABLE,initialized
1665977114,1759,state_change,AVAILABLE,initialized
1665977114,1757,state_change,BUSY,initialized
1665977114,282,state_change,BUSY,initialized
1665977114,127,state_change,BUSY,initialized
1665977114,1345,state_change,AVAILABLE,initialized
1665977114,2650,state_change,BUSY,initialized
1665977114,1695,state_change,BUSY,initialized
1665977114,2485,state_change,BUSY,initialized
1665977114,721,state_change,BUSY,initialized
1665977114,1961,state_change,BUSY,initialized
1665977114,1904,state_change,BUSY,initialized
1665977114,320,state_change,BUSY,initialized
1665977114,1183,state_change,AVAILABLE,initialized
1665977114,72,state_change,BUSY,initialized
1665977114,3264,state_change,BUSY,initialized
1665977114,629,state_change,AVAILABLE,initialized
1665977114,2417,state_change,BUSY,initialized
1665977114,2993,state_change,AVAILABLE,initialized
1665977114,1047,state_change,BUSY,initialized
1665977114,184,state_change,AVAILABLE,initialized
1665977114,3105,state_change,BUSY,initialized
1665977114,261,state_change,BUSY,initialized
1665977114,1260,state_change,BUSY,initialized
1665977114,1421,state_change,BUSY,initialized
1665977114,608,state_change,BUSY,initialized
1665977114,252,state_change,BUSY,initialized
1665977114,1239,state_change,BUSY,initialized
1665977114,1893,state_change,BUSY,initialized
1665977114,3491,state_change,AVAILABLE,initialized
1665977114,897,state_change,BUSY,initialized
1665977114,350,state_change,BUSY,initialized
1665977114,3453,state_change,AVAILABLE,initialized
1665977114,131,state_change,AVAILABLE,initialized
1665977114,44,state_change,AVAILABLE,initialized
1665977114,2755,state_change,BUSY,initialized
1665977114,2087,state_change,AVAILABLE,initialized
1665977114,2601,state_change,BUSY,initialized
1665977114,129,state_change,BUSY,initialized
1665977114,1039,state_change,BUSY,initialized
1665977114,2826,state_change,AVAILABLE,initialized
1665977114,685,state_change,BUSY,initialized
1665977114,49,state_change,BUSY,initialized
1665977114,1435,state_change,BUSY,initialized
1665977114,980,state_change,AVAILABLE,initialized
1665977114,2298,state_change,BUSY,initialized
1665977114,2487,state_change,BUSY,initialized
1665977114,2225,state_change,BUSY,initialized
1665977114,1399,state_change,BUSY,initialized
1665977114,2631,state_change,BUSY,initialized
1665977114,2741,state_change,BUSY,initialized
1665977114,201,state_change,BUSY,initialized
1665977114,269,state_change,BUSY,initialized
1665977114,2248,state_change,BUSY,initialized
1665977114,1975,state_change,BUSY,initialized
1665977114,893,state_change,BUSY,initialized
1665977114,1789,state_change,BUSY,initialized
1665977114,982,state_change,BUSY,initialized
1665977114,1786,state_change,BUSY,initialized
1665977114,1735,state_change,BUSY,initialized
1665977114,1223,state_change,BUSY,initialized
1665977114,777,state_change,BUSY,initialized
1665977114,2969,state_change,BUSY,initialized
1665977114,155,state_change,BUSY,initialized
1665977114,2882,state_change,BUSY,initialized
1665977114,2416,state_change,BUSY,initialized
1665977114,659,state_change,BUSY,initialized
1665977114,960,state_change,BUSY,initialized
1665977114,1548,state_change,BUSY,initialized
1665977114,1629,state_change,BUSY,initialized
1665977114,4093,state_change,BUSY,initialized
1665977114,446,state_change,AVAILABLE,initialized
1665977114,361,state_change,BUSY,initialized
1665977114,193,state_change,BUSY,initialized
1665977114,793,state_change,BUSY,initialized
1665977114,1523,state_change,AVAILABLE,initialized
1665977114,200,state_change,BUSY,initialized
1665977114,632,state_change,BUSY,initialized
1665977114,740,state_change,AVAILABLE,initialized
1665977114,1792,state_change,AVAILABLE,initialized
1665977114,458,state_change,BUSY,initialized
1665977114,1935,state_change,BUSY,initialized
1665977114,209,state_change,BUSY,initialized
1665977114,1110,state_change,BUSY,initialized
1665977114,1745,state_change,AVAILABLE,initialized
1665977114,1065,state_change,BUSY,initialized
1665977114,499,state_change,AVAILABLE,initialized
1665977114,23,state_change,BUSY,initialized
1665977114,2334,state_change,BUSY,initialized
1665977114,1639,state_change,BUSY,initialized
1665977114,514,state_change,BUSY,initialized
1665977114,1067,state_change,AVAILABLE,initialized
1665977114,1841,state_change,BUSY,initialized
1665977114,1290,state_change,BUSY,initialized
1665977114,652,state_change,BUSY,initialized
1665977114,1716,state_change,AVAILABLE,initialized
1665977114,343,state_change,BUSY,initialized
1665977114,3549,state_change,BUSY,initialized
1665977114,1029,state_change,AVAILABLE,initialized
1665977114,3055,state_change,BUSY,initialized
1665977114,342,state_change,AVAILABLE,initialized
1665977114,2885,state_change,AVAILABLE,initialized
1665977114,1152,state_change,AVAILABLE,initialized
1665977114,2264,state_change,AVAILABLE,initialized
1665977114,1814,state_change,AVAILABLE,initialized
1665977114,1573,state_change,BUSY,initialized
1665977114,573,state_change,BUSY,initialized
1665977114,459,state_change,AVAILABLE,initialized
1665977114,299,state_change,AVAILABLE,initialized
1665977114,1403,state_change,BUSY,initialized
1665977114,622,state_change,BUSY,initialized
1665977114,2478,state_change,AVAILABLE,initialized
1665977114,1415,state_change,AVAILABLE,initialized
1665977114,2392,state_change,BUSY,initialized
1665977114,1041,state_change,AVAILABLE,initialized
1665977114,166,state_change,BUSY,initialized
1665977114,4557,state_change,BUSY,initialized
1665977114,1055,state_change,BUSY,initialized
1665977114,2381,state_change,BUSY,initialized
1665977114,462,state_change,AVAILABLE,initialized
1665977114,862,state_change,BUSY,initialized
1665977114,2579,state_change,BUSY,initialized
1665977114,2025,state_change,BUSY,initialized
1665977114,1804,state_change,AVAILABLE,initialized
1665977114,2130,state_change,BUSY,initialized
1665977114,3555,state_change,BUSY,initialized
1665977114,807,state_change,BUSY,initialized
1665977114,3780,state_change,BUSY,initialized
1665977114,2395,state_change,BUSY,initialized
1665977114,271,state_change,AVAILABLE,initialized
1665977114,1555,state_change,BUSY,initialized
1665977114,628,state_change,AVAILABLE,initialized
1665977114,644,state_change,BUSY,initialized
1665977114,500,state_change,BUSY,initialized
1665977114,241,state_change,BUSY,initialized
1665977114,3284,state_change,BUSY,initialized
1665977114,2464,state_change,BUSY,initialized
1665977114,518,state_change,BUSY,initialized
1665977114,3457,state_change,BUSY,initialized
1665977114,2030,state_change,AVAILABLE,initialized
1665977114,3204,state_change,BUSY,initialized
1665977114,3311,state_change,AVAILABLE,initialized
1665977114,2886,state_change,BUSY,initialized
1665977114,930,state_change,AVAILABLE,initialized
1665977114,1132,state_change,BUSY,initialized
1665977114,2107,state_change,BUSY,initialized
1665977114,3377,state_change,BUSY,initialized
1665977114,1338,state_change,BUSY,initialized
1665977114,378,state_change,BUSY,initialized
1665977114,2833,state_change,BUSY,initialized
1665977114,3263,state_change,BUSY,initialized
1665977114,2193,state_change,BUSY,initialized
1665977114,71,state_change,BUSY,initialized
1665977114,899,state_change,BUSY,initialized
1665977114,592,state_change,BUSY,initialized
1665977114,2185,state_change,BUSY,initialized
1665977114,65,state_change,BUSY,initialized
1665977114,2883,state_change,BUSY,initialized
1665977114,3243,state_change,BUSY,initialized
1665977114,2159,state_change,AVAILABLE,initialized
1665977114,128,state_change,BUSY,initialized
1665977114,3147,state_change,AVAILABLE,initialized
1665977114,2683,state_change,BUSY,initialized
1665977114,332,state_change,BUSY,initialized
1665977114,2274,state_change,BUSY,initialized
1665977114,2098,state_change,BUSY,initialized
1665977114,169,state_change,BUSY,initialized
1665977114,293,state_change,BUSY,initialized
1665977114,2352,state_change,BUSY,initialized
1665977114,317,state_change,BUSY,initialized
1665977114,2819,state_change,BUSY,initialized
1665977114,3118,state_change,BUSY,initialized
1665977114,301,state_change,BUSY,initialized
1665977114,435,state_change,BUSY,initialized
1665977114,1927,state_change,AVAILABLE,initialized
1665977114,2929,state_change,BUSY,initialized
1665977114,3410,state_change,AVAILABLE,initialized
1665977114,718,state_change,BUSY,initialized
1665977114,1450,state_change,BUSY,initialized
1665977114,667,state_change,BUSY,initialized
1665977114,803,state_change,BUSY,initialized
1665977114,3446,state_change,BUSY,initialized
1665977114,132,state_change,BUSY,initialized
1665977114,2831,state_change,BUSY,initialized
1665977114,1550,state_change,AVAILABLE,initialized
1665977114,1288,state_change,BUSY,initialized
1665977114,1606,state_change,BUSY,initialized
1665977114,30,state_change,BUSY,initialized
1665977114,3068,state_change,BUSY,initialized
1665977114,2642,state_change,BUSY,initialized
1665977114,1498,state_change,AVAILABLE,initialized
1665977114,3375,state_change,AVAILABLE,initialized
1665977114,2803,state_change,AVAILABLE,initialized
1665977114,2953,state_change,BUSY,initialized
1665977114,4237,state_change,BUSY,initialized
1665977114,2849,state_change,BUSY,initialized
1665977114,147,state_change,BUSY,initialized
1665977114,113,state_change,AVAILABLE,initialized
1665977114,3924,state_change,BUSY,initialized
1665977114,1480,state_change,BUSY,initialized
1665977114,1018,state_change,AVAILABLE,initialized
1665977114,574,state_change,AVAILABLE,initialized
1665977114,743,state_change,BUSY,initialized
1665977114,1847,state_change,BUSY,initialized
1665977114,2802,state_change,BUSY,initialized
1665977114,3006,state_change,AVAILABLE,initialized
1665977114,3714,state_change,BUSY,initialized
1665977114,457,state_change,BUSY,initialized
1665977114,639,state_change,BUSY,initialized
1665977114,1627,state_change,BUSY,initialized
1665977114,3348,state_change,BUSY,initialized
1665977114,1614,state_change,BUSY,initialized
1665977114,840,state_change,BUSY,initialized
1665977114,2003,state_change,BUSY,initialized
1665977114,31,state_change,BUSY,initialized
1665977114,3272,state_change,AVAILABLE,initialized
1665977114,21,state_change,BUSY,initialized
1665977114,1545,state_change,AVAILABLE,initialized
1665977114,27,state_change,BUSY,initialized
1665977114,1916,state_change,AVAILABLE,initialized
1665977114,133,state_change,BUSY,initialized
1665977114,1171,state_change,BUSY,initialized
1665977114,2341,state_change,BUSY,initialized
1665977114,2384,state_change,BUSY,initialized
1665977114,531,state_change,BUSY,initialized
1665977114,1341,state_change,BUSY,initialized
1665977114,1217,state_change,BUSY,initialized
1665977114,3444,state_change,AVAILABLE,initialized
1665977114,818,state_change,BUSY,initialized
1665977114,1054,state_change,BUSY,initialized
1665977114,2570,state_change,BUSY,initialized
1665977114,3205,state_change,BUSY,initialized
1665977114,1848,state_change,BUSY,initialized
1665977114,2040,state_change,AVAILABLE,initialized
1665977114,1417,state_change,AVAILABLE,initialized
1665977114,3069,state_change,AVAILABLE,initialized
1665977114,4390,state_change,AVAILABLE,initialized
1665977114,198,state_change,BUSY,initialized
1665977114,3062,state_change,BUSY,initialized
1665977114,4090,state_change,BUSY,initialized
1665977114,2705,state_change,AVAILABLE,initialized
1665977114,2829,state_change,BUSY,initialized
1665977114,4130,state_change,AVAILABLE,initialized
1665977114,4347,state_change,AVAILABLE,initialized
1665977114,4484,state_change,AVAILABLE,initialized
1665977114,3826,state_change,BUSY,initialized
1665977114,1224,state_change,AVAILABLE,initialized
1665977114,908,state_change,AVAILABLE,initialized
1665977114,3948,state_change,BUSY,initialized
1665977114,554,state_change,AVAILABLE,initialized
1665977114,4155,state_change,AVAILABLE,initialized
1665977114,4077,state_change,BUSY,initialized
1665977114,1012,state_change,AVAILABLE,initialized
1665977114,4133,state_change,AVAILABLE,initialized
1665977114,2821,state_change,BUSY,initialized
1665977114,709,state_change,AVAILABLE,initialized
1665977114,2436,state_change,AVAILABLE,initialized
1665977114,2057,state_change,AVAILABLE,initialized
1665977114,1805,state_change,AVAILABLE,initialized
1665977114,4729,state_change,AVAILABLE,initialized
1665977114,2056,state_change,AVAILABLE,initialized
1665977114,3084,state_change,BUSY,initialized
1665977114,2320,state_change,BUSY,initialized
1665977114,4502,state_change,AVAILABLE,initialized
1665977114,4023,state_change,AVAILABLE,initialized
1665977114,4270,state_change,BUSY,initialized
1665977114,4651,state_change,AVAILABLE,initialized
1665977114,1986,state_change,AVAILABLE,initialized
1665977114,3425,state_change,AVAILABLE,initialized
1665977114,1748,state_change,BUSY,initialized
1665977114,4022,state_change,AVAILABLE,initialized
1665977114,4872,state_change,BUSY,initialized
1665977114,3747,state_change,AVAILABLE,initialized
1665977114,1323,state_change,AVAILABLE,initialized
1665977114,4220,state_change,BUSY,initialized
1665977114,4044,state_change,AVAILABLE,initialized
1665977114,2075,state_change,BUSY,initialized
1665977114,1770,state_change,BUSY,initialized
1665977114,756,state_change,AVAILABLE,initialized
1665977114,3380,state_change,AVAILABLE,initialized
1665977114,3259,state_change,AVAILABLE,initialized
1665977114,1128,state_change,BUSY,initialized
1665977114,3950,state_change,AVAILABLE,initialized
1665977114,2066,state_change,AVAILABLE,initialized
1665977114,4117,state_change,BUSY,initialized
1665977114,3322,state_change,AVAILABLE,initialized
1665977114,1322,state_change,AVAILABLE,initialized
1665977114,3728,state_change,BUSY,initialized
1665977114,142,state_change,BUSY,initialized
1665977114,3937,state_change,BUSY,initialized
1665977114,3498,state_change,BUSY,initialized
1665977114,3991,state_change,AVAILABLE,initialized
1665977114,4406,state_change,BUSY,initialized
1665977114,2745,state_change,BUSY,initialized
1665977114,928,state_change,AVAILABLE,initialized
1665977114,597,state_change,BUSY,initialized
1665977114,1180,state_change,AVAILABLE,initialized
1665977114,717,state_change,AVAILABLE,initialized
1665977114,39,state_change,AVAILABLE,initialized
1665977114,3961,state_change,BUSY,initialized
1665977114,4368,state_change,AVAILABLE,initialized
1665977114,482,state_change,BUSY,initialized
1665977114,1420,state_change,BUSY,initialized
1665977114,3642,state_change,BUSY,initialized
1665977114,163,state_change,AVAILABLE,initialized
1665977114,101,state_change,AVAILABLE,initialized
1665977114,3804,state_change,AVAILABLE,initialized
1665977114,871,state_change,AVAILABLE,initialized
1665977114,1929,state_change,AVAILABLE,initialized
1665977114,3608,state_change,AVAILABLE,initialized
1665977114,4421,state_change,AVAILABLE,initialized
1665977114,3499,state_change,BUSY,initialized
1665977114,4320,state_change,AVAILABLE,initialized
1665977114,875,state_change,AVAILABLE,initialized
1665977114,4480,state_change,BUSY,initialized
1665977114,2455,state_change,BUSY,initialized
1665977114,3525,state_change,AVAILABLE,initialized
1665977114,3886,state_change,AVAILABLE,initialized
1665977114,3191,state_change,BUSY,initialized
1665977114,98,state_change,AVAILABLE,initialized
1665977114,3833,state_change,BUSY,initialized
1665977114,3679,state_change,AVAILABLE,initialized
1665977114,3492,state_change,BUSY,initialized
1665977114,613,state_change,BUSY,initialized
1665977114,4152,state_change,BUSY,initialized
1665977114,2467,state_change,AVAILABLE,initialized
1665977114,4524,state_change,BUSY,initialized
1665977114,3203,state_change,AVAILABLE,initialized
1665977114,4212,state_change,BUSY,initialized
1665977114,1571,state_change,BUSY,initialized
1665977114,4566,state_change,BUSY,initialized
1665977114,1896,state_change,AVAILABLE,initialized
1665977114,4704,state_change,AVAILABLE,initialized
1665977114,2903,state_change,AVAILABLE,initialized
1665977114,1159,state_change,AVAILABLE,initialized
1665977114,670,state_change,AVAILABLE,initialized
1665977114,3409,state_change,AVAILABLE,initialized
1665977114,3330,state_change,AVAILABLE,initialized
1665977114,3140,state_change,AVAILABLE,initialized
1665977114,1424,state_change,AVAILABLE,initialized
1665977114,761,state_change,AVAILABLE,initialized
1665977114,4128,state_change,AVAILABLE,initialized
1665977114,2068,state_change,AVAILABLE,initialized
1665977114,1915,state_change,BUSY,initialized
1665977114,1923,state_change,BUSY,initialized
1665977114,2221,state_change,AVAILABLE,initialized
1665977114,60,state_change,BUSY,initialized
1665977114,94,state_change,AVAILABLE,initialized
1665977114,3852,state_change,AVAILABLE,initialized
1665977114,1919,state_change,BUSY,initialized
1665977114,1618,state_change,AVAILABLE,initialized
1665977114,120,state_change,AVAILABLE,initialized
1665977114,1742,state_change,AVAILABLE,initialized
1665977114,3307,state_change,AVAILABLE,initialized
1665977114,4678,state_change,AVAILABLE,initialized
1665977114,3984,state_change,AVAILABLE,initialized
1665977114,723,state_change,AVAILABLE,initialized
1665977114,4264,state_change,BUSY,initialized
1665977114,633,state_change,AVAILABLE,initialized
1665977114,357,state_change,AVAILABLE,initialized
1665977114,924,state_change,BUSY,initialized
1665977114,4731,state_change,AVAILABLE,initialized
1665977114,287,state_change,AVAILABLE,initialized
1665977114,2067,state_change,AVAILABLE,initialized
1665977114,2788,state_change,AVAILABLE,initialized
1665977114,1620,state_change,AVAILABLE,initialized
1665977114,2366,state_change,BUSY,initialized
1665977114,2789,state_change,BUSY,initialized
1665977114,42,state_change,BUSY,initialized
1665977114,3423,state_change,AVAILABLE,initialized
1665977114,4932,state_change,AVAILABLE,initialized
1665977114,3862,state_change,AVAILABLE,initialized
1665977114,3718,state_change,AVAILABLE,initialized
1665977114,904,state_change,AVAILABLE,initialized
1665977114,323,state_change,AVAILABLE,initialized
1665977114,1772,state_change,AVAILABLE,initialized
1665977114,1212,state_change,BUSY,initialized
1665977114,4079,state_change,BUSY,initialized
1665977114,1305,state_change,BUSY,assigned_order
1665977114,2826,state_change,BUSY,assigned_order
1665977114,207,state_change,BUSY,assigned_order
1665977114,1771,state_change,BUSY,assigned_order
1665977114,1314,state_change,BUSY,assigned_order
1665977114,493,state_change,BUSY,assigned_order
1665977114,3369,state_change,BUSY,assigned_order
1665977114,4554,state_change,BUSY,assigned_order
1665977114,3254,state_change,BUSY,assigned_order
1665977114,3165,state_change,BUSY,assigned_order
1665977114,1784,state_change,BUSY,assigned_order
1665977114,2478,state_change,BUSY,assigned_order
1665977114,4347,state_change,BUSY,assigned_order
1665977114,3536,state_change,BUSY,assigned_order
1665977114,2150,state_change,BUSY,assigned_order
1665977114,2993,state_change,BUSY,assigned_order
1665977114,1029,state_change,BUSY,assigned_order
1665977114,1599,state_change,BUSY,assigned_order
1665977114,2407,state_change,BUSY,assigned_order
1665977114,1276,state_change,BUSY,assigned_order
1665977114,4087,state_change,BUSY,assigned_order
1665977114,1664,state_change,BUSY,assigned_order
1665977114,1342,state_change,BUSY,assigned_order
1665977114,3520,state_change,BUSY,assigned_order
1665977114,3552,state_change,BUSY,assigned_order
1665977114,3099,state_change,BUSY,assigned_order
1665977114,3754,state_change,BUSY,assigned_order
1665977114,1884,state_change,BUSY,assigned_order
1665977114,1385,state_change,BUSY,assigned_order
1665977114,2743,state_change,BUSY,assigned_order
1665977114,1111,state_change,BUSY,assigned_order
1665977114,1725,state_change,BUSY,assigned_order
1665977114,2347,state_change,BUSY,assigned_order
1665977114,58,state_change,BUSY,assigned_order
1665977114,470,state_change,BUSY,assigned_order
1665977114,670,state_change,BUSY,assigned_order
1665977114,122,state_change,BUSY,assigned_order
1665977114,546,state_change,BUSY,assigned_order
1665977114,4932,state_change,BUSY,assigned_order
1665977114,1180,state_change,BUSY,assigned_order
1665977114,3930,state_change,BUSY,assigned_order
1665977114,3026,state_change,BUSY,assigned_order
1665977114,2459,state_change,BUSY,assigned_order
1665977114,1558,state_change,BUSY,assigned_order
1665977114,2486,state_change,BUSY,assigned_order
1665977114,309,state_change,BUSY,assigned_order
1665977114,4332,state_change,BUSY,assigned_order
1665977114,1279,state_change,BUSY,assigned_order
1665977114,2181,state_change,BUSY,assigned_order
1665977114,4701,state_change,BUSY,assigned_order
1665977114,2744,state_change,BUSY,assigned_order
1665977114,1737,state_change,BUSY,assigned_order
1665977114,2723,state_change,BUSY,assigned_order
1665977114,4379,state_change,BUSY,assigned_order
1665977114,920,state_change,BUSY,assigned_order
1665977114,888,state_change,BUSY,assigned_order
1665977114,1986,state_change,BUSY,assigned_order
1665977114,922,state_change,BUSY,assigned_order
1665977114,3004,state_change,BUSY,assigned_order
1665977114,2192,state_change,BUSY,assigned_order
1665977114,1773,state_change,BUSY,assigned_order
1665977114,3184,state_change,BUSY,assigned_order
1665977114,646,state_change,BUSY,assigned_order
1665977114,1546,state_change,BUSY,assigned_order
1665977114,249,state_change,BUSY,assigned_order
1665977114,1965,state_change,BUSY,assigned_order
1665977114,1708,state_change,BUSY,assigned_order
1665977114,1938,state_change,BUSY,assigned_order
1665977114,1716,state_change,BUSY,assigned_order
1665977114,686,state_change,BUSY,assigned_order
1665977114,2073,state_change,BUSY,assigned_order
1665977114,2788,state_change,BUSY,assigned_order
1665977114,1152,state_change,BUSY,assigned_order
1665977114,2072,state_change,BUSY,assigned_order
1665977114,1159,state_change,BUSY,assigned_order
1665977114,3121,state_change,BUSY,assigned_order
1665977114,1089,state_change,BUSY,assigned_order
1665977114,1545,state_change,BUSY,assigned_order
1665977114,220,state_change,BUSY,assigned_order
1665977114,236,state_change,BUSY,assigned_order
1665977114,3444,state_change,BUSY,assigned_order
1665977114,558,state_change,BUSY,assigned_order
1665977114,2134,state_change,BUSY,assigned_order
1665977114,3271,state_change,BUSY,assigned_order
1665977114,2041,state_change,BUSY,assigned_order
1665977114,2839,state_change,BUSY,assigned_order
1665977114,1909,state_change,BUSY,assigned_order
1665977114,289,state_change,BUSY,assigned_order
1665977114,2498,state_change,BUSY,assigned_order
1665977114,184,state_change,BUSY,assigned_order
1665977114,388,state_change,BUSY,assigned_order
1665977114,2040,state_change,BUSY,assigned_order
1665977114,534,state_change,BUSY,assigned_order
1665977114,4218,state_change,BUSY,assigned_order
1665977114,3872,state_change,BUSY,assigned_order
1665977114,2851,state_change,BUSY,assigned_order
1665977114,553,state_change,BUSY,assigned_order
1665977114,1657,state_change,BUSY,assigned_order
1665977114,891,state_change,BUSY,assigned_order
1665977114,263,state_change,BUSY,assigned_order
1665977114,3012,state_change,BUSY,assigned_order
1665977114,4036,state_change,BUSY,assigned_order
1665977114,94,state_change,BUSY,assigned_order
1665977114,980,state_change,BUSY,assigned_order
1665977114,1869,state_change,BUSY,assigned_order
1665977114,3647,state_change,BUSY,assigned_order
1665977114,4504,state_change,BUSY,assigned_order
1665977114,3410,state_change,BUSY,assigned_order
1665977114,2169,state_change,BUSY,assigned_order
1665977114,3147,state_change,BUSY,assigned_order
1665977114,3980,state_change,BUSY,assigned_order
1665977114,2835,state_change,BUSY,assigned_order
1665977114,99,state_change,BUSY,assigned_order
1665977234,4731,state_change,BUSY,assigned_order
1665977234,2234,state_change,BUSY,assigned_order
1665977234,371,state_change,BUSY,assigned_order
1665977234,40,state_change,BUSY,assigned_order
1665977234,681,state_change,BUSY,assigned_order
1665977234,4753,state_change,BUSY,assigned_order
1665977234,2318,state_change,BUSY,assigned_order
1665977234,726,state_change,BUSY,assigned_order
1665977234,1759,state_change,BUSY,assigned_order
1665977234,3259,state_change,BUSY,assigned_order
1665977234,4317,state_change,BUSY,assigned_order
1665977234,117,state_change,BUSY,assigned_order
1665977234,2534,state_change,BUSY,assigned_order
1665977234,2264,state_change,BUSY,assigned_order
1665977234,1953,state_change,BUSY,assigned_order
1665977234,2046,state_change,BUSY,assigned_order
1665977234,1423,state_change,BUSY,assigned_order
1665977234,1960,state_change,BUSY,assigned_order
1665977234,832,state_change,BUSY,assigned_order
1665977234,131,state_change,BUSY,assigned_order
1665977234,1235,state_change,BUSY,assigned_order
1665977234,2770,state_change,BUSY,assigned_order
1665977234,1098,state_change,BUSY,assigned_order
1665977234,3360,state_change,BUSY,assigned_order
1665977234,3171,state_change,BUSY,assigned_order
1665977234,446,state_change,BUSY,assigned_order
1665977234,4022,state_change,BUSY,assigned_order
1665977234,3342,state_change,BUSY,assigned_order
1665977234,2123,state_change,BUSY,assigned_order
1665977234,1067,state_change,BUSY,assigned_order
1665977234,2139,state_change,BUSY,assigned_order
1665977234,3181,state_change,BUSY,assigned_order
1665977234,1449,state_change,BUSY,assigned_order
1665977234,1175,state_change,BUSY,assigned_order
1665977234,465,state_change,BUSY,assigned_order
1665977234,17,state_change,BUSY,assigned_order
1665977234,574,state_change,BUSY,assigned_order
1665977234,357,state_change,BUSY,assigned_order
1665977234,1367,state_change,BUSY,assigned_order
1665977234,2898,state_change,BUSY,assigned_order
1665977234,373,state_change,BUSY,assigned_order
1665977234,2221,state_change,BUSY,assigned_order
1665977234,2330,state_change,BUSY,assigned_order
1665977234,3744,state_change,BUSY,assigned_order
1665977234,917,state_change,BUSY,assigned_order
1665977234,1814,state_change,BUSY,assigned_order
1665977234,299,state_change,BUSY,assigned_order
1665977234,1792,state_change,BUSY,assigned_order
1665977234,3670,state_change,BUSY,assigned_order
1665977234,759,state_change,BUSY,assigned_order
1665977234,3130,state_change,BUSY,assigned_order
1665977234,2159,state_change,BUSY,assigned_order
1665977234,2269,state_change,BUSY,assigned_order
1665977234,1804,state_change,BUSY,assigned_order
1665977234,1282,state_change,BUSY,assigned_order
1665977234,1999,state_change,BUSY,assigned_order
1665977234,3909,state_change,BUSY,assigned_order
1665977234,1220,state_change,BUSY,assigned_order
1665977234,2803,state_change,BUSY,assigned_order
1665977234,4708,state_change,BUSY,assigned_order
1665977234,113,state_change,BUSY,assigned_order
1665977234,1628,state_change,BUSY,assigned_order
1665977234,3087,state_change,BUSY,assigned_order
1665977234,1579,state_change,BUSY,assigned_order
1665977234,1655,state_change,BUSY,assigned_order
1665977234,1616,state_change,BUSY,assigned_order
1665977234,3548,state_change,BUSY,assigned_order
1665977234,1140,state_change,BUSY,assigned_order
1665977234,723,state_change,BUSY,assigned_order
1665977234,2081,state_change,BUSY,assigned_order
1665977234,278,state_change,BUSY,assigned_order
1665977234,3049,state_change,BUSY,assigned_order
1665977234,1322,state_change,BUSY,assigned_order
1665977234,1131,state_change,BUSY,assigned_order
1665977234,3608,state_change,BUSY,assigned_order
1665977234,2862,state_change,BUSY,assigned_order
1665977234,501,state_change,BUSY,assigned_order
1665977234,695,state_change,BUSY,assigned_order
1665977234,2129,state_change,BUSY,assigned_order
1665977234,835,state_change,BUSY,assigned_order
1665977234,1760,state_change,BUSY,assigned_order
1665977234,250,state_change,BUSY,assigned_order
1665977234,564,state_change,BUSY,assigned_order
1665977234,4029,state_change,BUSY,assigned_order
1665977234,927,state_change,BUSY,assigned_order
1665977234,1620,state_change,BUSY,assigned_order
1665977234,3211,state_change,BUSY,assigned_order
1665977234,4502,state_change,BUSY,assigned_order
1665977234,1550,state_change,BUSY,assigned_order
1665977234,3428,state_change,BUSY,assigned_order
1665977234,2436,state_change,BUSY,assigned_order
1665977234,3933,state_change,BUSY,assigned_order
1665977234,4030,state_change,BUSY,assigned_order
1665977234,356,state_change,BUSY,assigned_order
1665977234,871,state_change,BUSY,assigned_order
1665977234,1523,state_change,BUSY,assigned_order
1665977234,1690,state_change,BUSY,assigned_order
1665977234,3771,state_change,BUSY,assigned_order
1665977234,265,state_change,BUSY,assigned_order
1665977234,4050,state_change,BUSY,assigned_order
1665977234,4752,state_change,BUSY,assigned_order
1665977234,1274,state_change,BUSY,assigned_order
1665977234,2100,state_change,BUSY,assigned_order
1665977234,3175,state_change,BUSY,assigned_order
1665977234,316,state_change,BUSY,assigned_order
1665977234,2571,state_change,BUSY,assigned_order
1665977234,1865,state_change,BUSY,assigned_order
1665977234,4221,state_change,BUSY,assigned_order
1665977234,1319,state_change,BUSY,assigned_order
1665977234,1070,state_change,BUSY,assigned_order
1665977234,273,state_change,BUSY,assigned_order
1665977234,459,state_change,BUSY,assigned_order
1665977234,1673,state_change,BUSY,assigned_order
1665977234,4099,state_change,BUSY,assigned_order
1665977234,372,state_change,BUSY,assigned_order
1665977234,875,state_change,BUSY,assigned_order
1665977414,634,state_change,BUSY,assigned_order
1665977414,4092,state_change,BUSY,assigned_order
1665977414,1838,state_change,BUSY,assigned_order
1665977414,1198,state_change,BUSY,assigned_order
1665977414,2985,state_change,BUSY,assigned_order
1665977414,180,state_change,BUSY,assigned_order
1665977414,4185,state_change,BUSY,assigned_order
1665977414,692,state_change,BUSY,assigned_order
1665977414,1551,state_change,BUSY,assigned_order
1665977414,2555,state_change,BUSY,assigned_order
1665977414,1756,state_change,BUSY,assigned_order
1665977414,3491,state_change,BUSY,assigned_order
1665977414,462,state_change,BUSY,assigned_order
1665977414,3823,state_change,BUSY,assigned_order
1665977414,2513,state_change,BUSY,assigned_order
1665977414,2454,state_change,BUSY,assigned_order
1665977414,3881,state_change,BUSY,assigned_order
1665977414,3246,state_change,BUSY,assigned_order
1665977414,3991,state_change,BUSY,assigned_order
1665977414,3568,state_change,BUSY,assigned_order
1665977414,283,state_change,BUSY,assigned_order
1665977414,3267,state_change,BUSY,assigned_order
1665977414,775,state_change,BUSY,assigned_order
1665977414,88,state_change,BUSY,assigned_order
1665977414,831,state_change,BUSY,assigned_order
1665977414,4208,state_change,BUSY,assigned_order
1665977414,2087,state_change,BUSY,assigned_order
1665977414,3,state_change,BUSY,assigned_order
1665977414,4223,state_change,BUSY,assigned_order
1665977414,4368,state_change,BUSY,assigned_order
1665977414,2687,state_change,BUSY,assigned_order
1665977414,1743,state_change,BUSY,assigned_order
1665977414,1794,state_change,BUSY,assigned_order
1665977414,3422,state_change,BUSY,assigned_order
1665977414,1970,state_change,BUSY,assigned_order
1665977414,328,state_change,BUSY,assigned_order
1665977414,93,state_change,BUSY,assigned_order
1665977414,1076,state_change,BUSY,assigned_order
1665977414,4308,state_change,BUSY,assigned_order
1665977414,44,state_change,BUSY,assigned_order
1665977414,3220,state_change,BUSY,assigned_order
1665977414,1559,state_change,BUSY,assigned_order
1665977414,1922,state_change,BUSY,assigned_order
1665977414,1237,state_change,BUSY,assigned_order
1665977414,2738,state_change,BUSY,assigned_order
1665977414,1160,state_change,BUSY,assigned_order
1665977414,409,state_change,BUSY,assigned_order
1665977414,3829,state_change,BUSY,assigned_order
1665977414,2887,state_change,BUSY,assigned_order
1665977414,4017,state_change,BUSY,assigned_order
1665977414,930,state_change,BUSY,assigned_order
1665977414,1345,state_change,BUSY,assigned_order
1665977414,537,state_change,BUSY,assigned_order
1665977414,4837,state_change,BUSY,assigned_order
1665977414,3511,state_change,BUSY,assigned_order
1665977414,566,state_change,BUSY,assigned_order
1665977414,3311,state_change,BUSY,assigned_order
1665977414,3375,state_change,BUSY,assigned_order
1665977414,3131,state_change,BUSY,assigned_order
1665977414,2885,state_change,BUSY,assigned_order
1665977414,2367,state_change,BUSY,assigned_order
1665977414,629,state_change,BUSY,assigned_order
1665977414,618,state_change,BUSY,assigned_order
1665977414,3558,state_change,BUSY,assigned_order
1665977414,2157,state_change,BUSY,assigned_order
1665977414,3307,state_change,BUSY,assigned_order
1665977414,3237,state_change,BUSY,assigned_order
1665977414,3006,state_change,BUSY,assigned_order
1665977414,631,state_change,BUSY,assigned_order
1665977414,761,state_change,BUSY,assigned_order
1665977414,1498,state_change,BUSY,assigned_order
1665977414,120,state_change,BUSY,assigned_order
1665977414,1362,state_change,BUSY,assigned_order
1665977414,1018,state_change,BUSY,assigned_order
1665977414,758,state_change,BUSY,assigned_order
1665977414,1041,state_change,BUSY,assigned_order
1665977414,101,state_change,BUSY,assigned_order
1665977414,1685,state_change,BUSY,assigned_order
1665977414,1515,state_change,BUSY,assigned_order
1665977414,144,state_change,BUSY,assigned_order
1665977414,1414,state_change,BUSY,assigned_order
1665977414,266,state_change,BUSY,assigned_order
1665977414,2884,state_change,BUSY,assigned_order
1665977414,1837,state_change,BUSY,assigned_order
1665977414,4002,state_change,BUSY,assigned_order
1665977414,1568,state_change,BUSY,assigned_order
1665977414,368,state_change,BUSY,assigned_order
1665977414,3272,state_change,BUSY,assigned_order
1665977414,2441,state_change,BUSY,assigned_order
1665977414,628,state_change,BUSY,assigned_order
1665977414,3111,state_change,BUSY,assigned_order
1665977414,1929,state_change,BUSY,assigned_order
1665977414,1012,state_change,BUSY,assigned_order
1665977414,1412,state_change,BUSY,assigned_order
1665977414,172,state_change,BUSY,assigned_order
1665977414,3178,state_change,BUSY,assigned_order
1665977414,2518,state_change,BUSY,assigned_order
1665977414,3572,state_change,BUSY,assigned_order
1665977414,3266,state_change,BUSY,assigned_order
1665977414,4133,state_change,BUSY,assigned_order
1665977414,2285,state_change,BUSY,assigned_order
1665977414,2715,state_change,BUSY,assigned_order
1665977414,4694,state_change,BUSY,assigned_order
1665977414,7,state_change,BUSY,assigned_order
1665977414,3140,state_change,BUSY,assigned_order
1665977414,1538,state_change,BUSY,assigned_order
1665977414,1455,state_change,BUSY,assigned_order
1665977414,162,state_change,BUSY,assigned_order
1665977414,2411,state_change,BUSY,assigned_order
1665977414,1866,state_change,BUSY,assigned_order
1665977414,1689,state_change,BUSY,assigned_order
1665977414,3279,state_change,BUSY,assigned_order
1665977414,3604,state_change,BUSY,assigned_order
1665977414,186,state_change,BUSY,assigned_order
1665977414,1444,state_change,BUSY,assigned_order
1665977414,1775,state_change,BUSY,assigned_order
1665977414,2423,state_change,BUSY,assigned_order
1665977414,877,state_change,BUSY,assigned_order
1665977414,1976,state_change,BUSY,assigned_order
1666063506,705,state_change,AVAILABLE,completed_delivery
1666063506,392,state_change,AVAILABLE,completed_delivery
1666063506,3248,state_change,AVAILABLE,completed_delivery
1666063506,993,state_change,AVAILABLE,completed_delivery
1666063506,4183,state_change,AVAILABLE,completed_delivery
1666063506,1877,state_change,AVAILABLE,completed_delivery
1666063506,51,state_change,AVAILABLE,completed_delivery
1666063506,236,state_change,AVAILABLE,completed_delivery
1666063506,4702,state_change,AVAILABLE,completed_delivery
1666063506,2065,state_change,AVAILABLE,completed_delivery
1666063506,4360,state_change,AVAILABLE,completed_delivery
1666063506,1586,state_change,AVAILABLE,completed_delivery
1666063506,2123,state_change,AVAILABLE,completed_delivery
1666063506,1556,state_change,AVAILABLE,completed_delivery
1666063506,1283,state_change,AVAILABLE,completed_delivery
1666063506,3434,state_change,AVAILABLE,completed_delivery
1666063506,2182,state_change,AVAILABLE,completed_delivery
1666063506,1499,state_change,AVAILABLE,completed_delivery
1666063506,2956,state_change,AVAILABLE,completed_delivery
1666063506,2118,state_change,AVAILABLE,completed_delivery
1666063506,2433,state_change,AVAILABLE,completed_delivery
1666063506,4194,state_change,AVAILABLE,completed_delivery
1666063506,251,state_change,AVAILABLE,completed_delivery
1666063506,3334,state_change,AVAILABLE,completed_delivery
1666063506,3483,state_change,AVAILABLE,completed_delivery
1666063506,2589,state_change,AVAILABLE,completed_delivery
1666063506,3257,state_change,AVAILABLE,completed_delivery
1666063506,505,state_change,AVAILABLE,completed_delivery
1666063506,684,state_change,AVAILABLE,completed_delivery
1666063506,4377,state_change,AVAILABLE,completed_delivery
1666063506,1043,state_change,AVAILABLE,completed_delivery
1666063506,429,state_change,AVAILABLE,completed_delivery
1666063506,1773,state_change,AVAILABLE,completed_delivery
1666063506,3131,state_change,AVAILABLE,completed_delivery
1666063506,2117,state_change,AVAILABLE,completed_delivery
1666063506,3217,state_change,AVAILABLE,completed_delivery
1666063506,867,state_change,AVAILABLE,completed_delivery
1666063506,1950,state_change,AVAILABLE,completed_delivery
1666063506,1512,state_change,AVAILABLE,completed_delivery
1666063506,3899,state_change,AVAILABLE,completed_delivery
1666063506,1220,state_change,AVAILABLE,completed_delivery
1666063506,319,state_change,AVAILABLE,completed_delivery
1666063506,99,state_change,AVAILABLE,completed_delivery
1666063506,3413,state_change,AVAILABLE,completed_delivery
1666063506,2724,state_change,AVAILABLE,completed_delivery
1666063506,289,state_change,AVAILABLE,completed_delivery
1666063506,149,state_change,AVAILABLE,completed_delivery
1666063506,2189,state_change,AVAILABLE,completed_delivery
1666063506,1937,state_change,AVAILABLE,completed_delivery
1666063506,2353,state_change,AVAILABLE,completed_delivery
1666063506,3034,state_change,AVAILABLE,completed_delivery
1666063506,2365,state_change,AVAILABLE,completed_delivery
1666063506,3130,state_change,AVAILABLE,completed_delivery
1666063506,711,state_change,AVAILABLE,completed_delivery
1666063506,3128,state_change,AVAILABLE,completed_delivery
1666063506,2295,state_change,AVAILABLE,completed_delivery
1666063506,2563,state_change,AVAILABLE,completed_delivery
1666063506,2781,state_change,AVAILABLE,completed_delivery
1666063506,2913,state_change,AVAILABLE,completed_delivery
1666063506,2270,state_change,AVAILABLE,completed_delivery
1666063506,1728,state_change,AVAILABLE,completed_delivery
1666063506,3801,state_change,AVAILABLE,completed_delivery
1666063506,618,state_change,AVAILABLE,completed_delivery
1666063506,690,state_change,AVAILABLE,completed_delivery
1666063506,63,state_change,AVAILABLE,completed_delivery
1666063506,2409,state_change,AVAILABLE,completed_delivery
1666063506,2060,state_change,AVAILABLE,completed_delivery
1666063506,3726,state_change,AVAILABLE,completed_delivery
1666063506,231,state_change,AVAILABLE,completed_delivery
1666063506,2407,state_change,AVAILABLE,completed_delivery
1666063506,4030,state_change,AVAILABLE,completed_delivery
1666063506,1657,state_change,AVAILABLE,completed_delivery
1666063506,2288,state_change,AVAILABLE,completed_delivery
1666063506,1712,state_change,AVAILABLE,completed_delivery
1666063506,2097,state_change,AVAILABLE,completed_delivery
1666063506,701,state_change,AVAILABLE,completed_delivery
1666063506,3350,state_change,AVAILABLE,completed_delivery
1666063506,24,state_change,AVAILABLE,completed_delivery
1666063506,2484,state_change,AVAILABLE,completed_delivery
1666063506,2309,state_change,AVAILABLE,completed_delivery
1666063506,503,state_change,AVAILABLE,completed_delivery
1666063506,2959,state_change,AVAILABLE,completed_delivery
1666063506,1611,state_change,AVAILABLE,completed_delivery
1666063506,385,state_change,AVAILABLE,completed_delivery
1666063506,1626,state_change,AVAILABLE,completed_delivery
1666063506,1968,state_change,AVAILABLE,completed_delivery
1666063506,856,state_change,AVAILABLE,completed_delivery
1666063506,1938,state_change,AVAILABLE,completed_delivery
1666063506,3000,state_change,AVAILABLE,completed_delivery
1666063506,122,state_change,AVAILABLE,completed_delivery
1666063506,2230,state_change,AVAILABLE,completed_delivery
1666063506,801,state_change,AVAILABLE,completed_delivery
1666063506,349,state_change,AVAILABLE,completed_delivery
1666063506,4430,state_change,AVAILABLE,completed_delivery
1666063506,2076,state_change,AVAILABLE,completed_delivery
1666063506,64,state_change,AVAILABLE,completed_delivery
1666063506,1294,state_change,AVAILABLE,completed_delivery
1666063506,575,state_change,AVAILABLE,completed_delivery
1666063506,2710,state_change,AVAILABLE,completed_delivery
1666063506,1879,state_change,AVAILABLE,completed_delivery
1666063506,2813,state_change,AVAILABLE,completed_delivery
1666063506,2276,state_change,AVAILABLE,completed_delivery
1666063506,206,state_change,AVAILABLE,completed_delivery
1666063506,371,state_change,AVAILABLE,completed_delivery
1666063506,1993,state_change,AVAILABLE,completed_delivery
1666063506,1505,state_change,AVAILABLE,completed_delivery
1666063506,1567,state_change,AVAILABLE,completed_delivery
1666063506,3725,state_change,AVAILABLE,completed_delivery
1666063506,929,state_change,AVAILABLE,completed_delivery
1666063506,1329,state_change,AVAILABLE,completed_delivery
1666063506,3873,state_change,AVAILABLE,completed_delivery
1666063506,4413,state_change,AVAILABLE,completed_delivery
1666063506,2082,state_change,AVAILABLE,completed_delivery
1666063506,496,state_change,AVAILABLE,completed_delivery
1666063506,1568,state_change,AVAILABLE,completed_delivery
1666063506,1257,state_change,AVAILABLE,completed_delivery
1666063506,3333,state_change,AVAILABLE,completed_delivery
1666063506,2921,state_change,AVAILABLE,completed_delivery
1666063506,1186,state_change,AVAILABLE,completed_delivery
1666063506,1263,state_change,AVAILABLE,completed_delivery
1666063506,558,state_change,AVAILABLE,completed_delivery
1666063506,2862,state_change,AVAILABLE,completed_delivery
1666063506,1175,state_change,AVAILABLE,completed_delivery
1666063506,2836,state_change,AVAILABLE,completed_delivery
1666063506,373,state_change,AVAILABLE,completed_delivery
1666063506,1585,state_change,AVAILABLE,completed_delivery
1666063506,339,state_change,AVAILABLE,completed_delivery
1666063506,2380,state_change,AVAILABLE,completed_delivery
1666063506,2851,state_change,AVAILABLE,completed_delivery
1666063506,2150,state_change,AVAILABLE,completed_delivery
1666063506,444,state_change,AVAILABLE,completed_delivery
1666063506,3428,state_change,AVAILABLE,completed_delivery
1666063506,2694,state_change,AVAILABLE,completed_delivery
1666063506,1205,state_change,AVAILABLE,completed_delivery
1666063506,2303,state_change,AVAILABLE,completed_delivery
1666063506,747,state_change,AVAILABLE,completed_delivery
1666063506,804,state_change,AVAILABLE,completed_delivery
1666063506,369,state_change,AVAILABLE,completed_delivery
1666063506,364,state_change,AVAILABLE,completed_delivery
1666063506,851,state_change,AVAILABLE,completed_delivery
1666063506,3218,state_change,AVAILABLE,completed_delivery
1666063506,511,state_change,AVAILABLE,completed_delivery
1666063506,2423,state_change,AVAILABLE,completed_delivery
1666063506,776,state_change,AVAILABLE,completed_delivery
1666063506,1046,state_change,AVAILABLE,completed_delivery
1666063506,3003,state_change,AVAILABLE,completed_delivery
1666063506,1926,state_change,AVAILABLE,completed_delivery
1666063506,1347,state_change,AVAILABLE,completed_delivery
1666063506,4074,state_change,AVAILABLE,completed_delivery
1666063506,4701,state_change,AVAILABLE,completed_delivery
1666063506,1589,state_change,AVAILABLE,completed_delivery
1666063506,1732,state_change,AVAILABLE,completed_delivery
1666063506,3430,state_change,AVAILABLE,completed_delivery
1666063506,485,state_change,AVAILABLE,completed_delivery
1666063506,1525,state_change,AVAILABLE,completed_delivery
1666063506,3153,state_change,AVAILABLE,completed_delivery
1666063506,2266,state_change,AVAILABLE,completed_delivery
1666063506,2901,state_change,AVAILABLE,completed_delivery
1666063506,1462,state_change,AVAILABLE,completed_delivery
1666063506,219,state_change,AVAILABLE,completed_delivery
1666063506,4088,state_change,AVAILABLE,completed_delivery
1666063506,225,state_change,AVAILABLE,completed_delivery
1666063506,4315,state_change,AVAILABLE,completed_delivery
1666063506,1552,state_change,AVAILABLE,completed_delivery
1666063506,3684,state_change,AVAILABLE,completed_delivery
1666063506,825,state_change,AVAILABLE,completed_delivery
1666063506,3291,state_change,AVAILABLE,completed_delivery
1666063506,749,state_change,AVAILABLE,completed_delivery
1666063506,656,state_change,AVAILABLE,completed_delivery
1666063506,2595,state_change,AVAILABLE,completed_delivery
1666063506,920,state_change,AVAILABLE,completed_delivery
1666063506,3787,state_change,AVAILABLE,completed_delivery
1666063506,2759,state_change,AVAILABLE,completed_delivery
1666063506,50,state_change,AVAILABLE,completed_delivery
1666063506,3282,state_change,AVAILABLE,completed_delivery
1666063506,4092,state_change,AVAILABLE,completed_delivery
1666063506,745,state_change,AVAILABLE,completed_delivery
1666063506,2382,state_change,AVAILABLE,completed_delivery
1666063506,1481,state_change,AVAILABLE,completed_delivery
1666063506,1790,state_change,AVAILABLE,completed_delivery
1666063506,1282,state_change,AVAILABLE,completed_delivery
1666063506,1562,state_change,AVAILABLE,completed_delivery
1666063506,902,state_change,AVAILABLE,completed_delivery
1666063506,4253,state_change,AVAILABLE,completed_delivery
1666063506,1988,state_change,AVAILABLE,completed_delivery
1666063506,1362,state_change,AVAILABLE,completed_delivery
1666063506,2217,state_change,AVAILABLE,completed_delivery
1666063506,334,state_change,AVAILABLE,completed_delivery
1666063506,190,state_change,AVAILABLE,completed_delivery
1666063506,1446,state_change,AVAILABLE,completed_delivery
1666063506,2974,state_change,AVAILABLE,completed_delivery
1666063506,3294,state_change,AVAILABLE,completed_delivery
1666063506,1873,state_change,AVAILABLE,completed_delivery
1666063506,4553,state_change,AVAILABLE,completed_delivery
1666063506,2109,state_change,AVAILABLE,completed_delivery
1666063506,2508,state_change,AVAILABLE,completed_delivery
1666063506,2233,state_change,AVAILABLE,completed_delivery
1666063506,119,state_change,AVAILABLE,completed_delivery
1666063506,1501,state_change,AVAILABLE,completed_delivery
1666063506,2515,state_change,AVAILABLE,completed_delivery
1666063506,2232,state_change,AVAILABLE,completed_delivery
1666063506,1597,state_change,AVAILABLE,completed_delivery
1666063506,4116,state_change,AVAILABLE,completed_delivery
1666063506,2782,state_change,AVAILABLE,completed_delivery
1666063506,355,state_change,AVAILABLE,completed_delivery
1666063506,4036,state_change,AVAILABLE,completed_delivery
1666063506,3604,state_change,AVAILABLE,completed_delivery
1666063506,2966,state_change,AVAILABLE,completed_delivery
1666063506,3626,state_change,AVAILABLE,completed_delivery
1666063506,284,state_change,AVAILABLE,completed_delivery
1666063506,844,state_change,AVAILABLE,completed_delivery
1666063506,108,state_change,AVAILABLE,completed_delivery
1666063506,762,state_change,AVAILABLE,completed_delivery
1666063506,124,state_change,AVAILABLE,completed_delivery
1666063506,932,state_change,AVAILABLE,completed_delivery
1666063506,3099,state_change,AVAILABLE,completed_delivery
1666063506,180,state_change,AVAILABLE,completed_delivery
1666063506,4115,state_change,AVAILABLE,completed_delivery
1666063506,325,state_change,AVAILABLE,completed_delivery
1666063506,2041,state_change,AVAILABLE,completed_delivery
1666063506,3758,state_change,AVAILABLE,completed_delivery
1666063506,117,state_change,AVAILABLE,completed_delivery
1666063506,1997,state_change,AVAILABLE,completed_delivery
1666063506,2045,state_change,AVAILABLE,completed_delivery
1666063506,3237,state_change,AVAILABLE,completed_delivery
1666063506,2102,state_change,AVAILABLE,completed_delivery
1666063506,372,state_change,AVAILABLE,completed_delivery
1666063506,1325,state_change,AVAILABLE,completed_delivery
1666063506,2737,state_change,AVAILABLE,completed_delivery
1666063506,455,state_change,AVAILABLE,completed_delivery
1666063506,2576,state_change,AVAILABLE,completed_delivery
1666063506,1353,state_change,AVAILABLE,completed_delivery
1666063506,2730,state_change,AVAILABLE,completed_delivery
1666063506,130,state_change,AVAILABLE,completed_delivery
1666063506,286,state_change,AVAILABLE,completed_delivery
1666063506,1703,state_change,AVAILABLE,completed_delivery
1666063506,3586,state_change,AVAILABLE,completed_delivery
1666063506,1274,state_change,AVAILABLE,completed_delivery
1666063506,1251,state_change,AVAILABLE,completed_delivery
1666063506,1470,state_change,AVAILABLE,completed_delivery
1666063506,1331,state_change,AVAILABLE,completed_delivery
1666063506,2203,state_change,AVAILABLE,completed_delivery
1666063506,1653,state_change,AVAILABLE,completed_delivery
1666063506,2090,state_change,AVAILABLE,completed_delivery
1666063506,528,state_change,AVAILABLE,completed_delivery
1666063506,3113,state_change,AVAILABLE,completed_delivery
1666063506,80,state_change,AVAILABLE,completed_delivery
1666063506,1038,state_change,AVAILABLE,completed_delivery
1666063506,1189,state_change,AVAILABLE,completed_delivery
1666063506,1089,state_change,AVAILABLE,completed_delivery
1666063506,315,state_change,AVAILABLE,completed_delivery
1666063506,2139,state_change,AVAILABLE,completed_delivery
1666063506,2666,state_change,AVAILABLE,completed_delivery
1666063506,3460,state_change,AVAILABLE,completed_delivery
1666063506,847,state_change,AVAILABLE,completed_delivery
1666063506,2646,state_change,AVAILABLE,completed_delivery
1666063506,2568,state_change,AVAILABLE,completed_delivery
1666063506,235,state_change,AVAILABLE,completed_delivery
1666063506,4782,state_change,AVAILABLE,completed_delivery
1666063506,586,state_change,AVAILABLE,completed_delivery
1666063506,2325,state_change,AVAILABLE,completed_delivery
1666063506,1775,state_change,AVAILABLE,completed_delivery
1666063506,1289,state_change,AVAILABLE,completed_delivery
1666063506,2902,state_change,AVAILABLE,completed_delivery
1666063506,2022,state_change,AVAILABLE,completed_delivery
1666063506,3933,state_change,AVAILABLE,completed_delivery
1666063506,2961,state_change,AVAILABLE,completed_delivery
1666063506,566,state_change,AVAILABLE,completed_delivery
1666063506,1838,state_change,AVAILABLE,completed_delivery
1666063506,1030,state_change,AVAILABLE,completed_delivery
1666063506,3777,state_change,AVAILABLE,completed_delivery
1666063506,2513,state_change,AVAILABLE,completed_delivery
1666063506,3595,state_change,AVAILABLE,completed_delivery
1666063506,2110,state_change,AVAILABLE,completed_delivery
1666063506,525,state_change,AVAILABLE,completed_delivery
1666063506,2055,state_change,AVAILABLE,completed_delivery
1666063506,2332,state_change,AVAILABLE,completed_delivery
1666063506,1865,state_change,AVAILABLE,completed_delivery
1666063506,2894,state_change,AVAILABLE,completed_delivery
1666063506,3548,state_change,AVAILABLE,completed_delivery
1666063506,69,state_change,AVAILABLE,completed_delivery
1666063506,2359,state_change,AVAILABLE,completed_delivery
1666063506,3266,state_change,AVAILABLE,completed_delivery
1666063506,3242,state_change,AVAILABLE,completed_delivery
1666063506,463,state_change,AVAILABLE,completed_delivery
1666063506,4087,state_change,AVAILABLE,completed_delivery
1666063506,383,state_change,AVAILABLE,completed_delivery
1666063506,3141,state_change,AVAILABLE,completed_delivery
1666063506,822,state_change,AVAILABLE,completed_delivery
1666063506,121,state_change,AVAILABLE,completed_delivery
1666063506,672,state_change,AVAILABLE,completed_delivery
1666063506,1122,state_change,AVAILABLE,completed_delivery
1666063506,4205,state_change,AVAILABLE,completed_delivery
1666063506,172,state_change,AVAILABLE,completed_delivery
1666063506,2488,state_change,AVAILABLE,completed_delivery
1666063506,1803,state_change,AVAILABLE,completed_delivery
1666063506,889,state_change,AVAILABLE,completed_delivery
1666063506,4137,state_change,AVAILABLE,completed_delivery
1666063506,3754,state_change,AVAILABLE,completed_delivery
1666063506,56,state_change,AVAILABLE,completed_delivery
1666063506,3433,state_change,AVAILABLE,completed_delivery
1666063506,20,state_change,AVAILABLE,completed_delivery
1666063506,662,state_change,AVAILABLE,completed_delivery
1666063506,3185,state_change,AVAILABLE,completed_delivery
1666063506,109,state_change,AVAILABLE,completed_delivery
1666063506,2195,state_change,AVAILABLE,completed_delivery
1666063506,2770,state_change,AVAILABLE,completed_delivery
1666063506,919,state_change,AVAILABLE,completed_delivery
1666063506,951,state_change,AVAILABLE,completed_delivery
1666063506,546,state_change,AVAILABLE,completed_delivery
1666063506,2426,state_change,AVAILABLE,completed_delivery
1666063506,438,state_change,AVAILABLE,completed_delivery
1666063506,2447,state_change,AVAILABLE,completed_delivery
1666063506,3122,state_change,AVAILABLE,completed_delivery
1666063506,1160,state_change,AVAILABLE,completed_delivery
1666063506,2890,state_change,AVAILABLE,completed_delivery
1666063506,395,state_change,AVAILABLE,completed_delivery
1666063506,7,state_change,AVAILABLE,completed_delivery
1666063506,3241,state_change,AVAILABLE,completed_delivery
1666063506,1478,state_change,AVAILABLE,completed_delivery
1666063506,1091,state_change,AVAILABLE,completed_delivery
1666063506,1536,state_change,AVAILABLE,completed_delivery
1666063506,2987,state_change,AVAILABLE,completed_delivery
1666063506,212,state_change,AVAILABLE,completed_delivery
1666063506,3915,state_change,AVAILABLE,completed_delivery
1666063506,36,state_change,AVAILABLE,completed_delivery
1666063506,1646,state_change,AVAILABLE,completed_delivery
1666063506,1579,state_change,AVAILABLE,completed_delivery
1666063506,404,state_change,AVAILABLE,completed_delivery
1666063506,389,state_change,AVAILABLE,completed_delivery
1666063506,1372,state_change,AVAILABLE,completed_delivery
1666063506,2338,state_change,AVAILABLE,completed_delivery
1666063506,3513,state_change,AVAILABLE,completed_delivery
1666063506,2385,state_change,AVAILABLE,completed_delivery
1666063506,3012,state_change,AVAILABLE,completed_delivery
1666063506,3189,state_change,AVAILABLE,completed_delivery
1666063506,195,state_change,AVAILABLE,completed_delivery
1666063506,2779,state_change,AVAILABLE,completed_delivery
1666063506,258,state_change,AVAILABLE,completed_delivery
1666063506,3921,state_change,AVAILABLE,completed_delivery
1666063506,2634,state_change,AVAILABLE,completed_delivery
1666063506,964,state_change,AVAILABLE,completed_delivery
1666063506,2469,state_change,AVAILABLE,completed_delivery
1666063506,356,state_change,AVAILABLE,completed_delivery
1666063506,1015,state_change,AVAILABLE,completed_delivery
1666063506,3181,state_change,AVAILABLE,completed_delivery
1666063506,1102,state_change,AVAILABLE,completed_delivery
1666063506,2492,state_change,AVAILABLE,completed_delivery
1666063506,731,state_change,AVAILABLE,completed_delivery
1666063506,3235,state_change,AVAILABLE,completed_delivery
1666063506,675,state_change,AVAILABLE,completed_delivery
1666063506,4411,state_change,AVAILABLE,completed_delivery
1666063506,4369,state_change,AVAILABLE,completed_delivery
1666063506,2122,state_change,AVAILABLE,completed_delivery
1666063506,3111,state_change,AVAILABLE,completed_delivery
1666063506,2077,state_change,AVAILABLE,completed_delivery
1666063506,3751,state_change,AVAILABLE,completed_delivery
1666063506,249,state_change,AVAILABLE,completed_delivery
1666063506,1664,state_change,AVAILABLE,completed_delivery
1666063506,1060,state_change,AVAILABLE,completed_delivery
1666063506,288,state_change,AVAILABLE,completed_delivery
1666063506,2498,state_change,AVAILABLE,completed_delivery
1666063506,2597,state_change,AVAILABLE,completed_delivery
1666063506,1184,state_change,AVAILABLE,completed_delivery
1666063506,647,state_change,AVAILABLE,completed_delivery
1666063506,2044,state_change,AVAILABLE,completed_delivery
1666063506,828,state_change,AVAILABLE,completed_delivery
1666063506,1083,state_change,AVAILABLE,completed_delivery
1666063506,3107,state_change,AVAILABLE,completed_delivery
1666063506,104,state_change,AVAILABLE,completed_delivery
1666063506,2677,state_change,AVAILABLE,completed_delivery
1666063506,4753,state_change,AVAILABLE,completed_delivery
1666063506,3757,state_change,AVAILABLE,completed_delivery
1666063506,3381,state_change,AVAILABLE,completed_delivery
1666063506,3278,state_change,AVAILABLE,completed_delivery
1666063506,3967,state_change,AVAILABLE,completed_delivery
1666063506,2529,state_change,AVAILABLE,completed_delivery
1666063506,1076,state_change,AVAILABLE,completed_delivery
1666063506,3589,state_change,AVAILABLE,completed_delivery
1666063506,3822,state_change,AVAILABLE,completed_delivery
1666063506,1718,state_change,AVAILABLE,completed_delivery
1666063506,2854,state_change,AVAILABLE,completed_delivery
1666063506,606,state_change,AVAILABLE,completed_delivery
1666063506,3646,state_change,AVAILABLE,completed_delivery
1666063506,1599,state_change,AVAILABLE,completed_delivery
1666063506,1560,state_change,AVAILABLE,completed_delivery
1666063506,2108,state_change,AVAILABLE,completed_delivery
1666063506,2319,state_change,AVAILABLE,completed_delivery
1666063506,815,state_change,AVAILABLE,completed_delivery
1666063506,3402,state_change,AVAILABLE,completed_delivery
1666063506,1547,state_change,AVAILABLE,completed_delivery
1666063506,1869,state_change,AVAILABLE,completed_delivery
1666063506,2534,state_change,AVAILABLE,completed_delivery
1666063506,1202,state_change,AVAILABLE,completed_delivery
1666063506,3048,state_change,AVAILABLE,completed_delivery
1666063506,1999,state_change,AVAILABLE,completed_delivery
1666063506,1385,state_change,AVAILABLE,completed_delivery
1666063506,168,state_change,AVAILABLE,completed_delivery
1666063506,3057,state_change,AVAILABLE,completed_delivery
1666063506,1540,state_change,AVAILABLE,completed_delivery
1666063506,2679,state_change,AVAILABLE,completed_delivery
1666063506,1628,state_change,AVAILABLE,completed_delivery
1666063506,2278,state_change,AVAILABLE,completed_delivery
1666063506,562,state_change,AVAILABLE,completed_delivery
1666063506,135,state_change,AVAILABLE,completed_delivery
1666063506,448,state_change,AVAILABLE,completed_delivery
1666063506,4641,state_change,AVAILABLE,completed_delivery
1666063506,609,state_change,AVAILABLE,completed_delivery
1666063506,542,state_change,AVAILABLE,completed_delivery
1666063506,3876,state_change,AVAILABLE,completed_delivery
1666063506,1765,state_change,AVAILABLE,completed_delivery
1666063506,2918,state_change,AVAILABLE,completed_delivery
1666063506,22,state_change,AVAILABLE,completed_delivery
1666063506,1008,state_change,AVAILABLE,completed_delivery
1666063506,1404,state_change,AVAILABLE,completed_delivery
1666063506,4217,state_change,AVAILABLE,completed_delivery
1666063506,2815,state_change,AVAILABLE,completed_delivery
1666063506,2717,state_change,AVAILABLE,completed_delivery
1666063506,4009,state_change,AVAILABLE,completed_delivery
1666063506,1360,state_change,AVAILABLE,completed_delivery
1666063506,1699,state_change,AVAILABLE,completed_delivery
1666063506,1610,state_change,AVAILABLE,completed_delivery
1666063506,1771,state_change,AVAILABLE,completed_delivery
1666063506,2047,state_change,AVAILABLE,completed_delivery
1666063506,842,state_change,AVAILABLE,completed_delivery
1666063506,2253,state_change,AVAILABLE,completed_delivery
1666063506,66,state_change,AVAILABLE,completed_delivery
1666063506,2869,state_change,AVAILABLE,completed_delivery
1666063506,4200,state_change,AVAILABLE,completed_delivery
1666063506,2299,state_change,AVAILABLE,completed_delivery
1666063506,2211,state_change,AVAILABLE,completed_delivery
1666063506,858,state_change,AVAILABLE,completed_delivery
1666063506,2202,state_change,AVAILABLE,completed_delivery
1666063506,3807,state_change,AVAILABLE,completed_delivery
1666063506,141,state_change,AVAILABLE,completed_delivery
1666063506,1891,state_change,AVAILABLE,completed_delivery
1666063506,4318,state_change,AVAILABLE,completed_delivery
1666063506,3941,state_change,AVAILABLE,completed_delivery
1666063506,1109,state_change,AVAILABLE,completed_delivery
1666063506,35,state_change,AVAILABLE,completed_delivery
1666063506,3229,state_change,AVAILABLE,completed_delivery
1666063506,1311,state_change,AVAILABLE,completed_delivery
1666063506,779,state_change,AVAILABLE,completed_delivery
1666063506,2042,state_change,AVAILABLE,completed_delivery
1666063506,1594,state_change,AVAILABLE,completed_delivery
1666063506,886,state_change,AVAILABLE,completed_delivery
1666063506,1592,state_change,AVAILABLE,completed_delivery
1666063506,2050,state_change,AVAILABLE,completed_delivery
1666063506,207,state_change,AVAILABLE,completed_delivery
1666063506,2073,state_change,AVAILABLE,completed_delivery
1666063506,3670,state_change,AVAILABLE,completed_delivery
1666063506,2187,state_change,AVAILABLE,completed_delivery
1666063506,2963,state_change,AVAILABLE,completed_delivery
1666063506,1009,state_change,AVAILABLE,completed_delivery
1666063506,1533,state_change,AVAILABLE,completed_delivery
1666063506,205,state_change,AVAILABLE,completed_delivery
1666063506,1299,state_change,AVAILABLE,completed_delivery
1666063506,2250,state_change,AVAILABLE,completed_delivery
1666063506,1087,state_change,AVAILABLE,completed_delivery
1666063506,520,state_change,AVAILABLE,completed_delivery
1666063506,1603,state_change,AVAILABLE,completed_delivery
1666063506,2261,state_change,AVAILABLE,completed_delivery
1666063506,1449,state_change,AVAILABLE,completed_delivery
1666063506,3117,state_change,AVAILABLE,completed_delivery
1666063506,215,state_change,AVAILABLE,completed_delivery
1666063506,1003,state_change,AVAILABLE,completed_delivery
1666063506,2119,state_change,AVAILABLE,completed_delivery
1666063506,2835,state_change,AVAILABLE,completed_delivery
1666063506,1561,state_change,AVAILABLE,completed_delivery
1666063506,391,state_change,AVAILABLE,completed_delivery
1666063506,2146,state_change,AVAILABLE,completed_delivery
1666063506,2583,state_change,AVAILABLE,completed_delivery
1666063506,1967,state_change,AVAILABLE,completed_delivery
1666063506,1339,state_change,AVAILABLE,completed_delivery
1666063506,1784,state_change,AVAILABLE,completed_delivery
1666063506,3026,state_change,AVAILABLE,completed_delivery
1666063506,1839,state_change,AVAILABLE,completed_delivery
1666063506,2373,state_change,AVAILABLE,completed_delivery
1666063506,1452,state_change,AVAILABLE,completed_delivery
1666063506,234,state_change,AVAILABLE,completed_delivery
1666063506,2403,state_change,AVAILABLE,completed_delivery
1666063506,3647,state_change,AVAILABLE,completed_delivery
1666063506,3044,state_change,AVAILABLE,completed_delivery
1666063506,2824,state_change,AVAILABLE,completed_delivery
1666063506,318,state_change,AVAILABLE,completed_delivery
1666063506,2092,state_change,AVAILABLE,completed_delivery
1666063506,2043,state_change,AVAILABLE,completed_delivery
1666063506,3435,state_change,AVAILABLE,completed_delivery
1666063506,2898,state_change,AVAILABLE,completed_delivery
1666063506,1543,state_change,AVAILABLE,completed_delivery
1666063506,3,state_change,AVAILABLE,completed_delivery
1666063506,2429,state_change,AVAILABLE,completed_delivery
1666063506,1958,state_change,AVAILABLE,completed_delivery
1666063506,4148,state_change,AVAILABLE,completed_delivery
1666063506,1459,state_change,AVAILABLE,completed_delivery
1666063506,1685,state_change,AVAILABLE,completed_delivery
1666063506,1389,state_change,AVAILABLE,completed_delivery
1666063506,2965,state_change,AVAILABLE,completed_delivery
1666063506,4244,state_change,AVAILABLE,completed_delivery
1666063506,2744,state_change,AVAILABLE,completed_delivery
1666063506,2411,state_change,AVAILABLE,completed_delivery
1666063506,154,state_change,AVAILABLE,completed_delivery
1666063506,2027,state_change,AVAILABLE,completed_delivery
1666063506,965,state_change,AVAILABLE,completed_delivery
1666063506,2470,state_change,AVAILABLE,completed_delivery
1666063506,4451,state_change,AVAILABLE,completed_delivery
1666063506,1193,state_change,AVAILABLE,completed_delivery
1666063506,2973,state_change,AVAILABLE,completed_delivery
1666063506,953,state_change,AVAILABLE,completed_delivery
1666063506,2978,state_change,AVAILABLE,completed_delivery
1666063506,199,state_change,AVAILABLE,completed_delivery
1666063506,2740,state_change,AVAILABLE,completed_delivery
1666063506,1940,state_change,AVAILABLE,completed_delivery
1666063506,398,state_change,AVAILABLE,completed_delivery
1666063506,878,state_change,AVAILABLE,completed_delivery
1666063506,504,state_change,AVAILABLE,completed_delivery
1666063506,1444,state_change,AVAILABLE,completed_delivery
1666063506,3370,state_change,AVAILABLE,completed_delivery
1666063506,274,state_change,AVAILABLE,completed_delivery
1666063506,4099,state_change,AVAILABLE,completed_delivery
1666063506,2773,state_change,AVAILABLE,completed_delivery
1666063506,281,state_change,AVAILABLE,completed_delivery
1666063506,492,state_change,AVAILABLE,completed_delivery
1666063506,2101,state_change,AVAILABLE,completed_delivery
1666063506,1149,state_change,AVAILABLE,completed_delivery
1666063506,2313,state_change,AVAILABLE,completed_delivery
1666063506,3032,state_change,AVAILABLE,completed_delivery
1666063506,1549,state_change,AVAILABLE,completed_delivery
1666063506,3219,state_change,AVAILABLE,completed_delivery
1666063506,4418,state_change,AVAILABLE,completed_delivery
1666063506,2783,state_change,AVAILABLE,completed_delivery
1666063506,1754,state_change,AVAILABLE,completed_delivery
1666063506,3395,state_change,AVAILABLE,completed_delivery
1666063506,139,state_change,AVAILABLE,completed_delivery
1666063506,2362,state_change,AVAILABLE,completed_delivery
1666063506,3040,state_change,AVAILABLE,completed_delivery
1666063506,1502,state_change,AVAILABLE,completed_delivery
1666063506,2611,state_change,AVAILABLE,completed_delivery
1666063506,1351,state_change,AVAILABLE,completed_delivery
1666063506,2549,state_change,AVAILABLE,completed_delivery
1666063506,2684,state_change,AVAILABLE,completed_delivery
1666063506,4379,state_change,AVAILABLE,completed_delivery
1666063506,262,state_change,AVAILABLE,completed_delivery
1666063506,1422,state_change,AVAILABLE,completed_delivery
1666063506,489,state_change,AVAILABLE,completed_delivery
1666063506,1064,state_change,AVAILABLE,completed_delivery
1666063506,397,state_change,AVAILABLE,completed_delivery
1666063506,3558,state_change,AVAILABLE,completed_delivery
1666063506,2121,state_change,AVAILABLE,completed_delivery
1666063506,2629,state_change,AVAILABLE,completed_delivery
1666063506,943,state_change,AVAILABLE,completed_delivery
1666063506,2459,state_change,AVAILABLE,completed_delivery
1666063506,3175,state_change,AVAILABLE,completed_delivery
1666063506,1671,state_change,AVAILABLE,completed_delivery
1666063506,3480,state_change,AVAILABLE,completed_delivery
1666063506,2504,state_change,AVAILABLE,completed_delivery
1666063506,3151,state_change,AVAILABLE,completed_delivery
1666063506,292,state_change,AVAILABLE,completed_delivery
1666063506,1106,state_change,AVAILABLE,completed_delivery
1666063506,1203,state_change,AVAILABLE,completed_delivery
1666063506,96,state_change,AVAILABLE,completed_delivery
1666063506,3530,state_change,AVAILABLE,completed_delivery
1666063506,3923,state_change,AVAILABLE,completed_delivery
1666063506,3727,state_change,AVAILABLE,completed_delivery
1666063506,2457,state_change,AVAILABLE,completed_delivery
1666063506,1218,state_change,AVAILABLE,completed_delivery
1666063506,751,state_change,AVAILABLE,completed_delivery
1666063506,1500,state_change,AVAILABLE,completed_delivery
1666063506,3397,state_change,AVAILABLE,completed_delivery
1666063506,3144,state_change,AVAILABLE,completed_delivery
1666063506,631,state_change,AVAILABLE,completed_delivery
1666063506,2400,state_change,AVAILABLE,completed_delivery
1666063506,230,state_change,AVAILABLE,completed_delivery
1666063506,589,state_change,AVAILABLE,completed_delivery
1666063506,2662,state_change,AVAILABLE,completed_delivery
1666063506,798,state_change,AVAILABLE,completed_delivery
1666063506,2186,state_change,AVAILABLE,completed_delivery
1666063506,2358,state_change,AVAILABLE,completed_delivery
1666063506,2128,state_change,AVAILABLE,completed_delivery
1666063506,3028,state_change,AVAILABLE,completed_delivery
1666063506,3215,state_change,AVAILABLE,completed_delivery
1666063506,3438,state_change,AVAILABLE,completed_delivery
1666063506,1828,state_change,AVAILABLE,completed_delivery
1666063506,1707,state_change,AVAILABLE,completed_delivery
1666063506,1361,state_change,AVAILABLE,completed_delivery
1666063506,3295,state_change,AVAILABLE,completed_delivery
1666063506,1827,state_change,AVAILABLE,completed_delivery
1666063506,1616,state_change,AVAILABLE,completed_delivery
1666063506,3930,state_change,AVAILABLE,completed_delivery
1666063506,2592,state_change,AVAILABLE,completed_delivery
1666063506,3355,state_change,AVAILABLE,completed_delivery
1666063506,863,state_change,AVAILABLE,completed_delivery
1666063506,273,state_change,AVAILABLE,completed_delivery
1666063506,2546,state_change,AVAILABLE,completed_delivery
1666063506,2691,state_change,AVAILABLE,completed_delivery
1666063506,596,state_change,AVAILABLE,completed_delivery
1666063506,835,state_change,AVAILABLE,completed_delivery
1666063506,1708,state_change,AVAILABLE,completed_delivery
1666063506,1143,state_change,AVAILABLE,completed_delivery
1666063506,3904,state_change,AVAILABLE,completed_delivery
1666063506,1895,state_change,AVAILABLE,completed_delivery
1666063506,3881,state_change,AVAILABLE,completed_delivery
1666063506,228,state_change,AVAILABLE,completed_delivery
1666063506,1070,state_change,AVAILABLE,completed_delivery
1666063506,3658,state_change,AVAILABLE,completed_delivery
1666063506,41,state_change,AVAILABLE,completed_delivery
1666063506,2330,state_change,AVAILABLE,completed_delivery
1666063506,4647,state_change,AVAILABLE,completed_delivery
1666063506,2827,state_change,AVAILABLE,completed_delivery
1666063506,2793,state_change,AVAILABLE,completed_delivery
1666063506,2269,state_change,AVAILABLE,completed_delivery
1666063506,484,state_change,AVAILABLE,completed_delivery
1666063506,2191,state_change,AVAILABLE,completed_delivery
1666063506,2514,state_change,AVAILABLE,completed_delivery
1666063506,3346,state_change,AVAILABLE,completed_delivery
1666063506,2727,state_change,AVAILABLE,completed_delivery
1666063506,515,state_change,AVAILABLE,completed_delivery
1666063506,1134,state_change,AVAILABLE,completed_delivery
1666063506,447,state_change,AVAILABLE,completed_delivery
1666063506,2850,state_change,AVAILABLE,completed_delivery
1666063506,1476,state_change,AVAILABLE,completed_delivery
1666063506,3768,state_change,AVAILABLE,completed_delivery
1666063506,1962,state_change,AVAILABLE,completed_delivery
1666063506,1337,state_change,AVAILABLE,completed_delivery
1666063506,1247,state_change,AVAILABLE,completed_delivery
1666063506,393,state_change,AVAILABLE,completed_delivery
1666063506,833,state_change,AVAILABLE,completed_delivery
1666063506,347,state_change,AVAILABLE,completed_delivery
1666063506,988,state_change,AVAILABLE,completed_delivery
1666063506,2947,state_change,AVAILABLE,completed_delivery
1666063506,1111,state_change,AVAILABLE,completed_delivery
1666063506,757,state_change,AVAILABLE,completed_delivery
1666063506,1682,state_change,AVAILABLE,completed_delivery
1666063506,1368,state_change,AVAILABLE,completed_delivery
1666063506,2046,state_change,AVAILABLE,completed_delivery
1666063506,2222,state_change,AVAILABLE,completed_delivery
1666063506,1081,state_change,AVAILABLE,completed_delivery
1666063506,2032,state_change,AVAILABLE,completed_delivery
1666063506,961,state_change,AVAILABLE,completed_delivery
1666063506,3156,state_change,AVAILABLE,completed_delivery
1666063506,1412,state_change,AVAILABLE,completed_delivery
1666063506,3520,state_change,AVAILABLE,completed_delivery
1666063506,1680,state_change,AVAILABLE,completed_delivery
1666063506,2247,state_change,AVAILABLE,completed_delivery
1666063506,4012,state_change,AVAILABLE,completed_delivery
1666063506,305,state_change,AVAILABLE,completed_delivery
1666063506,3271,state_change,AVAILABLE,completed_delivery
1666063506,551,state_change,AVAILABLE,completed_delivery
1666063506,4308,state_change,AVAILABLE,completed_delivery
1666063506,15,state_change,AVAILABLE,completed_delivery
1666063506,1316,state_change,AVAILABLE,completed_delivery
1666063506,4393,state_change,AVAILABLE,completed_delivery
1666063506,1201,state_change,AVAILABLE,completed_delivery
1666063506,2297,state_change,AVAILABLE,completed_delivery
1666063506,922,state_change,AVAILABLE,completed_delivery
1666063506,2002,state_change,AVAILABLE,completed_delivery
1666063506,3369,state_change,AVAILABLE,completed_delivery
1666063506,376,state_change,AVAILABLE,completed_delivery
1666063506,549,state_change,AVAILABLE,completed_delivery
1666063506,1945,state_change,AVAILABLE,completed_delivery
1666063506,3342,state_change,AVAILABLE,completed_delivery
1666063506,2820,state_change,AVAILABLE,completed_delivery
1666063506,3432,state_change,AVAILABLE,completed_delivery
1666063506,1720,state_change,AVAILABLE,completed_delivery
1666063506,2688,state_change,AVAILABLE,completed_delivery
1666063506,2371,state_change,AVAILABLE,completed_delivery
1666063506,1584,state_change,AVAILABLE,completed_delivery
1666063506,68,state_change,AVAILABLE,completed_delivery
1666063506,263,state_change,AVAILABLE,completed_delivery
1666063506,2220,state_change,AVAILABLE,completed_delivery
1666063506,3829,state_change,AVAILABLE,completed_delivery
1666063506,1455,state_change,AVAILABLE,completed_delivery
1666063506,3527,state_change,AVAILABLE,completed_delivery
1666063506,2971,state_change,AVAILABLE,completed_delivery
1666063506,74,state_change,AVAILABLE,completed_delivery
1666063506,3267,state_change,AVAILABLE,completed_delivery
1666063506,1442,state_change,AVAILABLE,completed_delivery
1666063506,1044,state_change,AVAILABLE,completed_delivery
1666063506,3345,state_change,AVAILABLE,completed_delivery
1666063506,1342,state_change,AVAILABLE,completed_delivery
1666063506,3692,state_change,AVAILABLE,completed_delivery
1666063506,1355,state_change,AVAILABLE,completed_delivery
1666063506,2361,state_change,AVAILABLE,completed_delivery
1666063506,3039,state_change,AVAILABLE,completed_delivery
1666063506,1115,state_change,AVAILABLE,completed_delivery
1666063506,1960,state_change,AVAILABLE,completed_delivery
1666063506,729,state_change,AVAILABLE,completed_delivery
1666063506,3176,state_change,AVAILABLE,completed_delivery
1666063506,322,state_change,AVAILABLE,completed_delivery
1666063506,927,state_change,AVAILABLE,completed_delivery
1666063506,409,state_change,AVAILABLE,completed_delivery
1666063506,285,state_change,AVAILABLE,completed_delivery
1666063506,852,state_change,AVAILABLE,completed_delivery
1666063506,254,state_change,AVAILABLE,completed_delivery
1666063506,1582,state_change,AVAILABLE,completed_delivery
1666063506,866,state_change,AVAILABLE,completed_delivery
1666063506,1542,state_change,AVAILABLE,completed_delivery
1666063506,1890,state_change,AVAILABLE,completed_delivery
1666063506,2306,state_change,AVAILABLE,completed_delivery
1666063506,553,state_change,AVAILABLE,completed_delivery
1666063506,781,state_change,AVAILABLE,completed_delivery
1666063506,516,state_change,AVAILABLE,completed_delivery
1666063506,1280,state_change,AVAILABLE,completed_delivery
1666063506,1913,state_change,AVAILABLE,completed_delivery
1666063506,758,state_change,AVAILABLE,completed_delivery
1666063506,2051,state_change,AVAILABLE,completed_delivery
1666063506,2957,state_change,AVAILABLE,completed_delivery
1666063506,275,state_change,AVAILABLE,completed_delivery
1666063506,3115,state_change,AVAILABLE,completed_delivery
1666063506,3524,state_change,AVAILABLE,completed_delivery
1666063506,77,state_change,AVAILABLE,completed_delivery
1666063506,2129,state_change,AVAILABLE,completed_delivery
1666063506,3004,state_change,AVAILABLE,completed_delivery
1666063506,434,state_change,AVAILABLE,completed_delivery
1666063506,537,state_change,AVAILABLE,completed_delivery
1666063506,189,state_change,AVAILABLE,completed_delivery
1666063506,1256,state_change,AVAILABLE,completed_delivery
1666063506,1069,state_change,AVAILABLE,completed_delivery
1666063506,1131,state_change,AVAILABLE,completed_delivery
1666063506,873,state_change,AVAILABLE,completed_delivery
1666063506,2095,state_change,AVAILABLE,completed_delivery
1666063506,478,state_change,AVAILABLE,completed_delivery
1666063506,3360,state_change,AVAILABLE,completed_delivery
1666063506,1955,state_change,AVAILABLE,completed_delivery
1666063506,555,state_change,AVAILABLE,completed_delivery
1666063506,2791,state_change,AVAILABLE,completed_delivery
1666063506,3246,state_change,AVAILABLE,completed_delivery
1666063506,3317,state_change,AVAILABLE,completed_delivery
1666063506,1783,state_change,AVAILABLE,completed_delivery
1666063506,2701,state_change,AVAILABLE,completed_delivery
1666063506,1317,state_change,AVAILABLE,completed_delivery
1666063506,3239,state_change,AVAILABLE,completed_delivery
1666063506,2241,state_change,AVAILABLE,completed_delivery
1666063506,3854,state_change,AVAILABLE,completed_delivery
1666063506,3872,state_change,AVAILABLE,completed_delivery
1666063506,4254,state_change,AVAILABLE,completed_delivery
1666063506,3293,state_change,AVAILABLE,completed_delivery
1666063506,4454,state_change,AVAILABLE,completed_delivery
1666063506,2738,state_change,AVAILABLE,completed_delivery
1666063506,3270,state_change,AVAILABLE,completed_delivery
1666063506,1514,state_change,AVAILABLE,completed_delivery
1666063506,1970,state_change,AVAILABLE,completed_delivery
1666063506,660,state_change,AVAILABLE,completed_delivery
1666063506,1249,state_change,AVAILABLE,completed_delivery
1666063506,2614,state_change,AVAILABLE,completed_delivery
1666063506,1546,state_change,AVAILABLE,completed_delivery
1666063506,2133,state_change,AVAILABLE,completed_delivery
1666063506,3178,state_change,AVAILABLE,completed_delivery
1666063506,1020,state_change,AVAILABLE,completed_delivery
1666063506,1328,state_change,AVAILABLE,completed_delivery
1666063506,1884,state_change,AVAILABLE,completed_delivery
1666063506,1493,state_change,AVAILABLE,completed_delivery
1666063506,742,state_change,AVAILABLE,completed_delivery
1666063506,3717,state_change,AVAILABLE,completed_delivery
1666063506,2846,state_change,AVAILABLE,completed_delivery
1666063506,1605,state_change,AVAILABLE,completed_delivery
1666063506,1941,state_change,AVAILABLE,completed_delivery
1666063506,4103,state_change,AVAILABLE,completed_delivery
1666063506,1690,state_change,AVAILABLE,completed_delivery
1666063506,2982,state_change,AVAILABLE,completed_delivery
1666063506,1348,state_change,AVAILABLE,completed_delivery
1666063506,3842,state_change,AVAILABLE,completed_delivery
1666063506,1510,state_change,AVAILABLE,completed_delivery
1666063506,1747,state_change,AVAILABLE,completed_delivery
1666063506,2227,state_change,AVAILABLE,completed_delivery
1666063506,1649,state_change,AVAILABLE,completed_delivery
1666063506,2452,state_change,AVAILABLE,completed_delivery
1666063506,2915,state_change,AVAILABLE,completed_delivery
1666063506,2322,state_change,AVAILABLE,completed_delivery
1666063506,563,state_change,AVAILABLE,completed_delivery
1666063506,1623,state_change,AVAILABLE,completed_delivery
1666063506,259,state_change,AVAILABLE,completed_delivery
1666063506,2743,state_change,AVAILABLE,completed_delivery
1666063506,2600,state_change,AVAILABLE,completed_delivery
1666063506,272,state_change,AVAILABLE,completed_delivery
1666063506,1634,state_change,AVAILABLE,completed_delivery
1666063506,4071,state_change,AVAILABLE,completed_delivery
1666063506,1383,state_change,AVAILABLE,completed_delivery
1666063506,937,state_change,AVAILABLE,completed_delivery
1666063506,1233,state_change,AVAILABLE,completed_delivery
1666063506,1998,state_change,AVAILABLE,completed_delivery
1666063506,3436,state_change,AVAILABLE,completed_delivery
1666063506,2715,state_change,AVAILABLE,completed_delivery
1666063506,1918,state_change,AVAILABLE,completed_delivery
1666063506,26,state_change,AVAILABLE,completed_delivery
1666063506,3427,state_change,AVAILABLE,completed_delivery
1666063506,2072,state_change,AVAILABLE,completed_delivery
1666063506,1928,state_change,AVAILABLE,completed_delivery
1666063506,3104,state_change,AVAILABLE,completed_delivery
1666063506,1019,state_change,AVAILABLE,completed_delivery
1666063506,3449,state_change,AVAILABLE,completed_delivery
1666063506,836,state_change,AVAILABLE,completed_delivery
1666063506,4072,state_change,AVAILABLE,completed_delivery
1666063506,3764,state_change,AVAILABLE,completed_delivery
1666063506,1185,state_change,AVAILABLE,completed_delivery
1666063506,1396,state_change,AVAILABLE,completed_delivery
1666063506,2367,state_change,AVAILABLE,completed_delivery
1666063506,540,state_change,AVAILABLE,completed_delivery
1666063506,156,state_change,AVAILABLE,completed_delivery
1666063506,1084,state_change,AVAILABLE,completed_delivery
1666063506,3591,state_change,AVAILABLE,completed_delivery
1666063506,2115,state_change,AVAILABLE,completed_delivery
1666063506,888,state_change,AVAILABLE,completed_delivery
1666063506,695,state_change,AVAILABLE,completed_delivery
1666063506,1261,state_change,AVAILABLE,completed_delivery
1666063506,698,state_change,AVAILABLE,completed_delivery
1666063506,1336,state_change,AVAILABLE,completed_delivery
1666063506,2985,state_change,AVAILABLE,completed_delivery
1666063506,1414,state_change,AVAILABLE,completed_delivery
1666063506,4096,state_change,AVAILABLE,completed_delivery
1666063506,2079,state_change,AVAILABLE,completed_delivery
1666063506,4076,state_change,AVAILABLE,completed_delivery
1666063506,3150,state_change,AVAILABLE,completed_delivery
1666063506,1736,state_change,AVAILABLE,completed_delivery
1666063506,1866,state_change,AVAILABLE,completed_delivery
1666063506,3247,state_change,AVAILABLE,completed_delivery
1666063506,1154,state_change,AVAILABLE,completed_delivery
1666063506,4178,state_change,AVAILABLE,completed_delivery
1666063506,1366,state_change,AVAILABLE,completed_delivery
1666063506,4634,state_change,AVAILABLE,completed_delivery
1666063506,1209,state_change,AVAILABLE,completed_delivery
1666063506,1190,state_change,AVAILABLE,completed_delivery
1666063506,2932,state_change,AVAILABLE,completed_delivery
1666063506,1965,state_change,AVAILABLE,completed_delivery
1666063506,2441,state_change,AVAILABLE,completed_delivery
1666063506,581,state_change,AVAILABLE,completed_delivery
1666063506,728,state_change,AVAILABLE,completed_delivery
1666063506,1737,state_change,AVAILABLE,completed_delivery
1666063506,2517,state_change,AVAILABLE,completed_delivery
1666063506,430,state_change,AVAILABLE,completed_delivery
1666063506,1259,state_change,AVAILABLE,completed_delivery
1666063506,260,state_change,AVAILABLE,completed_delivery
1666063506,4038,state_change,AVAILABLE,completed_delivery
1666063506,2814,state_change,AVAILABLE,completed_delivery
1666063506,2466,state_change,AVAILABLE,completed_delivery
1666063506,2034,state_change,AVAILABLE,completed_delivery
1666063506,2593,state_change,AVAILABLE,completed_delivery
1666063506,1729,state_change,AVAILABLE,completed_delivery
1666063506,3045,state_change,AVAILABLE,completed_delivery
1666063506,1158,state_change,AVAILABLE,completed_delivery
1666063506,789,state_change,AVAILABLE,completed_delivery
1666063506,2776,state_change,AVAILABLE,completed_delivery
1666063506,84,state_change,AVAILABLE,completed_delivery
1666063506,2360,state_change,AVAILABLE,completed_delivery
1666063506,1631,state_change,AVAILABLE,completed_delivery
1666063506,802,state_change,AVAILABLE,completed_delivery
1666063506,1677,state_change,AVAILABLE,completed_delivery
1666063506,707,state_change,AVAILABLE,completed_delivery
1666063506,1265,state_change,AVAILABLE,completed_delivery
1666063506,3335,state_change,AVAILABLE,completed_delivery
1666063506,4206,state_change,AVAILABLE,completed_delivery
1666063506,1785,state_change,AVAILABLE,completed_delivery
1666063506,681,state_change,AVAILABLE,completed_delivery
1666063506,2615,state_change,AVAILABLE,completed_delivery
1666063506,1035,state_change,AVAILABLE,completed_delivery
1666063506,1034,state_change,AVAILABLE,completed_delivery
1666063506,3106,state_change,AVAILABLE,completed_delivery
1666063506,2700,state_change,AVAILABLE,completed_delivery
1666063506,970,state_change,AVAILABLE,completed_delivery
1666063506,89,state_change,AVAILABLE,completed_delivery
1666063506,977,state_change,AVAILABLE,completed_delivery
1666063506,2682,state_change,AVAILABLE,completed_delivery
1666063506,410,state_change,AVAILABLE,completed_delivery
1666063506,4866,state_change,AVAILABLE,completed_delivery
1666063506,1349,state_change,AVAILABLE,completed_delivery
1666063506,3657,state_change,AVAILABLE,completed_delivery
1666063506,2420,state_change,AVAILABLE,completed_delivery
1666063506,689,state_change,AVAILABLE,completed_delivery
1666063506,75,state_change,AVAILABLE,completed_delivery
1666063506,2135,state_change,AVAILABLE,completed_delivery
1666063506,1112,state_change,AVAILABLE,completed_delivery
1666063506,753,state_change,AVAILABLE,completed_delivery
1666063506,2153,state_change,AVAILABLE,completed_delivery
1666063506,1021,state_change,AVAILABLE,completed_delivery
1666063506,1963,state_change,AVAILABLE,completed_delivery
1666063506,2181,state_change,AVAILABLE,completed_delivery
1666063506,2368,state_change,AVAILABLE,completed_delivery
1666063506,1706,state_change,AVAILABLE,completed_delivery
1666063506,2976,state_change,AVAILABLE,completed_delivery
1666063506,87,state_change,AVAILABLE,completed_delivery
1666063506,175,state_change,AVAILABLE,completed_delivery
1666063506,4180,state_change,AVAILABLE,completed_delivery
1666063506,1463,state_change,AVAILABLE,completed_delivery
1666063506,2884,state_change,AVAILABLE,completed_delivery
1666063506,981,state_change,AVAILABLE,completed_delivery
1666063506,4199,state_change,AVAILABLE,completed_delivery
1666063506,1529,state_change,AVAILABLE,completed_delivery
1666063506,2155,state_change,AVAILABLE,completed_delivery
1666063506,93,state_change,AVAILABLE,completed_delivery
1666063506,625,state_change,AVAILABLE,completed_delivery
1666063506,2687,state_change,AVAILABLE,completed_delivery
1666063506,1082,state_change,AVAILABLE,completed_delivery
1666063506,1095,state_change,AVAILABLE,completed_delivery
1666063506,1725,state_change,AVAILABLE,completed_delivery
1666063506,2170,state_change,AVAILABLE,completed_delivery
1666063506,2321,state_change,AVAILABLE,completed_delivery
1666063506,3553,state_change,AVAILABLE,completed_delivery
1666063506,726,state_change,AVAILABLE,completed_delivery
1666063506,5,state_change,AVAILABLE,completed_delivery
1666063506,2977,state_change,AVAILABLE,completed_delivery
1666063506,1908,state_change,AVAILABLE,completed_delivery
1666063506,4053,state_change,AVAILABLE,completed_delivery
1666063506,3966,state_change,AVAILABLE,completed_delivery
1666063506,663,state_change,AVAILABLE,completed_delivery
1666063506,2678,state_change,AVAILABLE,completed_delivery
1666063506,1863,state_change,AVAILABLE,completed_delivery
1666063506,253,state_change,AVAILABLE,completed_delivery
1666063506,3840,state_change,AVAILABLE,completed_delivery
1666063506,1227,state_change,AVAILABLE,completed_delivery
1666063506,1797,state_change,AVAILABLE,completed_delivery
1666063506,2120,state_change,AVAILABLE,completed_delivery
1666063506,2112,state_change,AVAILABLE,completed_delivery
1666063506,491,state_change,AVAILABLE,completed_delivery
1666063506,461,state_change,AVAILABLE,completed_delivery
1666063506,2210,state_change,AVAILABLE,completed_delivery
1666063506,2078,state_change,AVAILABLE,completed_delivery
1666063506,4232,state_change,AVAILABLE,completed_delivery
1666063506,1254,state_change,AVAILABLE,completed_delivery
1666063506,3489,state_change,AVAILABLE,completed_delivery
1666063506,3711,state_change,AVAILABLE,completed_delivery
1666063506,477,state_change,AVAILABLE,completed_delivery
1666063506,4648,state_change,AVAILABLE,completed_delivery
1666063506,1226,state_change,AVAILABLE,completed_delivery
1666063506,18,state_change,AVAILABLE,completed_delivery
1666063506,1141,state_change,AVAILABLE,completed_delivery
1666063506,913,state_change,AVAILABLE,completed_delivery
1666063506,2716,state_change,AVAILABLE,completed_delivery
1666063506,4221,state_change,AVAILABLE,completed_delivery
1666063506,3206,state_change,AVAILABLE,completed_delivery
1666063506,456,state_change,AVAILABLE,completed_delivery
1666063506,3253,state_change,AVAILABLE,completed_delivery
1666063506,770,state_change,AVAILABLE,completed_delivery
1666063506,2510,state_change,AVAILABLE,completed_delivery
1666063506,1595,state_change,AVAILABLE,completed_delivery
1666063506,915,state_change,AVAILABLE,completed_delivery
1666063506,291,state_change,AVAILABLE,completed_delivery
1666063506,2015,state_change,AVAILABLE,completed_delivery
1666063506,2725,state_change,AVAILABLE,completed_delivery
1666063506,1327,state_change,AVAILABLE,completed_delivery
1666063506,4490,state_change,AVAILABLE,completed_delivery
1666063506,3195,state_change,AVAILABLE,completed_delivery
1666063506,2960,state_change,AVAILABLE,completed_delivery
1666063506,976,state_change,AVAILABLE,completed_delivery
1666063506,3211,state_change,AVAILABLE,completed_delivery
1666063506,1061,state_change,AVAILABLE,completed_delivery
1666063506,2707,state_change,AVAILABLE,completed_delivery
1666063506,1985,state_change,AVAILABLE,completed_delivery
1666063506,1053,state_change,AVAILABLE,completed_delivery
1666063506,3739,state_change,AVAILABLE,completed_delivery
1666063506,958,state_change,AVAILABLE,completed_delivery
1666063506,1925,state_change,AVAILABLE,completed_delivery
1666063506,3896,state_change,AVAILABLE,completed_delivery
1666063506,4595,state_change,AVAILABLE,completed_delivery
1666063506,1001,state_change,AVAILABLE,completed_delivery
1666063506,4508,state_change,AVAILABLE,completed_delivery
1666063506,4626,state_change,AVAILABLE,completed_delivery
1666063506,814,state_change,AVAILABLE,completed_delivery
1666063506,3909,state_change,AVAILABLE,completed_delivery
1666063506,2430,state_change,AVAILABLE,completed_delivery
1666063506,2053,state_change,AVAILABLE,completed_delivery
1666063506,1309,state_change,AVAILABLE,completed_delivery
1666063506,4031,state_change,AVAILABLE,completed_delivery
1666063506,3223,state_change,AVAILABLE,completed_delivery
1666063506,3371,state_change,AVAILABLE,completed_delivery
1666063506,1017,state_change,AVAILABLE,completed_delivery
1666063506,1731,state_change,AVAILABLE,completed_delivery
1666063506,82,state_change,AVAILABLE,completed_delivery
1666063506,556,state_change,AVAILABLE,completed_delivery
1666063506,603,state_change,AVAILABLE,completed_delivery
1666063506,713,state_change,AVAILABLE,completed_delivery
1666063506,3474,state_change,AVAILABLE,completed_delivery
1666063506,3731,state_change,AVAILABLE,completed_delivery
1666063506,3233,state_change,AVAILABLE,completed_delivery
1666063506,4202,state_change,AVAILABLE,completed_delivery
1666063506,3095,state_change,AVAILABLE,completed_delivery
1666063506,759,state_change,AVAILABLE,completed_delivery
1666063506,1101,state_change,AVAILABLE,completed_delivery
1666063506,3038,state_change,AVAILABLE,completed_delivery
1666063506,3565,state_change,AVAILABLE,completed_delivery
1666063506,296,state_change,AVAILABLE,completed_delivery
1666063506,1715,state_change,AVAILABLE,completed_delivery
1666063506,3697,state_change,AVAILABLE,completed_delivery
1666063506,2653,state_change,AVAILABLE,completed_delivery
1666063506,3047,state_change,AVAILABLE,completed_delivery
1666063506,3392,state_change,AVAILABLE,completed_delivery
1666063506,2471,state_change,AVAILABLE,completed_delivery
1666063506,2660,state_change,AVAILABLE,completed_delivery
1666063506,2578,state_change,AVAILABLE,completed_delivery
1666063506,3830,state_change,AVAILABLE,completed_delivery
1666063506,1441,state_change,AVAILABLE,completed_delivery
1666063506,4512,state_change,AVAILABLE,completed_delivery
1666063506,1000,state_change,AVAILABLE,completed_delivery
1666063506,1587,state_change,AVAILABLE,completed_delivery
1666063506,1056,state_change,AVAILABLE,completed_delivery
1666063506,401,state_change,AVAILABLE,completed_delivery
1666063506,2157,state_change,AVAILABLE,completed_delivery
1666063506,375,state_change,AVAILABLE,completed_delivery
1666063506,870,state_change,AVAILABLE,completed_delivery
1666063506,4708,state_change,AVAILABLE,completed_delivery
1666063506,1951,state_change,AVAILABLE,completed_delivery
1666063506,440,state_change,AVAILABLE,completed_delivery
1666063506,394,state_change,AVAILABLE,completed_delivery
1666063506,1079,state_change,AVAILABLE,completed_delivery
1666063506,2424,state_change,AVAILABLE,completed_delivery
1666063506,2106,state_change,AVAILABLE,completed_delivery
1666063506,534,state_change,AVAILABLE,completed_delivery
1666063506,1453,state_change,AVAILABLE,completed_delivery
1666063506,4223,state_change,AVAILABLE,completed_delivery
1666063506,1401,state_change,AVAILABLE,completed_delivery
1666063506,3080,state_change,AVAILABLE,completed_delivery
1666063506,3159,state_change,AVAILABLE,completed_delivery
1666063506,624,state_change,AVAILABLE,completed_delivery
1666063506,79,state_change,AVAILABLE,completed_delivery
1666063506,736,state_change,AVAILABLE,completed_delivery
1666063506,3437,state_change,AVAILABLE,completed_delivery
1666063506,1292,state_change,AVAILABLE,completed_delivery
1666063506,2063,state_change,AVAILABLE,completed_delivery
1666063506,1040,state_change,AVAILABLE,completed_delivery
1666063506,1876,state_change,AVAILABLE,completed_delivery
1666063506,2370,state_change,AVAILABLE,completed_delivery
1666063506,1486,state_change,AVAILABLE,completed_delivery
1666063506,1228,state_change,AVAILABLE,completed_delivery
1666063506,857,state_change,AVAILABLE,completed_delivery
1666063506,3297,state_change,AVAILABLE,completed_delivery
1666063506,1266,state_change,AVAILABLE,completed_delivery
1666063506,2071,state_change,AVAILABLE,completed_delivery
1666063506,2037,state_change,AVAILABLE,completed_delivery
1666063506,1140,state_change,AVAILABLE,completed_delivery
1666063506,61,state_change,AVAILABLE,completed_delivery
1666063506,3980,state_change,AVAILABLE,completed_delivery
1666063506,416,state_change,AVAILABLE,completed_delivery
1666063506,246,state_change,AVAILABLE,completed_delivery
1666063506,4449,state_change,AVAILABLE,completed_delivery
1666063506,2,state_change,AVAILABLE,completed_delivery
1666063506,755,state_change,AVAILABLE,completed_delivery
1666063506,2495,state_change,AVAILABLE,completed_delivery
1666063506,3171,state_change,AVAILABLE,completed_delivery
1666063506,1485,state_change,AVAILABLE,completed_delivery
1666063506,118,state_change,AVAILABLE,completed_delivery
1666063506,3238,state_change,AVAILABLE,completed_delivery
1666063506,4376,state_change,AVAILABLE,completed_delivery
1666063506,2085,state_change,AVAILABLE,completed_delivery
1666063506,3882,state_change,AVAILABLE,completed_delivery
1666063506,2084,state_change,AVAILABLE,completed_delivery
1666063506,1684,state_change,AVAILABLE,completed_delivery
1666063506,4042,state_change,AVAILABLE,completed_delivery
1666063506,1563,state_change,AVAILABLE,completed_delivery
1666063506,4288,state_change,AVAILABLE,completed_delivery
1666063506,3662,state_change,AVAILABLE,completed_delivery
1666063506,3174,state_change,AVAILABLE,completed_delivery
1666063506,1133,state_change,AVAILABLE,completed_delivery
1666063506,3723,state_change,AVAILABLE,completed_delivery
1666063506,59,state_change,AVAILABLE,completed_delivery
1666063506,1276,state_change,AVAILABLE,completed_delivery
1666063506,881,state_change,AVAILABLE,completed_delivery
1666063506,1286,state_change,AVAILABLE,completed_delivery
1666063506,853,state_change,AVAILABLE,completed_delivery
1666063506,1016,state_change,AVAILABLE,completed_delivery
1666063506,3424,state_change,AVAILABLE,completed_delivery
1666063506,830,state_change,AVAILABLE,completed_delivery
1666063506,2696,state_change,AVAILABLE,completed_delivery
1666063506,4509,state_change,AVAILABLE,completed_delivery
1666063506,1253,state_change,AVAILABLE,completed_delivery
1666063506,3121,state_change,AVAILABLE,completed_delivery
1666063506,2839,state_change,AVAILABLE,completed_delivery
1666063506,3975,state_change,AVAILABLE,completed_delivery
1666063506,2825,state_change,AVAILABLE,completed_delivery
1666063506,1781,state_change,AVAILABLE,completed_delivery
1666063506,2312,state_change,AVAILABLE,completed_delivery
1666063506,507,state_change,AVAILABLE,completed_delivery
1666063506,1242,state_change,AVAILABLE,completed_delivery
1666063506,3456,state_change,AVAILABLE,completed_delivery
1666063506,931,state_change,AVAILABLE,completed_delivery
1666063506,1910,state_change,AVAILABLE,completed_delivery
1666063506,1601,state_change,AVAILABLE,completed_delivery
1666063506,3614,state_change,AVAILABLE,completed_delivery
1666063506,564,state_change,AVAILABLE,completed_delivery
1666063506,2681,state_change,AVAILABLE,completed_delivery
1666063506,2967,state_change,AVAILABLE,completed_delivery
1666063506,2052,state_change,AVAILABLE,completed_delivery
1666063506,3519,state_change,AVAILABLE,completed_delivery
1666063506,1384,state_change,AVAILABLE,completed_delivery
1666063506,3712,state_change,AVAILABLE,completed_delivery
1666063506,737,state_change,AVAILABLE,completed_delivery
1666063506,17,state_change,AVAILABLE,completed_delivery
1666063506,248,state_change,AVAILABLE,completed_delivery
1666063506,1305,state_change,AVAILABLE,completed_delivery
1666063506,877,state_change,AVAILABLE,completed_delivery
1666063506,2610,state_change,AVAILABLE,completed_delivery
1666063506,2577,state_change,AVAILABLE,completed_delivery
1666063506,3146,state_change,AVAILABLE,completed_delivery
1666063506,3729,state_change,AVAILABLE,completed_delivery
1666063506,2807,state_change,AVAILABLE,completed_delivery
1666063506,1451,state_change,AVAILABLE,completed_delivery
1666063506,3721,state_change,AVAILABLE,completed_delivery
1666063506,4280,state_change,AVAILABLE,completed_delivery
1666063506,2661,state_change,AVAILABLE,completed_delivery
1666063506,3514,state_change,AVAILABLE,completed_delivery
1666063506,4218,state_change,AVAILABLE,completed_delivery
1666063506,2456,state_change,AVAILABLE,completed_delivery
1666063506,3682,state_change,AVAILABLE,completed_delivery
1666063506,1858,state_change,AVAILABLE,completed_delivery
1666063506,891,state_change,AVAILABLE,completed_delivery
1666063506,1014,state_change,AVAILABLE,completed_delivery
1666063506,1947,state_change,AVAILABLE,completed_delivery
1666063506,2552,state_change,AVAILABLE,completed_delivery
1666063506,167,state_change,AVAILABLE,completed_delivery
1666063506,1221,state_change,AVAILABLE,completed_delivery
1666063506,1114,state_change,AVAILABLE,completed_delivery
1666063506,1250,state_change,AVAILABLE,completed_delivery
1666063506,730,state_change,AVAILABLE,completed_delivery
1666063506,3482,state_change,AVAILABLE,completed_delivery
1666063506,4481,state_change,AVAILABLE,completed_delivery
1666063506,4404,state_change,AVAILABLE,completed_delivery
1666063506,2176,state_change,AVAILABLE,completed_delivery
1666063506,2992,state_change,AVAILABLE,completed_delivery
1666063506,2397,state_change,AVAILABLE,completed_delivery
1666063506,849,state_change,AVAILABLE,completed_delivery
1666063506,3600,state_change,AVAILABLE,completed_delivery
1666063506,868,state_change,AVAILABLE,completed_delivery
1666063506,526,state_change,AVAILABLE,completed_delivery
1666063506,2877,state_change,AVAILABLE,completed_delivery
1666063506,4208,state_change,AVAILABLE,completed_delivery
1666063506,2792,state_change,AVAILABLE,completed_delivery
1666063506,46,state_change,AVAILABLE,completed_delivery
1666063506,2878,state_change,AVAILABLE,completed_delivery
1666063506,2964,state_change,AVAILABLE,completed_delivery
1666063506,1010,state_change,AVAILABLE,completed_delivery
1666063506,2450,state_change,AVAILABLE,completed_delivery
1666063506,239,state_change,AVAILABLE,completed_delivery
1666063506,3290,state_change,AVAILABLE,completed_delivery
1666063506,4029,state_change,AVAILABLE,completed_delivery
1666063506,1125,state_change,AVAILABLE,completed_delivery
1666063506,1272,state_change,AVAILABLE,completed_delivery
1666063506,1559,state_change,AVAILABLE,completed_delivery
1666063506,2899,state_change,AVAILABLE,completed_delivery
1666063506,2208,state_change,AVAILABLE,completed_delivery
1666063506,2350,state_change,AVAILABLE,completed_delivery
1666063506,1534,state_change,AVAILABLE,completed_delivery
1666063506,708,state_change,AVAILABLE,completed_delivery
1666063506,3011,state_change,AVAILABLE,completed_delivery
1666063506,4332,state_change,AVAILABLE,completed_delivery
1666063506,2723,state_change,AVAILABLE,completed_delivery
1666063506,1426,state_change,AVAILABLE,completed_delivery
1666063506,421,state_change,AVAILABLE,completed_delivery
1666063506,95,state_change,AVAILABLE,completed_delivery
1666063506,2538,state_change,AVAILABLE,completed_delivery
1666063506,1,state_change,AVAILABLE,completed_delivery
1666063506,3982,state_change,AVAILABLE,completed_delivery
1666063506,2258,state_change,AVAILABLE,completed_delivery
1666063506,2088,state_change,AVAILABLE,completed_delivery
1666063506,1167,state_change,AVAILABLE,completed_delivery
1666063506,2995,state_change,AVAILABLE,completed_delivery
1666063506,780,state_change,AVAILABLE,completed_delivery
1666063506,3823,state_change,AVAILABLE,completed_delivery
1666063506,2572,state_change,AVAILABLE,completed_delivery
1666063506,536,state_change,AVAILABLE,completed_delivery
1666063506,917,state_change,AVAILABLE,completed_delivery
1666063506,2404,state_change,AVAILABLE,completed_delivery
1666063506,414,state_change,AVAILABLE,completed_delivery
1666063506,3088,state_change,AVAILABLE,completed_delivery
1666063506,1136,state_change,AVAILABLE,completed_delivery
1666063506,2336,state_change,AVAILABLE,completed_delivery
1666063506,1733,state_change,AVAILABLE,completed_delivery
1666063506,1468,state_change,AVAILABLE,completed_delivery
1666063506,1670,state_change,AVAILABLE,completed_delivery
1666063506,2136,state_change,AVAILABLE,completed_delivery
1666063506,3503,state_change,AVAILABLE,completed_delivery
1666063506,4242,state_change,AVAILABLE,completed_delivery
1666063506,3730,state_change,AVAILABLE,completed_delivery
1666063506,4554,state_change,AVAILABLE,completed_delivery
1666063506,3426,state_change,AVAILABLE,completed_delivery
1666063506,428,state_change,AVAILABLE,completed_delivery
1666063506,501,state_change,AVAILABLE,completed_delivery
1666063506,892,state_change,AVAILABLE,completed_delivery
1666063506,37,state_change,AVAILABLE,completed_delivery
1666063506,1953,state_change,AVAILABLE,completed_delivery
1666063506,972,state_change,AVAILABLE,completed_delivery
1666063506,57,state_change,AVAILABLE,completed_delivery
1666063506,88,state_change,AVAILABLE,completed_delivery
1666063506,1225,state_change,AVAILABLE,completed_delivery
1666063506,494,state_change,AVAILABLE,completed_delivery
1666063506,600,state_change,AVAILABLE,completed_delivery
1666063506,1811,state_change,AVAILABLE,completed_delivery
1666063506,4319,state_change,AVAILABLE,completed_delivery
1666063506,677,state_change,AVAILABLE,completed_delivery
1666063506,2551,state_change,AVAILABLE,completed_delivery
1666063506,692,state_change,AVAILABLE,completed_delivery
1666063506,3139,state_change,AVAILABLE,completed_delivery
1666063506,2331,state_change,AVAILABLE,completed_delivery
1666063506,2733,state_change,AVAILABLE,completed_delivery
1666063506,2271,state_change,AVAILABLE,completed_delivery
1666063506,1991,state_change,AVAILABLE,completed_delivery
1666063506,571,state_change,AVAILABLE,completed_delivery
1666063506,1240,state_change,AVAILABLE,completed_delivery
1666063506,2165,state_change,AVAILABLE,completed_delivery
1666063506,4386,state_change,AVAILABLE,completed_delivery
1666063506,1976,state_change,AVAILABLE,completed_delivery
1666063506,2432,state_change,AVAILABLE,completed_delivery
1666063506,223,state_change,AVAILABLE,completed_delivery
1666063506,3184,state_change,AVAILABLE,completed_delivery
1666063506,4646,state_change,AVAILABLE,completed_delivery
1666063506,1734,state_change,AVAILABLE,completed_delivery
1666063506,2081,state_change,AVAILABLE,completed_delivery
1666063506,422,state_change,AVAILABLE,completed_delivery
1666063506,2569,state_change,AVAILABLE,completed_delivery
1666063506,157,state_change,AVAILABLE,completed_delivery
1666063506,3103,state_change,AVAILABLE,completed_delivery
1666063506,4292,state_change,AVAILABLE,completed_delivery
1666063506,2206,state_change,AVAILABLE,completed_delivery
1666063506,358,state_change,AVAILABLE,completed_delivery
1666063506,1681,state_change,AVAILABLE,completed_delivery
1666063506,848,state_change,AVAILABLE,completed_delivery
1666063506,3660,state_change,AVAILABLE,completed_delivery
1666063506,1663,state_change,AVAILABLE,completed_delivery
1666063506,3494,state_change,AVAILABLE,completed_delivery
1666063506,2771,state_change,AVAILABLE,completed_delivery
1666063506,1875,state_change,AVAILABLE,completed_delivery
1666063506,160,state_change,AVAILABLE,completed_delivery
1666063506,611,state_change,AVAILABLE,completed_delivery
1666063506,2207,state_change,AVAILABLE,completed_delivery
1666063506,3689,state_change,AVAILABLE,completed_delivery
1666063506,1113,state_change,AVAILABLE,completed_delivery
1666063506,407,state_change,AVAILABLE,completed_delivery
1666063506,2968,state_change,AVAILABLE,completed_delivery
1666063506,330,state_change,AVAILABLE,completed_delivery
1666063506,3251,state_change,AVAILABLE,completed_delivery
1666063506,214,state_change,AVAILABLE,completed_delivery
1666063506,4002,state_change,AVAILABLE,completed_delivery
1666063506,1077,state_change,AVAILABLE,completed_delivery
1666063506,202,state_change,AVAILABLE,completed_delivery
1666063506,4504,state_change,AVAILABLE,completed_delivery
1666063506,946,state_change,AVAILABLE,completed_delivery
1666063506,2805,state_change,AVAILABLE,completed_delivery
1666063506,493,state_change,AVAILABLE,completed_delivery
1666063506,2518,state_change,AVAILABLE,completed_delivery
1666063506,1625,state_change,AVAILABLE,completed_delivery
1666063506,144,state_change,AVAILABLE,completed_delivery
1666063506,2532,state_change,AVAILABLE,completed_delivery
1666063506,3101,state_change,AVAILABLE,completed_delivery
1666063506,2224,state_change,AVAILABLE,completed_delivery
1666063506,1007,state_change,AVAILABLE,completed_delivery
1666063506,538,state_change,AVAILABLE,completed_delivery
1666063506,368,state_change,AVAILABLE,completed_delivery
1666063506,3719,state_change,AVAILABLE,completed_delivery
1666063506,817,state_change,AVAILABLE,completed_delivery
1666063506,2939,state_change,AVAILABLE,completed_delivery
1666063506,3245,state_change,AVAILABLE,completed_delivery
1666063506,2806,state_change,AVAILABLE,completed_delivery
1666063506,1198,state_change,AVAILABLE,completed_delivery
1666063506,2190,state_change,AVAILABLE,completed_delivery
1666063506,744,state_change,AVAILABLE,completed_delivery
1666063506,4537,state_change,AVAILABLE,completed_delivery
1666063506,1408,state_change,AVAILABLE,completed_delivery
1666063506,2434,state_change,AVAILABLE,completed_delivery
1666063506,1145,state_change,AVAILABLE,completed_delivery
1666063506,1287,state_change,AVAILABLE,completed_delivery
1666063506,861,state_change,AVAILABLE,completed_delivery
1666063506,790,state_change,AVAILABLE,completed_delivery
1666063506,3017,state_change,AVAILABLE,completed_delivery
1666063506,510,state_change,AVAILABLE,completed_delivery
1666063506,1530,state_change,AVAILABLE,completed_delivery
1666063506,593,state_change,AVAILABLE,completed_delivery
1666063506,2675,state_change,AVAILABLE,completed_delivery
1666063506,1318,state_change,AVAILABLE,completed_delivery
1666063506,4019,state_change,AVAILABLE,completed_delivery
1666063506,1296,state_change,AVAILABLE,completed_delivery
1666063506,1740,state_change,AVAILABLE,completed_delivery
1666063506,3715,state_change,AVAILABLE,completed_delivery
1666063506,1028,state_change,AVAILABLE,completed_delivery
1666063506,1460,state_change,AVAILABLE,completed_delivery
1666063506,739,state_change,AVAILABLE,completed_delivery
1666063506,796,state_change,AVAILABLE,completed_delivery
1666063506,2355,state_change,AVAILABLE,completed_delivery
1666063506,3158,state_change,AVAILABLE,completed_delivery
1666063506,1474,state_change,AVAILABLE,completed_delivery
1666063506,3522,state_change,AVAILABLE,completed_delivery
1666063506,211,state_change,AVAILABLE,completed_delivery
1666063506,191,state_change,AVAILABLE,completed_delivery
1666063506,91,state_change,AVAILABLE,completed_delivery
1666063506,3385,state_change,AVAILABLE,completed_delivery
1666063506,732,state_change,AVAILABLE,completed_delivery
1666063506,2979,state_change,AVAILABLE,completed_delivery
1666063506,3165,state_change,AVAILABLE,completed_delivery
1666063506,1660,state_change,AVAILABLE,completed_delivery
1666063506,3302,state_change,AVAILABLE,completed_delivery
1666063506,4300,state_change,AVAILABLE,completed_delivery
1666063506,997,state_change,AVAILABLE,completed_delivery
1666063506,58,state_change,AVAILABLE,completed_delivery
1666063506,767,state_change,AVAILABLE,completed_delivery
1666063506,4262,state_change,AVAILABLE,completed_delivery
1666063506,116,state_change,AVAILABLE,completed_delivery
1666063506,244,state_change,AVAILABLE,completed_delivery
1666063506,1150,state_change,AVAILABLE,completed_delivery
1666063506,4170,state_change,AVAILABLE,completed_delivery
1666063506,2801,state_change,AVAILABLE,completed_delivery
1666063506,703,state_change,AVAILABLE,completed_delivery
1666063506,2345,state_change,AVAILABLE,completed_delivery
1666063506,4482,state_change,AVAILABLE,completed_delivery
1666063506,137,state_change,AVAILABLE,completed_delivery
1666063506,999,state_change,AVAILABLE,completed_delivery
1666063506,97,state_change,AVAILABLE,completed_delivery
1666063506,3625,state_change,AVAILABLE,completed_delivery
1666063506,2435,state_change,AVAILABLE,completed_delivery
1666063506,1581,state_change,AVAILABLE,completed_delivery
1666063506,2105,state_change,AVAILABLE,completed_delivery
1666063506,2742,state_change,AVAILABLE,completed_delivery
1666063506,1279,state_change,AVAILABLE,completed_delivery
1666063506,309,state_change,AVAILABLE,completed_delivery
1666063506,2172,state_change,AVAILABLE,completed_delivery
1666063506,1826,state_change,AVAILABLE,completed_delivery
1666063506,3616,state_change,AVAILABLE,completed_delivery
1666063506,1157,state_change,AVAILABLE,completed_delivery
1666063506,517,state_change,AVAILABLE,completed_delivery
1666063506,2671,state_change,AVAILABLE,completed_delivery
1666063506,914,state_change,AVAILABLE,completed_delivery
1666063506,146,state_change,AVAILABLE,completed_delivery
1666063506,2876,state_change,AVAILABLE,completed_delivery
1666063506,2343,state_change,AVAILABLE,completed_delivery
1666063506,772,state_change,AVAILABLE,completed_delivery
1666063506,83,state_change,AVAILABLE,completed_delivery
1666063506,714,state_change,AVAILABLE,completed_delivery
1666063506,795,state_change,AVAILABLE,completed_delivery
1666063506,1097,state_change,AVAILABLE,completed_delivery
1666063506,452,state_change,AVAILABLE,completed_delivery
1666063506,294,state_change,AVAILABLE,completed_delivery
1666063506,62,state_change,AVAILABLE,completed_delivery
1666063506,1419,state_change,AVAILABLE,completed_delivery
1666063506,2557,state_change,AVAILABLE,completed_delivery
1666063506,86,state_change,AVAILABLE,completed_delivery
1666063506,1739,state_change,AVAILABLE,completed_delivery
1666063506,820,state_change,AVAILABLE,completed_delivery
1666063506,996,state_change,AVAILABLE,completed_delivery
1666063506,1208,state_change,AVAILABLE,completed_delivery
1666063506,419,state_change,AVAILABLE,completed_delivery
1666063506,580,state_change,AVAILABLE,completed_delivery
1666063506,2197,state_change,AVAILABLE,completed_delivery
1666063506,2454,state_change,AVAILABLE,completed_delivery
1666063506,2809,state_change,AVAILABLE,completed_delivery
1666063506,4101,state_change,AVAILABLE,completed_delivery
1666063506,2086,state_change,AVAILABLE,completed_delivery
1666063506,1892,state_change,AVAILABLE,completed_delivery
1666063506,1700,state_change,AVAILABLE,completed_delivery
1666063506,2613,state_change,AVAILABLE,completed_delivery
1666063506,2522,state_change,AVAILABLE,completed_delivery
1666063506,794,state_change,AVAILABLE,completed_delivery
1666063506,3762,state_change,AVAILABLE,completed_delivery
1666063506,1602,state_change,AVAILABLE,completed_delivery
1666063506,769,state_change,AVAILABLE,completed_delivery
1666063506,92,state_change,AVAILABLE,completed_delivery
1666063506,4185,state_change,AVAILABLE,completed_delivery
1666063506,3279,state_change,AVAILABLE,completed_delivery
1666063506,2900,state_change,AVAILABLE,completed_delivery
1666063506,283,state_change,AVAILABLE,completed_delivery
1666063506,2213,state_change,AVAILABLE,completed_delivery
1666063506,162,state_change,AVAILABLE,completed_delivery
1666063506,465,state_change,AVAILABLE,completed_delivery
1666063506,3429,state_change,AVAILABLE,completed_delivery
1666063506,352,state_change,AVAILABLE,completed_delivery
1666063506,1216,state_change,AVAILABLE,completed_delivery
1666063506,3487,state_change,AVAILABLE,completed_delivery
1666063506,237,state_change,AVAILABLE,completed_delivery
1666063506,1507,state_change,AVAILABLE,completed_delivery
1666063506,3277,state_change,AVAILABLE,completed_delivery
1666063506,1835,state_change,AVAILABLE,completed_delivery
1666063506,1466,state_change,AVAILABLE,completed_delivery
1666063506,1655,state_change,AVAILABLE,completed_delivery
1666063506,1746,state_change,AVAILABLE,completed_delivery
1666063506,279,state_change,AVAILABLE,completed_delivery
1666063506,265,state_change,AVAILABLE,completed_delivery
1666063506,3942,state_change,AVAILABLE,completed_delivery
1666063506,4381,state_change,AVAILABLE,completed_delivery
1666063506,232,state_change,AVAILABLE,completed_delivery
1666063506,1911,state_change,AVAILABLE,completed_delivery
1666063506,3283,state_change,AVAILABLE,completed_delivery
1666063506,208,state_change,AVAILABLE,completed_delivery
1666063506,266,state_change,AVAILABLE,completed_delivery
1666063506,3716,state_change,AVAILABLE,completed_delivery
1666063506,38,state_change,AVAILABLE,completed_delivery
1666063506,1777,state_change,AVAILABLE,completed_delivery
1666063506,1557,state_change,AVAILABLE,completed_delivery
1666063506,1086,state_change,AVAILABLE,completed_delivery
1666063506,4204,state_change,AVAILABLE,completed_delivery
1666063506,912,state_change,AVAILABLE,completed_delivery
1666063506,3497,state_change,AVAILABLE,completed_delivery
1666063506,1100,state_change,AVAILABLE,completed_delivery
1666063506,1593,state_change,AVAILABLE,completed_delivery
1666063506,3677,state_change,AVAILABLE,completed_delivery
1666063506,176,state_change,AVAILABLE,completed_delivery
1666063506,222,state_change,AVAILABLE,completed_delivery
1666063506,2126,state_change,AVAILABLE,completed_delivery
1666063506,2573,state_change,AVAILABLE,completed_delivery
1666063506,2695,state_change,AVAILABLE,completed_delivery
1666063506,2192,state_change,AVAILABLE,completed_delivery
1666063506,872,state_change,AVAILABLE,completed_delivery
1666063506,522,state_change,AVAILABLE,completed_delivery
1666063506,2162,state_change,AVAILABLE,completed_delivery
1666063506,2892,state_change,AVAILABLE,completed_delivery
1666063506,13,state_change,AVAILABLE,completed_delivery
1666063506,2301,state_change,AVAILABLE,completed_delivery
1666063506,674,state_change,AVAILABLE,completed_delivery
1666063506,161,state_change,AVAILABLE,completed_delivery
1666063506,3680,state_change,AVAILABLE,completed_delivery
1666063506,328,state_change,AVAILABLE,completed_delivery
1666063506,3953,state_change,AVAILABLE,completed_delivery
1666063506,792,state_change,AVAILABLE,completed_delivery
1666063506,2581,state_change,AVAILABLE,completed_delivery
1666063506,2709,state_change,AVAILABLE,completed_delivery
1666063506,4,state_change,AVAILABLE,completed_delivery
1666063506,2145,state_change,AVAILABLE,completed_delivery
1666063506,829,state_change,AVAILABLE,completed_delivery
1666063506,3167,state_change,AVAILABLE,completed_delivery
1666063506,76,state_change,AVAILABLE,completed_delivery
1666063506,604,state_change,AVAILABLE,completed_delivery
1666063506,2069,state_change,AVAILABLE,completed_delivery
1666063506,998,state_change,AVAILABLE,completed_delivery
1666063506,105,state_change,AVAILABLE,completed_delivery
1666063506,4201,state_change,AVAILABLE,completed_delivery
1666063506,1600,state_change,AVAILABLE,completed_delivery
1666063506,646,state_change,AVAILABLE,completed_delivery
1666063506,1298,state_change,AVAILABLE,completed_delivery
1666063506,165,state_change,AVAILABLE,completed_delivery
1666063506,218,state_change,AVAILABLE,completed_delivery
1666063506,1787,state_change,AVAILABLE,completed_delivery
1666063506,1376,state_change,AVAILABLE,completed_delivery
1666063506,3332,state_change,AVAILABLE,completed_delivery
1666063506,3010,state_change,AVAILABLE,completed_delivery
1666063506,1277,state_change,AVAILABLE,completed_delivery
1666063506,1343,state_change,AVAILABLE,completed_delivery
1666063506,67,state_change,AVAILABLE,completed_delivery
1666063506,2201,state_change,AVAILABLE,completed_delivery
1666063506,2507,state_change,AVAILABLE,completed_delivery
1666063506,2722,state_change,AVAILABLE,completed_delivery
1666063506,140,state_change,AVAILABLE,completed_delivery
1666063506,1104,state_change,AVAILABLE,completed_delivery
1666063506,1912,state_change,AVAILABLE,completed_delivery
1666063506,112,state_change,AVAILABLE,completed_delivery
1666063506,3384,state_change,AVAILABLE,completed_delivery
1666063506,959,state_change,AVAILABLE,completed_delivery
1666063506,125,state_change,AVAILABLE,completed_delivery
1666063506,4694,state_change,AVAILABLE,completed_delivery
1666063506,2070,state_change,AVAILABLE,completed_delivery
1666063506,1358,state_change,AVAILABLE,completed_delivery
1666063506,4141,state_change,AVAILABLE,completed_delivery
1666063506,1258,state_change,AVAILABLE,completed_delivery
1666063506,4843,state_change,AVAILABLE,completed_delivery
1666063506,2318,state_change,AVAILABLE,completed_delivery
1666063506,1314,state_change,AVAILABLE,completed_delivery
1666063506,3753,state_change,AVAILABLE,completed_delivery
1666063506,2635,state_change,AVAILABLE,completed_delivery
1666063506,1275,state_change,AVAILABLE,completed_delivery
1666063506,3537,state_change,AVAILABLE,completed_delivery
1666063506,3744,state_change,AVAILABLE,completed_delivery
1666063506,250,state_change,AVAILABLE,completed_delivery
1666063506,2623,state_change,AVAILABLE,completed_delivery
1666063506,85,state_change,AVAILABLE,completed_delivery
1666063506,2897,state_change,AVAILABLE,completed_delivery
1666063506,2004,state_change,AVAILABLE,completed_delivery
1666063506,2794,state_change,AVAILABLE,completed_delivery
1666063506,569,state_change,AVAILABLE,completed_delivery
1666063506,3859,state_change,AVAILABLE,completed_delivery
1666063506,1944,state_change,AVAILABLE,completed_delivery
1666063506,3478,state_change,AVAILABLE,completed_delivery
1666063506,3554,state_change,AVAILABLE,completed_delivery
1666063506,3179,state_change,AVAILABLE,completed_delivery
1666063506,2188,state_change,AVAILABLE,completed_delivery
1666063506,3799,state_change,AVAILABLE,completed_delivery
1666063506,73,state_change,AVAILABLE,completed_delivery
1666063506,754,state_change,AVAILABLE,completed_delivery
1666063506,1096,state_change,AVAILABLE,completed_delivery
1666063506,1688,state_change,AVAILABLE,completed_delivery
1666063506,4179,state_change,AVAILABLE,completed_delivery
1666063506,3340,state_change,AVAILABLE,completed_delivery
1666063506,81,state_change,AVAILABLE,completed_delivery
1666063506,1142,state_change,AVAILABLE,completed_delivery
1666063506,2074,state_change,AVAILABLE,completed_delivery
1666063506,2785,state_change,AVAILABLE,completed_delivery
1666063506,3016,state_change,AVAILABLE,completed_delivery
1666063506,2714,state_change,AVAILABLE,completed_delivery
1666063506,734,state_change,AVAILABLE,completed_delivery
1666063506,1696,state_change,AVAILABLE,completed_delivery
1666063506,2621,state_change,AVAILABLE,completed_delivery
1666063506,365,state_change,AVAILABLE,completed_delivery
1666063506,3094,state_change,AVAILABLE,completed_delivery
1666063506,1232,state_change,AVAILABLE,completed_delivery
1666063506,2234,state_change,AVAILABLE,completed_delivery
1666063506,216,state_change,AVAILABLE,completed_delivery
1666063506,4207,state_change,AVAILABLE,completed_delivery
1666063506,587,state_change,AVAILABLE,completed_delivery
1666063506,1622,state_change,AVAILABLE,completed_delivery
1666063506,3451,state_change,AVAILABLE,completed_delivery
1666063506,4837,state_change,AVAILABLE,completed_delivery
1666063506,2048,state_change,AVAILABLE,completed_delivery
1666063506,3137,state_change,AVAILABLE,completed_delivery
1666063506,813,state_change,AVAILABLE,completed_delivery
1666063506,3119,state_change,AVAILABLE,completed_delivery
1666063506,1930,state_change,AVAILABLE,completed_delivery
1666063506,1219,state_change,AVAILABLE,completed_delivery
1666063506,925,state_change,AVAILABLE,completed_delivery
1666063506,2315,state_change,AVAILABLE,completed_delivery
1666063506,2183,state_change,AVAILABLE,completed_delivery
1666063506,565,state_change,AVAILABLE,completed_delivery
1666063506,2893,state_change,AVAILABLE,completed_delivery
1666063506,2708,state_change,AVAILABLE,completed_delivery
1666063506,816,state_change,AVAILABLE,completed_delivery
1666063506,278,state_change,AVAILABLE,completed_delivery
1666063506,19,state_change,AVAILABLE,completed_delivery
1666063506,2555,state_change,AVAILABLE,completed_delivery
1666063506,1756,state_change,AVAILABLE,completed_delivery
1666063506,1093,state_change,AVAILABLE,completed_delivery
1666063506,268,state_change,AVAILABLE,completed_delivery
1666063506,2938,state_change,AVAILABLE,completed_delivery
1666063506,3292,state_change,AVAILABLE,completed_delivery
1666063506,557,state_change,AVAILABLE,completed_delivery
1666063506,1577,state_change,AVAILABLE,completed_delivery
1666063506,3031,state_change,AVAILABLE,completed_delivery
1666063506,634,state_change,AVAILABLE,completed_delivery
1666063506,3813,state_change,AVAILABLE,completed_delivery
1666063506,4007,state_change,AVAILABLE,completed_delivery
1666063506,425,state_change,AVAILABLE,completed_delivery
1666063506,4017,state_change,AVAILABLE,completed_delivery
1666063506,2100,state_change,AVAILABLE,completed_delivery
1666063506,1691,state_change,AVAILABLE,completed_delivery
1666063506,3100,state_change,AVAILABLE,completed_delivery
1666063506,1367,state_change,AVAILABLE,completed_delivery
1666063506,4091,state_change,AVAILABLE,completed_delivery
1666063506,1711,state_change,AVAILABLE,completed_delivery
1666063506,1922,state_change,AVAILABLE,completed_delivery
1666063506,3579,state_change,AVAILABLE,completed_delivery
1666063506,2468,state_change,AVAILABLE,completed_delivery
1666063506,134,state_change,AVAILABLE,completed_delivery
1666063506,939,state_change,AVAILABLE,completed_delivery
1666063506,1281,state_change,AVAILABLE,completed_delivery
1666063506,1511,state_change,AVAILABLE,completed_delivery
1666063506,3825,state_change,AVAILABLE,completed_delivery
1666063506,2323,state_change,AVAILABLE,completed_delivery
1666063506,3536,state_change,AVAILABLE,completed_delivery
1666063506,115,state_change,AVAILABLE,completed_delivery
1666063506,498,state_change,AVAILABLE,completed_delivery
1666063506,2503,state_change,AVAILABLE,completed_delivery
1666063506,1642,state_change,AVAILABLE,completed_delivery
1666063506,3935,state_change,AVAILABLE,completed_delivery
1666063506,3737,state_change,AVAILABLE,completed_delivery
1666063506,1760,state_change,AVAILABLE,completed_delivery
1666063506,1246,state_change,AVAILABLE,completed_delivery
1666063506,1515,state_change,AVAILABLE,completed_delivery
1666063506,4752,state_change,AVAILABLE,completed_delivery
1666063506,25,state_change,AVAILABLE,completed_delivery
1666063506,2887,state_change,AVAILABLE,completed_delivery
1666063506,623,state_change,AVAILABLE,completed_delivery
1666063506,3313,state_change,AVAILABLE,completed_delivery
1666063506,2458,state_change,AVAILABLE,completed_delivery
1666063506,1538,state_change,AVAILABLE,completed_delivery
1666063506,1788,state_change,AVAILABLE,completed_delivery
1666063506,90,state_change,AVAILABLE,completed_delivery
1666063506,2567,state_change,AVAILABLE,completed_delivery
1666063506,3476,state_change,AVAILABLE,completed_delivery
1666063506,388,state_change,AVAILABLE,completed_delivery
1666063506,1423,state_change,AVAILABLE,completed_delivery
1666063506,1235,state_change,AVAILABLE,completed_delivery
1666063506,3752,state_change,AVAILABLE,completed_delivery
1666063506,1473,state_change,AVAILABLE,completed_delivery
1666063506,1229,state_change,AVAILABLE,completed_delivery
1666063506,3517,state_change,AVAILABLE,completed_delivery
1666063506,1465,state_change,AVAILABLE,completed_delivery
1666063506,2989,state_change,AVAILABLE,completed_delivery
1666063506,1638,state_change,AVAILABLE,completed_delivery
1666063506,4582,state_change,AVAILABLE,completed_delivery
1666063506,643,state_change,AVAILABLE,completed_delivery
1666063506,2364,state_change,AVAILABLE,completed_delivery
1666063506,4538,state_change,AVAILABLE,completed_delivery
1666063506,3552,state_change,AVAILABLE,completed_delivery
1666063506,2998,state_change,AVAILABLE,completed_delivery
1666063506,188,state_change,AVAILABLE,completed_delivery
1666063506,3694,state_change,AVAILABLE,completed_delivery
1666063506,1794,state_change,AVAILABLE,completed_delivery
1666063506,2566,state_change,AVAILABLE,completed_delivery
1666063506,33,state_change,AVAILABLE,completed_delivery
1666063506,3568,state_change,AVAILABLE,completed_delivery
1666063506,2008,state_change,AVAILABLE,completed_delivery
1666063506,2598,state_change,AVAILABLE,completed_delivery
1666063506,2622,state_change,AVAILABLE,completed_delivery
1666063506,2448,state_change,AVAILABLE,completed_delivery
1666063506,2638,state_change,AVAILABLE,completed_delivery
1666063506,3533,state_change,AVAILABLE,completed_delivery
1666063506,3280,state_change,AVAILABLE,completed_delivery
1666063506,832,state_change,AVAILABLE,completed_delivery
1666063506,327,state_change,AVAILABLE,completed_delivery
1666063506,971,state_change,AVAILABLE,completed_delivery
1666063506,1319,state_change,AVAILABLE,completed_delivery
1666063506,381,state_change,AVAILABLE,completed_delivery
1666063506,582,state_change,AVAILABLE,completed_delivery
1666063506,40,state_change,AVAILABLE,completed_delivery
1666063506,4765,state_change,AVAILABLE,completed_delivery
1666063506,2009,state_change,AVAILABLE,completed_delivery
1666063506,432,state_change,AVAILABLE,completed_delivery
1666063506,126,state_change,AVAILABLE,completed_delivery
1666063506,1085,state_change,AVAILABLE,completed_delivery
1666063506,1779,state_change,AVAILABLE,completed_delivery
1666063506,1932,state_change,AVAILABLE,completed_delivery
1666063506,4054,state_change,AVAILABLE,completed_delivery
1666063506,3771,state_change,AVAILABLE,completed_delivery
1666063506,1237,state_change,AVAILABLE,completed_delivery
1666063506,4410,state_change,AVAILABLE,completed_delivery
1666063506,1558,state_change,AVAILABLE,completed_delivery
1666063506,3815,state_change,AVAILABLE,completed_delivery
1666063506,3597,state_change,AVAILABLE,completed_delivery
1666063506,377,state_change,AVAILABLE,completed_delivery
1666063506,1379,state_change,AVAILABLE,completed_delivery
1666063506,2996,state_change,AVAILABLE,completed_delivery
1666063506,3572,state_change,AVAILABLE,completed_delivery
1666063506,775,state_change,AVAILABLE,completed_delivery
1666063506,2091,state_change,AVAILABLE,completed_delivery
1666063506,3824,state_change,AVAILABLE,completed_delivery
1666063506,1830,state_change,AVAILABLE,completed_delivery
1666063506,2324,state_change,AVAILABLE,completed_delivery
1666063506,570,state_change,AVAILABLE,completed_delivery
1666063506,470,state_change,AVAILABLE,completed_delivery
1666063506,983,state_change,AVAILABLE,completed_delivery
1666063506,1191,state_change,AVAILABLE,completed_delivery
1666063506,1762,state_change,AVAILABLE,completed_delivery
1666063506,1033,state_change,AVAILABLE,completed_delivery
1666063506,3789,state_change,AVAILABLE,completed_delivery
1666063506,791,state_change,AVAILABLE,completed_delivery
1666063506,1494,state_change,AVAILABLE,completed_delivery
1666063506,2731,state_change,AVAILABLE,completed_delivery
1666063506,1354,state_change,AVAILABLE,completed_delivery
1666063506,16,state_change,AVAILABLE,completed_delivery
1666063506,312,state_change,AVAILABLE,completed_delivery
1666063506,3359,state_change,AVAILABLE,completed_delivery
1666063506,2505,state_change,AVAILABLE,completed_delivery
1666063506,220,state_change,AVAILABLE,completed_delivery
1666063506,2736,state_change,AVAILABLE,completed_delivery
1666063506,1889,state_change,AVAILABLE,completed_delivery
1666063506,1743,state_change,AVAILABLE,completed_delivery
1666063506,1049,state_change,AVAILABLE,completed_delivery
1666063506,1689,state_change,AVAILABLE,completed_delivery
1666063506,2690,state_change,AVAILABLE,completed_delivery
1666063506,694,state_change,AVAILABLE,completed_delivery
1666063506,3422,state_change,AVAILABLE,completed_delivery
1666063506,3254,state_change,AVAILABLE,completed_delivery
1666063506,1705,state_change,AVAILABLE,completed_delivery
1666063506,192,state_change,AVAILABLE,completed_delivery
1666063506,2372,state_change,AVAILABLE,completed_delivery
1666063506,686,state_change,AVAILABLE,completed_delivery
1666063506,3269,state_change,AVAILABLE,completed_delivery
1666063506,699,state_change,AVAILABLE,completed_delivery
1666063506,805,state_change,AVAILABLE,completed_delivery
1666063506,4050,state_change,AVAILABLE,completed_delivery
1666063506,799,state_change,AVAILABLE,completed_delivery
1666063506,3511,state_change,AVAILABLE,completed_delivery
1666063506,4052,state_change,AVAILABLE,completed_delivery
1666063506,3220,state_change,AVAILABLE,completed_delivery
1666063506,3030,state_change,AVAILABLE,completed_delivery
1666063506,3526,state_change,AVAILABLE,completed_delivery
1666063506,1200,state_change,AVAILABLE,completed_delivery
1666063506,1443,state_change,AVAILABLE,completed_delivery
1666063506,595,state_change,AVAILABLE,completed_delivery
1666063506,2500,state_change,AVAILABLE,completed_delivery
1666063506,1761,state_change,AVAILABLE,completed_delivery
1666063506,3566,state_change,AVAILABLE,completed_delivery
1666063506,34,state_change,AVAILABLE,completed_delivery
1666063506,4398,state_change,AVAILABLE,completed_delivery
1666063506,527,state_change,AVAILABLE,completed_delivery
1666063506,1909,state_change,AVAILABLE,completed_delivery
1666063506,3087,state_change,AVAILABLE,completed_delivery
1666063506,1837,state_change,AVAILABLE,completed_delivery
1666063506,2486,state_change,AVAILABLE,completed_delivery
1666063506,3541,state_change,AVAILABLE,completed_delivery
1666063506,3440,state_change,AVAILABLE,completed_delivery
1666063506,974,state_change,AVAILABLE,completed_delivery
1666063506,750,state_change,AVAILABLE,completed_delivery
1666063506,316,state_change,AVAILABLE,completed_delivery
1666063506,1673,state_change,AVAILABLE,completed_delivery
1666063506,1554,state_change,AVAILABLE,completed_delivery
1666063506,2134,state_change,AVAILABLE,completed_delivery
1666063506,2547,state_change,AVAILABLE,completed_delivery
1666063506,651,state_change,AVAILABLE,completed_delivery
1666063506,1645,state_change,AVAILABLE,completed_delivery
1666063506,661,state_change,AVAILABLE,completed_delivery
1666063506,1489,state_change,AVAILABLE,completed_delivery
1666063506,2981,state_change,AVAILABLE,completed_delivery
1666063506,3637,state_change,AVAILABLE,completed_delivery
1666063506,2922,state_change,AVAILABLE,completed_delivery
1666063506,1692,state_change,AVAILABLE,completed_delivery
1666063506,48,state_change,AVAILABLE,completed_delivery
1666063506,1073,state_change,AVAILABLE,completed_delivery
1666063506,2142,state_change,AVAILABLE,completed_delivery
1666063506,1432,state_change,AVAILABLE,completed_delivery
1666063506,324,state_change,AVAILABLE,completed_delivery
1666063506,2606,state_change,AVAILABLE,completed_delivery
1666063506,968,state_change,AVAILABLE,completed_delivery
1666063506,1375,state_change,AVAILABLE,completed_delivery
1666063506,4485,state_change,AVAILABLE,completed_delivery
1666063506,2173,state_change,AVAILABLE,completed_delivery
1666063506,3546,state_change,AVAILABLE,completed_delivery
1666063506,1643,state_change,AVAILABLE,completed_delivery
1666063506,2169,state_change,AVAILABLE,completed_delivery
1666063506,445,state_change,AVAILABLE,completed_delivery
1666063506,1977,state_change,AVAILABLE,completed_delivery
1666063506,1350,state_change,AVAILABLE,completed_delivery
1666063506,2285,state_change,AVAILABLE,completed_delivery
1666063506,2676,state_change,AVAILABLE,completed_delivery
1666063506,3058,state_change,AVAILABLE,completed_delivery
1666063506,3049,state_change,AVAILABLE,completed_delivery
1666063506,2180,state_change,AVAILABLE,completed_delivery
1666063506,2204,state_change,AVAILABLE,completed_delivery
1666063506,1496,state_change,AVAILABLE,completed_delivery
1666063506,2307,state_change,AVAILABLE,completed_delivery
1666063506,4317,state_change,AVAILABLE,completed_delivery
1666063506,32,state_change,AVAILABLE,completed_delivery
1666063506,433,state_change,AVAILABLE,completed_delivery
1666063506,1356,state_change,AVAILABLE,completed_delivery
1666063506,1949,state_change,AVAILABLE,completed_delivery
1666063506,3033,state_change,AVAILABLE,completed_delivery
1666063506,2031,state_change,AVAILABLE,completed_delivery
1666063506,181,state_change,AVAILABLE,completed_delivery
1666063506,145,state_change,AVAILABLE,completed_delivery
1666063506,3372,state_change,AVAILABLE,completed_delivery
1666063506,2571,state_change,AVAILABLE,completed_delivery
1666063506,2329,state_change,AVAILABLE,completed_delivery
1666063506,1390,state_change,AVAILABLE,completed_delivery
1666063506,2937,state_change,AVAILABLE,completed_delivery
1666063506,2347,state_change,AVAILABLE,completed_delivery
1666063506,1098,state_change,AVAILABLE,completed_delivery
1666063506,533,state_change,AVAILABLE,completed_delivery
1666063506,1139,state_change,AVAILABLE,completed_delivery
1666063506,3200,state_change,AVAILABLE,completed_delivery
1666063506,3577,state_change,AVAILABLE,completed_delivery
1666063506,1519,state_change,AVAILABLE,completed_delivery
1666063506,1447,state_change,AVAILABLE,completed_delivery
1666063506,2200,state_change,AVAILABLE,completed_delivery
1666063506,224,state_change,AVAILABLE,completed_delivery
1666063506,854,state_change,AVAILABLE,completed_delivery
1666063506,186,state_change,AVAILABLE,completed_delivery
1666063506,483,state_change,AVAILABLE,completed_delivery
1666063506,1687,state_change,AVAILABLE,completed_delivery
1666063506,1564,state_change,AVAILABLE,completed_delivery
1666063506,4759,state_change,AVAILABLE,completed_delivery
1666063506,831,state_change,AVAILABLE,completed_delivery
1666063506,2545,state_change,AVAILABLE,completed_delivery
1666063506,896,state_change,AVAILABLE,completed_delivery
1666063506,2999,state_change,AVAILABLE,completed_delivery
1666063506,1551,state_change,AVAILABLE,completed_delivery
1666063506,1759,state_change,AVAILABLE,completed_delivery
1666063506,1757,state_change,AVAILABLE,completed_delivery
1666063506,282,state_change,AVAILABLE,completed_delivery
1666063506,127,state_change,AVAILABLE,completed_delivery
1666063506,1345,state_change,AVAILABLE,completed_delivery
1666063506,2650,state_change,AVAILABLE,completed_delivery
1666063506,1695,state_change,AVAILABLE,completed_delivery
1666063506,2485,state_change,AVAILABLE,completed_delivery
1666063506,721,state_change,AVAILABLE,completed_delivery
1666063506,1961,state_change,AVAILABLE,completed_delivery
1666063506,1904,state_change,AVAILABLE,completed_delivery
1666063506,320,state_change,AVAILABLE,completed_delivery
1666063506,72,state_change,AVAILABLE,completed_delivery
1666063506,3264,state_change,AVAILABLE,completed_delivery
1666063506,629,state_change,AVAILABLE,completed_delivery
1666063506,2417,state_change,AVAILABLE,completed_delivery
1666063506,2993,state_change,AVAILABLE,completed_delivery
1666063506,1047,state_change,AVAILABLE,completed_delivery
1666063506,184,state_change,AVAILABLE,completed_delivery
1666063506,3105,state_change,AVAILABLE,completed_delivery
1666063506,261,state_change,AVAILABLE,completed_delivery
1666063506,1260,state_change,AVAILABLE,completed_delivery
1666063506,1421,state_change,AVAILABLE,completed_delivery
1666063506,608,state_change,AVAILABLE,completed_delivery
1666063506,252,state_change,AVAILABLE,completed_delivery
1666063506,1239,state_change,AVAILABLE,completed_delivery
1666063506,1893,state_change,AVAILABLE,completed_delivery
1666063506,3491,state_change,AVAILABLE,completed_delivery
1666063506,897,state_change,AVAILABLE,completed_delivery
1666063506,350,state_change,AVAILABLE,completed_delivery
1666063506,131,state_change,AVAILABLE,completed_delivery
1666063506,44,state_change,AVAILABLE,completed_delivery
1666063506,2755,state_change,AVAILABLE,completed_delivery
1666063506,2087,state_change,AVAILABLE,completed_delivery
1666063506,2601,state_change,AVAILABLE,completed_delivery
1666063506,129,state_change,AVAILABLE,completed_delivery
1666063506,1039,state_change,AVAILABLE,completed_delivery
1666063506,2826,state_change,AVAILABLE,completed_delivery
1666063506,685,state_change,AVAILABLE,completed_delivery
1666063506,49,state_change,AVAILABLE,completed_delivery
1666063506,1435,state_change,AVAILABLE,completed_delivery
1666063506,980,state_change,AVAILABLE,completed_delivery
1666063506,2298,state_change,AVAILABLE,completed_delivery
1666063506,2487,state_change,AVAILABLE,completed_delivery
1666063506,2225,state_change,AVAILABLE,completed_delivery
1666063506,1399,state_change,AVAILABLE,completed_delivery
1666063506,2631,state_change,AVAILABLE,completed_delivery
1666063506,2741,state_change,AVAILABLE,completed_delivery
1666063506,201,state_change,AVAILABLE,completed_delivery
1666063506,269,state_change,AVAILABLE,completed_delivery
1666063506,2248,state_change,AVAILABLE,completed_delivery
1666063506,1975,state_change,AVAILABLE,completed_delivery
1666063506,893,state_change,AVAILABLE,completed_delivery
1666063506,1789,state_change,AVAILABLE,completed_delivery
1666063506,982,state_change,AVAILABLE,completed_delivery
1666063506,1786,state_change,AVAILABLE,completed_delivery
1666063506,1735,state_change,AVAILABLE,completed_delivery
1666063506,1223,state_change,AVAILABLE,completed_delivery
1666063506,777,state_change,AVAILABLE,completed_delivery
1666063506,2969,state_change,AVAILABLE,completed_delivery
1666063506,155,state_change,AVAILABLE,completed_delivery
1666063506,2882,state_change,AVAILABLE,completed_delivery
1666063506,2416,state_change,AVAILABLE,completed_delivery
1666063506,659,state_change,AVAILABLE,completed_delivery
1666063506,960,state_change,AVAILABLE,completed_delivery
1666063506,1548,state_change,AVAILABLE,completed_delivery
1666063506,1629,state_change,AVAILABLE,completed_delivery
1666063506,4093,state_change,AVAILABLE,completed_delivery
1666063506,446,state_change,AVAILABLE,completed_delivery
1666063506,361,state_change,AVAILABLE,completed_delivery
1666063506,193,state_change,AVAILABLE,completed_delivery
1666063506,793,state_change,AVAILABLE,completed_delivery
1666063506,1523,state_change,AVAILABLE,completed_delivery
1666063506,200,state_change,AVAILABLE,completed_delivery
1666063506,632,state_change,AVAILABLE,completed_delivery
1666063506,1792,state_change,AVAILABLE,completed_delivery
1666063506,458,state_change,AVAILABLE,completed_delivery
1666063506,1935,state_change,AVAILABLE,completed_delivery
1666063506,209,state_change,AVAILABLE,completed_delivery
1666063506,1110,state_change,AVAILABLE,completed_delivery
1666063506,1065,state_change,AVAILABLE,completed_delivery
1666063506,23,state_change,AVAILABLE,completed_delivery
1666063506,2334,state_change,AVAILABLE,completed_delivery
1666063506,1639,state_change,AVAILABLE,completed_delivery
1666063506,514,state_change,AVAILABLE,completed_delivery
1666063506,1067,state_change,AVAILABLE,completed_delivery
1666063506,1841,state_change,AVAILABLE,completed_delivery
1666063506,1290,state_change,AVAILABLE,completed_delivery
1666063506,652,state_change,AVAILABLE,completed_delivery
1666063506,1716,state_change,AVAILABLE,completed_delivery
1666063506,343,state_change,AVAILABLE,completed_delivery
1666063506,3549,state_change,AVAILABLE,completed_delivery
1666063506,1029,state_change,AVAILABLE,completed_delivery
1666063506,3055,state_change,AVAILABLE,completed_delivery
1666063506,2885,state_change,AVAILABLE,completed_delivery
1666063506,1152,state_change,AVAILABLE,completed_delivery
1666063506,2264,state_change,AVAILABLE,completed_delivery
1666063506,1814,state_change,AVAILABLE,completed_delivery
1666063506,1573,state_change,AVAILABLE,completed_delivery
1666063506,573,state_change,AVAILABLE,completed_delivery
1666063506,459,state_change,AVAILABLE,completed_delivery
1666063506,299,state_change,AVAILABLE,completed_delivery
1666063506,1403,state_change,AVAILABLE,completed_delivery
1666063506,622,state_change,AVAILABLE,completed_delivery
1666063506,2478,state_change,AVAILABLE,completed_delivery
1666063506,2392,state_change,AVAILABLE,completed_delivery
1666063506,1041,state_change,AVAILABLE,completed_delivery
1666063506,166,state_change,AVAILABLE,completed_delivery
1666063506,4557,state_change,AVAILABLE,completed_delivery
1666063506,1055,state_change,AVAILABLE,completed_delivery
1666063506,2381,state_change,AVAILABLE,completed_delivery
1666063506,462,state_change,AVAILABLE,completed_delivery
1666063506,862,state_change,AVAILABLE,completed_delivery
1666063506,2579,state_change,AVAILABLE,completed_delivery
1666063506,2025,state_change,AVAILABLE,completed_delivery
1666063506,1804,state_change,AVAILABLE,completed_delivery
1666063506,2130,state_change,AVAILABLE,completed_delivery
1666063506,3555,state_change,AVAILABLE,completed_delivery
1666063506,807,state_change,AVAILABLE,completed_delivery
1666063506,3780,state_change,AVAILABLE,completed_delivery
1666063506,2395,state_change,AVAILABLE,completed_delivery
1666063506,1555,state_change,AVAILABLE,completed_delivery
1666063506,628,state_change,AVAILABLE,completed_delivery
1666063506,644,state_change,AVAILABLE,completed_delivery
1666063506,500,state_change,AVAILABLE,completed_delivery
1666063506,241,state_change,AVAILABLE,completed_delivery
1666063506,3284,state_change,AVAILABLE,completed_delivery
1666063506,2464,state_change,AVAILABLE,completed_delivery
1666063506,518,state_change,AVAILABLE,completed_delivery
1666063506,3457,state_change,AVAILABLE,completed_delivery
1666063506,3204,state_change,AVAILABLE,completed_delivery
1666063506,3311,state_change,AVAILABLE,completed_delivery
1666063506,2886,state_change,AVAILABLE,completed_delivery
1666063506,930,state_change,AVAILABLE,completed_delivery
1666063506,1132,state_change,AVAILABLE,completed_delivery
1666063506,2107,state_change,AVAILABLE,completed_delivery
1666063506,3377,state_change,AVAILABLE,completed_delivery
1666063506,1338,state_change,AVAILABLE,completed_delivery
1666063506,378,state_change,AVAILABLE,completed_delivery
1666063506,2833,state_change,AVAILABLE,completed_delivery
1666063506,3263,state_change,AVAILABLE,completed_delivery
1666063506,2193,state_change,AVAILABLE,completed_delivery
1666063506,71,state_change,AVAILABLE,completed_delivery
1666063506,899,state_change,AVAILABLE,completed_delivery
1666063506,592,state_change,AVAILABLE,completed_delivery
1666063506,2185,state_change,AVAILABLE,completed_delivery
1666063506,65,state_change,AVAILABLE,completed_delivery
1666063506,2883,state_change,AVAILABLE,completed_delivery
1666063506,3243,state_change,AVAILABLE,completed_delivery
1666063506,2159,state_change,AVAILABLE,completed_delivery
1666063506,128,state_change,AVAILABLE,completed_delivery
1666063506,3147,state_change,AVAILABLE,completed_delivery
1666063506,2683,state_change,AVAILABLE,completed_delivery
1666063506,332,state_change,AVAILABLE,completed_delivery
1666063506,2274,state_change,AVAILABLE,completed_delivery
1666063506,2098,state_change,AVAILABLE,completed_delivery
1666063506,169,state_change,AVAILABLE,completed_delivery
1666063506,293,state_change,AVAILABLE,completed_delivery
1666063506,2352,state_change,AVAILABLE,completed_delivery
1666063506,317,state_change,AVAILABLE,completed_delivery
1666063506,2819,state_change,AVAILABLE,completed_delivery
1666063506,3118,state_change,AVAILABLE,completed_delivery
1666063506,301,state_change,AVAILABLE,completed_delivery
1666063506,435,state_change,AVAILABLE,completed_delivery
1666063506,2929,state_change,AVAILABLE,completed_delivery
1666063506,3410,state_change,AVAILABLE,completed_delivery
1666063506,718,state_change,AVAILABLE,completed_delivery
1666063506,1450,state_change,AVAILABLE,completed_delivery
1666063506,667,state_change,AVAILABLE,completed_delivery
1666063506,803,state_change,AVAILABLE,completed_delivery
1666063506,3446,state_change,AVAILABLE,completed_delivery
1666063506,132,state_change,AVAILABLE,completed_delivery
1666063506,2831,state_change,AVAILABLE,completed_delivery
1666063506,1550,state_change,AVAILABLE,completed_delivery
1666063506,1288,state_change,AVAILABLE,completed_delivery
1666063506,1606,state_change,AVAILABLE,completed_delivery
1666063506,30,state_change,AVAILABLE,completed_delivery
1666063506,3068,state_change,AVAILABLE,completed_delivery
1666063506,2642,state_change,AVAILABLE,completed_delivery
1666063506,1498,state_change,AVAILABLE,completed_delivery
1666063506,3375,state_change,AVAILABLE,completed_delivery
1666063506,2803,state_change,AVAILABLE,completed_delivery
1666063506,2953,state_change,AVAILABLE,completed_delivery
1666063506,4237,state_change,AVAILABLE,completed_delivery
1666063506,2849,state_change,AVAILABLE,completed_delivery
1666063506,147,state_change,AVAILABLE,completed_delivery
1666063506,113,state_change,AVAILABLE,completed_delivery
1666063506,3924,state_change,AVAILABLE,completed_delivery
1666063506,1480,state_change,AVAILABLE,completed_delivery
1666063506,1018,state_change,AVAILABLE,completed_delivery
1666063506,574,state_change,AVAILABLE,completed_delivery
1666063506,743,state_change,AVAILABLE,completed_delivery
1666063506,1847,state_change,AVAILABLE,completed_delivery
1666063506,2802,state_change,AVAILABLE,completed_delivery
1666063506,3006,state_change,AVAILABLE,completed_delivery
1666063506,3714,state_change,AVAILABLE,completed_delivery
1666063506,457,state_change,AVAILABLE,completed_delivery
1666063506,639,state_change,AVAILABLE,completed_delivery
1666063506,1627,state_change,AVAILABLE,completed_delivery
1666063506,3348,state_change,AVAILABLE,completed_delivery
1666063506,1614,state_change,AVAILABLE,completed_delivery
1666063506,840,state_change,AVAILABLE,completed_delivery
1666063506,2003,state_change,AVAILABLE,completed_delivery
1666063506,31,state_change,AVAILABLE,completed_delivery
1666063506,3272,state_change,AVAILABLE,completed_delivery
1666063506,21,state_change,AVAILABLE,completed_delivery
1666063506,1545,state_change,AVAILABLE,completed_delivery
1666063506,27,state_change,AVAILABLE,completed_delivery
1666063506,133,state_change,AVAILABLE,completed_delivery
1666063506,1171,state_change,AVAILABLE,completed_delivery
1666063506,2341,state_change,AVAILABLE,completed_delivery
1666063506,2384,state_change,AVAILABLE,completed_delivery
1666063506,531,state_change,AVAILABLE,completed_delivery
1666063506,1341,state_change,AVAILABLE,completed_delivery
1666063506,1217,state_change,AVAILABLE,completed_delivery
1666063506,3444,state_change,AVAILABLE,completed_delivery
1666063506,818,state_change,AVAILABLE,completed_delivery
1666063506,1054,state_change,AVAILABLE,completed_delivery
1666063506,2570,state_change,AVAILABLE,completed_delivery
1666063506,3205,state_change,AVAILABLE,completed_delivery
1666063506,1848,state_change,AVAILABLE,completed_delivery
1666063506,2040,state_change,AVAILABLE,completed_delivery
1666063506,198,state_change,AVAILABLE,completed_delivery
1666063506,3062,state_change,AVAILABLE,completed_delivery
1666063506,4090,state_change,AVAILABLE,completed_delivery
1666063506,2829,state_change,AVAILABLE,completed_delivery
1666063506,4347,state_change,AVAILABLE,completed_delivery
1666063506,3826,state_change,AVAILABLE,completed_delivery
1666063506,3948,state_change,AVAILABLE,completed_delivery
1666063506,4077,state_change,AVAILABLE,completed_delivery
1666063506,1012,state_change,AVAILABLE,completed_delivery
1666063506,4133,state_change,AVAILABLE,completed_delivery
1666063506,2821,state_change,AVAILABLE,completed_delivery
1666063506,2436,state_change,AVAILABLE,completed_delivery
1666063506,3084,state_change,AVAILABLE,completed_delivery
1666063506,2320,state_change,AVAILABLE,completed_delivery
1666063506,4502,state_change,AVAILABLE,completed_delivery
1666063506,4270,state_change,AVAILABLE,completed_delivery
1666063506,1986,state_change,AVAILABLE,completed_delivery
1666063506,1748,state_change,AVAILABLE,completed_delivery
1666063506,4022,state_change,AVAILABLE,completed_delivery
1666063506,4872,state_change,AVAILABLE,completed_delivery
1666063506,4220,state_change,AVAILABLE,completed_delivery
1666063506,2075,state_change,AVAILABLE,completed_delivery
1666063506,1770,state_change,AVAILABLE,completed_delivery
1666063506,3259,state_change,AVAILABLE,completed_delivery
1666063506,1128,state_change,AVAILABLE,completed_delivery
1666063506,4117,state_change,AVAILABLE,completed_delivery
1666063506,1322,state_change,AVAILABLE,completed_delivery
1666063506,3728,state_change,AVAILABLE,completed_delivery
1666063506,142,state_change,AVAILABLE,completed_delivery
1666063506,3937,state_change,AVAILABLE,completed_delivery
1666063506,3498,state_change,AVAILABLE,completed_delivery
1666063506,3991,state_change,AVAILABLE,completed_delivery
1666063506,4406,state_change,AVAILABLE,completed_delivery
1666063506,2745,state_change,AVAILABLE,completed_delivery
1666063506,597,state_change,AVAILABLE,completed_delivery
1666063506,1180,state_change,AVAILABLE,completed_delivery
1666063506,3961,state_change,AVAILABLE,completed_delivery
1666063506,4368,state_change,AVAILABLE,completed_delivery
1666063506,482,state_change,AVAILABLE,completed_delivery
1666063506,1420,state_change,AVAILABLE,completed_delivery
1666063506,3642,state_change,AVAILABLE,completed_delivery
1666063506,101,state_change,AVAILABLE,completed_delivery
1666063506,871,state_change,AVAILABLE,completed_delivery
1666063506,1929,state_change,AVAILABLE,completed_delivery
1666063506,3608,state_change,AVAILABLE,completed_delivery
1666063506,3499,state_change,AVAILABLE,completed_delivery
1666063506,875,state_change,AVAILABLE,completed_delivery
1666063506,4480,state_change,AVAILABLE,completed_delivery
1666063506,2455,state_change,AVAILABLE,completed_delivery
1666063506,3191,state_change,AVAILABLE,completed_delivery
1666063506,3833,state_change,AVAILABLE,completed_delivery
1666063506,3492,state_change,AVAILABLE,completed_delivery
1666063506,613,state_change,AVAILABLE,completed_delivery
1666063506,4152,state_change,AVAILABLE,completed_delivery
1666063506,4524,state_change,AVAILABLE,completed_delivery
1666063506,4212,state_change,AVAILABLE,completed_delivery
1666063506,1571,state_change,AVAILABLE,completed_delivery
1666063506,4566,state_change,AVAILABLE,completed_delivery
1666063506,1159,state_change,AVAILABLE,completed_delivery
1666063506,670,state_change,AVAILABLE,completed_delivery
1666063506,3140,state_change,AVAILABLE,completed_delivery
1666063506,761,state_change,AVAILABLE,completed_delivery
1666063506,1915,state_change,AVAILABLE,completed_delivery
1666063506,1923,state_change,AVAILABLE,completed_delivery
1666063506,2221,state_change,AVAILABLE,completed_delivery
1666063506,60,state_change,AVAILABLE,completed_delivery
1666063506,94,state_change,AVAILABLE,completed_delivery
1666063506,1919,state_change,AVAILABLE,completed_delivery
1666063506,120,state_change,AVAILABLE,completed_delivery
1666063506,3307,state_change,AVAILABLE,completed_delivery
1666063506,723,state_change,AVAILABLE,completed_delivery
1666063506,4264,state_change,AVAILABLE,completed_delivery
1666063506,357,state_change,AVAILABLE,completed_delivery
1666063506,924,state_change,AVAILABLE,completed_delivery
1666063506,4731,state_change,AVAILABLE,completed_delivery
1666063506,2788,state_change,AVAILABLE,completed_delivery
1666063506,1620,state_change,AVAILABLE,completed_delivery
1666063506,2366,state_change,AVAILABLE,completed_delivery
1666063506,2789,state_change,AVAILABLE,completed_delivery
1666063506,42,state_change,AVAILABLE,completed_delivery
1666063506,4932,state_change,AVAILABLE,completed_delivery
1666063506,1212,state_change,AVAILABLE,completed_delivery
1666063506,4079,state_change,AVAILABLE,completed_delivery
1666063506,715,state_change,BUSY,assigned_order
1666063506,644,state_change,BUSY,assigned_order
1666063506,2458,state_change,BUSY,assigned_order
1666063506,1475,state_change,BUSY,assigned_order
1666063506,2278,state_change,BUSY,assigned_order
1666063506,4034,state_change,BUSY,assigned_order
1666063506,2966,state_change,BUSY,assigned_order
1666063506,433,state_change,BUSY,assigned_order
1666063506,1056,state_change,BUSY,assigned_order
1666063506,4115,state_change,BUSY,assigned_order
1666063506,1215,state_change,BUSY,assigned_order
1666063506,3322,state_change,BUSY,assigned_order
1666063506,1747,state_change,BUSY,assigned_order
1666063506,181,state_change,BUSY,assigned_order
1666063506,908,state_change,BUSY,assigned_order
1666063506,917,state_change,BUSY,assigned_order
1666063506,4843,state_change,BUSY,assigned_order
1666063506,2415,state_change,BUSY,assigned_order
1666063506,358,state_change,BUSY,assigned_order
1666063506,4009,state_change,BUSY,assigned_order
1666063506,188,state_change,BUSY,assigned_order
1666063506,709,state_change,BUSY,assigned_order
1666063506,195,state_change,BUSY,assigned_order
1666063506,750,state_change,BUSY,assigned_order
1666063506,1346,state_change,BUSY,assigned_order
1666063506,392,state_change,BUSY,assigned_order
1666063506,50,state_change,BUSY,assigned_order
1666063506,1351,state_change,BUSY,assigned_order
1666063506,2067,state_change,BUSY,assigned_order
1666063506,2086,state_change,BUSY,assigned_order
1666063506,87,state_change,BUSY,assigned_order
1666063506,1325,state_change,BUSY,assigned_order
1666063506,1530,state_change,BUSY,assigned_order
1666063506,24,state_change,BUSY,assigned_order
1666063506,88,state_change,BUSY,assigned_order
1666063506,1014,state_change,BUSY,assigned_order
1666063506,1143,state_change,BUSY,assigned_order
1666063506,3095,state_change,BUSY,assigned_order
1666063506,730,state_change,BUSY,assigned_order
1666063506,500,state_change,BUSY,assigned_order
1666063506,3721,state_change,BUSY,assigned_order
1666063506,1042,state_change,BUSY,assigned_order
1666063506,1568,state_change,BUSY,assigned_order
1666063506,4036,state_change,BUSY,assigned_order
1666063506,753,state_change,BUSY,assigned_order
1666063506,3128,state_change,BUSY,assigned_order
1666063506,1193,state_change,BUSY,assigned_order
1666063506,2725,state_change,BUSY,assigned_order
1666063506,2736,state_change,BUSY,assigned_order
1666063506,2794,state_change,BUSY,assigned_order
1666063506,2634,state_change,BUSY,assigned_order
1666063506,1400,state_change,BUSY,assigned_order
1666063506,2220,state_change,BUSY,assigned_order
1666063506,269,state_change,BUSY,assigned_order
1666063506,1720,state_change,BUSY,assigned_order
1666063506,1226,state_change,BUSY,assigned_order
1666063506,96,state_change,BUSY,assigned_order
1666063506,3729,state_change,BUSY,assigned_order
1666063506,677,state_change,BUSY,assigned_order
1666063506,49,state_change,BUSY,assigned_order
1666063506,3381,state_change,BUSY,assigned_order
1666063506,559,state_change,BUSY,assigned_order
1666063506,3219,state_change,BUSY,assigned_order
1666063506,1755,state_change,BUSY,assigned_order
1666063506,139,state_change,BUSY,assigned_order
1666063506,1863,state_change,BUSY,assigned_order
1666063506,2470,state_change,BUSY,assigned_order
1666063506,2791,state_change,BUSY,assigned_order
1666063506,3751,state_change,BUSY,assigned_order
1666063506,74,state_change,BUSY,assigned_order
1666063506,1283,state_change,BUSY,assigned_order
1666063506,2004,state_change,BUSY,assigned_order
1666063506,1592,state_change,BUSY,assigned_order
1666063506,2929,state_change,BUSY,assigned_order
1666063506,1091,state_change,BUSY,assigned_order
1666063506,991,state_change,BUSY,assigned_order
1666063506,847,state_change,BUSY,assigned_order
1666063506,378,state_change,BUSY,assigned_order
1666063506,3677,state_change,BUSY,assigned_order
1666063506,3727,state_change,BUSY,assigned_order
1666063506,1319,state_change,BUSY,assigned_order
1666063506,470,state_change,BUSY,assigned_order
1666063506,232,state_change,BUSY,assigned_order
1666063506,914,state_change,BUSY,assigned_order
1666063506,4512,state_change,BUSY,assigned_order
1666063506,4201,state_change,BUSY,assigned_order
1666063506,538,state_change,BUSY,assigned_order
1666063506,3031,state_change,BUSY,assigned_order
1666063506,1201,state_change,BUSY,assigned_order
1666063506,2913,state_change,BUSY,assigned_order
1666063506,3264,state_change,BUSY,assigned_order
1666063506,953,state_change,BUSY,assigned_order
1666063506,2417,state_change,BUSY,assigned_order
1666063506,3438,state_change,BUSY,assigned_order
1666063506,3480,state_change,BUSY,assigned_order
1666063506,440,state_change,BUSY,assigned_order
1666063506,714,state_change,BUSY,assigned_order
1666063506,1166,state_change,BUSY,assigned_order
1666063506,2051,state_change,BUSY,assigned_order
1666063506,2759,state_change,BUSY,assigned_order
1666063506,142,state_change,BUSY,assigned_order
1666063506,1891,state_change,BUSY,assigned_order
1666063506,1424,state_change,BUSY,assigned_order
1666063506,2902,state_change,BUSY,assigned_order
1666063506,2597,state_change,BUSY,assigned_order
1666063506,3342,state_change,BUSY,assigned_order
1666063506,278,state_change,BUSY,assigned_order
1666063506,37,state_change,BUSY,assigned_order
1666063506,1200,state_change,BUSY,assigned_order
1666063506,4368,state_change,BUSY,assigned_order
1666063506,4019,state_change,BUSY,assigned_order
1666063506,294,state_change,BUSY,assigned_order
1666063506,2373,state_change,BUSY,assigned_order
1666063506,1028,state_change,BUSY,assigned_order
1666063506,1459,state_change,BUSY,assigned_order
1666063506,717,state_change,BUSY,assigned_order
1666063506,1219,state_change,BUSY,assigned_order
1666063506,893,state_change,BUSY,assigned_order
1666063506,222,state_change,BUSY,assigned_order
1666063506,1826,state_change,BUSY,assigned_order
1666063506,452,state_change,BUSY,assigned_order
1666063506,3508,state_change,BUSY,assigned_order
1666063506,1216,state_change,BUSY,assigned_order
1666063506,2638,state_change,BUSY,assigned_order
1666063506,1249,state_change,BUSY,assigned_order
1666063506,2959,state_change,BUSY,assigned_order
1666063506,517,state_change,BUSY,assigned_order
1666063506,2188,state_change,BUSY,assigned_order
1666063506,2743,state_change,BUSY,assigned_order
1666063506,2601,state_change,BUSY,assigned_order
1666063506,2208,state_change,BUSY,assigned_order
1666063506,334,state_change,BUSY,assigned_order
1666063506,603,state_change,BUSY,assigned_order
1666063626,1514,state_change,BUSY,assigned_order
1666063626,2089,state_change,BUSY,assigned_order
1666063626,2325,state_change,BUSY,assigned_order
1666063626,912,state_change,BUSY,assigned_order
1666063626,1250,state_change,BUSY,assigned_order
1666063626,674,state_change,BUSY,assigned_order
1666063626,2642,state_change,BUSY,assigned_order
1666063626,2623,state_change,BUSY,assigned_order
1666063626,1928,state_change,BUSY,assigned_order
1666063626,2809,state_change,BUSY,assigned_order
1666063626,1864,state_change,BUSY,assigned_order
1666063626,1442,state_change,BUSY,assigned_order
1666063626,3813,state_change,BUSY,assigned_order
1666063626,2047,state_change,BUSY,assigned_order
1666063626,405,state_change,BUSY,assigned_order
1666063626,1112,state_change,BUSY,assigned_order
1666063626,761,state_change,BUSY,assigned_order
1666063626,611,state_change,BUSY,assigned_order
1666063626,95,state_change,BUSY,assigned_order
1666063626,1904,state_change,BUSY,assigned_order
1666063626,3217,state_change,BUSY,assigned_order
1666063626,570,state_change,BUSY,assigned_order
1666063626,3340,state_change,BUSY,assigned_order
1666063626,2755,state_change,BUSY,assigned_order
1666063626,4199,state_change,BUSY,assigned_order
1666063626,3716,state_change,BUSY,assigned_order
1666063626,292,state_change,BUSY,assigned_order
1666063626,1804,state_change,BUSY,assigned_order
1666063626,2192,state_change,BUSY,assigned_order
1666063626,2052,state_change,BUSY,assigned_order
1666063626,339,state_change,BUSY,assigned_order
1666063626,1551,state_change,BUSY,assigned_order
1666063626,2050,state_change,BUSY,assigned_order
1666063626,2288,state_change,BUSY,assigned_order
1666063626,3087,state_change,BUSY,assigned_order
1666063626,3522,state_change,BUSY,assigned_order
1666063626,1549,state_change,BUSY,assigned_order
1666063626,1777,state_change,BUSY,assigned_order
1666063626,4007,state_change,BUSY,assigned_order
1666063626,1432,state_change,BUSY,assigned_order
1666063626,4752,state_change,BUSY,assigned_order
1666063626,744,state_change,BUSY,assigned_order
1666063626,2785,state_change,BUSY,assigned_order
1666063626,73,state_change,BUSY,assigned_order
1666063626,816,state_change,BUSY,assigned_order
1666063626,1645,state_change,BUSY,assigned_order
1666063626,3498,state_change,BUSY,assigned_order
1666063626,535,state_change,BUSY,assigned_order
1666063626,510,state_change,BUSY,assigned_order
1666063626,1136,state_change,BUSY,assigned_order
1666063626,2336,state_change,BUSY,assigned_order
1666063626,80,state_change,BUSY,assigned_order
1666063626,2932,state_change,BUSY,assigned_order
1666063626,1448,state_change,BUSY,assigned_order
1666063626,1595,state_change,BUSY,assigned_order
1666063626,1783,state_change,BUSY,assigned_order
1666063626,4379,state_change,BUSY,assigned_order
1666063626,4071,state_change,BUSY,assigned_order
1666063626,2146,state_change,BUSY,assigned_order
1666063626,1525,state_change,BUSY,assigned_order
1666063626,1054,state_change,BUSY,assigned_order
1666063626,716,state_change,BUSY,assigned_order
1666063626,513,state_change,BUSY,assigned_order
1666063626,3245,state_change,BUSY,assigned_order
1666063626,2107,state_change,BUSY,assigned_order
1666063626,4390,state_change,BUSY,assigned_order
1666063626,2371,state_change,BUSY,assigned_order
1666063626,223,state_change,BUSY,assigned_order
1666063626,421,state_change,BUSY,assigned_order
1666063626,4275,state_change,BUSY,assigned_order
1666063626,2315,state_change,BUSY,assigned_order
1666063626,3003,state_change,BUSY,assigned_order
1666063626,255,state_change,BUSY,assigned_order
1666063626,2037,state_change,BUSY,assigned_order
1666063626,3597,state_change,BUSY,assigned_order
1666063626,2324,state_change,BUSY,assigned_order
1666063626,555,state_change,BUSY,assigned_order
1666063626,2280,state_change,BUSY,assigned_order
1666063626,3762,state_change,BUSY,assigned_order
1666063626,3174,state_change,BUSY,assigned_order
1666063626,2416,state_change,BUSY,assigned_order
1666063626,1756,state_change,BUSY,assigned_order
1666063626,2129,state_change,BUSY,assigned_order
1666063626,1998,state_change,BUSY,assigned_order
1666063626,2722,state_change,BUSY,assigned_order
1666063626,803,state_change,BUSY,assigned_order
1666063626,1582,state_change,BUSY,assigned_order
1666063626,2210,state_change,BUSY,assigned_order
1666063626,1305,state_change,BUSY,assigned_order
1666063626,2819,state_change,BUSY,assigned_order
1666063626,312,state_change,BUSY,assigned_order
1666063626,1573,state_change,BUSY,assigned_order
1666063626,718,state_change,BUSY,assigned_order
1666063626,69,state_change,BUSY,assigned_order
1666063626,3567,state_change,BUSY,assigned_order
1666063626,739,state_change,BUSY,assigned_order
1666063626,4180,state_change,BUSY,assigned_order
1666063626,281,state_change,BUSY,assigned_order
1666063626,1328,state_change,BUSY,assigned_order
1666063626,2,state_change,BUSY,assigned_order
1666063626,1945,state_change,BUSY,assigned_order
1666063626,376,state_change,BUSY,assigned_order
1666063626,1611,state_change,BUSY,assigned_order
1666063626,1251,state_change,BUSY,assigned_order
1666063626,1021,state_change,BUSY,assigned_order
1666063626,1009,state_change,BUSY,assigned_order
1666063626,1670,state_change,BUSY,assigned_order
1666063626,857,state_change,BUSY,assigned_order
1666063626,4411,state_change,BUSY,assigned_order
1666063626,4223,state_change,BUSY,assigned_order
1666063626,259,state_change,BUSY,assigned_order
1666063626,1772,state_change,BUSY,assigned_order
1666063626,2613,state_change,BUSY,assigned_order
1666063626,2084,state_change,BUSY,assigned_order
1666063626,1951,state_change,BUSY,assigned_order
1666063626,1376,state_change,BUSY,assigned_order
1666063806,3181,state_change,BUSY,assigned_order
1666063806,3680,state_change,BUSY,assigned_order
1666063806,4509,state_change,BUSY,assigned_order
1666063806,3010,state_change,BUSY,assigned_order
1666063806,349,state_change,BUSY,assigned_order
1666063806,1866,state_change,BUSY,assigned_order
1666063806,572,state_change,BUSY,assigned_order
1666063806,2821,state_change,BUSY,assigned_order
1666063806,4646,state_change,BUSY,assigned_order
1666063806,4096,state_change,BUSY,assigned_order
1666063806,2814,state_change,BUSY,assigned_order
1666063806,3662,state_change,BUSY,assigned_order
1666063806,83,state_change,BUSY,assigned_order
1666063806,1811,state_change,BUSY,assigned_order
1666063806,1317,state_change,BUSY,assigned_order
1666063806,3297,state_change,BUSY,assigned_order
1666063806,868,state_change,BUSY,assigned_order
1666063806,2003,state_change,BUSY,assigned_order
1666063806,134,state_change,BUSY,assigned_order
1666063806,2836,state_change,BUSY,assigned_order
1666063806,193,state_change,BUSY,assigned_order
1666063806,3854,state_change,BUSY,assigned_order
1666063806,2374,state_change,BUSY,assigned_order
1666063806,293,state_change,BUSY,assigned_order
1666063806,3553,state_change,BUSY,assigned_order
1666063806,4183,state_change,BUSY,assigned_order
1666063806,2078,state_change,BUSY,assigned_order
1666063806,2243,state_change,BUSY,assigned_order
1666063806,226,state_change,BUSY,assigned_order
1666063806,432,state_change,BUSY,assigned_order
1666063806,505,state_change,BUSY,assigned_order
1666063806,1839,state_change,BUSY,assigned_order
1666063806,1702,state_change,BUSY,assigned_order
1666063806,1810,state_change,BUSY,assigned_order
1666063806,2460,state_change,BUSY,assigned_order
1666063806,4206,state_change,BUSY,assigned_order
1666063806,1923,state_change,BUSY,assigned_order
1666063806,143,state_change,BUSY,assigned_order
1666063806,1765,state_change,BUSY,assigned_order
1666063806,1408,state_change,BUSY,assigned_order
1666063806,2848,state_change,BUSY,assigned_order
1666063806,2230,state_change,BUSY,assigned_order
1666063806,1564,state_change,BUSY,assigned_order
1666063806,2982,state_change,BUSY,assigned_order
1666063806,4200,state_change,BUSY,assigned_order
1666063806,1348,state_change,BUSY,assigned_order
1666063806,4318,state_change,BUSY,assigned_order
1666063806,2358,state_change,BUSY,assigned_order
1666063806,1559,state_change,BUSY,assigned_order
1666063806,629,state_change,BUSY,assigned_order
1666063806,3000,state_change,BUSY,assigned_order
1666063806,3032,state_change,BUSY,assigned_order
1666063806,2334,state_change,BUSY,assigned_order
1666063806,3057,state_change,BUSY,assigned_order
1666063806,2567,state_change,BUSY,assigned_order
1666063806,2570,state_change,BUSY,assigned_order
1666063806,3176,state_change,BUSY,assigned_order
1666063806,2813,state_change,BUSY,assigned_order
1666063806,2022,state_change,BUSY,assigned_order
1666063806,1734,state_change,BUSY,assigned_order
1666063806,2522,state_change,BUSY,assigned_order
1666063806,2145,state_change,BUSY,assigned_order
1666063806,1356,state_change,BUSY,assigned_order
1666063806,68,state_change,BUSY,assigned_order
1666063806,122,state_change,BUSY,assigned_order
1666063806,1470,state_change,BUSY,assigned_order
1666063806,146,state_change,BUSY,assigned_order
1666063806,2606,state_change,BUSY,assigned_order
1666063806,734,state_change,BUSY,assigned_order
1666063806,1208,state_change,BUSY,assigned_order
1666063806,478,state_change,BUSY,assigned_order
1666063806,1003,state_change,BUSY,assigned_order
1666063806,2088,state_change,BUSY,assigned_order
1666063806,3953,state_change,BUSY,assigned_order
1666063806,377,state_change,BUSY,assigned_order
1666063806,2915,state_change,BUSY,assigned_order
1666063806,254,state_change,BUSY,assigned_order
1666063806,889,state_change,BUSY,assigned_order
1666063806,1986,state_change,BUSY,assigned_order
1666063806,2139,state_change,BUSY,assigned_order
1666063806,2733,state_change,BUSY,assigned_order
1666063806,1554,state_change,BUSY,assigned_order
1666063806,3620,state_change,BUSY,assigned_order
1666063806,3489,state_change,BUSY,assigned_order
1666063806,2977,state_change,BUSY,assigned_order
1666063806,1010,state_change,BUSY,assigned_order
1666063806,412,state_change,BUSY,assigned_order
1666063806,1732,state_change,BUSY,assigned_order
1666063806,849,state_change,BUSY,assigned_order
1666063806,71,state_change,BUSY,assigned_order
1666063806,3167,state_change,BUSY,assigned_order
1666063806,701,state_change,BUSY,assigned_order
1666063806,1634,state_change,BUSY,assigned_order
1666063806,2352,state_change,BUSY,assigned_order
1666063806,3402,state_change,BUSY,assigned_order
1666063806,3799,state_change,BUSY,assigned_order
1666063806,1259,state_change,BUSY,assigned_order
1666063806,3682,state_change,BUSY,assigned_order
1666063806,3726,state_change,BUSY,assigned_order
1666063806,822,state_change,BUSY,assigned_order
1666063806,2409,state_change,BUSY,assigned_order
1666063806,4093,state_change,BUSY,assigned_order
1666063806,2189,state_change,BUSY,assigned_order
1666063806,31,state_change,BUSY,assigned_order
1666063806,595,state_change,BUSY,assigned_order
1666063806,870,state_change,BUSY,assigned_order
1666063806,4707,state_change,BUSY,assigned_order
1666063806,2395,state_change,BUSY,assigned_order
1666063806,1095,state_change,BUSY,assigned_order
1666063806,1094,state_change,BUSY,assigned_order
1666149913,392,state_change,AVAILABLE,completed_delivery
1666149913,4183,state_change,AVAILABLE,completed_delivery
1666149913,1283,state_change,AVAILABLE,completed_delivery
1666149913,505,state_change,AVAILABLE,completed_delivery
1666149913,3217,state_change,AVAILABLE,completed_delivery
1666149913,2189,state_change,AVAILABLE,completed_delivery
1666149913,3128,state_change,AVAILABLE,completed_delivery
1666149913,2913,state_change,AVAILABLE,completed_delivery
1666149913,2409,state_change,AVAILABLE,completed_delivery
1666149913,3726,state_change,AVAILABLE,completed_delivery
1666149913,2288,state_change,AVAILABLE,completed_delivery
1666149913,701,state_change,AVAILABLE,completed_delivery
1666149913,24,state_change,AVAILABLE,completed_delivery
1666149913,2959,state_change,AVAILABLE,completed_delivery
1666149913,1611,state_change,AVAILABLE,completed_delivery
1666149913,3000,state_change,AVAILABLE,completed_delivery
1666149913,122,state_change,AVAILABLE,completed_delivery
1666149913,2230,state_change,AVAILABLE,completed_delivery
1666149913,349,state_change,AVAILABLE,completed_delivery
1666149913,2813,state_change,AVAILABLE,completed_delivery
1666149913,1568,state_change,AVAILABLE,completed_delivery
1666149913,2848,state_change,AVAILABLE,completed_delivery
1666149913,3620,state_change,AVAILABLE,completed_delivery
1666149913,2836,state_change,AVAILABLE,completed_delivery
1666149913,339,state_change,AVAILABLE,completed_delivery
1666149913,1166,state_change,AVAILABLE,completed_delivery
1666149913,3003,state_change,AVAILABLE,completed_delivery
1666149913,1732,state_change,AVAILABLE,completed_delivery
1666149913,1525,state_change,AVAILABLE,completed_delivery
1666149913,2759,state_change,AVAILABLE,completed_delivery
1666149913,50,state_change,AVAILABLE,completed_delivery
1666149913,334,state_change,AVAILABLE,completed_delivery
1666149913,4036,state_change,AVAILABLE,completed_delivery
1666149913,1475,state_change,AVAILABLE,completed_delivery
1666149913,2966,state_change,AVAILABLE,completed_delivery
1666149913,405,state_change,AVAILABLE,completed_delivery
1666149913,4115,state_change,AVAILABLE,completed_delivery
1666149913,1325,state_change,AVAILABLE,completed_delivery
1666149913,1251,state_change,AVAILABLE,completed_delivery
1666149913,1470,state_change,AVAILABLE,completed_delivery
1666149913,80,state_change,AVAILABLE,completed_delivery
1666149913,2139,state_change,AVAILABLE,completed_delivery
1666149913,847,state_change,AVAILABLE,completed_delivery
1666149913,2325,state_change,AVAILABLE,completed_delivery
1666149913,2902,state_change,AVAILABLE,completed_delivery
1666149913,2022,state_change,AVAILABLE,completed_delivery
1666149913,572,state_change,AVAILABLE,completed_delivery
1666149913,69,state_change,AVAILABLE,completed_delivery
1666149913,822,state_change,AVAILABLE,completed_delivery
1666149913,889,state_change,AVAILABLE,completed_delivery
1666149913,3508,state_change,AVAILABLE,completed_delivery
1666149913,1091,state_change,AVAILABLE,completed_delivery
1666149913,195,state_change,AVAILABLE,completed_delivery
1666149913,2374,state_change,AVAILABLE,completed_delivery
1666149913,2634,state_change,AVAILABLE,completed_delivery
1666149913,3181,state_change,AVAILABLE,completed_delivery
1666149913,4411,state_change,AVAILABLE,completed_delivery
1666149913,3751,state_change,AVAILABLE,completed_delivery
1666149913,412,state_change,AVAILABLE,completed_delivery
1666149913,2597,state_change,AVAILABLE,completed_delivery
1666149913,3381,state_change,AVAILABLE,completed_delivery
1666149913,3402,state_change,AVAILABLE,completed_delivery
1666149913,3057,state_change,AVAILABLE,completed_delivery
1666149913,2278,state_change,AVAILABLE,completed_delivery
1666149913,1765,state_change,AVAILABLE,completed_delivery
1666149913,4009,state_change,AVAILABLE,completed_delivery
1666149913,2047,state_change,AVAILABLE,completed_delivery
1666149913,4200,state_change,AVAILABLE,completed_delivery
1666149913,1891,state_change,AVAILABLE,completed_delivery
1666149913,4318,state_change,AVAILABLE,completed_delivery
1666149913,1592,state_change,AVAILABLE,completed_delivery
1666149913,2050,state_change,AVAILABLE,completed_delivery
1666149913,1009,state_change,AVAILABLE,completed_delivery
1666149913,143,state_change,AVAILABLE,completed_delivery
1666149913,513,state_change,AVAILABLE,completed_delivery
1666149913,1003,state_change,AVAILABLE,completed_delivery
1666149913,2146,state_change,AVAILABLE,completed_delivery
1666149913,1839,state_change,AVAILABLE,completed_delivery
1666149913,2373,state_change,AVAILABLE,completed_delivery
1666149913,1459,state_change,AVAILABLE,completed_delivery
1666149913,2243,state_change,AVAILABLE,completed_delivery
1666149913,2470,state_change,AVAILABLE,completed_delivery
1666149913,1193,state_change,AVAILABLE,completed_delivery
1666149913,953,state_change,AVAILABLE,completed_delivery
1666149913,281,state_change,AVAILABLE,completed_delivery
1666149913,3032,state_change,AVAILABLE,completed_delivery
1666149913,1549,state_change,AVAILABLE,completed_delivery
1666149913,3219,state_change,AVAILABLE,completed_delivery
1666149913,139,state_change,AVAILABLE,completed_delivery
1666149913,1351,state_change,AVAILABLE,completed_delivery
1666149913,4379,state_change,AVAILABLE,completed_delivery
1666149913,3480,state_change,AVAILABLE,completed_delivery
1666149913,292,state_change,AVAILABLE,completed_delivery
1666149913,96,state_change,AVAILABLE,completed_delivery
1666149913,3727,state_change,AVAILABLE,completed_delivery
1666149913,4707,state_change,AVAILABLE,completed_delivery
1666149913,2358,state_change,AVAILABLE,completed_delivery
1666149913,3438,state_change,AVAILABLE,completed_delivery
1666149913,1810,state_change,AVAILABLE,completed_delivery
1666149913,1143,state_change,AVAILABLE,completed_delivery
1666149913,1201,state_change,AVAILABLE,completed_delivery
1666149913,2280,state_change,AVAILABLE,completed_delivery
1666149913,376,state_change,AVAILABLE,completed_delivery
1666149913,1945,state_change,AVAILABLE,completed_delivery
1666149913,3342,state_change,AVAILABLE,completed_delivery
1666149913,1720,state_change,AVAILABLE,completed_delivery
1666149913,2371,state_change,AVAILABLE,completed_delivery
1666149913,68,state_change,AVAILABLE,completed_delivery
1666149913,2220,state_change,AVAILABLE,completed_delivery
1666149913,74,state_change,AVAILABLE,completed_delivery
1666149913,1442,state_change,AVAILABLE,completed_delivery
1666149913,4034,state_change,AVAILABLE,completed_delivery
1666149913,3176,state_change,AVAILABLE,completed_delivery
1666149913,3567,state_change,AVAILABLE,completed_delivery
1666149913,254,state_change,AVAILABLE,completed_delivery
1666149913,1582,state_change,AVAILABLE,completed_delivery
1666149913,715,state_change,AVAILABLE,completed_delivery
1666149913,2051,state_change,AVAILABLE,completed_delivery
1666149913,2129,state_change,AVAILABLE,completed_delivery
1666149913,478,state_change,AVAILABLE,completed_delivery
1666149913,555,state_change,AVAILABLE,completed_delivery
1666149913,2791,state_change,AVAILABLE,completed_delivery
1666149913,1783,state_change,AVAILABLE,completed_delivery
1666149913,1317,state_change,AVAILABLE,completed_delivery
1666149913,3854,state_change,AVAILABLE,completed_delivery
1666149913,1514,state_change,AVAILABLE,completed_delivery
1666149913,1249,state_change,AVAILABLE,completed_delivery
1666149913,1328,state_change,AVAILABLE,completed_delivery
1666149913,2982,state_change,AVAILABLE,completed_delivery
1666149913,1348,state_change,AVAILABLE,completed_delivery
1666149913,1747,state_change,AVAILABLE,completed_delivery
1666149913,2915,state_change,AVAILABLE,completed_delivery
1666149913,259,state_change,AVAILABLE,completed_delivery
1666149913,2743,state_change,AVAILABLE,completed_delivery
1666149913,1634,state_change,AVAILABLE,completed_delivery
1666149913,4071,state_change,AVAILABLE,completed_delivery
1666149913,1998,state_change,AVAILABLE,completed_delivery
1666149913,1928,state_change,AVAILABLE,completed_delivery
1666149913,2415,state_change,AVAILABLE,completed_delivery
1666149913,4096,state_change,AVAILABLE,completed_delivery
1666149913,1866,state_change,AVAILABLE,completed_delivery
1666149913,2932,state_change,AVAILABLE,completed_delivery
1666149913,1448,state_change,AVAILABLE,completed_delivery
1666149913,1259,state_change,AVAILABLE,completed_delivery
1666149913,2814,state_change,AVAILABLE,completed_delivery
1666149913,4206,state_change,AVAILABLE,completed_delivery
1666149913,2089,state_change,AVAILABLE,completed_delivery
1666149913,1112,state_change,AVAILABLE,completed_delivery
1666149913,753,state_change,AVAILABLE,completed_delivery
1666149913,1021,state_change,AVAILABLE,completed_delivery
1666149913,87,state_change,AVAILABLE,completed_delivery
1666149913,4180,state_change,AVAILABLE,completed_delivery
1666149913,4199,state_change,AVAILABLE,completed_delivery
1666149913,1095,state_change,AVAILABLE,completed_delivery
1666149913,3553,state_change,AVAILABLE,completed_delivery
1666149913,2977,state_change,AVAILABLE,completed_delivery
1666149913,1863,state_change,AVAILABLE,completed_delivery
1666149913,2210,state_change,AVAILABLE,completed_delivery
1666149913,2078,state_change,AVAILABLE,completed_delivery
1666149913,3489,state_change,AVAILABLE,completed_delivery
1666149913,1226,state_change,AVAILABLE,completed_delivery
1666149913,1595,state_change,AVAILABLE,completed_delivery
1666149913,535,state_change,AVAILABLE,completed_delivery
1666149913,2725,state_change,AVAILABLE,completed_delivery
1666149913,559,state_change,AVAILABLE,completed_delivery
1666149913,4275,state_change,AVAILABLE,completed_delivery
1666149913,603,state_change,AVAILABLE,completed_delivery
1666149913,3095,state_change,AVAILABLE,completed_delivery
1666149913,1400,state_change,AVAILABLE,completed_delivery
1666149913,4512,state_change,AVAILABLE,completed_delivery
1666149913,1056,state_change,AVAILABLE,completed_delivery
1666149913,1215,state_change,AVAILABLE,completed_delivery
1666149913,870,state_change,AVAILABLE,completed_delivery
1666149913,1951,state_change,AVAILABLE,completed_delivery
1666149913,440,state_change,AVAILABLE,completed_delivery
1666149913,4223,state_change,AVAILABLE,completed_delivery
1666149913,857,state_change,AVAILABLE,completed_delivery
1666149913,3297,state_change,AVAILABLE,completed_delivery
1666149913,2037,state_change,AVAILABLE,completed_delivery
1666149913,2,state_change,AVAILABLE,completed_delivery
1666149913,2084,state_change,AVAILABLE,completed_delivery
1666149913,3662,state_change,AVAILABLE,completed_delivery
1666149913,3174,state_change,AVAILABLE,completed_delivery
1666149913,4509,state_change,AVAILABLE,completed_delivery
1666149913,1094,state_change,AVAILABLE,completed_delivery
1666149913,2052,state_change,AVAILABLE,completed_delivery
1666149913,1305,state_change,AVAILABLE,completed_delivery
1666149913,3729,state_change,AVAILABLE,completed_delivery
1666149913,3721,state_change,AVAILABLE,completed_delivery
1666149913,3682,state_change,AVAILABLE,completed_delivery
1666149913,1014,state_change,AVAILABLE,completed_delivery
1666149913,1250,state_change,AVAILABLE,completed_delivery
1666149913,730,state_change,AVAILABLE,completed_delivery
1666149913,849,state_change,AVAILABLE,completed_delivery
1666149913,868,state_change,AVAILABLE,completed_delivery
1666149913,1010,state_change,AVAILABLE,completed_delivery
1666149913,1559,state_change,AVAILABLE,completed_delivery
1666149913,2208,state_change,AVAILABLE,completed_delivery
1666149913,421,state_change,AVAILABLE,completed_delivery
1666149913,95,state_change,AVAILABLE,completed_delivery
1666149913,2088,state_change,AVAILABLE,completed_delivery
1666149913,917,state_change,AVAILABLE,completed_delivery
1666149913,1136,state_change,AVAILABLE,completed_delivery
1666149913,2336,state_change,AVAILABLE,completed_delivery
1666149913,1670,state_change,AVAILABLE,completed_delivery
1666149913,1346,state_change,AVAILABLE,completed_delivery
1666149913,37,state_change,AVAILABLE,completed_delivery
1666149913,88,state_change,AVAILABLE,completed_delivery
1666149913,1811,state_change,AVAILABLE,completed_delivery
1666149913,677,state_change,AVAILABLE,completed_delivery
1666149913,716,state_change,AVAILABLE,completed_delivery
1666149913,2733,state_change,AVAILABLE,completed_delivery
1666149913,223,state_change,AVAILABLE,completed_delivery
1666149913,4646,state_change,AVAILABLE,completed_delivery
1666149913,1734,state_change,AVAILABLE,completed_delivery
1666149913,358,state_change,AVAILABLE,completed_delivery
1666149913,991,state_change,AVAILABLE,completed_delivery
1666149913,611,state_change,AVAILABLE,completed_delivery
1666149913,538,state_change,AVAILABLE,completed_delivery
1666149913,3245,state_change,AVAILABLE,completed_delivery
1666149913,744,state_change,AVAILABLE,completed_delivery
1666149913,1408,state_change,AVAILABLE,completed_delivery
1666149913,510,state_change,AVAILABLE,completed_delivery
1666149913,1530,state_change,AVAILABLE,completed_delivery
1666149913,4019,state_change,AVAILABLE,completed_delivery
1666149913,1028,state_change,AVAILABLE,completed_delivery
1666149913,739,state_change,AVAILABLE,completed_delivery
1666149913,3522,state_change,AVAILABLE,completed_delivery
1666149913,1826,state_change,AVAILABLE,completed_delivery
1666149913,517,state_change,AVAILABLE,completed_delivery
1666149913,914,state_change,AVAILABLE,completed_delivery
1666149913,146,state_change,AVAILABLE,completed_delivery
1666149913,83,state_change,AVAILABLE,completed_delivery
1666149913,714,state_change,AVAILABLE,completed_delivery
1666149913,452,state_change,AVAILABLE,completed_delivery
1666149913,294,state_change,AVAILABLE,completed_delivery
1666149913,1208,state_change,AVAILABLE,completed_delivery
1666149913,2809,state_change,AVAILABLE,completed_delivery
1666149913,2086,state_change,AVAILABLE,completed_delivery
1666149913,2613,state_change,AVAILABLE,completed_delivery
1666149913,2522,state_change,AVAILABLE,completed_delivery
1666149913,3762,state_change,AVAILABLE,completed_delivery
1666149913,226,state_change,AVAILABLE,completed_delivery
1666149913,1216,state_change,AVAILABLE,completed_delivery
1666149913,232,state_change,AVAILABLE,completed_delivery
1666149913,3716,state_change,AVAILABLE,completed_delivery
1666149913,1777,state_change,AVAILABLE,completed_delivery
1666149913,912,state_change,AVAILABLE,completed_delivery
1666149913,1702,state_change,AVAILABLE,completed_delivery
1666149913,3677,state_change,AVAILABLE,completed_delivery
1666149913,222,state_change,AVAILABLE,completed_delivery
1666149913,2192,state_change,AVAILABLE,completed_delivery
1666149913,674,state_change,AVAILABLE,completed_delivery
1666149913,3680,state_change,AVAILABLE,completed_delivery
1666149913,3953,state_change,AVAILABLE,completed_delivery
1666149913,2145,state_change,AVAILABLE,completed_delivery
1666149913,3167,state_change,AVAILABLE,completed_delivery
1666149913,2460,state_change,AVAILABLE,completed_delivery
1666149913,4201,state_change,AVAILABLE,completed_delivery
1666149913,1376,state_change,AVAILABLE,completed_delivery
1666149913,3010,state_change,AVAILABLE,completed_delivery
1666149913,2722,state_change,AVAILABLE,completed_delivery
1666149913,4843,state_change,AVAILABLE,completed_delivery
1666149913,2623,state_change,AVAILABLE,completed_delivery
1666149913,2004,state_change,AVAILABLE,completed_delivery
1666149913,2794,state_change,AVAILABLE,completed_delivery
1666149913,2188,state_change,AVAILABLE,completed_delivery
1666149913,3799,state_change,AVAILABLE,completed_delivery
1666149913,73,state_change,AVAILABLE,completed_delivery
1666149913,3340,state_change,AVAILABLE,completed_delivery
1666149913,2785,state_change,AVAILABLE,completed_delivery
1666149913,734,state_change,AVAILABLE,completed_delivery
1666149913,1042,state_change,AVAILABLE,completed_delivery
1666149913,1219,state_change,AVAILABLE,completed_delivery
1666149913,2315,state_change,AVAILABLE,completed_delivery
1666149913,816,state_change,AVAILABLE,completed_delivery
1666149913,278,state_change,AVAILABLE,completed_delivery
1666149913,1756,state_change,AVAILABLE,completed_delivery
1666149913,3031,state_change,AVAILABLE,completed_delivery
1666149913,3813,state_change,AVAILABLE,completed_delivery
1666149913,4007,state_change,AVAILABLE,completed_delivery
1666149913,134,state_change,AVAILABLE,completed_delivery
1666149913,4752,state_change,AVAILABLE,completed_delivery
1666149913,2458,state_change,AVAILABLE,completed_delivery
1666149913,2567,state_change,AVAILABLE,completed_delivery
1666149913,188,state_change,AVAILABLE,completed_delivery
1666149913,2638,state_change,AVAILABLE,completed_delivery
1666149913,1319,state_change,AVAILABLE,completed_delivery
1666149913,432,state_change,AVAILABLE,completed_delivery
1666149913,1864,state_change,AVAILABLE,completed_delivery
1666149913,3597,state_change,AVAILABLE,completed_delivery
1666149913,377,state_change,AVAILABLE,completed_delivery
1666149913,2324,state_change,AVAILABLE,completed_delivery
1666149913,570,state_change,AVAILABLE,completed_delivery
1666149913,470,state_change,AVAILABLE,completed_delivery
1666149913,312,state_change,AVAILABLE,completed_delivery
1666149913,2736,state_change,AVAILABLE,completed_delivery
1666149913,1200,state_change,AVAILABLE,completed_delivery
1666149913,595,state_change,AVAILABLE,completed_delivery
1666149913,3087,state_change,AVAILABLE,completed_delivery
1666149913,750,state_change,AVAILABLE,completed_delivery
1666149913,1554,state_change,AVAILABLE,completed_delivery
1666149913,1645,state_change,AVAILABLE,completed_delivery
1666149913,1755,state_change,AVAILABLE,completed_delivery
1666149913,1432,state_change,AVAILABLE,completed_delivery
1666149913,2606,state_change,AVAILABLE,completed_delivery
1666149913,433,state_change,AVAILABLE,completed_delivery
1666149913,1356,state_change,AVAILABLE,completed_delivery
1666149913,181,state_change,AVAILABLE,completed_delivery
1666149913,255,state_change,AVAILABLE,completed_delivery
1666149913,1564,state_change,AVAILABLE,completed_delivery
1666149913,1551,state_change,AVAILABLE,completed_delivery
1666149913,1904,state_change,AVAILABLE,completed_delivery
1666149913,3264,state_change,AVAILABLE,completed_delivery
1666149913,629,state_change,AVAILABLE,completed_delivery
1666149913,2417,state_change,AVAILABLE,completed_delivery
1666149913,2755,state_change,AVAILABLE,completed_delivery
1666149913,2601,state_change,AVAILABLE,completed_delivery
1666149913,49,state_change,AVAILABLE,completed_delivery
1666149913,269,state_change,AVAILABLE,completed_delivery
1666149913,893,state_change,AVAILABLE,completed_delivery
1666149913,2416,state_change,AVAILABLE,completed_delivery
1666149913,4093,state_change,AVAILABLE,completed_delivery
1666149913,193,state_change,AVAILABLE,completed_delivery
1666149913,2334,state_change,AVAILABLE,completed_delivery
1666149913,1573,state_change,AVAILABLE,completed_delivery
1666149913,1804,state_change,AVAILABLE,completed_delivery
1666149913,2395,state_change,AVAILABLE,completed_delivery
1666149913,644,state_change,AVAILABLE,completed_delivery
1666149913,500,state_change,AVAILABLE,completed_delivery
1666149913,2107,state_change,AVAILABLE,completed_delivery
1666149913,378,state_change,AVAILABLE,completed_delivery
1666149913,71,state_change,AVAILABLE,completed_delivery
1666149913,293,state_change,AVAILABLE,completed_delivery
1666149913,2352,state_change,AVAILABLE,completed_delivery
1666149913,2819,state_change,AVAILABLE,completed_delivery
1666149913,2929,state_change,AVAILABLE,completed_delivery
1666149913,718,state_change,AVAILABLE,completed_delivery
1666149913,803,state_change,AVAILABLE,completed_delivery
1666149913,2642,state_change,AVAILABLE,completed_delivery
1666149913,2003,state_change,AVAILABLE,completed_delivery
1666149913,31,state_change,AVAILABLE,completed_delivery
1666149913,1054,state_change,AVAILABLE,completed_delivery
1666149913,2570,state_change,AVAILABLE,completed_delivery
1666149913,4390,state_change,AVAILABLE,completed_delivery
1666149913,908,state_change,AVAILABLE,completed_delivery
1666149913,2821,state_change,AVAILABLE,completed_delivery
1666149913,709,state_change,AVAILABLE,completed_delivery
1666149913,1986,state_change,AVAILABLE,completed_delivery
1666149913,3322,state_change,AVAILABLE,completed_delivery
1666149913,142,state_change,AVAILABLE,completed_delivery
1666149913,3498,state_change,AVAILABLE,completed_delivery
1666149913,717,state_change,AVAILABLE,completed_delivery
1666149913,4368,state_change,AVAILABLE,completed_delivery
1666149913,1424,state_change,AVAILABLE,completed_delivery
1666149913,761,state_change,AVAILABLE,completed_delivery
1666149913,1923,state_change,AVAILABLE,completed_delivery
1666149913,2067,state_change,AVAILABLE,completed_delivery
1666149913,1772,state_change,AVAILABLE,completed_delivery
1666149913,868,state_change,BUSY,assigned_order
1666149913,2572,state_change,BUSY,assigned_order
1666149913,35,state_change,BUSY,assigned_order
1666149913,2660,state_change,BUSY,assigned_order
1666149913,1227,state_change,BUSY,assigned_order
1666149913,3053,state_change,BUSY,assigned_order
1666149913,1442,state_change,BUSY,assigned_order
1666149913,4411,state_change,BUSY,assigned_order
1666149913,2731,state_change,BUSY,assigned_order
1666149913,2102,state_change,BUSY,assigned_order
1666149913,2554,state_change,BUSY,assigned_order
1666149913,4480,state_change,BUSY,assigned_order
1666149913,1589,state_change,BUSY,assigned_order
1666149913,2577,state_change,BUSY,assigned_order
1666149913,3088,state_change,BUSY,assigned_order
1666149913,1743,state_change,BUSY,assigned_order
1666149913,878,state_change,BUSY,assigned_order
1666149913,2435,state_change,BUSY,assigned_order
1666149913,4180,state_change,BUSY,assigned_order
1666149913,2009,state_change,BUSY,assigned_order
1666149913,1327,state_change,BUSY,assigned_order
1666149913,1228,state_change,BUSY,assigned_order
1666149913,866,state_change,BUSY,assigned_order
1666149913,4204,state_change,BUSY,assigned_order
1666149913,128,state_change,BUSY,assigned_order
1666149913,1273,state_change,BUSY,assigned_order
1666149913,2877,state_change,BUSY,assigned_order
1666149913,1420,state_change,BUSY,assigned_order
1666149913,1231,state_change,BUSY,assigned_order
1666149913,3107,state_change,BUSY,assigned_order
1666149913,1988,state_change,BUSY,assigned_order
1666149913,3111,state_change,BUSY,assigned_order
1666149913,1473,state_change,BUSY,assigned_order
1666149913,3527,state_change,BUSY,assigned_order
1666149913,3768,state_change,BUSY,assigned_order
1666149913,1505,state_change,BUSY,assigned_order
1666149913,458,state_change,BUSY,assigned_order
1666149913,3237,state_change,BUSY,assigned_order
1666149913,2121,state_change,BUSY,assigned_order
1666149913,146,state_change,BUSY,assigned_order
1666149913,3127,state_change,BUSY,assigned_order
1666149913,87,state_change,BUSY,assigned_order
1666149913,1040,state_change,BUSY,assigned_order
1666149913,1525,state_change,BUSY,assigned_order
1666149913,4398,state_change,BUSY,assigned_order
1666149913,168,state_change,BUSY,assigned_order
1666149913,41,state_change,BUSY,assigned_order
1666149913,1101,state_change,BUSY,assigned_order
1666149913,2082,state_change,BUSY,assigned_order
1666149913,3517,state_change,BUSY,assigned_order
1666149913,1559,state_change,BUSY,assigned_order
1666149913,4648,state_change,BUSY,assigned_order
1666149913,4023,state_change,BUSY,assigned_order
1666149913,981,state_change,BUSY,assigned_order
1666149913,2105,state_change,BUSY,assigned_order
1666149913,352,state_change,BUSY,assigned_order
1666149913,546,state_change,BUSY,assigned_order
1666149913,1828,state_change,BUSY,assigned_order
1666149913,2101,state_change,BUSY,assigned_order
1666149913,932,state_change,BUSY,assigned_order
1666149913,104,state_change,BUSY,assigned_order
1666149913,120,state_change,BUSY,assigned_order
1666149913,2201,state_change,BUSY,assigned_order
1666149913,1039,state_change,BUSY,assigned_order
1666149913,1325,state_change,BUSY,assigned_order
1666149913,1719,state_change,BUSY,assigned_order
1666149913,2132,state_change,BUSY,assigned_order
1666149913,1232,state_change,BUSY,assigned_order
1666149913,136,state_change,BUSY,assigned_order
1666149913,1093,state_change,BUSY,assigned_order
1666149913,1128,state_change,BUSY,assigned_order
1666149913,1289,state_change,BUSY,assigned_order
1666149913,402,state_change,BUSY,assigned_order
1666149913,4538,state_change,BUSY,assigned_order
1666149913,3282,state_change,BUSY,assigned_order
1666149913,2500,state_change,BUSY,assigned_order
1666149913,3191,state_change,BUSY,assigned_order
1666149913,3150,state_change,BUSY,assigned_order
1666149913,1205,state_change,BUSY,assigned_order
1666149913,1399,state_change,BUSY,assigned_order
1666149913,1926,state_change,BUSY,assigned_order
1666149913,3291,state_change,BUSY,assigned_order
1666149913,790,state_change,BUSY,assigned_order
1666149913,3862,state_change,BUSY,assigned_order
1666149913,2776,state_change,BUSY,assigned_order
1666149913,4244,state_change,BUSY,assigned_order
1666149913,1141,state_change,BUSY,assigned_order
1666149913,2180,state_change,BUSY,assigned_order
1666149913,113,state_change,BUSY,assigned_order
1666149913,2805,state_change,BUSY,assigned_order
1666149913,2076,state_change,BUSY,assigned_order
1666149913,690,state_change,BUSY,assigned_order
1666149913,1601,state_change,BUSY,assigned_order
1666149913,551,state_change,BUSY,assigned_order
1666149913,4128,state_change,BUSY,assigned_order
1666149913,873,state_change,BUSY,assigned_order
1666149913,1727,state_change,BUSY,assigned_order
1666149913,865,state_change,BUSY,assigned_order
1666149913,2050,state_change,BUSY,assigned_order
1666149913,3925,state_change,BUSY,assigned_order
1666149913,3334,state_change,BUSY,assigned_order
1666149913,1950,state_change,BUSY,assigned_order
1666149913,3297,state_change,BUSY,assigned_order
1666149913,754,state_change,BUSY,assigned_order
1666149913,76,state_change,BUSY,assigned_order
1666149913,4393,state_change,BUSY,assigned_order
1666149913,3047,state_change,BUSY,assigned_order
1666149913,325,state_change,BUSY,assigned_order
1666149913,328,state_change,BUSY,assigned_order
1666149913,288,state_change,BUSY,assigned_order
1666149913,4090,state_change,BUSY,assigned_order
1666149913,2714,state_change,BUSY,assigned_order
1666149913,1290,state_change,BUSY,assigned_order
1666149913,279,state_change,BUSY,assigned_order
1666149913,3100,state_change,BUSY,assigned_order
1666149913,2208,state_change,BUSY,assigned_order
1666149913,2959,state_change,BUSY,assigned_order
1666149913,1281,state_change,BUSY,assigned_order
1666149913,4130,state_change,BUSY,assigned_order
1666149913,762,state_change,BUSY,assigned_order
1666149913,1157,state_change,BUSY,assigned_order
1666149913,78,state_change,BUSY,assigned_order
1666149913,652,state_change,BUSY,assigned_order
1666149913,1351,state_change,BUSY,assigned_order
1666149913,1054,state_change,BUSY,assigned_order
1666149913,1877,state_change,BUSY,assigned_order
1666149913,3332,state_change,BUSY,assigned_order
1666149913,448,state_change,BUSY,assigned_order
1666149913,7,state_change,BUSY,assigned_order
1666149913,1235,state_change,BUSY,assigned_order
1666149913,1450,state_change,BUSY,assigned_order
1666149913,993,state_change,BUSY,assigned_order
1666149913,2362,state_change,BUSY,assigned_order
1666149913,2690,state_change,BUSY,assigned_order
1666150033,2967,state_change,BUSY,assigned_order
1666150033,1432,state_change,BUSY,assigned_order
1666150033,2430,state_change,BUSY,assigned_order
1666150033,757,state_change,BUSY,assigned_order
1666150033,3377,state_change,BUSY,assigned_order
1666150033,4426,state_change,BUSY,assigned_order
1666150033,999,state_change,BUSY,assigned_order
1666150033,391,state_change,BUSY,assigned_order
1666150033,2957,state_change,BUSY,assigned_order
1666150033,3001,state_change,BUSY,assigned_order
1666150033,2278,state_change,BUSY,assigned_order
1666150033,1246,state_change,BUSY,assigned_order
1666150033,3413,state_change,BUSY,assigned_order
1666150033,535,state_change,BUSY,assigned_order
1666150033,1890,state_change,BUSY,assigned_order
1666150033,1379,state_change,BUSY,assigned_order
1666150033,1329,state_change,BUSY,assigned_order
1666150033,571,state_change,BUSY,assigned_order
1666150033,1519,state_change,BUSY,assigned_order
1666150033,507,state_change,BUSY,assigned_order
1666150033,299,state_change,BUSY,assigned_order
1666150033,226,state_change,BUSY,assigned_order
1666150033,1975,state_change,BUSY,assigned_order
1666150033,50,state_change,BUSY,assigned_order
1666150033,4300,state_change,BUSY,assigned_order
1666150033,2730,state_change,BUSY,assigned_order
1666150033,793,state_change,BUSY,assigned_order
1666150033,4052,state_change,BUSY,assigned_order
1666150033,1240,state_change,BUSY,assigned_order
1666150033,4537,state_change,BUSY,assigned_order
1666150033,3242,state_change,BUSY,assigned_order
1666150033,3159,state_change,BUSY,assigned_order
1666150033,2080,state_change,BUSY,assigned_order
1666150033,1150,state_change,BUSY,assigned_order
1666150033,1746,state_change,BUSY,assigned_order
1666150033,383,state_change,BUSY,assigned_order
1666150033,3429,state_change,BUSY,assigned_order
1666150033,767,state_change,BUSY,assigned_order
1666150033,1831,state_change,BUSY,assigned_order
1666150033,1625,state_change,BUSY,assigned_order
1666150033,1061,state_change,BUSY,assigned_order
1666150033,2835,state_change,BUSY,assigned_order
1666150033,3546,state_change,BUSY,assigned_order
1666150033,1266,state_change,BUSY,assigned_order
1666150033,2464,state_change,BUSY,assigned_order
1666150033,2939,state_change,BUSY,assigned_order
1666150033,221,state_change,BUSY,assigned_order
1666150033,1465,state_change,BUSY,assigned_order
1666150033,2289,state_change,BUSY,assigned_order
1666150033,3966,state_change,BUSY,assigned_order
1666150033,2411,state_change,BUSY,assigned_order
1666150033,4279,state_change,BUSY,assigned_order
1666150033,129,state_change,BUSY,assigned_order
1666150033,3692,state_change,BUSY,assigned_order
1666150033,803,state_change,BUSY,assigned_order
1666150033,2428,state_change,BUSY,assigned_order
1666150033,1986,state_change,BUSY,assigned_order
1666150033,3852,state_change,BUSY,assigned_order
1666150033,2827,state_change,BUSY,assigned_order
1666150033,1453,state_change,BUSY,assigned_order
1666150033,3739,state_change,BUSY,assigned_order
1666150033,23,state_change,BUSY,assigned_order
1666150033,455,state_change,BUSY,assigned_order
1666150033,3283,state_change,BUSY,assigned_order
1666150033,3292,state_change,BUSY,assigned_order
1666150033,2142,state_change,BUSY,assigned_order
1666150033,397,state_change,BUSY,assigned_order
1666150033,2397,state_change,BUSY,assigned_order
1666150033,4495,state_change,BUSY,assigned_order
1666150033,3559,state_change,BUSY,assigned_order
1666150033,3483,state_change,BUSY,assigned_order
1666150033,913,state_change,BUSY,assigned_order
1666150033,1376,state_change,BUSY,assigned_order
1666150033,2826,state_change,BUSY,assigned_order
1666150033,1305,state_change,BUSY,assigned_order
1666150033,2334,state_change,BUSY,assigned_order
1666150033,2678,state_change,BUSY,assigned_order
1666150033,503,state_change,BUSY,assigned_order
1666150033,187,state_change,BUSY,assigned_order
1666150033,3435,state_change,BUSY,assigned_order
1666150033,2341,state_change,BUSY,assigned_order
1666150033,3608,state_change,BUSY,assigned_order
1666150033,1711,state_change,BUSY,assigned_order
1666150033,3427,state_change,BUSY,assigned_order
1666150033,3293,state_change,BUSY,assigned_order
1666150033,3712,state_change,BUSY,assigned_order
1666150033,3372,state_change,BUSY,assigned_order
1666150033,142,state_change,BUSY,assigned_order
1666150033,2567,state_change,BUSY,assigned_order
1666150033,251,state_change,BUSY,assigned_order
1666150033,498,state_change,BUSY,assigned_order
1666150033,1893,state_change,BUSY,assigned_order
1666150033,529,state_change,BUSY,assigned_order
1666150033,2815,state_change,BUSY,assigned_order
1666150033,2217,state_change,BUSY,assigned_order
1666150033,3780,state_change,BUSY,assigned_order
1666150033,2034,state_change,BUSY,assigned_order
1666150033,1060,state_change,BUSY,assigned_order
1666150033,1810,state_change,BUSY,assigned_order
1666150033,2190,state_change,BUSY,assigned_order
1666150033,2213,state_change,BUSY,assigned_order
1666150033,2517,state_change,BUSY,assigned_order
1666150033,777,state_change,BUSY,assigned_order
1666150033,2207,state_change,BUSY,assigned_order
1666150033,1134,state_change,BUSY,assigned_order
1666150033,2088,state_change,BUSY,assigned_order
1666150033,1030,state_change,BUSY,assigned_order
1666150033,4071,state_change,BUSY,assigned_order
1666150033,347,state_change,BUSY,assigned_order
1666150033,2303,state_change,BUSY,assigned_order
1666150033,3825,state_change,BUSY,assigned_order
1666150033,1628,state_change,BUSY,assigned_order
1666150033,3198,state_change,BUSY,assigned_order
1666150033,3355,state_change,BUSY,assigned_order
1666150033,1016,state_change,BUSY,assigned_order
1666150033,4624,state_change,BUSY,assigned_order
1666150033,2060,state_change,BUSY,assigned_order
1666150033,2737,state_change,BUSY,assigned_order
1666150033,1638,state_change,BUSY,assigned_order
1666150033,2361,state_change,BUSY,assigned_order
1666150033,1542,state_change,BUSY,assigned_order
1666150033,151,state_change,BUSY,assigned_order
1666150033,1053,state_change,BUSY,assigned_order
1666150033,1219,state_change,BUSY,assigned_order
1666150033,2045,state_change,BUSY,assigned_order
1666150033,253,state_change,BUSY,assigned_order
1666150033,1274,state_change,BUSY,assigned_order
1666150033,1998,state_change,BUSY,assigned_order
1666150033,2429,state_change,BUSY,assigned_order
1666150033,728,state_change,BUSY,assigned_order
1666150033,1892,state_change,BUSY,assigned_order
1666150033,1279,state_change,BUSY,assigned_order
1666150213,329,state_change,BUSY,assigned_order
1666150213,960,state_change,BUSY,assigned_order
1666150213,3039,state_change,BUSY,assigned_order
1666150213,2417,state_change,BUSY,assigned_order
1666150213,1705,state_change,BUSY,assigned_order
1666150213,514,state_change,BUSY,assigned_order
1666150213,3395,state_change,BUSY,assigned_order
1666150213,2671,state_change,BUSY,assigned_order
1666150213,622,state_change,BUSY,assigned_order
1666150213,1106,state_change,BUSY,assigned_order
1666150213,269,state_change,BUSY,assigned_order
1666150213,2487,state_change,BUSY,assigned_order
1666150213,1356,state_change,BUSY,assigned_order
1666150213,1055,state_change,BUSY,assigned_order
1666150213,1019,state_change,BUSY,assigned_order
1666150213,970,state_change,BUSY,assigned_order
1666150213,3402,state_change,BUSY,assigned_order
1666150213,2886,state_change,BUSY,assigned_order
1666150213,877,state_change,BUSY,assigned_order
1666150213,717,state_change,BUSY,assigned_order
1666150213,1350,state_change,BUSY,assigned_order
1666150213,2306,state_change,BUSY,assigned_order
1666150213,510,state_change,BUSY,assigned_order
1666150213,859,state_change,BUSY,assigned_order
1666150213,1384,state_change,BUSY,assigned_order
1666150213,3084,state_change,BUSY,assigned_order
1666150213,1018,state_change,BUSY,assigned_order
1666150213,1985,state_change,BUSY,assigned_order
1666150213,3824,state_change,BUSY,assigned_order
1666150213,3532,state_change,BUSY,assigned_order
1666150213,4096,state_change,BUSY,assigned_order
1666150213,156,state_change,BUSY,assigned_order
1666150213,52,state_change,BUSY,assigned_order
1666150213,3833,state_change,BUSY,assigned_order
1666150213,4152,state_change,BUSY,assigned_order
1666150213,799,state_change,BUSY,assigned_order
1666150213,2200,state_change,BUSY,assigned_order
1666150213,589,state_change,BUSY,assigned_order
1666150213,27,state_change,BUSY,assigned_order
1666150213,259,state_change,BUSY,assigned_order
1666150213,1084,state_change,BUSY,assigned_order
1666150213,625,state_change,BUSY,assigned_order
1666150213,3886,state_change,BUSY,assigned_order
1666150213,2552,state_change,BUSY,assigned_order
1666150213,2128,state_change,BUSY,assigned_order
1666150213,2323,state_change,BUSY,assigned_order
1666150213,796,state_change,BUSY,assigned_order
1666150213,600,state_change,BUSY,assigned_order
1666150213,3774,state_change,BUSY,assigned_order
1666150213,183,state_change,BUSY,assigned_order
1666150213,2329,state_change,BUSY,assigned_order
1666150213,199,state_change,BUSY,assigned_order
1666150213,2681,state_change,BUSY,assigned_order
1666150213,3032,state_change,BUSY,assigned_order
1666150213,1448,state_change,BUSY,assigned_order
1666150213,2431,state_change,BUSY,assigned_order
1666150213,1288,state_change,BUSY,assigned_order
1666150213,2415,state_change,BUSY,assigned_order
1666150213,2568,state_change,BUSY,assigned_order
1666150213,4390,state_change,BUSY,assigned_order
1666150213,425,state_change,BUSY,assigned_order
1666150213,2324,state_change,BUSY,assigned_order
1666150213,2027,state_change,BUSY,assigned_order
1666150213,2488,state_change,BUSY,assigned_order
1666150213,1292,state_change,BUSY,assigned_order
1666150213,2025,state_change,BUSY,assigned_order
1666150213,495,state_change,BUSY,assigned_order
1666150213,3984,state_change,BUSY,assigned_order
1666150213,92,state_change,BUSY,assigned_order
1666150213,1910,state_change,BUSY,assigned_order
1666150213,225,state_change,BUSY,assigned_order
1666150213,3881,state_change,BUSY,assigned_order
1666150213,3171,state_change,BUSY,assigned_order
1666150213,758,state_change,BUSY,assigned_order
1666150213,2352,state_change,BUSY,assigned_order
1666150213,3487,state_change,BUSY,assigned_order
1666150213,463,state_change,BUSY,assigned_order
1666150213,4490,state_change,BUSY,assigned_order
1666150213,1348,state_change,BUSY,assigned_order
1666150213,781,state_change,BUSY,assigned_order
1666150213,971,state_change,BUSY,assigned_order
1666150213,4232,state_change,BUSY,assigned_order
1666150213,1795,state_change,BUSY,assigned_order
1666150213,2529,state_change,BUSY,assigned_order
1666150213,1905,state_change,BUSY,assigned_order
1666150213,72,state_change,BUSY,assigned_order
1666150213,1476,state_change,BUSY,assigned_order
1666150213,1094,state_change,BUSY,assigned_order
1666150213,2953,state_change,BUSY,assigned_order
1666150213,1690,state_change,BUSY,assigned_order
1666150213,1958,state_change,BUSY,assigned_order
1666150213,3017,state_change,BUSY,assigned_order
1666150213,364,state_change,BUSY,assigned_order
1666150213,628,state_change,BUSY,assigned_order
1666150213,2850,state_change,BUSY,assigned_order
1666150213,2688,state_change,BUSY,assigned_order
1666150213,3436,state_change,BUSY,assigned_order
1666150213,3680,state_change,BUSY,assigned_order
1666150213,889,state_change,BUSY,assigned_order
1666150213,721,state_change,BUSY,assigned_order
1666150213,804,state_change,BUSY,assigned_order
1666150213,1622,state_change,BUSY,assigned_order
1666150213,518,state_change,BUSY,assigned_order
1666150213,4172,state_change,BUSY,assigned_order
1666150213,4205,state_change,BUSY,assigned_order
1666150213,2271,state_change,BUSY,assigned_order
1666150213,1065,state_change,BUSY,assigned_order
1666150213,925,state_change,BUSY,assigned_order
1666150213,365,state_change,BUSY,assigned_order
1666150213,750,state_change,BUSY,assigned_order
1666150213,79,state_change,BUSY,assigned_order
1666150213,1510,state_change,BUSY,assigned_order
1666150213,2854,state_change,BUSY,assigned_order
1666150213,1653,state_change,BUSY,assigned_order
1666150213,190,state_change,BUSY,assigned_order
1666150213,761,state_change,BUSY,assigned_order
1666150213,3480,state_change,BUSY,assigned_order
1666150213,2345,state_change,BUSY,assigned_order
1666150213,1017,state_change,BUSY,assigned_order
1666150213,1417,state_change,BUSY,assigned_order
1666150213,2922,state_change,BUSY,assigned_order
1666236312,993,state_change,AVAILABLE,completed_delivery
1666236312,1877,state_change,AVAILABLE,completed_delivery
1666236312,251,state_change,AVAILABLE,completed_delivery
1666236312,3334,state_change,AVAILABLE,completed_delivery
1666236312,3483,state_change,AVAILABLE,completed_delivery
1666236312,4172,state_change,AVAILABLE,completed_delivery
1666236312,1950,state_change,AVAILABLE,completed_delivery
1666236312,2080,state_change,AVAILABLE,completed_delivery
1666236312,3413,state_change,AVAILABLE,completed_delivery
1666236312,1905,state_change,AVAILABLE,completed_delivery
1666236312,690,state_change,AVAILABLE,completed_delivery
1666236312,2060,state_change,AVAILABLE,completed_delivery
1666236312,503,state_change,AVAILABLE,completed_delivery
1666236312,78,state_change,AVAILABLE,completed_delivery
1666236312,2959,state_change,AVAILABLE,completed_delivery
1666236312,859,state_change,AVAILABLE,completed_delivery
1666236312,2076,state_change,AVAILABLE,completed_delivery
1666236312,1505,state_change,AVAILABLE,completed_delivery
1666236312,1329,state_change,AVAILABLE,completed_delivery
1666236312,2082,state_change,AVAILABLE,completed_delivery
1666236312,2431,state_change,AVAILABLE,completed_delivery
1666236312,2289,state_change,AVAILABLE,completed_delivery
1666236312,151,state_change,AVAILABLE,completed_delivery
1666236312,1205,state_change,AVAILABLE,completed_delivery
1666236312,2303,state_change,AVAILABLE,completed_delivery
1666236312,804,state_change,AVAILABLE,completed_delivery
1666236312,364,state_change,AVAILABLE,completed_delivery
1666236312,1926,state_change,AVAILABLE,completed_delivery
1666236312,1589,state_change,AVAILABLE,completed_delivery
1666236312,1525,state_change,AVAILABLE,completed_delivery
1666236312,225,state_change,AVAILABLE,completed_delivery
1666236312,3291,state_change,AVAILABLE,completed_delivery
1666236312,50,state_change,AVAILABLE,completed_delivery
1666236312,3282,state_change,AVAILABLE,completed_delivery
1666236312,3559,state_change,AVAILABLE,completed_delivery
1666236312,1988,state_change,AVAILABLE,completed_delivery
1666236312,2217,state_change,AVAILABLE,completed_delivery
1666236312,190,state_change,AVAILABLE,completed_delivery
1666236312,762,state_change,AVAILABLE,completed_delivery
1666236312,932,state_change,AVAILABLE,completed_delivery
1666236312,325,state_change,AVAILABLE,completed_delivery
1666236312,2045,state_change,AVAILABLE,completed_delivery
1666236312,3237,state_change,AVAILABLE,completed_delivery
1666236312,2102,state_change,AVAILABLE,completed_delivery
1666236312,1325,state_change,AVAILABLE,completed_delivery
1666236312,2737,state_change,AVAILABLE,completed_delivery
1666236312,455,state_change,AVAILABLE,completed_delivery
1666236312,2730,state_change,AVAILABLE,completed_delivery
1666236312,1274,state_change,AVAILABLE,completed_delivery
1666236312,1653,state_change,AVAILABLE,completed_delivery
1666236312,2568,state_change,AVAILABLE,completed_delivery
1666236312,1289,state_change,AVAILABLE,completed_delivery
1666236312,1030,state_change,AVAILABLE,completed_delivery
1666236312,3242,state_change,AVAILABLE,completed_delivery
1666236312,463,state_change,AVAILABLE,completed_delivery
1666236312,383,state_change,AVAILABLE,completed_delivery
1666236312,4205,state_change,AVAILABLE,completed_delivery
1666236312,221,state_change,AVAILABLE,completed_delivery
1666236312,2488,state_change,AVAILABLE,completed_delivery
1666236312,889,state_change,AVAILABLE,completed_delivery
1666236312,546,state_change,AVAILABLE,completed_delivery
1666236312,7,state_change,AVAILABLE,completed_delivery
1666236312,4411,state_change,AVAILABLE,completed_delivery
1666236312,3111,state_change,AVAILABLE,completed_delivery
1666236312,1060,state_change,AVAILABLE,completed_delivery
1666236312,288,state_change,AVAILABLE,completed_delivery
1666236312,3107,state_change,AVAILABLE,completed_delivery
1666236312,104,state_change,AVAILABLE,completed_delivery
1666236312,2529,state_change,AVAILABLE,completed_delivery
1666236312,2854,state_change,AVAILABLE,completed_delivery
1666236312,3402,state_change,AVAILABLE,completed_delivery
1666236312,168,state_change,AVAILABLE,completed_delivery
1666236312,3127,state_change,AVAILABLE,completed_delivery
1666236312,1628,state_change,AVAILABLE,completed_delivery
1666236312,2278,state_change,AVAILABLE,completed_delivery
1666236312,865,state_change,AVAILABLE,completed_delivery
1666236312,448,state_change,AVAILABLE,completed_delivery
1666236312,2815,state_change,AVAILABLE,completed_delivery
1666236312,4624,state_change,AVAILABLE,completed_delivery
1666236312,35,state_change,AVAILABLE,completed_delivery
1666236312,2050,state_change,AVAILABLE,completed_delivery
1666236312,4426,state_change,AVAILABLE,completed_delivery
1666236312,3774,state_change,AVAILABLE,completed_delivery
1666236312,2835,state_change,AVAILABLE,completed_delivery
1666236312,391,state_change,AVAILABLE,completed_delivery
1666236312,3198,state_change,AVAILABLE,completed_delivery
1666236312,3435,state_change,AVAILABLE,completed_delivery
1666236312,2429,state_change,AVAILABLE,completed_delivery
1666236312,1958,state_change,AVAILABLE,completed_delivery
1666236312,4244,state_change,AVAILABLE,completed_delivery
1666236312,2411,state_change,AVAILABLE,completed_delivery
1666236312,2027,state_change,AVAILABLE,completed_delivery
1666236312,199,state_change,AVAILABLE,completed_delivery
1666236312,878,state_change,AVAILABLE,completed_delivery
1666236312,2101,state_change,AVAILABLE,completed_delivery
1666236312,3032,state_change,AVAILABLE,completed_delivery
1666236312,3395,state_change,AVAILABLE,completed_delivery
1666236312,2362,state_change,AVAILABLE,completed_delivery
1666236312,1351,state_change,AVAILABLE,completed_delivery
1666236312,397,state_change,AVAILABLE,completed_delivery
1666236312,2121,state_change,AVAILABLE,completed_delivery
1666236312,3480,state_change,AVAILABLE,completed_delivery
1666236312,1106,state_change,AVAILABLE,completed_delivery
1666236312,3925,state_change,AVAILABLE,completed_delivery
1666236312,589,state_change,AVAILABLE,completed_delivery
1666236312,2128,state_change,AVAILABLE,completed_delivery
1666236312,1810,state_change,AVAILABLE,completed_delivery
1666236312,1828,state_change,AVAILABLE,completed_delivery
1666236312,3355,state_change,AVAILABLE,completed_delivery
1666236312,4495,state_change,AVAILABLE,completed_delivery
1666236312,1231,state_change,AVAILABLE,completed_delivery
1666236312,3881,state_change,AVAILABLE,completed_delivery
1666236312,41,state_change,AVAILABLE,completed_delivery
1666236312,2827,state_change,AVAILABLE,completed_delivery
1666236312,1134,state_change,AVAILABLE,completed_delivery
1666236312,2850,state_change,AVAILABLE,completed_delivery
1666236312,1476,state_change,AVAILABLE,completed_delivery
1666236312,3768,state_change,AVAILABLE,completed_delivery
1666236312,347,state_change,AVAILABLE,completed_delivery
1666236312,757,state_change,AVAILABLE,completed_delivery
1666236312,2132,state_change,AVAILABLE,completed_delivery
1666236312,551,state_change,AVAILABLE,completed_delivery
1666236312,4393,state_change,AVAILABLE,completed_delivery
1666236312,2688,state_change,AVAILABLE,completed_delivery
1666236312,3527,state_change,AVAILABLE,completed_delivery
1666236312,1442,state_change,AVAILABLE,completed_delivery
1666236312,3692,state_change,AVAILABLE,completed_delivery
1666236312,2361,state_change,AVAILABLE,completed_delivery
1666236312,3039,state_change,AVAILABLE,completed_delivery
1666236312,866,state_change,AVAILABLE,completed_delivery
1666236312,1542,state_change,AVAILABLE,completed_delivery
1666236312,1890,state_change,AVAILABLE,completed_delivery
1666236312,2306,state_change,AVAILABLE,completed_delivery
1666236312,781,state_change,AVAILABLE,completed_delivery
1666236312,758,state_change,AVAILABLE,completed_delivery
1666236312,2957,state_change,AVAILABLE,completed_delivery
1666236312,873,state_change,AVAILABLE,completed_delivery
1666236312,3293,state_change,AVAILABLE,completed_delivery
1666236312,1690,state_change,AVAILABLE,completed_delivery
1666236312,1348,state_change,AVAILABLE,completed_delivery
1666236312,1510,state_change,AVAILABLE,completed_delivery
1666236312,259,state_change,AVAILABLE,completed_delivery
1666236312,52,state_change,AVAILABLE,completed_delivery
1666236312,4071,state_change,AVAILABLE,completed_delivery
1666236312,2428,state_change,AVAILABLE,completed_delivery
1666236312,1998,state_change,AVAILABLE,completed_delivery
1666236312,3436,state_change,AVAILABLE,completed_delivery
1666236312,3427,state_change,AVAILABLE,completed_delivery
1666236312,1019,state_change,AVAILABLE,completed_delivery
1666236312,156,state_change,AVAILABLE,completed_delivery
1666236312,1084,state_change,AVAILABLE,completed_delivery
1666236312,2415,state_change,AVAILABLE,completed_delivery
1666236312,4096,state_change,AVAILABLE,completed_delivery
1666236312,3150,state_change,AVAILABLE,completed_delivery
1666236312,1448,state_change,AVAILABLE,completed_delivery
1666236312,728,state_change,AVAILABLE,completed_delivery
1666236312,2517,state_change,AVAILABLE,completed_delivery
1666236312,3001,state_change,AVAILABLE,completed_delivery
1666236312,2034,state_change,AVAILABLE,completed_delivery
1666236312,2776,state_change,AVAILABLE,completed_delivery
1666236312,529,state_change,AVAILABLE,completed_delivery
1666236312,970,state_change,AVAILABLE,completed_delivery
1666236312,2554,state_change,AVAILABLE,completed_delivery
1666236312,87,state_change,AVAILABLE,completed_delivery
1666236312,4180,state_change,AVAILABLE,completed_delivery
1666236312,981,state_change,AVAILABLE,completed_delivery
1666236312,625,state_change,AVAILABLE,completed_delivery
1666236312,3053,state_change,AVAILABLE,completed_delivery
1666236312,3966,state_change,AVAILABLE,completed_delivery
1666236312,2678,state_change,AVAILABLE,completed_delivery
1666236312,253,state_change,AVAILABLE,completed_delivery
1666236312,1227,state_change,AVAILABLE,completed_delivery
1666236312,4232,state_change,AVAILABLE,completed_delivery
1666236312,4648,state_change,AVAILABLE,completed_delivery
1666236312,1141,state_change,AVAILABLE,completed_delivery
1666236312,913,state_change,AVAILABLE,completed_delivery
1666236312,3532,state_change,AVAILABLE,completed_delivery
1666236312,535,state_change,AVAILABLE,completed_delivery
1666236312,1327,state_change,AVAILABLE,completed_delivery
1666236312,4490,state_change,AVAILABLE,completed_delivery
1666236312,1061,state_change,AVAILABLE,completed_delivery
1666236312,1985,state_change,AVAILABLE,completed_delivery
1666236312,1053,state_change,AVAILABLE,completed_delivery
1666236312,3739,state_change,AVAILABLE,completed_delivery
1666236312,2430,state_change,AVAILABLE,completed_delivery
1666236312,1017,state_change,AVAILABLE,completed_delivery
1666236312,1101,state_change,AVAILABLE,completed_delivery
1666236312,3047,state_change,AVAILABLE,completed_delivery
1666236312,2660,state_change,AVAILABLE,completed_delivery
1666236312,4279,state_change,AVAILABLE,completed_delivery
1666236312,1453,state_change,AVAILABLE,completed_delivery
1666236312,136,state_change,AVAILABLE,completed_delivery
1666236312,3159,state_change,AVAILABLE,completed_delivery
1666236312,79,state_change,AVAILABLE,completed_delivery
1666236312,1292,state_change,AVAILABLE,completed_delivery
1666236312,1040,state_change,AVAILABLE,completed_delivery
1666236312,1228,state_change,AVAILABLE,completed_delivery
1666236312,3297,state_change,AVAILABLE,completed_delivery
1666236312,1266,state_change,AVAILABLE,completed_delivery
1666236312,3171,state_change,AVAILABLE,completed_delivery
1666236312,1016,state_change,AVAILABLE,completed_delivery
1666236312,507,state_change,AVAILABLE,completed_delivery
1666236312,1910,state_change,AVAILABLE,completed_delivery
1666236312,1601,state_change,AVAILABLE,completed_delivery
1666236312,1094,state_change,AVAILABLE,completed_delivery
1666236312,2681,state_change,AVAILABLE,completed_delivery
1666236312,2967,state_change,AVAILABLE,completed_delivery
1666236312,1384,state_change,AVAILABLE,completed_delivery
1666236312,3712,state_change,AVAILABLE,completed_delivery
1666236312,1305,state_change,AVAILABLE,completed_delivery
1666236312,877,state_change,AVAILABLE,completed_delivery
1666236312,2577,state_change,AVAILABLE,completed_delivery
1666236312,2552,state_change,AVAILABLE,completed_delivery
1666236312,2397,state_change,AVAILABLE,completed_delivery
1666236312,868,state_change,AVAILABLE,completed_delivery
1666236312,2877,state_change,AVAILABLE,completed_delivery
1666236312,1559,state_change,AVAILABLE,completed_delivery
1666236312,2208,state_change,AVAILABLE,completed_delivery
1666236312,2088,state_change,AVAILABLE,completed_delivery
1666236312,2572,state_change,AVAILABLE,completed_delivery
1666236312,3088,state_change,AVAILABLE,completed_delivery
1666236312,600,state_change,AVAILABLE,completed_delivery
1666236312,329,state_change,AVAILABLE,completed_delivery
1666236312,2271,state_change,AVAILABLE,completed_delivery
1666236312,571,state_change,AVAILABLE,completed_delivery
1666236312,1240,state_change,AVAILABLE,completed_delivery
1666236312,2207,state_change,AVAILABLE,completed_delivery
1666236312,2805,state_change,AVAILABLE,completed_delivery
1666236312,1625,state_change,AVAILABLE,completed_delivery
1666236312,402,state_change,AVAILABLE,completed_delivery
1666236312,2939,state_change,AVAILABLE,completed_delivery
1666236312,1273,state_change,AVAILABLE,completed_delivery
1666236312,1719,state_change,AVAILABLE,completed_delivery
1666236312,2190,state_change,AVAILABLE,completed_delivery
1666236312,4537,state_change,AVAILABLE,completed_delivery
1666236312,790,state_change,AVAILABLE,completed_delivery
1666236312,3017,state_change,AVAILABLE,completed_delivery
1666236312,510,state_change,AVAILABLE,completed_delivery
1666236312,796,state_change,AVAILABLE,completed_delivery
1666236312,4300,state_change,AVAILABLE,completed_delivery
1666236312,767,state_change,AVAILABLE,completed_delivery
1666236312,1150,state_change,AVAILABLE,completed_delivery
1666236312,2345,state_change,AVAILABLE,completed_delivery
1666236312,999,state_change,AVAILABLE,completed_delivery
1666236312,1727,state_change,AVAILABLE,completed_delivery
1666236312,2435,state_change,AVAILABLE,completed_delivery
1666236312,2105,state_change,AVAILABLE,completed_delivery
1666236312,1279,state_change,AVAILABLE,completed_delivery
1666236312,1157,state_change,AVAILABLE,completed_delivery
1666236312,2671,state_change,AVAILABLE,completed_delivery
1666236312,146,state_change,AVAILABLE,completed_delivery
1666236312,1831,state_change,AVAILABLE,completed_delivery
1666236312,1892,state_change,AVAILABLE,completed_delivery
1666236312,92,state_change,AVAILABLE,completed_delivery
1666236312,226,state_change,AVAILABLE,completed_delivery
1666236312,2213,state_change,AVAILABLE,completed_delivery
1666236312,3429,state_change,AVAILABLE,completed_delivery
1666236312,352,state_change,AVAILABLE,completed_delivery
1666236312,3487,state_change,AVAILABLE,completed_delivery
1666236312,1746,state_change,AVAILABLE,completed_delivery
1666236312,279,state_change,AVAILABLE,completed_delivery
1666236312,1795,state_change,AVAILABLE,completed_delivery
1666236312,3283,state_change,AVAILABLE,completed_delivery
1666236312,4204,state_change,AVAILABLE,completed_delivery
1666236312,3680,state_change,AVAILABLE,completed_delivery
1666236312,328,state_change,AVAILABLE,completed_delivery
1666236312,183,state_change,AVAILABLE,completed_delivery
1666236312,76,state_change,AVAILABLE,completed_delivery
1666236312,1376,state_change,AVAILABLE,completed_delivery
1666236312,3332,state_change,AVAILABLE,completed_delivery
1666236312,2201,state_change,AVAILABLE,completed_delivery
1666236312,754,state_change,AVAILABLE,completed_delivery
1666236312,2714,state_change,AVAILABLE,completed_delivery
1666236312,365,state_change,AVAILABLE,completed_delivery
1666236312,1232,state_change,AVAILABLE,completed_delivery
1666236312,1622,state_change,AVAILABLE,completed_delivery
1666236312,1219,state_change,AVAILABLE,completed_delivery
1666236312,925,state_change,AVAILABLE,completed_delivery
1666236312,1093,state_change,AVAILABLE,completed_delivery
1666236312,3292,state_change,AVAILABLE,completed_delivery
1666236312,425,state_change,AVAILABLE,completed_delivery
1666236312,3100,state_change,AVAILABLE,completed_delivery
1666236312,1711,state_change,AVAILABLE,completed_delivery
1666236312,1281,state_change,AVAILABLE,completed_delivery
1666236312,3825,state_change,AVAILABLE,completed_delivery
1666236312,2323,state_change,AVAILABLE,completed_delivery
1666236312,498,state_change,AVAILABLE,completed_delivery
1666236312,1246,state_change,AVAILABLE,completed_delivery
1666236312,2567,state_change,AVAILABLE,completed_delivery
1666236312,1235,state_change,AVAILABLE,completed_delivery
1666236312,1473,state_change,AVAILABLE,completed_delivery
1666236312,3517,state_change,AVAILABLE,completed_delivery
1666236312,1465,state_change,AVAILABLE,completed_delivery
1666236312,1638,state_change,AVAILABLE,completed_delivery
1666236312,4538,state_change,AVAILABLE,completed_delivery
1666236312,971,state_change,AVAILABLE,completed_delivery
1666236312,2009,state_change,AVAILABLE,completed_delivery
1666236312,187,state_change,AVAILABLE,completed_delivery
1666236312,1379,state_change,AVAILABLE,completed_delivery
1666236312,495,state_change,AVAILABLE,completed_delivery
1666236312,3824,state_change,AVAILABLE,completed_delivery
1666236312,2324,state_change,AVAILABLE,completed_delivery
1666236312,2731,state_change,AVAILABLE,completed_delivery
1666236312,1743,state_change,AVAILABLE,completed_delivery
1666236312,2690,state_change,AVAILABLE,completed_delivery
1666236312,1705,state_change,AVAILABLE,completed_delivery
1666236312,799,state_change,AVAILABLE,completed_delivery
1666236312,4052,state_change,AVAILABLE,completed_delivery
1666236312,2500,state_change,AVAILABLE,completed_delivery
1666236312,4398,state_change,AVAILABLE,completed_delivery
1666236312,750,state_change,AVAILABLE,completed_delivery
1666236312,2922,state_change,AVAILABLE,completed_delivery
1666236312,2142,state_change,AVAILABLE,completed_delivery
1666236312,1432,state_change,AVAILABLE,completed_delivery
1666236312,3546,state_change,AVAILABLE,completed_delivery
1666236312,1350,state_change,AVAILABLE,completed_delivery
1666236312,2180,state_change,AVAILABLE,completed_delivery
1666236312,1356,state_change,AVAILABLE,completed_delivery
1666236312,3372,state_change,AVAILABLE,completed_delivery
1666236312,2329,state_change,AVAILABLE,completed_delivery
1666236312,1519,state_change,AVAILABLE,completed_delivery
1666236312,2200,state_change,AVAILABLE,completed_delivery
1666236312,721,state_change,AVAILABLE,completed_delivery
1666236312,72,state_change,AVAILABLE,completed_delivery
1666236312,2417,state_change,AVAILABLE,completed_delivery
1666236312,1893,state_change,AVAILABLE,completed_delivery
1666236312,129,state_change,AVAILABLE,completed_delivery
1666236312,1039,state_change,AVAILABLE,completed_delivery
1666236312,2826,state_change,AVAILABLE,completed_delivery
1666236312,2487,state_change,AVAILABLE,completed_delivery
1666236312,1399,state_change,AVAILABLE,completed_delivery
1666236312,269,state_change,AVAILABLE,completed_delivery
1666236312,1975,state_change,AVAILABLE,completed_delivery
1666236312,777,state_change,AVAILABLE,completed_delivery
1666236312,960,state_change,AVAILABLE,completed_delivery
1666236312,793,state_change,AVAILABLE,completed_delivery
1666236312,458,state_change,AVAILABLE,completed_delivery
1666236312,1065,state_change,AVAILABLE,completed_delivery
1666236312,23,state_change,AVAILABLE,completed_delivery
1666236312,2334,state_change,AVAILABLE,completed_delivery
1666236312,514,state_change,AVAILABLE,completed_delivery
1666236312,1290,state_change,AVAILABLE,completed_delivery
1666236312,652,state_change,AVAILABLE,completed_delivery
1666236312,299,state_change,AVAILABLE,completed_delivery
1666236312,622,state_change,AVAILABLE,completed_delivery
1666236312,1055,state_change,AVAILABLE,completed_delivery
1666236312,2025,state_change,AVAILABLE,completed_delivery
1666236312,3780,state_change,AVAILABLE,completed_delivery
1666236312,628,state_change,AVAILABLE,completed_delivery
1666236312,2464,state_change,AVAILABLE,completed_delivery
1666236312,518,state_change,AVAILABLE,completed_delivery
1666236312,2886,state_change,AVAILABLE,completed_delivery
1666236312,3377,state_change,AVAILABLE,completed_delivery
1666236312,128,state_change,AVAILABLE,completed_delivery
1666236312,2352,state_change,AVAILABLE,completed_delivery
1666236312,1450,state_change,AVAILABLE,completed_delivery
1666236312,803,state_change,AVAILABLE,completed_delivery
1666236312,1288,state_change,AVAILABLE,completed_delivery
1666236312,2953,state_change,AVAILABLE,completed_delivery
1666236312,113,state_change,AVAILABLE,completed_delivery
1666236312,1018,state_change,AVAILABLE,completed_delivery
1666236312,27,state_change,AVAILABLE,completed_delivery
1666236312,2341,state_change,AVAILABLE,completed_delivery
1666236312,1054,state_change,AVAILABLE,completed_delivery
1666236312,1417,state_change,AVAILABLE,completed_delivery
1666236312,4390,state_change,AVAILABLE,completed_delivery
1666236312,4090,state_change,AVAILABLE,completed_delivery
1666236312,4130,state_change,AVAILABLE,completed_delivery
1666236312,3084,state_change,AVAILABLE,completed_delivery
1666236312,4023,state_change,AVAILABLE,completed_delivery
1666236312,1986,state_change,AVAILABLE,completed_delivery
1666236312,1128,state_change,AVAILABLE,completed_delivery
1666236312,142,state_change,AVAILABLE,completed_delivery
1666236312,717,state_change,AVAILABLE,completed_delivery
1666236312,1420,state_change,AVAILABLE,completed_delivery
1666236312,3608,state_change,AVAILABLE,completed_delivery
1666236312,4480,state_change,AVAILABLE,completed_delivery
1666236312,3886,state_change,AVAILABLE,completed_delivery
1666236312,3191,state_change,AVAILABLE,completed_delivery
1666236312,3833,state_change,AVAILABLE,completed_delivery
1666236312,4152,state_change,AVAILABLE,completed_delivery
1666236312,761,state_change,AVAILABLE,completed_delivery
1666236312,4128,state_change,AVAILABLE,completed_delivery
1666236312,3852,state_change,AVAILABLE,completed_delivery
1666236312,120,state_change,AVAILABLE,completed_delivery
1666236312,3984,state_change,AVAILABLE,completed_delivery
1666236312,3862,state_change,AVAILABLE,completed_delivery
1666236312,2600,state_change,BUSY,assigned_order
1666236312,385,state_change,BUSY,assigned_order
1666236312,1236,state_change,BUSY,assigned_order
1666236312,2367,state_change,BUSY,assigned_order
1666236312,1122,state_change,BUSY,assigned_order
1666236312,1530,state_change,BUSY,assigned_order
1666236312,4029,state_change,BUSY,assigned_order
1666236312,3480,state_change,BUSY,assigned_order
1666236312,2973,state_change,BUSY,assigned_order
1666236312,1473,state_change,BUSY,assigned_order
1666236312,2428,state_change,BUSY,assigned_order
1666236312,7,state_change,BUSY,assigned_order
1666236312,511,state_change,BUSY,assigned_order
1666236312,920,state_change,BUSY,assigned_order
1666236312,243,state_change,BUSY,assigned_order
1666236312,3150,state_change,BUSY,assigned_order
1666236312,2165,state_change,BUSY,assigned_order
1666236312,2185,state_change,BUSY,assigned_order
1666236312,750,state_change,BUSY,assigned_order
1666236312,972,state_change,BUSY,assigned_order
1666236312,1049,state_change,BUSY,assigned_order
1666236312,2325,state_change,BUSY,assigned_order
1666236312,2118,state_change,BUSY,assigned_order
1666236312,1489,state_change,BUSY,assigned_order
1666236312,1781,state_change,BUSY,assigned_order
1666236312,1828,state_change,BUSY,assigned_order
1666236312,731,state_change,BUSY,assigned_order
1666236312,1239,state_change,BUSY,assigned_order
1666236312,234,state_change,BUSY,assigned_order
1666236312,3337,state_change,BUSY,assigned_order
1666236312,1204,state_change,BUSY,assigned_order
1666236312,2938,state_change,BUSY,assigned_order
1666236312,3235,state_change,BUSY,assigned_order
1666236312,1150,state_change,BUSY,assigned_order
1666236312,608,state_change,BUSY,assigned_order
1666236312,3055,state_change,BUSY,assigned_order
1666236312,639,state_change,BUSY,assigned_order
1666236312,253,state_change,BUSY,assigned_order
1666236312,4280,state_change,BUSY,assigned_order
1666236312,559,state_change,BUSY,assigned_order
1666236312,2312,state_change,BUSY,assigned_order
1666236312,1149,state_change,BUSY,assigned_order
1666236312,1261,state_change,BUSY,assigned_order
1666236312,503,state_change,BUSY,assigned_order
1666236312,1603,state_change,BUSY,assigned_order
1666236312,3522,state_change,BUSY,assigned_order
1666236312,795,state_change,BUSY,assigned_order
1666236312,1684,state_change,BUSY,assigned_order
1666236312,2409,state_change,BUSY,assigned_order
1666236312,2263,state_change,BUSY,assigned_order
1666236312,1614,state_change,BUSY,assigned_order
1666236312,1027,state_change,BUSY,assigned_order
1666236312,23,state_change,BUSY,assigned_order
1666236312,1519,state_change,BUSY,assigned_order
1666236312,1937,state_change,BUSY,assigned_order
1666236312,2487,state_change,BUSY,assigned_order
1666236312,3777,state_change,BUSY,assigned_order
1666236312,2122,state_change,BUSY,assigned_order
1666236312,2495,state_change,BUSY,assigned_order
1666236312,613,state_change,BUSY,assigned_order
1666236312,3694,state_change,BUSY,assigned_order
1666236312,593,state_change,BUSY,assigned_order
1666236312,266,state_change,BUSY,assigned_order
1666236312,3206,state_change,BUSY,assigned_order
1666236312,2063,state_change,BUSY,assigned_order
1666236312,3284,state_change,BUSY,assigned_order
1666236312,2531,state_change,BUSY,assigned_order
1666236312,1597,state_change,BUSY,assigned_order
1666236312,1132,state_change,BUSY,assigned_order
1666236312,1169,state_change,BUSY,assigned_order
1666236312,1468,state_change,BUSY,assigned_order
1666236312,2814,state_change,BUSY,assigned_order
1666236312,2869,state_change,BUSY,assigned_order
1666236312,2053,state_change,BUSY,assigned_order
1666236312,1452,state_change,BUSY,assigned_order
1666236312,1061,state_change,BUSY,assigned_order
1666236312,623,state_change,BUSY,assigned_order
1666236312,884,state_change,BUSY,assigned_order
1666236312,4031,state_change,BUSY,assigned_order
1666236312,3549,state_change,BUSY,assigned_order
1666236312,3118,state_change,BUSY,assigned_order
1666236312,4377,state_change,BUSY,assigned_order
1666236312,817,state_change,BUSY,assigned_order
1666236312,3711,state_change,BUSY,assigned_order
1666236312,2614,state_change,BUSY,assigned_order
1666236312,2833,state_change,BUSY,assigned_order
1666236312,1096,state_change,BUSY,assigned_order
1666236312,369,state_change,BUSY,assigned_order
1666236312,525,state_change,BUSY,assigned_order
1666236312,498,state_change,BUSY,assigned_order
1666236312,2939,state_change,BUSY,assigned_order
1666236312,1266,state_change,BUSY,assigned_order
1666236312,296,state_change,BUSY,assigned_order
1666236312,1932,state_change,BUSY,assigned_order
1666236312,1772,state_change,BUSY,assigned_order
1666236312,3247,state_change,BUSY,assigned_order
1666236312,745,state_change,BUSY,assigned_order
1666236312,3330,state_change,BUSY,assigned_order
1666236312,2338,state_change,BUSY,assigned_order
1666236312,115,state_change,BUSY,assigned_order
1666236312,1448,state_change,BUSY,assigned_order
1666236312,993,state_change,BUSY,assigned_order
1666236312,1020,state_change,BUSY,assigned_order
1666236312,3966,state_change,BUSY,assigned_order
1666236312,3942,state_change,BUSY,assigned_order
1666236312,2678,state_change,BUSY,assigned_order
1666236312,324,state_change,BUSY,assigned_order
1666236312,2835,state_change,BUSY,assigned_order
1666236312,361,state_change,BUSY,assigned_order
1666236312,3006,state_change,BUSY,assigned_order
1666236312,492,state_change,BUSY,assigned_order
1666236432,1229,state_change,BUSY,assigned_order
1666236432,831,state_change,BUSY,assigned_order
1666236432,4087,state_change,BUSY,assigned_order
1666236432,1419,state_change,BUSY,assigned_order
1666236432,1203,state_change,BUSY,assigned_order
1666236432,2566,state_change,BUSY,assigned_order
1666236432,1696,state_change,BUSY,assigned_order
1666236432,3716,state_change,BUSY,assigned_order
1666236432,1602,state_change,BUSY,assigned_order
1666236432,1056,state_change,BUSY,assigned_order
1666236432,4207,state_change,BUSY,assigned_order
1666236432,863,state_change,BUSY,assigned_order
1666236432,2009,state_change,BUSY,assigned_order
1666236432,3657,state_change,BUSY,assigned_order
1666236432,1191,state_change,BUSY,assigned_order
1666236432,2786,state_change,BUSY,assigned_order
1666236432,2135,state_change,BUSY,assigned_order
1666236432,292,state_change,BUSY,assigned_order
1666236432,1441,state_change,BUSY,assigned_order
1666236432,489,state_change,BUSY,assigned_order
1666236432,2696,state_change,BUSY,assigned_order
1666236432,394,state_change,BUSY,assigned_order
1666236432,387,state_change,BUSY,assigned_order
1666236432,3151,state_change,BUSY,assigned_order
1666236432,2385,state_change,BUSY,assigned_order
1666236432,159,state_change,BUSY,assigned_order
1666236432,803,state_change,BUSY,assigned_order
1666236432,2202,state_change,BUSY,assigned_order
1666236432,932,state_change,BUSY,assigned_order
1666236432,2042,state_change,BUSY,assigned_order
1666236432,118,state_change,BUSY,assigned_order
1666236432,2173,state_change,BUSY,assigned_order
1666236432,76,state_change,BUSY,assigned_order
1666236432,840,state_change,BUSY,assigned_order
1666236432,3313,state_change,BUSY,assigned_order
1666236432,647,state_change,BUSY,assigned_order
1666236432,4817,state_change,BUSY,assigned_order
1666236432,170,state_change,BUSY,assigned_order
1666236432,2060,state_change,BUSY,assigned_order
1666236432,533,state_change,BUSY,assigned_order
1666236432,1142,state_change,BUSY,assigned_order
1666236432,95,state_change,BUSY,assigned_order
1666236432,2341,state_change,BUSY,assigned_order
1666236432,1254,state_change,BUSY,assigned_order
1666236432,1298,state_change,BUSY,assigned_order
1666236432,241,state_change,BUSY,assigned_order
1666236432,494,state_change,BUSY,assigned_order
1666236432,4759,state_change,BUSY,assigned_order
1666236432,83,state_change,BUSY,assigned_order
1666236432,3589,state_change,BUSY,assigned_order
1666236432,2679,state_change,BUSY,assigned_order
1666236432,2569,state_change,BUSY,assigned_order
1666236432,2473,state_change,BUSY,assigned_order
1666236432,1783,state_change,BUSY,assigned_order
1666236432,2269,state_change,BUSY,assigned_order
1666236432,3660,state_change,BUSY,assigned_order
1666236432,4731,state_change,BUSY,assigned_order
1666236432,364,state_change,BUSY,assigned_order
1666236432,3162,state_change,BUSY,assigned_order
1666236432,681,state_change,BUSY,assigned_order
1666236432,165,state_change,BUSY,assigned_order
1666236432,2051,state_change,BUSY,assigned_order
1666236432,1185,state_change,BUSY,assigned_order
1666236432,2206,state_change,BUSY,assigned_order
1666236432,1695,state_change,BUSY,assigned_order
1666236432,1319,state_change,BUSY,assigned_order
1666236432,4205,state_change,BUSY,assigned_order
1666236432,3436,state_change,BUSY,assigned_order
1666236432,762,state_change,BUSY,assigned_order
1666236432,2921,state_change,BUSY,assigned_order
1666236432,1671,state_change,BUSY,assigned_order
1666236432,325,state_change,BUSY,assigned_order
1666236432,1205,state_change,BUSY,assigned_order
1666236432,3559,state_change,BUSY,assigned_order
1666236432,4410,state_change,BUSY,assigned_order
1666236432,4178,state_change,BUSY,assigned_order
1666236432,3642,state_change,BUSY,assigned_order
1666236432,2976,state_change,BUSY,assigned_order
1666236432,888,state_change,BUSY,assigned_order
1666236432,1414,state_change,BUSY,assigned_order
1666236432,1462,state_change,BUSY,assigned_order
1666236432,4899,state_change,BUSY,assigned_order
1666236432,1018,state_change,BUSY,assigned_order
1666236432,2504,state_change,BUSY,assigned_order
1666236432,2862,state_change,BUSY,assigned_order
1666236432,1623,state_change,BUSY,assigned_order
1666236432,2155,state_change,BUSY,assigned_order
1666236432,1705,state_change,BUSY,assigned_order
1666236432,897,state_change,BUSY,assigned_order
1666236432,3923,state_change,BUSY,assigned_order
1666236432,3476,state_change,BUSY,assigned_order
1666236432,1360,state_change,BUSY,assigned_order
1666236432,1003,state_change,BUSY,assigned_order
1666236432,2295,state_change,BUSY,assigned_order
1666236432,747,state_change,BUSY,assigned_order
1666236432,699,state_change,BUSY,assigned_order
1666236432,565,state_change,BUSY,assigned_order
1666236432,529,state_change,BUSY,assigned_order
1666236432,422,state_change,BUSY,assigned_order
1666236432,4626,state_change,BUSY,assigned_order
1666236432,1481,state_change,BUSY,assigned_order
1666236432,1218,state_change,BUSY,assigned_order
1666236432,3178,state_change,BUSY,assigned_order
1666236432,2183,state_change,BUSY,assigned_order
1666236432,2090,state_change,BUSY,assigned_order
1666236432,789,state_change,BUSY,assigned_order
1666236432,3282,state_change,BUSY,assigned_order
1666236432,3925,state_change,BUSY,assigned_order
1666236432,2270,state_change,BUSY,assigned_order
1666236432,3238,state_change,BUSY,assigned_order
1666236432,2629,state_change,BUSY,assigned_order
1666236432,3793,state_change,BUSY,assigned_order
1666236432,128,state_change,BUSY,assigned_order
1666236432,3181,state_change,BUSY,assigned_order
1666236432,1945,state_change,BUSY,assigned_order
1666236432,1529,state_change,BUSY,assigned_order
1666236432,1232,state_change,BUSY,assigned_order
1666236432,4406,state_change,BUSY,assigned_order
1666236432,2653,state_change,BUSY,assigned_order
1666236432,2788,state_change,BUSY,assigned_order
1666236432,1550,state_change,BUSY,assigned_order
1666236432,2025,state_change,BUSY,assigned_order
1666236432,960,state_change,BUSY,assigned_order
1666236432,4429,state_change,BUSY,assigned_order
1666236432,407,state_change,BUSY,assigned_order
1666236432,2741,state_change,BUSY,assigned_order
1666236432,1337,state_change,BUSY,assigned_order
1666236432,1559,state_change,BUSY,assigned_order
1666236432,2900,state_change,BUSY,assigned_order
1666236612,435,state_change,BUSY,assigned_order
1666236612,2974,state_change,BUSY,assigned_order
1666236612,220,state_change,BUSY,assigned_order
1666236612,365,state_change,BUSY,assigned_order
1666236612,3032,state_change,BUSY,assigned_order
1666236612,4170,state_change,BUSY,assigned_order
1666236612,3160,state_change,BUSY,assigned_order
1666236612,3283,state_change,BUSY,assigned_order
1666236612,3433,state_change,BUSY,assigned_order
1666236612,2172,state_change,BUSY,assigned_order
1666236612,592,state_change,BUSY,assigned_order
1666236612,1719,state_change,BUSY,assigned_order
1666236612,444,state_change,BUSY,assigned_order
1666236612,1085,state_change,BUSY,assigned_order
1666236612,4651,state_change,BUSY,assigned_order
1666236612,4072,state_change,BUSY,assigned_order
1666236612,2297,state_change,BUSY,assigned_order
1666236612,169,state_change,BUSY,assigned_order
1666236612,1777,state_change,BUSY,assigned_order
1666236612,1450,state_change,BUSY,assigned_order
1666236612,929,state_change,BUSY,assigned_order
1666236612,528,state_change,BUSY,assigned_order
1666236612,2311,state_change,BUSY,assigned_order
1666236612,4220,state_change,BUSY,assigned_order
1666236612,1228,state_change,BUSY,assigned_order
1666236612,3106,state_change,BUSY,assigned_order
1666236612,1358,state_change,BUSY,assigned_order
1666236612,3842,state_change,BUSY,assigned_order
1666236612,2899,state_change,BUSY,assigned_order
1666236612,2992,state_change,BUSY,assigned_order
1666236612,2068,state_change,BUSY,assigned_order
1666236612,1372,state_change,BUSY,assigned_order
1666236612,1079,state_change,BUSY,assigned_order
1666236612,1338,state_change,BUSY,assigned_order
1666236612,791,state_change,BUSY,assigned_order
1666236612,1231,state_change,BUSY,assigned_order
1666236612,2108,state_change,BUSY,assigned_order
1666236612,2547,state_change,BUSY,assigned_order
1666236612,584,state_change,BUSY,assigned_order
1666236612,1246,state_change,BUSY,assigned_order
1666236612,3233,state_change,BUSY,assigned_order
1666236612,830,state_change,BUSY,assigned_order
1666236612,4133,state_change,BUSY,assigned_order
1666236612,1435,state_change,BUSY,assigned_order
1666236612,2342,state_change,BUSY,assigned_order
1666236612,2522,state_change,BUSY,assigned_order
1666236612,2710,state_change,BUSY,assigned_order
1666236612,3554,state_change,BUSY,assigned_order
1666236612,2929,state_change,BUSY,assigned_order
1666236612,4187,state_change,BUSY,assigned_order
1666236612,889,state_change,BUSY,assigned_order
1666236612,1703,state_change,BUSY,assigned_order
1666236612,1478,state_change,BUSY,assigned_order
1666236612,221,state_change,BUSY,assigned_order
1666236612,2515,state_change,BUSY,assigned_order
1666236612,1795,state_change,BUSY,assigned_order
1666236612,91,state_change,BUSY,assigned_order
1666236612,1154,state_change,BUSY,assigned_order
1666236612,34,state_change,BUSY,assigned_order
1666236612,1263,state_change,BUSY,assigned_order
1666236612,2996,state_change,BUSY,assigned_order
1666236612,1788,state_change,BUSY,assigned_order
1666236612,4308,state_change,BUSY,assigned_order
1666236612,2735,state_change,BUSY,assigned_order
1666236612,2045,state_change,BUSY,assigned_order
1666236612,3348,state_change,BUSY,assigned_order
1666236612,1879,state_change,BUSY,assigned_order
1666236612,1622,state_change,BUSY,assigned_order
1666236612,225,state_change,BUSY,assigned_order
1666236612,2233,state_change,BUSY,assigned_order
1666236612,2971,state_change,BUSY,assigned_order
1666236612,1581,state_change,BUSY,assigned_order
1666236612,3859,state_change,BUSY,assigned_order
1666236612,2666,state_change,BUSY,assigned_order
1666236612,1081,state_change,BUSY,assigned_order
1666236612,1523,state_change,BUSY,assigned_order
1666236612,2507,state_change,BUSY,assigned_order
1666236612,2894,state_change,BUSY,assigned_order
1666236612,3714,state_change,BUSY,assigned_order
1666236612,703,state_change,BUSY,assigned_order
1666236612,1876,state_change,BUSY,assigned_order
1666236612,758,state_change,BUSY,assigned_order
1666236612,2964,state_change,BUSY,assigned_order
1666236612,4180,state_change,BUSY,assigned_order
1666236612,996,state_change,BUSY,assigned_order
1666236612,2142,state_change,BUSY,assigned_order
1666236612,973,state_change,BUSY,assigned_order
1666236612,2785,state_change,BUSY,assigned_order
1666236612,2724,state_change,BUSY,assigned_order
1666236612,199,state_change,BUSY,assigned_order
1666236612,3048,state_change,BUSY,assigned_order
1666236612,3826,state_change,BUSY,assigned_order
1666236612,3498,state_change,BUSY,assigned_order
1666236612,230,state_change,BUSY,assigned_order
1666236612,2361,state_change,BUSY,assigned_order
1666236612,434,state_change,BUSY,assigned_order
1666236612,2204,state_change,BUSY,assigned_order
1666236612,2960,state_change,BUSY,assigned_order
1666236612,3533,state_change,BUSY,assigned_order
1666236612,3517,state_change,BUSY,assigned_order
1666236612,1109,state_change,BUSY,assigned_order
1666236612,2727,state_change,BUSY,assigned_order
1666236612,155,state_change,BUSY,assigned_order
1666236612,1693,state_change,BUSY,assigned_order
1666236612,189,state_change,BUSY,assigned_order
1666236612,1632,state_change,BUSY,assigned_order
1666236612,1083,state_change,BUSY,assigned_order
1666236612,27,state_change,BUSY,assigned_order
1666236612,2877,state_change,BUSY,assigned_order
1666236612,3128,state_change,BUSY,assigned_order
1666236612,2,state_change,BUSY,assigned_order
1666236612,2382,state_change,BUSY,assigned_order
1666236612,2095,state_change,BUSY,assigned_order
1666236612,2884,state_change,BUSY,assigned_order
1666236612,4932,state_change,BUSY,assigned_order
1666236612,2381,state_change,BUSY,assigned_order
1666236612,1928,state_change,BUSY,assigned_order
1666236612,2621,state_change,BUSY,assigned_order
1666236612,1376,state_change,BUSY,assigned_order
1666236612,2055,state_change,BUSY,assigned_order
1666236612,971,state_change,BUSY,assigned_order
1666236612,1446,state_change,BUSY,assigned_order
1666236612,2922,state_change,BUSY,assigned_order
1666236612,1354,state_change,BUSY,assigned_order
1666236612,3911,state_change,BUSY,assigned_order
1666322707,993,state_change,AVAILABLE,completed_delivery
1666322707,2118,state_change,AVAILABLE,completed_delivery
1666322707,4377,state_change,AVAILABLE,completed_delivery
1666322707,2724,state_change,AVAILABLE,completed_delivery
1666322707,1937,state_change,AVAILABLE,completed_delivery
1666322707,3128,state_change,AVAILABLE,completed_delivery
1666322707,2295,state_change,AVAILABLE,completed_delivery
1666322707,2270,state_change,AVAILABLE,completed_delivery
1666322707,2409,state_change,AVAILABLE,completed_delivery
1666322707,2060,state_change,AVAILABLE,completed_delivery
1666322707,503,state_change,AVAILABLE,completed_delivery
1666322707,385,state_change,AVAILABLE,completed_delivery
1666322707,2710,state_change,AVAILABLE,completed_delivery
1666322707,1879,state_change,AVAILABLE,completed_delivery
1666322707,929,state_change,AVAILABLE,completed_delivery
1666322707,2921,state_change,AVAILABLE,completed_delivery
1666322707,1263,state_change,AVAILABLE,completed_delivery
1666322707,2862,state_change,AVAILABLE,completed_delivery
1666322707,444,state_change,AVAILABLE,completed_delivery
1666322707,1205,state_change,AVAILABLE,completed_delivery
1666322707,747,state_change,AVAILABLE,completed_delivery
1666322707,369,state_change,AVAILABLE,completed_delivery
1666322707,364,state_change,AVAILABLE,completed_delivery
1666322707,511,state_change,AVAILABLE,completed_delivery
1666322707,1462,state_change,AVAILABLE,completed_delivery
1666322707,884,state_change,AVAILABLE,completed_delivery
1666322707,225,state_change,AVAILABLE,completed_delivery
1666322707,973,state_change,AVAILABLE,completed_delivery
1666322707,920,state_change,AVAILABLE,completed_delivery
1666322707,3282,state_change,AVAILABLE,completed_delivery
1666322707,745,state_change,AVAILABLE,completed_delivery
1666322707,2382,state_change,AVAILABLE,completed_delivery
1666322707,1481,state_change,AVAILABLE,completed_delivery
1666322707,3559,state_change,AVAILABLE,completed_delivery
1666322707,1446,state_change,AVAILABLE,completed_delivery
1666322707,2974,state_change,AVAILABLE,completed_delivery
1666322707,2233,state_change,AVAILABLE,completed_delivery
1666322707,2515,state_change,AVAILABLE,completed_delivery
1666322707,1597,state_change,AVAILABLE,completed_delivery
1666322707,762,state_change,AVAILABLE,completed_delivery
1666322707,932,state_change,AVAILABLE,completed_delivery
1666322707,325,state_change,AVAILABLE,completed_delivery
1666322707,2045,state_change,AVAILABLE,completed_delivery
1666322707,1703,state_change,AVAILABLE,completed_delivery
1666322707,2090,state_change,AVAILABLE,completed_delivery
1666322707,528,state_change,AVAILABLE,completed_delivery
1666322707,2666,state_change,AVAILABLE,completed_delivery
1666322707,2325,state_change,AVAILABLE,completed_delivery
1666322707,3777,state_change,AVAILABLE,completed_delivery
1666322707,525,state_change,AVAILABLE,completed_delivery
1666322707,2055,state_change,AVAILABLE,completed_delivery
1666322707,2894,state_change,AVAILABLE,completed_delivery
1666322707,4087,state_change,AVAILABLE,completed_delivery
1666322707,1027,state_change,AVAILABLE,completed_delivery
1666322707,3337,state_change,AVAILABLE,completed_delivery
1666322707,1122,state_change,AVAILABLE,completed_delivery
1666322707,4205,state_change,AVAILABLE,completed_delivery
1666322707,221,state_change,AVAILABLE,completed_delivery
1666322707,889,state_change,AVAILABLE,completed_delivery
1666322707,3433,state_change,AVAILABLE,completed_delivery
1666322707,7,state_change,AVAILABLE,completed_delivery
1666322707,1478,state_change,AVAILABLE,completed_delivery
1666322707,1372,state_change,AVAILABLE,completed_delivery
1666322707,2338,state_change,AVAILABLE,completed_delivery
1666322707,2385,state_change,AVAILABLE,completed_delivery
1666322707,3793,state_change,AVAILABLE,completed_delivery
1666322707,3911,state_change,AVAILABLE,completed_delivery
1666322707,3181,state_change,AVAILABLE,completed_delivery
1666322707,731,state_change,AVAILABLE,completed_delivery
1666322707,3235,state_change,AVAILABLE,completed_delivery
1666322707,2122,state_change,AVAILABLE,completed_delivery
1666322707,647,state_change,AVAILABLE,completed_delivery
1666322707,1083,state_change,AVAILABLE,completed_delivery
1666322707,3589,state_change,AVAILABLE,completed_delivery
1666322707,2108,state_change,AVAILABLE,completed_delivery
1666322707,3048,state_change,AVAILABLE,completed_delivery
1666322707,2679,state_change,AVAILABLE,completed_delivery
1666322707,1360,state_change,AVAILABLE,completed_delivery
1666322707,2869,state_change,AVAILABLE,completed_delivery
1666322707,2342,state_change,AVAILABLE,completed_delivery
1666322707,2202,state_change,AVAILABLE,completed_delivery
1666322707,1109,state_change,AVAILABLE,completed_delivery
1666322707,2042,state_change,AVAILABLE,completed_delivery
1666322707,1693,state_change,AVAILABLE,completed_delivery
1666322707,159,state_change,AVAILABLE,completed_delivery
1666322707,1603,state_change,AVAILABLE,completed_delivery
1666322707,1003,state_change,AVAILABLE,completed_delivery
1666322707,2835,state_change,AVAILABLE,completed_delivery
1666322707,1452,state_change,AVAILABLE,completed_delivery
1666322707,234,state_change,AVAILABLE,completed_delivery
1666322707,2973,state_change,AVAILABLE,completed_delivery
1666322707,199,state_change,AVAILABLE,completed_delivery
1666322707,492,state_change,AVAILABLE,completed_delivery
1666322707,1149,state_change,AVAILABLE,completed_delivery
1666322707,3032,state_change,AVAILABLE,completed_delivery
1666322707,489,state_change,AVAILABLE,completed_delivery
1666322707,2629,state_change,AVAILABLE,completed_delivery
1666322707,1671,state_change,AVAILABLE,completed_delivery
1666322707,3480,state_change,AVAILABLE,completed_delivery
1666322707,2504,state_change,AVAILABLE,completed_delivery
1666322707,3151,state_change,AVAILABLE,completed_delivery
1666322707,292,state_change,AVAILABLE,completed_delivery
1666322707,1203,state_change,AVAILABLE,completed_delivery
1666322707,3923,state_change,AVAILABLE,completed_delivery
1666322707,1218,state_change,AVAILABLE,completed_delivery
1666322707,230,state_change,AVAILABLE,completed_delivery
1666322707,3925,state_change,AVAILABLE,completed_delivery
1666322707,1828,state_change,AVAILABLE,completed_delivery
1666322707,863,state_change,AVAILABLE,completed_delivery
1666322707,4187,state_change,AVAILABLE,completed_delivery
1666322707,1231,state_change,AVAILABLE,completed_delivery
1666322707,2269,state_change,AVAILABLE,completed_delivery
1666322707,2727,state_change,AVAILABLE,completed_delivery
1666322707,1337,state_change,AVAILABLE,completed_delivery
1666322707,1081,state_change,AVAILABLE,completed_delivery
1666322707,4308,state_change,AVAILABLE,completed_delivery
1666322707,2297,state_change,AVAILABLE,completed_delivery
1666322707,1945,state_change,AVAILABLE,completed_delivery
1666322707,2971,state_change,AVAILABLE,completed_delivery
1666322707,2361,state_change,AVAILABLE,completed_delivery
1666322707,2263,state_change,AVAILABLE,completed_delivery
1666322707,758,state_change,AVAILABLE,completed_delivery
1666322707,2051,state_change,AVAILABLE,completed_delivery
1666322707,434,state_change,AVAILABLE,completed_delivery
1666322707,189,state_change,AVAILABLE,completed_delivery
1666322707,2095,state_change,AVAILABLE,completed_delivery
1666322707,4817,state_change,AVAILABLE,completed_delivery
1666322707,1783,state_change,AVAILABLE,completed_delivery
1666322707,2614,state_change,AVAILABLE,completed_delivery
1666322707,3178,state_change,AVAILABLE,completed_delivery
1666322707,1020,state_change,AVAILABLE,completed_delivery
1666322707,3842,state_change,AVAILABLE,completed_delivery
1666322707,1623,state_change,AVAILABLE,completed_delivery
1666322707,2600,state_change,AVAILABLE,completed_delivery
1666322707,2428,state_change,AVAILABLE,completed_delivery
1666322707,3436,state_change,AVAILABLE,completed_delivery
1666322707,1928,state_change,AVAILABLE,completed_delivery
1666322707,4072,state_change,AVAILABLE,completed_delivery
1666322707,1185,state_change,AVAILABLE,completed_delivery
1666322707,2367,state_change,AVAILABLE,completed_delivery
1666322707,888,state_change,AVAILABLE,completed_delivery
1666322707,1261,state_change,AVAILABLE,completed_delivery
1666322707,1414,state_change,AVAILABLE,completed_delivery
1666322707,3150,state_change,AVAILABLE,completed_delivery
1666322707,3247,state_change,AVAILABLE,completed_delivery
1666322707,1154,state_change,AVAILABLE,completed_delivery
1666322707,4178,state_change,AVAILABLE,completed_delivery
1666322707,1448,state_change,AVAILABLE,completed_delivery
1666322707,2814,state_change,AVAILABLE,completed_delivery
1666322707,243,state_change,AVAILABLE,completed_delivery
1666322707,789,state_change,AVAILABLE,completed_delivery
1666322707,529,state_change,AVAILABLE,completed_delivery
1666322707,3162,state_change,AVAILABLE,completed_delivery
1666322707,681,state_change,AVAILABLE,completed_delivery
1666322707,3106,state_change,AVAILABLE,completed_delivery
1666322707,3657,state_change,AVAILABLE,completed_delivery
1666322707,2135,state_change,AVAILABLE,completed_delivery
1666322707,2976,state_change,AVAILABLE,completed_delivery
1666322707,4180,state_change,AVAILABLE,completed_delivery
1666322707,2884,state_change,AVAILABLE,completed_delivery
1666322707,1529,state_change,AVAILABLE,completed_delivery
1666322707,2155,state_change,AVAILABLE,completed_delivery
1666322707,3966,state_change,AVAILABLE,completed_delivery
1666322707,2678,state_change,AVAILABLE,completed_delivery
1666322707,253,state_change,AVAILABLE,completed_delivery
1666322707,170,state_change,AVAILABLE,completed_delivery
1666322707,1254,state_change,AVAILABLE,completed_delivery
1666322707,3711,state_change,AVAILABLE,completed_delivery
1666322707,3206,state_change,AVAILABLE,completed_delivery
1666322707,2960,state_change,AVAILABLE,completed_delivery
1666322707,1061,state_change,AVAILABLE,completed_delivery
1666322707,559,state_change,AVAILABLE,completed_delivery
1666322707,4626,state_change,AVAILABLE,completed_delivery
1666322707,2053,state_change,AVAILABLE,completed_delivery
1666322707,4031,state_change,AVAILABLE,completed_delivery
1666322707,3233,state_change,AVAILABLE,completed_delivery
1666322707,296,state_change,AVAILABLE,completed_delivery
1666322707,2311,state_change,AVAILABLE,completed_delivery
1666322707,2653,state_change,AVAILABLE,completed_delivery
1666322707,1441,state_change,AVAILABLE,completed_delivery
1666322707,1056,state_change,AVAILABLE,completed_delivery
1666322707,394,state_change,AVAILABLE,completed_delivery
1666322707,1079,state_change,AVAILABLE,completed_delivery
1666322707,2063,state_change,AVAILABLE,completed_delivery
1666322707,1876,state_change,AVAILABLE,completed_delivery
1666322707,1228,state_change,AVAILABLE,completed_delivery
1666322707,1266,state_change,AVAILABLE,completed_delivery
1666322707,2,state_change,AVAILABLE,completed_delivery
1666322707,2495,state_change,AVAILABLE,completed_delivery
1666322707,118,state_change,AVAILABLE,completed_delivery
1666322707,3238,state_change,AVAILABLE,completed_delivery
1666322707,1632,state_change,AVAILABLE,completed_delivery
1666322707,387,state_change,AVAILABLE,completed_delivery
1666322707,1684,state_change,AVAILABLE,completed_delivery
1666322707,830,state_change,AVAILABLE,completed_delivery
1666322707,2696,state_change,AVAILABLE,completed_delivery
1666322707,1781,state_change,AVAILABLE,completed_delivery
1666322707,2312,state_change,AVAILABLE,completed_delivery
1666322707,1204,state_change,AVAILABLE,completed_delivery
1666322707,4280,state_change,AVAILABLE,completed_delivery
1666322707,2992,state_change,AVAILABLE,completed_delivery
1666322707,2877,state_change,AVAILABLE,completed_delivery
1666322707,2964,state_change,AVAILABLE,completed_delivery
1666322707,4029,state_change,AVAILABLE,completed_delivery
1666322707,1559,state_change,AVAILABLE,completed_delivery
1666322707,2899,state_change,AVAILABLE,completed_delivery
1666322707,95,state_change,AVAILABLE,completed_delivery
1666322707,4899,state_change,AVAILABLE,completed_delivery
1666322707,1236,state_change,AVAILABLE,completed_delivery
1666322707,1468,state_change,AVAILABLE,completed_delivery
1666322707,972,state_change,AVAILABLE,completed_delivery
1666322707,494,state_change,AVAILABLE,completed_delivery
1666322707,2165,state_change,AVAILABLE,completed_delivery
1666322707,422,state_change,AVAILABLE,completed_delivery
1666322707,2569,state_change,AVAILABLE,completed_delivery
1666322707,2206,state_change,AVAILABLE,completed_delivery
1666322707,2735,state_change,AVAILABLE,completed_delivery
1666322707,3660,state_change,AVAILABLE,completed_delivery
1666322707,407,state_change,AVAILABLE,completed_delivery
1666322707,2786,state_change,AVAILABLE,completed_delivery
1666322707,817,state_change,AVAILABLE,completed_delivery
1666322707,2939,state_change,AVAILABLE,completed_delivery
1666322707,1719,state_change,AVAILABLE,completed_delivery
1666322707,1530,state_change,AVAILABLE,completed_delivery
1666322707,593,state_change,AVAILABLE,completed_delivery
1666322707,3522,state_change,AVAILABLE,completed_delivery
1666322707,91,state_change,AVAILABLE,completed_delivery
1666322707,1150,state_change,AVAILABLE,completed_delivery
1666322707,4170,state_change,AVAILABLE,completed_delivery
1666322707,703,state_change,AVAILABLE,completed_delivery
1666322707,1581,state_change,AVAILABLE,completed_delivery
1666322707,2172,state_change,AVAILABLE,completed_delivery
1666322707,83,state_change,AVAILABLE,completed_delivery
1666322707,795,state_change,AVAILABLE,completed_delivery
1666322707,1419,state_change,AVAILABLE,completed_delivery
1666322707,996,state_change,AVAILABLE,completed_delivery
1666322707,2522,state_change,AVAILABLE,completed_delivery
1666322707,1602,state_change,AVAILABLE,completed_delivery
1666322707,2900,state_change,AVAILABLE,completed_delivery
1666322707,3942,state_change,AVAILABLE,completed_delivery
1666322707,1795,state_change,AVAILABLE,completed_delivery
1666322707,3283,state_change,AVAILABLE,completed_delivery
1666322707,266,state_change,AVAILABLE,completed_delivery
1666322707,3716,state_change,AVAILABLE,completed_delivery
1666322707,1777,state_change,AVAILABLE,completed_delivery
1666322707,3160,state_change,AVAILABLE,completed_delivery
1666322707,76,state_change,AVAILABLE,completed_delivery
1666322707,1298,state_change,AVAILABLE,completed_delivery
1666322707,165,state_change,AVAILABLE,completed_delivery
1666322707,1376,state_change,AVAILABLE,completed_delivery
1666322707,4429,state_change,AVAILABLE,completed_delivery
1666322707,2507,state_change,AVAILABLE,completed_delivery
1666322707,1358,state_change,AVAILABLE,completed_delivery
1666322707,1169,state_change,AVAILABLE,completed_delivery
1666322707,3859,state_change,AVAILABLE,completed_delivery
1666322707,3554,state_change,AVAILABLE,completed_delivery
1666322707,1096,state_change,AVAILABLE,completed_delivery
1666322707,1142,state_change,AVAILABLE,completed_delivery
1666322707,2785,state_change,AVAILABLE,completed_delivery
1666322707,1696,state_change,AVAILABLE,completed_delivery
1666322707,2621,state_change,AVAILABLE,completed_delivery
1666322707,365,state_change,AVAILABLE,completed_delivery
1666322707,1232,state_change,AVAILABLE,completed_delivery
1666322707,4207,state_change,AVAILABLE,completed_delivery
1666322707,1622,state_change,AVAILABLE,completed_delivery
1666322707,2183,state_change,AVAILABLE,completed_delivery
1666322707,565,state_change,AVAILABLE,completed_delivery
1666322707,2938,state_change,AVAILABLE,completed_delivery
1666322707,584,state_change,AVAILABLE,completed_delivery
1666322707,115,state_change,AVAILABLE,completed_delivery
1666322707,498,state_change,AVAILABLE,completed_delivery
1666322707,1246,state_change,AVAILABLE,completed_delivery
1666322707,623,state_change,AVAILABLE,completed_delivery
1666322707,3313,state_change,AVAILABLE,completed_delivery
1666322707,1788,state_change,AVAILABLE,completed_delivery
1666322707,3476,state_change,AVAILABLE,completed_delivery
1666322707,1473,state_change,AVAILABLE,completed_delivery
1666322707,1229,state_change,AVAILABLE,completed_delivery
1666322707,3517,state_change,AVAILABLE,completed_delivery
1666322707,3694,state_change,AVAILABLE,completed_delivery
1666322707,2566,state_change,AVAILABLE,completed_delivery
1666322707,3533,state_change,AVAILABLE,completed_delivery
1666322707,971,state_change,AVAILABLE,completed_delivery
1666322707,1319,state_change,AVAILABLE,completed_delivery
1666322707,2009,state_change,AVAILABLE,completed_delivery
1666322707,1085,state_change,AVAILABLE,completed_delivery
1666322707,1932,state_change,AVAILABLE,completed_delivery
1666322707,4410,state_change,AVAILABLE,completed_delivery
1666322707,2996,state_change,AVAILABLE,completed_delivery
1666322707,1191,state_change,AVAILABLE,completed_delivery
1666322707,791,state_change,AVAILABLE,completed_delivery
1666322707,1354,state_change,AVAILABLE,completed_delivery
1666322707,220,state_change,AVAILABLE,completed_delivery
1666322707,1049,state_change,AVAILABLE,completed_delivery
1666322707,1705,state_change,AVAILABLE,completed_delivery
1666322707,699,state_change,AVAILABLE,completed_delivery
1666322707,34,state_change,AVAILABLE,completed_delivery
1666322707,750,state_change,AVAILABLE,completed_delivery
1666322707,2547,state_change,AVAILABLE,completed_delivery
1666322707,2531,state_change,AVAILABLE,completed_delivery
1666322707,1489,state_change,AVAILABLE,completed_delivery
1666322707,2922,state_change,AVAILABLE,completed_delivery
1666322707,2142,state_change,AVAILABLE,completed_delivery
1666322707,324,state_change,AVAILABLE,completed_delivery
1666322707,2173,state_change,AVAILABLE,completed_delivery
1666322707,2473,state_change,AVAILABLE,completed_delivery
1666322707,2204,state_change,AVAILABLE,completed_delivery
1666322707,533,state_change,AVAILABLE,completed_delivery
1666322707,1519,state_change,AVAILABLE,completed_delivery
1666322707,4759,state_change,AVAILABLE,completed_delivery
1666322707,831,state_change,AVAILABLE,completed_delivery
1666322707,1695,state_change,AVAILABLE,completed_delivery
1666322707,608,state_change,AVAILABLE,completed_delivery
1666322707,1239,state_change,AVAILABLE,completed_delivery
1666322707,897,state_change,AVAILABLE,completed_delivery
1666322707,1435,state_change,AVAILABLE,completed_delivery
1666322707,2487,state_change,AVAILABLE,completed_delivery
1666322707,2741,state_change,AVAILABLE,completed_delivery
1666322707,155,state_change,AVAILABLE,completed_delivery
1666322707,960,state_change,AVAILABLE,completed_delivery
1666322707,361,state_change,AVAILABLE,completed_delivery
1666322707,1523,state_change,AVAILABLE,completed_delivery
1666322707,23,state_change,AVAILABLE,completed_delivery
1666322707,3549,state_change,AVAILABLE,completed_delivery
1666322707,3055,state_change,AVAILABLE,completed_delivery
1666322707,2381,state_change,AVAILABLE,completed_delivery
1666322707,2025,state_change,AVAILABLE,completed_delivery
1666322707,241,state_change,AVAILABLE,completed_delivery
1666322707,3284,state_change,AVAILABLE,completed_delivery
1666322707,1132,state_change,AVAILABLE,completed_delivery
1666322707,1338,state_change,AVAILABLE,completed_delivery
1666322707,2833,state_change,AVAILABLE,completed_delivery
1666322707,592,state_change,AVAILABLE,completed_delivery
1666322707,2185,state_change,AVAILABLE,completed_delivery
1666322707,128,state_change,AVAILABLE,completed_delivery
1666322707,169,state_change,AVAILABLE,completed_delivery
1666322707,3118,state_change,AVAILABLE,completed_delivery
1666322707,435,state_change,AVAILABLE,completed_delivery
1666322707,2929,state_change,AVAILABLE,completed_delivery
1666322707,1450,state_change,AVAILABLE,completed_delivery
1666322707,803,state_change,AVAILABLE,completed_delivery
1666322707,1550,state_change,AVAILABLE,completed_delivery
1666322707,1018,state_change,AVAILABLE,completed_delivery
1666322707,3006,state_change,AVAILABLE,completed_delivery
1666322707,3714,state_change,AVAILABLE,completed_delivery
1666322707,639,state_change,AVAILABLE,completed_delivery
1666322707,3348,state_change,AVAILABLE,completed_delivery
1666322707,1614,state_change,AVAILABLE,completed_delivery
1666322707,840,state_change,AVAILABLE,completed_delivery
1666322707,27,state_change,AVAILABLE,completed_delivery
1666322707,2341,state_change,AVAILABLE,completed_delivery
1666322707,3826,state_change,AVAILABLE,completed_delivery
1666322707,4133,state_change,AVAILABLE,completed_delivery
1666322707,4651,state_change,AVAILABLE,completed_delivery
1666322707,4220,state_change,AVAILABLE,completed_delivery
1666322707,3498,state_change,AVAILABLE,completed_delivery
1666322707,4406,state_change,AVAILABLE,completed_delivery
1666322707,3642,state_change,AVAILABLE,completed_delivery
1666322707,613,state_change,AVAILABLE,completed_delivery
1666322707,3330,state_change,AVAILABLE,completed_delivery
1666322707,2068,state_change,AVAILABLE,completed_delivery
1666322707,4731,state_change,AVAILABLE,completed_delivery
1666322707,2788,state_change,AVAILABLE,completed_delivery
1666322707,4932,state_change,AVAILABLE,completed_delivery
1666322707,1772,state_change,AVAILABLE,completed_delivery
1666322707,833,state_change,BUSY,assigned_order
1666322707,2897,state_change,BUSY,assigned_order
1666322707,2841,state_change,BUSY,assigned_order
1666322707,482,state_change,BUSY,assigned_order
1666322707,2690,state_change,BUSY,assigned_order
1666322707,581,state_change,BUSY,assigned_order
1666322707,2635,state_change,BUSY,assigned_order
1666322707,1638,state_change,BUSY,assigned_order
1666322707,3874,state_change,BUSY,assigned_order
1666322707,3835,state_change,BUSY,assigned_order
1666322707,2884,state_change,BUSY,assigned_order
1666322707,798,state_change,BUSY,assigned_order
1666322707,513,state_change,BUSY,assigned_order
1666322707,3517,state_change,BUSY,assigned_order
1666322707,2135,state_change,BUSY,assigned_order
1666322707,263,state_change,BUSY,assigned_order
1666322707,167,state_change,BUSY,assigned_order
1666322707,19,state_change,BUSY,assigned_order
1666322707,1649,state_change,BUSY,assigned_order
1666322707,1556,state_change,BUSY,assigned_order
1666322707,731,state_change,BUSY,assigned_order
1666322707,3104,state_change,BUSY,assigned_order
1666322707,1218,state_change,BUSY,assigned_order
1666322707,2684,state_change,BUSY,assigned_order
1666322707,2659,state_change,BUSY,assigned_order
1666322707,951,state_change,BUSY,assigned_order
1666322707,4866,state_change,BUSY,assigned_order
1666322707,604,state_change,BUSY,assigned_order
1666322707,736,state_change,BUSY,assigned_order
1666322707,253,state_change,BUSY,assigned_order
1666322707,1514,state_change,BUSY,assigned_order
1666322707,1603,state_change,BUSY,assigned_order
1666322707,88,state_change,BUSY,assigned_order
1666322707,509,state_change,BUSY,assigned_order
1666322707,3251,state_change,BUSY,assigned_order
1666322707,3151,state_change,BUSY,assigned_order
1666322707,1729,state_change,BUSY,assigned_order
1666322707,175,state_change,BUSY,assigned_order
1666322707,3730,state_change,BUSY,assigned_order
1666322707,4484,state_change,BUSY,assigned_order
1666322707,2794,state_change,BUSY,assigned_order
1666322707,2473,state_change,BUSY,assigned_order
1666322707,896,state_change,BUSY,assigned_order
1666322707,2332,state_change,BUSY,assigned_order
1666322707,2424,state_change,BUSY,assigned_order
1666322707,2098,state_change,BUSY,assigned_order
1666322707,3804,state_change,BUSY,assigned_order
1666322707,4178,state_change,BUSY,assigned_order
1666322707,215,state_change,BUSY,assigned_order
1666322707,3625,state_change,BUSY,assigned_order
1666322707,566,state_change,BUSY,assigned_order
1666322707,2779,state_change,BUSY,assigned_order
1666322707,2929,state_change,BUSY,assigned_order
1666322707,840,state_change,BUSY,assigned_order
1666322707,2059,state_change,BUSY,assigned_order
1666322707,2117,state_change,BUSY,assigned_order
1666322707,1788,state_change,BUSY,assigned_order
1666322707,2787,state_change,BUSY,assigned_order
1666322707,3436,state_change,BUSY,assigned_order
1666322707,1212,state_change,BUSY,assigned_order
1666322707,973,state_change,BUSY,assigned_order
1666322707,522,state_change,BUSY,assigned_order
1666322707,2343,state_change,BUSY,assigned_order
1666322707,1728,state_change,BUSY,assigned_order
1666322707,155,state_change,BUSY,assigned_order
1666322707,651,state_change,BUSY,assigned_order
1666322707,1690,state_change,BUSY,assigned_order
1666322707,803,state_change,BUSY,assigned_order
1666322707,1552,state_change,BUSY,assigned_order
1666322707,208,state_change,BUSY,assigned_order
1666322707,1396,state_change,BUSY,assigned_order
1666322707,23,state_change,BUSY,assigned_order
1666322707,2025,state_change,BUSY,assigned_order
1666322707,4212,state_change,BUSY,assigned_order
1666322707,2260,state_change,BUSY,assigned_order
1666322707,2172,state_change,BUSY,assigned_order
1666322707,489,state_change,BUSY,assigned_order
1666322707,4216,state_change,BUSY,assigned_order
1666322707,583,state_change,BUSY,assigned_order
1666322707,4155,state_change,BUSY,assigned_order
1666322707,1540,state_change,BUSY,assigned_order
1666322707,171,state_change,BUSY,assigned_order
1666322707,1663,state_change,BUSY,assigned_order
1666322707,122,state_change,BUSY,assigned_order
1666322707,685,state_change,BUSY,assigned_order
1666322707,243,state_change,BUSY,assigned_order
1666322707,931,state_change,BUSY,assigned_order
1666322707,3241,state_change,BUSY,assigned_order
1666322707,620,state_change,BUSY,assigned_order
1666322707,3094,state_change,BUSY,assigned_order
1666322707,1626,state_change,BUSY,assigned_order
1666322707,180,state_change,BUSY,assigned_order
1666322707,319,state_change,BUSY,assigned_order
1666322707,146,state_change,BUSY,assigned_order
1666322707,99,state_change,BUSY,assigned_order
1666322707,3440,state_change,BUSY,assigned_order
1666322707,25,state_change,BUSY,assigned_order
1666322707,2981,state_change,BUSY,assigned_order
1666322707,1306,state_change,BUSY,assigned_order
1666322707,637,state_change,BUSY,assigned_order
1666322707,3084,state_change,BUSY,assigned_order
1666322707,2121,state_change,BUSY,assigned_order
1666322707,4020,state_change,BUSY,assigned_order
1666322707,2660,state_change,BUSY,assigned_order
1666322707,2931,state_change,BUSY,assigned_order
1666322707,791,state_change,BUSY,assigned_order
1666322707,582,state_change,BUSY,assigned_order
1666322707,3215,state_change,BUSY,assigned_order
1666322707,1919,state_change,BUSY,assigned_order
1666322707,2285,state_change,BUSY,assigned_order
1666322707,2162,state_change,BUSY,assigned_order
1666322707,1302,state_change,BUSY,assigned_order
1666322707,915,state_change,BUSY,assigned_order
1666322707,763,state_change,BUSY,assigned_order
1666322707,2182,state_change,BUSY,assigned_order
1666322707,4308,state_change,BUSY,assigned_order
1666322707,3203,state_change,BUSY,assigned_order
1666322707,1529,state_change,BUSY,assigned_order
1666322707,218,state_change,BUSY,assigned_order
1666322707,3010,state_change,BUSY,assigned_order
1666322707,2696,state_change,BUSY,assigned_order
1666322707,4254,state_change,BUSY,assigned_order
1666322707,1142,state_change,BUSY,assigned_order
1666322707,3178,state_change,BUSY,assigned_order
1666322707,1494,state_change,BUSY,assigned_order
1666322707,3271,state_change,BUSY,assigned_order
1666322707,3397,state_change,BUSY,assigned_order
1666322707,414,state_change,BUSY,assigned_order
1666322827,1671,state_change,BUSY,assigned_order
1666322827,4087,state_change,BUSY,assigned_order
1666322827,2075,state_change,BUSY,assigned_order
1666322827,1008,state_change,BUSY,assigned_order
1666322827,1338,state_change,BUSY,assigned_order
1666322827,3870,state_change,BUSY,assigned_order
1666322827,3248,state_change,BUSY,assigned_order
1666322827,4481,state_change,BUSY,assigned_order
1666322827,1069,state_change,BUSY,assigned_order
1666322827,1368,state_change,BUSY,assigned_order
1666322827,4634,state_change,BUSY,assigned_order
1666322827,1229,state_change,BUSY,assigned_order
1666322827,132,state_change,BUSY,assigned_order
1666322827,2497,state_change,BUSY,assigned_order
1666322827,3284,state_change,BUSY,assigned_order
1666322827,41,state_change,BUSY,assigned_order
1666322827,2615,state_change,BUSY,assigned_order
1666322827,2870,state_change,BUSY,assigned_order
1666322827,629,state_change,BUSY,assigned_order
1666322827,711,state_change,BUSY,assigned_order
1666322827,1319,state_change,BUSY,assigned_order
1666322827,317,state_change,BUSY,assigned_order
1666322827,2120,state_change,BUSY,assigned_order
1666322827,4595,state_change,BUSY,assigned_order
1666322827,3030,state_change,BUSY,assigned_order
1666322827,1061,state_change,BUSY,assigned_order
1666322827,3554,state_change,BUSY,assigned_order
1666322827,1903,state_change,BUSY,assigned_order
1666322827,1063,state_change,BUSY,assigned_order
1666322827,4651,state_change,BUSY,assigned_order
1666322827,4200,state_change,BUSY,assigned_order
1666322827,186,state_change,BUSY,assigned_order
1666322827,1070,state_change,BUSY,assigned_order
1666322827,225,state_change,BUSY,assigned_order
1666322827,124,state_change,BUSY,assigned_order
1666322827,2309,state_change,BUSY,assigned_order
1666322827,3223,state_change,BUSY,assigned_order
1666322827,2679,state_change,BUSY,assigned_order
1666322827,1563,state_change,BUSY,assigned_order
1666322827,2969,state_change,BUSY,assigned_order
1666322827,3298,state_change,BUSY,assigned_order
1666322827,3634,state_change,BUSY,assigned_order
1666322827,2037,state_change,BUSY,assigned_order
1666322827,2322,state_change,BUSY,assigned_order
1666322827,982,state_change,BUSY,assigned_order
1666322827,1104,state_change,BUSY,assigned_order
1666322827,1064,state_change,BUSY,assigned_order
1666322827,1587,state_change,BUSY,assigned_order
1666322827,2361,state_change,BUSY,assigned_order
1666322827,3171,state_change,BUSY,assigned_order
1666322827,1507,state_change,BUSY,assigned_order
1666322827,1345,state_change,BUSY,assigned_order
1666322827,1372,state_change,BUSY,assigned_order
1666322827,1139,state_change,BUSY,assigned_order
1666322827,1450,state_change,BUSY,assigned_order
1666322827,3658,state_change,BUSY,assigned_order
1666322827,1154,state_change,BUSY,assigned_order
1666322827,112,state_change,BUSY,assigned_order
1666322827,3058,state_change,BUSY,assigned_order
1666322827,818,state_change,BUSY,assigned_order
1666322827,618,state_change,BUSY,assigned_order
1666322827,1208,state_change,BUSY,assigned_order
1666322827,17,state_change,BUSY,assigned_order
1666322827,2833,state_change,BUSY,assigned_order
1666322827,418,state_change,BUSY,assigned_order
1666322827,1132,state_change,BUSY,assigned_order
1666322827,853,state_change,BUSY,assigned_order
1666322827,1957,state_change,BUSY,assigned_order
1666322827,3080,state_change,BUSY,assigned_order
1666322827,959,state_change,BUSY,assigned_order
1666322827,3069,state_change,BUSY,assigned_order
1666322827,4413,state_change,BUSY,assigned_order
1666322827,446,state_change,BUSY,assigned_order
1666322827,2338,state_change,BUSY,assigned_order
1666322827,817,state_change,BUSY,assigned_order
1666322827,3511,state_change,BUSY,assigned_order
1666322827,554,state_change,BUSY,assigned_order
1666322827,1687,state_change,BUSY,assigned_order
1666322827,2650,state_change,BUSY,assigned_order
1666322827,2283,state_change,BUSY,assigned_order
1666322827,1263,state_change,BUSY,assigned_order
1666322827,3975,state_change,BUSY,assigned_order
1666322827,5,state_change,BUSY,assigned_order
1666322827,3921,state_change,BUSY,assigned_order
1666322827,2448,state_change,BUSY,assigned_order
1666322827,364,state_change,BUSY,assigned_order
1666322827,299,state_change,BUSY,assigned_order
1666322827,3982,state_change,BUSY,assigned_order
1666322827,238,state_change,BUSY,assigned_order
1666322827,932,state_change,BUSY,assigned_order
1666322827,2457,state_change,BUSY,assigned_order
1666322827,2558,state_change,BUSY,assigned_order
1666322827,2321,state_change,BUSY,assigned_order
1666322827,278,state_change,BUSY,assigned_order
1666322827,3966,state_change,BUSY,assigned_order
1666322827,1049,state_change,BUSY,assigned_order
1666322827,262,state_change,BUSY,assigned_order
1666322827,1191,state_change,BUSY,assigned_order
1666322827,1383,state_change,BUSY,assigned_order
1666322827,2569,state_change,BUSY,assigned_order
1666322827,971,state_change,BUSY,assigned_order
1666322827,2653,state_change,BUSY,assigned_order
1666322827,2165,state_change,BUSY,assigned_order
1666322827,2979,state_change,BUSY,assigned_order
1666322827,47,state_change,BUSY,assigned_order
1666322827,3425,state_change,BUSY,assigned_order
1666322827,1133,state_change,BUSY,assigned_order
1666322827,1950,state_change,BUSY,assigned_order
1666322827,591,state_change,BUSY,assigned_order
1666322827,2210,state_change,BUSY,assigned_order
1666322827,1740,state_change,BUSY,assigned_order
1666322827,2043,state_change,BUSY,assigned_order
1666322827,4258,state_change,BUSY,assigned_order
1666322827,1561,state_change,BUSY,assigned_order
1666322827,35,state_change,BUSY,assigned_order
1666322827,2066,state_change,BUSY,assigned_order
1666322827,287,state_change,BUSY,assigned_order
1666322827,3967,state_change,BUSY,assigned_order
1666322827,498,state_change,BUSY,assigned_order
1666322827,1828,state_change,BUSY,assigned_order
1666322827,564,state_change,BUSY,assigned_order
1666322827,3694,state_change,BUSY,assigned_order
1666322827,1220,state_change,BUSY,assigned_order
1666322827,4311,state_change,BUSY,assigned_order
1666322827,2127,state_change,BUSY,assigned_order
1666322827,848,state_change,BUSY,assigned_order
1666322827,862,state_change,BUSY,assigned_order
1666322827,493,state_change,BUSY,assigned_order
1666323007,1601,state_change,BUSY,assigned_order
1666323007,7,state_change,BUSY,assigned_order
1666323007,198,state_change,BUSY,assigned_order
1666323007,3144,state_change,BUSY,assigned_order
1666323007,2999,state_change,BUSY,assigned_order
1666323007,2570,state_change,BUSY,assigned_order
1666323007,3433,state_change,BUSY,assigned_order
1666323007,4647,state_change,BUSY,assigned_order
1666323007,2850,state_change,BUSY,assigned_order
1666323007,1792,state_change,BUSY,assigned_order
1666323007,1589,state_change,BUSY,assigned_order
1666323007,447,state_change,BUSY,assigned_order
1666323007,120,state_change,BUSY,assigned_order
1666323007,3071,state_change,BUSY,assigned_order
1666323007,963,state_change,BUSY,assigned_order
1666323007,1511,state_change,BUSY,assigned_order
1666323007,2576,state_change,BUSY,assigned_order
1666323007,3859,state_change,BUSY,assigned_order
1666323007,3409,state_change,BUSY,assigned_order
1666323007,891,state_change,BUSY,assigned_order
1666323007,3434,state_change,BUSY,assigned_order
1666323007,2428,state_change,BUSY,assigned_order
1666323007,2963,state_change,BUSY,assigned_order
1666323007,802,state_change,BUSY,assigned_order
1666323007,219,state_change,BUSY,assigned_order
1666323007,2118,state_change,BUSY,assigned_order
1666323007,3040,state_change,BUSY,assigned_order
1666323007,2132,state_change,BUSY,assigned_order
1666323007,499,state_change,BUSY,assigned_order
1666323007,3139,state_change,BUSY,assigned_order
1666323007,624,state_change,BUSY,assigned_order
1666323007,4023,state_change,BUSY,assigned_order
1666323007,2820,state_change,BUSY,assigned_order
1666323007,2069,state_change,BUSY,assigned_order
1666323007,2176,state_change,BUSY,assigned_order
1666323007,831,state_change,BUSY,assigned_order
1666323007,1296,state_change,BUSY,assigned_order
1666323007,515,state_change,BUSY,assigned_order
1666323007,1027,state_change,BUSY,assigned_order
1666323007,1288,state_change,BUSY,assigned_order
1666323007,119,state_change,BUSY,assigned_order
1666323007,740,state_change,BUSY,assigned_order
1666323007,430,state_change,BUSY,assigned_order
1666323007,2987,state_change,BUSY,assigned_order
1666323007,2447,state_change,BUSY,assigned_order
1666323007,1623,state_change,BUSY,assigned_order
1666323007,2694,state_change,BUSY,assigned_order
1666323007,1599,state_change,BUSY,assigned_order
1666323007,1963,state_change,BUSY,assigned_order
1666323007,1376,state_change,BUSY,assigned_order
1666323007,1838,state_change,BUSY,assigned_order
1666323007,1949,state_change,BUSY,assigned_order
1666323007,3016,state_change,BUSY,assigned_order
1666323007,64,state_change,BUSY,assigned_order
1666323007,15,state_change,BUSY,assigned_order
1666323007,1501,state_change,BUSY,assigned_order
1666323007,2471,state_change,BUSY,assigned_order
1666323007,646,state_change,BUSY,assigned_order
1666323007,2248,state_change,BUSY,assigned_order
1666323007,1680,state_change,BUSY,assigned_order
1666323007,3955,state_change,BUSY,assigned_order
1666323007,2500,state_change,BUSY,assigned_order
1666323007,1837,state_change,BUSY,assigned_order
1666323007,3595,state_change,BUSY,assigned_order
1666323007,1342,state_change,BUSY,assigned_order
1666323007,2409,state_change,BUSY,assigned_order
1666323007,2797,state_change,BUSY,assigned_order
1666323007,4410,state_change,BUSY,assigned_order
1666323007,2365,state_change,BUSY,assigned_order
1666323007,536,state_change,BUSY,assigned_order
1666323007,741,state_change,BUSY,assigned_order
1666323007,370,state_change,BUSY,assigned_order
1666323007,85,state_change,BUSY,assigned_order
1666323007,169,state_change,BUSY,assigned_order
1666323007,3205,state_change,BUSY,assigned_order
1666323007,1970,state_change,BUSY,assigned_order
1666323007,2809,state_change,BUSY,assigned_order
1666323007,4007,state_change,BUSY,assigned_order
1666323007,227,state_change,BUSY,assigned_order
1666323007,699,state_change,BUSY,assigned_order
1666323007,1422,state_change,BUSY,assigned_order
1666323007,1358,state_change,BUSY,assigned_order
1666323007,4053,state_change,BUSY,assigned_order
1666323007,98,state_change,BUSY,assigned_order
1666323007,1353,state_change,BUSY,assigned_order
1666323007,4054,state_change,BUSY,assigned_order
1666323007,2090,state_change,BUSY,assigned_order
1666323007,3176,state_change,BUSY,assigned_order
1666323007,2052,state_change,BUSY,assigned_order
1666323007,2980,state_change,BUSY,assigned_order
1666323007,4368,state_change,BUSY,assigned_order
1666323007,3807,state_change,BUSY,assigned_order
1666323007,192,state_change,BUSY,assigned_order
1666323007,782,state_change,BUSY,assigned_order
1666323007,1605,state_change,BUSY,assigned_order
1666323007,2776,state_change,BUSY,assigned_order
1666323007,1546,state_change,BUSY,assigned_order
1666323007,375,state_change,BUSY,assigned_order
1666323007,1260,state_change,BUSY,assigned_order
1666323007,121,state_change,BUSY,assigned_order
1666323007,3055,state_change,BUSY,assigned_order
1666323007,3278,state_change,BUSY,assigned_order
1666323007,779,state_change,BUSY,assigned_order
1666323007,4242,state_change,BUSY,assigned_order
1666323007,2073,state_change,BUSY,assigned_order
1666323007,458,state_change,BUSY,assigned_order
1666323007,3924,state_change,BUSY,assigned_order
1666323007,361,state_change,BUSY,assigned_order
1666323007,1581,state_change,BUSY,assigned_order
1666323007,26,state_change,BUSY,assigned_order
1666323007,2042,state_change,BUSY,assigned_order
1666323007,2579,state_change,BUSY,assigned_order
1666323007,814,state_change,BUSY,assigned_order
1666323007,2566,state_change,BUSY,assigned_order
1666323007,4183,state_change,BUSY,assigned_order
1666323007,3385,state_change,BUSY,assigned_order
1666323007,2032,state_change,BUSY,assigned_order
1666323007,1706,state_change,BUSY,assigned_order
1666323007,3682,state_change,BUSY,assigned_order
1666409110,3248,state_change,AVAILABLE,completed_delivery
1666409110,4183,state_change,AVAILABLE,completed_delivery
1666409110,1556,state_change,AVAILABLE,completed_delivery
1666409110,3434,state_change,AVAILABLE,completed_delivery
1666409110,2182,state_change,AVAILABLE,completed_delivery
1666409110,2118,state_change,AVAILABLE,completed_delivery
1666409110,2117,state_change,AVAILABLE,completed_delivery
1666409110,1950,state_change,AVAILABLE,completed_delivery
1666409110,418,state_change,AVAILABLE,completed_delivery
1666409110,1220,state_change,AVAILABLE,completed_delivery
1666409110,319,state_change,AVAILABLE,completed_delivery
1666409110,99,state_change,AVAILABLE,completed_delivery
1666409110,2365,state_change,AVAILABLE,completed_delivery
1666409110,711,state_change,AVAILABLE,completed_delivery
1666409110,1728,state_change,AVAILABLE,completed_delivery
1666409110,618,state_change,AVAILABLE,completed_delivery
1666409110,2409,state_change,AVAILABLE,completed_delivery
1666409110,2870,state_change,AVAILABLE,completed_delivery
1666409110,2309,state_change,AVAILABLE,completed_delivery
1666409110,1626,state_change,AVAILABLE,completed_delivery
1666409110,4311,state_change,AVAILABLE,completed_delivery
1666409110,122,state_change,AVAILABLE,completed_delivery
1666409110,227,state_change,AVAILABLE,completed_delivery
1666409110,64,state_change,AVAILABLE,completed_delivery
1666409110,4413,state_change,AVAILABLE,completed_delivery
1666409110,1263,state_change,AVAILABLE,completed_delivery
1666409110,3874,state_change,AVAILABLE,completed_delivery
1666409110,2694,state_change,AVAILABLE,completed_delivery
1666409110,364,state_change,AVAILABLE,completed_delivery
1666409110,1589,state_change,AVAILABLE,completed_delivery
1666409110,219,state_change,AVAILABLE,completed_delivery
1666409110,225,state_change,AVAILABLE,completed_delivery
1666409110,1552,state_change,AVAILABLE,completed_delivery
1666409110,973,state_change,AVAILABLE,completed_delivery
1666409110,119,state_change,AVAILABLE,completed_delivery
1666409110,1501,state_change,AVAILABLE,completed_delivery
1666409110,124,state_change,AVAILABLE,completed_delivery
1666409110,932,state_change,AVAILABLE,completed_delivery
1666409110,180,state_change,AVAILABLE,completed_delivery
1666409110,637,state_change,AVAILABLE,completed_delivery
1666409110,2283,state_change,AVAILABLE,completed_delivery
1666409110,2576,state_change,AVAILABLE,completed_delivery
1666409110,1353,state_change,AVAILABLE,completed_delivery
1666409110,2090,state_change,AVAILABLE,completed_delivery
1666409110,1957,state_change,AVAILABLE,completed_delivery
1666409110,566,state_change,AVAILABLE,completed_delivery
1666409110,1838,state_change,AVAILABLE,completed_delivery
1666409110,3595,state_change,AVAILABLE,completed_delivery
1666409110,2332,state_change,AVAILABLE,completed_delivery
1666409110,591,state_change,AVAILABLE,completed_delivery
1666409110,3835,state_change,AVAILABLE,completed_delivery
1666409110,4087,state_change,AVAILABLE,completed_delivery
1666409110,1027,state_change,AVAILABLE,completed_delivery
1666409110,121,state_change,AVAILABLE,completed_delivery
1666409110,963,state_change,AVAILABLE,completed_delivery
1666409110,3433,state_change,AVAILABLE,completed_delivery
1666409110,2841,state_change,AVAILABLE,completed_delivery
1666409110,951,state_change,AVAILABLE,completed_delivery
1666409110,2447,state_change,AVAILABLE,completed_delivery
1666409110,7,state_change,AVAILABLE,completed_delivery
1666409110,3241,state_change,AVAILABLE,completed_delivery
1666409110,2987,state_change,AVAILABLE,completed_delivery
1666409110,1372,state_change,AVAILABLE,completed_delivery
1666409110,2338,state_change,AVAILABLE,completed_delivery
1666409110,2779,state_change,AVAILABLE,completed_delivery
1666409110,3921,state_change,AVAILABLE,completed_delivery
1666409110,731,state_change,AVAILABLE,completed_delivery
1666409110,2059,state_change,AVAILABLE,completed_delivery
1666409110,2931,state_change,AVAILABLE,completed_delivery
1666409110,3278,state_change,AVAILABLE,completed_delivery
1666409110,3967,state_change,AVAILABLE,completed_delivery
1666409110,1599,state_change,AVAILABLE,completed_delivery
1666409110,1540,state_change,AVAILABLE,completed_delivery
1666409110,2679,state_change,AVAILABLE,completed_delivery
1666409110,1008,state_change,AVAILABLE,completed_delivery
1666409110,4200,state_change,AVAILABLE,completed_delivery
1666409110,3807,state_change,AVAILABLE,completed_delivery
1666409110,35,state_change,AVAILABLE,completed_delivery
1666409110,779,state_change,AVAILABLE,completed_delivery
1666409110,2042,state_change,AVAILABLE,completed_delivery
1666409110,2073,state_change,AVAILABLE,completed_delivery
1666409110,2963,state_change,AVAILABLE,completed_delivery
1666409110,513,state_change,AVAILABLE,completed_delivery
1666409110,1603,state_change,AVAILABLE,completed_delivery
1666409110,215,state_change,AVAILABLE,completed_delivery
1666409110,171,state_change,AVAILABLE,completed_delivery
1666409110,1561,state_change,AVAILABLE,completed_delivery
1666409110,2043,state_change,AVAILABLE,completed_delivery
1666409110,3040,state_change,AVAILABLE,completed_delivery
1666409110,2684,state_change,AVAILABLE,completed_delivery
1666409110,262,state_change,AVAILABLE,completed_delivery
1666409110,1422,state_change,AVAILABLE,completed_delivery
1666409110,489,state_change,AVAILABLE,completed_delivery
1666409110,1064,state_change,AVAILABLE,completed_delivery
1666409110,2121,state_change,AVAILABLE,completed_delivery
1666409110,1671,state_change,AVAILABLE,completed_delivery
1666409110,3151,state_change,AVAILABLE,completed_delivery
1666409110,2457,state_change,AVAILABLE,completed_delivery
1666409110,1218,state_change,AVAILABLE,completed_delivery
1666409110,3397,state_change,AVAILABLE,completed_delivery
1666409110,3144,state_change,AVAILABLE,completed_delivery
1666409110,1063,state_change,AVAILABLE,completed_delivery
1666409110,798,state_change,AVAILABLE,completed_delivery
1666409110,3215,state_change,AVAILABLE,completed_delivery
1666409110,1828,state_change,AVAILABLE,completed_delivery
1666409110,1070,state_change,AVAILABLE,completed_delivery
1666409110,3658,state_change,AVAILABLE,completed_delivery
1666409110,41,state_change,AVAILABLE,completed_delivery
1666409110,4647,state_change,AVAILABLE,completed_delivery
1666409110,515,state_change,AVAILABLE,completed_delivery
1666409110,447,state_change,AVAILABLE,completed_delivery
1666409110,2850,state_change,AVAILABLE,completed_delivery
1666409110,763,state_change,AVAILABLE,completed_delivery
1666409110,833,state_change,AVAILABLE,completed_delivery
1666409110,2132,state_change,AVAILABLE,completed_delivery
1666409110,1368,state_change,AVAILABLE,completed_delivery
1666409110,2032,state_change,AVAILABLE,completed_delivery
1666409110,1680,state_change,AVAILABLE,completed_delivery
1666409110,3271,state_change,AVAILABLE,completed_delivery
1666409110,4308,state_change,AVAILABLE,completed_delivery
1666409110,15,state_change,AVAILABLE,completed_delivery
1666409110,2820,state_change,AVAILABLE,completed_delivery
1666409110,263,state_change,AVAILABLE,completed_delivery
1666409110,1342,state_change,AVAILABLE,completed_delivery
1666409110,2361,state_change,AVAILABLE,completed_delivery
1666409110,3176,state_change,AVAILABLE,completed_delivery
1666409110,4258,state_change,AVAILABLE,completed_delivery
1666409110,1069,state_change,AVAILABLE,completed_delivery
1666409110,620,state_change,AVAILABLE,completed_delivery
1666409110,4254,state_change,AVAILABLE,completed_delivery
1666409110,1514,state_change,AVAILABLE,completed_delivery
1666409110,1970,state_change,AVAILABLE,completed_delivery
1666409110,1546,state_change,AVAILABLE,completed_delivery
1666409110,3178,state_change,AVAILABLE,completed_delivery
1666409110,1605,state_change,AVAILABLE,completed_delivery
1666409110,1690,state_change,AVAILABLE,completed_delivery
1666409110,1649,state_change,AVAILABLE,completed_delivery
1666409110,2322,state_change,AVAILABLE,completed_delivery
1666409110,1623,state_change,AVAILABLE,completed_delivery
1666409110,1383,state_change,AVAILABLE,completed_delivery
1666409110,2428,state_change,AVAILABLE,completed_delivery
1666409110,3436,state_change,AVAILABLE,completed_delivery
1666409110,26,state_change,AVAILABLE,completed_delivery
1666409110,3104,state_change,AVAILABLE,completed_delivery
1666409110,1396,state_change,AVAILABLE,completed_delivery
1666409110,1154,state_change,AVAILABLE,completed_delivery
1666409110,4178,state_change,AVAILABLE,completed_delivery
1666409110,4634,state_change,AVAILABLE,completed_delivery
1666409110,581,state_change,AVAILABLE,completed_delivery
1666409110,430,state_change,AVAILABLE,completed_delivery
1666409110,1729,state_change,AVAILABLE,completed_delivery
1666409110,243,state_change,AVAILABLE,completed_delivery
1666409110,2776,state_change,AVAILABLE,completed_delivery
1666409110,802,state_change,AVAILABLE,completed_delivery
1666409110,2615,state_change,AVAILABLE,completed_delivery
1666409110,1903,state_change,AVAILABLE,completed_delivery
1666409110,4866,state_change,AVAILABLE,completed_delivery
1666409110,2135,state_change,AVAILABLE,completed_delivery
1666409110,2787,state_change,AVAILABLE,completed_delivery
1666409110,1963,state_change,AVAILABLE,completed_delivery
1666409110,1706,state_change,AVAILABLE,completed_delivery
1666409110,175,state_change,AVAILABLE,completed_delivery
1666409110,2884,state_change,AVAILABLE,completed_delivery
1666409110,1529,state_change,AVAILABLE,completed_delivery
1666409110,2659,state_change,AVAILABLE,completed_delivery
1666409110,2321,state_change,AVAILABLE,completed_delivery
1666409110,5,state_change,AVAILABLE,completed_delivery
1666409110,4053,state_change,AVAILABLE,completed_delivery
1666409110,3966,state_change,AVAILABLE,completed_delivery
1666409110,253,state_change,AVAILABLE,completed_delivery
1666409110,2120,state_change,AVAILABLE,completed_delivery
1666409110,2210,state_change,AVAILABLE,completed_delivery
1666409110,915,state_change,AVAILABLE,completed_delivery
1666409110,1061,state_change,AVAILABLE,completed_delivery
1666409110,4595,state_change,AVAILABLE,completed_delivery
1666409110,814,state_change,AVAILABLE,completed_delivery
1666409110,3223,state_change,AVAILABLE,completed_delivery
1666409110,2653,state_change,AVAILABLE,completed_delivery
1666409110,2471,state_change,AVAILABLE,completed_delivery
1666409110,2660,state_change,AVAILABLE,completed_delivery
1666409110,1587,state_change,AVAILABLE,completed_delivery
1666409110,375,state_change,AVAILABLE,completed_delivery
1666409110,2424,state_change,AVAILABLE,completed_delivery
1666409110,3080,state_change,AVAILABLE,completed_delivery
1666409110,624,state_change,AVAILABLE,completed_delivery
1666409110,736,state_change,AVAILABLE,completed_delivery
1666409110,2037,state_change,AVAILABLE,completed_delivery
1666409110,3955,state_change,AVAILABLE,completed_delivery
1666409110,3171,state_change,AVAILABLE,completed_delivery
1666409110,238,state_change,AVAILABLE,completed_delivery
1666409110,3634,state_change,AVAILABLE,completed_delivery
1666409110,1563,state_change,AVAILABLE,completed_delivery
1666409110,1133,state_change,AVAILABLE,completed_delivery
1666409110,853,state_change,AVAILABLE,completed_delivery
1666409110,2696,state_change,AVAILABLE,completed_delivery
1666409110,3975,state_change,AVAILABLE,completed_delivery
1666409110,931,state_change,AVAILABLE,completed_delivery
1666409110,3298,state_change,AVAILABLE,completed_delivery
1666409110,1601,state_change,AVAILABLE,completed_delivery
1666409110,564,state_change,AVAILABLE,completed_delivery
1666409110,2052,state_change,AVAILABLE,completed_delivery
1666409110,17,state_change,AVAILABLE,completed_delivery
1666409110,3682,state_change,AVAILABLE,completed_delivery
1666409110,891,state_change,AVAILABLE,completed_delivery
1666409110,167,state_change,AVAILABLE,completed_delivery
1666409110,4481,state_change,AVAILABLE,completed_delivery
1666409110,2176,state_change,AVAILABLE,completed_delivery
1666409110,3982,state_change,AVAILABLE,completed_delivery
1666409110,536,state_change,AVAILABLE,completed_delivery
1666409110,414,state_change,AVAILABLE,completed_delivery
1666409110,2558,state_change,AVAILABLE,completed_delivery
1666409110,4242,state_change,AVAILABLE,completed_delivery
1666409110,3730,state_change,AVAILABLE,completed_delivery
1666409110,88,state_change,AVAILABLE,completed_delivery
1666409110,3139,state_change,AVAILABLE,completed_delivery
1666409110,2165,state_change,AVAILABLE,completed_delivery
1666409110,782,state_change,AVAILABLE,completed_delivery
1666409110,2569,state_change,AVAILABLE,completed_delivery
1666409110,848,state_change,AVAILABLE,completed_delivery
1666409110,1663,state_change,AVAILABLE,completed_delivery
1666409110,47,state_change,AVAILABLE,completed_delivery
1666409110,3251,state_change,AVAILABLE,completed_delivery
1666409110,493,state_change,AVAILABLE,completed_delivery
1666409110,817,state_change,AVAILABLE,completed_delivery
1666409110,4020,state_change,AVAILABLE,completed_delivery
1666409110,2127,state_change,AVAILABLE,completed_delivery
1666409110,1296,state_change,AVAILABLE,completed_delivery
1666409110,1740,state_change,AVAILABLE,completed_delivery
1666409110,3071,state_change,AVAILABLE,completed_delivery
1666409110,4216,state_change,AVAILABLE,completed_delivery
1666409110,3385,state_change,AVAILABLE,completed_delivery
1666409110,583,state_change,AVAILABLE,completed_delivery
1666409110,2979,state_change,AVAILABLE,completed_delivery
1666409110,3625,state_change,AVAILABLE,completed_delivery
1666409110,1302,state_change,AVAILABLE,completed_delivery
1666409110,1581,state_change,AVAILABLE,completed_delivery
1666409110,2172,state_change,AVAILABLE,completed_delivery
1666409110,146,state_change,AVAILABLE,completed_delivery
1666409110,2343,state_change,AVAILABLE,completed_delivery
1666409110,1208,state_change,AVAILABLE,completed_delivery
1666409110,741,state_change,AVAILABLE,completed_delivery
1666409110,2809,state_change,AVAILABLE,completed_delivery
1666409110,1507,state_change,AVAILABLE,completed_delivery
1666409110,208,state_change,AVAILABLE,completed_delivery
1666409110,2260,state_change,AVAILABLE,completed_delivery
1666409110,522,state_change,AVAILABLE,completed_delivery
1666409110,2980,state_change,AVAILABLE,completed_delivery
1666409110,370,state_change,AVAILABLE,completed_delivery
1666409110,2162,state_change,AVAILABLE,completed_delivery
1666409110,604,state_change,AVAILABLE,completed_delivery
1666409110,2069,state_change,AVAILABLE,completed_delivery
1666409110,646,state_change,AVAILABLE,completed_delivery
1666409110,218,state_change,AVAILABLE,completed_delivery
1666409110,1376,state_change,AVAILABLE,completed_delivery
1666409110,3010,state_change,AVAILABLE,completed_delivery
1666409110,1104,state_change,AVAILABLE,completed_delivery
1666409110,112,state_change,AVAILABLE,completed_delivery
1666409110,509,state_change,AVAILABLE,completed_delivery
1666409110,959,state_change,AVAILABLE,completed_delivery
1666409110,1358,state_change,AVAILABLE,completed_delivery
1666409110,2635,state_change,AVAILABLE,completed_delivery
1666409110,85,state_change,AVAILABLE,completed_delivery
1666409110,2897,state_change,AVAILABLE,completed_delivery
1666409110,2794,state_change,AVAILABLE,completed_delivery
1666409110,3859,state_change,AVAILABLE,completed_delivery
1666409110,3554,state_change,AVAILABLE,completed_delivery
1666409110,1142,state_change,AVAILABLE,completed_delivery
1666409110,3016,state_change,AVAILABLE,completed_delivery
1666409110,3094,state_change,AVAILABLE,completed_delivery
1666409110,278,state_change,AVAILABLE,completed_delivery
1666409110,19,state_change,AVAILABLE,completed_delivery
1666409110,4007,state_change,AVAILABLE,completed_delivery
1666409110,1511,state_change,AVAILABLE,completed_delivery
1666409110,498,state_change,AVAILABLE,completed_delivery
1666409110,25,state_change,AVAILABLE,completed_delivery
1666409110,1788,state_change,AVAILABLE,completed_delivery
1666409110,1229,state_change,AVAILABLE,completed_delivery
1666409110,3517,state_change,AVAILABLE,completed_delivery
1666409110,2797,state_change,AVAILABLE,completed_delivery
1666409110,1638,state_change,AVAILABLE,completed_delivery
1666409110,3694,state_change,AVAILABLE,completed_delivery
1666409110,2566,state_change,AVAILABLE,completed_delivery
1666409110,2448,state_change,AVAILABLE,completed_delivery
1666409110,971,state_change,AVAILABLE,completed_delivery
1666409110,1319,state_change,AVAILABLE,completed_delivery
1666409110,582,state_change,AVAILABLE,completed_delivery
1666409110,4054,state_change,AVAILABLE,completed_delivery
1666409110,4410,state_change,AVAILABLE,completed_delivery
1666409110,1191,state_change,AVAILABLE,completed_delivery
1666409110,791,state_change,AVAILABLE,completed_delivery
1666409110,1494,state_change,AVAILABLE,completed_delivery
1666409110,1049,state_change,AVAILABLE,completed_delivery
1666409110,2690,state_change,AVAILABLE,completed_delivery
1666409110,192,state_change,AVAILABLE,completed_delivery
1666409110,699,state_change,AVAILABLE,completed_delivery
1666409110,3511,state_change,AVAILABLE,completed_delivery
1666409110,3030,state_change,AVAILABLE,completed_delivery
1666409110,2500,state_change,AVAILABLE,completed_delivery
1666409110,1306,state_change,AVAILABLE,completed_delivery
1666409110,3870,state_change,AVAILABLE,completed_delivery
1666409110,1837,state_change,AVAILABLE,completed_delivery
1666409110,3440,state_change,AVAILABLE,completed_delivery
1666409110,651,state_change,AVAILABLE,completed_delivery
1666409110,2981,state_change,AVAILABLE,completed_delivery
1666409110,2473,state_change,AVAILABLE,completed_delivery
1666409110,2285,state_change,AVAILABLE,completed_delivery
1666409110,3058,state_change,AVAILABLE,completed_delivery
1666409110,1949,state_change,AVAILABLE,completed_delivery
1666409110,1139,state_change,AVAILABLE,completed_delivery
1666409110,2497,state_change,AVAILABLE,completed_delivery
1666409110,186,state_change,AVAILABLE,completed_delivery
1666409110,1687,state_change,AVAILABLE,completed_delivery
1666409110,831,state_change,AVAILABLE,completed_delivery
1666409110,896,state_change,AVAILABLE,completed_delivery
1666409110,2999,state_change,AVAILABLE,completed_delivery
1666409110,1345,state_change,AVAILABLE,completed_delivery
1666409110,2650,state_change,AVAILABLE,completed_delivery
1666409110,629,state_change,AVAILABLE,completed_delivery
1666409110,1260,state_change,AVAILABLE,completed_delivery
1666409110,685,state_change,AVAILABLE,completed_delivery
1666409110,2248,state_change,AVAILABLE,completed_delivery
1666409110,982,state_change,AVAILABLE,completed_delivery
1666409110,2969,state_change,AVAILABLE,completed_delivery
1666409110,155,state_change,AVAILABLE,completed_delivery
1666409110,446,state_change,AVAILABLE,completed_delivery
1666409110,361,state_change,AVAILABLE,completed_delivery
1666409110,740,state_change,AVAILABLE,completed_delivery
1666409110,1792,state_change,AVAILABLE,completed_delivery
1666409110,458,state_change,AVAILABLE,completed_delivery
1666409110,499,state_change,AVAILABLE,completed_delivery
1666409110,23,state_change,AVAILABLE,completed_delivery
1666409110,3055,state_change,AVAILABLE,completed_delivery
1666409110,299,state_change,AVAILABLE,completed_delivery
1666409110,862,state_change,AVAILABLE,completed_delivery
1666409110,2579,state_change,AVAILABLE,completed_delivery
1666409110,2025,state_change,AVAILABLE,completed_delivery
1666409110,3284,state_change,AVAILABLE,completed_delivery
1666409110,1132,state_change,AVAILABLE,completed_delivery
1666409110,1338,state_change,AVAILABLE,completed_delivery
1666409110,2833,state_change,AVAILABLE,completed_delivery
1666409110,2098,state_change,AVAILABLE,completed_delivery
1666409110,169,state_change,AVAILABLE,completed_delivery
1666409110,317,state_change,AVAILABLE,completed_delivery
1666409110,2929,state_change,AVAILABLE,completed_delivery
1666409110,1450,state_change,AVAILABLE,completed_delivery
1666409110,803,state_change,AVAILABLE,completed_delivery
1666409110,132,state_change,AVAILABLE,completed_delivery
1666409110,1288,state_change,AVAILABLE,completed_delivery
1666409110,3924,state_change,AVAILABLE,completed_delivery
1666409110,840,state_change,AVAILABLE,completed_delivery
1666409110,818,state_change,AVAILABLE,completed_delivery
1666409110,2570,state_change,AVAILABLE,completed_delivery
1666409110,3205,state_change,AVAILABLE,completed_delivery
1666409110,3069,state_change,AVAILABLE,completed_delivery
1666409110,198,state_change,AVAILABLE,completed_delivery
1666409110,4484,state_change,AVAILABLE,completed_delivery
1666409110,554,state_change,AVAILABLE,completed_delivery
1666409110,4155,state_change,AVAILABLE,completed_delivery
1666409110,3084,state_change,AVAILABLE,completed_delivery
1666409110,4023,state_change,AVAILABLE,completed_delivery
1666409110,4651,state_change,AVAILABLE,completed_delivery
1666409110,3425,state_change,AVAILABLE,completed_delivery
1666409110,2075,state_change,AVAILABLE,completed_delivery
1666409110,2066,state_change,AVAILABLE,completed_delivery
1666409110,4368,state_change,AVAILABLE,completed_delivery
1666409110,482,state_change,AVAILABLE,completed_delivery
1666409110,3804,state_change,AVAILABLE,completed_delivery
1666409110,98,state_change,AVAILABLE,completed_delivery
1666409110,3203,state_change,AVAILABLE,completed_delivery
1666409110,4212,state_change,AVAILABLE,completed_delivery
1666409110,3409,state_change,AVAILABLE,completed_delivery
1666409110,1919,state_change,AVAILABLE,completed_delivery
1666409110,120,state_change,AVAILABLE,completed_delivery
1666409110,287,state_change,AVAILABLE,completed_delivery
1666409110,1212,state_change,AVAILABLE,completed_delivery
1666409110,2365,state_change,BUSY,assigned_order
1666409110,4139,state_change,BUSY,assigned_order
1666409110,1347,state_change,BUSY,assigned_order
1666409110,1626,state_change,BUSY,assigned_order
1666409110,17,state_change,BUSY,assigned_order
1666409110,699,state_change,BUSY,assigned_order
1666409110,137,state_change,BUSY,assigned_order
1666409110,889,state_change,BUSY,assigned_order
1666409110,915,state_change,BUSY,assigned_order
1666409110,974,state_change,BUSY,assigned_order
1666409110,2146,state_change,BUSY,assigned_order
1666409110,4634,state_change,BUSY,assigned_order
1666409110,1325,state_change,BUSY,assigned_order
1666409110,1047,state_change,BUSY,assigned_order
1666409110,166,state_change,BUSY,assigned_order
1666409110,3768,state_change,BUSY,assigned_order
1666409110,1507,state_change,BUSY,assigned_order
1666409110,3478,state_change,BUSY,assigned_order
1666409110,410,state_change,BUSY,assigned_order
1666409110,998,state_change,BUSY,assigned_order
1666409110,3139,state_change,BUSY,assigned_order
1666409110,844,state_change,BUSY,assigned_order
1666409110,2373,state_change,BUSY,assigned_order
1666409110,534,state_change,BUSY,assigned_order
1666409110,3134,state_change,BUSY,assigned_order
1666409110,2787,state_change,BUSY,assigned_order
1666409110,2878,state_change,BUSY,assigned_order
1666409110,173,state_change,BUSY,assigned_order
1666409110,574,state_change,BUSY,assigned_order
1666409110,1083,state_change,BUSY,assigned_order
1666409110,2091,state_change,BUSY,assigned_order
1666409110,3010,state_change,BUSY,assigned_order
1666409110,707,state_change,BUSY,assigned_order
1666409110,3712,state_change,BUSY,assigned_order
1666409110,566,state_change,BUSY,assigned_order
1666409110,1041,state_change,BUSY,assigned_order
1666409110,816,state_change,BUSY,assigned_order
1666409110,1563,state_change,BUSY,assigned_order
1666409110,2682,state_change,BUSY,assigned_order
1666409110,2058,state_change,BUSY,assigned_order
1666409110,2779,state_change,BUSY,assigned_order
1666409110,1925,state_change,BUSY,assigned_order
1666409110,2095,state_change,BUSY,assigned_order
1666409110,3948,state_change,BUSY,assigned_order
1666409110,1056,state_change,BUSY,assigned_order
1666409110,1527,state_change,BUSY,assigned_order
1666409110,1805,state_change,BUSY,assigned_order
1666409110,4029,state_change,BUSY,assigned_order
1666409110,4482,state_change,BUSY,assigned_order
1666409110,2484,state_change,BUSY,assigned_order
1666409110,1789,state_change,BUSY,assigned_order
1666409110,3179,state_change,BUSY,assigned_order
1666409110,2884,state_change,BUSY,assigned_order
1666409110,1390,state_change,BUSY,assigned_order
1666409110,263,state_change,BUSY,assigned_order
1666409110,3282,state_change,BUSY,assigned_order
1666409110,1707,state_change,BUSY,assigned_order
1666409110,1253,state_change,BUSY,assigned_order
1666409110,83,state_change,BUSY,assigned_order
1666409110,3119,state_change,BUSY,assigned_order
1666409110,1282,state_change,BUSY,assigned_order
1666409110,1649,state_change,BUSY,assigned_order
1666409110,1412,state_change,BUSY,assigned_order
1666409110,1653,state_change,BUSY,assigned_order
1666409110,1485,state_change,BUSY,assigned_order
1666409110,1142,state_change,BUSY,assigned_order
1666409110,3730,state_change,BUSY,assigned_order
1666409110,2429,state_change,BUSY,assigned_order
1666409110,1599,state_change,BUSY,assigned_order
1666409110,4133,state_change,BUSY,assigned_order
1666409110,2851,state_change,BUSY,assigned_order
1666409110,4381,state_change,BUSY,assigned_order
1666409110,2447,state_change,BUSY,assigned_order
1666409110,3005,state_change,BUSY,assigned_order
1666409110,3128,state_change,BUSY,assigned_order
1666409110,1610,state_change,BUSY,assigned_order
1666409110,1770,state_change,BUSY,assigned_order
1666409110,1494,state_change,BUSY,assigned_order
1666409110,2045,state_change,BUSY,assigned_order
1666409110,2683,state_change,BUSY,assigned_order
1666409110,1139,state_change,BUSY,assigned_order
1666409110,2675,state_change,BUSY,assigned_order
1666409110,2770,state_change,BUSY,assigned_order
1666409110,2792,state_change,BUSY,assigned_order
1666409110,1423,state_change,BUSY,assigned_order
1666409110,4007,state_change,BUSY,assigned_order
1666409110,262,state_change,BUSY,assigned_order
1666409110,2109,state_change,BUSY,assigned_order
1666409110,2833,state_change,BUSY,assigned_order
1666409110,820,state_change,BUSY,assigned_order
1666409110,2919,state_change,BUSY,assigned_order
1666409110,1997,state_change,BUSY,assigned_order
1666409110,967,state_change,BUSY,assigned_order
1666409110,3028,state_change,BUSY,assigned_order
1666409110,611,state_change,BUSY,assigned_order
1666409110,22,state_change,BUSY,assigned_order
1666409110,2953,state_change,BUSY,assigned_order
1666409110,46,state_change,BUSY,assigned_order
1666409110,855,state_change,BUSY,assigned_order
1666409110,2558,state_change,BUSY,assigned_order
1666409110,1755,state_change,BUSY,assigned_order
1666409110,3982,state_change,BUSY,assigned_order
1666409110,1671,state_change,BUSY,assigned_order
1666409110,3298,state_change,BUSY,assigned_order
1666409110,4052,state_change,BUSY,assigned_order
1666409110,931,state_change,BUSY,assigned_order
1666409110,1302,state_change,BUSY,assigned_order
1666409110,3055,state_change,BUSY,assigned_order
1666409110,3682,state_change,BUSY,assigned_order
1666409110,3549,state_change,BUSY,assigned_order
1666409110,4729,state_change,BUSY,assigned_order
1666409110,1742,state_change,BUSY,assigned_order
1666409110,2947,state_change,BUSY,assigned_order
1666409110,2728,state_change,BUSY,assigned_order
1666409110,1511,state_change,BUSY,assigned_order
1666409110,872,state_change,BUSY,assigned_order
1666409110,2046,state_change,BUSY,assigned_order
1666409110,2160,state_change,BUSY,assigned_order
1666409110,2776,state_change,BUSY,assigned_order
1666409110,1940,state_change,BUSY,assigned_order
1666409110,581,state_change,BUSY,assigned_order
1666409110,922,state_change,BUSY,assigned_order
1666409110,3104,state_change,BUSY,assigned_order
1666409110,5,state_change,BUSY,assigned_order
1666409110,1228,state_change,BUSY,assigned_order
1666409110,4022,state_change,BUSY,assigned_order
1666409110,171,state_change,BUSY,assigned_order
1666409110,3511,state_change,BUSY,assigned_order
1666409110,509,state_change,BUSY,assigned_order
1666409110,2696,state_change,BUSY,assigned_order
1666409110,4426,state_change,BUSY,assigned_order
1666409230,3604,state_change,BUSY,assigned_order
1666409230,2741,state_change,BUSY,assigned_order
1666409230,1338,state_change,BUSY,assigned_order
1666409230,1355,state_change,BUSY,assigned_order
1666409230,813,state_change,BUSY,assigned_order
1666409230,1708,state_change,BUSY,assigned_order
1666409230,3263,state_change,BUSY,assigned_order
1666409230,753,state_change,BUSY,assigned_order
1666409230,604,state_change,BUSY,assigned_order
1666409230,2849,state_change,BUSY,assigned_order
1666409230,329,state_change,BUSY,assigned_order
1666409230,469,state_change,BUSY,assigned_order
1666409230,3924,state_change,BUSY,assigned_order
1666409230,2098,state_change,BUSY,assigned_order
1666409230,482,state_change,BUSY,assigned_order
1666409230,3708,state_change,BUSY,assigned_order
1666409230,2890,state_change,BUSY,assigned_order
1666409230,3408,state_change,BUSY,assigned_order
1666409230,1201,state_change,BUSY,assigned_order
1666409230,740,state_change,BUSY,assigned_order
1666409230,583,state_change,BUSY,assigned_order
1666409230,2508,state_change,BUSY,assigned_order
1666409230,2820,state_change,BUSY,assigned_order
1666409230,3449,state_change,BUSY,assigned_order
1666409230,3040,state_change,BUSY,assigned_order
1666409230,2739,state_change,BUSY,assigned_order
1666409230,1093,state_change,BUSY,assigned_order
1666409230,2411,state_change,BUSY,assigned_order
1666409230,212,state_change,BUSY,assigned_order
1666409230,694,state_change,BUSY,assigned_order
1666409230,1762,state_change,BUSY,assigned_order
1666409230,3552,state_change,BUSY,assigned_order
1666409230,1618,state_change,BUSY,assigned_order
1666409230,1281,state_change,BUSY,assigned_order
1666409230,2034,state_change,BUSY,assigned_order
1666409230,2052,state_change,BUSY,assigned_order
1666409230,252,state_change,BUSY,assigned_order
1666409230,3111,state_change,BUSY,assigned_order
1666409230,2555,state_change,BUSY,assigned_order
1666409230,3259,state_change,BUSY,assigned_order
1666409230,698,state_change,BUSY,assigned_order
1666409230,2208,state_change,BUSY,assigned_order
1666409230,2774,state_change,BUSY,assigned_order
1666409230,2806,state_change,BUSY,assigned_order
1666409230,1367,state_change,BUSY,assigned_order
1666409230,493,state_change,BUSY,assigned_order
1666409230,1143,state_change,BUSY,assigned_order
1666409230,4404,state_change,BUSY,assigned_order
1666409230,3437,state_change,BUSY,assigned_order
1666409230,3719,state_change,BUSY,assigned_order
1666409230,3113,state_change,BUSY,assigned_order
1666409230,1306,state_change,BUSY,assigned_order
1666409230,1403,state_change,BUSY,assigned_order
1666409230,1839,state_change,BUSY,assigned_order
1666409230,1421,state_change,BUSY,assigned_order
1666409230,1401,state_change,BUSY,assigned_order
1666409230,863,state_change,BUSY,assigned_order
1666409230,129,state_change,BUSY,assigned_order
1666409230,4148,state_change,BUSY,assigned_order
1666409230,1241,state_change,BUSY,assigned_order
1666409230,1587,state_change,BUSY,assigned_order
1666409230,44,state_change,BUSY,assigned_order
1666409230,1117,state_change,BUSY,assigned_order
1666409230,1765,state_change,BUSY,assigned_order
1666409230,2455,state_change,BUSY,assigned_order
1666409230,4866,state_change,BUSY,assigned_order
1666409230,1205,state_change,BUSY,assigned_order
1666409230,2900,state_change,BUSY,assigned_order
1666409230,3254,state_change,BUSY,assigned_order
1666409230,2120,state_change,BUSY,assigned_order
1666409230,451,state_change,BUSY,assigned_order
1666409230,4731,state_change,BUSY,assigned_order
1666409230,2463,state_change,BUSY,assigned_order
1666409230,1043,state_change,BUSY,assigned_order
1666409230,2532,state_change,BUSY,assigned_order
1666409230,3434,state_change,BUSY,assigned_order
1666409230,2200,state_change,BUSY,assigned_order
1666409230,404,state_change,BUSY,assigned_order
1666409230,3266,state_change,BUSY,assigned_order
1666409230,2513,state_change,BUSY,assigned_order
1666409230,385,state_change,BUSY,assigned_order
1666409230,418,state_change,BUSY,assigned_order
1666409230,477,state_change,BUSY,assigned_order
1666409230,899,state_change,BUSY,assigned_order
1666409230,1631,state_change,BUSY,assigned_order
1666409230,3436,state_change,BUSY,assigned_order
1666409230,3274,state_change,BUSY,assigned_order
1666409230,1731,state_change,BUSY,assigned_order
1666409230,105,state_change,BUSY,assigned_order
1666409230,2522,state_change,BUSY,assigned_order
1666409230,4141,state_change,BUSY,assigned_order
1666409230,1893,state_change,BUSY,assigned_order
1666409230,2075,state_change,BUSY,assigned_order
1666409230,372,state_change,BUSY,assigned_order
1666409230,1958,state_change,BUSY,assigned_order
1666409230,3757,state_change,BUSY,assigned_order
1666409230,1414,state_change,BUSY,assigned_order
1666409230,1158,state_change,BUSY,assigned_order
1666409230,2424,state_change,BUSY,assigned_order
1666409230,2448,state_change,BUSY,assigned_order
1666409230,1339,state_change,BUSY,assigned_order
1666409230,3038,state_change,BUSY,assigned_order
1666409230,625,state_change,BUSY,assigned_order
1666409230,4096,state_change,BUSY,assigned_order
1666409230,2967,state_change,BUSY,assigned_order
1666409230,2545,state_change,BUSY,assigned_order
1666409230,4202,state_change,BUSY,assigned_order
1666409230,2978,state_change,BUSY,assigned_order
1666409230,1931,state_change,BUSY,assigned_order
1666409230,258,state_change,BUSY,assigned_order
1666409230,77,state_change,BUSY,assigned_order
1666409230,3668,state_change,BUSY,assigned_order
1666409230,2472,state_change,BUSY,assigned_order
1666409230,3068,state_change,BUSY,assigned_order
1666409230,777,state_change,BUSY,assigned_order
1666409230,3147,state_change,BUSY,assigned_order
1666409230,586,state_change,BUSY,assigned_order
1666409230,2409,state_change,BUSY,assigned_order
1666409230,3572,state_change,BUSY,assigned_order
1666409230,608,state_change,BUSY,assigned_order
1666409230,89,state_change,BUSY,assigned_order
1666409230,2691,state_change,BUSY,assigned_order
1666409230,3857,state_change,BUSY,assigned_order
1666409230,4017,state_change,BUSY,assigned_order
1666409230,3745,state_change,BUSY,assigned_order
1666409230,66,state_change,BUSY,assigned_order
1666409410,790,state_change,BUSY,assigned_order
1666409410,666,state_change,BUSY,assigned_order
1666409410,514,state_change,BUSY,assigned_order
1666409410,291,state_change,BUSY,assigned_order
1666409410,2977,state_change,BUSY,assigned_order
1666409410,458,state_change,BUSY,assigned_order
1666409410,7,state_change,BUSY,assigned_order
1666409410,225,state_change,BUSY,assigned_order
1666409410,370,state_change,BUSY,assigned_order
1666409410,1007,state_change,BUSY,assigned_order
1666409410,4003,state_change,BUSY,assigned_order
1666409410,3220,state_change,BUSY,assigned_order
1666409410,1595,state_change,BUSY,assigned_order
1666409410,2353,state_change,BUSY,assigned_order
1666409410,2496,state_change,BUSY,assigned_order
1666409410,580,state_change,BUSY,assigned_order
1666409410,807,state_change,BUSY,assigned_order
1666409410,1813,state_change,BUSY,assigned_order
1666409410,1968,state_change,BUSY,assigned_order
1666409410,3670,state_change,BUSY,assigned_order
1666409410,4108,state_change,BUSY,assigned_order
1666409410,896,state_change,BUSY,assigned_order
1666409410,416,state_change,BUSY,assigned_order
1666409410,829,state_change,BUSY,assigned_order
1666409410,2431,state_change,BUSY,assigned_order
1666409410,2963,state_change,BUSY,assigned_order
1666409410,3106,state_change,BUSY,assigned_order
1666409410,2984,state_change,BUSY,assigned_order
1666409410,961,state_change,BUSY,assigned_order
1666409410,3751,state_change,BUSY,assigned_order
1666409410,3346,state_change,BUSY,assigned_order
1666409410,2570,state_change,BUSY,assigned_order
1666409410,30,state_change,BUSY,assigned_order
1666409410,596,state_change,BUSY,assigned_order
1666409410,2782,state_change,BUSY,assigned_order
1666409410,3295,state_change,BUSY,assigned_order
1666409410,3525,state_change,BUSY,assigned_order
1666409410,2165,state_change,BUSY,assigned_order
1666409410,2224,state_change,BUSY,assigned_order
1666409410,3239,state_change,BUSY,assigned_order
1666409410,2694,state_change,BUSY,assigned_order
1666409410,293,state_change,BUSY,assigned_order
1666409410,3503,state_change,BUSY,assigned_order
1666409410,198,state_change,BUSY,assigned_order
1666409410,1719,state_change,BUSY,assigned_order
1666409410,3253,state_change,BUSY,assigned_order
1666409410,3200,state_change,BUSY,assigned_order
1666409410,2298,state_change,BUSY,assigned_order
1666409410,413,state_change,BUSY,assigned_order
1666409410,2976,state_change,BUSY,assigned_order
1666409410,463,state_change,BUSY,assigned_order
1666409410,347,state_change,BUSY,assigned_order
1666409410,4899,state_change,BUSY,assigned_order
1666409410,4076,state_change,BUSY,assigned_order
1666409410,3747,state_change,BUSY,assigned_order
1666409410,3711,state_change,BUSY,assigned_order
1666409410,2895,state_change,BUSY,assigned_order
1666409410,288,state_change,BUSY,assigned_order
1666409410,1425,state_change,BUSY,assigned_order
1666409410,3270,state_change,BUSY,assigned_order
1666409410,1913,state_change,BUSY,assigned_order
1666409410,2617,state_change,BUSY,assigned_order
1666409410,1779,state_change,BUSY,assigned_order
1666409410,2784,state_change,BUSY,assigned_order
1666409410,1039,state_change,BUSY,assigned_order
1666409410,629,state_change,BUSY,assigned_order
1666409410,4386,state_change,BUSY,assigned_order
1666409410,751,state_change,BUSY,assigned_order
1666409410,59,state_change,BUSY,assigned_order
1666409410,2710,state_change,BUSY,assigned_order
1666409410,1718,state_change,BUSY,assigned_order
1666409410,2876,state_change,BUSY,assigned_order
1666409410,3717,state_change,BUSY,assigned_order
1666409410,3048,state_change,BUSY,assigned_order
1666409410,919,state_change,BUSY,assigned_order
1666409410,685,state_change,BUSY,assigned_order
1666409410,1783,state_change,BUSY,assigned_order
1666409410,3801,state_change,BUSY,assigned_order
1666409410,4116,state_change,BUSY,assigned_order
1666409410,4183,state_change,BUSY,assigned_order
1666409410,216,state_change,BUSY,assigned_order
1666409410,802,state_change,BUSY,assigned_order
1666409410,4288,state_change,BUSY,assigned_order
1666409410,3219,state_change,BUSY,assigned_order
1666409410,1646,state_change,BUSY,assigned_order
1666409410,2309,state_change,BUSY,assigned_order
1666409410,2960,state_change,BUSY,assigned_order
1666409410,125,state_change,BUSY,assigned_order
1666409410,2464,state_change,BUSY,assigned_order
1666409410,2829,state_change,BUSY,assigned_order
1666409410,2433,state_change,BUSY,assigned_order
1666409410,149,state_change,BUSY,assigned_order
1666409410,2249,state_change,BUSY,assigned_order
1666409410,136,state_change,BUSY,assigned_order
1666409410,1577,state_change,BUSY,assigned_order
1666409410,3965,state_change,BUSY,assigned_order
1666409410,3175,state_change,BUSY,assigned_order
1666409410,1305,state_change,BUSY,assigned_order
1666409410,3961,state_change,BUSY,assigned_order
1666409410,1175,state_change,BUSY,assigned_order
1666409410,3904,state_change,BUSY,assigned_order
1666409410,1064,state_change,BUSY,assigned_order
1666409410,4270,state_change,BUSY,assigned_order
1666409410,3456,state_change,BUSY,assigned_order
1666409410,1111,state_change,BUSY,assigned_order
1666409410,1585,state_change,BUSY,assigned_order
1666409410,95,state_change,BUSY,assigned_order
1666409410,169,state_change,BUSY,assigned_order
1666409410,85,state_change,BUSY,assigned_order
1666409410,1880,state_change,BUSY,assigned_order
1666409410,4175,state_change,BUSY,assigned_order
1666409410,3071,state_change,BUSY,assigned_order
1666409410,1786,state_change,BUSY,assigned_order
1666409410,1345,state_change,BUSY,assigned_order
1666409410,3062,state_change,BUSY,assigned_order
1666409410,564,state_change,BUSY,assigned_order
1666495519,4183,state_change,AVAILABLE,completed_delivery
1666495519,3434,state_change,AVAILABLE,completed_delivery
1666495519,2433,state_change,AVAILABLE,completed_delivery
1666495519,1043,state_change,AVAILABLE,completed_delivery
1666495519,418,state_change,AVAILABLE,completed_delivery
1666495519,149,state_change,AVAILABLE,completed_delivery
1666495519,2353,state_change,AVAILABLE,completed_delivery
1666495519,2365,state_change,AVAILABLE,completed_delivery
1666495519,3128,state_change,AVAILABLE,completed_delivery
1666495519,3801,state_change,AVAILABLE,completed_delivery
1666495519,2409,state_change,AVAILABLE,completed_delivery
1666495519,2484,state_change,AVAILABLE,completed_delivery
1666495519,2309,state_change,AVAILABLE,completed_delivery
1666495519,385,state_change,AVAILABLE,completed_delivery
1666495519,1626,state_change,AVAILABLE,completed_delivery
1666495519,1968,state_change,AVAILABLE,completed_delivery
1666495519,2710,state_change,AVAILABLE,completed_delivery
1666495519,2160,state_change,AVAILABLE,completed_delivery
1666495519,2431,state_change,AVAILABLE,completed_delivery
1666495519,1175,state_change,AVAILABLE,completed_delivery
1666495519,1585,state_change,AVAILABLE,completed_delivery
1666495519,2851,state_change,AVAILABLE,completed_delivery
1666495519,2694,state_change,AVAILABLE,completed_delivery
1666495519,1205,state_change,AVAILABLE,completed_delivery
1666495519,1347,state_change,AVAILABLE,completed_delivery
1666495519,225,state_change,AVAILABLE,completed_delivery
1666495519,3282,state_change,AVAILABLE,completed_delivery
1666495519,2919,state_change,AVAILABLE,completed_delivery
1666495519,1282,state_change,AVAILABLE,completed_delivery
1666495519,2109,state_change,AVAILABLE,completed_delivery
1666495519,2508,state_change,AVAILABLE,completed_delivery
1666495519,4116,state_change,AVAILABLE,completed_delivery
1666495519,2782,state_change,AVAILABLE,completed_delivery
1666495519,3604,state_change,AVAILABLE,completed_delivery
1666495519,844,state_change,AVAILABLE,completed_delivery
1666495519,1997,state_change,AVAILABLE,completed_delivery
1666495519,2045,state_change,AVAILABLE,completed_delivery
1666495519,372,state_change,AVAILABLE,completed_delivery
1666495519,1325,state_change,AVAILABLE,completed_delivery
1666495519,1653,state_change,AVAILABLE,completed_delivery
1666495519,3113,state_change,AVAILABLE,completed_delivery
1666495519,586,state_change,AVAILABLE,completed_delivery
1666495519,566,state_change,AVAILABLE,completed_delivery
1666495519,2513,state_change,AVAILABLE,completed_delivery
1666495519,3266,state_change,AVAILABLE,completed_delivery
1666495519,463,state_change,AVAILABLE,completed_delivery
1666495519,889,state_change,AVAILABLE,completed_delivery
1666495519,3745,state_change,AVAILABLE,completed_delivery
1666495519,2770,state_change,AVAILABLE,completed_delivery
1666495519,919,state_change,AVAILABLE,completed_delivery
1666495519,2447,state_change,AVAILABLE,completed_delivery
1666495519,2890,state_change,AVAILABLE,completed_delivery
1666495519,7,state_change,AVAILABLE,completed_delivery
1666495519,3005,state_change,AVAILABLE,completed_delivery
1666495519,212,state_change,AVAILABLE,completed_delivery
1666495519,1646,state_change,AVAILABLE,completed_delivery
1666495519,404,state_change,AVAILABLE,completed_delivery
1666495519,2779,state_change,AVAILABLE,completed_delivery
1666495519,258,state_change,AVAILABLE,completed_delivery
1666495519,2984,state_change,AVAILABLE,completed_delivery
1666495519,3111,state_change,AVAILABLE,completed_delivery
1666495519,3751,state_change,AVAILABLE,completed_delivery
1666495519,288,state_change,AVAILABLE,completed_delivery
1666495519,1083,state_change,AVAILABLE,completed_delivery
1666495519,3757,state_change,AVAILABLE,completed_delivery
1666495519,1718,state_change,AVAILABLE,completed_delivery
1666495519,1599,state_change,AVAILABLE,completed_delivery
1666495519,3048,state_change,AVAILABLE,completed_delivery
1666495519,1765,state_change,AVAILABLE,completed_delivery
1666495519,22,state_change,AVAILABLE,completed_delivery
1666495519,4003,state_change,AVAILABLE,completed_delivery
1666495519,2463,state_change,AVAILABLE,completed_delivery
1666495519,1610,state_change,AVAILABLE,completed_delivery
1666495519,66,state_change,AVAILABLE,completed_delivery
1666495519,666,state_change,AVAILABLE,completed_delivery
1666495519,3670,state_change,AVAILABLE,completed_delivery
1666495519,2963,state_change,AVAILABLE,completed_delivery
1666495519,4426,state_change,AVAILABLE,completed_delivery
1666495519,171,state_change,AVAILABLE,completed_delivery
1666495519,2146,state_change,AVAILABLE,completed_delivery
1666495519,967,state_change,AVAILABLE,completed_delivery
1666495519,1339,state_change,AVAILABLE,completed_delivery
1666495519,1839,state_change,AVAILABLE,completed_delivery
1666495519,2373,state_change,AVAILABLE,completed_delivery
1666495519,2429,state_change,AVAILABLE,completed_delivery
1666495519,1958,state_change,AVAILABLE,completed_delivery
1666495519,4148,state_change,AVAILABLE,completed_delivery
1666495519,2411,state_change,AVAILABLE,completed_delivery
1666495519,2978,state_change,AVAILABLE,completed_delivery
1666495519,1940,state_change,AVAILABLE,completed_delivery
1666495519,3219,state_change,AVAILABLE,completed_delivery
1666495519,3040,state_change,AVAILABLE,completed_delivery
1666495519,262,state_change,AVAILABLE,completed_delivery
1666495519,1064,state_change,AVAILABLE,completed_delivery
1666495519,2739,state_change,AVAILABLE,completed_delivery
1666495519,3175,state_change,AVAILABLE,completed_delivery
1666495519,1671,state_change,AVAILABLE,completed_delivery
1666495519,751,state_change,AVAILABLE,completed_delivery
1666495519,1117,state_change,AVAILABLE,completed_delivery
1666495519,3028,state_change,AVAILABLE,completed_delivery
1666495519,1707,state_change,AVAILABLE,completed_delivery
1666495519,3295,state_change,AVAILABLE,completed_delivery
1666495519,863,state_change,AVAILABLE,completed_delivery
1666495519,2691,state_change,AVAILABLE,completed_delivery
1666495519,596,state_change,AVAILABLE,completed_delivery
1666495519,1708,state_change,AVAILABLE,completed_delivery
1666495519,1143,state_change,AVAILABLE,completed_delivery
1666495519,3904,state_change,AVAILABLE,completed_delivery
1666495519,3346,state_change,AVAILABLE,completed_delivery
1666495519,2774,state_change,AVAILABLE,completed_delivery
1666495519,3768,state_change,AVAILABLE,completed_delivery
1666495519,347,state_change,AVAILABLE,completed_delivery
1666495519,2947,state_change,AVAILABLE,completed_delivery
1666495519,1111,state_change,AVAILABLE,completed_delivery
1666495519,2046,state_change,AVAILABLE,completed_delivery
1666495519,961,state_change,AVAILABLE,completed_delivery
1666495519,1412,state_change,AVAILABLE,completed_delivery
1666495519,1201,state_change,AVAILABLE,completed_delivery
1666495519,922,state_change,AVAILABLE,completed_delivery
1666495519,2472,state_change,AVAILABLE,completed_delivery
1666495519,2820,state_change,AVAILABLE,completed_delivery
1666495519,263,state_change,AVAILABLE,completed_delivery
1666495519,413,state_change,AVAILABLE,completed_delivery
1666495519,1355,state_change,AVAILABLE,completed_delivery
1666495519,1880,state_change,AVAILABLE,completed_delivery
1666495519,1913,state_change,AVAILABLE,completed_delivery
1666495519,77,state_change,AVAILABLE,completed_delivery
1666495519,3857,state_change,AVAILABLE,completed_delivery
1666495519,2095,state_change,AVAILABLE,completed_delivery
1666495519,1783,state_change,AVAILABLE,completed_delivery
1666495519,3239,state_change,AVAILABLE,completed_delivery
1666495519,3270,state_change,AVAILABLE,completed_delivery
1666495519,3717,state_change,AVAILABLE,completed_delivery
1666495519,1649,state_change,AVAILABLE,completed_delivery
1666495519,3436,state_change,AVAILABLE,completed_delivery
1666495519,3104,state_change,AVAILABLE,completed_delivery
1666495519,3449,state_change,AVAILABLE,completed_delivery
1666495519,698,state_change,AVAILABLE,completed_delivery
1666495519,3274,state_change,AVAILABLE,completed_delivery
1666495519,1414,state_change,AVAILABLE,completed_delivery
1666495519,4096,state_change,AVAILABLE,completed_delivery
1666495519,4076,state_change,AVAILABLE,completed_delivery
1666495519,4634,state_change,AVAILABLE,completed_delivery
1666495519,581,state_change,AVAILABLE,completed_delivery
1666495519,2034,state_change,AVAILABLE,completed_delivery
1666495519,1158,state_change,AVAILABLE,completed_delivery
1666495519,2776,state_change,AVAILABLE,completed_delivery
1666495519,1631,state_change,AVAILABLE,completed_delivery
1666495519,802,state_change,AVAILABLE,completed_delivery
1666495519,707,state_change,AVAILABLE,completed_delivery
1666495519,3106,state_change,AVAILABLE,completed_delivery
1666495519,89,state_change,AVAILABLE,completed_delivery
1666495519,2682,state_change,AVAILABLE,completed_delivery
1666495519,410,state_change,AVAILABLE,completed_delivery
1666495519,4866,state_change,AVAILABLE,completed_delivery
1666495519,2787,state_change,AVAILABLE,completed_delivery
1666495519,753,state_change,AVAILABLE,completed_delivery
1666495519,2976,state_change,AVAILABLE,completed_delivery
1666495519,2895,state_change,AVAILABLE,completed_delivery
1666495519,2884,state_change,AVAILABLE,completed_delivery
1666495519,3134,state_change,AVAILABLE,completed_delivery
1666495519,625,state_change,AVAILABLE,completed_delivery
1666495519,5,state_change,AVAILABLE,completed_delivery
1666495519,2977,state_change,AVAILABLE,completed_delivery
1666495519,855,state_change,AVAILABLE,completed_delivery
1666495519,2120,state_change,AVAILABLE,completed_delivery
1666495519,1931,state_change,AVAILABLE,completed_delivery
1666495519,3711,state_change,AVAILABLE,completed_delivery
1666495519,477,state_change,AVAILABLE,completed_delivery
1666495519,3253,state_change,AVAILABLE,completed_delivery
1666495519,1595,state_change,AVAILABLE,completed_delivery
1666495519,4139,state_change,AVAILABLE,completed_delivery
1666495519,915,state_change,AVAILABLE,completed_delivery
1666495519,291,state_change,AVAILABLE,completed_delivery
1666495519,2960,state_change,AVAILABLE,completed_delivery
1666495519,1925,state_change,AVAILABLE,completed_delivery
1666495519,1731,state_change,AVAILABLE,completed_delivery
1666495519,4202,state_change,AVAILABLE,completed_delivery
1666495519,3038,state_change,AVAILABLE,completed_delivery
1666495519,1587,state_change,AVAILABLE,completed_delivery
1666495519,1056,state_change,AVAILABLE,completed_delivery
1666495519,2424,state_change,AVAILABLE,completed_delivery
1666495519,534,state_change,AVAILABLE,completed_delivery
1666495519,2728,state_change,AVAILABLE,completed_delivery
1666495519,136,state_change,AVAILABLE,completed_delivery
1666495519,1401,state_change,AVAILABLE,completed_delivery
1666495519,3437,state_change,AVAILABLE,completed_delivery
1666495519,1228,state_change,AVAILABLE,completed_delivery
1666495519,416,state_change,AVAILABLE,completed_delivery
1666495519,1485,state_change,AVAILABLE,completed_delivery
1666495519,1563,state_change,AVAILABLE,completed_delivery
1666495519,4288,state_change,AVAILABLE,completed_delivery
1666495519,59,state_change,AVAILABLE,completed_delivery
1666495519,2696,state_change,AVAILABLE,completed_delivery
1666495519,1253,state_change,AVAILABLE,completed_delivery
1666495519,3456,state_change,AVAILABLE,completed_delivery
1666495519,931,state_change,AVAILABLE,completed_delivery
1666495519,3298,state_change,AVAILABLE,completed_delivery
1666495519,564,state_change,AVAILABLE,completed_delivery
1666495519,2967,state_change,AVAILABLE,completed_delivery
1666495519,2052,state_change,AVAILABLE,completed_delivery
1666495519,3712,state_change,AVAILABLE,completed_delivery
1666495519,17,state_change,AVAILABLE,completed_delivery
1666495519,1305,state_change,AVAILABLE,completed_delivery
1666495519,3682,state_change,AVAILABLE,completed_delivery
1666495519,2496,state_change,AVAILABLE,completed_delivery
1666495519,4404,state_change,AVAILABLE,completed_delivery
1666495519,2792,state_change,AVAILABLE,completed_delivery
1666495519,46,state_change,AVAILABLE,completed_delivery
1666495519,2878,state_change,AVAILABLE,completed_delivery
1666495519,4029,state_change,AVAILABLE,completed_delivery
1666495519,2208,state_change,AVAILABLE,completed_delivery
1666495519,95,state_change,AVAILABLE,completed_delivery
1666495519,3982,state_change,AVAILABLE,completed_delivery
1666495519,4899,state_change,AVAILABLE,completed_delivery
1666495519,2558,state_change,AVAILABLE,completed_delivery
1666495519,3503,state_change,AVAILABLE,completed_delivery
1666495519,3730,state_change,AVAILABLE,completed_delivery
1666495519,3139,state_change,AVAILABLE,completed_delivery
1666495519,329,state_change,AVAILABLE,completed_delivery
1666495519,2165,state_change,AVAILABLE,completed_delivery
1666495519,4386,state_change,AVAILABLE,completed_delivery
1666495519,1813,state_change,AVAILABLE,completed_delivery
1666495519,611,state_change,AVAILABLE,completed_delivery
1666495519,493,state_change,AVAILABLE,completed_delivery
1666495519,2532,state_change,AVAILABLE,completed_delivery
1666495519,2224,state_change,AVAILABLE,completed_delivery
1666495519,1007,state_change,AVAILABLE,completed_delivery
1666495519,3719,state_change,AVAILABLE,completed_delivery
1666495519,2806,state_change,AVAILABLE,completed_delivery
1666495519,1719,state_change,AVAILABLE,completed_delivery
1666495519,790,state_change,AVAILABLE,completed_delivery
1666495519,2675,state_change,AVAILABLE,completed_delivery
1666495519,3071,state_change,AVAILABLE,completed_delivery
1666495519,583,state_change,AVAILABLE,completed_delivery
1666495519,4175,state_change,AVAILABLE,completed_delivery
1666495519,4482,state_change,AVAILABLE,completed_delivery
1666495519,137,state_change,AVAILABLE,completed_delivery
1666495519,3408,state_change,AVAILABLE,completed_delivery
1666495519,1302,state_change,AVAILABLE,completed_delivery
1666495519,173,state_change,AVAILABLE,completed_delivery
1666495519,2876,state_change,AVAILABLE,completed_delivery
1666495519,83,state_change,AVAILABLE,completed_delivery
1666495519,820,state_change,AVAILABLE,completed_delivery
1666495519,3965,state_change,AVAILABLE,completed_delivery
1666495519,580,state_change,AVAILABLE,completed_delivery
1666495519,3668,state_change,AVAILABLE,completed_delivery
1666495519,2522,state_change,AVAILABLE,completed_delivery
1666495519,2900,state_change,AVAILABLE,completed_delivery
1666495519,1507,state_change,AVAILABLE,completed_delivery
1666495519,4381,state_change,AVAILABLE,completed_delivery
1666495519,1527,state_change,AVAILABLE,completed_delivery
1666495519,872,state_change,AVAILABLE,completed_delivery
1666495519,370,state_change,AVAILABLE,completed_delivery
1666495519,1241,state_change,AVAILABLE,completed_delivery
1666495519,829,state_change,AVAILABLE,completed_delivery
1666495519,604,state_change,AVAILABLE,completed_delivery
1666495519,998,state_change,AVAILABLE,completed_delivery
1666495519,105,state_change,AVAILABLE,completed_delivery
1666495519,3010,state_change,AVAILABLE,completed_delivery
1666495519,509,state_change,AVAILABLE,completed_delivery
1666495519,125,state_change,AVAILABLE,completed_delivery
1666495519,4141,state_change,AVAILABLE,completed_delivery
1666495519,85,state_change,AVAILABLE,completed_delivery
1666495519,3478,state_change,AVAILABLE,completed_delivery
1666495519,3179,state_change,AVAILABLE,completed_delivery
1666495519,1142,state_change,AVAILABLE,completed_delivery
1666495519,216,state_change,AVAILABLE,completed_delivery
1666495519,469,state_change,AVAILABLE,completed_delivery
1666495519,4108,state_change,AVAILABLE,completed_delivery
1666495519,813,state_change,AVAILABLE,completed_delivery
1666495519,3119,state_change,AVAILABLE,completed_delivery
1666495519,816,state_change,AVAILABLE,completed_delivery
1666495519,2555,state_change,AVAILABLE,completed_delivery
1666495519,1093,state_change,AVAILABLE,completed_delivery
1666495519,1577,state_change,AVAILABLE,completed_delivery
1666495519,4007,state_change,AVAILABLE,completed_delivery
1666495519,4017,state_change,AVAILABLE,completed_delivery
1666495519,1367,state_change,AVAILABLE,completed_delivery
1666495519,1281,state_change,AVAILABLE,completed_delivery
1666495519,1511,state_change,AVAILABLE,completed_delivery
1666495519,2058,state_change,AVAILABLE,completed_delivery
1666495519,1423,state_change,AVAILABLE,completed_delivery
1666495519,3552,state_change,AVAILABLE,completed_delivery
1666495519,2249,state_change,AVAILABLE,completed_delivery
1666495519,2448,state_change,AVAILABLE,completed_delivery
1666495519,2617,state_change,AVAILABLE,completed_delivery
1666495519,1779,state_change,AVAILABLE,completed_delivery
1666495519,3572,state_change,AVAILABLE,completed_delivery
1666495519,2091,state_change,AVAILABLE,completed_delivery
1666495519,1762,state_change,AVAILABLE,completed_delivery
1666495519,1494,state_change,AVAILABLE,completed_delivery
1666495519,451,state_change,AVAILABLE,completed_delivery
1666495519,694,state_change,AVAILABLE,completed_delivery
1666495519,3254,state_change,AVAILABLE,completed_delivery
1666495519,699,state_change,AVAILABLE,completed_delivery
1666495519,3511,state_change,AVAILABLE,completed_delivery
1666495519,4052,state_change,AVAILABLE,completed_delivery
1666495519,3220,state_change,AVAILABLE,completed_delivery
1666495519,1306,state_change,AVAILABLE,completed_delivery
1666495519,974,state_change,AVAILABLE,completed_delivery
1666495519,1755,state_change,AVAILABLE,completed_delivery
1666495519,2784,state_change,AVAILABLE,completed_delivery
1666495519,3708,state_change,AVAILABLE,completed_delivery
1666495519,1390,state_change,AVAILABLE,completed_delivery
1666495519,1139,state_change,AVAILABLE,completed_delivery
1666495519,3200,state_change,AVAILABLE,completed_delivery
1666495519,1425,state_change,AVAILABLE,completed_delivery
1666495519,2200,state_change,AVAILABLE,completed_delivery
1666495519,2545,state_change,AVAILABLE,completed_delivery
1666495519,896,state_change,AVAILABLE,completed_delivery
1666495519,1345,state_change,AVAILABLE,completed_delivery
1666495519,629,state_change,AVAILABLE,completed_delivery
1666495519,1047,state_change,AVAILABLE,completed_delivery
1666495519,1421,state_change,AVAILABLE,completed_delivery
1666495519,608,state_change,AVAILABLE,completed_delivery
1666495519,252,state_change,AVAILABLE,completed_delivery
1666495519,1893,state_change,AVAILABLE,completed_delivery
1666495519,44,state_change,AVAILABLE,completed_delivery
1666495519,129,state_change,AVAILABLE,completed_delivery
1666495519,1039,state_change,AVAILABLE,completed_delivery
1666495519,685,state_change,AVAILABLE,completed_delivery
1666495519,2298,state_change,AVAILABLE,completed_delivery
1666495519,2741,state_change,AVAILABLE,completed_delivery
1666495519,1789,state_change,AVAILABLE,completed_delivery
1666495519,1786,state_change,AVAILABLE,completed_delivery
1666495519,777,state_change,AVAILABLE,completed_delivery
1666495519,740,state_change,AVAILABLE,completed_delivery
1666495519,458,state_change,AVAILABLE,completed_delivery
1666495519,514,state_change,AVAILABLE,completed_delivery
1666495519,3549,state_change,AVAILABLE,completed_delivery
1666495519,3055,state_change,AVAILABLE,completed_delivery
1666495519,1403,state_change,AVAILABLE,completed_delivery
1666495519,1041,state_change,AVAILABLE,completed_delivery
1666495519,166,state_change,AVAILABLE,completed_delivery
1666495519,807,state_change,AVAILABLE,completed_delivery
1666495519,2464,state_change,AVAILABLE,completed_delivery
1666495519,1338,state_change,AVAILABLE,completed_delivery
1666495519,2833,state_change,AVAILABLE,completed_delivery
1666495519,3263,state_change,AVAILABLE,completed_delivery
1666495519,899,state_change,AVAILABLE,completed_delivery
1666495519,3147,state_change,AVAILABLE,completed_delivery
1666495519,2683,state_change,AVAILABLE,completed_delivery
1666495519,2098,state_change,AVAILABLE,completed_delivery
1666495519,169,state_change,AVAILABLE,completed_delivery
1666495519,293,state_change,AVAILABLE,completed_delivery
1666495519,30,state_change,AVAILABLE,completed_delivery
1666495519,3068,state_change,AVAILABLE,completed_delivery
1666495519,2953,state_change,AVAILABLE,completed_delivery
1666495519,2849,state_change,AVAILABLE,completed_delivery
1666495519,3924,state_change,AVAILABLE,completed_delivery
1666495519,574,state_change,AVAILABLE,completed_delivery
1666495519,2570,state_change,AVAILABLE,completed_delivery
1666495519,198,state_change,AVAILABLE,completed_delivery
1666495519,3062,state_change,AVAILABLE,completed_delivery
1666495519,2829,state_change,AVAILABLE,completed_delivery
1666495519,3948,state_change,AVAILABLE,completed_delivery
1666495519,4133,state_change,AVAILABLE,completed_delivery
1666495519,1805,state_change,AVAILABLE,completed_delivery
1666495519,4729,state_change,AVAILABLE,completed_delivery
1666495519,4270,state_change,AVAILABLE,completed_delivery
1666495519,4022,state_change,AVAILABLE,completed_delivery
1666495519,3747,state_change,AVAILABLE,completed_delivery
1666495519,2075,state_change,AVAILABLE,completed_delivery
1666495519,1770,state_change,AVAILABLE,completed_delivery
1666495519,3259,state_change,AVAILABLE,completed_delivery
1666495519,3961,state_change,AVAILABLE,completed_delivery
1666495519,482,state_change,AVAILABLE,completed_delivery
1666495519,2455,state_change,AVAILABLE,completed_delivery
1666495519,3525,state_change,AVAILABLE,completed_delivery
1666495519,1618,state_change,AVAILABLE,completed_delivery
1666495519,1742,state_change,AVAILABLE,completed_delivery
1666495519,4731,state_change,AVAILABLE,completed_delivery
1666495519,2781,state_change,BUSY,assigned_order
1666495519,4386,state_change,BUSY,assigned_order
1666495519,3745,state_change,BUSY,assigned_order
1666495519,2707,state_change,BUSY,assigned_order
1666495519,3106,state_change,BUSY,assigned_order
1666495519,3048,state_change,BUSY,assigned_order
1666495519,2263,state_change,BUSY,assigned_order
1666495519,1403,state_change,BUSY,assigned_order
1666495519,361,state_change,BUSY,assigned_order
1666495519,3616,state_change,BUSY,assigned_order
1666495519,258,state_change,BUSY,assigned_order
1666495519,3497,state_change,BUSY,assigned_order
1666495519,3147,state_change,BUSY,assigned_order
1666495519,3658,state_change,BUSY,assigned_order
1666495519,600,state_change,BUSY,assigned_order
1666495519,352,state_change,BUSY,assigned_order
1666495519,2611,state_change,BUSY,assigned_order
1666495519,2253,state_change,BUSY,assigned_order
1666495519,1382,state_change,BUSY,assigned_order
1666495519,2373,state_change,BUSY,assigned_order
1666495519,2160,state_change,BUSY,assigned_order
1666495519,802,state_change,BUSY,assigned_order
1666495519,263,state_change,BUSY,assigned_order
1666495519,1237,state_change,BUSY,assigned_order
1666495519,3278,state_change,BUSY,assigned_order
1666495519,3425,state_change,BUSY,assigned_order
1666495519,1736,state_change,BUSY,assigned_order
1666495519,1322,state_change,BUSY,assigned_order
1666495519,3408,state_change,BUSY,assigned_order
1666495519,115,state_change,BUSY,assigned_order
1666495519,698,state_change,BUSY,assigned_order
1666495519,3489,state_change,BUSY,assigned_order
1666495519,77,state_change,BUSY,assigned_order
1666495519,4175,state_change,BUSY,assigned_order
1666495519,3134,state_change,BUSY,assigned_order
1666495519,2996,state_change,BUSY,assigned_order
1666495519,1273,state_change,BUSY,assigned_order
1666495519,1863,state_change,BUSY,assigned_order
1666495519,372,state_change,BUSY,assigned_order
1666495519,620,state_change,BUSY,assigned_order
1666495519,3127,state_change,BUSY,assigned_order
1666495519,4029,state_change,BUSY,assigned_order
1666495519,2787,state_change,BUSY,assigned_order
1666495519,3950,state_change,BUSY,assigned_order
1666495519,3057,state_change,BUSY,assigned_order
1666495519,672,state_change,BUSY,assigned_order
1666495519,611,state_change,BUSY,assigned_order
1666495519,80,state_change,BUSY,assigned_order
1666495519,1083,state_change,BUSY,assigned_order
1666495519,3955,state_change,BUSY,assigned_order
1666495519,4237,state_change,BUSY,assigned_order
1666495519,1231,state_change,BUSY,assigned_order
1666495519,1726,state_change,BUSY,assigned_order
1666495519,125,state_change,BUSY,assigned_order
1666495519,2224,state_change,BUSY,assigned_order
1666495519,1360,state_change,BUSY,assigned_order
1666495519,2411,state_change,BUSY,assigned_order
1666495519,1228,state_change,BUSY,assigned_order
1666495519,2353,state_change,BUSY,assigned_order
1666495519,227,state_change,BUSY,assigned_order
1666495519,1890,state_change,BUSY,assigned_order
1666495519,1425,state_change,BUSY,assigned_order
1666495519,2770,state_change,BUSY,assigned_order
1666495519,160,state_change,BUSY,assigned_order
1666495519,1913,state_change,BUSY,assigned_order
1666495519,1414,state_change,BUSY,assigned_order
1666495519,1803,state_change,BUSY,assigned_order
1666495519,1288,state_change,BUSY,assigned_order
1666495519,1247,state_change,BUSY,assigned_order
1666495519,244,state_change,BUSY,assigned_order
1666495519,929,state_change,BUSY,assigned_order
1666495519,967,state_change,BUSY,assigned_order
1666495519,2869,state_change,BUSY,assigned_order
1666495519,863,state_change,BUSY,assigned_order
1666495519,3460,state_change,BUSY,assigned_order
1666495519,2697,state_change,BUSY,assigned_order
1666495519,2506,state_change,BUSY,assigned_order
1666495519,4183,state_change,BUSY,assigned_order
1666495519,2887,state_change,BUSY,assigned_order
1666495519,2538,state_change,BUSY,assigned_order
1666495519,2155,state_change,BUSY,assigned_order
1666495519,531,state_change,BUSY,assigned_order
1666495519,1317,state_change,BUSY,assigned_order
1666495519,2557,state_change,BUSY,assigned_order
1666495519,385,state_change,BUSY,assigned_order
1666495519,3965,state_change,BUSY,assigned_order
1666495519,1739,state_change,BUSY,assigned_order
1666495519,2919,state_change,BUSY,assigned_order
1666495519,3961,state_change,BUSY,assigned_order
1666495519,391,state_change,BUSY,assigned_order
1666495519,3492,state_change,BUSY,assigned_order
1666495519,3315,state_change,BUSY,assigned_order
1666495519,347,state_change,BUSY,assigned_order
1666495519,2509,state_change,BUSY,assigned_order
1666495519,2545,state_change,BUSY,assigned_order
1666495519,1139,state_change,BUSY,assigned_order
1666495519,4205,state_change,BUSY,assigned_order
1666495519,4803,state_change,BUSY,assigned_order
1666495519,2841,state_change,BUSY,assigned_order
1666495519,555,state_change,BUSY,assigned_order
1666495519,1908,state_change,BUSY,assigned_order
1666495519,1962,state_change,BUSY,assigned_order
1666495519,3084,state_change,BUSY,assigned_order
1666495519,2820,state_change,BUSY,assigned_order
1666495519,2779,state_change,BUSY,assigned_order
1666495519,315,state_change,BUSY,assigned_order
1666495519,3437,state_change,BUSY,assigned_order
1666495519,3117,state_change,BUSY,assigned_order
1666495519,1986,state_change,BUSY,assigned_order
1666495519,2186,state_change,BUSY,assigned_order
1666495519,46,state_change,BUSY,assigned_order
1666495519,1038,state_change,BUSY,assigned_order
1666495519,469,state_change,BUSY,assigned_order
1666495519,454,state_change,BUSY,assigned_order
1666495519,1449,state_change,BUSY,assigned_order
1666495519,2623,state_change,BUSY,assigned_order
1666495519,789,state_change,BUSY,assigned_order
1666495519,95,state_change,BUSY,assigned_order
1666495639,775,state_change,BUSY,assigned_order
1666495639,1685,state_change,BUSY,assigned_order
1666495639,3175,state_change,BUSY,assigned_order
1666495639,137,state_change,BUSY,assigned_order
1666495639,3010,state_change,BUSY,assigned_order
1666495639,1033,state_change,BUSY,assigned_order
1666495639,1930,state_change,BUSY,assigned_order
1666495639,3302,state_change,BUSY,assigned_order
1666495639,1688,state_change,BUSY,assigned_order
1666495639,1645,state_change,BUSY,assigned_order
1666495639,3140,state_change,BUSY,assigned_order
1666495639,3119,state_change,BUSY,assigned_order
1666495639,1788,state_change,BUSY,assigned_order
1666495639,176,state_change,BUSY,assigned_order
1666495639,618,state_change,BUSY,assigned_order
1666495639,2727,state_change,BUSY,assigned_order
1666495639,1323,state_change,BUSY,assigned_order
1666495639,4221,state_change,BUSY,assigned_order
1666495639,17,state_change,BUSY,assigned_order
1666495639,3857,state_change,BUSY,assigned_order
1666495639,1253,state_change,BUSY,assigned_order
1666495639,1046,state_change,BUSY,assigned_order
1666495639,2878,state_change,BUSY,assigned_order
1666495639,1385,state_change,BUSY,assigned_order
1666495639,2195,state_change,BUSY,assigned_order
1666495639,604,state_change,BUSY,assigned_order
1666495639,2374,state_change,BUSY,assigned_order
1666495639,2395,state_change,BUSY,assigned_order
1666495639,514,state_change,BUSY,assigned_order
1666495639,1102,state_change,BUSY,assigned_order
1666495639,753,state_change,BUSY,assigned_order
1666495639,84,state_change,BUSY,assigned_order
1666495639,1548,state_change,BUSY,assigned_order
1666495639,2989,state_change,BUSY,assigned_order
1666495639,1316,state_change,BUSY,assigned_order
1666495639,4202,state_change,BUSY,assigned_order
1666495639,4635,state_change,BUSY,assigned_order
1666495639,1718,state_change,BUSY,assigned_order
1666495639,3253,state_change,BUSY,assigned_order
1666495639,767,state_change,BUSY,assigned_order
1666495639,3103,state_change,BUSY,assigned_order
1666495639,1720,state_change,BUSY,assigned_order
1666495639,1042,state_change,BUSY,assigned_order
1666495639,1586,state_change,BUSY,assigned_order
1666495639,2691,state_change,BUSY,assigned_order
1666495639,2685,state_change,BUSY,assigned_order
1666495639,1547,state_change,BUSY,assigned_order
1666495639,3614,state_change,BUSY,assigned_order
1666495639,1073,state_change,BUSY,assigned_order
1666495639,1719,state_change,BUSY,assigned_order
1666495639,1787,state_change,BUSY,assigned_order
1666495639,98,state_change,BUSY,assigned_order
1666495639,2825,state_change,BUSY,assigned_order
1666495639,1494,state_change,BUSY,assigned_order
1666495639,2982,state_change,BUSY,assigned_order
1666495639,3491,state_change,BUSY,assigned_order
1666495639,816,state_change,BUSY,assigned_order
1666495639,1342,state_change,BUSY,assigned_order
1666495639,283,state_change,BUSY,assigned_order
1666495639,566,state_change,BUSY,assigned_order
1666495639,2484,state_change,BUSY,assigned_order
1666495639,910,state_change,BUSY,assigned_order
1666495639,75,state_change,BUSY,assigned_order
1666495639,1435,state_change,BUSY,assigned_order
1666495639,66,state_change,BUSY,assigned_order
1666495639,1361,state_change,BUSY,assigned_order
1666495639,286,state_change,BUSY,assigned_order
1666495639,49,state_change,BUSY,assigned_order
1666495639,2447,state_change,BUSY,assigned_order
1666495639,1227,state_change,BUSY,assigned_order
1666495639,1500,state_change,BUSY,assigned_order
1666495639,496,state_change,BUSY,assigned_order
1666495639,1450,state_change,BUSY,assigned_order
1666495639,2976,state_change,BUSY,assigned_order
1666495639,136,state_change,BUSY,assigned_order
1666495639,3449,state_change,BUSY,assigned_order
1666495639,1318,state_change,BUSY,assigned_order
1666495639,1145,state_change,BUSY,assigned_order
1666495639,3040,state_change,BUSY,assigned_order
1666495639,2250,state_change,BUSY,assigned_order
1666495639,1266,state_change,BUSY,assigned_order
1666495639,580,state_change,BUSY,assigned_order
1666495639,4148,state_change,BUSY,assigned_order
1666495639,4052,state_change,BUSY,assigned_order
1666495639,212,state_change,BUSY,assigned_order
1666495639,2978,state_change,BUSY,assigned_order
1666495639,146,state_change,BUSY,assigned_order
1666495639,356,state_change,BUSY,assigned_order
1666495639,2315,state_change,BUSY,assigned_order
1666495639,1432,state_change,BUSY,assigned_order
1666495639,2370,state_change,BUSY,assigned_order
1666495639,2776,state_change,BUSY,assigned_order
1666495639,149,state_change,BUSY,assigned_order
1666495639,3975,state_change,BUSY,assigned_order
1666495639,3660,state_change,BUSY,assigned_order
1666495639,58,state_change,BUSY,assigned_order
1666495639,3604,state_change,BUSY,assigned_order
1666495639,2409,state_change,BUSY,assigned_order
1666495639,2243,state_change,BUSY,assigned_order
1666495639,974,state_change,BUSY,assigned_order
1666495639,251,state_change,BUSY,assigned_order
1666495639,2464,state_change,BUSY,assigned_order
1666495639,4194,state_change,BUSY,assigned_order
1666495639,2135,state_change,BUSY,assigned_order
1666495639,896,state_change,BUSY,assigned_order
1666495639,777,state_change,BUSY,assigned_order
1666495639,2219,state_change,BUSY,assigned_order
1666495639,689,state_change,BUSY,assigned_order
1666495639,169,state_change,BUSY,assigned_order
1666495639,2977,state_change,BUSY,assigned_order
1666495639,997,state_change,BUSY,assigned_order
1666495639,43,state_change,BUSY,assigned_order
1666495639,2080,state_change,BUSY,assigned_order
1666495819,2211,state_change,BUSY,assigned_order
1666495819,3427,state_change,BUSY,assigned_order
1666495819,458,state_change,BUSY,assigned_order
1666495819,2870,state_change,BUSY,assigned_order
1666495819,3779,state_change,BUSY,assigned_order
1666495819,3137,state_change,BUSY,assigned_order
1666495819,1786,state_change,BUSY,assigned_order
1666495819,118,state_change,BUSY,assigned_order
1666495819,4454,state_change,BUSY,assigned_order
1666495819,3279,state_change,BUSY,assigned_order
1666495819,561,state_change,BUSY,assigned_order
1666495819,161,state_change,BUSY,assigned_order
1666495819,3189,state_change,BUSY,assigned_order
1666495819,587,state_change,BUSY,assigned_order
1666495819,2307,state_change,BUSY,assigned_order
1666495819,3259,state_change,BUSY,assigned_order
1666495819,4034,state_change,BUSY,assigned_order
1666495819,4508,state_change,BUSY,assigned_order
1666495819,1015,state_change,BUSY,assigned_order
1666495819,2472,state_change,BUSY,assigned_order
1666495819,709,state_change,BUSY,assigned_order
1666495819,1034,state_change,BUSY,assigned_order
1666495819,2298,state_change,BUSY,assigned_order
1666495819,485,state_change,BUSY,assigned_order
1666495819,4208,state_change,BUSY,assigned_order
1666495819,3646,state_change,BUSY,assigned_order
1666495819,3294,state_change,BUSY,assigned_order
1666495819,2122,state_change,BUSY,assigned_order
1666495819,984,state_change,BUSY,assigned_order
1666495819,2897,state_change,BUSY,assigned_order
1666495819,313,state_change,BUSY,assigned_order
1666495819,1084,state_change,BUSY,assigned_order
1666495819,2844,state_change,BUSY,assigned_order
1666495819,516,state_change,BUSY,assigned_order
1666495819,780,state_change,BUSY,assigned_order
1666495819,241,state_change,BUSY,assigned_order
1666495819,4217,state_change,BUSY,assigned_order
1666495819,491,state_change,BUSY,assigned_order
1666495819,4406,state_change,BUSY,assigned_order
1666495819,3028,state_change,BUSY,assigned_order
1666495819,3750,state_change,BUSY,assigned_order
1666495819,139,state_change,BUSY,assigned_order
1666495819,1922,state_change,BUSY,assigned_order
1666495819,627,state_change,BUSY,assigned_order
1666495819,2883,state_change,BUSY,assigned_order
1666495819,2323,state_change,BUSY,assigned_order
1666495819,2783,state_change,BUSY,assigned_order
1666495819,3197,state_change,BUSY,assigned_order
1666495819,3375,state_change,BUSY,assigned_order
1666495819,413,state_change,BUSY,assigned_order
1666495819,1841,state_change,BUSY,assigned_order
1666495819,285,state_change,BUSY,assigned_order
1666495819,3527,state_change,BUSY,assigned_order
1666495819,1670,state_change,BUSY,assigned_order
1666495819,1536,state_change,BUSY,assigned_order
1666495819,2044,state_change,BUSY,assigned_order
1666495819,1584,state_change,BUSY,assigned_order
1666495819,7,state_change,BUSY,assigned_order
1666495819,1949,state_change,BUSY,assigned_order
1666495819,1704,state_change,BUSY,assigned_order
1666495819,517,state_change,BUSY,assigned_order
1666495819,4288,state_change,BUSY,assigned_order
1666495819,728,state_change,BUSY,assigned_order
1666495819,699,state_change,BUSY,assigned_order
1666495819,2200,state_change,BUSY,assigned_order
1666495819,3982,state_change,BUSY,assigned_order
1666495819,1889,state_change,BUSY,assigned_order
1666495819,1501,state_change,BUSY,assigned_order
1666495819,44,state_change,BUSY,assigned_order
1666495819,3915,state_change,BUSY,assigned_order
1666495819,1751,state_change,BUSY,assigned_order
1666495819,3205,state_change,BUSY,assigned_order
1666495819,2079,state_change,BUSY,assigned_order
1666495819,1581,state_change,BUSY,assigned_order
1666495819,4449,state_change,BUSY,assigned_order
1666495819,4116,state_change,BUSY,assigned_order
1666495819,3242,state_change,BUSY,assigned_order
1666495819,3694,state_change,BUSY,assigned_order
1666495819,4223,state_change,BUSY,assigned_order
1666495819,3289,state_change,BUSY,assigned_order
1666495819,1171,state_change,BUSY,assigned_order
1666495819,1595,state_change,BUSY,assigned_order
1666495819,2570,state_change,BUSY,assigned_order
1666495819,1302,state_change,BUSY,assigned_order
1666495819,1961,state_change,BUSY,assigned_order
1666495819,3747,state_change,BUSY,assigned_order
1666495819,2432,state_change,BUSY,assigned_order
1666495819,1925,state_change,BUSY,assigned_order
1666495819,4253,state_change,BUSY,assigned_order
1666495819,457,state_change,BUSY,assigned_order
1666495819,2899,state_change,BUSY,assigned_order
1666495819,4502,state_change,BUSY,assigned_order
1666495819,2191,state_change,BUSY,assigned_order
1666495819,3572,state_change,BUSY,assigned_order
1666495819,1325,state_change,BUSY,assigned_order
1666495819,1412,state_change,BUSY,assigned_order
1666495819,3827,state_change,BUSY,assigned_order
1666495819,829,state_change,BUSY,assigned_order
1666495819,4398,state_change,BUSY,assigned_order
1666495819,1158,state_change,BUSY,assigned_order
1666495819,3824,state_change,BUSY,assigned_order
1666495819,2332,state_change,BUSY,assigned_order
1666495819,4325,state_change,BUSY,assigned_order
1666495819,3068,state_change,BUSY,assigned_order
1666495819,3522,state_change,BUSY,assigned_order
1666495819,4696,state_change,BUSY,assigned_order
1666495819,770,state_change,BUSY,assigned_order
1666495819,2555,state_change,BUSY,assigned_order
1666495819,1748,state_change,BUSY,assigned_order
1666495819,4094,state_change,BUSY,assigned_order
1666495819,3055,state_change,BUSY,assigned_order
1666495819,4091,state_change,BUSY,assigned_order
1666495819,2824,state_change,BUSY,assigned_order
1666495819,4729,state_change,BUSY,assigned_order
1666495819,2980,state_change,BUSY,assigned_order
1666495819,1358,state_change,BUSY,assigned_order
1666495819,951,state_change,BUSY,assigned_order
1666495819,4031,state_change,BUSY,assigned_order
1666495819,2306,state_change,BUSY,assigned_order
1666495819,4782,state_change,BUSY,assigned_order
1666495819,2082,state_change,BUSY,assigned_order
1666495819,3728,state_change,BUSY,assigned_order
1666495819,2566,state_change,BUSY,assigned_order
1666495819,3200,state_change,BUSY,assigned_order
1666495819,4201,state_change,BUSY,assigned_order
1666495819,4108,state_change,BUSY,assigned_order
1666581917,4183,state_change,AVAILABLE,completed_delivery
1666581917,1586,state_change,AVAILABLE,completed_delivery
1666581917,4194,state_change,AVAILABLE,completed_delivery
1666581917,251,state_change,AVAILABLE,completed_delivery
1666581917,2080,state_change,AVAILABLE,completed_delivery
1666581917,2685,state_change,AVAILABLE,completed_delivery
1666581917,149,state_change,AVAILABLE,completed_delivery
1666581917,2353,state_change,AVAILABLE,completed_delivery
1666581917,2781,state_change,AVAILABLE,completed_delivery
1666581917,618,state_change,AVAILABLE,completed_delivery
1666581917,2409,state_change,AVAILABLE,completed_delivery
1666581917,2870,state_change,AVAILABLE,completed_delivery
1666581917,984,state_change,AVAILABLE,completed_delivery
1666581917,2484,state_change,AVAILABLE,completed_delivery
1666581917,385,state_change,AVAILABLE,completed_delivery
1666581917,227,state_change,AVAILABLE,completed_delivery
1666581917,929,state_change,AVAILABLE,completed_delivery
1666581917,2082,state_change,AVAILABLE,completed_delivery
1666581917,496,state_change,AVAILABLE,completed_delivery
1666581917,2160,state_change,AVAILABLE,completed_delivery
1666581917,3289,state_change,AVAILABLE,completed_delivery
1666581917,1046,state_change,AVAILABLE,completed_delivery
1666581917,485,state_change,AVAILABLE,completed_delivery
1666581917,2919,state_change,AVAILABLE,completed_delivery
1666581917,4253,state_change,AVAILABLE,completed_delivery
1666581917,3294,state_change,AVAILABLE,completed_delivery
1666581917,627,state_change,AVAILABLE,completed_delivery
1666581917,1501,state_change,AVAILABLE,completed_delivery
1666581917,4116,state_change,AVAILABLE,completed_delivery
1666581917,3604,state_change,AVAILABLE,completed_delivery
1666581917,372,state_change,AVAILABLE,completed_delivery
1666581917,1325,state_change,AVAILABLE,completed_delivery
1666581917,286,state_change,AVAILABLE,completed_delivery
1666581917,80,state_change,AVAILABLE,completed_delivery
1666581917,1038,state_change,AVAILABLE,completed_delivery
1666581917,315,state_change,AVAILABLE,completed_delivery
1666581917,3460,state_change,AVAILABLE,completed_delivery
1666581917,4782,state_change,AVAILABLE,completed_delivery
1666581917,566,state_change,AVAILABLE,completed_delivery
1666581917,2219,state_change,AVAILABLE,completed_delivery
1666581917,2332,state_change,AVAILABLE,completed_delivery
1666581917,3242,state_change,AVAILABLE,completed_delivery
1666581917,672,state_change,AVAILABLE,completed_delivery
1666581917,4205,state_change,AVAILABLE,completed_delivery
1666581917,1803,state_change,AVAILABLE,completed_delivery
1666581917,2841,state_change,AVAILABLE,completed_delivery
1666581917,2195,state_change,AVAILABLE,completed_delivery
1666581917,3745,state_change,AVAILABLE,completed_delivery
1666581917,2770,state_change,AVAILABLE,completed_delivery
1666581917,951,state_change,AVAILABLE,completed_delivery
1666581917,2447,state_change,AVAILABLE,completed_delivery
1666581917,7,state_change,AVAILABLE,completed_delivery
1666581917,1536,state_change,AVAILABLE,completed_delivery
1666581917,212,state_change,AVAILABLE,completed_delivery
1666581917,3915,state_change,AVAILABLE,completed_delivery
1666581917,3189,state_change,AVAILABLE,completed_delivery
1666581917,2779,state_change,AVAILABLE,completed_delivery
1666581917,258,state_change,AVAILABLE,completed_delivery
1666581917,2374,state_change,AVAILABLE,completed_delivery
1666581917,356,state_change,AVAILABLE,completed_delivery
1666581917,1015,state_change,AVAILABLE,completed_delivery
1666581917,1102,state_change,AVAILABLE,completed_delivery
1666581917,2122,state_change,AVAILABLE,completed_delivery
1666581917,2044,state_change,AVAILABLE,completed_delivery
1666581917,1083,state_change,AVAILABLE,completed_delivery
1666581917,3278,state_change,AVAILABLE,completed_delivery
1666581917,1718,state_change,AVAILABLE,completed_delivery
1666581917,3646,state_change,AVAILABLE,completed_delivery
1666581917,1547,state_change,AVAILABLE,completed_delivery
1666581917,3048,state_change,AVAILABLE,completed_delivery
1666581917,1385,state_change,AVAILABLE,completed_delivery
1666581917,3057,state_change,AVAILABLE,completed_delivery
1666581917,3127,state_change,AVAILABLE,completed_delivery
1666581917,4217,state_change,AVAILABLE,completed_delivery
1666581917,1360,state_change,AVAILABLE,completed_delivery
1666581917,2253,state_change,AVAILABLE,completed_delivery
1666581917,66,state_change,AVAILABLE,completed_delivery
1666581917,2869,state_change,AVAILABLE,completed_delivery
1666581917,2211,state_change,AVAILABLE,completed_delivery
1666581917,2250,state_change,AVAILABLE,completed_delivery
1666581917,1382,state_change,AVAILABLE,completed_delivery
1666581917,1449,state_change,AVAILABLE,completed_delivery
1666581917,3117,state_change,AVAILABLE,completed_delivery
1666581917,391,state_change,AVAILABLE,completed_delivery
1666581917,967,state_change,AVAILABLE,completed_delivery
1666581917,2373,state_change,AVAILABLE,completed_delivery
1666581917,2824,state_change,AVAILABLE,completed_delivery
1666581917,4148,state_change,AVAILABLE,completed_delivery
1666581917,2243,state_change,AVAILABLE,completed_delivery
1666581917,1685,state_change,AVAILABLE,completed_delivery
1666581917,313,state_change,AVAILABLE,completed_delivery
1666581917,2411,state_change,AVAILABLE,completed_delivery
1666581917,2978,state_change,AVAILABLE,completed_delivery
1666581917,2783,state_change,AVAILABLE,completed_delivery
1666581917,139,state_change,AVAILABLE,completed_delivery
1666581917,3040,state_change,AVAILABLE,completed_delivery
1666581917,2611,state_change,AVAILABLE,completed_delivery
1666581917,3175,state_change,AVAILABLE,completed_delivery
1666581917,1500,state_change,AVAILABLE,completed_delivery
1666581917,2186,state_change,AVAILABLE,completed_delivery
1666581917,3028,state_change,AVAILABLE,completed_delivery
1666581917,1361,state_change,AVAILABLE,completed_delivery
1666581917,863,state_change,AVAILABLE,completed_delivery
1666581917,2691,state_change,AVAILABLE,completed_delivery
1666581917,1231,state_change,AVAILABLE,completed_delivery
1666581917,3658,state_change,AVAILABLE,completed_delivery
1666581917,2191,state_change,AVAILABLE,completed_delivery
1666581917,2727,state_change,AVAILABLE,completed_delivery
1666581917,1962,state_change,AVAILABLE,completed_delivery
1666581917,2506,state_change,AVAILABLE,completed_delivery
1666581917,1247,state_change,AVAILABLE,completed_delivery
1666581917,347,state_change,AVAILABLE,completed_delivery
1666581917,1412,state_change,AVAILABLE,completed_delivery
1666581917,1316,state_change,AVAILABLE,completed_delivery
1666581917,2472,state_change,AVAILABLE,completed_delivery
1666581917,2820,state_change,AVAILABLE,completed_delivery
1666581917,1720,state_change,AVAILABLE,completed_delivery
1666581917,1584,state_change,AVAILABLE,completed_delivery
1666581917,263,state_change,AVAILABLE,completed_delivery
1666581917,3527,state_change,AVAILABLE,completed_delivery
1666581917,413,state_change,AVAILABLE,completed_delivery
1666581917,1342,state_change,AVAILABLE,completed_delivery
1666581917,4034,state_change,AVAILABLE,completed_delivery
1666581917,285,state_change,AVAILABLE,completed_delivery
1666581917,1890,state_change,AVAILABLE,completed_delivery
1666581917,2306,state_change,AVAILABLE,completed_delivery
1666581917,2263,state_change,AVAILABLE,completed_delivery
1666581917,516,state_change,AVAILABLE,completed_delivery
1666581917,1913,state_change,AVAILABLE,completed_delivery
1666581917,77,state_change,AVAILABLE,completed_delivery
1666581917,3857,state_change,AVAILABLE,completed_delivery
1666581917,620,state_change,AVAILABLE,completed_delivery
1666581917,555,state_change,AVAILABLE,completed_delivery
1666581917,1317,state_change,AVAILABLE,completed_delivery
1666581917,4454,state_change,AVAILABLE,completed_delivery
1666581917,2982,state_change,AVAILABLE,completed_delivery
1666581917,4635,state_change,AVAILABLE,completed_delivery
1666581917,3427,state_change,AVAILABLE,completed_delivery
1666581917,3449,state_change,AVAILABLE,completed_delivery
1666581917,2844,state_change,AVAILABLE,completed_delivery
1666581917,1084,state_change,AVAILABLE,completed_delivery
1666581917,1726,state_change,AVAILABLE,completed_delivery
1666581917,698,state_change,AVAILABLE,completed_delivery
1666581917,1414,state_change,AVAILABLE,completed_delivery
1666581917,2079,state_change,AVAILABLE,completed_delivery
1666581917,1736,state_change,AVAILABLE,completed_delivery
1666581917,728,state_change,AVAILABLE,completed_delivery
1666581917,1158,state_change,AVAILABLE,completed_delivery
1666581917,789,state_change,AVAILABLE,completed_delivery
1666581917,2776,state_change,AVAILABLE,completed_delivery
1666581917,84,state_change,AVAILABLE,completed_delivery
1666581917,802,state_change,AVAILABLE,completed_delivery
1666581917,1034,state_change,AVAILABLE,completed_delivery
1666581917,3106,state_change,AVAILABLE,completed_delivery
1666581917,689,state_change,AVAILABLE,completed_delivery
1666581917,75,state_change,AVAILABLE,completed_delivery
1666581917,2135,state_change,AVAILABLE,completed_delivery
1666581917,2787,state_change,AVAILABLE,completed_delivery
1666581917,753,state_change,AVAILABLE,completed_delivery
1666581917,2976,state_change,AVAILABLE,completed_delivery
1666581917,3134,state_change,AVAILABLE,completed_delivery
1666581917,2155,state_change,AVAILABLE,completed_delivery
1666581917,2697,state_change,AVAILABLE,completed_delivery
1666581917,2977,state_change,AVAILABLE,completed_delivery
1666581917,1908,state_change,AVAILABLE,completed_delivery
1666581917,1863,state_change,AVAILABLE,completed_delivery
1666581917,1227,state_change,AVAILABLE,completed_delivery
1666581917,491,state_change,AVAILABLE,completed_delivery
1666581917,3489,state_change,AVAILABLE,completed_delivery
1666581917,4221,state_change,AVAILABLE,completed_delivery
1666581917,3253,state_change,AVAILABLE,completed_delivery
1666581917,770,state_change,AVAILABLE,completed_delivery
1666581917,1595,state_change,AVAILABLE,completed_delivery
1666581917,2707,state_change,AVAILABLE,completed_delivery
1666581917,1925,state_change,AVAILABLE,completed_delivery
1666581917,4508,state_change,AVAILABLE,completed_delivery
1666581917,4031,state_change,AVAILABLE,completed_delivery
1666581917,4202,state_change,AVAILABLE,completed_delivery
1666581917,3779,state_change,AVAILABLE,completed_delivery
1666581917,1704,state_change,AVAILABLE,completed_delivery
1666581917,4223,state_change,AVAILABLE,completed_delivery
1666581917,136,state_change,AVAILABLE,completed_delivery
1666581917,3437,state_change,AVAILABLE,completed_delivery
1666581917,2370,state_change,AVAILABLE,completed_delivery
1666581917,1228,state_change,AVAILABLE,completed_delivery
1666581917,1266,state_change,AVAILABLE,completed_delivery
1666581917,3955,state_change,AVAILABLE,completed_delivery
1666581917,4449,state_change,AVAILABLE,completed_delivery
1666581917,118,state_change,AVAILABLE,completed_delivery
1666581917,4288,state_change,AVAILABLE,completed_delivery
1666581917,1253,state_change,AVAILABLE,completed_delivery
1666581917,3975,state_change,AVAILABLE,completed_delivery
1666581917,2825,state_change,AVAILABLE,completed_delivery
1666581917,3614,state_change,AVAILABLE,completed_delivery
1666581917,17,state_change,AVAILABLE,completed_delivery
1666581917,4803,state_change,AVAILABLE,completed_delivery
1666581917,4208,state_change,AVAILABLE,completed_delivery
1666581917,46,state_change,AVAILABLE,completed_delivery
1666581917,2878,state_change,AVAILABLE,completed_delivery
1666581917,4696,state_change,AVAILABLE,completed_delivery
1666581917,4029,state_change,AVAILABLE,completed_delivery
1666581917,2899,state_change,AVAILABLE,completed_delivery
1666581917,4325,state_change,AVAILABLE,completed_delivery
1666581917,95,state_change,AVAILABLE,completed_delivery
1666581917,2538,state_change,AVAILABLE,completed_delivery
1666581917,3982,state_change,AVAILABLE,completed_delivery
1666581917,780,state_change,AVAILABLE,completed_delivery
1666581917,1670,state_change,AVAILABLE,completed_delivery
1666581917,3750,state_change,AVAILABLE,completed_delivery
1666581917,3315,state_change,AVAILABLE,completed_delivery
1666581917,600,state_change,AVAILABLE,completed_delivery
1666581917,910,state_change,AVAILABLE,completed_delivery
1666581917,4386,state_change,AVAILABLE,completed_delivery
1666581917,2432,state_change,AVAILABLE,completed_delivery
1666581917,3103,state_change,AVAILABLE,completed_delivery
1666581917,3660,state_change,AVAILABLE,completed_delivery
1666581917,160,state_change,AVAILABLE,completed_delivery
1666581917,611,state_change,AVAILABLE,completed_delivery
1666581917,2224,state_change,AVAILABLE,completed_delivery
1666581917,1273,state_change,AVAILABLE,completed_delivery
1666581917,1719,state_change,AVAILABLE,completed_delivery
1666581917,1145,state_change,AVAILABLE,completed_delivery
1666581917,1318,state_change,AVAILABLE,completed_delivery
1666581917,3522,state_change,AVAILABLE,completed_delivery
1666581917,3302,state_change,AVAILABLE,completed_delivery
1666581917,997,state_change,AVAILABLE,completed_delivery
1666581917,4175,state_change,AVAILABLE,completed_delivery
1666581917,58,state_change,AVAILABLE,completed_delivery
1666581917,767,state_change,AVAILABLE,completed_delivery
1666581917,244,state_change,AVAILABLE,completed_delivery
1666581917,3827,state_change,AVAILABLE,completed_delivery
1666581917,137,state_change,AVAILABLE,completed_delivery
1666581917,3408,state_change,AVAILABLE,completed_delivery
1666581917,1302,state_change,AVAILABLE,completed_delivery
1666581917,1581,state_change,AVAILABLE,completed_delivery
1666581917,3616,state_change,AVAILABLE,completed_delivery
1666581917,517,state_change,AVAILABLE,completed_delivery
1666581917,146,state_change,AVAILABLE,completed_delivery
1666581917,2557,state_change,AVAILABLE,completed_delivery
1666581917,1739,state_change,AVAILABLE,completed_delivery
1666581917,3965,state_change,AVAILABLE,completed_delivery
1666581917,580,state_change,AVAILABLE,completed_delivery
1666581917,3279,state_change,AVAILABLE,completed_delivery
1666581917,283,state_change,AVAILABLE,completed_delivery
1666581917,352,state_change,AVAILABLE,completed_delivery
1666581917,3497,state_change,AVAILABLE,completed_delivery
1666581917,454,state_change,AVAILABLE,completed_delivery
1666581917,176,state_change,AVAILABLE,completed_delivery
1666581917,2980,state_change,AVAILABLE,completed_delivery
1666581917,161,state_change,AVAILABLE,completed_delivery
1666581917,829,state_change,AVAILABLE,completed_delivery
1666581917,604,state_change,AVAILABLE,completed_delivery
1666581917,4201,state_change,AVAILABLE,completed_delivery
1666581917,1787,state_change,AVAILABLE,completed_delivery
1666581917,3010,state_change,AVAILABLE,completed_delivery
1666581917,3197,state_change,AVAILABLE,completed_delivery
1666581917,2509,state_change,AVAILABLE,completed_delivery
1666581917,125,state_change,AVAILABLE,completed_delivery
1666581917,1358,state_change,AVAILABLE,completed_delivery
1666581917,2623,state_change,AVAILABLE,completed_delivery
1666581917,2897,state_change,AVAILABLE,completed_delivery
1666581917,1688,state_change,AVAILABLE,completed_delivery
1666581917,1042,state_change,AVAILABLE,completed_delivery
1666581917,469,state_change,AVAILABLE,completed_delivery
1666581917,4108,state_change,AVAILABLE,completed_delivery
1666581917,587,state_change,AVAILABLE,completed_delivery
1666581917,3137,state_change,AVAILABLE,completed_delivery
1666581917,3119,state_change,AVAILABLE,completed_delivery
1666581917,1930,state_change,AVAILABLE,completed_delivery
1666581917,2315,state_change,AVAILABLE,completed_delivery
1666581917,816,state_change,AVAILABLE,completed_delivery
1666581917,2555,state_change,AVAILABLE,completed_delivery
1666581917,4091,state_change,AVAILABLE,completed_delivery
1666581917,1922,state_change,AVAILABLE,completed_delivery
1666581917,2323,state_change,AVAILABLE,completed_delivery
1666581917,115,state_change,AVAILABLE,completed_delivery
1666581917,1751,state_change,AVAILABLE,completed_delivery
1666581917,2887,state_change,AVAILABLE,completed_delivery
1666581917,1788,state_change,AVAILABLE,completed_delivery
1666581917,2989,state_change,AVAILABLE,completed_delivery
1666581917,3694,state_change,AVAILABLE,completed_delivery
1666581917,2566,state_change,AVAILABLE,completed_delivery
1666581917,1237,state_change,AVAILABLE,completed_delivery
1666581917,2996,state_change,AVAILABLE,completed_delivery
1666581917,3572,state_change,AVAILABLE,completed_delivery
1666581917,775,state_change,AVAILABLE,completed_delivery
1666581917,3824,state_change,AVAILABLE,completed_delivery
1666581917,1033,state_change,AVAILABLE,completed_delivery
1666581917,1494,state_change,AVAILABLE,completed_delivery
1666581917,1889,state_change,AVAILABLE,completed_delivery
1666581917,699,state_change,AVAILABLE,completed_delivery
1666581917,4052,state_change,AVAILABLE,completed_delivery
1666581917,43,state_change,AVAILABLE,completed_delivery
1666581917,4398,state_change,AVAILABLE,completed_delivery
1666581917,974,state_change,AVAILABLE,completed_delivery
1666581917,1645,state_change,AVAILABLE,completed_delivery
1666581917,1073,state_change,AVAILABLE,completed_delivery
1666581917,1432,state_change,AVAILABLE,completed_delivery
1666581917,561,state_change,AVAILABLE,completed_delivery
1666581917,4094,state_change,AVAILABLE,completed_delivery
1666581917,2307,state_change,AVAILABLE,completed_delivery
1666581917,1949,state_change,AVAILABLE,completed_delivery
1666581917,1139,state_change,AVAILABLE,completed_delivery
1666581917,3200,state_change,AVAILABLE,completed_delivery
1666581917,1425,state_change,AVAILABLE,completed_delivery
1666581917,2200,state_change,AVAILABLE,completed_delivery
1666581917,2545,state_change,AVAILABLE,completed_delivery
1666581917,896,state_change,AVAILABLE,completed_delivery
1666581917,1961,state_change,AVAILABLE,completed_delivery
1666581917,3491,state_change,AVAILABLE,completed_delivery
1666581917,44,state_change,AVAILABLE,completed_delivery
1666581917,49,state_change,AVAILABLE,completed_delivery
1666581917,1435,state_change,AVAILABLE,completed_delivery
1666581917,2298,state_change,AVAILABLE,completed_delivery
1666581917,1786,state_change,AVAILABLE,completed_delivery
1666581917,777,state_change,AVAILABLE,completed_delivery
1666581917,1548,state_change,AVAILABLE,completed_delivery
1666581917,361,state_change,AVAILABLE,completed_delivery
1666581917,458,state_change,AVAILABLE,completed_delivery
1666581917,514,state_change,AVAILABLE,completed_delivery
1666581917,1841,state_change,AVAILABLE,completed_delivery
1666581917,3055,state_change,AVAILABLE,completed_delivery
1666581917,1403,state_change,AVAILABLE,completed_delivery
1666581917,2395,state_change,AVAILABLE,completed_delivery
1666581917,241,state_change,AVAILABLE,completed_delivery
1666581917,2464,state_change,AVAILABLE,completed_delivery
1666581917,2883,state_change,AVAILABLE,completed_delivery
1666581917,3147,state_change,AVAILABLE,completed_delivery
1666581917,169,state_change,AVAILABLE,completed_delivery
1666581917,1450,state_change,AVAILABLE,completed_delivery
1666581917,1288,state_change,AVAILABLE,completed_delivery
1666581917,3068,state_change,AVAILABLE,completed_delivery
1666581917,3375,state_change,AVAILABLE,completed_delivery
1666581917,4237,state_change,AVAILABLE,completed_delivery
1666581917,457,state_change,AVAILABLE,completed_delivery
1666581917,1171,state_change,AVAILABLE,completed_delivery
1666581917,531,state_change,AVAILABLE,completed_delivery
1666581917,2570,state_change,AVAILABLE,completed_delivery
1666581917,3205,state_change,AVAILABLE,completed_delivery
1666581917,709,state_change,AVAILABLE,completed_delivery
1666581917,4729,state_change,AVAILABLE,completed_delivery
1666581917,3084,state_change,AVAILABLE,completed_delivery
1666581917,4502,state_change,AVAILABLE,completed_delivery
1666581917,1986,state_change,AVAILABLE,completed_delivery
1666581917,3425,state_change,AVAILABLE,completed_delivery
1666581917,1748,state_change,AVAILABLE,completed_delivery
1666581917,3747,state_change,AVAILABLE,completed_delivery
1666581917,1323,state_change,AVAILABLE,completed_delivery
1666581917,3259,state_change,AVAILABLE,completed_delivery
1666581917,3950,state_change,AVAILABLE,completed_delivery
1666581917,1322,state_change,AVAILABLE,completed_delivery
1666581917,3728,state_change,AVAILABLE,completed_delivery
1666581917,4406,state_change,AVAILABLE,completed_delivery
1666581917,3961,state_change,AVAILABLE,completed_delivery
1666581917,98,state_change,AVAILABLE,completed_delivery
1666581917,3492,state_change,AVAILABLE,completed_delivery
1666581917,3140,state_change,AVAILABLE,completed_delivery
1666581917,3975,state_change,BUSY,assigned_order
1666581917,2067,state_change,BUSY,assigned_order
1666581917,2243,state_change,BUSY,assigned_order
1666581917,1358,state_change,BUSY,assigned_order
1666581917,3730,state_change,BUSY,assigned_order
1666581917,2409,state_change,BUSY,assigned_order
1666581917,557,state_change,BUSY,assigned_order
1666581917,1632,state_change,BUSY,assigned_order
1666581917,604,state_change,BUSY,assigned_order
1666581917,208,state_change,BUSY,assigned_order
1666581917,3572,state_change,BUSY,assigned_order
1666581917,3271,state_change,BUSY,assigned_order
1666581917,3028,state_change,BUSY,assigned_order
1666581917,2400,state_change,BUSY,assigned_order
1666581917,196,state_change,BUSY,assigned_order
1666581917,3175,state_change,BUSY,assigned_order
1666581917,425,state_change,BUSY,assigned_order
1666581917,2976,state_change,BUSY,assigned_order
1666581917,1494,state_change,BUSY,assigned_order
1666581917,265,state_change,BUSY,assigned_order
1666581917,820,state_change,BUSY,assigned_order
1666581917,902,state_change,BUSY,assigned_order
1666581917,2675,state_change,BUSY,assigned_order
1666581917,33,state_change,BUSY,assigned_order
1666581917,4137,state_change,BUSY,assigned_order
1666581917,3117,state_change,BUSY,assigned_order
1666581917,1414,state_change,BUSY,assigned_order
1666581917,2122,state_change,BUSY,assigned_order
1666581917,1077,state_change,BUSY,assigned_order
1666581917,1586,state_change,BUSY,assigned_order
1666581917,2961,state_change,BUSY,assigned_order
1666581917,59,state_change,BUSY,assigned_order
1666581917,591,state_change,BUSY,assigned_order
1666581917,1742,state_change,BUSY,assigned_order
1666581917,282,state_change,BUSY,assigned_order
1666581917,1618,state_change,BUSY,assigned_order
1666581917,2098,state_change,BUSY,assigned_order
1666581917,2188,state_change,BUSY,assigned_order
1666581917,829,state_change,BUSY,assigned_order
1666581917,2899,state_change,BUSY,assigned_order
1666581917,1731,state_change,BUSY,assigned_order
1666581917,1332,state_change,BUSY,assigned_order
1666581917,854,state_change,BUSY,assigned_order
1666581917,3476,state_change,BUSY,assigned_order
1666581917,1595,state_change,BUSY,assigned_order
1666581917,2581,state_change,BUSY,assigned_order
1666581917,1247,state_change,BUSY,assigned_order
1666581917,3147,state_change,BUSY,assigned_order
1666581917,2571,state_change,BUSY,assigned_order
1666581917,2395,state_change,BUSY,assigned_order
1666581917,3055,state_change,BUSY,assigned_order
1666581917,625,state_change,BUSY,assigned_order
1666581917,251,state_change,BUSY,assigned_order
1666581917,3205,state_change,BUSY,assigned_order
1666581917,3381,state_change,BUSY,assigned_order
1666581917,1115,state_change,BUSY,assigned_order
1666581917,2820,state_change,BUSY,assigned_order
1666581917,2805,state_change,BUSY,assigned_order
1666581917,3373,state_change,BUSY,assigned_order
1666581917,124,state_change,BUSY,assigned_order
1666581917,4512,state_change,BUSY,assigned_order
1666581917,3857,state_change,BUSY,assigned_order
1666581917,3137,state_change,BUSY,assigned_order
1666581917,851,state_change,BUSY,assigned_order
1666581917,536,state_change,BUSY,assigned_order
1666581917,775,state_change,BUSY,assigned_order
1666581917,1622,state_change,BUSY,assigned_order
1666581917,1412,state_change,BUSY,assigned_order
1666581917,1547,state_change,BUSY,assigned_order
1666581917,777,state_change,BUSY,assigned_order
1666581917,2080,state_change,BUSY,assigned_order
1666581917,4398,state_change,BUSY,assigned_order
1666581917,1548,state_change,BUSY,assigned_order
1666581917,306,state_change,BUSY,assigned_order
1666581917,4212,state_change,BUSY,assigned_order
1666581917,555,state_change,BUSY,assigned_order
1666581917,3712,state_change,BUSY,assigned_order
1666581917,780,state_change,BUSY,assigned_order
1666581917,313,state_change,BUSY,assigned_order
1666581917,3961,state_change,BUSY,assigned_order
1666581917,4187,state_change,BUSY,assigned_order
1666581917,4096,state_change,BUSY,assigned_order
1666581917,2623,state_change,BUSY,assigned_order
1666581917,1111,state_change,BUSY,assigned_order
1666581917,2856,state_change,BUSY,assigned_order
1666581917,2844,state_change,BUSY,assigned_order
1666581917,2869,state_change,BUSY,assigned_order
1666581917,239,state_change,BUSY,assigned_order
1666581917,1913,state_change,BUSY,assigned_order
1666581917,4537,state_change,BUSY,assigned_order
1666581917,4194,state_change,BUSY,assigned_order
1666581917,1736,state_change,BUSY,assigned_order
1666581917,1073,state_change,BUSY,assigned_order
1666581917,528,state_change,BUSY,assigned_order
1666581917,2311,state_change,BUSY,assigned_order
1666581917,892,state_change,BUSY,assigned_order
1666581917,2735,state_change,BUSY,assigned_order
1666581917,868,state_change,BUSY,assigned_order
1666581917,2776,state_change,BUSY,assigned_order
1666581917,2307,state_change,BUSY,assigned_order
1666581917,385,state_change,BUSY,assigned_order
1666581917,57,state_change,BUSY,assigned_order
1666581917,2555,state_change,BUSY,assigned_order
1666581917,1421,state_change,BUSY,assigned_order
1666581917,2635,state_change,BUSY,assigned_order
1666581917,2404,state_change,BUSY,assigned_order
1666581917,767,state_change,BUSY,assigned_order
1666581917,1362,state_change,BUSY,assigned_order
1666581917,1935,state_change,BUSY,assigned_order
1666581917,984,state_change,BUSY,assigned_order
1666581917,816,state_change,BUSY,assigned_order
1666581917,1033,state_change,BUSY,assigned_order
1666581917,292,state_change,BUSY,assigned_order
1666581917,1788,state_change,BUSY,assigned_order
1666582037,2219,state_change,BUSY,assigned_order
1666582037,961,state_change,BUSY,assigned_order
1666582037,2989,state_change,BUSY,assigned_order
1666582037,1007,state_change,BUSY,assigned_order
1666582037,2646,state_change,BUSY,assigned_order
1666582037,1462,state_change,BUSY,assigned_order
1666582037,1286,state_change,BUSY,assigned_order
1666582037,84,state_change,BUSY,assigned_order
1666582037,2079,state_change,BUSY,assigned_order
1666582037,391,state_change,BUSY,assigned_order
1666582037,2592,state_change,BUSY,assigned_order
1666582037,3289,state_change,BUSY,assigned_order
1666582037,1599,state_change,BUSY,assigned_order
1666582037,982,state_change,BUSY,assigned_order
1666582037,2999,state_change,BUSY,assigned_order
1666582037,1950,state_change,BUSY,assigned_order
1666582037,1288,state_change,BUSY,assigned_order
1666582037,1448,state_change,BUSY,assigned_order
1666582037,2985,state_change,BUSY,assigned_order
1666582037,2133,state_change,BUSY,assigned_order
1666582037,3437,state_change,BUSY,assigned_order
1666582037,3165,state_change,BUSY,assigned_order
1666582037,1721,state_change,BUSY,assigned_order
1666582037,2082,state_change,BUSY,assigned_order
1666582037,3541,state_change,BUSY,assigned_order
1666582037,4019,state_change,BUSY,assigned_order
1666582037,2068,state_change,BUSY,assigned_order
1666582037,647,state_change,BUSY,assigned_order
1666582037,1787,state_change,BUSY,assigned_order
1666582037,3397,state_change,BUSY,assigned_order
1666582037,740,state_change,BUSY,assigned_order
1666582037,2755,state_change,BUSY,assigned_order
1666582037,1925,state_change,BUSY,assigned_order
1666582037,1997,state_change,BUSY,assigned_order
1666582037,857,state_change,BUSY,assigned_order
1666582037,3375,state_change,BUSY,assigned_order
1666582037,2063,state_change,BUSY,assigned_order
1666582037,4017,state_change,BUSY,assigned_order
1666582037,2683,state_change,BUSY,assigned_order
1666582037,4094,state_change,BUSY,assigned_order
1666582037,2169,state_change,BUSY,assigned_order
1666582037,238,state_change,BUSY,assigned_order
1666582037,2383,state_change,BUSY,assigned_order
1666582037,1620,state_change,BUSY,assigned_order
1666582037,566,state_change,BUSY,assigned_order
1666582037,2470,state_change,BUSY,assigned_order
1666582037,4803,state_change,BUSY,assigned_order
1666582037,1688,state_change,BUSY,assigned_order
1666582037,2503,state_change,BUSY,assigned_order
1666582037,4183,state_change,BUSY,assigned_order
1666582037,2793,state_change,BUSY,assigned_order
1666582037,2714,state_change,BUSY,assigned_order
1666582037,47,state_change,BUSY,assigned_order
1666582037,4108,state_change,BUSY,assigned_order
1666582037,3728,state_change,BUSY,assigned_order
1666582037,456,state_change,BUSY,assigned_order
1666582037,4030,state_change,BUSY,assigned_order
1666582037,1781,state_change,BUSY,assigned_order
1666582037,2570,state_change,BUSY,assigned_order
1666582037,4175,state_change,BUSY,assigned_order
1666582037,27,state_change,BUSY,assigned_order
1666582037,4116,state_change,BUSY,assigned_order
1666582037,258,state_change,BUSY,assigned_order
1666582037,2403,state_change,BUSY,assigned_order
1666582037,3896,state_change,BUSY,assigned_order
1666582037,1349,state_change,BUSY,assigned_order
1666582037,1827,state_change,BUSY,assigned_order
1666582037,1837,state_change,BUSY,assigned_order
1666582037,287,state_change,BUSY,assigned_order
1666582037,320,state_change,BUSY,assigned_order
1666582037,63,state_change,BUSY,assigned_order
1666582037,830,state_change,BUSY,assigned_order
1666582037,2978,state_change,BUSY,assigned_order
1666582037,2018,state_change,BUSY,assigned_order
1666582037,3565,state_change,BUSY,assigned_order
1666582037,1743,state_change,BUSY,assigned_order
1666582037,393,state_change,BUSY,assigned_order
1666582037,1726,state_change,BUSY,assigned_order
1666582037,3982,state_change,BUSY,assigned_order
1666582037,3873,state_change,BUSY,assigned_order
1666582037,461,state_change,BUSY,assigned_order
1666582037,865,state_change,BUSY,assigned_order
1666582037,3527,state_change,BUSY,assigned_order
1666582037,2558,state_change,BUSY,assigned_order
1666582037,2629,state_change,BUSY,assigned_order
1666582037,997,state_change,BUSY,assigned_order
1666582037,1432,state_change,BUSY,assigned_order
1666582037,1700,state_change,BUSY,assigned_order
1666582037,2815,state_change,BUSY,assigned_order
1666582037,3748,state_change,BUSY,assigned_order
1666582037,3276,state_change,BUSY,assigned_order
1666582037,3030,state_change,BUSY,assigned_order
1666582037,4038,state_change,BUSY,assigned_order
1666582037,1986,state_change,BUSY,assigned_order
1666582037,4276,state_change,BUSY,assigned_order
1666582037,2464,state_change,BUSY,assigned_order
1666582037,288,state_change,BUSY,assigned_order
1666582037,3492,state_change,BUSY,assigned_order
1666582037,2546,state_change,BUSY,assigned_order
1666582037,4207,state_change,BUSY,assigned_order
1666582037,1241,state_change,BUSY,assigned_order
1666582037,698,state_change,BUSY,assigned_order
1666582037,718,state_change,BUSY,assigned_order
1666582037,3754,state_change,BUSY,assigned_order
1666582037,4696,state_change,BUSY,assigned_order
1666582037,987,state_change,BUSY,assigned_order
1666582037,932,state_change,BUSY,assigned_order
1666582037,2781,state_change,BUSY,assigned_order
1666582037,1658,state_change,BUSY,assigned_order
1666582037,1,state_change,BUSY,assigned_order
1666582037,2688,state_change,BUSY,assigned_order
1666582037,3449,state_change,BUSY,assigned_order
1666582037,1587,state_change,BUSY,assigned_order
1666582037,120,state_change,BUSY,assigned_order
1666582037,115,state_change,BUSY,assigned_order
1666582037,1227,state_change,BUSY,assigned_order
1666582037,3454,state_change,BUSY,assigned_order
1666582037,1089,state_change,BUSY,assigned_order
1666582037,46,state_change,BUSY,assigned_order
1666582037,1420,state_change,BUSY,assigned_order
1666582037,736,state_change,BUSY,assigned_order
1666582037,2448,state_change,BUSY,assigned_order
1666582037,3799,state_change,BUSY,assigned_order
1666582037,1949,state_change,BUSY,assigned_order
1666582037,1880,state_change,BUSY,assigned_order
1666582037,2573,state_change,BUSY,assigned_order
1666582037,2052,state_change,BUSY,assigned_order
1666582037,852,state_change,BUSY,assigned_order
1666582217,301,state_change,BUSY,assigned_order
1666582217,3410,state_change,BUSY,assigned_order
1666582217,492,state_change,BUSY,assigned_order
1666582217,749,state_change,BUSY,assigned_order
1666582217,1501,state_change,BUSY,assigned_order
1666582217,2990,state_change,BUSY,assigned_order
1666582217,3537,state_change,BUSY,assigned_order
1666582217,2919,state_change,BUSY,assigned_order
1666582217,1106,state_change,BUSY,assigned_order
1666582217,1356,state_change,BUSY,assigned_order
1666582217,68,state_change,BUSY,assigned_order
1666582217,1555,state_change,BUSY,assigned_order
1666582217,4647,state_change,BUSY,assigned_order
1666582217,1143,state_change,BUSY,assigned_order
1666582217,551,state_change,BUSY,assigned_order
1666582217,4539,state_change,BUSY,assigned_order
1666582217,2506,state_change,BUSY,assigned_order
1666582217,3620,state_change,BUSY,assigned_order
1666582217,3764,state_change,BUSY,assigned_order
1666582217,1993,state_change,BUSY,assigned_order
1666582217,1465,state_change,BUSY,assigned_order
1666582217,3457,state_change,BUSY,assigned_order
1666582217,3106,state_change,BUSY,assigned_order
1666582217,666,state_change,BUSY,assigned_order
1666582217,3141,state_change,BUSY,assigned_order
1666582217,243,state_change,BUSY,assigned_order
1666582217,3391,state_change,BUSY,assigned_order
1666582217,1113,state_change,BUSY,assigned_order
1666582217,440,state_change,BUSY,assigned_order
1666582217,1890,state_change,BUSY,assigned_order
1666582217,49,state_change,BUSY,assigned_order
1666582217,309,state_change,BUSY,assigned_order
1666582217,1132,state_change,BUSY,assigned_order
1666582217,1606,state_change,BUSY,assigned_order
1666582217,2517,state_change,BUSY,assigned_order
1666582217,1863,state_change,BUSY,assigned_order
1666582217,1331,state_change,BUSY,assigned_order
1666582217,3087,state_change,BUSY,assigned_order
1666582217,1157,state_change,BUSY,assigned_order
1666582217,3360,state_change,BUSY,assigned_order
1666582217,1755,state_change,BUSY,assigned_order
1666582217,3453,state_change,BUSY,assigned_order
1666582217,4566,state_change,BUSY,assigned_order
1666582217,3586,state_change,BUSY,assigned_order
1666582217,2861,state_change,BUSY,assigned_order
1666582217,4360,state_change,BUSY,assigned_order
1666582217,1468,state_change,BUSY,assigned_order
1666582217,389,state_change,BUSY,assigned_order
1666582217,3750,state_change,BUSY,assigned_order
1666582217,1884,state_change,BUSY,assigned_order
1666582217,1523,state_change,BUSY,assigned_order
1666582217,3674,state_change,BUSY,assigned_order
1666582217,1740,state_change,BUSY,assigned_order
1666582217,205,state_change,BUSY,assigned_order
1666582217,2135,state_change,BUSY,assigned_order
1666582217,910,state_change,BUSY,assigned_order
1666582217,1685,state_change,BUSY,assigned_order
1666582217,928,state_change,BUSY,assigned_order
1666582217,1338,state_change,BUSY,assigned_order
1666582217,964,state_change,BUSY,assigned_order
1666582217,1084,state_change,BUSY,assigned_order
1666582217,2538,state_change,BUSY,assigned_order
1666582217,156,state_change,BUSY,assigned_order
1666582217,1384,state_change,BUSY,assigned_order
1666582217,3523,state_change,BUSY,assigned_order
1666582217,1977,state_change,BUSY,assigned_order
1666582217,3497,state_change,BUSY,assigned_order
1666582217,4731,state_change,BUSY,assigned_order
1666582217,2484,state_change,BUSY,assigned_order
1666582217,2372,state_change,BUSY,assigned_order
1666582217,1706,state_change,BUSY,assigned_order
1666582217,1473,state_change,BUSY,assigned_order
1666582217,4023,state_change,BUSY,assigned_order
1666582217,4782,state_change,BUSY,assigned_order
1666582217,531,state_change,BUSY,assigned_order
1666582217,2563,state_change,BUSY,assigned_order
1666582217,2965,state_change,BUSY,assigned_order
1666582217,2667,state_change,BUSY,assigned_order
1666582217,30,state_change,BUSY,assigned_order
1666582217,2392,state_change,BUSY,assigned_order
1666582217,1317,state_change,BUSY,assigned_order
1666582217,3040,state_change,BUSY,assigned_order
1666582217,1223,state_change,BUSY,assigned_order
1666582217,118,state_change,BUSY,assigned_order
1666582217,3870,state_change,BUSY,assigned_order
1666582217,1967,state_change,BUSY,assigned_order
1666582217,2177,state_change,BUSY,assigned_order
1666582217,1600,state_change,BUSY,assigned_order
1666582217,447,state_change,BUSY,assigned_order
1666582217,1347,state_change,BUSY,assigned_order
1666582217,753,state_change,BUSY,assigned_order
1666582217,2595,state_change,BUSY,assigned_order
1666582217,162,state_change,BUSY,assigned_order
1666582217,4708,state_change,BUSY,assigned_order
1666582217,750,state_change,BUSY,assigned_order
1666582217,143,state_change,BUSY,assigned_order
1666582217,2037,state_change,BUSY,assigned_order
1666582217,1790,state_change,BUSY,assigned_order
1666582217,3174,state_change,BUSY,assigned_order
1666582217,1149,state_change,BUSY,assigned_order
1666582217,1693,state_change,BUSY,assigned_order
1666582217,3658,state_change,BUSY,assigned_order
1666582217,3277,state_change,BUSY,assigned_order
1666582217,457,state_change,BUSY,assigned_order
1666582217,583,state_change,BUSY,assigned_order
1666582217,1423,state_change,BUSY,assigned_order
1666582217,3330,state_change,BUSY,assigned_order
1666582217,3218,state_change,BUSY,assigned_order
1666582217,335,state_change,BUSY,assigned_order
1666582217,967,state_change,BUSY,assigned_order
1666582217,562,state_change,BUSY,assigned_order
1666582217,485,state_change,BUSY,assigned_order
1666582217,3,state_change,BUSY,assigned_order
1666582217,2087,state_change,BUSY,assigned_order
