dispatch_time,order_id,baseline_assigned_courier_id,baseline_cost,baseline_courier_rank_by_cost,is_assigned_by_baseline,was_accepted,actual_assigned_courier_id,is_match_with_actual,num_orders_in_batch,num_couriers_in_pool,order_pickup_lat,order_pickup_lng,baseline_courier_lat,baseline_courier_lng,actual_courier_lat,actual_courier_lng,platform_order_time,wait_for_assignment_seconds,cost_function,mode,strategy_key,bundling_on,micro_batch_sec,unit_type,bundle_size
1665977114,85993,3198,88.09086218218096,1,True,True,905,False,658,802,45880173,174546649,45880229,174546581,0,0,1665976876,238,distance_to_pickup,BATCH,hungarian,0,0,order,1
1665977114,6485,2903,67.89698078707183,1,True,True,875,False,658,802,45860664,174572467,45860597,174572478,0,0,1665976986,128,distance_to_pickup,BATCH,hungarian,0,0,order,1
1665977114,273389,93,32.202484376209235,1,True,True,925,False,658,802,45895620,174555818,45895639,174555792,0,0,1665976805,309,distance_to_pickup,BATCH,hungarian,0,0,order,1
1665977114,51479,1175,68.8839603971781,1,True,True,3283,False,658,802,45860164,174572482,45860103,174572514,0,0,1665976910,204,distance_to_pickup,BATCH,hungarian,0,0,order,1
1665977114,480559,3001,51.03920062069938,1,True,True,538,False,658,802,45879921,174546626,45879892,174546584,0,0,1665976504,610,distance_to_pickup,BATCH,hungarian,0,0,order,1
1665977114,162151,309,25.317977802344327,1,True,True,1105,False,658,802,45892908,174566908,45892883,174566912,0,0,1665976864,250,distance_to_pickup,BATCH,hungarian,0,0,order,1
1665977114,110606,2518,53.33854141237835,1,True,True,1102,False,658,802,45892958,174566355,45892952,174566408,0,0,1665977085,29,distance_to_pickup,BATCH,hungarian,0,0,order,1
1665977114,48301,372,35.0,1,True,True,538,False,658,802,45879921,174546626,45879900,174546598,0,0,1665976904,210,distance_to_pickup,BATCH,hungarian,0,0,order,1
1665977114,6491,723,92.31467922275417,1,True,True,905,False,658,802,45880173,174546649,45880244,174546708,0,0,1665976980,134,distance_to_pickup,BATCH,hungarian,0,0,order,1
1665977114,398151,546,83.60023923410746,1,True,True,305,False,658,802,45885839,174536161,45885889,174536094,0,0,1665976282,832,distance_to_pickup,BATCH,hungarian,0,0,order,1
1665977114,270517,2040,44.40720662234904,1,True,True,2040,True,658,802,45890444,174572525,45890488,174572519,0,0,1665976537,577,distance_to_pickup,BATCH,hungarian,0,0,order,1
1665977114,89113,3552,20.0,1,True,True,483,False,658,802,45880013,174634613,45880013,174634633,0,0,1665976122,992,distance_to_pickup,BATCH,hungarian,0,0,order,1
1665977114,408974,963,39.408120990476064,1,True,True,2733,False,658,802,45858344,174577760,45858376,174577783,0,0,1665977053,61,distance_to_pickup,BATCH,hungarian,0,0,order,1
1665977114,516911,184,27.730849247724095,1,True,True,2485,False,658,802,46062288,174947094,46062263,174947106,0,0,1665977094,20,distance_to_pickup,BATCH,hungarian,0,0,order,1
1665977114,424982,2132,89.87213138676528,1,True,True,3750,False,658,802,45859811,174572316,45859745,174572255,0,0,1665976879,235,distance_to_pickup,BATCH,hungarian,0,0,order,1
1665977114,527294,1131,24.331050121192877,1,True,True,2773,False,658,802,45894842,174555253,45894866,174555249,0,0,1665976854,260,distance_to_pickup,BATCH,hungarian,0,0,order,1
1665977114,384546,3870,79.2464510246358,1,True,True,3708,False,658,802,45874800,174648440,45874878,174648426,0,0,1665976837,277,distance_to_pickup,BATCH,hungarian,0,0,order,1
1665977114,16104,1558,58.463663928973865,1,True,True,697,False,658,802,45879648,174648076,45879635,174648019,0,0,1665976702,412,distance_to_pickup,BATCH,hungarian,0,0,order,1
1665977114,81,1089,63.00793600809346,1,True,True,2968,False,658,802,45898320,174550193,45898371,174550156,0,0,1665976529,585,distance_to_pickup,BATCH,hungarian,0,0,order,1
1665977114,456867,88,69.40461079784254,1,True,True,2788,False,658,802,45866359,174536720,45866400,174536664,0,0,1665976934,180,distance_to_pickup,BATCH,hungarian,0,0,order,1
1665977114,304463,1042,72.53275122315436,1,True,True,3825,False,658,802,45887997,174533308,45888067,174533289,0,0,1665977096,18,distance_to_pickup,BATCH,hungarian,0,0,order,1
1665977114,177196,561,39.11521443121589,1,True,True,1643,False,658,802,45893543,174584356,45893564,174584323,0,0,1665977081,33,distance_to_pickup,BATCH,hungarian,0,0,order,1
1665977114,446268,2046,99.32270636667126,1,True,True,228,False,658,802,45919710,174542209,45919702,174542308,0,0,1665977071,43,distance_to_pickup,BATCH,hungarian,0,0,order,1
1665977114,315757,1760,80.30566605165541,1,True,True,2086,False,658,802,45907047,174573121,45906967,174573128,0,0,1665977082,32,distance_to_pickup,BATCH,hungarian,0,0,order,1
1665977114,28940,559,59.841457201508724,1,True,True,4319,False,658,802,45864620,174583120,45864679,174583130,0,0,1665977066,48,distance_to_pickup,BATCH,hungarian,0,0,order,1
1665977114,555829,2498,86.97700845625813,1,True,True,2063,False,658,802,45869487,174570705,45869405,174570734,0,0,1665977077,37,distance_to_pickup,BATCH,hungarian,0,0,order,1
1665977114,6492,2478,40.8166632639171,1,True,True,2003,False,658,802,45766245,174567179,45766224,174567214,0,0,1665977072,42,distance_to_pickup,BATCH,hungarian,0,0,order,1
1665977114,25815,4130,75.8023746329889,1,True,False,4019,False,658,802,45897008,174553031,45897019,174552956,0,0,1665976161,953,distance_to_pickup,BATCH,hungarian,0,0,order,1
1665977114,392759,2835,69.57010852370435,1,True,False,2742,False,658,802,45886884,174562531,45886862,174562597,0,0,1665977075,39,distance_to_pickup,BATCH,hungarian,0,0,order,1
1665977114,177195,101,86.83317338436964,1,True,False,1831,False,658,802,45875792,174574232,45875750,174574308,0,0,1665976816,298,distance_to_pickup,BATCH,hungarian,0,0,order,1
1665977114,48304,3536,81.74350127074322,1,True,False,1704,False,658,802,45863396,174583501,45863375,174583422,0,0,1665977042,72,distance_to_pickup,BATCH,hungarian,0,0,order,1
1665977114,247681,2311,53.23532661682466,1,True,False,2332,False,658,802,45896070,174555813,45896017,174555818,0,0,1665976572,542,distance_to_pickup,BATCH,hungarian,0,0,order,1
1665977114,522089,1027,46.95742752749558,1,True,False,2730,False,658,802,45879771,174546630,45879750,174546588,0,0,1665976612,502,distance_to_pickup,BATCH,hungarian,0,0,order,1
1665977114,427561,1111,38.2099463490856,1,True,False,2850,False,658,802,45912621,174588027,45912649,174588053,0,0,1665977079,35,distance_to_pickup,BATCH,hungarian,0,0,order,1
1665977234,92243,775,89.87213138676528,1,True,True,3170,False,1255,855,45874747,174650152,45874686,174650218,0,0,1665976364,870,distance_to_pickup,BATCH,hungarian,0,0,order,1
1665977234,488203,402,94.87360012142472,1,True,True,723,False,1255,855,45879720,174547850,45879771,174547930,0,0,1665976566,668,distance_to_pickup,BATCH,hungarian,0,0,order,1
1665977234,247681,3748,31.38470965295043,1,True,True,2332,False,1255,855,45896070,174555813,45896058,174555784,0,0,1665976572,662,distance_to_pickup,BATCH,hungarian,0,0,order,1
1665977234,432901,2705,52.630789467763066,1,True,True,981,False,1255,855,45867403,174569758,45867362,174569725,0,0,1665976614,620,distance_to_pickup,BATCH,hungarian,0,0,order,1
1665977234,215713,3647,51.419840528729765,1,True,True,2038,False,1255,855,45859352,174579486,45859364,174579536,0,0,1665976707,527,distance_to_pickup,BATCH,hungarian,0,0,order,1
1665977234,524706,226,25.059928172283335,1,True,True,4170,False,1255,855,45912080,174529170,45912102,174529158,0,0,1665976770,464,distance_to_pickup,BATCH,hungarian,0,0,order,1
1665977234,6489,4308,56.356011214421486,1,True,True,2557,False,1255,855,45911894,174529244,45911868,174529194,0,0,1665976873,361,distance_to_pickup,BATCH,hungarian,0,0,order,1
1665977234,456858,2041,70.45565981523414,1,True,True,1562,False,1255,855,45851420,174554680,45851350,174554688,0,0,1665976904,330,distance_to_pickup,BATCH,hungarian,0,0,order,1
1665977234,348809,2318,89.89438247187641,1,True,True,689,False,1255,855,45885675,174551319,45885716,174551399,0,0,1665976981,253,distance_to_pickup,BATCH,hungarian,0,0,order,1
1665977234,48304,227,91.21403400793103,1,True,True,1704,False,1255,855,45863396,174583501,45863324,174583445,0,0,1665977042,192,distance_to_pickup,BATCH,hungarian,0,0,order,1
1665977234,400939,263,91.40021881811882,1,True,True,161,False,1255,855,45877161,174545529,45877216,174545602,0,0,1665977048,186,distance_to_pickup,BATCH,hungarian,0,0,order,1
1665977234,147009,3817,51.22499389946279,1,True,True,1700,False,1255,855,45820232,174523174,45820272,174523142,0,0,1665977049,185,distance_to_pickup,BATCH,hungarian,0,0,order,1
1665977234,147011,3071,66.85057965343307,1,True,True,2186,False,1255,855,45871167,174595947,45871105,174595922,0,0,1665977069,165,distance_to_pickup,BATCH,hungarian,0,0,order,1
1665977234,427561,1111,47.16990566028302,1,True,True,2850,False,1255,855,45912621,174588027,45912646,174588067,0,0,1665977079,155,distance_to_pickup,BATCH,hungarian,0,0,order,1
1665977234,498614,2159,48.79549159502341,1,True,True,2159,True,1255,855,46052393,174932299,46052428,174932265,0,0,1665977098,136,distance_to_pickup,BATCH,hungarian,0,0,order,1
1665977234,110599,1168,86.12200647918046,1,True,True,2689,False,1255,855,45894842,174555253,45894758,174555272,0,0,1665976933,301,distance_to_pickup,BATCH,hungarian,0,0,order,1
1665977234,35356,3670,79.05694150420949,1,True,True,2827,False,1255,855,45896070,174555813,45895991,174555816,0,0,1665976660,574,distance_to_pickup,BATCH,hungarian,0,0,order,1
1665977234,267692,4130,71.16881339463234,1,True,True,4542,False,1255,855,45897087,174552977,45897019,174552956,0,0,1665976874,360,distance_to_pickup,BATCH,hungarian,0,0,order,1
1665977234,67153,1308,27.459060435491963,1,True,True,2739,False,1255,855,45870933,174595486,45870948,174595463,0,0,1665975990,1244,distance_to_pickup,BATCH,hungarian,0,0,order,1
1665977234,165198,3004,73.38937252763509,1,True,True,1314,False,1255,855,45886063,174587132,45886088,174587063,0,0,1665976656,578,distance_to_pickup,BATCH,hungarian,0,0,order,1
1665977234,156045,4002,44.553338819890925,1,True,True,1585,False,1255,855,45898786,174565946,45898793,174565990,0,0,1665976985,249,distance_to_pickup,BATCH,hungarian,0,0,order,1
1665977234,400941,2383,38.63935817272331,1,True,True,24,False,1255,855,45880121,174546722,45880159,174546715,0,0,1665977190,44,distance_to_pickup,BATCH,hungarian,0,0,order,1
1665977234,440991,1599,98.85848471426213,1,True,True,3176,False,1255,855,45849647,174566845,45849570,174566783,0,0,1665976793,441,distance_to_pickup,BATCH,hungarian,0,0,order,1
1665977234,398166,2687,45.79301256742124,1,True,True,2090,False,1255,855,45864108,174582488,45864084,174582527,0,0,1665976974,260,distance_to_pickup,BATCH,hungarian,0,0,order,1
1665977234,419687,920,95.71833680126291,1,True,True,1311,False,1255,855,45860440,174563526,45860521,174563475,0,0,1665977186,48,distance_to_pickup,BATCH,hungarian,0,0,order,1
1665977234,73403,2367,32.802438933713454,1,True,True,2005,False,1255,855,45885789,174597626,45885815,174597646,0,0,1665976745,489,distance_to_pickup,BATCH,hungarian,0,0,order,1
1665977234,236071,2123,45.5411901469428,1,True,True,4201,False,1255,855,45873880,174576720,45873925,174576713,0,0,1665977195,39,distance_to_pickup,BATCH,hungarian,0,0,order,1
1665977234,233019,4030,85.47514258543241,1,True,True,4483,False,1255,855,45905814,174527696,45905823,174527781,0,0,1665976646,588,distance_to_pickup,BATCH,hungarian,0,0,order,1
1665977234,501221,759,10.816653826391969,1,True,True,2345,False,1255,855,45877486,174529889,45877495,174529883,0,0,1665976794,440,distance_to_pickup,BATCH,hungarian,0,0,order,1
1665977234,134870,2330,50.695167422546305,1,True,True,1220,False,1255,855,45865184,174556784,45865135,174556771,0,0,1665977116,118,distance_to_pickup,BATCH,hungarian,0,0,order,1
1665977234,524718,4708,91.02197536858887,1,True,True,2581,False,1255,855,45859277,174579627,45859368,174579629,0,0,1665977196,38,distance_to_pickup,BATCH,hungarian,0,0,order,1
1665977234,514349,3835,62.96824596572466,1,True,True,2134,False,1255,855,45870486,174595427,45870452,174595374,0,0,1665977174,60,distance_to_pickup,BATCH,hungarian,0,0,order,1
1665977234,6480,3408,59.665735560705194,1,True,True,2972,False,1255,855,45871124,174595611,45871162,174595657,0,0,1665976753,481,distance_to_pickup,BATCH,hungarian,0,0,order,1
1665977234,509052,451,30.0,1,True,True,2751,False,1255,855,45885082,174594249,45885052,174594249,0,0,1665977034,200,distance_to_pickup,BATCH,hungarian,0,0,order,1
1665977234,373809,1960,46.32493928760188,1,True,True,820,False,1255,855,45905959,174530746,45905920,174530771,0,0,1665977182,52,distance_to_pickup,BATCH,hungarian,0,0,order,1
1665977234,384543,1475,64.03124237432849,1,True,True,62,False,1255,855,45885578,174542014,45885618,174541964,0,0,1665976628,606,distance_to_pickup,BATCH,hungarian,0,0,order,1
1665977234,119642,1719,17.46424919657298,1,True,True,536,False,1255,855,45860748,174572540,45860755,174572524,0,0,1665976920,314,distance_to_pickup,BATCH,hungarian,0,0,order,1
1665977234,472653,2506,76.92203845452875,1,True,True,2900,False,1255,855,45887808,174581517,45887734,174581538,0,0,1665976547,687,distance_to_pickup,BATCH,hungarian,0,0,order,1
1665977234,51472,1215,77.47257579298626,1,True,True,3167,False,1255,855,45890444,174572525,45890515,174572494,0,0,1665976809,425,distance_to_pickup,BATCH,hungarian,0,0,order,1
1665977234,247697,871,66.75327707311455,1,True,True,1962,False,1255,855,45868705,174574372,45868771,174574382,0,0,1665977196,38,distance_to_pickup,BATCH,hungarian,0,0,order,1
1665977234,144005,1721,38.600518131237564,1,True,True,723,False,1255,855,45879887,174546555,45879856,174546532,0,0,1665976700,534,distance_to_pickup,BATCH,hungarian,0,0,order,1
1665977234,371050,1231,32.64965543462902,1,True,True,2112,False,1255,855,45867462,174566858,45867483,174566883,0,0,1665977178,56,distance_to_pickup,BATCH,hungarian,0,0,order,1
1665977234,304438,1527,29.0,1,True,True,536,False,1255,855,45859780,174572470,45859809,174572470,0,0,1665976098,1136,distance_to_pickup,BATCH,hungarian,0,0,order,1
1665977234,45059,249,69.87131027825369,1,True,False,278,False,1255,855,45898320,174550193,45898331,174550262,0,0,1665976892,342,distance_to_pickup,BATCH,hungarian,0,0,order,1
1665977234,19402,412,65.19202405202648,1,True,False,1587,False,1255,855,45897008,174553031,45897069,174553054,0,0,1665977005,229,distance_to_pickup,BATCH,hungarian,0,0,order,1
1665977234,12970,3267,99.35793878699377,1,True,False,1061,False,1255,855,45889986,174545204,45889922,174545128,0,0,1665977046,188,distance_to_pickup,BATCH,hungarian,0,0,order,1
1665977234,70298,4276,86.09297300012354,1,True,False,2972,False,1255,855,45871124,174595611,45871198,174595655,0,0,1665976749,485,distance_to_pickup,BATCH,hungarian,0,0,order,1
1665977414,346091,1063,56.00892785976178,1,True,True,1670,False,1846,863,45868629,174606647,45868573,174606646,0,0,1665976700,714,distance_to_pickup,BATCH,hungarian,0,0,order,1
1665977414,501220,2192,65.86349520030045,1,True,True,2192,True,1846,863,45902763,174586284,45902730,174586227,0,0,1665976723,691,distance_to_pickup,BATCH,hungarian,0,0,order,1
1665977414,273394,835,33.421549934136806,1,True,True,4244,False,1846,863,45919700,174542450,45919674,174542429,0,0,1665976729,685,distance_to_pickup,BATCH,hungarian,0,0,order,1
1665977414,70298,1813,49.8196748283246,1,True,True,2972,False,1846,863,45871124,174595611,45871155,174595650,0,0,1665976749,665,distance_to_pickup,BATCH,hungarian,0,0,order,1
1665977414,212725,4172,77.69813382572325,1,True,True,3520,False,1846,863,45893410,174534952,45893476,174534993,0,0,1665976791,623,distance_to_pickup,BATCH,hungarian,0,0,order,1
1665977414,191940,1546,67.00746227100382,1,True,True,2065,False,1846,863,45864785,174580827,45864838,174580868,0,0,1665976797,617,distance_to_pickup,BATCH,hungarian,0,0,order,1
1665977414,16099,1616,18.439088914585774,1,True,True,2773,False,1846,863,45896150,174555690,45896146,174555672,0,0,1665976831,583,distance_to_pickup,BATCH,hungarian,0,0,order,1
1665977414,290390,1903,43.829214001622255,1,True,True,2827,False,1846,863,45896150,174555690,45896130,174555651,0,0,1665977002,412,distance_to_pickup,BATCH,hungarian,0,0,order,1
1665977414,12970,3267,80.77747210701756,1,True,True,1061,False,1846,863,45889986,174545204,45890016,174545129,0,0,1665977046,368,distance_to_pickup,BATCH,hungarian,0,0,order,1
1665977414,542956,446,60.207972893961475,1,True,True,446,True,1846,863,45769703,174567541,45769763,174567536,0,0,1665977062,352,distance_to_pickup,BATCH,hungarian,0,0,order,1
1665977414,119650,1345,73.55270219373317,1,True,True,2849,False,1846,863,46042834,174939970,46042887,174939919,0,0,1665977071,343,distance_to_pickup,BATCH,hungarian,0,0,order,1
1665977414,200773,1282,69.26037828369117,1,True,True,2187,False,1846,863,45909170,174543120,45909236,174543141,0,0,1665977073,341,distance_to_pickup,BATCH,hungarian,0,0,order,1
1665977414,548101,3203,23.345235059857504,1,True,True,848,False,1846,863,45870386,174606490,45870390,174606467,0,0,1665977078,336,distance_to_pickup,BATCH,hungarian,0,0,order,1
1665977414,451742,1957,22.80350850198276,1,True,True,73,False,1846,863,45883480,174592800,45883498,174592786,0,0,1665977132,282,distance_to_pickup,BATCH,hungarian,0,0,order,1
1665977414,153050,2064,72.17340230306452,1,True,True,3030,False,1846,863,45871180,174595520,45871185,174595592,0,0,1665977158,256,distance_to_pickup,BATCH,hungarian,0,0,order,1
1665977414,150003,412,50.99019513592785,1,True,True,528,False,1846,863,45897462,174552991,45897508,174553013,0,0,1665977184,230,distance_to_pickup,BATCH,hungarian,0,0,order,1
1665977414,212738,44,98.41239759298622,1,True,True,1152,False,1846,863,46043750,174938854,46043661,174938812,0,0,1665977185,229,distance_to_pickup,BATCH,hungarian,0,0,order,1
1665977414,171199,1302,74.68600939935136,1,True,True,1019,False,1846,863,45880121,174546722,45880188,174546755,0,0,1665977188,226,distance_to_pickup,BATCH,hungarian,0,0,order,1
1665977414,183221,2219,99.04544411531506,1,True,True,1292,False,1846,863,45858344,174577760,45858287,174577841,0,0,1665977192,222,distance_to_pickup,BATCH,hungarian,0,0,order,1
1665977414,392762,3852,2.8284271247461903,1,True,True,1180,False,1846,863,45851399,174554321,45851397,174554319,0,0,1665977201,213,distance_to_pickup,BATCH,hungarian,0,0,order,1
1665977414,509055,1927,54.70831746635972,1,True,True,1927,True,1846,863,45769607,174568239,45769654,174568267,0,0,1665977202,212,distance_to_pickup,BATCH,hungarian,0,0,order,1
1665977414,419676,3391,70.60453243241541,1,True,True,2710,False,1846,863,45901666,174579152,45901623,174579208,0,0,1665976804,610,distance_to_pickup,BATCH,hungarian,0,0,order,1
1665977414,144000,4367,26.076809620810597,1,True,True,802,False,1846,863,45858376,174534230,45858402,174534228,0,0,1665977208,206,distance_to_pickup,BATCH,hungarian,0,0,order,1
1665977414,256242,2774,82.05485969764375,1,True,True,939,False,1846,863,45905276,174543687,45905358,174543690,0,0,1665977402,12,distance_to_pickup,BATCH,hungarian,0,0,order,1
1665977414,60884,4309,8.06225774829855,1,True,True,1270,False,1846,863,45860150,174572502,45860158,174572503,0,0,1665976941,473,distance_to_pickup,BATCH,hungarian,0,0,order,1
1665977414,376553,591,76.79192665899195,1,True,True,2005,False,1846,863,45885512,174582807,45885523,174582731,0,0,1665976186,1228,distance_to_pickup,BATCH,hungarian,0,0,order,1
1665977414,244733,3454,76.05918747922567,1,True,True,2189,False,1846,863,45863396,174583501,45863327,174583469,0,0,1665974983,2431,distance_to_pickup,BATCH,hungarian,0,0,order,1
1665977414,183148,4036,74.27651041883968,1,True,True,602,False,1846,863,45859959,174581509,45859905,174581560,0,0,1665958774,18640,distance_to_pickup,BATCH,hungarian,0,0,order,1
1665977414,76571,1414,26.40075756488817,1,True,True,3191,False,1846,863,45879887,174546555,45879871,174546534,0,0,1665976992,422,distance_to_pickup,BATCH,hungarian,0,0,order,1
1665977414,456871,2374,6.708203932499369,1,True,True,693,False,1846,863,45896123,174555589,45896117,174555586,0,0,1665977387,27,distance_to_pickup,BATCH,hungarian,0,0,order,1
1665977414,480569,3668,70.25667228100119,1,True,True,2455,False,1846,863,45868657,174606433,45868663,174606503,0,0,1665977278,136,distance_to_pickup,BATCH,hungarian,0,0,order,1
1665977414,122668,101,76.00657866263946,1,True,True,4201,False,1846,863,45877949,174577975,45877885,174578016,0,0,1665977263,151,distance_to_pickup,BATCH,hungarian,0,0,order,1
1665977414,253386,1306,64.40496875241847,1,True,True,1705,False,1846,863,45875304,174650363,45875332,174650305,0,0,1665977384,30,distance_to_pickup,BATCH,hungarian,0,0,order,1
1665977414,462110,2862,49.33558553417604,1,True,True,1764,False,1846,863,45864108,174582488,45864061,174582503,0,0,1665977284,130,distance_to_pickup,BATCH,hungarian,0,0,order,1
1665977414,267700,2311,46.95742752749558,1,True,True,3565,False,1846,863,45896070,174555813,45896028,174555834,0,0,1665976976,438,distance_to_pickup,BATCH,hungarian,0,0,order,1
1665977414,522067,627,25.0,1,True,True,2850,False,1846,863,45912607,174588126,45912622,174588106,0,0,1665975060,2354,distance_to_pickup,BATCH,hungarian,0,0,order,1
1665977414,119660,3532,56.859475903318,1,True,True,1601,False,1846,863,45921241,174541506,45921293,174541483,0,0,1665977383,31,distance_to_pickup,BATCH,hungarian,0,0,order,1
1665977414,456860,418,3.1622776601683795,1,True,False,4694,False,1846,863,45861655,174583536,45861652,174583537,0,0,1665976915,499,distance_to_pickup,BATCH,hungarian,0,0,order,1
1665977414,488207,3178,50.695167422546305,1,True,False,3178,False,1846,863,45900986,174582830,45901035,174582817,0,0,1665976928,486,distance_to_pickup,BATCH,hungarian,0,0,order,1
1665977414,493445,2887,45.5411901469428,1,True,False,2038,False,1846,863,45856330,174579593,45856323,174579638,0,0,1665976984,430,distance_to_pickup,BATCH,hungarian,0,0,order,1
1665977414,194876,287,24.596747752497688,1,True,False,3731,False,1846,863,45895683,174554863,45895705,174554852,0,0,1665977070,344,distance_to_pickup,BATCH,hungarian,0,0,order,1
1665977414,25847,2689,60.74537019394976,1,True,False,965,False,1846,863,45896190,174554821,45896157,174554770,0,0,1665977163,251,distance_to_pickup,BATCH,hungarian,0,0,order,1
1665977414,73405,1708,88.68483523128404,1,True,False,124,False,1846,863,45880110,174546609,45880066,174546532,0,0,1665977201,213,distance_to_pickup,BATCH,hungarian,0,0,order,1
1666063506,529930,824,51.66236541235796,1,True,True,3029,False,2519,3132,45897803,174552932,45897768,174552894,0,0,1665970940,92566,distance_to_pickup,BATCH,hungarian,0,0,order,1
1666063506,295998,777,66.73080248281148,1,True,True,2883,False,2519,3132,46052348,174943286,46052290,174943253,0,0,1665973017,90489,distance_to_pickup,BATCH,hungarian,0,0,order,1
1666063506,516875,1833,83.60023923410746,1,True,True,1706,False,2519,3132,45860696,174563613,45860763,174563663,0,0,1665974071,89435,distance_to_pickup,BATCH,hungarian,0,0,order,1
1666063506,537933,180,57.62811813689564,1,True,True,2288,False,2519,3132,45898320,174550193,45898365,174550157,0,0,1665974152,89354,distance_to_pickup,BATCH,hungarian,0,0,order,1
1666063506,54571,2179,34.058772731852805,1,True,True,1366,False,2519,3132,45898786,174565946,45898784,174565980,0,0,1665974562,88944,distance_to_pickup,BATCH,hungarian,0,0,order,1
1666063506,321239,1250,83.00602387778854,1,True,True,748,False,2519,3132,45895360,174576670,45895409,174576603,0,0,1665975880,87626,distance_to_pickup,BATCH,hungarian,0,0,order,1
1666063506,250552,1828,19.1049731745428,1,True,True,4891,False,2519,3132,45882550,174555124,45882537,174555110,0,0,1665975963,87543,distance_to_pickup,BATCH,hungarian,0,0,order,1
1666063506,45035,2984,95.71833680126291,1,True,True,3090,False,2519,3132,45905669,174544560,45905618,174544641,0,0,1665976196,87310,distance_to_pickup,BATCH,hungarian,0,0,order,1
1666063506,63978,4404,13.341664064126334,1,True,True,1190,False,2519,3132,45852183,174556342,45852180,174556329,0,0,1665976217,87289,distance_to_pickup,BATCH,hungarian,0,0,order,1
1666063506,165212,603,19.235384061671343,1,True,True,662,False,2519,3132,45877759,174578692,45877750,174578675,0,0,1665976242,87264,distance_to_pickup,BATCH,hungarian,0,0,order,1
1666063506,563512,244,71.28113354878694,1,True,True,1190,False,2519,3132,45852183,174556342,45852143,174556401,0,0,1665976320,87186,distance_to_pickup,BATCH,hungarian,0,0,order,1
1666063506,177214,1232,63.50590523722971,1,True,True,2968,False,2519,3132,45898320,174550193,45898328,174550256,0,0,1665976356,87150,distance_to_pickup,BATCH,hungarian,0,0,order,1
1666063506,183208,745,63.12685640834652,1,True,True,3725,False,2519,3132,45907759,174546285,45907711,174546244,0,0,1665976369,87137,distance_to_pickup,BATCH,hungarian,0,0,order,1
1666063506,430244,681,38.07886552931954,1,True,True,473,False,2519,3132,45890484,174561508,45890451,174561527,0,0,1665976399,87107,distance_to_pickup,BATCH,hungarian,0,0,order,1
1666063506,119635,3662,70.7248188403477,1,True,True,2189,False,2519,3132,45864785,174580827,45864844,174580866,0,0,1665976410,87096,distance_to_pickup,BATCH,hungarian,0,0,order,1
1666063506,186101,2122,47.16990566028302,1,True,True,1145,False,2519,3132,45870533,174595497,45870493,174595472,0,0,1665976462,87044,distance_to_pickup,BATCH,hungarian,0,0,order,1
1666063506,432910,2690,72.44308110509934,1,True,True,34,False,2519,3132,45874726,174648194,45874798,174648202,0,0,1665976473,87033,distance_to_pickup,BATCH,hungarian,0,0,order,1
1666063506,236055,3095,72.91776189653656,1,True,True,749,False,2519,3132,45892850,174552390,45892796,174552439,0,0,1665976527,86979,distance_to_pickup,BATCH,hungarian,0,0,order,1
1666063506,128725,4019,91.40021881811882,1,True,True,2454,False,2519,3132,45892879,174567270,45892806,174567215,0,0,1665976532,86974,distance_to_pickup,BATCH,hungarian,0,0,order,1
1666063506,419684,4509,88.05679985100527,1,True,True,2806,False,2519,3132,45912320,174519710,45912405,174519687,0,0,1665976548,86958,distance_to_pickup,BATCH,hungarian,0,0,order,1
1666063506,9733,1649,95.12623192369179,1,True,True,140,False,2519,3132,45852904,174549538,45852997,174549558,0,0,1665976552,86954,distance_to_pickup,BATCH,hungarian,0,0,order,1
1666063506,376534,43,54.589376255824725,1,True,True,2009,False,2519,3132,45879721,174647791,45879729,174647845,0,0,1665976593,86913,distance_to_pickup,BATCH,hungarian,0,0,order,1
1666063506,218634,1216,97.082439194738,1,True,True,1000,False,2519,3132,45911894,174529244,45911982,174529203,0,0,1665976593,86913,distance_to_pickup,BATCH,hungarian,0,0,order,1
1666063506,490842,1291,66.76076692189807,1,True,True,79,False,2519,3132,45894861,174555310,45894797,174555329,0,0,1665976599,86907,distance_to_pickup,BATCH,hungarian,0,0,order,1
1666063506,548089,4204,75.23961722390672,1,True,True,4204,True,2519,3132,45912080,174529170,45912011,174529200,0,0,1665976614,86892,distance_to_pickup,BATCH,hungarian,0,0,order,1
1666063506,307307,1910,25.45584412271571,1,True,True,552,False,2519,3132,45865238,174556784,45865220,174556766,0,0,1665976626,86880,distance_to_pickup,BATCH,hungarian,0,0,order,1
1666063506,107539,2500,69.3757882838098,1,True,True,3058,False,2519,3132,45871022,174644091,45871004,174644024,0,0,1665976644,86862,distance_to_pickup,BATCH,hungarian,0,0,order,1
1666063506,60877,328,51.54609587543949,1,True,True,1347,False,2519,3132,45862879,174581321,45862863,174581370,0,0,1665976687,86819,distance_to_pickup,BATCH,hungarian,0,0,order,1
1666063506,51477,3162,53.150729063673246,1,True,True,1238,False,2519,3132,45898317,174553837,45898313,174553890,0,0,1665976720,86786,distance_to_pickup,BATCH,hungarian,0,0,order,1
1666063506,110603,448,14.317821063276353,1,True,True,2972,False,2519,3132,45870933,174595486,45870936,174595500,0,0,1665976739,86767,distance_to_pickup,BATCH,hungarian,0,0,order,1
1666063506,381833,186,77.02596964660685,1,True,True,3440,False,2519,3132,45879175,174650529,45879137,174650596,0,0,1665976744,86762,distance_to_pickup,BATCH,hungarian,0,0,order,1
1666063506,483066,1212,66.70832032063167,1,True,True,2836,False,2519,3132,45898392,174553042,45898331,174553015,0,0,1665976746,86760,distance_to_pickup,BATCH,hungarian,0,0,order,1
1666063506,351610,1113,74.43117626371358,1,True,True,3298,False,2519,3132,45856521,174587350,45856559,174587286,0,0,1665976777,86729,distance_to_pickup,BATCH,hungarian,0,0,order,1
1666063506,357219,2183,77.42092740338364,1,True,True,981,False,2519,3132,45874701,174571605,45874638,174571560,0,0,1665976795,86711,distance_to_pickup,BATCH,hungarian,0,0,order,1
1666063506,67174,421,65.92419889539804,1,True,True,1985,False,2519,3132,45883121,174541663,45883186,174541652,0,0,1665976803,86703,distance_to_pickup,BATCH,hungarian,0,0,order,1
1666063506,12976,2659,76.21679604916491,1,True,True,4542,False,2519,3132,45896567,174552813,45896520,174552753,0,0,1665976803,86703,distance_to_pickup,BATCH,hungarian,0,0,order,1
1666063506,191944,3498,41.86884283091664,1,True,True,428,False,2519,3132,45854334,174566846,45854302,174566819,0,0,1665976804,86702,distance_to_pickup,BATCH,hungarian,0,0,order,1
1666063506,95415,1224,84.11896337925236,1,True,True,4001,False,2519,3132,45867117,174556837,45867157,174556911,0,0,1665976805,86701,distance_to_pickup,BATCH,hungarian,0,0,order,1
1666063506,113663,3009,36.87817782917155,1,True,True,981,False,2519,3132,45874701,174571605,45874725,174571577,0,0,1665976807,86699,distance_to_pickup,BATCH,hungarian,0,0,order,1
1666063506,392752,1863,53.075418038862395,1,True,True,3909,False,2519,3132,45898317,174553837,45898353,174553876,0,0,1665976811,86695,distance_to_pickup,BATCH,hungarian,0,0,order,1
1666063506,233028,3554,95.56673061269805,1,True,True,875,False,2519,3132,45859855,174571035,45859762,174571057,0,0,1665976818,86688,distance_to_pickup,BATCH,hungarian,0,0,order,1
1666063506,509048,4283,41.617304093369626,1,True,True,972,False,2519,3132,45867851,174574247,45867817,174574271,0,0,1665976821,86685,distance_to_pickup,BATCH,hungarian,0,0,order,1
1666063506,315751,215,46.010868281309364,1,True,True,974,False,2519,3132,45875142,174590607,45875176,174590638,0,0,1665976828,86678,distance_to_pickup,BATCH,hungarian,0,0,order,1
1666063506,472659,473,60.13318551349163,1,True,True,868,False,2519,3132,45898786,174565946,45898790,174566006,0,0,1665976836,86670,distance_to_pickup,BATCH,hungarian,0,0,order,1
1666063506,371042,528,72.00694410957877,1,True,True,75,False,2519,3132,45898351,174553300,45898287,174553267,0,0,1665976865,86641,distance_to_pickup,BATCH,hungarian,0,0,order,1
1666063506,230205,3980,93.81364506296512,1,True,True,425,False,2519,3132,45887481,174555696,45887426,174555772,0,0,1665976869,86637,distance_to_pickup,BATCH,hungarian,0,0,order,1
1666063506,212729,3104,19.4164878389476,1,True,True,50,False,2519,3132,45865238,174556784,45865222,174556773,0,0,1665976872,86634,distance_to_pickup,BATCH,hungarian,0,0,order,1
1666063506,128718,210,88.83692925805124,1,True,True,3233,False,2519,3132,45895612,174555734,45895658,174555658,0,0,1665976877,86629,distance_to_pickup,BATCH,hungarian,0,0,order,1
1666063506,73408,4626,55.90169943749474,1,True,True,2744,False,2519,3132,45884437,174581933,45884387,174581958,0,0,1665976878,86628,distance_to_pickup,BATCH,hungarian,0,0,order,1
1666063506,45059,110,89.49301648732151,1,True,True,278,False,2519,3132,45898320,174550193,45898235,174550221,0,0,1665976892,86614,distance_to_pickup,BATCH,hungarian,0,0,order,1
1666063506,159039,2689,60.74537019394976,1,True,True,4393,False,2519,3132,45896190,174554821,45896157,174554770,0,0,1665976900,86606,distance_to_pickup,BATCH,hungarian,0,0,order,1
1666063506,48300,4052,81.88406438373708,1,True,True,3071,False,2519,3132,45871427,174624974,45871346,174624986,0,0,1665976901,86605,distance_to_pickup,BATCH,hungarian,0,0,order,1
1666063506,276290,2220,50.24937810560445,1,True,True,168,False,2519,3132,45896168,174555742,45896125,174555768,0,0,1665976901,86605,distance_to_pickup,BATCH,hungarian,0,0,order,1
1666063506,422245,223,97.73944955850733,1,True,True,877,False,2519,3132,45862879,174581321,45862787,174581354,0,0,1665976903,86603,distance_to_pickup,BATCH,hungarian,0,0,order,1
1666063506,368312,313,95.33624704172071,1,True,True,68,False,2519,3132,45877540,174579160,45877548,174579065,0,0,1665976908,86598,distance_to_pickup,BATCH,hungarian,0,0,order,1
1666063506,79834,3460,86.37708029332781,1,True,True,1862,False,2519,3132,45921088,174542209,45921169,174542179,0,0,1665976912,86594,distance_to_pickup,BATCH,hungarian,0,0,order,1
1666063506,535230,878,46.400431032480725,1,True,True,4833,False,2519,3132,45912090,174528833,45912062,174528796,0,0,1665976912,86594,distance_to_pickup,BATCH,hungarian,0,0,order,1
1666063506,282030,2269,29.732137494637012,1,True,True,4647,False,2519,3132,45859227,174576074,45859207,174576052,0,0,1665976913,86593,distance_to_pickup,BATCH,hungarian,0,0,order,1
1666063506,321256,4895,84.15461959987698,1,True,True,2063,False,2519,3132,45874701,174571605,45874780,174571634,0,0,1665976933,86573,distance_to_pickup,BATCH,hungarian,0,0,order,1
1666063506,566062,889,23.853720883753127,1,True,True,2400,False,2519,3132,45869010,174572742,45868990,174572729,0,0,1665976934,86572,distance_to_pickup,BATCH,hungarian,0,0,order,1
1666063506,406334,570,64.07027391856539,1,True,True,791,False,2519,3132,45879636,174648191,45879672,174648244,0,0,1665976936,86570,distance_to_pickup,BATCH,hungarian,0,0,order,1
1666063506,60882,3134,65.03076195155643,1,True,True,1585,False,2519,3132,45898786,174565946,45898784,174565881,0,0,1665976938,86568,distance_to_pickup,BATCH,hungarian,0,0,order,1
1666063506,38507,4339,39.11521443121589,1,True,True,1145,False,2519,3132,45868629,174606647,45868608,174606614,0,0,1665976948,86558,distance_to_pickup,BATCH,hungarian,0,0,order,1
1666063506,329453,714,48.16637831516918,1,True,True,579,False,2519,3132,45895725,174554599,45895773,174554595,0,0,1665976964,86542,distance_to_pickup,BATCH,hungarian,0,0,order,1
1666063506,92255,1928,87.96590248499699,1,True,True,2836,False,2519,3132,45898317,174553837,45898304,174553924,0,0,1665976965,86541,distance_to_pickup,BATCH,hungarian,0,0,order,1
1666063506,122659,1226,40.36087214122113,1,True,True,3721,False,2519,3132,45897597,174552952,45897624,174552922,0,0,1665976969,86537,distance_to_pickup,BATCH,hungarian,0,0,order,1
1666063506,70306,3282,84.59905436823747,1,True,True,149,False,2519,3132,45905905,174526537,45905951,174526466,0,0,1665976976,86530,distance_to_pickup,BATCH,hungarian,0,0,order,1
1666063506,35370,1351,67.94115100585212,1,True,True,666,False,2519,3132,45889630,174546285,45889580,174546239,0,0,1665976979,86527,distance_to_pickup,BATCH,hungarian,0,0,order,1
1666063506,57725,2435,83.48652585896721,1,True,True,672,False,2519,3132,45864630,174582800,45864561,174582847,0,0,1665976984,86522,distance_to_pickup,BATCH,hungarian,0,0,order,1
1666063506,236059,872,9.055385138137417,1,True,True,2186,False,2519,3132,45870933,174595486,45870942,174595487,0,0,1665977003,86503,distance_to_pickup,BATCH,hungarian,0,0,order,1
1666063506,215711,2811,99.36297097007517,1,True,True,2606,False,2519,3132,45875002,174650109,45875089,174650061,0,0,1665977007,86499,distance_to_pickup,BATCH,hungarian,0,0,order,1
1666063506,147015,2667,37.36308338453881,1,True,True,693,False,2519,3132,45896150,174555690,45896160,174555654,0,0,1665977012,86494,distance_to_pickup,BATCH,hungarian,0,0,order,1
1666063506,238948,1014,53.08483775994799,1,True,True,278,False,2519,3132,45897087,174552977,45897084,174552924,0,0,1665977013,86493,distance_to_pickup,BATCH,hungarian,0,0,order,1
1666063506,137872,1431,36.796738985948195,1,True,True,2510,False,2519,3132,45853618,174528210,45853591,174528235,0,0,1665977018,86488,distance_to_pickup,BATCH,hungarian,0,0,order,1
1666063506,462108,2142,83.21658488546619,1,True,True,1229,False,2519,3132,45873126,174626333,45873204,174626362,0,0,1665977019,86487,distance_to_pickup,BATCH,hungarian,0,0,order,1
1666063506,186097,40,23.40939982143925,1,True,True,1319,False,2519,3132,45879856,174634533,45879864,174634555,0,0,1665977023,86483,distance_to_pickup,BATCH,hungarian,0,0,order,1
1666063506,511729,3619,84.64632301523794,1,True,True,3087,False,2519,3132,45879039,174649978,45879092,174649912,0,0,1665977041,86465,distance_to_pickup,BATCH,hungarian,0,0,order,1
1666063506,134871,3533,46.22769732530488,1,True,True,381,False,2519,3132,45884892,174635297,45884928,174635326,0,0,1665977047,86459,distance_to_pickup,BATCH,hungarian,0,0,order,1
1666063506,128722,2601,88.64536084872124,1,True,True,49,False,2519,3132,45775310,174567990,45775293,174567903,0,0,1665977053,86453,distance_to_pickup,BATCH,hungarian,0,0,order,1
1666063506,379185,2047,12.041594578792296,1,True,True,1387,False,2519,3132,45906843,174571930,45906835,174571939,0,0,1665977054,86452,distance_to_pickup,BATCH,hungarian,0,0,order,1
1666063506,373806,2881,59.00847396772772,1,True,True,3731,False,2519,3132,45895683,174554863,45895684,174554804,0,0,1665977062,86444,distance_to_pickup,BATCH,hungarian,0,0,order,1
1666063506,171191,509,83.3606621854697,1,True,True,20,False,2519,3132,45859852,174565050,45859934,174565065,0,0,1665977064,86442,distance_to_pickup,BATCH,hungarian,0,0,order,1
1666063506,32121,200,93.53608929178085,1,True,True,269,False,2519,3132,46052240,174936640,46052147,174936650,0,0,1665977069,86437,distance_to_pickup,BATCH,hungarian,0,0,order,1
1666063506,427564,725,64.8459713474939,1,True,True,4054,False,2519,3132,45883093,174592612,45883032,174592634,0,0,1665977070,86436,distance_to_pickup,BATCH,hungarian,0,0,order,1
1666063506,313022,736,85.23496934944014,1,True,True,4216,False,2519,3132,45896168,174555742,45896089,174555710,0,0,1665977071,86435,distance_to_pickup,BATCH,hungarian,0,0,order,1
1666063506,147013,2082,49.92995093127971,1,True,True,1589,False,2519,3132,45920232,174542120,45920205,174542078,0,0,1665977075,86431,distance_to_pickup,BATCH,hungarian,0,0,order,1
1666063506,354439,392,61.71709649683789,1,True,True,2134,False,2519,3132,45871049,174595452,45871077,174595507,0,0,1665977075,86431,distance_to_pickup,BATCH,hungarian,0,0,order,1
1666063506,32122,169,91.02197536858887,1,True,True,1041,False,2519,3132,45767591,174571467,45767517,174571414,0,0,1665977076,86430,distance_to_pickup,BATCH,hungarian,0,0,order,1
1666063506,51476,4090,95.2732911156112,1,True,True,2454,False,2519,3132,45892879,174567270,45892845,174567181,0,0,1665977077,86429,distance_to_pickup,BATCH,hungarian,0,0,order,1
1666063506,427559,916,37.48332962798263,1,True,True,3239,False,2519,3132,45830737,174561329,45830711,174561302,0,0,1665977079,86427,distance_to_pickup,BATCH,hungarian,0,0,order,1
1666063506,221544,1975,68.79680225126747,1,True,True,862,False,2519,3132,46049566,174941858,46049624,174941821,0,0,1665977080,86426,distance_to_pickup,BATCH,hungarian,0,0,order,1
1666063506,304466,1789,40.8166632639171,1,True,True,632,False,2519,3132,46043414,174940828,46043393,174940863,0,0,1665977080,86426,distance_to_pickup,BATCH,hungarian,0,0,order,1
1666063506,241883,1574,60.440052945046304,1,True,True,988,False,2519,3132,45896150,174555690,45896167,174555632,0,0,1665977088,86418,distance_to_pickup,BATCH,hungarian,0,0,order,1
1666063506,451740,3395,26.40075756488817,1,True,True,3346,False,2519,3132,45920947,174542656,45920926,174542672,0,0,1665977092,86414,distance_to_pickup,BATCH,hungarian,0,0,order,1
1666063506,137866,3694,90.60905032059435,1,True,True,2307,False,2519,3132,45879192,174649067,45879175,174649156,0,0,1665977113,86393,distance_to_pickup,BATCH,hungarian,0,0,order,1
1666063506,107544,168,22.20360331117452,1,True,True,693,False,2519,3132,45894760,174555551,45894773,174555569,0,0,1665977150,86356,distance_to_pickup,BATCH,hungarian,0,0,order,1
1666063506,276288,1261,83.21658488546619,1,True,True,489,False,2519,3132,45905781,174531306,45905859,174531335,0,0,1665977162,86344,distance_to_pickup,BATCH,hungarian,0,0,order,1
1666063506,25847,2288,86.83317338436964,1,True,True,965,False,2519,3132,45896190,174554821,45896114,174554863,0,0,1665977163,86343,distance_to_pickup,BATCH,hungarian,0,0,order,1
1666063506,6494,3049,97.57561170702442,1,True,True,1618,False,2519,3132,45874647,174648227,45874558,174648267,0,0,1665977169,86337,distance_to_pickup,BATCH,hungarian,0,0,order,1
1666063506,270518,1020,34.713109915419565,1,True,True,2070,False,2519,3132,45899979,174569978,45900002,174569952,0,0,1665977172,86334,distance_to_pickup,BATCH,hungarian,0,0,order,1
1666063506,438290,2552,71.06335201775947,1,True,True,4170,False,2519,3132,45912088,174529069,45912019,174529086,0,0,1665977176,86330,distance_to_pickup,BATCH,hungarian,0,0,order,1
1666063506,348817,4093,67.89698078707183,1,True,True,129,False,2519,3132,46049789,174941922,46049742,174941971,0,0,1665977188,86318,distance_to_pickup,BATCH,hungarian,0,0,order,1
1666063506,348815,4460,29.427877939124322,1,True,True,666,False,2519,3132,45894760,174555551,45894755,174555580,0,0,1665977189,86317,distance_to_pickup,BATCH,hungarian,0,0,order,1
1666063506,511732,2518,40.0,1,True,True,3557,False,2519,3132,45889986,174545204,45889962,174545172,0,0,1665977190,86316,distance_to_pickup,BATCH,hungarian,0,0,order,1
1666063506,159030,721,54.405882034941776,1,True,True,2969,False,2519,3132,46045290,174938830,46045246,174938862,0,0,1665977190,86316,distance_to_pickup,BATCH,hungarian,0,0,order,1
1666063506,462111,129,92.19544457292888,1,True,True,378,False,2519,3132,46044930,174938660,46044892,174938744,0,0,1665977191,86315,distance_to_pickup,BATCH,hungarian,0,0,order,1
1666063506,98383,2759,25.45584412271571,1,True,True,852,False,2519,3132,45870533,174595497,45870515,174595479,0,0,1665977192,86314,distance_to_pickup,BATCH,hungarian,0,0,order,1
1666063506,315758,2090,59.033888572581766,1,True,True,1543,False,2519,3132,45864620,174583120,45864562,174583109,0,0,1665977193,86313,distance_to_pickup,BATCH,hungarian,0,0,order,1
1666063506,230207,3838,50.20956084253277,1,True,True,1711,False,2519,3132,45816820,174564467,45816855,174564503,0,0,1665977195,86311,distance_to_pickup,BATCH,hungarian,0,0,order,1
1666063506,16107,391,68.5054742338158,1,True,True,278,False,2519,3132,45897087,174552977,45897049,174552920,0,0,1665977195,86311,distance_to_pickup,BATCH,hungarian,0,0,order,1
1666063506,224398,4190,62.96824596572466,1,True,True,3094,False,2519,3132,45880388,174529896,45880329,174529874,0,0,1665977195,86311,distance_to_pickup,BATCH,hungarian,0,0,order,1
1666063506,501226,3589,93.64827814754524,1,True,True,1356,False,2519,3132,45876130,174591527,45876141,174591434,0,0,1665977196,86310,distance_to_pickup,BATCH,hungarian,0,0,order,1
1666063506,432914,4200,3.0,1,True,True,552,False,2519,3132,45865238,174556784,45865241,174556784,0,0,1665977198,86308,distance_to_pickup,BATCH,hungarian,0,0,order,1
1666063506,408985,2361,18.439088914585774,1,True,True,4674,False,2519,3132,45877631,174578794,45877649,174578790,0,0,1665977199,86307,distance_to_pickup,BATCH,hungarian,0,0,order,1
1666063506,73405,3965,50.44799302251776,1,True,True,124,False,2519,3132,45880110,174546609,45880142,174546570,0,0,1665977201,86305,distance_to_pickup,BATCH,hungarian,0,0,order,1
1666063506,48309,2385,81.40024569987489,1,True,True,477,False,2519,3132,45863619,174577800,45863668,174577865,0,0,1665977202,86304,distance_to_pickup,BATCH,hungarian,0,0,order,1
1666063506,19407,1241,98.49365461794989,1,True,True,1010,False,2519,3132,45860080,174579970,45860175,174579944,0,0,1665977209,86297,distance_to_pickup,BATCH,hungarian,0,0,order,1
1666063506,438287,1251,41.23105625617661,1,True,True,624,False,2519,3132,45879921,174546626,45879931,174546586,0,0,1665977211,86295,distance_to_pickup,BATCH,hungarian,0,0,order,1
1666063506,548102,1003,39.395431207184416,1,True,True,3245,False,2519,3132,45885670,174551052,45885706,174551068,0,0,1665977212,86294,distance_to_pickup,BATCH,hungarian,0,0,order,1
1666063506,209758,3010,34.20526275297414,1,True,True,2353,False,2519,3132,45880096,174546703,45880105,174546736,0,0,1665977216,86290,distance_to_pickup,BATCH,hungarian,0,0,order,1
1666063506,403632,4411,54.378304497290095,1,True,True,854,False,2519,3132,45868992,174606599,45868963,174606553,0,0,1665977224,86282,distance_to_pickup,BATCH,hungarian,0,0,order,1
1666063506,348813,3621,18.439088914585774,1,True,True,4449,False,2519,3132,45846797,174542676,45846793,174542694,0,0,1665977226,86280,distance_to_pickup,BATCH,hungarian,0,0,order,1
1666063506,279198,2695,77.82030583337487,1,True,True,2331,False,2519,3132,45876972,174592507,45877042,174592473,0,0,1665977247,86259,distance_to_pickup,BATCH,hungarian,0,0,order,1
1666063506,293227,4504,13.152946437965905,1,True,True,3685,False,2519,3132,45866388,174536921,45866386,174536934,0,0,1665977276,86230,distance_to_pickup,BATCH,hungarian,0,0,order,1
1666063506,113676,2967,98.4733466477097,1,True,True,900,False,2519,3132,45851819,174556435,45851763,174556516,0,0,1665977276,86230,distance_to_pickup,BATCH,hungarian,0,0,order,1
1666063506,35379,4300,87.69264507357501,1,True,True,3191,False,2519,3132,45879921,174546626,45879932,174546539,0,0,1665977285,86221,distance_to_pickup,BATCH,hungarian,0,0,order,1
1666063506,362770,1235,99.40824915468535,1,True,True,1140,False,2519,3132,45906677,174565981,45906668,174565882,0,0,1665977295,86211,distance_to_pickup,BATCH,hungarian,0,0,order,1
1666063506,490855,39,91.0494371207203,1,True,True,611,False,2519,3132,45864380,174583007,45864309,174582950,0,0,1665977303,86203,distance_to_pickup,BATCH,hungarian,0,0,order,1
1666063506,159031,4507,21.0,1,True,True,233,False,2519,3132,45859352,174579486,45859352,174579465,0,0,1665977313,86193,distance_to_pickup,BATCH,hungarian,0,0,order,1
1666063506,553223,868,47.80167361086848,1,True,True,868,True,2519,3132,45892851,174567077,45892897,174567064,0,0,1665977315,86191,distance_to_pickup,BATCH,hungarian,0,0,order,1
1666063506,174200,125,11.40175425099138,1,True,True,4038,False,2519,3132,45849644,174599543,45849651,174599534,0,0,1665977347,86159,distance_to_pickup,BATCH,hungarian,0,0,order,1
1666063506,542961,1542,57.62811813689564,1,True,True,526,False,2519,3132,45899326,174587129,45899281,174587165,0,0,1665977353,86153,distance_to_pickup,BATCH,hungarian,0,0,order,1
1666063506,329458,3745,73.59347797189639,1,True,True,2347,False,2519,3132,45868311,174604803,45868365,174604853,0,0,1665977366,86140,distance_to_pickup,BATCH,hungarian,0,0,order,1
1666063506,168140,859,68.73136110975832,1,True,True,2492,False,2519,3132,45896148,174555744,45896080,174555734,0,0,1665977369,86137,distance_to_pickup,BATCH,hungarian,0,0,order,1
1666063506,177203,4140,85.15867542417507,1,True,True,852,False,2519,3132,45870533,174595497,45870547,174595581,0,0,1665977369,86137,distance_to_pickup,BATCH,hungarian,0,0,order,1
1666063506,315760,2623,80.77747210701756,1,True,True,1136,False,2519,3132,45868869,174573386,45868800,174573344,0,0,1665977371,86135,distance_to_pickup,BATCH,hungarian,0,0,order,1
1666063506,48312,150,83.81527307120105,1,True,True,4183,False,2519,3132,45871385,174543563,45871453,174543612,0,0,1665977371,86135,distance_to_pickup,BATCH,hungarian,0,0,order,1
1666063506,408987,2242,41.773197148410844,1,True,True,854,False,2519,3132,45866830,174606620,45866861,174606648,0,0,1665977372,86134,distance_to_pickup,BATCH,hungarian,0,0,order,1
1666063506,212745,1056,41.10960958218893,1,True,True,3176,False,2519,3132,45849647,174566845,45849660,174566806,0,0,1665977373,86133,distance_to_pickup,BATCH,hungarian,0,0,order,1
1666063506,64016,1898,57.9396237474839,1,True,True,1133,False,2519,3132,45871046,174595564,45871100,174595543,0,0,1665977380,86126,distance_to_pickup,BATCH,hungarian,0,0,order,1
1666063506,340523,1839,46.238512086787566,1,True,True,3018,False,2519,3132,45865351,174556338,45865308,174556355,0,0,1665977395,86111,distance_to_pickup,BATCH,hungarian,0,0,order,1
1666063506,332277,377,18.681541692269406,1,True,True,570,False,2519,3132,45879744,174648203,45879749,174648221,0,0,1665977405,86101,distance_to_pickup,BATCH,hungarian,0,0,order,1
1666063506,354764,718,48.75448697299562,1,True,True,2642,False,2519,3132,46062288,174947094,46062244,174947073,0,0,1666063472,34,distance_to_pickup,BATCH,hungarian,0,0,order,1
1666063506,104948,893,48.75448697299562,1,True,True,1847,False,2519,3132,45767338,174570557,45767382,174570536,0,0,1666063503,3,distance_to_pickup,BATCH,hungarian,0,0,order,1
1666063506,210124,1457,53.85164807134504,1,True,True,3330,False,2519,3132,45896168,174555742,45896122,174555770,0,0,1666063188,318,distance_to_pickup,BATCH,hungarian,0,0,order,1
1666063506,61227,3094,86.31338250816034,1,True,True,3729,False,2519,3132,45880388,174529896,45880325,174529837,0,0,1666062797,709,distance_to_pickup,BATCH,hungarian,0,0,order,1
1666063506,374134,4007,81.60882305241266,1,True,True,859,False,2519,3132,45894758,174555339,45894734,174555417,0,0,1666063062,444,distance_to_pickup,BATCH,hungarian,0,0,order,1
1666063506,219005,4070,72.47068372797375,1,True,True,624,False,2519,3132,45860600,174572406,45860566,174572470,0,0,1666063197,309,distance_to_pickup,BATCH,hungarian,0,0,order,1
1666063506,114039,190,74.4043009509531,1,True,True,2498,False,2519,3132,45863396,174583501,45863336,174583457,0,0,1666063326,180,distance_to_pickup,BATCH,hungarian,0,0,order,1
1666063506,446592,4709,25.238858928247925,1,True,True,208,False,2519,3132,45860156,174572564,45860170,174572585,0,0,1666063310,196,distance_to_pickup,BATCH,hungarian,0,0,order,1
1666063506,159380,2794,49.8196748283246,1,True,True,859,False,2519,3132,45894758,174555339,45894767,174555388,0,0,1666063127,379,distance_to_pickup,BATCH,hungarian,0,0,order,1
1666063506,290703,1595,26.076809620810597,1,True,True,3936,False,2519,3132,45895690,174554670,45895676,174554648,0,0,1666062947,559,distance_to_pickup,BATCH,hungarian,0,0,order,1
1666063506,3605,1337,69.65629906907199,1,True,True,1731,False,2519,3132,45901998,174586185,45901954,174586239,0,0,1666063479,27,distance_to_pickup,BATCH,hungarian,0,0,order,1
1666063506,475608,1126,73.05477397131553,1,True,True,1301,False,2519,3132,45892890,174567149,45892821,174567173,0,0,1666063383,123,distance_to_pickup,BATCH,hungarian,0,0,order,1
1666063506,183541,2678,36.138621999185304,1,True,True,563,False,2519,3132,45897597,174552952,45897606,174552917,0,0,1666062653,853,distance_to_pickup,BATCH,hungarian,0,0,order,1
1666063506,287953,522,77.38862965578342,1,True,True,584,False,2519,3132,45896148,174555744,45896078,174555711,0,0,1666062714,792,distance_to_pickup,BATCH,hungarian,0,0,order,1
1666063506,480866,3051,46.87216658103186,1,True,True,1762,False,2519,3132,45885150,174634595,45885141,174634641,0,0,1666063425,81,distance_to_pickup,BATCH,hungarian,0,0,order,1
1666063506,242207,3739,20.808652046684813,1,True,True,2643,False,2519,3132,45870242,174595530,45870230,174595513,0,0,1666063345,161,distance_to_pickup,BATCH,hungarian,0,0,order,1
1666063506,287950,587,52.88667128870941,1,True,True,926,False,2519,3132,45878561,174594510,45878547,174594459,0,0,1666062466,1040,distance_to_pickup,BATCH,hungarian,0,0,order,1
1666063506,76937,3238,81.27115109311545,1,True,True,3579,False,2519,3132,45870754,174595569,45870728,174595492,0,0,1666062964,542,distance_to_pickup,BATCH,hungarian,0,0,order,1
1666063506,159381,413,10.04987562112089,1,True,True,2186,False,2519,3132,45865991,174600777,45865992,174600787,0,0,1666063151,355,distance_to_pickup,BATCH,hungarian,0,0,order,1
1666063506,116986,1425,24.351591323771842,1,True,True,1494,False,2519,3132,45879744,174648203,45879721,174648195,0,0,1666063132,374,distance_to_pickup,BATCH,hungarian,0,0,order,1
1666063506,318787,275,21.540659228538015,1,True,True,1156,False,2519,3132,45860664,174572467,45860672,174572487,0,0,1666063308,198,distance_to_pickup,BATCH,hungarian,0,0,order,1
1666063506,61223,2572,45.89117562233506,1,True,True,3302,False,2519,3132,45867290,174556705,45867281,174556750,0,0,1666063467,39,distance_to_pickup,BATCH,hungarian,0,0,order,1
1666063506,26207,4277,57.8013840664737,1,True,True,1166,False,2519,3132,45880173,174546649,45880219,174546614,0,0,1666062901,605,distance_to_pickup,BATCH,hungarian,0,0,order,1
1666063506,566355,902,77.87810988975015,1,True,True,1156,False,2519,3132,45860664,174572467,45860740,174572450,0,0,1666063323,183,distance_to_pickup,BATCH,hungarian,0,0,order,1
1666063506,38891,4856,56.302753041036986,1,True,True,496,False,2519,3132,45860664,174572467,45860617,174572436,0,0,1666063338,168,distance_to_pickup,BATCH,hungarian,0,0,order,1
1666063506,107900,3747,43.382023926967726,1,True,True,3948,False,2519,3132,45895872,174555845,45895891,174555884,0,0,1666063337,169,distance_to_pickup,BATCH,hungarian,0,0,order,1
1666063506,10150,1743,95.77055915050303,1,True,True,2364,False,2519,3132,45874747,174650084,45874701,174650168,0,0,1666063404,102,distance_to_pickup,BATCH,hungarian,0,0,order,1
1666063506,446573,1579,85.42247947700886,1,True,True,1201,False,2519,3132,45851293,174552842,45851217,174552881,0,0,1666061675,1831,distance_to_pickup,BATCH,hungarian,0,0,order,1
1666063506,527606,3997,100.0,1,True,True,3783,False,2519,3132,45895690,174554670,45895594,174554698,0,0,1666063266,240,distance_to_pickup,BATCH,hungarian,0,0,order,1
1666063506,104944,4716,84.17244204607586,1,True,True,407,False,2519,3132,45895690,174554670,45895607,174554684,0,0,1666063262,244,distance_to_pickup,BATCH,hungarian,0,0,order,1
1666063506,218980,4501,83.00602387778854,1,True,True,516,False,2519,3132,45854870,174554808,45854799,174554851,0,0,1666061750,1756,distance_to_pickup,BATCH,hungarian,0,0,order,1
1666063506,561330,1705,18.439088914585774,1,True,True,1191,False,2519,3132,45879559,174647850,45879571,174647836,0,0,1666063071,435,distance_to_pickup,BATCH,hungarian,0,0,order,1
1666063506,457173,153,78.5175139698144,1,True,True,598,False,2519,3132,45865101,174562972,45865023,174562963,0,0,1666063323,183,distance_to_pickup,BATCH,hungarian,0,0,order,1
1666063506,250902,876,82.66196223173026,1,True,True,4620,False,2519,3132,45890444,174572525,45890512,174572478,0,0,1666063019,487,distance_to_pickup,BATCH,hungarian,0,0,order,1
1666063506,480864,1615,77.62087348130012,1,True,True,4376,False,2519,3132,45902763,174586284,45902715,174586223,0,0,1666063327,179,distance_to_pickup,BATCH,hungarian,0,0,order,1
1666063506,509387,1108,95.75489543621255,1,True,True,64,False,2519,3132,45870417,174595579,45870457,174595492,0,0,1666063403,103,distance_to_pickup,BATCH,hungarian,0,0,order,1
1666063506,307646,1714,38.897300677553446,1,True,True,2697,False,2519,3132,45894745,174555643,45894733,174555680,0,0,1666063146,360,distance_to_pickup,BATCH,hungarian,0,0,order,1
1666063506,183559,2528,20.518284528683193,1,True,True,1777,False,2519,3132,45880249,174546573,45880234,174546587,0,0,1666063264,242,distance_to_pickup,BATCH,hungarian,0,0,order,1
1666063506,186449,4014,86.00581375697809,1,True,True,4108,False,2519,3132,45894745,174555643,45894746,174555729,0,0,1666063380,126,distance_to_pickup,BATCH,hungarian,0,0,order,1
1666063506,168481,2486,70.71067811865476,1,True,True,2531,False,2519,3132,45879690,174648000,45879620,174647990,0,0,1666063473,33,distance_to_pickup,BATCH,hungarian,0,0,order,1
1666063506,354761,1032,49.36598018878993,1,True,True,389,False,2519,3132,45871225,174595752,45871274,174595746,0,0,1666063445,61,distance_to_pickup,BATCH,hungarian,0,0,order,1
1666063506,449366,2724,75.59100475585703,1,True,True,56,False,2519,3132,45870486,174595427,45870419,174595462,0,0,1666063464,42,distance_to_pickup,BATCH,hungarian,0,0,order,1
1666063506,332219,997,21.095023109728988,1,True,False,1795,False,2519,3132,45846475,174587390,45846477,174587369,0,0,1665960615,102891,distance_to_pickup,BATCH,hungarian,0,0,order,1
1666063506,221500,4318,97.082439194738,1,True,False,1095,False,2519,3132,45863946,174582310,45864034,174582351,0,0,1665972217,91289,distance_to_pickup,BATCH,hungarian,0,0,order,1
1666063506,262036,3032,32.7566787083184,1,True,False,942,False,2519,3132,45822976,174546904,45822948,174546887,0,0,1665975531,87975,distance_to_pickup,BATCH,hungarian,0,0,order,1
1666063506,3214,1302,99.6393496566492,1,True,False,1061,False,2519,3132,45886802,174544898,45886864,174544976,0,0,1665976132,87374,distance_to_pickup,BATCH,hungarian,0,0,order,1
1666063506,153049,2985,48.25971404805462,1,True,False,691,False,2519,3132,45874164,174536556,45874116,174536551,0,0,1665976210,87296,distance_to_pickup,BATCH,hungarian,0,0,order,1
1666063506,323980,1325,76.00657866263946,1,True,False,720,False,2519,3132,45887576,174581297,45887652,174581298,0,0,1665976267,87239,distance_to_pickup,BATCH,hungarian,0,0,order,1
1666063506,104582,3884,63.812224534175265,1,True,False,2034,False,2519,3132,45874701,174571605,45874667,174571551,0,0,1665976613,86893,distance_to_pickup,BATCH,hungarian,0,0,order,1
1666063506,480554,633,69.29646455628166,1,True,False,3536,False,2519,3132,45861811,174582680,45861762,174582729,0,0,1665976728,86778,distance_to_pickup,BATCH,hungarian,0,0,order,1
1666063506,337718,1009,69.65629906907199,1,True,False,88,False,2519,3132,45866450,174536750,45866396,174536794,0,0,1665976782,86724,distance_to_pickup,BATCH,hungarian,0,0,order,1
1666063506,76554,2748,89.35882720806042,1,True,False,1040,False,2519,3132,45898371,174553499,45898282,174553507,0,0,1665976833,86673,distance_to_pickup,BATCH,hungarian,0,0,order,1
1666063506,346101,1655,74.24957912338628,1,True,False,2353,False,2519,3132,45880096,174546703,45880163,174546735,0,0,1665976882,86624,distance_to_pickup,BATCH,hungarian,0,0,order,1
1666063506,159022,1767,89.05054744357274,1,True,False,2291,False,2519,3132,45879091,174649190,45879094,174649101,0,0,1665976939,86567,distance_to_pickup,BATCH,hungarian,0,0,order,1
1666063506,537894,3308,30.01666203960727,1,True,False,227,False,2519,3132,45860748,174572540,45860778,174572539,0,0,1665977011,86495,distance_to_pickup,BATCH,hungarian,0,0,order,1
1666063506,168142,771,26.076809620810597,1,True,False,1238,False,2519,3132,45898317,174553837,45898303,174553815,0,0,1665977076,86430,distance_to_pickup,BATCH,hungarian,0,0,order,1
1666063506,79835,3922,98.47842403288143,1,True,False,2329,False,2519,3132,45866830,174606620,45866733,174606603,0,0,1665977082,86424,distance_to_pickup,BATCH,hungarian,0,0,order,1
1666063506,22593,2151,62.0,1,True,False,407,False,2519,3132,45896150,174555690,45896150,174555628,0,0,1665977155,86351,distance_to_pickup,BATCH,hungarian,0,0,order,1
1666063506,147014,71,76.48529270389177,1,True,False,3311,False,2519,3132,46043215,174939866,46043164,174939809,0,0,1665977196,86310,distance_to_pickup,BATCH,hungarian,0,0,order,1
1666063506,191950,2138,57.14017850864661,1,True,False,2751,False,2519,3132,45885025,174593601,45884994,174593649,0,0,1665977202,86304,distance_to_pickup,BATCH,hungarian,0,0,order,1
1666063506,542958,3325,64.62197768561404,1,True,False,409,False,2519,3132,45859969,174536490,45860029,174536514,0,0,1665977302,86204,distance_to_pickup,BATCH,hungarian,0,0,order,1
1666063506,456872,3597,68.11754546370561,1,True,False,2777,False,2519,3132,45866830,174606620,45866834,174606552,0,0,1665977357,86149,distance_to_pickup,BATCH,hungarian,0,0,order,1
1666063506,441006,1249,57.87054518492115,1,True,False,4201,False,2519,3132,45877949,174577975,45877967,174578030,0,0,1665977359,86147,distance_to_pickup,BATCH,hungarian,0,0,order,1
1666063506,338040,2973,55.94640292279746,1,True,False,1556,False,2519,3132,45912447,174526496,45912424,174526445,0,0,1666063272,234,distance_to_pickup,BATCH,hungarian,0,0,order,1
1666063506,387654,30,92.61209424259879,1,True,False,317,False,2519,3132,46043414,174940828,46043330,174940867,0,0,1666063493,13,distance_to_pickup,BATCH,hungarian,0,0,order,1
1666063506,236406,95,78.31347265956222,1,True,False,859,False,2519,3132,45894758,174555339,45894680,174555332,0,0,1666063180,326,distance_to_pickup,BATCH,hungarian,0,0,order,1
1666063506,290700,2302,98.68130522039117,1,True,False,3046,False,2519,3132,45896148,174555744,45896115,174555837,0,0,1666062724,782,distance_to_pickup,BATCH,hungarian,0,0,order,1
1666063506,239296,1201,72.44998274671983,1,True,False,972,False,2519,3132,45869487,174570705,45869512,174570773,0,0,1666063312,194,distance_to_pickup,BATCH,hungarian,0,0,order,1
1666063506,144363,3127,76.83749084919418,1,True,False,368,False,2519,3132,45860853,174555927,45860901,174555987,0,0,1666063224,282,distance_to_pickup,BATCH,hungarian,0,0,order,1
1666063506,301996,3407,76.15773105863909,1,True,False,3325,False,2519,3132,45865066,174527209,45865104,174527143,0,0,1666063423,83,distance_to_pickup,BATCH,hungarian,0,0,order,1
1666063506,517227,335,42.485291572496,1,True,False,2531,False,2519,3132,45879844,174650714,45879806,174650733,0,0,1666063398,108,distance_to_pickup,BATCH,hungarian,0,0,order,1
1666063626,332219,3711,84.21995013059554,1,True,True,1795,False,2980,2971,45846475,174587390,45846402,174587432,0,0,1665960615,103011,distance_to_pickup,BATCH,hungarian,0,0,order,1
1666063626,244691,1175,30.083217912982647,1,True,True,112,False,2980,2971,45863417,174579658,45863389,174579669,0,0,1665973572,90054,distance_to_pickup,BATCH,hungarian,0,0,order,1
1666063626,51465,856,94.37160589923221,1,True,True,2938,False,2980,2971,45890769,174546558,45890684,174546599,0,0,1665976453,87173,distance_to_pickup,BATCH,hungarian,0,0,order,1
1666063626,256229,4418,55.44366510251645,1,True,True,4053,False,2980,2971,45890484,174561508,45890519,174561551,0,0,1665976521,87105,distance_to_pickup,BATCH,hungarian,0,0,order,1
1666063626,98378,4116,81.32035415564789,1,True,True,1688,False,2980,2971,45863303,174559942,45863381,174559965,0,0,1665976780,86846,distance_to_pickup,BATCH,hungarian,0,0,order,1
1666063626,334972,405,46.400431032480725,1,True,True,391,False,2980,2971,45896259,174552883,45896296,174552911,0,0,1665976865,86761,distance_to_pickup,BATCH,hungarian,0,0,order,1
1666063626,326751,3651,69.02897942168927,1,True,True,937,False,2980,2971,45863303,174559942,45863305,174560011,0,0,1665976899,86727,distance_to_pickup,BATCH,hungarian,0,0,order,1
1666063626,354444,481,79.40403012442127,1,True,True,1486,False,2980,2971,45905950,174530458,45905973,174530382,0,0,1665976902,86724,distance_to_pickup,BATCH,hungarian,0,0,order,1
1666063626,548098,995,88.14193099768123,1,True,True,1319,False,2980,2971,45879923,174634741,45879928,174634829,0,0,1665976906,86720,distance_to_pickup,BATCH,hungarian,0,0,order,1
1666063626,159019,2956,95.50916186418976,1,True,True,2573,False,2980,2971,45912464,174588132,45912555,174588103,0,0,1665976939,86687,distance_to_pickup,BATCH,hungarian,0,0,order,1
1666063626,19404,4318,97.082439194738,1,True,True,1584,False,2980,2971,45863946,174582310,45864034,174582351,0,0,1665976940,86686,distance_to_pickup,BATCH,hungarian,0,0,order,1
1666063626,462109,2117,28.284271247461902,1,True,True,2921,False,2980,2971,45912289,174526370,45912285,174526342,0,0,1665976949,86677,distance_to_pickup,BATCH,hungarian,0,0,order,1
1666063626,545549,3748,58.077534382926416,1,True,True,2730,False,2980,2971,45880173,174546649,45880231,174546646,0,0,1665976956,86670,distance_to_pickup,BATCH,hungarian,0,0,order,1
1666063626,315754,1543,57.0087712549569,1,True,True,235,False,2980,2971,45863367,174559783,45863314,174559762,0,0,1665976965,86661,distance_to_pickup,BATCH,hungarian,0,0,order,1
1666063626,472668,3242,70.25667228100119,1,True,True,835,False,2980,2971,45907759,174546285,45907765,174546215,0,0,1665976970,86656,distance_to_pickup,BATCH,hungarian,0,0,order,1
1666063626,472662,2353,72.56031973468694,1,True,True,2397,False,2980,2971,45898786,174565946,45898795,174566018,0,0,1665976986,86640,distance_to_pickup,BATCH,hungarian,0,0,order,1
1666063626,144001,1125,81.27115109311545,1,True,True,2740,False,2980,2971,45866351,174556191,45866397,174556124,0,0,1665976988,86638,distance_to_pickup,BATCH,hungarian,0,0,order,1
1666063626,54610,1967,7.0710678118654755,1,True,True,4207,False,2980,2971,45864785,174580827,45864790,174580832,0,0,1665976992,86634,distance_to_pickup,BATCH,hungarian,0,0,order,1
1666063626,140940,2748,96.62815324738438,1,True,True,93,False,2980,2971,45898371,174553499,45898275,174553510,0,0,1665977001,86625,distance_to_pickup,BATCH,hungarian,0,0,order,1
1666063626,298820,523,84.21995013059554,1,True,True,1704,False,2980,2971,45861700,174583580,45861643,174583642,0,0,1665977019,86607,distance_to_pickup,BATCH,hungarian,0,0,order,1
1666063626,125698,3003,48.75448697299562,1,True,True,1154,False,2980,2971,45874819,174607415,45874798,174607371,0,0,1665977032,86594,distance_to_pickup,BATCH,hungarian,0,0,order,1
1666063626,527298,1184,94.11163583744573,1,True,True,1037,False,2980,2971,45839765,174551620,45839701,174551551,0,0,1665977036,86590,distance_to_pickup,BATCH,hungarian,0,0,order,1
1666063626,315755,2803,89.62700485902673,1,True,True,840,False,2980,2971,46052403,174942944,46052315,174942927,0,0,1665977068,86558,distance_to_pickup,BATCH,hungarian,0,0,order,1
1666063626,334978,684,54.45181356024793,1,True,True,1920,False,2980,2971,45896298,174578827,45896291,174578881,0,0,1665977069,86557,distance_to_pickup,BATCH,hungarian,0,0,order,1
1666063626,334979,149,72.24956747275377,1,True,True,820,False,2980,2971,45905809,174529038,45905881,174529044,0,0,1665977072,86554,distance_to_pickup,BATCH,hungarian,0,0,order,1
1666063626,137868,1383,89.5377015563835,1,True,True,1020,False,2980,2971,45898281,174578532,45898250,174578616,0,0,1665977073,86553,distance_to_pickup,BATCH,hungarian,0,0,order,1
1666063626,259154,3434,91.08786966440702,1,True,True,2510,False,2980,2971,45853618,174528210,45853622,174528301,0,0,1665977073,86553,distance_to_pickup,BATCH,hungarian,0,0,order,1
1666063626,392759,41,65.00769185258002,1,True,True,2742,False,2980,2971,45886884,174562531,45886885,174562596,0,0,1665977075,86551,distance_to_pickup,BATCH,hungarian,0,0,order,1
1666063626,379186,3243,53.907327887774215,1,True,True,3555,False,2980,2971,46051686,174940992,46051645,174941027,0,0,1665977078,86548,distance_to_pickup,BATCH,hungarian,0,0,order,1
1666063626,191949,1348,75.95393340703298,1,True,True,693,False,2980,2971,45896047,174554578,45895972,174554566,0,0,1665977083,86543,distance_to_pickup,BATCH,hungarian,0,0,order,1
1666063626,351614,2094,67.47592163134935,1,True,True,224,False,2980,2971,45870386,174606490,45870438,174606533,0,0,1665977104,86522,distance_to_pickup,BATCH,hungarian,0,0,order,1
1666063626,22593,2424,91.4166286842826,1,True,True,407,False,2980,2971,45896150,174555690,45896196,174555611,0,0,1665977155,86471,distance_to_pickup,BATCH,hungarian,0,0,order,1
1666063626,267693,4009,60.108235708594876,1,True,True,2201,False,2980,2971,45866090,174532597,45866133,174532639,0,0,1665977190,86436,distance_to_pickup,BATCH,hungarian,0,0,order,1
1666063626,430261,30,80.0,1,True,True,457,False,2980,2971,46043084,174939940,46043036,174939876,0,0,1665977191,86435,distance_to_pickup,BATCH,hungarian,0,0,order,1
1666063626,60887,3449,6.708203932499369,1,True,True,3038,False,2980,2971,45894861,174555310,45894867,174555307,0,0,1665977198,86428,distance_to_pickup,BATCH,hungarian,0,0,order,1
1666063626,480566,637,74.72616676907762,1,True,True,3726,False,2980,2971,45924573,174557435,45924645,174557415,0,0,1665977198,86428,distance_to_pickup,BATCH,hungarian,0,0,order,1
1666063626,238945,3674,85.90692637965812,1,True,True,1383,False,2980,2971,45905117,174570747,45905033,174570765,0,0,1665977200,86426,distance_to_pickup,BATCH,hungarian,0,0,order,1
1666063626,419689,3829,57.271284253105414,1,True,True,1348,False,2980,2971,45920123,174542534,45920067,174542546,0,0,1665977201,86425,distance_to_pickup,BATCH,hungarian,0,0,order,1
1666063626,480563,2329,17.46424919657298,1,True,True,3280,False,2980,2971,45870386,174606490,45870393,174606474,0,0,1665977219,86407,distance_to_pickup,BATCH,hungarian,0,0,order,1
1666063626,98,2615,89.09545442950498,1,True,True,88,False,2980,2971,45866359,174536720,45866422,174536657,0,0,1665977231,86395,distance_to_pickup,BATCH,hungarian,0,0,order,1
1666063626,174198,1019,61.09828148156051,1,True,True,2383,False,2980,2971,45880096,174546703,45880153,174546725,0,0,1665977250,86376,distance_to_pickup,BATCH,hungarian,0,0,order,1
1666063626,64009,4026,46.400431032480725,1,True,True,1870,False,2980,2971,45866440,174556210,45866412,174556173,0,0,1665977268,86358,distance_to_pickup,BATCH,hungarian,0,0,order,1
1666063626,186104,2682,80.77747210701756,1,True,True,2852,False,2980,2971,45905850,174529930,45905928,174529909,0,0,1665977272,86354,distance_to_pickup,BATCH,hungarian,0,0,order,1
1666063626,387346,2331,90.80198235721508,1,True,True,1704,False,2980,2971,45861655,174583536,45861709,174583463,0,0,1665977326,86300,distance_to_pickup,BATCH,hungarian,0,0,order,1
1666063626,368321,1916,70.61161377563892,1,True,True,718,False,2980,2971,46047150,174936770,46047165,174936701,0,0,1665977355,86271,distance_to_pickup,BATCH,hungarian,0,0,order,1
1666063626,441006,2722,24.041630560342615,1,True,True,4201,False,2980,2971,45877949,174577975,45877966,174577992,0,0,1665977359,86267,distance_to_pickup,BATCH,hungarian,0,0,order,1
1666063626,206688,353,94.86832980505137,1,True,True,65,False,2980,2971,45772626,174581064,45772536,174581034,0,0,1665977368,86258,distance_to_pickup,BATCH,hungarian,0,0,order,1
1666063626,357231,2257,12.806248474865697,1,True,True,730,False,2980,2971,45907157,174570142,45907165,174570152,0,0,1665977368,86258,distance_to_pickup,BATCH,hungarian,0,0,order,1
1666063626,446274,1000,93.47726996441435,1,True,True,2052,False,2980,2971,45920650,174542590,45920567,174542547,0,0,1665977368,86258,distance_to_pickup,BATCH,hungarian,0,0,order,1
1666063626,379193,1559,29.120439557122072,1,True,True,1754,False,2980,2971,45898432,174553759,45898460,174553751,0,0,1665977369,86257,distance_to_pickup,BATCH,hungarian,0,0,order,1
1666063626,315762,3036,32.64965543462902,1,True,True,2466,False,2980,2971,45912099,174528707,45912084,174528736,0,0,1665977370,86256,distance_to_pickup,BATCH,hungarian,0,0,order,1
1666063626,60894,137,5.830951894845301,1,True,True,1113,False,2980,2971,45860020,174580680,45860023,174580685,0,0,1665977382,86244,distance_to_pickup,BATCH,hungarian,0,0,order,1
1666063626,343394,1761,85.14693182963201,1,True,True,2547,False,2980,2971,45870386,174606490,45870471,174606495,0,0,1665977382,86244,distance_to_pickup,BATCH,hungarian,0,0,order,1
1666063626,553225,3178,80.0,1,True,True,1281,False,2980,2971,45898742,174578266,45898806,174578218,0,0,1665977387,86239,distance_to_pickup,BATCH,hungarian,0,0,order,1
1666063626,35385,3876,72.49827584156743,1,True,True,1486,False,2980,2971,45905950,174530458,45906016,174530428,0,0,1665977391,86235,distance_to_pickup,BATCH,hungarian,0,0,order,1
1666063626,6885,968,71.8679344353238,1,True,True,1002,False,2980,2971,45879039,174649978,45878978,174649940,0,0,1666062537,1089,distance_to_pickup,BATCH,hungarian,0,0,order,1
1666063626,290700,703,25.298221281347036,1,True,True,3046,False,2980,2971,45896148,174555744,45896124,174555736,0,0,1666062724,902,distance_to_pickup,BATCH,hungarian,0,0,order,1
1666063626,135222,425,64.1248781675256,1,True,True,1874,False,2980,2971,45895346,174532388,45895410,174532384,0,0,1666062725,901,distance_to_pickup,BATCH,hungarian,0,0,order,1
1666063626,242211,3753,19.924858845171276,1,True,True,481,False,2980,2971,45898320,174550193,45898301,174550199,0,0,1666062796,830,distance_to_pickup,BATCH,hungarian,0,0,order,1
1666063626,540739,471,86.2670273047588,1,True,True,3668,False,2980,2971,45874664,174648154,45874615,174648083,0,0,1666062869,757,distance_to_pickup,BATCH,hungarian,0,0,order,1
1666063626,153400,2496,57.0087712549569,1,True,True,1398,False,2980,2971,45869010,174572742,45869011,174572799,0,0,1666062897,729,distance_to_pickup,BATCH,hungarian,0,0,order,1
1666063626,398493,3712,13.341664064126334,1,True,True,1159,False,2980,2971,45866307,174536758,45866310,174536745,0,0,1666062942,684,distance_to_pickup,BATCH,hungarian,0,0,order,1
1666063626,186443,1027,48.54894437575342,1,True,True,611,False,2980,2971,45867403,174569758,45867444,174569784,0,0,1666063029,597,distance_to_pickup,BATCH,hungarian,0,0,order,1
1666063626,180597,3330,71.06335201775947,1,True,True,3355,False,2980,2971,45895724,174555827,45895779,174555872,0,0,1666063046,580,distance_to_pickup,BATCH,hungarian,0,0,order,1
1666063626,230521,2137,91.44397191723465,1,True,True,2498,False,2980,2971,45863250,174580555,45863161,174580534,0,0,1666063078,548,distance_to_pickup,BATCH,hungarian,0,0,order,1
1666063626,304810,1367,57.3149195236284,1,True,True,4090,False,2980,2971,45898786,174565946,45898792,174566003,0,0,1666063150,476,distance_to_pickup,BATCH,hungarian,0,0,order,1
1666063626,144368,4048,66.12866246946176,1,True,True,2705,False,2980,2971,45859254,174579529,45859316,174579506,0,0,1666063155,471,distance_to_pickup,BATCH,hungarian,0,0,order,1
1666063626,116998,182,50.92150822589606,1,True,True,1186,False,2980,2971,45897008,174553031,45897056,174553048,0,0,1666063189,437,distance_to_pickup,BATCH,hungarian,0,0,order,1
1666063626,493758,1267,21.095023109728988,1,True,True,76,False,2980,2971,45849644,174599543,45849626,174599554,0,0,1666063199,427,distance_to_pickup,BATCH,hungarian,0,0,order,1
1666063626,307647,503,68.35202996254024,1,True,True,3769,False,2980,2971,45871272,174543061,45871336,174543037,0,0,1666063225,401,distance_to_pickup,BATCH,hungarian,0,0,order,1
1666063626,135225,54,82.00609733428362,1,True,True,75,False,2980,2971,45885438,174582607,45885437,174582689,0,0,1666063263,363,distance_to_pickup,BATCH,hungarian,0,0,order,1
1666063626,101946,2404,93.38094023943002,1,True,True,259,False,2980,2971,45855591,174605363,45855499,174605347,0,0,1666063267,359,distance_to_pickup,BATCH,hungarian,0,0,order,1
1666063626,338040,2973,85.492689745966,1,True,True,1556,False,2980,2971,45912447,174526496,45912369,174526461,0,0,1666063272,354,distance_to_pickup,BATCH,hungarian,0,0,order,1
1666063626,42149,508,68.65857557508748,1,True,True,540,False,2980,2971,45878035,174578011,45877968,174578026,0,0,1666063273,353,distance_to_pickup,BATCH,hungarian,0,0,order,1
1666063626,387658,116,81.98780397107853,1,True,True,64,False,2980,2971,45871068,174595314,45871109,174595243,0,0,1666063336,290,distance_to_pickup,BATCH,hungarian,0,0,order,1
1666063626,262387,3663,99.46356116689167,1,True,True,595,False,2980,2971,45879507,174634344,45879524,174634442,0,0,1666063363,263,distance_to_pickup,BATCH,hungarian,0,0,order,1
1666063626,517227,775,60.14149981501958,1,True,True,2531,False,2980,2971,45879844,174650714,45879888,174650673,0,0,1666063398,228,distance_to_pickup,BATCH,hungarian,0,0,order,1
1666063626,147357,1748,68.81860213634101,1,True,True,3729,False,2980,2971,45880388,174529896,45880332,174529856,0,0,1666063404,222,distance_to_pickup,BATCH,hungarian,0,0,order,1
1666063626,307644,1354,53.03772242470448,1,True,True,750,False,2980,2971,45879039,174649978,45879037,174650031,0,0,1666063420,206,distance_to_pickup,BATCH,hungarian,0,0,order,1
1666063626,478256,805,46.57252408878007,1,True,True,805,True,2980,2971,45872219,174625636,45872207,174625591,0,0,1666063423,203,distance_to_pickup,BATCH,hungarian,0,0,order,1
1666063626,42157,2581,10.44030650891055,1,True,True,487,False,2980,2971,45871989,174587756,45871992,174587766,0,0,1666063430,196,distance_to_pickup,BATCH,hungarian,0,0,order,1
1666063626,162469,1306,26.68332812825267,1,True,True,1354,False,2980,2971,45874747,174650084,45874773,174650078,0,0,1666063448,178,distance_to_pickup,BATCH,hungarian,0,0,order,1
1666063626,73754,667,17.204650534085253,1,True,True,1961,False,2980,2971,45767013,174566844,45767027,174566854,0,0,1666063467,159,distance_to_pickup,BATCH,hungarian,0,0,order,1
1666063626,153416,2847,48.54894437575342,1,True,True,1593,False,2980,2971,45905669,174544560,45905643,174544601,0,0,1666063469,157,distance_to_pickup,BATCH,hungarian,0,0,order,1
1666063626,80240,1320,93.08598175880189,1,True,True,2187,False,2980,2971,45919710,174542209,45919803,174542213,0,0,1666063470,156,distance_to_pickup,BATCH,hungarian,0,0,order,1
1666063626,553530,1044,69.35416353759881,1,True,True,1874,False,2980,2971,45898016,174539265,45897969,174539316,0,0,1666063487,139,distance_to_pickup,BATCH,hungarian,0,0,order,1
1666063626,144366,4153,74.24284477308234,1,True,True,289,False,2980,2971,45839765,174551620,45839731,174551554,0,0,1666063471,155,distance_to_pickup,BATCH,hungarian,0,0,order,1
1666063626,279543,999,93.13431161500041,1,True,True,2061,False,2980,2971,45864785,174580827,45864790,174580734,0,0,1666063392,234,distance_to_pickup,BATCH,hungarian,0,0,order,1
1666063626,216074,3032,59.033888572581766,1,True,True,1076,False,2980,2971,45859909,174572340,45859946,174572294,0,0,1666063134,492,distance_to_pickup,BATCH,hungarian,0,0,order,1
1666063626,129077,386,9.486832980505138,1,True,True,1940,False,2980,2971,45867403,174569758,45867412,174569761,0,0,1666063294,332,distance_to_pickup,BATCH,hungarian,0,0,order,1
1666063626,337982,2903,59.39696961966999,1,True,True,2350,False,2980,2971,45860664,174572467,45860622,174572509,0,0,1666050231,13395,distance_to_pickup,BATCH,hungarian,0,0,order,1
1666063626,301998,697,73.92563831310488,1,True,True,2186,False,2980,2971,45861140,174600630,45861076,174600593,0,0,1666063489,137,distance_to_pickup,BATCH,hungarian,0,0,order,1
1666063626,512068,492,70.45565981523414,1,True,True,2746,False,2980,2971,45898317,174553837,45898325,174553907,0,0,1666062710,916,distance_to_pickup,BATCH,hungarian,0,0,order,1
1666063626,198152,917,17.88854381999832,1,True,True,4504,False,2980,2971,45890075,174525738,45890083,174525722,0,0,1666063502,124,distance_to_pickup,BATCH,hungarian,0,0,order,1
1666063626,488531,769,69.07966415668217,1,True,True,873,False,2980,2971,45879962,174634733,45880026,174634707,0,0,1666063521,105,distance_to_pickup,BATCH,hungarian,0,0,order,1
1666063626,250904,2180,33.12099032335839,1,True,True,413,False,2980,2971,45871050,174595451,45871066,174595480,0,0,1666063146,480,distance_to_pickup,BATCH,hungarian,0,0,order,1
1666063626,556115,2929,65.03076195155643,1,True,True,317,False,2980,2971,46047202,174938679,46047137,174938677,0,0,1666063594,32,distance_to_pickup,BATCH,hungarian,0,0,order,1
1666063626,409312,435,47.4236228055175,1,True,True,2826,False,2980,2971,45766970,174566720,45766927,174566740,0,0,1666063582,44,distance_to_pickup,BATCH,hungarian,0,0,order,1
1666063626,180584,3991,44.04543109109048,1,True,True,2703,False,2980,2971,45907759,174546285,45907725,174546313,0,0,1666063374,252,distance_to_pickup,BATCH,hungarian,0,0,order,1
1666063626,138202,3722,15.811388300841896,1,True,True,2703,False,2980,2971,45907759,174546285,45907754,174546300,0,0,1666063257,369,distance_to_pickup,BATCH,hungarian,0,0,order,1
1666063626,120028,1826,76.89603370785778,1,True,True,4508,False,2980,2971,45920023,174542736,45919951,174542709,0,0,1666063560,66,distance_to_pickup,BATCH,hungarian,0,0,order,1
1666063626,282374,1708,79.81227975693966,1,True,True,541,False,2980,2971,45885655,174542919,45885676,174542842,0,0,1666063253,373,distance_to_pickup,BATCH,hungarian,0,0,order,1
1666063626,26191,115,42.5440947723653,1,True,True,4233,False,2980,2971,45898317,174553837,45898354,174553858,0,0,1666062635,991,distance_to_pickup,BATCH,hungarian,0,0,order,1
1666063626,265117,376,60.81118318204309,1,True,True,530,False,2980,2971,45870851,174548314,45870894,174548357,0,0,1666062293,1333,distance_to_pickup,BATCH,hungarian,0,0,order,1
1666063626,475547,2160,62.433965115151864,1,True,True,2339,False,2980,2971,45864108,174582488,45864161,174582455,0,0,1666054912,8714,distance_to_pickup,BATCH,hungarian,0,0,order,1
1666063626,221901,1059,25.079872407968907,1,True,True,3090,False,2980,2971,45886610,174551440,45886635,174551442,0,0,1666063583,43,distance_to_pickup,BATCH,hungarian,0,0,order,1
1666063626,76955,3223,46.400431032480725,1,True,True,542,False,2980,2971,45890707,174546805,45890670,174546833,0,0,1666063579,47,distance_to_pickup,BATCH,hungarian,0,0,order,1
1666063626,543260,2326,38.01315561749642,1,True,True,40,False,2980,2971,45878915,174634242,45878898,174634276,0,0,1666063565,61,distance_to_pickup,BATCH,hungarian,0,0,order,1
1666063626,259497,2124,93.62157870918435,1,True,True,3294,False,2980,2971,45868869,174573386,45868783,174573423,0,0,1666063587,39,distance_to_pickup,BATCH,hungarian,0,0,order,1
1666063626,10136,1215,79.20227269466452,1,True,True,684,False,2980,2971,45890444,174572525,45890516,174572492,0,0,1666063113,513,distance_to_pickup,BATCH,hungarian,0,0,order,1
1666063626,259498,2588,70.00714249274856,1,True,True,1024,False,2980,2971,45885886,174563236,45885821,174563210,0,0,1666063589,37,distance_to_pickup,BATCH,hungarian,0,0,order,1
1666063626,83302,1957,99.02019995940222,1,True,True,1105,False,2980,2971,45892879,174567270,45892845,174567177,0,0,1666063227,399,distance_to_pickup,BATCH,hungarian,0,0,order,1
1666063626,224735,2302,51.0,1,True,True,2518,False,2980,2971,45896070,174555813,45896115,174555837,0,0,1666063110,516,distance_to_pickup,BATCH,hungarian,0,0,order,1
1666063626,76952,2010,73.54590403278758,1,True,True,2743,False,2980,2971,45876890,174545776,45876818,174545761,0,0,1666063550,76,distance_to_pickup,BATCH,hungarian,0,0,order,1
1666063626,313331,1838,96.66436778875658,1,True,True,251,False,2980,2971,45899666,174579181,45899706,174579269,0,0,1666063513,113,distance_to_pickup,BATCH,hungarian,0,0,order,1
1666063626,213006,774,87.36704184073076,1,True,True,1944,False,2980,2971,45902158,174585237,45902071,174585245,0,0,1666059117,4509,distance_to_pickup,BATCH,hungarian,0,0,order,1
1666063626,414617,1779,36.05551275463989,1,True,True,1354,False,2980,2971,45874742,174650123,45874712,174650143,0,0,1666063591,35,distance_to_pickup,BATCH,hungarian,0,0,order,1
1666063626,195257,3983,91.30169768410661,1,True,True,2230,False,2980,2971,45904417,174570519,45904461,174570599,0,0,1666062956,670,distance_to_pickup,BATCH,hungarian,0,0,order,1
1666063626,198151,1777,77.88452991448301,1,True,True,161,False,2980,2971,45874164,174536556,45874143,174536481,0,0,1666063587,39,distance_to_pickup,BATCH,hungarian,0,0,order,1
1666063626,417295,2612,22.47220505424423,1,True,True,4053,False,2980,2971,45896150,174555690,45896138,174555671,0,0,1666063191,435,distance_to_pickup,BATCH,hungarian,0,0,order,1
1666063626,395768,1605,61.0,1,True,True,3615,False,2980,2971,45860006,174572522,45860067,174572522,0,0,1666063298,328,distance_to_pickup,BATCH,hungarian,0,0,order,1
1666063626,296351,294,82.21921916437786,1,True,True,328,False,2980,2971,45861700,174583580,45861782,174583574,0,0,1666063101,525,distance_to_pickup,BATCH,hungarian,0,0,order,1
1666063626,493743,563,89.64373932405988,1,True,True,1457,False,2980,2971,45898371,174553499,45898315,174553569,0,0,1666062841,785,distance_to_pickup,BATCH,hungarian,0,0,order,1
1666063626,276589,1350,12.36931687685298,1,True,True,472,False,2980,2971,45874747,174650084,45874759,174650081,0,0,1666063582,44,distance_to_pickup,BATCH,hungarian,0,0,order,1
1666063626,89506,4543,96.21330469326995,1,True,True,1425,False,2980,2971,45879400,174647910,45879341,174647834,0,0,1666063289,337,distance_to_pickup,BATCH,hungarian,0,0,order,1
1666063626,371400,1067,46.861498055439924,1,True,True,201,False,2980,2971,46047132,174937970,46047096,174937940,0,0,1666063591,35,distance_to_pickup,BATCH,hungarian,0,0,order,1
1666063626,472999,1189,80.02499609497022,1,True,True,3384,False,2980,2971,45920795,174542499,45920793,174542579,0,0,1666063584,42,distance_to_pickup,BATCH,hungarian,0,0,order,1
1666063626,444002,1245,16.0312195418814,1,True,True,1282,False,2980,2971,45905669,174544560,45905685,174544561,0,0,1666063580,46,distance_to_pickup,BATCH,hungarian,0,0,order,1
1666063626,563831,1844,18.439088914585774,1,True,True,104,False,2980,2971,45864073,174582024,45864091,174582028,0,0,1666063481,145,distance_to_pickup,BATCH,hungarian,0,0,order,1
1666063626,195259,1040,68.15423684555495,1,True,True,2836,False,2980,2971,45894757,174555382,45894694,174555408,0,0,1666063185,441,distance_to_pickup,BATCH,hungarian,0,0,order,1
1666063626,414622,779,74.33034373659252,1,True,True,753,False,2980,2971,45907695,174525727,45907681,174525654,0,0,1666063516,110,distance_to_pickup,BATCH,hungarian,0,0,order,1
1666063626,430569,550,48.46648326421054,1,True,True,2836,False,2980,2971,45894757,174555382,45894712,174555364,0,0,1666063378,248,distance_to_pickup,BATCH,hungarian,0,0,order,1
1666063626,285190,406,9.899494936611665,1,True,True,612,False,2980,2971,45865320,174556750,45865327,174556743,0,0,1666063187,439,distance_to_pickup,BATCH,hungarian,0,0,order,1
1666063626,216081,1915,92.09777413162601,1,True,True,398,False,2980,2971,45890707,174546805,45890638,174546866,0,0,1666063582,44,distance_to_pickup,BATCH,hungarian,0,0,order,1
1666063626,514654,2987,65.94694837519019,1,True,True,564,False,2980,2971,45885799,174544728,45885756,174544678,0,0,1666063589,37,distance_to_pickup,BATCH,hungarian,0,0,order,1
1666063626,467777,3854,71.34423592694787,1,True,True,149,False,2980,2971,45905899,174526998,45905838,174527035,0,0,1666063235,391,distance_to_pickup,BATCH,hungarian,0,0,order,1
1666063626,318788,799,35.90264614203248,1,True,True,2638,False,2980,2971,45879400,174647910,45879408,174647875,0,0,1666063316,310,distance_to_pickup,BATCH,hungarian,0,0,order,1
1666063626,525032,1813,58.60034129593445,1,True,True,1423,False,2980,2971,45870910,174595859,45870935,174595912,0,0,1666062644,982,distance_to_pickup,BATCH,hungarian,0,0,order,1
1666063626,58108,520,32.01562118716424,1,True,True,135,False,2980,2971,45907157,174570142,45907188,174570134,0,0,1666063523,103,distance_to_pickup,BATCH,hungarian,0,0,order,1
1666063626,45490,3942,93.30058949438637,1,True,True,2040,False,2980,2971,45890886,174577438,45890855,174577526,0,0,1666063584,42,distance_to_pickup,BATCH,hungarian,0,0,order,1
1666063626,427874,608,64.40496875241847,1,True,True,1609,False,2980,2971,46051762,174941526,46051820,174941554,0,0,1666063584,42,distance_to_pickup,BATCH,hungarian,0,0,order,1
1666063626,165581,1368,41.78516483155236,1,True,True,1287,False,2980,2971,45880121,174546722,45880160,174546737,0,0,1666063594,32,distance_to_pickup,BATCH,hungarian,0,0,order,1
1666063626,563830,3503,60.92618484691127,1,True,True,2577,False,2980,2971,45905899,174526998,45905843,174527022,0,0,1666063445,181,distance_to_pickup,BATCH,hungarian,0,0,order,1
1666063626,265125,1868,23.430749027719962,1,True,True,1245,False,2980,2971,45898317,174553837,45898299,174553852,0,0,1666062745,881,distance_to_pickup,BATCH,hungarian,0,0,order,1
1666063626,156365,959,43.139309220245984,1,True,True,1987,False,2980,2971,45865177,174556709,45865146,174556679,0,0,1666062451,1175,distance_to_pickup,BATCH,hungarian,0,0,order,1
1666063626,522416,3925,60.67124524847005,1,True,True,373,False,2980,2971,45885082,174594249,45885022,174594258,0,0,1666063584,42,distance_to_pickup,BATCH,hungarian,0,0,order,1
1666063626,548095,2174,61.032778078668514,1,True,False,404,False,2980,2971,45887304,174545246,45887306,174545307,0,0,1665976780,86846,distance_to_pickup,BATCH,hungarian,0,0,order,1
1666063626,76566,1926,62.5859409132754,1,True,False,734,False,2980,2971,45874736,174577874,45874722,174577935,0,0,1665976983,86643,distance_to_pickup,BATCH,hungarian,0,0,order,1
1666063626,537894,1706,36.05551275463989,1,True,False,227,False,2980,2971,45860748,174572540,45860718,174572520,0,0,1665977011,86615,distance_to_pickup,BATCH,hungarian,0,0,order,1
1666063626,168142,2773,21.93171219946131,1,True,False,1238,False,2980,2971,45898317,174553837,45898333,174553852,0,0,1665977076,86550,distance_to_pickup,BATCH,hungarian,0,0,order,1
1666063626,376548,2224,57.14017850864661,1,True,False,1212,False,2980,2971,45896677,174552896,45896734,174552892,0,0,1665977197,86429,distance_to_pickup,BATCH,hungarian,0,0,order,1
1666063626,298827,241,50.20956084253277,1,True,False,1609,False,2980,2971,46047194,174938821,46047159,174938857,0,0,1665977354,86272,distance_to_pickup,BATCH,hungarian,0,0,order,1
1666063626,362773,4353,70.57619995437555,1,True,False,171,False,2980,2971,45856856,174575762,45856865,174575692,0,0,1665977375,86251,distance_to_pickup,BATCH,hungarian,0,0,order,1
1666063626,395758,2617,95.33624704172071,1,True,False,2438,False,2980,2971,45887639,174579160,45887544,174579168,0,0,1666063014,612,distance_to_pickup,BATCH,hungarian,0,0,order,1
1666063626,465052,2731,95.69221493935649,1,True,False,1692,False,2980,2971,45874647,174648227,45874568,174648281,0,0,1666063247,379,distance_to_pickup,BATCH,hungarian,0,0,order,1
1666063626,141311,3148,83.35466393669883,1,True,False,1499,False,2980,2971,45866326,174602374,45866398,174602332,0,0,1666063272,354,distance_to_pickup,BATCH,hungarian,0,0,order,1
1666063626,301996,3407,96.02083107326243,1,True,False,3325,False,2980,2971,45865066,174527209,45865068,174527113,0,0,1666063423,203,distance_to_pickup,BATCH,hungarian,0,0,order,1
1666063626,512065,2118,68.8839603971781,1,True,False,1119,False,2980,2971,45906830,174572081,45906798,174572020,0,0,1666063463,163,distance_to_pickup,BATCH,hungarian,0,0,order,1
1666063626,390362,1236,17.88854381999832,1,True,False,2061,False,2980,2971,45864785,174580827,45864769,174580819,0,0,1666062433,1193,distance_to_pickup,BATCH,hungarian,0,0,order,1
1666063626,70637,495,27.459060435491963,1,True,False,943,False,2980,2971,45893488,174584303,45893465,174584318,0,0,1666062438,1188,distance_to_pickup,BATCH,hungarian,0,0,order,1
1666063626,422606,1247,77.42092740338364,1,True,False,56,False,2980,2971,45870486,174595427,45870549,174595472,0,0,1666063378,248,distance_to_pickup,BATCH,hungarian,0,0,order,1
1666063626,13324,1408,43.829214001622255,1,True,False,57,False,2980,2971,45866440,174556210,45866415,174556174,0,0,1666063549,77,distance_to_pickup,BATCH,hungarian,0,0,order,1
1666063626,558728,3444,96.15092303249095,1,True,False,3118,False,2980,2971,46045961,174938607,46046004,174938693,0,0,1666063593,33,distance_to_pickup,BATCH,hungarian,0,0,order,1
1666063626,221902,1200,23.430749027719962,1,True,False,614,False,2980,2971,45870486,174595427,45870468,174595412,0,0,1666063582,44,distance_to_pickup,BATCH,hungarian,0,0,order,1
1666063806,73379,540,52.630789467763066,1,True,True,1201,False,3449,2853,45877744,174578051,45877711,174578092,0,0,1665976063,87743,distance_to_pickup,BATCH,hungarian,0,0,order,1
1666063806,387329,494,46.61544808322666,1,True,True,175,False,3449,2853,45872608,174577278,45872590,174577235,0,0,1665976680,87126,distance_to_pickup,BATCH,hungarian,0,0,order,1
1666063806,293212,2546,86.05230967266364,1,True,True,1158,False,3449,2853,45842552,174575176,45842555,174575090,0,0,1665976712,87094,distance_to_pickup,BATCH,hungarian,0,0,order,1
1666063806,387333,1305,77.23341245859851,1,True,True,1259,False,3449,2853,45858283,174576801,45858341,174576750,0,0,1665976852,86954,distance_to_pickup,BATCH,hungarian,0,0,order,1
1666063806,498615,3595,85.61541917201598,1,True,True,2435,False,3449,2853,45867880,174573167,45867963,174573146,0,0,1665976877,86929,distance_to_pickup,BATCH,hungarian,0,0,order,1
1666063806,315753,474,79.17701686727027,1,True,True,2965,False,3449,2853,45882724,174541741,45882654,174541704,0,0,1665976904,86902,distance_to_pickup,BATCH,hungarian,0,0,order,1
1666063806,392756,855,93.55746896961247,1,True,True,440,False,3449,2853,45885386,174582559,45885403,174582651,0,0,1665976904,86902,distance_to_pickup,BATCH,hungarian,0,0,order,1
1666063806,488207,4943,16.1245154965971,1,True,True,3178,False,3449,2853,45900986,174582830,45900970,174582832,0,0,1665976928,86878,distance_to_pickup,BATCH,hungarian,0,0,order,1
1666063806,224395,1346,64.53681120105021,1,True,True,536,False,3449,2853,45859909,174572340,45859895,174572277,0,0,1665976937,86869,distance_to_pickup,BATCH,hungarian,0,0,order,1
1666063806,519411,371,88.23264701911646,1,True,True,2836,False,3449,2853,45898320,174550193,45898269,174550265,0,0,1665976957,86849,distance_to_pickup,BATCH,hungarian,0,0,order,1
1666063806,503898,4077,45.880278987817846,1,True,True,85,False,3449,2853,45894861,174555310,45894877,174555353,0,0,1665976959,86847,distance_to_pickup,BATCH,hungarian,0,0,order,1
1666063806,191942,3107,52.92447448959697,1,True,True,162,False,3449,2853,45866359,174536720,45866408,174536700,0,0,1665977013,86793,distance_to_pickup,BATCH,hungarian,0,0,order,1
1666063806,435628,2186,57.30619512757761,1,True,True,2189,False,3449,2853,45870770,174595580,45870742,174595530,0,0,1665977067,86739,distance_to_pickup,BATCH,hungarian,0,0,order,1
1666063806,298829,963,88.64536084872124,1,True,True,3283,False,3449,2853,45859277,174579627,45859364,174579610,0,0,1665977085,86721,distance_to_pickup,BATCH,hungarian,0,0,order,1
1666063806,334977,68,98.84331034521254,1,True,True,2132,False,3449,2853,45857789,174567827,45857832,174567738,0,0,1665977134,86672,distance_to_pickup,BATCH,hungarian,0,0,order,1
1666063806,267691,16,58.309518948453004,1,True,True,192,False,3449,2853,45879830,174648436,45879884,174648458,0,0,1665977151,86655,distance_to_pickup,BATCH,hungarian,0,0,order,1
1666063806,424992,981,45.17742799230607,1,True,True,2547,False,3449,2853,45866961,174601021,45867001,174601000,0,0,1665977172,86634,distance_to_pickup,BATCH,hungarian,0,0,order,1
1666063806,134866,1289,43.41658669218482,1,True,True,1681,False,3449,2853,45887997,174533308,45888024,174533274,0,0,1665977176,86630,distance_to_pickup,BATCH,hungarian,0,0,order,1
1666063806,524716,2120,37.8021163428716,1,True,True,3723,False,3449,2853,45887997,174533308,45888027,174533285,0,0,1665977191,86615,distance_to_pickup,BATCH,hungarian,0,0,order,1
1666063806,387345,1864,88.09086218218096,1,True,True,2173,False,3449,2853,45894039,174584286,45894107,174584342,0,0,1665977193,86613,distance_to_pickup,BATCH,hungarian,0,0,order,1
1666063806,218644,3626,67.89698078707183,1,True,True,1274,False,3449,2853,45868424,174540142,45868435,174540075,0,0,1665977195,86611,distance_to_pickup,BATCH,hungarian,0,0,order,1
1666063806,376548,2773,75.59100475585703,1,True,True,1212,False,3449,2853,45896677,174552896,45896610,174552931,0,0,1665977197,86609,distance_to_pickup,BATCH,hungarian,0,0,order,1
1666063806,221546,1874,68.24954212300622,1,True,True,737,False,3449,2853,45888863,174535502,45888906,174535555,0,0,1665977201,86605,distance_to_pickup,BATCH,hungarian,0,0,order,1
1666063806,282042,627,57.201398584300364,1,True,True,352,False,3449,2853,45880139,174546656,45880173,174546610,0,0,1665977215,86591,distance_to_pickup,BATCH,hungarian,0,0,order,1
1666063806,337732,1096,96.54014708917737,1,True,True,2466,False,3449,2853,45912099,174528707,45912121,174528801,0,0,1665977219,86587,distance_to_pickup,BATCH,hungarian,0,0,order,1
1666063806,270520,3131,60.60528029800704,1,True,True,844,False,3449,2853,45853755,174527370,45853718,174527418,0,0,1665977223,86583,distance_to_pickup,BATCH,hungarian,0,0,order,1
1666063806,334982,1584,7.810249675906654,1,True,True,1499,False,3449,2853,45861752,174582541,45861747,174582547,0,0,1665977274,86532,distance_to_pickup,BATCH,hungarian,0,0,order,1
1666063806,321263,2258,94.15412895885129,1,True,True,3345,False,3449,2853,45921142,174542028,45921229,174542064,0,0,1665977284,86522,distance_to_pickup,BATCH,hungarian,0,0,order,1
1666063806,165211,3346,82.80096617793781,1,True,True,2852,False,3449,2853,45905787,174526585,45905837,174526519,0,0,1665977332,86474,distance_to_pickup,BATCH,hungarian,0,0,order,1
1666063806,45062,1071,80.8084154033477,1,True,True,1712,False,3449,2853,45922878,174552100,45922939,174552047,0,0,1665977347,86459,distance_to_pickup,BATCH,hungarian,0,0,order,1
1666063806,379195,3726,79.1012010022604,1,True,True,2921,False,3449,2853,45912088,174529069,45912009,174529073,0,0,1665977348,86458,distance_to_pickup,BATCH,hungarian,0,0,order,1
1666063806,89136,3119,75.32595834106593,1,True,True,290,False,3449,2853,45855564,174590648,45855571,174590723,0,0,1665977357,86449,distance_to_pickup,BATCH,hungarian,0,0,order,1
1666063806,122667,3955,50.32891812864648,1,True,True,2484,False,3449,2853,45889814,174545604,45889847,174545566,0,0,1665977363,86443,distance_to_pickup,BATCH,hungarian,0,0,order,1
1666063806,209761,2118,81.30190649671138,1,True,True,730,False,3449,2853,45906462,174573218,45906543,174573225,0,0,1665977377,86429,distance_to_pickup,BATCH,hungarian,0,0,order,1
1666063806,174201,749,78.40918313565064,1,True,True,429,False,3449,2853,45877893,174577737,45877831,174577689,0,0,1665977382,86424,distance_to_pickup,BATCH,hungarian,0,0,order,1
1666063806,307604,2744,76.84399781375251,1,True,True,2915,False,3449,2853,45849548,174566661,45849524,174566734,0,0,1666061175,2631,distance_to_pickup,BATCH,hungarian,0,0,order,1
1666063806,390362,2032,8.0,1,True,True,2061,False,3449,2853,45864785,174580827,45864785,174580819,0,0,1666062433,1373,distance_to_pickup,BATCH,hungarian,0,0,order,1
1666063806,70637,36,55.46169849544819,1,True,True,943,False,3449,2853,45893488,174584303,45893538,174584327,0,0,1666062438,1368,distance_to_pickup,BATCH,hungarian,0,0,order,1
1666063806,259477,857,97.40636529508737,1,True,True,513,False,3449,2853,45868629,174606647,45868597,174606555,0,0,1666062671,1135,distance_to_pickup,BATCH,hungarian,0,0,order,1
1666063806,256593,3963,68.6804193347711,1,True,True,3597,False,3449,2853,45866698,174606413,45866632,174606432,0,0,1666062708,1098,distance_to_pickup,BATCH,hungarian,0,0,order,1
1666063806,58113,381,93.53608929178085,1,True,True,1354,False,3449,2853,45879570,174648570,45879560,174648477,0,0,1666062821,985,distance_to_pickup,BATCH,hungarian,0,0,order,1
1666063806,290720,3634,65.03076195155643,1,True,True,1019,False,3449,2853,45885618,174541076,45885620,174541141,0,0,1666062829,977,distance_to_pickup,BATCH,hungarian,0,0,order,1
1666063806,177509,3340,80.89499366462674,1,True,True,1520,False,3449,2853,45887997,174533308,45888009,174533228,0,0,1666062868,938,distance_to_pickup,BATCH,hungarian,0,0,order,1
1666063806,86382,394,95.4829827770373,1,True,True,394,True,3449,2853,45838275,174623439,45838209,174623370,0,0,1666062943,863,distance_to_pickup,BATCH,hungarian,0,0,order,1
1666063806,543249,1204,17.0,1,True,True,2557,False,3449,2853,45905787,174526585,45905770,174526585,0,0,1666062947,859,distance_to_pickup,BATCH,hungarian,0,0,order,1
1666063806,22977,360,53.71219600798314,1,True,True,587,False,3449,2853,45867072,174602180,45867025,174602206,0,0,1666063008,798,distance_to_pickup,BATCH,hungarian,0,0,order,1
1666063806,198140,2224,35.17101079013795,1,True,True,2224,True,3449,2853,45898248,174553674,45898239,174553640,0,0,1666063017,789,distance_to_pickup,BATCH,hungarian,0,0,order,1
1666063806,120032,1242,1.4142135623730951,1,True,True,3039,False,3449,2853,45907630,174567904,45907629,174567905,0,0,1666063106,700,distance_to_pickup,BATCH,hungarian,0,0,order,1
1666063806,558718,871,72.44308110509934,1,True,True,3642,False,3449,2853,45873880,174576720,45873888,174576792,0,0,1666063134,672,distance_to_pickup,BATCH,hungarian,0,0,order,1
1666063806,135218,623,50.59644256269407,1,True,True,611,False,3449,2853,45862879,174581321,45862863,174581369,0,0,1666063148,658,distance_to_pickup,BATCH,hungarian,0,0,order,1
1666063806,493750,3438,76.21679604916491,1,True,True,1314,False,3449,2853,45895459,174577390,45895387,174577365,0,0,1666063168,638,distance_to_pickup,BATCH,hungarian,0,0,order,1
1666063806,236406,2827,95.70788891204319,1,True,True,859,False,3449,2853,45894758,174555339,45894740,174555433,0,0,1666063180,626,distance_to_pickup,BATCH,hungarian,0,0,order,1
1666063806,446590,1246,66.30987860040162,1,True,True,1246,True,3449,2853,45861460,174532407,45861486,174532346,0,0,1666063233,573,distance_to_pickup,BATCH,hungarian,0,0,order,1
1666063806,371389,2434,77.42092740338364,1,True,True,2139,False,3449,2853,45889870,174545278,45889825,174545341,0,0,1666063234,572,distance_to_pickup,BATCH,hungarian,0,0,order,1
1666063806,156392,3950,43.840620433565945,1,True,True,1236,False,3449,2853,45869081,174575168,45869050,174575137,0,0,1666063259,547,distance_to_pickup,BATCH,hungarian,0,0,order,1
1666063806,351954,286,6.708203932499369,1,True,True,671,False,3449,2853,45864073,174582024,45864067,174582021,0,0,1666063282,524,distance_to_pickup,BATCH,hungarian,0,0,order,1
1666063806,10143,3043,81.30190649671138,1,True,True,801,False,3449,2853,45883446,174535886,45883453,174535967,0,0,1666063311,495,distance_to_pickup,BATCH,hungarian,0,0,order,1
1666063806,10151,1447,91.19758768739445,1,True,True,1889,False,3449,2853,45875560,174633370,45875651,174633364,0,0,1666063362,444,distance_to_pickup,BATCH,hungarian,0,0,order,1
1666063806,86392,3642,7.615773105863909,1,True,True,611,False,3449,2853,45861655,174583536,45861648,174583539,0,0,1666063372,434,distance_to_pickup,BATCH,hungarian,0,0,order,1
1666063806,55012,3001,72.83543093852057,1,True,True,464,False,3449,2853,45879921,174546626,45879932,174546554,0,0,1666063372,434,distance_to_pickup,BATCH,hungarian,0,0,order,1
1666063806,478253,2268,74.09453421137081,1,True,True,3249,False,3449,2853,45870553,174547266,45870592,174547329,0,0,1666063384,422,distance_to_pickup,BATCH,hungarian,0,0,order,1
1666063806,174573,2922,76.53103945458993,1,True,True,323,False,3449,2853,45880055,174634856,45880131,174634865,0,0,1666063396,410,distance_to_pickup,BATCH,hungarian,0,0,order,1
1666063806,550999,909,86.31338250816034,1,True,True,3731,False,3449,2853,45885675,174551319,45885760,174551304,0,0,1666063399,407,distance_to_pickup,BATCH,hungarian,0,0,order,1
1666063806,522414,4050,91.19758768739445,1,True,True,1631,False,3449,2853,45856330,174579593,45856324,174579684,0,0,1666063402,404,distance_to_pickup,BATCH,hungarian,0,0,order,1
1666063806,301996,3407,90.91754506144565,1,True,True,3325,False,3449,2853,45865066,174527209,45865145,174527254,0,0,1666063423,383,distance_to_pickup,BATCH,hungarian,0,0,order,1
1666063806,92644,1699,91.92388155425118,1,True,True,276,False,3449,2853,45848717,174584003,45848694,174584092,0,0,1666063457,349,distance_to_pickup,BATCH,hungarian,0,0,order,1
1666063806,180583,65,73.49829930005184,1,True,True,65,True,3449,2853,45779296,174571096,45779277,174571167,0,0,1666063461,345,distance_to_pickup,BATCH,hungarian,0,0,order,1
1666063806,401265,1597,27.0,1,True,True,322,False,3449,2853,45820098,174521905,45820125,174521905,0,0,1666063461,345,distance_to_pickup,BATCH,hungarian,0,0,order,1
1666063806,273709,1345,77.92945527847606,1,True,True,166,False,3449,2853,46045145,174938665,46045222,174938653,0,0,1666063465,341,distance_to_pickup,BATCH,hungarian,0,0,order,1
1666063806,192273,2193,65.45991139621256,1,True,True,3924,False,3449,2853,46043215,174939866,46043153,174939845,0,0,1666063465,341,distance_to_pickup,BATCH,hungarian,0,0,order,1
1666063806,290714,3679,25.495097567963924,1,True,True,56,False,3449,2853,45866079,174600663,45866062,174600682,0,0,1666063472,334,distance_to_pickup,BATCH,hungarian,0,0,order,1
1666063806,290717,1489,57.688820407423826,1,True,True,1889,False,3449,2853,45880151,174634388,45880183,174634436,0,0,1666063473,333,distance_to_pickup,BATCH,hungarian,0,0,order,1
1666063806,171562,2141,24.08318915758459,1,True,True,770,False,3449,2853,45921142,174542028,45921124,174542044,0,0,1666063474,332,distance_to_pickup,BATCH,hungarian,0,0,order,1
1666063806,411992,2198,40.80441152620633,1,True,True,3434,False,3449,2853,45858376,174534230,45858400,174534197,0,0,1666063508,298,distance_to_pickup,BATCH,hungarian,0,0,order,1
1666063806,224740,1819,46.010868281309364,1,True,True,4620,False,3449,2853,45895360,174576670,45895391,174576704,0,0,1666063522,284,distance_to_pickup,BATCH,hungarian,0,0,order,1
1666063806,16524,4555,70.00714249274856,1,True,True,2461,False,3449,2853,45892634,174524449,45892585,174524499,0,0,1666063529,277,distance_to_pickup,BATCH,hungarian,0,0,order,1
1666063806,156393,2992,60.92618484691127,1,True,True,4288,False,3449,2853,45884361,174581867,45884417,174581891,0,0,1666063557,249,distance_to_pickup,BATCH,hungarian,0,0,order,1
1666063806,156390,3084,70.83078426785913,1,True,True,3136,False,3449,2853,45857919,174575648,45857858,174575612,0,0,1666063570,236,distance_to_pickup,BATCH,hungarian,0,0,order,1
1666063806,279544,2341,88.60022573334675,1,True,True,1183,False,3449,2853,45766299,174570516,45766324,174570431,0,0,1666063577,229,distance_to_pickup,BATCH,hungarian,0,0,order,1
1666063806,501537,699,35.84689665786984,1,True,True,1618,False,3449,2853,45875003,174650396,45874972,174650378,0,0,1666063580,226,distance_to_pickup,BATCH,hungarian,0,0,order,1
1666063806,221902,2294,77.07788269017254,1,True,True,614,False,3449,2853,45870486,174595427,45870415,174595397,0,0,1666063582,224,distance_to_pickup,BATCH,hungarian,0,0,order,1
1666063806,307649,90,85.15867542417507,1,True,True,90,True,3449,2853,45892879,174567270,45892893,174567186,0,0,1666063588,218,distance_to_pickup,BATCH,hungarian,0,0,order,1
1666063806,207050,1825,40.44749683231337,1,True,True,3130,False,3449,2853,45912488,174587958,45912494,174587998,0,0,1666063593,213,distance_to_pickup,BATCH,hungarian,0,0,order,1
1666063806,98770,282,34.9857113690718,1,True,True,930,False,3449,2853,46048736,174947932,46048718,174947902,0,0,1666063594,212,distance_to_pickup,BATCH,hungarian,0,0,order,1
1666063806,189387,2409,43.829214001622255,1,True,True,102,False,3449,2853,45865177,174556709,45865141,174556734,0,0,1666062845,961,distance_to_pickup,BATCH,hungarian,0,0,order,1
1666063806,332603,1811,55.90169943749474,1,True,True,1186,False,3449,2853,45897597,174552952,45897647,174552927,0,0,1666062821,985,distance_to_pickup,BATCH,hungarian,0,0,order,1
1666063806,95767,2571,87.82368700982668,1,True,True,436,False,3449,2853,45879648,174648076,45879636,174647989,0,0,1666063670,136,distance_to_pickup,BATCH,hungarian,0,0,order,1
1666063806,156342,496,35.4682957019364,1,True,True,729,False,3449,2853,45860863,174572580,45860850,174572547,0,0,1666060581,3225,distance_to_pickup,BATCH,hungarian,0,0,order,1
1666063806,498919,4267,89.00561780022652,1,True,True,1350,False,3449,2853,45879237,174648050,45879238,174648139,0,0,1666063672,134,distance_to_pickup,BATCH,hungarian,0,0,order,1
1666063806,335301,3327,34.0,1,True,True,4099,False,3449,2853,45877949,174577975,45877933,174578005,0,0,1666063356,450,distance_to_pickup,BATCH,hungarian,0,0,order,1
1666063806,98772,852,97.8008179924892,1,True,True,1797,False,3449,2853,45866136,174566023,45866058,174566082,0,0,1666063775,31,distance_to_pickup,BATCH,hungarian,0,0,order,1
1666063806,491149,3758,61.71709649683789,1,True,True,3758,True,3449,2853,45822976,174546904,45822929,174546864,0,0,1666063759,47,distance_to_pickup,BATCH,hungarian,0,0,order,1
1666063806,401271,3372,58.89821729050889,1,True,True,126,False,3449,2853,45866931,174606684,45866886,174606646,0,0,1666063750,56,distance_to_pickup,BATCH,hungarian,0,0,order,1
1666063806,13319,3824,66.24198064671678,1,True,True,1618,False,3449,2853,45874746,174650130,45874714,174650188,0,0,1666063523,283,distance_to_pickup,BATCH,hungarian,0,0,order,1
1666063806,73757,1767,33.06055050963308,1,True,True,1350,False,3449,2853,45874643,174648159,45874641,174648126,0,0,1666063690,116,distance_to_pickup,BATCH,hungarian,0,0,order,1
1666063806,427871,207,55.0,1,True,True,2596,False,3449,2853,45869309,174575128,45869276,174575172,0,0,1666063437,369,distance_to_pickup,BATCH,hungarian,0,0,order,1
1666063806,248059,1352,50.92150822589606,1,True,True,4207,False,3449,2853,45865184,174556784,45865136,174556801,0,0,1666063448,358,distance_to_pickup,BATCH,hungarian,0,0,order,1
1666063806,293576,1760,74.33034373659252,1,True,True,859,False,3449,2853,45898368,174553324,45898361,174553250,0,0,1666063498,308,distance_to_pickup,BATCH,hungarian,0,0,order,1
1666063806,435986,1954,60.63827174318213,1,True,True,3127,False,3449,2853,45851168,174552629,45851109,174552643,0,0,1666063772,34,distance_to_pickup,BATCH,hungarian,0,0,order,1
1666063806,250911,1822,43.174066289845804,1,True,True,998,False,3449,2853,45898786,174565946,45898796,174565988,0,0,1666063340,466,distance_to_pickup,BATCH,hungarian,0,0,order,1
1666063806,180591,2855,49.72926703662542,1,True,True,3954,False,3449,2853,45880121,174546722,45880169,174546709,0,0,1666063770,36,distance_to_pickup,BATCH,hungarian,0,0,order,1
1666063806,3614,1234,71.02816342831905,1,True,True,987,False,3449,2853,45905276,174543687,45905347,174543689,0,0,1666063766,40,distance_to_pickup,BATCH,hungarian,0,0,order,1
1666063806,563835,163,81.9084855189009,1,True,True,2227,False,3449,2853,45817661,174564467,45817636,174564545,0,0,1666063755,51,distance_to_pickup,BATCH,hungarian,0,0,order,1
1666063806,360329,3744,69.31810730249349,1,True,True,4019,False,3449,2853,45895872,174555845,45895934,174555876,0,0,1666063686,120,distance_to_pickup,BATCH,hungarian,0,0,order,1
1666063806,371403,1236,48.662100242385755,1,True,True,460,False,3449,2853,45864785,174580827,45864737,174580819,0,0,1666063670,136,distance_to_pickup,BATCH,hungarian,0,0,order,1
1666063806,198153,2169,26.076809620810597,1,True,True,2531,False,3449,2853,45874747,174650084,45874749,174650058,0,0,1666063773,33,distance_to_pickup,BATCH,hungarian,0,0,order,1
1666063806,239306,3148,47.12748667179272,1,True,True,2777,False,3449,2853,45866326,174602374,45866281,174602360,0,0,1666063769,37,distance_to_pickup,BATCH,hungarian,0,0,order,1
1666063806,216030,3014,28.792360097775937,1,True,True,48,False,3449,2853,45865902,174600697,45865929,174600687,0,0,1666053033,10773,distance_to_pickup,BATCH,hungarian,0,0,order,1
1666063806,201150,1793,95.524865872714,1,True,True,1636,False,3449,2853,45889913,174596658,45889864,174596740,0,0,1666063637,169,distance_to_pickup,BATCH,hungarian,0,0,order,1
1666063806,363099,2111,82.05485969764375,1,True,True,2554,False,3449,2853,45894745,174555643,45894742,174555725,0,0,1666063739,67,distance_to_pickup,BATCH,hungarian,0,0,order,1
1666063806,6882,1026,28.844410203711913,1,True,True,578,False,3449,2853,45865320,174556750,45865336,174556726,0,0,1666063480,326,distance_to_pickup,BATCH,hungarian,0,0,order,1
1666063806,92654,2138,86.81589716175259,1,True,True,1470,False,3449,2853,45883445,174599735,45883409,174599814,0,0,1666063259,547,distance_to_pickup,BATCH,hungarian,0,0,order,1
1666063806,387659,2291,76.92203845452875,1,True,True,995,False,3449,2853,45879714,174648116,45879645,174648150,0,0,1666063634,172,distance_to_pickup,BATCH,hungarian,0,0,order,1
1666063806,446602,945,20.024984394500787,1,True,True,627,False,3449,2853,45880249,174546573,45880269,174546574,0,0,1666063762,44,distance_to_pickup,BATCH,hungarian,0,0,order,1
1666063806,83312,2077,83.54639429682169,1,True,True,2047,False,3449,2853,45871167,174595947,45871229,174595891,0,0,1666063766,40,distance_to_pickup,BATCH,hungarian,0,0,order,1
1666063806,144370,3853,49.24428900898052,1,True,True,3981,False,3449,2853,45879060,174634370,45879103,174634346,0,0,1666063760,46,distance_to_pickup,BATCH,hungarian,0,0,order,1
1666063806,398504,2234,95.1892851112981,1,True,True,598,False,3449,2853,45874456,174575808,45874506,174575889,0,0,1666063772,34,distance_to_pickup,BATCH,hungarian,0,0,order,1
1666063806,122620,4274,92.09777413162601,1,True,False,2343,False,3449,2853,45821903,174523242,45821964,174523311,0,0,1665973460,90346,distance_to_pickup,BATCH,hungarian,0,0,order,1
1666063806,22580,1632,50.24937810560445,1,True,False,2136,False,3449,2853,45902158,174585237,45902115,174585263,0,0,1665976683,87123,distance_to_pickup,BATCH,hungarian,0,0,order,1
1666063806,293221,591,65.12296062065974,1,True,False,737,False,3449,2853,45889158,174535054,45889093,174535050,0,0,1665976890,86916,distance_to_pickup,BATCH,hungarian,0,0,order,1
1666063806,532608,2253,22.20360331117452,1,True,False,1362,False,3449,2853,45885583,174537087,45885565,174537100,0,0,1665977072,86734,distance_to_pickup,BATCH,hungarian,0,0,order,1
1666063806,435627,1505,78.16009211867653,1,True,False,1720,False,3449,2853,45900860,174579410,45900938,174579405,0,0,1665977084,86722,distance_to_pickup,BATCH,hungarian,0,0,order,1
1666063806,301703,4513,91.59148432032315,1,True,False,381,False,3449,2853,45884892,174635297,45884875,174635387,0,0,1665977199,86607,distance_to_pickup,BATCH,hungarian,0,0,order,1
1666063806,411677,3941,48.104053883222775,1,True,False,1383,False,3449,2853,45907047,174573121,45907064,174573166,0,0,1665977202,86604,distance_to_pickup,BATCH,hungarian,0,0,order,1
1666063806,273397,2469,79.93122043357026,1,True,False,870,False,3449,2853,45858430,174577740,45858375,174577682,0,0,1665977350,86456,distance_to_pickup,BATCH,hungarian,0,0,order,1
1666063806,45066,1498,31.016124838541646,1,True,False,629,False,3449,2853,46043478,174939239,46043489,174939210,0,0,1665977372,86434,distance_to_pickup,BATCH,hungarian,0,0,order,1
1666063806,107556,2884,58.137767414994535,1,True,False,4001,False,3449,2853,45867117,174556837,45867169,174556811,0,0,1665977373,86433,distance_to_pickup,BATCH,hungarian,0,0,order,1
1666063806,51843,1426,98.60020283954795,1,True,False,357,False,3449,2853,45873880,174576720,45873959,174576779,0,0,1666062545,1261,distance_to_pickup,BATCH,hungarian,0,0,order,1
1666063806,343702,978,45.79301256742124,1,True,False,2246,False,3449,2853,45866961,174601021,45867000,174600997,0,0,1666062785,1021,distance_to_pickup,BATCH,hungarian,0,0,order,1
1666063806,371384,1601,34.438350715445125,1,True,False,2050,False,3449,2853,45924098,174522105,45924067,174522120,0,0,1666062888,918,distance_to_pickup,BATCH,hungarian,0,0,order,1
1666063806,493753,89,56.32051136131489,1,True,False,89,False,3449,2853,45847363,174551461,45847419,174551455,0,0,1666063200,606,distance_to_pickup,BATCH,hungarian,0,0,order,1
1666063806,192272,498,41.72529209005013,1,True,False,2977,False,3449,2853,45879880,174535820,45879851,174535790,0,0,1666063461,345,distance_to_pickup,BATCH,hungarian,0,0,order,1
1666063806,296358,1939,31.76476034853718,1,True,False,1695,False,3449,2853,46043232,174940147,46043204,174940132,0,0,1666063480,326,distance_to_pickup,BATCH,hungarian,0,0,order,1
1666063806,444001,1847,94.64142856064674,1,True,False,628,False,3449,2853,45765277,174572315,45765183,174572326,0,0,1666063583,223,distance_to_pickup,BATCH,hungarian,0,0,order,1
1666063806,233370,1740,84.48076704197234,1,True,False,1965,False,3449,2853,45906047,174531089,45906023,174531008,0,0,1666063590,216,distance_to_pickup,BATCH,hungarian,0,0,order,1
1666063806,406624,1926,89.02246907382428,1,True,False,4099,False,3449,2853,45877949,174577975,45877951,174578064,0,0,1666063534,272,distance_to_pickup,BATCH,hungarian,0,0,order,1
1666063806,470334,2364,50.0,1,True,False,1494,False,3449,2853,45874746,174650130,45874698,174650116,0,0,1666063529,277,distance_to_pickup,BATCH,hungarian,0,0,order,1
1666063806,265153,417,76.40026177965623,1,True,False,4019,False,3449,2853,45896148,174555744,45896074,174555763,0,0,1666063766,40,distance_to_pickup,BATCH,hungarian,0,0,order,1
1666063806,144364,1400,68.59300255857006,1,True,False,254,False,3449,2853,45877540,174579160,45877492,174579209,0,0,1666063335,471,distance_to_pickup,BATCH,hungarian,0,0,order,1
1666063806,522420,2146,52.630789467763066,1,True,False,251,False,3449,2853,45902158,174585237,45902117,174585204,0,0,1666063759,47,distance_to_pickup,BATCH,hungarian,0,0,order,1
1666149913,155996,365,81.61494961096282,1,True,True,764,False,4047,3420,45894566,174589368,45894485,174589378,0,0,1665971533,178380,distance_to_pickup,BATCH,hungarian,0,0,order,1
1666149913,264849,2497,98.2700361249552,1,True,True,2588,False,4047,3420,45880592,174633877,45880496,174633856,0,0,1665973405,176508,distance_to_pickup,BATCH,hungarian,0,0,order,1
1666149913,348820,1297,24.08318915758459,1,True,True,2291,False,4047,3420,45879957,174647898,45879975,174647914,0,0,1665976599,173314,distance_to_pickup,BATCH,hungarian,0,0,order,1
1666149913,522089,387,72.27724399837061,1,True,True,2730,False,4047,3420,45879771,174546630,45879789,174546560,0,0,1665976612,173301,distance_to_pickup,BATCH,hungarian,0,0,order,1
1666149913,403633,2523,75.4254598925323,1,True,True,1043,False,4047,3420,45849071,174527541,45848996,174527533,0,0,1665976626,173287,distance_to_pickup,BATCH,hungarian,0,0,order,1
1666149913,16090,2239,96.25487000666512,1,True,True,916,False,4047,3420,45842552,174575176,45842471,174575124,0,0,1665976695,173218,distance_to_pickup,BATCH,hungarian,0,0,order,1
1666149913,480554,3397,41.6293165929973,1,True,True,3536,False,4047,3420,45861811,174582680,45861773,174582663,0,0,1665976728,173185,distance_to_pickup,BATCH,hungarian,0,0,order,1
1666149913,262051,1787,80.52949770115296,1,True,True,2244,False,4047,3420,45820029,174523122,45819956,174523156,0,0,1665976861,173052,distance_to_pickup,BATCH,hungarian,0,0,order,1
1666149913,70310,2332,55.08175741568164,1,True,True,391,False,4047,3420,45898300,174553788,45898285,174553735,0,0,1665976873,173040,distance_to_pickup,BATCH,hungarian,0,0,order,1
1666149913,456860,672,16.278820596099706,1,True,True,4694,False,4047,3420,45861655,174583536,45861666,174583548,0,0,1665976915,172998,distance_to_pickup,BATCH,hungarian,0,0,order,1
1666149913,558422,1785,91.76055797563569,1,True,True,1516,False,4047,3420,45861372,174545171,45861284,174545145,0,0,1665976929,172984,distance_to_pickup,BATCH,hungarian,0,0,order,1
1666149913,318433,325,99.00505037623081,1,True,True,330,False,4047,3420,45911894,174529244,45911993,174529243,0,0,1665976933,172980,distance_to_pickup,BATCH,hungarian,0,0,order,1
1666149913,537893,1404,40.36087214122113,1,True,True,84,False,4047,3420,45869364,174570875,45869334,174570848,0,0,1665976976,172937,distance_to_pickup,BATCH,hungarian,0,0,order,1
1666149913,238942,1466,79.61155694998057,1,True,True,3424,False,4047,3420,45880188,174530388,45880231,174530455,0,0,1665977043,172870,distance_to_pickup,BATCH,hungarian,0,0,order,1
1666149913,443680,3876,24.73863375370596,1,True,True,2806,False,4047,3420,45912320,174519710,45912296,174519716,0,0,1665977067,172846,distance_to_pickup,BATCH,hungarian,0,0,order,1
1666149913,427562,549,60.21627686929839,1,True,True,2662,False,4047,3420,45907759,174546285,45907724,174546236,0,0,1665977078,172835,distance_to_pickup,BATCH,hungarian,0,0,order,1
1666149913,113674,803,78.49203781276162,1,True,True,1290,False,4047,3420,46053952,174948831,46053887,174948787,0,0,1665977082,172831,distance_to_pickup,BATCH,hungarian,0,0,order,1
1666149913,32119,1316,18.027756377319946,1,True,True,604,False,4047,3420,45873329,174545627,45873311,174545628,0,0,1665977098,172815,distance_to_pickup,BATCH,hungarian,0,0,order,1
1666149913,156048,2178,70.2922470831599,1,True,True,419,False,4047,3420,45921142,174542028,45921097,174542082,0,0,1665977132,172781,distance_to_pickup,BATCH,hungarian,0,0,order,1
1666149913,392761,1063,71.11258679024411,1,True,True,1618,False,4047,3420,45880689,174650819,45880625,174650850,0,0,1665977134,172779,distance_to_pickup,BATCH,hungarian,0,0,order,1
1666149913,28949,1372,88.54942122905152,1,True,True,398,False,4047,3420,45893156,174543777,45893235,174543817,0,0,1665977191,172722,distance_to_pickup,BATCH,hungarian,0,0,order,1
1666149913,92269,84,57.48912940721924,1,True,True,3522,False,4047,3420,45897008,174553031,45896964,174553068,0,0,1665977194,172719,distance_to_pickup,BATCH,hungarian,0,0,order,1
1666149913,147014,71,72.00694410957877,1,True,True,3311,False,4047,3420,46043215,174939866,46043182,174939802,0,0,1665977196,172717,distance_to_pickup,BATCH,hungarian,0,0,order,1
1666149913,221547,2181,95.524865872714,1,True,True,2466,False,4047,3420,45924121,174521831,45924039,174521782,0,0,1665977201,172712,distance_to_pickup,BATCH,hungarian,0,0,order,1
1666149913,411677,3941,48.104053883222775,1,True,True,1383,False,4047,3420,45907047,174573121,45907064,174573166,0,0,1665977202,172711,distance_to_pickup,BATCH,hungarian,0,0,order,1
1666149913,28948,72,77.3692445355388,1,True,True,21,False,4047,3420,46043215,174939866,46043180,174939797,0,0,1665977202,172711,distance_to_pickup,BATCH,hungarian,0,0,order,1
1666149913,177198,1441,84.8999411071645,1,True,True,4542,False,4047,3420,45897087,174552977,45897149,174552919,0,0,1665977209,172704,distance_to_pickup,BATCH,hungarian,0,0,order,1
1666149913,153052,707,87.8179936004006,1,True,True,602,False,4047,3420,45859748,174579158,45859792,174579082,0,0,1665977270,172643,distance_to_pickup,BATCH,hungarian,0,0,order,1
1666149913,440999,1493,72.42237223399962,1,True,True,279,False,4047,3420,45910563,174526358,45910622,174526400,0,0,1665977278,172635,distance_to_pickup,BATCH,hungarian,0,0,order,1
1666149913,542958,883,62.42595614005443,1,True,True,409,False,4047,3420,45859969,174536490,45860020,174536526,0,0,1665977302,172611,distance_to_pickup,BATCH,hungarian,0,0,order,1
1666149913,107556,3350,65.94694837519019,1,True,True,4001,False,4047,3420,45867117,174556837,45867167,174556880,0,0,1665977373,172540,distance_to_pickup,BATCH,hungarian,0,0,order,1
1666149913,456873,2078,22.20360331117452,1,True,True,790,False,4047,3420,45856330,174579593,45856333,174579615,0,0,1665977375,172538,distance_to_pickup,BATCH,hungarian,0,0,order,1
1666149913,441007,1069,94.92101980067429,1,True,True,786,False,4047,3420,45894297,174589367,45894360,174589296,0,0,1665977378,172535,distance_to_pickup,BATCH,hungarian,0,0,order,1
1666149913,86002,3065,21.213203435596427,1,True,True,238,False,4047,3420,45878035,174578011,45878056,174578014,0,0,1665977378,172535,distance_to_pickup,BATCH,hungarian,0,0,order,1
1666149913,354445,1070,71.19691004531025,1,True,True,19,False,4047,3420,45889943,174537587,45889956,174537517,0,0,1665977381,172532,distance_to_pickup,BATCH,hungarian,0,0,order,1
1666149913,519416,1581,89.35882720806042,1,True,True,716,False,4047,3420,45861220,174557270,45861173,174557346,0,0,1665977382,172531,distance_to_pickup,BATCH,hungarian,0,0,order,1
1666149913,89138,1111,97.73944955850733,1,True,True,2935,False,4047,3420,45896298,174578827,45896331,174578735,0,0,1665977388,172525,distance_to_pickup,BATCH,hungarian,0,0,order,1
1666149913,519689,2761,85.44003745317531,1,True,True,1674,False,4047,3420,45921241,174541506,45921287,174541434,0,0,1666059022,90891,distance_to_pickup,BATCH,hungarian,0,0,order,1
1666149913,83250,1647,2.0,1,True,True,1692,False,4047,3420,45880689,174650819,45880687,174650819,0,0,1666060128,89785,distance_to_pickup,BATCH,hungarian,0,0,order,1
1666149913,54943,297,98.37174391053561,1,True,True,729,False,4047,3420,45868634,174575022,45868540,174575051,0,0,1666060665,89248,distance_to_pickup,BATCH,hungarian,0,0,order,1
1666149913,501501,4030,64.62197768561404,1,True,True,820,False,4047,3420,45905828,174530847,45905852,174530787,0,0,1666061514,88399,distance_to_pickup,BATCH,hungarian,0,0,order,1
1666149913,174538,2271,29.966648127543394,1,True,True,3737,False,4047,3420,45898786,174565946,45898799,174565973,0,0,1666061552,88361,distance_to_pickup,BATCH,hungarian,0,0,order,1
1666149913,563814,3994,78.91767862779544,1,True,True,2855,False,4047,3420,45872562,174545688,45872550,174545766,0,0,1666062305,87608,distance_to_pickup,BATCH,hungarian,0,0,order,1
1666149913,519728,236,58.89821729050889,1,True,True,1694,False,4047,3420,45898432,174553759,45898387,174553797,0,0,1666062482,87431,distance_to_pickup,BATCH,hungarian,0,0,order,1
1666149913,365884,891,86.00581375697809,1,True,True,306,False,4047,3420,45886588,174545028,45886589,174544942,0,0,1666062535,87378,distance_to_pickup,BATCH,hungarian,0,0,order,1
1666149913,95762,1302,14.866068747318506,1,True,True,891,False,4047,3420,45868335,174545710,45868325,174545699,0,0,1666062557,87356,distance_to_pickup,BATCH,hungarian,0,0,order,1
1666149913,210110,2592,35.12833614050059,1,True,True,2037,False,4047,3420,45877861,174554744,45877896,174554747,0,0,1666062803,87110,distance_to_pickup,BATCH,hungarian,0,0,order,1
1666149913,282362,2510,54.45181356024793,1,True,True,4205,False,4047,3420,45853755,174527370,45853762,174527424,0,0,1666062841,87072,distance_to_pickup,BATCH,hungarian,0,0,order,1
1666149913,371384,1601,34.438350715445125,1,True,True,2050,False,4047,3420,45924098,174522105,45924067,174522120,0,0,1666062888,87025,distance_to_pickup,BATCH,hungarian,0,0,order,1
1666149913,116987,2635,90.27181176868004,1,True,True,2471,False,4047,3420,45885701,174551895,45885708,174551985,0,0,1666062891,87022,distance_to_pickup,BATCH,hungarian,0,0,order,1
1666149913,427867,900,28.0,1,True,True,4205,False,4047,3420,45853755,174527370,45853755,174527342,0,0,1666062913,87000,distance_to_pickup,BATCH,hungarian,0,0,order,1
1666149913,101949,3475,21.400934559032695,1,True,True,2901,False,4047,3420,45883537,174592777,45883520,174592790,0,0,1666062987,86926,distance_to_pickup,BATCH,hungarian,0,0,order,1
1666149913,168476,3488,94.04786015641186,1,True,True,1881,False,4047,3420,45859959,174581509,45859893,174581442,0,0,1666062996,86917,distance_to_pickup,BATCH,hungarian,0,0,order,1
1666149913,201158,3783,48.91829923454004,1,True,True,869,False,4047,3420,45895750,174555143,45895713,174555111,0,0,1666062996,86917,distance_to_pickup,BATCH,hungarian,0,0,order,1
1666149913,558715,2689,64.93843238021688,1,True,True,1163,False,4047,3420,45905276,174543687,45905287,174543751,0,0,1666063030,86883,distance_to_pickup,BATCH,hungarian,0,0,order,1
1666149913,195242,1133,21.587033144922902,1,True,True,1275,False,4047,3420,45868629,174606647,45868624,174606668,0,0,1666063055,86858,distance_to_pickup,BATCH,hungarian,0,0,order,1
1666149913,126061,3575,42.04759208325728,1,True,True,3552,False,4047,3420,45884626,174635063,45884584,174635065,0,0,1666063160,86753,distance_to_pickup,BATCH,hungarian,0,0,order,1
1666149913,273716,17,70.2353187506115,1,True,True,246,False,4047,3420,45892879,174567270,45892846,174567208,0,0,1666063161,86752,distance_to_pickup,BATCH,hungarian,0,0,order,1
1666149913,120031,1881,90.82400563727631,1,True,True,1142,False,4047,3420,45856947,174585917,45856867,174585960,0,0,1666063193,86720,distance_to_pickup,BATCH,hungarian,0,0,order,1
1666149913,530283,2705,19.697715603592208,1,True,True,3327,False,4047,3420,45874701,174571605,45874719,174571597,0,0,1666063198,86715,distance_to_pickup,BATCH,hungarian,0,0,order,1
1666149913,38889,256,41.048751503547585,1,True,True,2350,False,4047,3420,45863320,174579382,45863343,174579348,0,0,1666063208,86705,distance_to_pickup,BATCH,hungarian,0,0,order,1
1666149913,201140,816,42.190046219457976,1,True,True,2271,False,4047,3420,45887812,174556789,45887854,174556785,0,0,1666063218,86695,distance_to_pickup,BATCH,hungarian,0,0,order,1
1666149913,454554,2462,30.528675044947494,1,True,True,4580,False,4047,3420,45879847,174634806,45879873,174634790,0,0,1666063220,86693,distance_to_pickup,BATCH,hungarian,0,0,order,1
1666149913,265135,441,97.49871794028884,1,True,True,3125,False,4047,3420,45885892,174563248,45885983,174563213,0,0,1666063242,86671,distance_to_pickup,BATCH,hungarian,0,0,order,1
1666149913,329752,2793,32.802438933713454,1,True,True,3769,False,4047,3420,45879701,174546507,45879675,174546527,0,0,1666063298,86615,distance_to_pickup,BATCH,hungarian,0,0,order,1
1666149913,141302,2895,98.84331034521254,1,True,True,149,False,4047,3420,45905850,174529930,45905939,174529887,0,0,1666063342,86571,distance_to_pickup,BATCH,hungarian,0,0,order,1
1666149913,245064,3577,30.805843601498726,1,True,True,590,False,4047,3420,45884761,174635144,45884779,174635119,0,0,1666063357,86556,distance_to_pickup,BATCH,hungarian,0,0,order,1
1666149913,441314,2051,29.0,1,True,True,838,False,4047,3420,45859352,174579486,45859372,174579465,0,0,1666063364,86549,distance_to_pickup,BATCH,hungarian,0,0,order,1
1666149913,282366,402,82.54089895318563,1,True,True,3985,False,4047,3420,45880110,174548040,45880083,174547962,0,0,1666063372,86541,distance_to_pickup,BATCH,hungarian,0,0,order,1
1666149913,296362,706,79.62411694957753,1,True,True,1049,False,4047,3420,45880041,174634830,45880119,174634846,0,0,1666063395,86518,distance_to_pickup,BATCH,hungarian,0,0,order,1
1666149913,16517,3839,63.50590523722971,1,True,True,3125,False,4047,3420,45882306,174564846,45882249,174564818,0,0,1666063412,86501,distance_to_pickup,BATCH,hungarian,0,0,order,1
1666149913,379490,3580,46.84015371452148,1,True,True,3569,False,4047,3420,45871867,174544242,45871880,174544197,0,0,1666063415,86498,distance_to_pickup,BATCH,hungarian,0,0,order,1
1666149913,171558,3950,69.33974329343886,1,True,True,1870,False,4047,3420,45871107,174543976,45871049,174544014,0,0,1666063451,86462,distance_to_pickup,BATCH,hungarian,0,0,order,1
1666149913,86397,2469,75.0,1,True,True,1958,False,4047,3420,45852183,174556342,45852111,174556363,0,0,1666063452,86461,distance_to_pickup,BATCH,hungarian,0,0,order,1
1666149913,19795,421,23.345235059857504,1,True,True,1318,False,4047,3420,45864228,174536685,45864251,174536689,0,0,1666063461,86452,distance_to_pickup,BATCH,hungarian,0,0,order,1
1666149913,538194,3114,33.734255586866,1,True,True,3499,False,4047,3420,45896150,174555690,45896157,174555657,0,0,1666063477,86436,distance_to_pickup,BATCH,hungarian,0,0,order,1
1666149913,162471,2109,42.638011210655684,1,True,True,1722,False,4047,3420,45864630,174582800,45864657,174582833,0,0,1666063483,86430,distance_to_pickup,BATCH,hungarian,0,0,order,1
1666149913,478255,2159,46.400431032480725,1,True,True,3284,False,4047,3420,46043284,174940156,46043312,174940119,0,0,1666063485,86428,distance_to_pickup,BATCH,hungarian,0,0,order,1
1666149913,506749,595,76.48529270389177,1,True,True,4012,False,4047,3420,45821771,174547259,45821822,174547202,0,0,1666063486,86427,distance_to_pickup,BATCH,hungarian,0,0,order,1
1666149913,299132,4840,83.48652585896721,1,True,True,262,False,4047,3420,45881480,174529588,45881411,174529541,0,0,1666063487,86426,distance_to_pickup,BATCH,hungarian,0,0,order,1
1666149913,61222,1690,38.41874542459709,1,True,True,1300,False,4047,3420,45889570,174545110,45889594,174545080,0,0,1666063487,86426,distance_to_pickup,BATCH,hungarian,0,0,order,1
1666149913,110972,971,88.83692925805124,1,True,True,1772,False,4047,3420,45874828,174648754,45874874,174648830,0,0,1666063488,86425,distance_to_pickup,BATCH,hungarian,0,0,order,1
1666149913,273717,3373,51.31276644267,1,True,True,2777,False,4047,3420,45871068,174595314,45871096,174595271,0,0,1666063491,86422,distance_to_pickup,BATCH,hungarian,0,0,order,1
1666149913,64397,2703,80.72174428244226,1,True,True,4053,False,4047,3420,45895728,174555530,45895668,174555476,0,0,1666063507,86406,distance_to_pickup,BATCH,hungarian,0,0,order,1
1666149913,165568,3870,80.8084154033477,1,True,True,3824,False,4047,3420,45874800,174648440,45874853,174648501,0,0,1666063508,86405,distance_to_pickup,BATCH,hungarian,0,0,order,1
1666149913,126059,3260,64.28841264178172,1,True,True,1129,False,4047,3420,45868267,174559566,45868329,174559583,0,0,1666063528,86385,distance_to_pickup,BATCH,hungarian,0,0,order,1
1666149913,470334,2364,50.0,1,True,True,1494,False,4047,3420,45874746,174650130,45874698,174650116,0,0,1666063529,86384,distance_to_pickup,BATCH,hungarian,0,0,order,1
1666149913,73761,224,37.33630940518894,1,True,True,73,False,4047,3420,45870933,174595486,45870970,174595481,0,0,1666063530,86383,distance_to_pickup,BATCH,hungarian,0,0,order,1
1666149913,406624,792,41.012193308819754,1,True,True,4099,False,4047,3420,45877949,174577975,45877950,174578016,0,0,1666063534,86379,distance_to_pickup,BATCH,hungarian,0,0,order,1
1666149913,327070,3059,28.600699292150182,1,True,True,421,False,4047,3420,45890707,174546805,45890690,174546782,0,0,1666063574,86339,distance_to_pickup,BATCH,hungarian,0,0,order,1
1666149913,371402,691,52.03844732503075,1,True,True,3125,False,4047,3420,45885886,174563236,45885834,174563238,0,0,1666063575,86338,distance_to_pickup,BATCH,hungarian,0,0,order,1
1666149913,406622,2960,61.61980201201558,1,True,True,170,False,4047,3420,45863396,174583501,45863350,174583542,0,0,1666063581,86332,distance_to_pickup,BATCH,hungarian,0,0,order,1
1666149913,201156,2381,43.174066289845804,1,True,True,3055,False,4047,3420,46052348,174943286,46052390,174943276,0,0,1666063581,86332,distance_to_pickup,BATCH,hungarian,0,0,order,1
1666149913,444001,1847,94.64142856064674,1,True,True,628,False,4047,3420,45765277,174572315,45765183,174572326,0,0,1666063583,86330,distance_to_pickup,BATCH,hungarian,0,0,order,1
1666149913,183560,3084,36.359317925395686,1,True,True,4485,False,4047,3420,45868878,174606619,45868909,174606600,0,0,1666063585,86328,distance_to_pickup,BATCH,hungarian,0,0,order,1
1666149913,551004,1577,89.0,1,True,True,463,False,4047,3420,45866830,174606620,45866919,174606620,0,0,1666063586,86327,distance_to_pickup,BATCH,hungarian,0,0,order,1
1666149913,452065,1055,48.05205510693585,1,True,True,201,False,4047,3420,46044381,174941835,46044371,174941788,0,0,1666063587,86326,distance_to_pickup,BATCH,hungarian,0,0,order,1
1666149913,192275,573,90.55385138137417,1,True,True,1757,False,4047,3420,46043504,174939521,46043582,174939475,0,0,1666063588,86325,distance_to_pickup,BATCH,hungarian,0,0,order,1
1666149913,95768,607,96.0260381354974,1,True,True,1593,False,4047,3420,45909538,174542581,45909552,174542676,0,0,1666063590,86323,distance_to_pickup,BATCH,hungarian,0,0,order,1
1666149913,230524,632,89.27485648266257,1,True,True,299,False,4047,3420,46064751,174949153,46064692,174949220,0,0,1666063593,86320,distance_to_pickup,BATCH,hungarian,0,0,order,1
1666149913,371399,2363,82.02438661763951,1,True,True,3372,False,4047,3420,45866830,174606620,45866888,174606678,0,0,1666063593,86320,distance_to_pickup,BATCH,hungarian,0,0,order,1
1666149913,302000,4652,94.5568612000208,1,True,True,3985,False,4047,3420,45880110,174548040,45880020,174548069,0,0,1666063593,86320,distance_to_pickup,BATCH,hungarian,0,0,order,1
1666149913,548442,2898,63.50590523722971,1,True,True,987,False,4047,3420,45905939,174537499,45905876,174537507,0,0,1666063594,86319,distance_to_pickup,BATCH,hungarian,0,0,order,1
1666149913,132203,151,64.8459713474939,1,True,True,1394,False,4047,3420,45864108,174582488,45864050,174582459,0,0,1666063598,86315,distance_to_pickup,BATCH,hungarian,0,0,order,1
1666149913,98775,3197,87.23531395025755,1,True,True,287,False,4047,3420,45896150,174555690,45896109,174555613,0,0,1666063705,86208,distance_to_pickup,BATCH,hungarian,0,0,order,1
1666149913,162473,3798,15.264337522473747,1,True,True,91,False,4047,3420,45886802,174544898,45886815,174544890,0,0,1666063709,86204,distance_to_pickup,BATCH,hungarian,0,0,order,1
1666149913,253736,933,45.34313619501854,1,True,True,2697,False,4047,3420,45896150,174555690,45896120,174555656,0,0,1666063714,86199,distance_to_pickup,BATCH,hungarian,0,0,order,1
1666149913,253735,2349,24.08318915758459,1,True,True,287,False,4047,3420,45896150,174555690,45896134,174555708,0,0,1666063735,86178,distance_to_pickup,BATCH,hungarian,0,0,order,1
1666149913,219012,4126,33.95585369269929,1,True,True,3684,False,4047,3420,45884516,174581843,45884483,174581851,0,0,1666063750,86163,distance_to_pickup,BATCH,hungarian,0,0,order,1
1666149913,35742,2836,25.0,1,True,True,3980,False,4047,3420,45896990,174553007,45896990,174552982,0,0,1666063752,86161,distance_to_pickup,BATCH,hungarian,0,0,order,1
1666149913,126062,3750,47.92702786528704,1,True,True,2075,False,4047,3420,45868816,174574359,45868772,174574340,0,0,1666063758,86155,distance_to_pickup,BATCH,hungarian,0,0,order,1
1666149913,80246,729,74.67261881037788,1,True,True,276,False,4047,3420,45846475,174587390,45846401,174587400,0,0,1666063758,86155,distance_to_pickup,BATCH,hungarian,0,0,order,1
1666149913,485996,526,91.44397191723465,1,True,True,1452,False,4047,3420,45898281,174578532,45898370,174578553,0,0,1666063760,86153,distance_to_pickup,BATCH,hungarian,0,0,order,1
1666149913,409315,127,81.68843247363729,1,True,True,361,False,4047,3420,45763449,174565832,45763512,174565884,0,0,1666063761,86152,distance_to_pickup,BATCH,hungarian,0,0,order,1
1666149913,395778,47,39.408120990476064,1,True,True,464,False,4047,3420,45880110,174546609,45880142,174546586,0,0,1666063762,86151,distance_to_pickup,BATCH,hungarian,0,0,order,1
1666149913,558729,1670,43.9089968002003,1,True,True,48,False,4047,3420,45868657,174606433,45868679,174606471,0,0,1666063762,86151,distance_to_pickup,BATCH,hungarian,0,0,order,1
1666149913,204105,363,84.20213774008353,1,True,True,463,False,4047,3420,45866830,174606620,45866881,174606687,0,0,1666063763,86150,distance_to_pickup,BATCH,hungarian,0,0,order,1
1666149913,384855,379,74.81310045707235,1,True,True,315,False,4047,3420,45840017,174551254,45840063,174551313,0,0,1666063764,86149,distance_to_pickup,BATCH,hungarian,0,0,order,1
1666149913,76961,32,20.12461179749811,1,True,True,1432,False,4047,3420,45880689,174650819,45880671,174650828,0,0,1666063764,86149,distance_to_pickup,BATCH,hungarian,0,0,order,1
1666149913,265153,417,76.40026177965623,1,True,True,4019,False,4047,3420,45896148,174555744,45896074,174555763,0,0,1666063766,86147,distance_to_pickup,BATCH,hungarian,0,0,order,1
1666149913,259503,1571,51.0098029794274,1,True,True,2686,False,4047,3420,45859352,174579486,45859351,174579537,0,0,1666063766,86147,distance_to_pickup,BATCH,hungarian,0,0,order,1
1666149913,496293,2231,80.05623023850174,1,True,True,2615,False,4047,3420,45866251,174536713,45866191,174536660,0,0,1666063766,86147,distance_to_pickup,BATCH,hungarian,0,0,order,1
1666149913,310501,1792,40.24922359499622,1,True,True,1564,False,4047,3420,45766245,174567179,45766209,174567161,0,0,1666063769,86144,distance_to_pickup,BATCH,hungarian,0,0,order,1
1666149913,195264,717,86.40023148117139,1,True,True,2047,False,4047,3420,45870933,174595486,45870881,174595417,0,0,1666063771,86142,distance_to_pickup,BATCH,hungarian,0,0,order,1
1666149913,433274,112,61.0,1,True,True,2041,False,4047,3420,45872485,174586837,45872496,174586777,0,0,1666063772,86141,distance_to_pickup,BATCH,hungarian,0,0,order,1
1666149913,417312,3089,88.3911760301898,1,True,True,90,False,4047,3420,45885886,174563236,45885919,174563154,0,0,1666063773,86140,distance_to_pickup,BATCH,hungarian,0,0,order,1
1666149913,307650,2232,91.83681179135085,1,True,True,1631,False,4047,3420,45857898,174580631,45857951,174580706,0,0,1666063778,86135,distance_to_pickup,BATCH,hungarian,0,0,order,1
1666149913,379494,186,51.07837115648854,1,True,True,40,False,4047,3420,45879590,174635020,45879570,174634973,0,0,1666063785,86128,distance_to_pickup,BATCH,hungarian,0,0,order,1
1666149913,147725,2290,74.33034373659252,1,True,True,321,False,4047,3420,45895784,174554868,45895855,174554890,0,0,1666149669,244,distance_to_pickup,BATCH,hungarian,0,0,order,1
1666149913,32919,914,35.17101079013795,1,True,True,2827,False,4047,3420,45894856,174555279,45894890,174555270,0,0,1666149676,237,distance_to_pickup,BATCH,hungarian,0,0,order,1
1666149913,527933,3029,51.03920062069938,1,True,True,3175,False,4047,3420,45896148,174555744,45896106,174555715,0,0,1666149035,878,distance_to_pickup,BATCH,hungarian,0,0,order,1
1666149913,341197,1491,77.78174593052023,1,True,True,1093,False,4047,3420,45898786,174565946,45898797,174566023,0,0,1666149622,291,distance_to_pickup,BATCH,hungarian,0,0,order,1
1666149913,245426,3021,82.34682750416071,1,True,True,1040,False,4047,3420,45896123,174555589,45896198,174555555,0,0,1666149679,234,distance_to_pickup,BATCH,hungarian,0,0,order,1
1666149913,299485,2311,72.91776189653656,1,True,True,1040,False,4047,3420,45896070,174555813,45896039,174555747,0,0,1666149387,526,distance_to_pickup,BATCH,hungarian,0,0,order,1
1666149913,96117,136,68.00735254367721,1,True,True,1693,False,4047,3420,45864108,174582488,45864068,174582433,0,0,1666149516,397,distance_to_pickup,BATCH,hungarian,0,0,order,1
1666149913,319140,1254,45.60701700396552,1,True,True,4076,False,4047,3420,45860060,174572270,45860016,174572258,0,0,1666149591,322,distance_to_pickup,BATCH,hungarian,0,0,order,1
1666149913,135587,4188,54.48853090330111,1,True,True,1582,False,4047,3420,45869364,174570875,45869324,174570838,0,0,1666149517,396,distance_to_pickup,BATCH,hungarian,0,0,order,1
1666149913,123389,1409,76.53103945458993,1,True,True,3114,False,4047,3420,45898786,174565946,45898795,174566022,0,0,1666149608,305,distance_to_pickup,BATCH,hungarian,0,0,order,1
1666149913,428209,2557,64.03124237432849,1,True,True,3820,False,4047,3420,45905887,174531133,45905903,174531071,0,0,1666149829,84,distance_to_pickup,BATCH,hungarian,0,0,order,1
1666149913,99139,2743,78.49203781276162,1,True,True,827,False,4047,3420,45898380,174554072,45898336,174554007,0,0,1666149548,365,distance_to_pickup,BATCH,hungarian,0,0,order,1
1666149913,189767,2965,57.0087712549569,1,True,True,2236,False,4047,3420,45898392,174553042,45898335,174553041,0,0,1666149411,502,distance_to_pickup,BATCH,hungarian,0,0,order,1
1666149913,108251,1740,64.62197768561404,1,True,True,115,False,4047,3420,45894758,174555339,45894734,174555399,0,0,1666148852,1061,distance_to_pickup,BATCH,hungarian,0,0,order,1
1666149913,141647,2282,51.97114584074513,1,True,True,4360,False,4047,3420,45893030,174567484,45892979,174567474,0,0,1666148930,983,distance_to_pickup,BATCH,hungarian,0,0,order,1
1666149913,377186,1613,35.84689665786984,1,True,True,216,False,4047,3420,45896567,174552813,45896553,174552846,0,0,1666149833,80,distance_to_pickup,BATCH,hungarian,0,0,order,1
1666149913,254008,264,89.49860334105779,1,True,True,397,False,4047,3420,45862879,174581321,45862900,174581408,0,0,1666103866,46047,distance_to_pickup,BATCH,hungarian,0,0,order,1
1666149913,460087,1955,32.01562118716424,1,True,True,1541,False,4047,3420,45865177,174556709,45865202,174556689,0,0,1666148693,1220,distance_to_pickup,BATCH,hungarian,0,0,order,1
1666149913,3993,4135,9.219544457292887,1,True,True,2345,False,4047,3420,45865320,174556750,45865326,174556743,0,0,1666149009,904,distance_to_pickup,BATCH,hungarian,0,0,order,1
1666149913,355094,2614,81.46778504415104,1,True,True,4053,False,4047,3420,45918844,174566876,45918783,174566822,0,0,1666149328,585,distance_to_pickup,BATCH,hungarian,0,0,order,1
1666149913,141653,4625,88.76936408468859,1,True,True,323,False,4047,3420,45879648,174648076,45879614,174647994,0,0,1666149655,258,distance_to_pickup,BATCH,hungarian,0,0,order,1
1666149913,355087,1487,52.88667128870941,1,True,True,2363,False,4047,3420,45869817,174606464,45869831,174606413,0,0,1666149643,270,distance_to_pickup,BATCH,hungarian,0,0,order,1
1666149913,39285,3744,78.10249675906654,1,True,True,1214,False,4047,3420,45920947,174542656,45920887,174542706,0,0,1666149895,18,distance_to_pickup,BATCH,hungarian,0,0,order,1
1666149913,465388,2305,47.53945729601885,1,True,True,671,False,4047,3420,45864108,174582488,45864090,174582444,0,0,1666149563,350,distance_to_pickup,BATCH,hungarian,0,0,order,1
1666149913,89842,2800,74.33034373659252,1,True,True,3350,False,4047,3420,45866511,174563245,45866582,174563223,0,0,1666148972,941,distance_to_pickup,BATCH,hungarian,0,0,order,1
1666149913,120384,2474,16.492422502470642,1,True,True,1587,False,4047,3420,45874083,174536472,45874067,174536476,0,0,1666149769,144,distance_to_pickup,BATCH,hungarian,0,0,order,1
1666149913,10517,3737,90.24411338142782,1,True,True,1312,False,4047,3420,45892879,174567270,45892859,174567358,0,0,1666149559,354,distance_to_pickup,BATCH,hungarian,0,0,order,1
1666149913,230868,1477,99.14131328563285,1,True,True,2672,False,4047,3420,45892879,174567270,45892894,174567172,0,0,1666149874,39,distance_to_pickup,BATCH,hungarian,0,0,order,1
1666149913,393419,943,81.85963596303125,1,True,True,2724,False,4047,3420,45871050,174595451,45871085,174595525,0,0,1666149663,250,distance_to_pickup,BATCH,hungarian,0,0,order,1
1666149913,276948,730,50.99019513592785,1,True,True,1500,False,4047,3420,45899666,174579181,45899620,174579203,0,0,1666149870,43,distance_to_pickup,BATCH,hungarian,0,0,order,1
1666149913,102331,2008,70.32780389006896,1,True,True,1200,False,4047,3420,45870386,174606490,45870447,174606525,0,0,1666149880,33,distance_to_pickup,BATCH,hungarian,0,0,order,1
1666149913,123398,4333,63.13477647065839,1,True,True,3560,False,4047,3420,45865177,174556709,45865208,174556654,0,0,1666148862,1051,distance_to_pickup,BATCH,hungarian,0,0,order,1
1666149913,13704,2101,80.99382692526635,1,True,True,2366,False,4047,3420,45871124,174595611,45871168,174595679,0,0,1666149428,485,distance_to_pickup,BATCH,hungarian,0,0,order,1
1666149913,527952,602,95.1892851112981,1,True,True,2241,False,4047,3420,45862849,174581543,45862864,174581637,0,0,1666149880,33,distance_to_pickup,BATCH,hungarian,0,0,order,1
1666149913,444317,2900,98.18350166906862,1,True,True,3568,False,4047,3420,45885438,174582607,45885444,174582705,0,0,1666149729,184,distance_to_pickup,BATCH,hungarian,0,0,order,1
1666149913,192650,2999,9.486832980505138,1,True,True,1606,False,4047,3420,45769703,174567541,45769700,174567532,0,0,1666149871,42,distance_to_pickup,BATCH,hungarian,0,0,order,1
1666149913,525337,903,53.74011537017761,1,True,True,2381,False,4047,3420,46052348,174943286,46052386,174943324,0,0,1666149873,40,distance_to_pickup,BATCH,hungarian,0,0,order,1
1666149913,486324,4584,75.0066663703967,1,True,True,1880,False,4047,3420,45920795,174542499,45920744,174542444,0,0,1666149861,52,distance_to_pickup,BATCH,hungarian,0,0,order,1
1666149913,126389,1255,60.207972893961475,1,True,True,3211,False,4047,3420,45893843,174533685,45893784,174533697,0,0,1666149565,348,distance_to_pickup,BATCH,hungarian,0,0,order,1
1666149913,213435,2185,86.05230967266364,1,True,True,3851,False,4047,3420,45767217,174569826,45767284,174569880,0,0,1666149866,47,distance_to_pickup,BATCH,hungarian,0,0,order,1
1666149913,140933,1712,82.29216244576394,1,True,False,2876,False,4047,3420,45907759,174546285,45907685,174546249,0,0,1665976522,173391,distance_to_pickup,BATCH,hungarian,0,0,order,1
1666149913,503897,1742,65.0,1,True,False,604,False,4047,3420,45872518,174545918,45872578,174545893,0,0,1665976895,173018,distance_to_pickup,BATCH,hungarian,0,0,order,1
1666149913,276291,2373,29.154759474226502,1,True,False,291,False,4047,3420,45876580,174545960,45876583,174545989,0,0,1665977039,172874,distance_to_pickup,BATCH,hungarian,0,0,order,1
1666149913,376545,3060,91.83681179135085,1,True,False,2898,False,4047,3420,45898742,174578266,45898795,174578191,0,0,1665977045,172868,distance_to_pickup,BATCH,hungarian,0,0,order,1
1666149913,532606,4311,95.34149149242423,1,True,False,875,False,4047,3420,45859810,174579420,45859789,174579513,0,0,1665977105,172808,distance_to_pickup,BATCH,hungarian,0,0,order,1
1666149913,561043,2558,79.30952023559341,1,True,False,3950,False,4047,3420,45878050,174576479,45878129,174576486,0,0,1665977389,172524,distance_to_pickup,BATCH,hungarian,0,0,order,1
1666149913,346103,141,82.29823813423954,1,True,False,3487,False,4047,3420,45889986,174545204,45890068,174545197,0,0,1665977405,172508,distance_to_pickup,BATCH,hungarian,0,0,order,1
1666149913,519756,638,75.8946638440411,1,True,False,367,False,4047,3420,45838156,174541721,45838132,174541649,0,0,1666063046,86867,distance_to_pickup,BATCH,hungarian,0,0,order,1
1666149913,259487,854,61.29437168288782,1,True,False,697,False,4047,3420,45867690,174605419,45867724,174605470,0,0,1666063202,86711,distance_to_pickup,BATCH,hungarian,0,0,order,1
1666149913,493755,3520,46.09772228646444,1,True,False,2548,False,4047,3420,45896190,174554821,45896236,174554824,0,0,1666063320,86593,distance_to_pickup,BATCH,hungarian,0,0,order,1
1666149913,6869,942,88.02272433866155,1,True,False,3427,False,4047,3420,45874736,174577874,45874768,174577792,0,0,1666063342,86571,distance_to_pickup,BATCH,hungarian,0,0,order,1
1666149913,417299,73,81.27115109311545,1,True,False,1803,False,4047,3420,45870933,174595486,45871000,174595532,0,0,1666063369,86544,distance_to_pickup,BATCH,hungarian,0,0,order,1
1666149913,236416,332,60.53924347066124,1,True,False,1067,False,4047,3420,46052380,174934080,46052411,174934028,0,0,1666063464,86449,distance_to_pickup,BATCH,hungarian,0,0,order,1
1666149913,26216,2796,59.481089431852205,1,True,False,3118,False,4047,3420,46046384,174938708,46046367,174938651,0,0,1666063492,86421,distance_to_pickup,BATCH,hungarian,0,0,order,1
1666149913,411999,1294,36.24913792078372,1,True,False,2086,False,4047,3420,45915796,174584856,45915829,174584871,0,0,1666063760,86153,distance_to_pickup,BATCH,hungarian,0,0,order,1
1666149913,183566,579,97.62171889492625,1,True,False,422,False,4047,3420,45896148,174555744,45896051,174555755,0,0,1666063765,86148,distance_to_pickup,BATCH,hungarian,0,0,order,1
1666149913,227672,576,81.83520025025906,1,True,False,2996,False,4047,3420,45866830,174606620,45866881,174606684,0,0,1666063767,86146,distance_to_pickup,BATCH,hungarian,0,0,order,1
1666149913,39287,274,93.1074647920348,1,True,False,3004,False,4047,3420,45880178,174546646,45880216,174546561,0,0,1666149482,431,distance_to_pickup,BATCH,hungarian,0,0,order,1
1666149913,360654,53,19.235384061671343,1,True,False,800,False,4047,3420,45860012,174579182,45860015,174579163,0,0,1666149831,82,distance_to_pickup,BATCH,hungarian,0,0,order,1
1666150033,259128,1584,54.120236510939236,1,True,True,2471,False,4600,3268,45865778,174572103,45865726,174572088,0,0,1665976282,173751,distance_to_pickup,BATCH,hungarian,0,0,order,1
1666150033,79833,3497,59.23681287847955,1,True,True,1126,False,4600,3268,45866523,174578800,45866545,174578855,0,0,1665976401,173632,distance_to_pickup,BATCH,hungarian,0,0,order,1
1666150033,346102,4180,91.6624241442479,1,True,True,928,False,4600,3268,45892825,174553589,45892734,174553578,0,0,1665976501,173532,distance_to_pickup,BATCH,hungarian,0,0,order,1
1666150033,140933,1712,82.29216244576394,1,True,True,2876,False,4600,3268,45907759,174546285,45907685,174546249,0,0,1665976522,173511,distance_to_pickup,BATCH,hungarian,0,0,order,1
1666150033,168121,3115,77.83315488916018,1,True,True,1105,False,4600,3268,45892908,174566908,45892881,174566981,0,0,1665976638,173395,distance_to_pickup,BATCH,hungarian,0,0,order,1
1666150033,101597,2986,86.58521813797087,1,True,True,2038,False,4600,3268,45859909,174572340,45859825,174572361,0,0,1665976687,173346,distance_to_pickup,BATCH,hungarian,0,0,order,1
1666150033,12959,3642,92.9569792968769,1,True,True,1191,False,4600,3268,45879753,174634491,45879693,174634562,0,0,1665976811,173222,distance_to_pickup,BATCH,hungarian,0,0,order,1
1666150033,472664,80,65.86349520030045,1,True,True,1700,False,4600,3268,45819784,174525705,45819727,174525672,0,0,1665976833,173200,distance_to_pickup,BATCH,hungarian,0,0,order,1
1666150033,408978,1625,13.0,1,True,True,227,False,4600,3268,45863040,174581550,45863027,174581550,0,0,1665976867,173166,distance_to_pickup,BATCH,hungarian,0,0,order,1
1666150033,230204,55,18.681541692269406,1,True,True,857,False,4600,3268,45851787,174617479,45851805,174617484,0,0,1665976961,173072,distance_to_pickup,BATCH,hungarian,0,0,order,1
1666150033,390045,2217,62.39390995922599,1,True,True,2836,False,4600,3268,45898320,174550193,45898327,174550255,0,0,1665976978,173055,distance_to_pickup,BATCH,hungarian,0,0,order,1
1666150033,537894,2300,47.4236228055175,1,True,True,227,False,4600,3268,45860748,174572540,45860728,174572497,0,0,1665977011,173022,distance_to_pickup,BATCH,hungarian,0,0,order,1
1666150033,519413,664,94.847245611035,1,True,True,689,False,4600,3268,45885892,174563248,45885956,174563318,0,0,1665977032,173001,distance_to_pickup,BATCH,hungarian,0,0,order,1
1666150033,51475,1105,99.56907150315303,1,True,True,1760,False,4600,3268,45907357,174569034,45907440,174568979,0,0,1665977032,173001,distance_to_pickup,BATCH,hungarian,0,0,order,1
1666150033,323976,473,59.682493245507096,1,True,True,2836,False,4600,3268,45898320,174550193,45898329,174550252,0,0,1665977041,172992,distance_to_pickup,BATCH,hungarian,0,0,order,1
1666150033,376545,3060,75.28612089887484,1,True,True,2898,False,4600,3268,45898742,174578266,45898790,174578208,0,0,1665977045,172988,distance_to_pickup,BATCH,hungarian,0,0,order,1
1666150033,194876,2773,94.36630754670864,1,True,True,3731,False,4600,3268,45895683,174554863,45895704,174554771,0,0,1665977070,172963,distance_to_pickup,BATCH,hungarian,0,0,order,1
1666150033,298823,1968,99.72462083156798,1,True,True,2961,False,4600,3268,45864228,174536685,45864324,174536712,0,0,1665977076,172957,distance_to_pickup,BATCH,hungarian,0,0,order,1
1666150033,262059,4461,36.0,1,True,True,2311,False,4600,3268,45896259,174552883,45896259,174552919,0,0,1665977083,172950,distance_to_pickup,BATCH,hungarian,0,0,order,1
1666150033,107547,388,95.01578816175763,1,True,True,228,False,4600,3268,45920035,174541913,45919973,174541985,0,0,1665977172,172861,distance_to_pickup,BATCH,hungarian,0,0,order,1
1666150033,334983,1970,82.71033792700887,1,True,True,844,False,4600,3268,45853618,174528210,45853597,174528290,0,0,1665977188,172845,distance_to_pickup,BATCH,hungarian,0,0,order,1
1666150033,535235,997,76.60939890117922,1,True,True,4207,False,4600,3268,45863190,174577346,45863235,174577408,0,0,1665977194,172839,distance_to_pickup,BATCH,hungarian,0,0,order,1
1666150033,60889,1478,85.58621384311844,1,True,True,4542,False,4600,3268,45896567,174552813,45896508,174552875,0,0,1665977196,172837,distance_to_pickup,BATCH,hungarian,0,0,order,1
1666150033,422240,1999,34.0147027033899,1,True,True,4130,False,4600,3268,45898248,174553674,45898262,174553643,0,0,1665977201,172832,distance_to_pickup,BATCH,hungarian,0,0,order,1
1666150033,79836,3162,56.64803615307419,1,True,True,391,False,4600,3268,45897008,174553031,45897061,174553051,0,0,1665977203,172830,distance_to_pickup,BATCH,hungarian,0,0,order,1
1666150033,493450,2682,62.07253821135398,1,True,True,489,False,4600,3268,45905781,174531306,45905843,174531303,0,0,1665977205,172828,distance_to_pickup,BATCH,hungarian,0,0,order,1
1666150033,144002,3748,80.62257748298549,1,True,True,874,False,4600,3268,45880110,174548040,45880030,174548030,0,0,1665977281,172752,distance_to_pickup,BATCH,hungarian,0,0,order,1
1666150033,70315,1525,68.35202996254024,1,True,True,2674,False,4600,3268,45858464,174556898,45858528,174556874,0,0,1665977324,172709,distance_to_pickup,BATCH,hungarian,0,0,order,1
1666150033,259157,793,57.0087712549569,1,True,True,1039,False,4600,3268,46052370,174945250,46052371,174945307,0,0,1665977348,172685,distance_to_pickup,BATCH,hungarian,0,0,order,1
1666150033,150005,353,81.32035415564789,1,True,True,361,False,4600,3268,45774226,174573792,45774169,174573850,0,0,1665977355,172678,distance_to_pickup,BATCH,hungarian,0,0,order,1
1666150033,406341,294,66.12110101926616,1,True,True,1266,False,4600,3268,45885892,174563248,45885958,174563252,0,0,1665977365,172668,distance_to_pickup,BATCH,hungarian,0,0,order,1
1666150033,332280,285,60.81118318204309,1,True,True,3726,False,4600,3268,45905276,174543687,45905319,174543644,0,0,1665977370,172663,distance_to_pickup,BATCH,hungarian,0,0,order,1
1666150033,70314,2450,94.36630754670864,1,True,True,1109,False,4600,3268,45885239,174521472,45885155,174521515,0,0,1665977374,172659,distance_to_pickup,BATCH,hungarian,0,0,order,1
1666150033,203750,2912,66.75327707311455,1,True,True,2737,False,4600,3268,45876504,174545248,45876494,174545182,0,0,1665977379,172654,distance_to_pickup,BATCH,hungarian,0,0,order,1
1666150033,512039,2724,14.866068747318506,1,True,True,654,False,4600,3268,45870933,174595486,45870938,174595500,0,0,1666062357,87676,distance_to_pickup,BATCH,hungarian,0,0,order,1
1666150033,10142,440,68.60029154456998,1,True,True,934,False,4600,3268,45878123,174577620,45878082,174577675,0,0,1666062383,87650,distance_to_pickup,BATCH,hungarian,0,0,order,1
1666150033,42133,1463,58.463663928973865,1,True,True,2947,False,4600,3268,45885578,174542014,45885565,174541957,0,0,1666062598,87435,distance_to_pickup,BATCH,hungarian,0,0,order,1
1666150033,443998,306,98.79271228182775,1,True,True,3985,False,4600,3268,45880065,174546669,45880101,174546577,0,0,1666062689,87344,distance_to_pickup,BATCH,hungarian,0,0,order,1
1666150033,343702,2242,24.73863375370596,1,True,True,2246,False,4600,3268,45866961,174601021,45866967,174600997,0,0,1666062785,87248,distance_to_pickup,BATCH,hungarian,0,0,order,1
1666150033,45496,1693,69.42621983083913,1,True,True,4058,False,4600,3268,45863946,174582310,45863960,174582378,0,0,1666062948,87085,distance_to_pickup,BATCH,hungarian,0,0,order,1
1666150033,296347,1076,83.86298349093002,1,True,True,3642,False,4600,3268,45865230,174583102,45865158,174583145,0,0,1666062953,87080,distance_to_pickup,BATCH,hungarian,0,0,order,1
1666150033,174581,2032,34.88552708502482,1,True,True,882,False,4600,3268,45855637,174569692,45855621,174569723,0,0,1666063024,87009,distance_to_pickup,BATCH,hungarian,0,0,order,1
1666150033,162460,1852,75.23961722390672,1,True,True,1496,False,4600,3268,45879702,174634266,45879672,174634197,0,0,1666063048,86985,distance_to_pickup,BATCH,hungarian,0,0,order,1
1666150033,150380,983,26.1725046566048,1,True,True,3328,False,4600,3268,45868629,174606647,45868603,174606644,0,0,1666063071,86962,distance_to_pickup,BATCH,hungarian,0,0,order,1
1666150033,210117,3429,97.3498844375277,1,True,True,1911,False,4600,3268,45857992,174606072,45857911,174606126,0,0,1666063084,86949,distance_to_pickup,BATCH,hungarian,0,0,order,1
1666150033,265132,1232,86.37708029332781,1,True,True,2012,False,4600,3268,45898786,174565946,45898756,174566027,0,0,1666063094,86939,distance_to_pickup,BATCH,hungarian,0,0,order,1
1666150033,233361,4429,67.97793759742936,1,True,True,999,False,4600,3268,45865230,174583102,45865169,174583132,0,0,1666063117,86916,distance_to_pickup,BATCH,hungarian,0,0,order,1
1666150033,365904,1953,32.64965543462902,1,True,True,2061,False,4600,3268,45859254,174579529,45859239,174579500,0,0,1666063154,86879,distance_to_pickup,BATCH,hungarian,0,0,order,1
1666150033,10137,3426,32.38826948140329,1,True,True,1320,False,4600,3268,45919752,174542418,45919784,174542423,0,0,1666063168,86865,distance_to_pickup,BATCH,hungarian,0,0,order,1
1666150033,504214,2781,82.87943049997388,1,True,True,4620,False,4600,3268,45890444,174572525,45890506,174572470,0,0,1666063196,86837,distance_to_pickup,BATCH,hungarian,0,0,order,1
1666150033,204104,4300,30.4138126514911,1,True,True,621,False,4600,3268,45887211,174544696,45887181,174544691,0,0,1666063210,86823,distance_to_pickup,BATCH,hungarian,0,0,order,1
1666150033,395767,105,84.17244204607586,1,True,True,358,False,4600,3268,45880728,174580102,45880651,174580136,0,0,1666063261,86772,distance_to_pickup,BATCH,hungarian,0,0,order,1
1666150033,86406,1408,14.212670403551895,1,True,True,4895,False,4600,3268,45867017,174556827,45867026,174556816,0,0,1666063275,86758,distance_to_pickup,BATCH,hungarian,0,0,order,1
1666150033,150388,3171,84.40379138403677,1,True,True,2595,False,4600,3268,45892950,174567320,45892882,174567370,0,0,1666063293,86740,distance_to_pickup,BATCH,hungarian,0,0,order,1
1666150033,110968,4404,71.449282711585,1,True,True,56,False,4600,3268,45866079,174600663,45866027,174600712,0,0,1666063306,86727,distance_to_pickup,BATCH,hungarian,0,0,order,1
1666150033,493755,3520,90.47651629014017,1,True,True,2548,False,4600,3268,45896190,174554821,45896105,174554852,0,0,1666063320,86713,distance_to_pickup,BATCH,hungarian,0,0,order,1
1666150033,417299,2695,16.401219466856727,1,True,True,1803,False,4600,3268,45870933,174595486,45870946,174595496,0,0,1666063369,86664,distance_to_pickup,BATCH,hungarian,0,0,order,1
1666150033,422606,1967,63.34824385884742,1,True,True,56,False,4600,3268,45870486,174595427,45870548,174595414,0,0,1666063378,86655,distance_to_pickup,BATCH,hungarian,0,0,order,1
1666150033,512062,522,73.57309290766564,1,True,True,2050,False,4600,3268,45920509,174542823,45920547,174542760,0,0,1666063379,86654,distance_to_pickup,BATCH,hungarian,0,0,order,1
1666150033,250916,3180,46.09772228646444,1,True,True,3125,False,4600,3268,45882191,174564363,45882233,174564382,0,0,1666063387,86646,distance_to_pickup,BATCH,hungarian,0,0,order,1
1666150033,538192,2248,73.53910524340094,1,True,True,632,False,4600,3268,46045390,174938695,46045418,174938763,0,0,1666063405,86628,distance_to_pickup,BATCH,hungarian,0,0,order,1
1666150033,242209,1168,82.73451516749222,1,True,True,771,False,4600,3268,45897716,174552976,45897679,174553050,0,0,1666063414,86619,distance_to_pickup,BATCH,hungarian,0,0,order,1
1666150033,530287,1228,47.20169488482379,1,True,True,3954,False,4600,3268,45879701,174546507,45879663,174546479,0,0,1666063415,86618,distance_to_pickup,BATCH,hungarian,0,0,order,1
1666150033,504219,1475,73.92563831310488,1,True,True,1019,False,4600,3268,45885618,174541076,45885655,174541012,0,0,1666063416,86617,distance_to_pickup,BATCH,hungarian,0,0,order,1
1666150033,296355,1685,66.21933252457322,1,True,True,1525,False,4600,3268,45868424,174540142,45868441,174540078,0,0,1666063422,86611,distance_to_pickup,BATCH,hungarian,0,0,order,1
1666150033,13318,3049,66.40030120413611,1,True,True,2291,False,4600,3268,45879933,174650744,45879986,174650704,0,0,1666063426,86607,distance_to_pickup,BATCH,hungarian,0,0,order,1
1666150033,42155,2345,69.06518659932803,1,True,True,1199,False,4600,3268,45872490,174545997,45872433,174546036,0,0,1666063426,86607,distance_to_pickup,BATCH,hungarian,0,0,order,1
1666150033,509386,471,68.15423684555495,1,True,True,1692,False,4600,3268,45874756,174650324,45874782,174650261,0,0,1666063431,86602,distance_to_pickup,BATCH,hungarian,0,0,order,1
1666150033,506750,514,85.90692637965812,1,True,True,899,False,4600,3268,45775310,174567990,45775274,174567912,0,0,1666063461,86572,distance_to_pickup,BATCH,hungarian,0,0,order,1
1666150033,512064,1119,58.309518948453004,1,True,True,782,False,4600,3268,45894297,174589367,45894239,174589361,0,0,1666063466,86567,distance_to_pickup,BATCH,hungarian,0,0,order,1
1666150033,446598,108,68.42514157822401,1,True,True,2615,False,4600,3268,45866251,174536713,45866190,174536682,0,0,1666063472,86561,distance_to_pickup,BATCH,hungarian,0,0,order,1
1666150033,236412,2976,49.03060268852505,1,True,True,1209,False,4600,3268,45868670,174545730,45868660,174545682,0,0,1666063473,86560,distance_to_pickup,BATCH,hungarian,0,0,order,1
1666150033,189413,2688,58.249463516842795,1,True,True,2574,False,4600,3268,45896168,174555742,45896156,174555685,0,0,1666063478,86555,distance_to_pickup,BATCH,hungarian,0,0,order,1
1666150033,517229,2002,94.0,1,True,True,1556,False,4600,3268,45909302,174525369,45909302,174525275,0,0,1666063486,86547,distance_to_pickup,BATCH,hungarian,0,0,order,1
1666150033,387654,459,85.09406559801923,1,True,True,317,False,4600,3268,46043414,174940828,46043494,174940857,0,0,1666063493,86540,distance_to_pickup,BATCH,hungarian,0,0,order,1
1666150033,273715,422,98.35141076771599,1,True,True,460,False,4600,3268,45864785,174580827,45864718,174580755,0,0,1666063496,86537,distance_to_pickup,BATCH,hungarian,0,0,order,1
1666150033,465063,4007,65.37583651472461,1,True,True,1777,False,4600,3268,45879921,174546626,45879928,174546561,0,0,1666063544,86489,distance_to_pickup,BATCH,hungarian,0,0,order,1
1666150033,13324,902,80.65358020571685,1,True,True,57,False,4600,3268,45866440,174556210,45866517,174556186,0,0,1666063549,86484,distance_to_pickup,BATCH,hungarian,0,0,order,1
1666150033,201147,2739,50.635955604688654,1,True,True,981,False,4600,3268,45870242,174595530,45870292,174595538,0,0,1666063555,86478,distance_to_pickup,BATCH,hungarian,0,0,order,1
1666150033,457,2498,44.91102314577124,1,True,True,424,False,4600,3268,45869167,174575007,45869123,174575016,0,0,1666063564,86469,distance_to_pickup,BATCH,hungarian,0,0,order,1
1666150033,61228,1319,89.10667763978185,1,True,True,1794,False,4600,3268,45880151,174634388,45880215,174634326,0,0,1666063564,86469,distance_to_pickup,BATCH,hungarian,0,0,order,1
1666150033,101953,12,19.6468827043885,1,True,True,1239,False,4600,3268,46052348,174943286,46052353,174943305,0,0,1666063583,86450,distance_to_pickup,BATCH,hungarian,0,0,order,1
1666150033,42161,368,39.45883931389772,1,True,True,1344,False,4600,3268,45857789,174567827,45857795,174567866,0,0,1666063586,86447,distance_to_pickup,BATCH,hungarian,0,0,order,1
1666150033,233370,637,59.93329625508679,1,True,True,1965,False,4600,3268,45906047,174531089,45906021,174531035,0,0,1666063590,86443,distance_to_pickup,BATCH,hungarian,0,0,order,1
1666150033,459796,826,41.048751503547585,1,True,True,906,False,4600,3268,45874164,174536556,45874187,174536522,0,0,1666063590,86443,distance_to_pickup,BATCH,hungarian,0,0,order,1
1666150033,26218,1137,95.0,1,True,True,52,False,4600,3268,45890769,174546558,45890674,174546558,0,0,1666063592,86441,distance_to_pickup,BATCH,hungarian,0,0,order,1
1666150033,449371,767,71.84010022264724,1,True,True,3634,False,4600,3268,45885544,174543242,45885564,174543173,0,0,1666063593,86440,distance_to_pickup,BATCH,hungarian,0,0,order,1
1666150033,224744,3309,73.16419889536138,1,True,True,1163,False,4600,3268,45907759,174546285,45907772,174546357,0,0,1666063602,86431,distance_to_pickup,BATCH,hungarian,0,0,order,1
1666150033,101956,332,32.449961479175904,1,True,True,269,False,4600,3268,46052333,174932853,46052351,174932880,0,0,1666063734,86299,distance_to_pickup,BATCH,hungarian,0,0,order,1
1666150033,371404,1935,95.77055915050303,1,True,True,1848,False,4600,3268,46043210,174939639,46043164,174939723,0,0,1666063751,86282,distance_to_pickup,BATCH,hungarian,0,0,order,1
1666150033,123041,3161,36.069377593742864,1,True,True,40,False,4600,3268,45878920,174634430,45878946,174634405,0,0,1666063756,86277,distance_to_pickup,BATCH,hungarian,0,0,order,1
1666150033,310499,3035,52.08646657242167,1,True,True,2705,False,4600,3268,45859810,174579420,45859813,174579472,0,0,1666063758,86275,distance_to_pickup,BATCH,hungarian,0,0,order,1
1666150033,230527,45,96.76776322722355,1,True,True,53,False,4600,3268,45863396,174583501,45863366,174583409,0,0,1666063761,86272,distance_to_pickup,BATCH,hungarian,0,0,order,1
1666150033,467789,812,22.561028345356956,1,True,True,2735,False,4600,3268,45884084,174582375,45884106,174582380,0,0,1666063762,86271,distance_to_pickup,BATCH,hungarian,0,0,order,1
1666150033,318799,1312,92.11405973031478,1,True,True,2068,False,4600,3268,45866543,174566296,45866592,174566374,0,0,1666063767,86266,distance_to_pickup,BATCH,hungarian,0,0,order,1
1666150033,227672,576,75.82216034906945,1,True,True,2996,False,4600,3268,45866830,174606620,45866880,174606677,0,0,1666063767,86266,distance_to_pickup,BATCH,hungarian,0,0,order,1
1666150033,433275,3030,54.08326913195984,1,True,True,48,False,4600,3268,45872538,174606450,45872520,174606399,0,0,1666063771,86262,distance_to_pickup,BATCH,hungarian,0,0,order,1
1666150033,441587,1932,80.80222769206304,1,True,True,1049,False,4600,3268,45879590,174635020,45879525,174635068,0,0,1666144144,5889,distance_to_pickup,BATCH,hungarian,0,0,order,1
1666150033,338344,1215,32.01562118716424,1,True,True,1250,False,4600,3268,45890444,174572525,45890464,174572500,0,0,1666145411,4622,distance_to_pickup,BATCH,hungarian,0,0,order,1
1666150033,514912,469,88.45903006477066,1,True,True,595,False,4600,3268,45822976,174546904,45823063,174546920,0,0,1666145526,4507,distance_to_pickup,BATCH,hungarian,0,0,order,1
1666150033,481143,329,60.30754513325841,1,True,True,983,False,4600,3268,45870386,174606490,45870347,174606444,0,0,1666147993,2040,distance_to_pickup,BATCH,hungarian,0,0,order,1
1666150033,821,3233,97.12878049270464,1,True,True,101,False,4600,3268,45878105,174577045,45878110,174576948,0,0,1666148529,1504,distance_to_pickup,BATCH,hungarian,0,0,order,1
1666150033,288297,1877,90.68627239003708,1,True,True,1541,False,4600,3268,45865238,174556784,45865178,174556716,0,0,1666148806,1227,distance_to_pickup,BATCH,hungarian,0,0,order,1
1666150033,509707,3503,68.8839603971781,1,True,True,3503,True,4600,3268,45890057,174537490,45890068,174537422,0,0,1666149088,945,distance_to_pickup,BATCH,hungarian,0,0,order,1
1666150033,36115,3964,88.45903006477066,1,True,True,917,False,4600,3268,45885544,174543242,45885631,174543258,0,0,1666149134,899,distance_to_pickup,BATCH,hungarian,0,0,order,1
1666150033,23370,2518,34.66987164671943,1,True,True,3520,False,4600,3268,45896148,174555744,45896119,174555725,0,0,1666149141,892,distance_to_pickup,BATCH,hungarian,0,0,order,1
1666150033,522712,360,97.082439194738,1,True,True,4377,False,4600,3268,45867072,174602180,45867017,174602260,0,0,1666149342,691,distance_to_pickup,BATCH,hungarian,0,0,order,1
1666150033,379762,386,31.78049716414141,1,True,True,205,False,4600,3268,45865230,174583102,45865199,174583095,0,0,1666149346,687,distance_to_pickup,BATCH,hungarian,0,0,order,1
1666150033,64771,3072,38.600518131237564,1,True,True,168,False,4600,3268,45901257,174555664,45901234,174555695,0,0,1666149357,676,distance_to_pickup,BATCH,hungarian,0,0,order,1
1666150033,460114,2065,99.82484660644363,1,True,True,1582,False,4600,3268,45857919,174575648,45858017,174575667,0,0,1666149401,632,distance_to_pickup,BATCH,hungarian,0,0,order,1
1666150033,177884,382,81.30190649671138,1,True,True,1007,False,4600,3268,45866450,174536750,45866407,174536819,0,0,1666149413,620,distance_to_pickup,BATCH,hungarian,0,0,order,1
1666150033,29712,3581,53.71219600798314,1,True,True,2109,False,4600,3268,45864785,174580827,45864811,174580780,0,0,1666149446,587,distance_to_pickup,BATCH,hungarian,0,0,order,1
1666150033,39287,2010,59.0,1,True,True,3004,False,4600,3268,45880178,174546646,45880178,174546587,0,0,1666149482,551,distance_to_pickup,BATCH,hungarian,0,0,order,1
1666150033,111320,2080,49.4064773081425,1,True,True,858,False,4600,3268,45880121,174546722,45880161,174546693,0,0,1666149493,540,distance_to_pickup,BATCH,hungarian,0,0,order,1
1666150033,126384,437,61.204574992397426,1,True,True,2147,False,4600,3268,45863946,174582310,45864007,174582305,0,0,1666149495,538,distance_to_pickup,BATCH,hungarian,0,0,order,1
1666150033,374472,3515,84.11896337925236,1,True,True,1269,False,4600,3268,45905899,174526998,45905939,174527072,0,0,1666149496,537,distance_to_pickup,BATCH,hungarian,0,0,order,1
1666150033,262726,1582,19.849433241279208,1,True,True,340,False,4600,3268,45869364,174570875,45869351,174570860,0,0,1666149572,461,distance_to_pickup,BATCH,hungarian,0,0,order,1
1666150033,279890,1278,62.76941930590086,1,True,True,2724,False,4600,3268,45870933,174595486,45870879,174595518,0,0,1666149584,449,distance_to_pickup,BATCH,hungarian,0,0,order,1
1666150033,39290,2678,81.40024569987489,1,True,True,115,False,4600,3268,45894758,174555339,45894693,174555388,0,0,1666149632,401,distance_to_pickup,BATCH,hungarian,0,0,order,1
1666150033,189771,4262,60.40695324215582,1,True,True,558,False,4600,3268,45885618,174541076,45885558,174541083,0,0,1666149662,371,distance_to_pickup,BATCH,hungarian,0,0,order,1
1666150033,26596,1559,95.85405573057407,1,True,True,1811,False,4600,3268,45896259,174552883,45896171,174552921,0,0,1666149712,321,distance_to_pickup,BATCH,hungarian,0,0,order,1
1666150033,58491,1898,72.03471385380801,1,True,True,2505,False,4600,3268,45870910,174595859,45870980,174595842,0,0,1666149713,320,distance_to_pickup,BATCH,hungarian,0,0,order,1
1666150033,236778,4052,83.09632964216891,1,True,True,4068,False,4600,3268,45879956,174650807,45880039,174650803,0,0,1666149739,294,distance_to_pickup,BATCH,hungarian,0,0,order,1
1666150033,153804,1194,79.2464510246358,1,True,True,1189,False,4600,3268,45912088,174529069,45912010,174529083,0,0,1666149844,189,distance_to_pickup,BATCH,hungarian,0,0,order,1
1666150033,150741,2314,64.40496875241847,1,True,True,1831,False,4600,3268,45878123,174577620,45878085,174577568,0,0,1666149845,188,distance_to_pickup,BATCH,hungarian,0,0,order,1
1666150033,444321,2877,89.49860334105779,1,True,True,259,False,4600,3268,45856521,174587350,45856464,174587281,0,0,1666149849,184,distance_to_pickup,BATCH,hungarian,0,0,order,1
1666150033,61610,3593,99.62429422585637,1,True,True,401,False,4600,3268,45867766,174566793,45867671,174566763,0,0,1666149859,174,distance_to_pickup,BATCH,hungarian,0,0,order,1
1666150033,102334,4237,89.00561780022652,1,True,True,2882,False,4600,3268,45769703,174567541,45769662,174567462,0,0,1666149868,165,distance_to_pickup,BATCH,hungarian,0,0,order,1
1666150033,412328,3163,78.23042886243178,1,True,True,4421,False,4600,3268,45905669,174544560,45905627,174544626,0,0,1666149871,162,distance_to_pickup,BATCH,hungarian,0,0,order,1
1666150033,541047,3323,58.412327466040935,1,True,True,514,False,4600,3268,45769703,174567541,45769749,174567577,0,0,1666149872,161,distance_to_pickup,BATCH,hungarian,0,0,order,1
1666150033,428210,1523,79.51100552753688,1,True,True,2579,False,4600,3268,45764739,174568927,45764800,174568978,0,0,1666149881,152,distance_to_pickup,BATCH,hungarian,0,0,order,1
1666150033,520060,2015,80.60397012554654,1,True,True,2771,False,4600,3268,45905781,174531306,45905717,174531257,0,0,1666149902,131,distance_to_pickup,BATCH,hungarian,0,0,order,1
1666150033,16934,868,19.313207915827967,1,True,True,748,False,4600,3268,45898248,174553674,45898266,174553681,0,0,1666149720,313,distance_to_pickup,BATCH,hungarian,0,0,order,1
1666150033,414925,929,58.0,1,True,True,751,False,4600,3268,45896831,174552975,45896871,174553017,0,0,1666149991,42,distance_to_pickup,BATCH,hungarian,0,0,order,1
1666150033,67908,4048,86.82165628459296,1,True,True,946,False,4600,3268,45859254,174579529,45859327,174579482,0,0,1666150003,30,distance_to_pickup,BATCH,hungarian,0,0,order,1
1666150033,230867,2612,84.21995013059554,1,True,True,1828,False,4600,3268,45896231,174555803,45896273,174555876,0,0,1666149836,197,distance_to_pickup,BATCH,hungarian,0,0,order,1
1666150033,491462,3269,58.89821729050889,1,True,True,2648,False,4600,3268,45871049,174595452,45871087,174595497,0,0,1666149896,137,distance_to_pickup,BATCH,hungarian,0,0,order,1
1666150033,195654,2038,68.24221567329127,1,True,True,3408,False,4600,3268,45870533,174595497,45870589,174595458,0,0,1666149781,252,distance_to_pickup,BATCH,hungarian,0,0,order,1
1666150033,561642,1304,70.8801805866774,1,True,True,3058,False,4600,3268,45880689,174650819,45880669,174650751,0,0,1666149421,612,distance_to_pickup,BATCH,hungarian,0,0,order,1
1666150033,371704,1117,69.8927750200262,1,True,True,2722,False,4600,3268,45866335,174573857,45866296,174573799,0,0,1666149990,43,distance_to_pickup,BATCH,hungarian,0,0,order,1
1666150033,16929,116,94.40338976964757,1,True,True,3408,False,4600,3268,45871064,174595434,45871140,174595378,0,0,1666149785,248,distance_to_pickup,BATCH,hungarian,0,0,order,1
1666150033,265488,771,82.49242389456137,1,True,True,2288,False,4600,3268,45896567,174552813,45896558,174552895,0,0,1666149737,296,distance_to_pickup,BATCH,hungarian,0,0,order,1
1666150033,123386,1257,45.880278987817846,1,True,True,4466,False,4600,3268,45846475,174587390,45846459,174587433,0,0,1666149510,523,distance_to_pickup,BATCH,hungarian,0,0,order,1
1666150033,111322,589,82.71033792700887,1,True,True,858,False,4600,3268,45880173,174546649,45880152,174546569,0,0,1666149590,443,distance_to_pickup,BATCH,hungarian,0,0,order,1
1666150033,222255,996,53.600373133029585,1,True,True,272,False,4600,3268,45920650,174542590,45920618,174542547,0,0,1666149983,50,distance_to_pickup,BATCH,hungarian,0,0,order,1
1666150033,444326,1233,19.4164878389476,1,True,True,1593,False,4600,3268,45919854,174542272,45919865,174542288,0,0,1666149949,84,distance_to_pickup,BATCH,hungarian,0,0,order,1
1666150033,177882,2116,99.40321926376429,1,True,True,1087,False,4600,3268,45898351,174553528,45898292,174553608,0,0,1666149056,977,distance_to_pickup,BATCH,hungarian,0,0,order,1
1666150033,265491,352,63.28506932918696,1,True,True,2730,False,4600,3268,45879964,174546543,45880027,174546549,0,0,1666149712,321,distance_to_pickup,BATCH,hungarian,0,0,order,1
1666150033,204442,3954,41.48493702538308,1,True,True,1042,False,4600,3268,45880249,174546573,45880238,174546533,0,0,1666149569,464,distance_to_pickup,BATCH,hungarian,0,0,order,1
1666150033,302323,3753,81.49233092751734,1,True,True,339,False,4600,3268,45896150,174555690,45896079,174555650,0,0,1666149961,72,distance_to_pickup,BATCH,hungarian,0,0,order,1
1666150033,89853,492,95.70788891204319,1,True,True,1811,False,4600,3268,45896148,174555744,45896106,174555658,0,0,1666149184,849,distance_to_pickup,BATCH,hungarian,0,0,order,1
1666150033,86765,2647,35.014282800023196,1,True,True,2730,False,4600,3268,45879964,174546543,45879999,174546542,0,0,1666149956,77,distance_to_pickup,BATCH,hungarian,0,0,order,1
1666150033,29690,4539,43.382023926967726,1,True,True,1113,False,4600,3268,45860156,174572564,45860175,174572603,0,0,1666148518,1515,distance_to_pickup,BATCH,hungarian,0,0,order,1
1666150033,168865,1220,96.77293009927931,1,True,True,153,False,4600,3268,45862849,174581543,45862943,174581520,0,0,1666149995,38,distance_to_pickup,BATCH,hungarian,0,0,order,1
1666150033,268345,1187,55.97320787662612,1,True,True,2366,False,4600,3268,45870242,174595530,45870279,174595572,0,0,1666149794,239,distance_to_pickup,BATCH,hungarian,0,0,order,1
1666150033,7272,2464,53.08483775994799,1,True,True,2545,False,4600,3268,46048813,174947634,46048816,174947581,0,0,1666149992,41,distance_to_pickup,BATCH,hungarian,0,0,order,1
1666150033,7274,579,10.0,1,True,True,1087,False,4600,3268,45896150,174555690,45896144,174555682,0,0,1666150015,18,distance_to_pickup,BATCH,hungarian,0,0,order,1
1666150033,219374,2294,67.1863081289633,1,True,True,582,False,4600,3268,45880622,174650851,45880555,174650856,0,0,1666149991,42,distance_to_pickup,BATCH,hungarian,0,0,order,1
1666150033,83695,2291,87.11486669908874,1,True,True,1354,False,4600,3268,45879830,174648436,45879895,174648494,0,0,1666145424,4609,distance_to_pickup,BATCH,hungarian,0,0,order,1
1666150033,527957,2429,32.64965543462902,1,True,True,371,False,4600,3268,45887812,174556789,45887841,174556804,0,0,1666149999,34,distance_to_pickup,BATCH,hungarian,0,0,order,1
1666150033,80552,3872,33.52610922848042,1,True,True,2615,False,4600,3268,45871376,174543186,45871344,174543176,0,0,1666147083,2950,distance_to_pickup,BATCH,hungarian,0,0,order,1
1666150033,58504,3001,26.076809620810597,1,True,True,1261,False,4600,3268,45880039,174546529,45880037,174546555,0,0,1666149212,821,distance_to_pickup,BATCH,hungarian,0,0,order,1
1666150033,564130,4154,71.80529228406496,1,True,True,3053,False,4600,3268,45849644,174599543,45849714,174599527,0,0,1666149984,49,distance_to_pickup,BATCH,hungarian,0,0,order,1
1666150033,507105,1876,84.90583018850944,1,True,True,1446,False,4600,3268,45885204,174593441,45885249,174593513,0,0,1666149993,40,distance_to_pickup,BATCH,hungarian,0,0,order,1
1666150033,360003,1459,72.44998274671983,1,True,False,4095,False,4600,3268,45859277,174579627,45859342,174579595,0,0,1665977197,172836,distance_to_pickup,BATCH,hungarian,0,0,order,1
1666150033,212741,2132,88.58893836140041,1,True,False,1704,False,4600,3268,45863450,174583210,45863372,174583168,0,0,1665977200,172833,distance_to_pickup,BATCH,hungarian,0,0,order,1
1666150033,381844,1035,48.373546489791295,1,True,False,1835,False,4600,3268,45857992,174606072,45857944,174606066,0,0,1665977325,172708,distance_to_pickup,BATCH,hungarian,0,0,order,1
1666150033,92266,319,51.24451190127583,1,True,False,1864,False,4600,3268,45883093,174592612,45883098,174592663,0,0,1665977376,172657,distance_to_pickup,BATCH,hungarian,0,0,order,1
1666150033,340850,2353,21.37755832643195,1,True,False,481,False,4600,3268,45897597,174552952,45897618,174552956,0,0,1666063003,87030,distance_to_pickup,BATCH,hungarian,0,0,order,1
1666150033,273701,1909,74.0,1,True,False,3528,False,4600,3268,45879721,174647791,45879651,174647815,0,0,1666063173,86860,distance_to_pickup,BATCH,hungarian,0,0,order,1
1666150033,219008,773,72.56031973468694,1,True,False,565,False,4600,3268,45876580,174545960,45876508,174545951,0,0,1666063490,86543,distance_to_pickup,BATCH,hungarian,0,0,order,1
1666150033,183566,1040,67.62396025078685,1,True,False,422,False,4600,3268,45896148,174555744,45896086,174555771,0,0,1666063765,86268,distance_to_pickup,BATCH,hungarian,0,0,order,1
1666150033,159787,2588,31.144823004794873,1,True,False,464,False,4600,3268,45905669,174544560,45905672,174544591,0,0,1666149391,642,distance_to_pickup,BATCH,hungarian,0,0,order,1
1666150033,313670,4513,98.40731680114035,1,True,False,1002,False,4600,3268,45877817,174635740,45877757,174635662,0,0,1666149653,380,distance_to_pickup,BATCH,hungarian,0,0,order,1
1666150033,162848,114,53.85164807134504,1,True,False,1401,False,4600,3268,45907818,174531091,45907832,174531039,0,0,1666149855,178,distance_to_pickup,BATCH,hungarian,0,0,order,1
1666150033,4005,989,61.66036003787198,1,True,False,2316,False,4600,3268,45889647,174545036,45889586,174545045,0,0,1666149865,168,distance_to_pickup,BATCH,hungarian,0,0,order,1
1666150033,71038,1939,91.21403400793103,1,True,False,2485,False,4600,3268,46043350,174941053,46043422,174941109,0,0,1666149881,152,distance_to_pickup,BATCH,hungarian,0,0,order,1
1666150033,147705,3422,15.297058540778355,1,True,False,2369,False,4600,3268,45865623,174581146,45865626,174581131,0,0,1666148944,1089,distance_to_pickup,BATCH,hungarian,0,0,order,1
1666150033,64785,1389,77.33692520394123,1,True,False,2243,False,4600,3268,45897327,174552867,45897268,174552917,0,0,1666149958,75,distance_to_pickup,BATCH,hungarian,0,0,order,1
1666150033,23383,727,40.162171256046406,1,True,False,428,False,4600,3268,45860150,174572502,45860137,174572540,0,0,1666149630,403,distance_to_pickup,BATCH,hungarian,0,0,order,1
1666150033,219366,3562,88.20430828479978,1,True,False,2212,False,4600,3268,45912080,174529170,45912032,174529244,0,0,1666149711,322,distance_to_pickup,BATCH,hungarian,0,0,order,1
1666150033,398861,3718,82.03657720797473,1,True,False,2312,False,4600,3268,45867657,174567005,45867670,174566924,0,0,1666149363,670,distance_to_pickup,BATCH,hungarian,0,0,order,1
1666150213,116610,917,22.47220505424423,1,True,True,2938,False,5074,3123,45889814,174545604,45889833,174545616,0,0,1665976277,173936,distance_to_pickup,BATCH,hungarian,0,0,order,1
1666150213,212717,3058,54.56189146281496,1,True,True,1494,False,5074,3123,45879830,174648436,45879866,174648477,0,0,1665976378,173835,distance_to_pickup,BATCH,hungarian,0,0,order,1
1666150213,511719,1556,47.853944456021594,1,True,True,416,False,5074,3123,45924121,174521831,45924112,174521784,0,0,1665976423,173790,distance_to_pickup,BATCH,hungarian,0,0,order,1
1666150213,279190,1154,34.058772731852805,1,True,True,2972,False,5074,3123,45871050,174595451,45871076,174595473,0,0,1665976788,173425,distance_to_pickup,BATCH,hungarian,0,0,order,1
1666150213,262064,999,79.98124780221924,1,True,True,977,False,5074,3123,45863719,174582514,45863660,174582568,0,0,1665976878,173335,distance_to_pickup,BATCH,hungarian,0,0,order,1
1666150213,159022,1033,39.824615503479755,1,True,True,2291,False,5074,3123,45879091,174649190,45879056,174649171,0,0,1665976939,173274,distance_to_pickup,BATCH,hungarian,0,0,order,1
1666150213,282034,2253,63.56886030125127,1,True,True,3185,False,5074,3123,45885886,174563236,45885826,174563257,0,0,1665977059,173154,distance_to_pickup,BATCH,hungarian,0,0,order,1
1666150213,174196,2691,65.30696746902278,1,True,True,407,False,5074,3123,45897008,174553031,45897067,174553059,0,0,1665977066,173147,distance_to_pickup,BATCH,hungarian,0,0,order,1
1666150213,203743,2826,44.9221548904324,1,True,True,2487,False,5074,3123,45769653,174578806,45769610,174578793,0,0,1665977066,173147,distance_to_pickup,BATCH,hungarian,0,0,order,1
1666150213,16100,146,55.90169943749474,1,True,True,1567,False,5074,3123,45876251,174545467,45876292,174545505,0,0,1665977070,173143,distance_to_pickup,BATCH,hungarian,0,0,order,1
1666150213,168142,1708,64.41273166075166,1,True,True,1238,False,5074,3123,45898317,174553837,45898347,174553894,0,0,1665977076,173137,distance_to_pickup,BATCH,hungarian,0,0,order,1
1666150213,45056,1921,85.05292469985967,1,True,True,1041,False,5074,3123,45765111,174571328,45765026,174571331,0,0,1665977082,173131,distance_to_pickup,BATCH,hungarian,0,0,order,1
1666150213,376550,4012,98.47842403288143,1,True,True,1037,False,5074,3123,45839765,174551620,45839712,174551537,0,0,1665977125,173088,distance_to_pickup,BATCH,hungarian,0,0,order,1
1666150213,137874,822,33.12099032335839,1,True,True,4694,False,5074,3123,45859654,174579641,45859625,174579657,0,0,1665977187,173026,distance_to_pickup,BATCH,hungarian,0,0,order,1
1666150213,9740,2187,52.40229002629561,1,True,True,1233,False,5074,3123,45920209,174542136,45920174,174542175,0,0,1665977192,173021,distance_to_pickup,BATCH,hungarian,0,0,order,1
1666150213,227337,1399,75.47184905645283,1,True,True,2384,False,5074,3123,46045390,174938695,46045454,174938735,0,0,1665977200,173013,distance_to_pickup,BATCH,hungarian,0,0,order,1
1666150213,60892,2650,56.43580423808985,1,True,True,1260,False,5074,3123,45763449,174565832,45763393,174565825,0,0,1665977200,173013,distance_to_pickup,BATCH,hungarian,0,0,order,1
1666150213,107548,3333,66.70832032063167,1,True,True,4483,False,5074,3123,45905886,174530604,45905951,174530619,0,0,1665977202,173011,distance_to_pickup,BATCH,hungarian,0,0,order,1
1666150213,287659,3146,97.01546268507923,1,True,True,1696,False,5074,3123,45890252,174534554,45890156,174534540,0,0,1665977361,172852,distance_to_pickup,BATCH,hungarian,0,0,order,1
1666150213,144008,537,55.65968020030299,1,True,True,3345,False,5074,3123,45924613,174557214,45924666,174557231,0,0,1665977370,172843,distance_to_pickup,BATCH,hungarian,0,0,order,1
1666150213,501228,248,30.364452901377952,1,True,True,268,False,5074,3123,45907759,174546285,45907730,174546276,0,0,1665977374,172839,distance_to_pickup,BATCH,hungarian,0,0,order,1
1666150213,70313,359,93.40770846134703,1,True,True,2170,False,5074,3123,45909170,174543120,45909195,174543030,0,0,1665977376,172837,distance_to_pickup,BATCH,hungarian,0,0,order,1
1666150213,57737,858,65.21502894272147,1,True,True,2653,False,5074,3123,45880096,174546703,45880149,174546665,0,0,1665977380,172833,distance_to_pickup,BATCH,hungarian,0,0,order,1
1666150213,346103,789,42.95346318982906,1,True,True,3487,False,5074,3123,45889986,174545204,45889947,174545186,0,0,1665977405,172808,distance_to_pickup,BATCH,hungarian,0,0,order,1
1666150213,371352,1058,57.245087125446844,1,True,True,1058,True,5074,3123,45880041,174634830,45880060,174634884,0,0,1666060749,89464,distance_to_pickup,BATCH,hungarian,0,0,order,1
1666150213,548415,161,44.553338819890925,1,True,True,2509,False,5074,3123,45877682,174539771,45877650,174539802,0,0,1666061864,88349,distance_to_pickup,BATCH,hungarian,0,0,order,1
1666150213,51858,804,54.45181356024793,1,True,True,352,False,5074,3123,45898838,174556450,45898892,174556443,0,0,1666062948,87265,distance_to_pickup,BATCH,hungarian,0,0,order,1
1666150213,340850,1473,55.97320787662612,1,True,True,481,False,5074,3123,45897597,174552952,45897650,174552970,0,0,1666063003,87210,distance_to_pickup,BATCH,hungarian,0,0,order,1
1666150213,384848,1985,78.29431652425353,1,True,True,4175,False,5074,3123,45875471,174545336,45875508,174545405,0,0,1666063141,87072,distance_to_pickup,BATCH,hungarian,0,0,order,1
1666150213,19798,1093,87.82368700982668,1,True,True,4090,False,5074,3123,45898786,174565946,45898774,174566033,0,0,1666063156,87057,distance_to_pickup,BATCH,hungarian,0,0,order,1
1666150213,80232,3548,49.09175083453431,1,True,True,2856,False,5074,3123,45883480,174592800,45883477,174592751,0,0,1666063311,86902,distance_to_pickup,BATCH,hungarian,0,0,order,1
1666150213,29338,93,79.05694150420949,1,True,True,423,False,5074,3123,45887505,174553677,45887480,174553752,0,0,1666063317,86896,distance_to_pickup,BATCH,hungarian,0,0,order,1
1666150213,465055,1600,87.72684879784524,1,True,True,444,False,5074,3123,45877682,174539771,45877622,174539707,0,0,1666063317,86896,distance_to_pickup,BATCH,hungarian,0,0,order,1
1666150213,390353,3869,50.99019513592785,1,True,True,1133,False,5074,3123,45873126,174626333,45873088,174626367,0,0,1666063322,86891,distance_to_pickup,BATCH,hungarian,0,0,order,1
1666150213,346408,2509,64.03124237432849,1,True,True,1377,False,5074,3123,45885886,174563236,45885926,174563186,0,0,1666063364,86849,distance_to_pickup,BATCH,hungarian,0,0,order,1
1666150213,321589,3961,44.91102314577124,1,True,True,4053,False,5074,3123,45895784,174554868,45895793,174554824,0,0,1666063374,86839,distance_to_pickup,BATCH,hungarian,0,0,order,1
1666150213,393094,596,44.553338819890925,1,True,True,426,False,5074,3123,45858319,174577805,45858288,174577837,0,0,1666063393,86820,distance_to_pickup,BATCH,hungarian,0,0,order,1
1666150213,296356,38,94.847245611035,1,True,True,801,False,5074,3123,45888941,174525234,45888901,174525320,0,0,1666063430,86783,distance_to_pickup,BATCH,hungarian,0,0,order,1
1666150213,6881,2053,44.0,1,True,True,2747,False,5074,3123,45884314,174581795,45884358,174581795,0,0,1666063437,86776,distance_to_pickup,BATCH,hungarian,0,0,order,1
1666150213,371394,1367,97.67292357659824,1,True,True,1587,False,5074,3123,45898786,174565946,45898720,174566018,0,0,1666063446,86767,distance_to_pickup,BATCH,hungarian,0,0,order,1
1666150213,156388,1037,65.60487786742691,1,True,True,2358,False,5074,3123,45839765,174551620,45839725,174551568,0,0,1666063469,86744,distance_to_pickup,BATCH,hungarian,0,0,order,1
1666150213,3606,390,38.41874542459709,1,True,True,1316,False,5074,3123,45898300,174553788,45898270,174553764,0,0,1666063515,86698,distance_to_pickup,BATCH,hungarian,0,0,order,1
1666150213,321602,2061,74.0,1,True,True,2534,False,5074,3123,45865154,174557054,45865154,174556980,0,0,1666063523,86690,distance_to_pickup,BATCH,hungarian,0,0,order,1
1666150213,64396,40,85.84287972802403,1,True,True,1889,False,5074,3123,45880151,174634388,45880236,174634376,0,0,1666063581,86632,distance_to_pickup,BATCH,hungarian,0,0,order,1
1666150213,245069,358,60.802960454241045,1,True,True,2243,False,5074,3123,45883773,174566833,45883737,174566784,0,0,1666063584,86629,distance_to_pickup,BATCH,hungarian,0,0,order,1
1666150213,141313,3264,65.30696746902278,1,True,True,12,False,5074,3123,46052348,174943286,46052412,174943273,0,0,1666063586,86627,distance_to_pickup,BATCH,hungarian,0,0,order,1
1666150213,104955,3068,67.23094525588644,1,True,True,378,False,5074,3123,46045290,174938830,46045232,174938864,0,0,1666063593,86620,distance_to_pickup,BATCH,hungarian,0,0,order,1
1666150213,83300,28,36.6742416417845,1,True,True,703,False,5074,3123,45902660,174556330,45902676,174556297,0,0,1666063599,86614,distance_to_pickup,BATCH,hungarian,0,0,order,1
1666150213,92646,3057,91.00549433962765,1,True,True,1469,False,5074,3123,45853755,174527370,45853756,174527461,0,0,1666063606,86607,distance_to_pickup,BATCH,hungarian,0,0,order,1
1666150213,116997,2054,86.97700845625813,1,True,True,741,False,5074,3123,45857425,174567864,45857396,174567782,0,0,1666063740,86473,distance_to_pickup,BATCH,hungarian,0,0,order,1
1666150213,556122,3036,78.81624198095213,1,True,True,2187,False,5074,3123,45919710,174542209,45919756,174542273,0,0,1666063752,86461,distance_to_pickup,BATCH,hungarian,0,0,order,1
1666150213,183566,3167,77.07788269017254,1,True,True,422,False,5074,3123,45896148,174555744,45896077,174555714,0,0,1666063765,86448,distance_to_pickup,BATCH,hungarian,0,0,order,1
1666150213,324333,2326,95.81753492967766,1,True,True,2500,False,5074,3123,45879923,174634741,45880014,174634771,0,0,1666063773,86440,distance_to_pickup,BATCH,hungarian,0,0,order,1
1666150213,227670,1337,67.00746227100382,1,True,True,1505,False,5074,3123,45896298,174578827,45896365,174578828,0,0,1666063773,86440,distance_to_pickup,BATCH,hungarian,0,0,order,1
1666150213,444005,1101,53.85164807134504,1,True,True,2047,False,5074,3123,45874534,174590221,45874482,174590207,0,0,1666063774,86439,distance_to_pickup,BATCH,hungarian,0,0,order,1
1666150213,499194,1833,33.28663395418648,1,True,True,1045,False,5074,3123,45861334,174558423,45861362,174558441,0,0,1666144362,5851,distance_to_pickup,BATCH,hungarian,0,0,order,1
1666150213,102275,765,48.507731342539614,1,True,True,1489,False,5074,3123,45874800,174648440,45874848,174648447,0,0,1666146110,4103,distance_to_pickup,BATCH,hungarian,0,0,order,1
1666150213,144688,340,65.76473218982953,1,True,True,2779,False,5074,3123,45862879,174581321,45862925,174581368,0,0,1666146170,4043,distance_to_pickup,BATCH,hungarian,0,0,order,1
1666150213,186751,879,3.605551275463989,1,True,True,3392,False,5074,3123,45859736,174548392,45859734,174548389,0,0,1666146737,3476,distance_to_pickup,BATCH,hungarian,0,0,order,1
1666150213,83690,110,47.07440918375928,1,True,True,407,False,5074,3123,45898320,174550193,45898330,174550239,0,0,1666148930,1283,distance_to_pickup,BATCH,hungarian,0,0,order,1
1666150213,496581,2205,96.87620966986684,1,True,True,2098,False,5074,3123,45766299,174570516,45766368,174570448,0,0,1666149384,829,distance_to_pickup,BATCH,hungarian,0,0,order,1
1666150213,159787,464,67.23094525588644,1,True,True,464,True,5074,3123,45905669,174544560,45905635,174544618,0,0,1666149391,822,distance_to_pickup,BATCH,hungarian,0,0,order,1
1666150213,414912,2786,22.360679774997898,1,True,True,2695,False,5074,3123,45866079,174600663,45866083,174600685,0,0,1666149423,790,distance_to_pickup,BATCH,hungarian,0,0,order,1
1666150213,192649,3602,59.53990258641679,1,True,True,2101,False,5074,3123,45878269,174600078,45878321,174600107,0,0,1666149501,712,distance_to_pickup,BATCH,hungarian,0,0,order,1
1666150213,144733,2888,46.61544808322666,1,True,True,2888,True,5074,3123,45854334,174566846,45854352,174566803,0,0,1666149505,708,distance_to_pickup,BATCH,hungarian,0,0,order,1
1666150213,23383,727,40.162171256046406,1,True,True,428,False,5074,3123,45860150,174572502,45860137,174572540,0,0,1666149630,583,distance_to_pickup,BATCH,hungarian,0,0,order,1
1666150213,465391,1269,38.47076812334269,1,True,True,1269,True,5074,3123,45905905,174526537,45905923,174526503,0,0,1666149716,497,distance_to_pickup,BATCH,hungarian,0,0,order,1
1666150213,268357,3592,55.44366510251645,1,True,True,2856,False,5074,3123,45904394,174568575,45904339,174568568,0,0,1666149744,469,distance_to_pickup,BATCH,hungarian,0,0,order,1
1666150213,120388,509,54.91812087098393,1,True,True,2411,False,5074,3123,45878035,174578011,45877989,174577981,0,0,1666149755,458,distance_to_pickup,BATCH,hungarian,0,0,order,1
1666150213,153802,210,27.294688127912362,1,True,True,3223,False,5074,3123,45888057,174533306,45888030,174533310,0,0,1666149809,404,distance_to_pickup,BATCH,hungarian,0,0,order,1
1666150213,204450,2318,93.33809511662427,1,True,True,2082,False,5074,3123,45906047,174531089,45905981,174531023,0,0,1666149837,376,distance_to_pickup,BATCH,hungarian,0,0,order,1
1666150213,390648,1480,89.64373932405988,1,True,True,1555,False,5074,3123,46052745,174935355,46052801,174935285,0,0,1666149849,364,distance_to_pickup,BATCH,hungarian,0,0,order,1
1666150213,517523,3130,90.60353193998566,1,True,True,144,False,5074,3123,45907171,174570188,45907226,174570116,0,0,1666149863,350,distance_to_pickup,BATCH,hungarian,0,0,order,1
1666150213,138603,1677,88.50988645343524,1,True,True,842,False,5074,3123,45867290,174556705,45867215,174556752,0,0,1666149864,349,distance_to_pickup,BATCH,hungarian,0,0,order,1
1666150213,102332,2212,34.23448553724738,1,True,True,3567,False,5074,3123,45912099,174528707,45912103,174528673,0,0,1666149871,342,distance_to_pickup,BATCH,hungarian,0,0,order,1
1666150213,219371,1816,57.42821606144492,1,True,True,200,False,5074,3123,46051552,174958551,46051599,174958518,0,0,1666149872,341,distance_to_pickup,BATCH,hungarian,0,0,order,1
1666150213,525336,378,87.66413177577246,1,True,True,378,True,5074,3123,46052398,174944613,46052367,174944531,0,0,1666149873,340,distance_to_pickup,BATCH,hungarian,0,0,order,1
1666150213,374483,4329,74.30343195303969,1,True,True,692,False,5074,3123,45868793,174574245,45868728,174574209,0,0,1666149876,337,distance_to_pickup,BATCH,hungarian,0,0,order,1
1666150213,268352,3413,53.150729063673246,1,True,True,1159,False,5074,3123,45863316,174584632,45863312,174584685,0,0,1666149882,331,distance_to_pickup,BATCH,hungarian,0,0,order,1
1666150213,512347,4396,49.9799959983992,1,True,True,4396,True,5074,3123,45772747,174569973,45772794,174569956,0,0,1666149886,327,distance_to_pickup,BATCH,hungarian,0,0,order,1
1666150213,512348,2725,70.71067811865476,1,True,True,2746,False,5074,3123,45896677,174552896,45896615,174552930,0,0,1666149919,294,distance_to_pickup,BATCH,hungarian,0,0,order,1
1666150213,64785,2556,49.92995093127971,1,True,True,2243,False,5074,3123,45897327,174552867,45897354,174552825,0,0,1666149958,255,distance_to_pickup,BATCH,hungarian,0,0,order,1
1666150213,225102,1115,79.93122043357026,1,True,True,1426,False,5074,3123,45869309,174575128,45869364,174575186,0,0,1666149992,221,distance_to_pickup,BATCH,hungarian,0,0,order,1
1666150213,20167,118,61.1310068623117,1,True,True,2360,False,5074,3123,45855564,174590648,45855625,174590644,0,0,1666149997,216,distance_to_pickup,BATCH,hungarian,0,0,order,1
1666150213,310867,574,80.95677859203639,1,True,True,2107,False,5074,3123,46045145,174938665,46045222,174938640,0,0,1666150001,212,distance_to_pickup,BATCH,hungarian,0,0,order,1
1666150213,379777,2600,61.18823416311342,1,True,True,2496,False,5074,3123,45863417,174579658,45863477,174579670,0,0,1666150002,211,distance_to_pickup,BATCH,hungarian,0,0,order,1
1666150213,433591,1915,10.0,1,True,True,558,False,5074,3123,45885892,174563248,45885898,174563256,0,0,1666150146,67,distance_to_pickup,BATCH,hungarian,0,0,order,1
1666150213,259849,407,74.24957912338628,1,True,True,1102,False,5074,3123,45897161,174552968,45897214,174552916,0,0,1666150177,36,distance_to_pickup,BATCH,hungarian,0,0,order,1
1666150213,457490,2017,84.40379138403677,1,True,True,325,False,5074,3123,45905857,174530407,45905907,174530339,0,0,1666150048,165,distance_to_pickup,BATCH,hungarian,0,0,order,1
1666150213,349475,4618,94.82615672903758,1,True,True,1059,False,5074,3123,45877827,174578601,45877743,174578557,0,0,1666150174,39,distance_to_pickup,BATCH,hungarian,0,0,order,1
1666150213,417637,3422,15.297058540778355,1,True,True,1936,False,5074,3123,45865623,174581146,45865626,174581131,0,0,1666148959,1254,distance_to_pickup,BATCH,hungarian,0,0,order,1
1666150213,254100,2230,91.39474820797966,1,True,True,1672,False,5074,3123,45894758,174555339,45894730,174555426,0,0,1666149836,377,distance_to_pickup,BATCH,hungarian,0,0,order,1
1666150213,45888,321,72.56031973468694,1,True,True,4238,False,5074,3123,45896150,174555690,45896186,174555627,0,0,1666150087,126,distance_to_pickup,BATCH,hungarian,0,0,order,1
1666150213,159792,922,43.382023926967726,1,True,True,1501,False,5074,3123,45860882,174560946,45860843,174560965,0,0,1666149689,524,distance_to_pickup,BATCH,hungarian,0,0,order,1
1666150213,171905,938,41.773197148410844,1,True,True,2364,False,5074,3123,45879848,174648286,45879889,174648278,0,0,1666149504,709,distance_to_pickup,BATCH,hungarian,0,0,order,1
1666150213,168840,2633,64.07807737440318,1,True,True,3527,False,5074,3123,45865623,174581146,45865682,174581171,0,0,1666149124,1089,distance_to_pickup,BATCH,hungarian,0,0,order,1
1666150213,86768,3568,6.4031242374328485,1,True,True,1918,False,5074,3123,45885512,174582807,45885507,174582803,0,0,1666148908,1305,distance_to_pickup,BATCH,hungarian,0,0,order,1
1666150213,171906,2926,80.62257748298549,1,True,True,3116,False,5074,3123,45871068,174595314,45871124,174595256,0,0,1666149512,701,distance_to_pickup,BATCH,hungarian,0,0,order,1
1666150213,52246,1666,93.05912099305473,1,True,True,391,False,5074,3123,45897597,174552952,45897515,174552996,0,0,1666150176,37,distance_to_pickup,BATCH,hungarian,0,0,order,1
1666150213,546170,1672,42.20189569201838,1,True,True,504,False,5074,3123,45896070,174555813,45896045,174555847,0,0,1666149719,494,distance_to_pickup,BATCH,hungarian,0,0,order,1
1666150213,324627,4594,79.05694150420949,1,True,True,1441,False,5074,3123,45896148,174555744,45896123,174555819,0,0,1666149684,529,distance_to_pickup,BATCH,hungarian,0,0,order,1
1666150213,522718,2366,53.45091205957107,1,True,True,1531,False,5074,3123,45870242,174595530,45870293,174595546,0,0,1666149783,430,distance_to_pickup,BATCH,hungarian,0,0,order,1
1666150213,7279,593,56.71860364994893,1,True,True,2042,False,5074,3123,45905041,174525396,45905050,174525452,0,0,1666150154,59,distance_to_pickup,BATCH,hungarian,0,0,order,1
1666150213,245436,3528,7.615773105863909,1,True,True,472,False,5074,3123,45874747,174650084,45874744,174650077,0,0,1666150157,56,distance_to_pickup,BATCH,hungarian,0,0,order,1
1666150213,58506,476,26.92582403567252,1,True,True,4105,False,5074,3123,45890427,174572450,45890452,174572440,0,0,1666150175,38,distance_to_pickup,BATCH,hungarian,0,0,order,1
1666150213,39281,945,84.90583018850944,1,True,True,503,False,5074,3123,45879989,174546500,45879944,174546428,0,0,1666149362,851,distance_to_pickup,BATCH,hungarian,0,0,order,1
1666150213,7284,4200,34.52535300326414,1,True,True,2495,False,5074,3123,45865184,174556784,45865190,174556750,0,0,1666150024,189,distance_to_pickup,BATCH,hungarian,0,0,order,1
1666150213,138611,3779,71.58910531638176,1,True,True,2595,False,5074,3123,45865184,174556784,45865114,174556799,0,0,1666150050,163,distance_to_pickup,BATCH,hungarian,0,0,order,1
1666150213,259853,202,79.90619500389191,1,True,True,3522,False,5074,3123,45865184,174556784,45865128,174556841,0,0,1666149905,308,distance_to_pickup,BATCH,hungarian,0,0,order,1
1666150213,441645,1676,85.56284240252891,1,True,True,612,False,5074,3123,45865184,174556784,45865123,174556844,0,0,1666149760,453,distance_to_pickup,BATCH,hungarian,0,0,order,1
1666150213,58510,3156,93.40770846134703,1,True,True,1250,False,5074,3123,45890886,174577438,45890960,174577495,0,0,1666150180,33,distance_to_pickup,BATCH,hungarian,0,0,order,1
1666150213,340518,1873,81.54140052758476,1,True,False,1754,False,5074,3123,45894856,174555279,45894931,174555247,0,0,1665976768,173445,distance_to_pickup,BATCH,hungarian,0,0,order,1
1666150213,503897,1210,41.036569057366385,1,True,False,604,False,5074,3123,45872518,174545918,45872548,174545890,0,0,1665976895,173318,distance_to_pickup,BATCH,hungarian,0,0,order,1
1666150213,89135,35,94.15412895885129,1,True,False,3150,False,5074,3123,45912289,174526370,45912370,174526322,0,0,1665977013,173200,distance_to_pickup,BATCH,hungarian,0,0,order,1
1666150213,134867,888,79.02531240052139,1,True,False,1733,False,5074,3123,45907357,174569034,45907406,174568972,0,0,1665977163,173050,distance_to_pickup,BATCH,hungarian,0,0,order,1
1666150213,360003,1184,20.808652046684813,1,True,False,4095,False,5074,3123,45859277,174579627,45859294,174579639,0,0,1665977197,173016,distance_to_pickup,BATCH,hungarian,0,0,order,1
1666150213,545551,1720,30.870698080866262,1,True,False,782,False,5074,3123,45897891,174578367,45897878,174578339,0,0,1665977231,172982,distance_to_pickup,BATCH,hungarian,0,0,order,1
1666150213,501227,1728,95.77055915050303,1,True,False,62,False,5074,3123,45882655,174541614,45882571,174541660,0,0,1665977317,172896,distance_to_pickup,BATCH,hungarian,0,0,order,1
1666150213,483078,1991,24.515301344262525,1,True,False,1189,False,5074,3123,45907759,174546285,45907735,174546290,0,0,1665977376,172837,distance_to_pickup,BATCH,hungarian,0,0,order,1
1666150213,430556,1599,61.326992425847855,1,True,False,2528,False,5074,3123,45874528,174576172,45874472,174576197,0,0,1666063084,87129,distance_to_pickup,BATCH,hungarian,0,0,order,1
1666150213,153410,316,54.230987451824994,1,True,False,2992,False,5074,3123,45884295,174582147,45884300,174582201,0,0,1666063187,87026,distance_to_pickup,BATCH,hungarian,0,0,order,1
1666150213,120023,697,83.2946576918352,1,True,False,2237,False,5074,3123,45873015,174626148,45873098,174626155,0,0,1666063365,86848,distance_to_pickup,BATCH,hungarian,0,0,order,1
1666150213,147359,761,67.23094525588644,1,True,False,2062,False,5074,3123,45851956,174556426,45851922,174556484,0,0,1666063465,86748,distance_to_pickup,BATCH,hungarian,0,0,order,1
1666150213,76950,529,45.34313619501854,1,True,False,3100,False,5074,3123,45924098,174522105,45924132,174522135,0,0,1666063467,86746,distance_to_pickup,BATCH,hungarian,0,0,order,1
1666150213,296358,3348,58.60034129593445,1,True,False,1695,False,5074,3123,46043232,174940147,46043207,174940200,0,0,1666063480,86733,distance_to_pickup,BATCH,hungarian,0,0,order,1
1666150213,532910,4261,66.57326790837296,1,True,False,2085,False,5074,3123,45921142,174542028,45921198,174542064,0,0,1666063638,86575,distance_to_pickup,BATCH,hungarian,0,0,order,1
1666150213,147705,1221,72.20110802473879,1,True,False,2369,False,5074,3123,45865623,174581146,45865660,174581208,0,0,1666148944,1269,distance_to_pickup,BATCH,hungarian,0,0,order,1
1666150213,276947,101,74.94664769020693,1,True,False,101,False,5074,3123,45878105,174577045,45878034,174577021,0,0,1666149511,702,distance_to_pickup,BATCH,hungarian,0,0,order,1
1666150213,13713,2892,98.84331034521254,1,True,False,360,False,5074,3123,45870486,174595427,45870575,174595470,0,0,1666149710,503,distance_to_pickup,BATCH,hungarian,0,0,order,1
1666150213,219366,1189,72.69112738154499,1,True,False,2212,False,5074,3123,45912080,174529170,45912008,174529160,0,0,1666149711,502,distance_to_pickup,BATCH,hungarian,0,0,order,1
1666150213,198514,2501,73.33484846919642,1,True,False,276,False,5074,3123,45862770,174579470,45862777,174579543,0,0,1666149862,351,distance_to_pickup,BATCH,hungarian,0,0,order,1
1666150213,556439,2193,60.207972893961475,1,True,False,3263,False,5074,3123,46049789,174941922,46049757,174941871,0,0,1666149998,215,distance_to_pickup,BATCH,hungarian,0,0,order,1
1666150213,89875,958,78.08969202141856,1,True,False,4204,False,5074,3123,45920696,174542576,45920683,174542653,0,0,1666150106,107,distance_to_pickup,BATCH,hungarian,0,0,order,1
1666150213,239631,2595,32.202484376209235,1,True,False,3560,False,5074,3123,45865177,174556709,45865158,174556735,0,0,1666148801,1412,distance_to_pickup,BATCH,hungarian,0,0,order,1
1666150213,338399,216,32.984845004941285,1,True,False,1473,False,5074,3123,45895872,174555845,45895840,174555853,0,0,1666150177,36,distance_to_pickup,BATCH,hungarian,0,0,order,1
1666236312,9716,3562,76.02631123499285,1,True,True,1510,False,5606,3609,45912295,174530150,45912363,174530116,0,0,1665975936,260376,distance_to_pickup,BATCH,hungarian,0,0,order,1
1666236312,57735,827,68.9492567037528,1,True,True,4042,False,5606,3609,45892825,174553589,45892760,174553566,0,0,1665976332,259980,distance_to_pickup,BATCH,hungarian,0,0,order,1
1666236312,140927,1509,61.5223536610881,1,True,True,1706,False,5606,3609,45862354,174564276,45862362,174564215,0,0,1665976335,259977,distance_to_pickup,BATCH,hungarian,0,0,order,1
1666236312,503897,1752,49.9799959983992,1,True,True,604,False,5606,3609,45872518,174545918,45872565,174545935,0,0,1665976895,259417,distance_to_pickup,BATCH,hungarian,0,0,order,1
1666236312,206676,675,94.76286192385707,1,True,True,3223,False,5606,3609,45892888,174524550,45892876,174524456,0,0,1665976911,259401,distance_to_pickup,BATCH,hungarian,0,0,order,1
1666236312,287655,3128,74.70609078247904,1,True,True,230,False,5606,3609,45877759,174578692,45877724,174578626,0,0,1665976916,259396,distance_to_pickup,BATCH,hungarian,0,0,order,1
1666236312,104585,2332,79.42921376924235,1,True,True,503,False,5606,3609,45886802,174544898,45886880,174544883,0,0,1665976979,259333,distance_to_pickup,BATCH,hungarian,0,0,order,1
1666236312,490851,1920,78.03204469959762,1,True,True,1920,True,5606,3609,45894297,174589367,45894230,174589327,0,0,1665977022,259290,distance_to_pickup,BATCH,hungarian,0,0,order,1
1666236312,25840,1003,77.15568676384133,1,True,True,2793,False,5606,3609,45886610,174551440,45886662,174551497,0,0,1665977069,259243,distance_to_pickup,BATCH,hungarian,0,0,order,1
1666236312,373805,1136,40.718546143004666,1,True,True,3527,False,5606,3609,45872058,174580832,45872075,174580869,0,0,1665977078,259234,distance_to_pickup,BATCH,hungarian,0,0,order,1
1666236312,427563,369,82.66196223173026,1,True,True,1693,False,5606,3609,45886650,174551414,45886697,174551482,0,0,1665977082,259230,distance_to_pickup,BATCH,hungarian,0,0,order,1
1666236312,506461,1480,67.26812023536856,1,True,True,1757,False,5606,3609,46045390,174938695,46045340,174938740,0,0,1665977082,259230,distance_to_pickup,BATCH,hungarian,0,0,order,1
1666236312,54611,1368,96.93296652842108,1,True,True,749,False,5606,3609,45897803,174552932,45897893,174552896,0,0,1665977092,259220,distance_to_pickup,BATCH,hungarian,0,0,order,1
1666236312,94,1891,55.10898293381942,1,True,True,88,False,5606,3609,45866450,174536750,45866439,174536696,0,0,1665977098,259214,distance_to_pickup,BATCH,hungarian,0,0,order,1
1666236312,60890,36,93.08598175880189,1,True,True,2027,False,5606,3609,45873880,174576720,45873952,174576779,0,0,1665977148,259164,distance_to_pickup,BATCH,hungarian,0,0,order,1
1666236312,19411,1510,79.47955712005447,1,True,True,2119,False,5606,3609,45889647,174545036,45889573,174545007,0,0,1665977190,259122,distance_to_pickup,BATCH,hungarian,0,0,order,1
1666236312,38516,2361,55.17245689653489,1,True,True,662,False,5606,3609,45877759,174578692,45877719,174578654,0,0,1665977191,259121,distance_to_pickup,BATCH,hungarian,0,0,order,1
1666236312,321265,1243,99.92497185388645,1,True,True,324,False,5606,3609,45879217,174648910,45879125,174648871,0,0,1665977326,258986,distance_to_pickup,BATCH,hungarian,0,0,order,1
1666236312,365599,684,54.42425929675111,1,True,True,181,False,5606,3609,45868992,174606599,45869043,174606618,0,0,1665977370,258942,distance_to_pickup,BATCH,hungarian,0,0,order,1
1666236312,70318,2824,79.83107164506812,1,True,True,278,False,5606,3609,45895217,174555165,45895295,174555182,0,0,1665977373,258939,distance_to_pickup,BATCH,hungarian,0,0,order,1
1666236312,92266,1964,81.60882305241266,1,True,True,1864,False,5606,3609,45883093,174592612,45883069,174592534,0,0,1665977376,258936,distance_to_pickup,BATCH,hungarian,0,0,order,1
1666236312,326754,575,88.56635930193812,1,True,True,1765,False,5606,3609,45907471,174568784,45907481,174568696,0,0,1665977395,258917,distance_to_pickup,BATCH,hungarian,0,0,order,1
1666236312,398456,2919,49.72926703662542,1,True,True,63,False,5606,3609,45895035,174540894,45895083,174540881,0,0,1666058418,177894,distance_to_pickup,BATCH,hungarian,0,0,order,1
1666236312,395750,3053,48.373546489791295,1,True,True,227,False,5606,3609,45855591,174605363,45855543,174605369,0,0,1666062335,173977,distance_to_pickup,BATCH,hungarian,0,0,order,1
1666236312,488520,397,42.05948168962618,1,True,True,164,False,5606,3609,45869010,174572742,45869023,174572702,0,0,1666062582,173730,distance_to_pickup,BATCH,hungarian,0,0,order,1
1666236312,171544,1229,55.072679252057455,1,True,True,145,False,5606,3609,45873126,174626333,45873078,174626360,0,0,1666062779,173533,distance_to_pickup,BATCH,hungarian,0,0,order,1
1666236312,186441,1400,24.698178070456937,1,True,True,1951,False,5606,3609,45866359,174536720,45866346,174536699,0,0,1666062855,173457,distance_to_pickup,BATCH,hungarian,0,0,order,1
1666236312,201151,4116,50.92150822589606,1,True,True,1112,False,5606,3609,45861700,174582681,45861748,174582698,0,0,1666062906,173406,distance_to_pickup,BATCH,hungarian,0,0,order,1
1666236312,89495,1744,77.23341245859851,1,True,True,2753,False,5606,3609,45858900,174567237,45858823,174567243,0,0,1666062937,173375,distance_to_pickup,BATCH,hungarian,0,0,order,1
1666236312,398487,272,78.0,1,True,True,1533,False,5606,3609,45919700,174542450,45919628,174542480,0,0,1666062949,173363,distance_to_pickup,BATCH,hungarian,0,0,order,1
1666236312,126056,3474,93.0,1,True,True,2888,False,5606,3609,45842390,174575013,45842390,174575106,0,0,1666062969,173343,distance_to_pickup,BATCH,hungarian,0,0,order,1
1666236312,480865,2368,21.400934559032695,1,True,True,746,False,5606,3609,45865320,174556750,45865333,174556767,0,0,1666063027,173285,distance_to_pickup,BATCH,hungarian,0,0,order,1
1666236312,449359,998,27.892651361962706,1,True,True,1868,False,5606,3609,45894842,174555253,45894849,174555226,0,0,1666063135,173177,distance_to_pickup,BATCH,hungarian,0,0,order,1
1666236312,213050,713,13.038404810405298,1,True,True,583,False,5606,3609,45892766,174568390,45892767,174568403,0,0,1666063196,173116,distance_to_pickup,BATCH,hungarian,0,0,order,1
1666236312,566354,2517,96.74709297958259,1,True,True,757,False,5606,3609,45912295,174530150,45912379,174530102,0,0,1666063237,173075,distance_to_pickup,BATCH,hungarian,0,0,order,1
1666236312,132191,4254,48.76474136094644,1,True,True,170,False,5606,3609,45864638,174583106,45864625,174583059,0,0,1666063238,173074,distance_to_pickup,BATCH,hungarian,0,0,order,1
1666236312,95764,600,56.089214649520635,1,True,True,2633,False,5606,3609,45858466,174584141,45858477,174584196,0,0,1666063282,173030,distance_to_pickup,BATCH,hungarian,0,0,order,1
1666236312,153417,1102,81.12336284942828,1,True,True,4053,False,5606,3609,45895784,174554868,45895825,174554798,0,0,1666063288,173024,distance_to_pickup,BATCH,hungarian,0,0,order,1
1666236312,67550,1632,70.21395872616783,1,True,True,3039,False,5606,3609,45907630,174567904,45907661,174567841,0,0,1666063365,172947,distance_to_pickup,BATCH,hungarian,0,0,order,1
1666236312,512067,25,17.88854381999832,1,True,True,2888,False,5606,3609,45842390,174575013,45842374,174575005,0,0,1666063381,172931,distance_to_pickup,BATCH,hungarian,0,0,order,1
1666236312,379491,154,73.00684899377592,1,True,True,154,True,5606,3609,45890841,174529501,45890824,174529572,0,0,1666063382,172930,distance_to_pickup,BATCH,hungarian,0,0,order,1
1666236312,435980,191,44.721359549995796,1,True,True,991,False,5606,3609,45905899,174526998,45905891,174527042,0,0,1666063399,172913,distance_to_pickup,BATCH,hungarian,0,0,order,1
1666236312,360320,1754,14.212670403551895,1,True,True,2836,False,5606,3609,45898317,174553837,45898306,174553828,0,0,1666063404,172908,distance_to_pickup,BATCH,hungarian,0,0,order,1
1666236312,198145,2197,98.95453501482385,1,True,True,2596,False,5606,3609,45867766,174566793,45867670,174566817,0,0,1666063425,172887,distance_to_pickup,BATCH,hungarian,0,0,order,1
1666236312,32516,2151,59.841457201508724,1,True,True,2288,False,5606,3609,45898432,174553759,45898422,174553818,0,0,1666063430,172882,distance_to_pickup,BATCH,hungarian,0,0,order,1
1666236312,332612,1457,45.31004303683677,1,True,True,3167,False,5606,3609,45896190,174554821,45896232,174554838,0,0,1666063449,172863,distance_to_pickup,BATCH,hungarian,0,0,order,1
1666236312,506751,1882,21.587033144922902,1,True,True,559,False,5606,3609,45860853,174555927,45860832,174555932,0,0,1666063456,172856,distance_to_pickup,BATCH,hungarian,0,0,order,1
1666236312,354765,226,85.61541917201598,1,True,True,1931,False,5606,3609,45905873,174528552,45905840,174528631,0,0,1666063462,172850,distance_to_pickup,BATCH,hungarian,0,0,order,1
1666236312,147359,761,67.23094525588644,1,True,True,2062,False,5606,3609,45851956,174556426,45851922,174556484,0,0,1666063465,172847,distance_to_pickup,BATCH,hungarian,0,0,order,1
1666236312,530289,184,95.13148795220224,1,True,True,2803,False,5606,3609,46053042,174946903,46053037,174946808,0,0,1666063496,172816,distance_to_pickup,BATCH,hungarian,0,0,order,1
1666236312,335298,2731,92.57429448826494,1,True,True,2797,False,5606,3609,45879192,174649067,45879151,174648984,0,0,1666063508,172804,distance_to_pickup,BATCH,hungarian,0,0,order,1
1666236312,553538,3065,47.853944456021594,1,True,True,2173,False,5606,3609,45893081,174584158,45893090,174584205,0,0,1666063576,172736,distance_to_pickup,BATCH,hungarian,0,0,order,1
1666236312,321594,2308,26.870057685088806,1,True,True,3565,False,5606,3609,45866359,174536720,45866378,174536739,0,0,1666063578,172734,distance_to_pickup,BATCH,hungarian,0,0,order,1
1666236312,144369,1060,49.64876634922564,1,True,True,1688,False,5606,3609,45861161,174563871,45861189,174563830,0,0,1666063581,172731,distance_to_pickup,BATCH,hungarian,0,0,order,1
1666236312,132206,166,44.82186966202994,1,True,True,128,False,5606,3609,46043344,174954315,46043316,174954280,0,0,1666063584,172728,distance_to_pickup,BATCH,hungarian,0,0,order,1
1666236312,147363,1639,51.03920062069938,1,True,True,201,False,5606,3609,46035894,174949942,46035923,174949984,0,0,1666063584,172728,distance_to_pickup,BATCH,hungarian,0,0,order,1
1666236312,189414,3040,53.41348144429457,1,True,True,449,False,5606,3609,45867017,174556827,45867050,174556869,0,0,1666063585,172727,distance_to_pickup,BATCH,hungarian,0,0,order,1
1666236312,462436,1301,54.589376255824725,1,True,True,4261,False,5606,3609,45896190,174554821,45896244,174554813,0,0,1666063586,172726,distance_to_pickup,BATCH,hungarian,0,0,order,1
1666236312,460,1520,99.04039579888602,1,True,True,254,False,5606,3609,45885886,174563236,45885791,174563208,0,0,1666063586,172726,distance_to_pickup,BATCH,hungarian,0,0,order,1
1666236312,371397,1007,59.30430001273095,1,True,True,2268,False,5606,3609,45864844,174536664,45864903,174536658,0,0,1666063593,172719,distance_to_pickup,BATCH,hungarian,0,0,order,1
1666236312,165572,3852,11.180339887498949,1,True,True,1954,False,5606,3609,45851399,174554321,45851388,174554319,0,0,1666063595,172717,distance_to_pickup,BATCH,hungarian,0,0,order,1
1666236312,86401,2885,38.3275357934736,1,True,True,1217,False,5606,3609,46043134,174959153,46043097,174959143,0,0,1666063597,172715,distance_to_pickup,BATCH,hungarian,0,0,order,1
1666236312,279542,2802,44.181444068749045,1,True,True,1217,False,5606,3609,46043587,174939345,46043583,174939389,0,0,1666063612,172700,distance_to_pickup,BATCH,hungarian,0,0,order,1
1666236312,387662,942,48.373546489791295,1,True,True,2445,False,5606,3609,45839765,174551620,45839723,174551596,0,0,1666063631,172681,distance_to_pickup,BATCH,hungarian,0,0,order,1
1666236312,532910,4261,66.57326790837296,1,True,True,2085,False,5606,3609,45921142,174542028,45921198,174542064,0,0,1666063638,172674,distance_to_pickup,BATCH,hungarian,0,0,order,1
1666236312,461,3483,40.36087214122113,1,True,True,3985,False,5606,3609,45879921,174546626,45879948,174546596,0,0,1666063671,172641,distance_to_pickup,BATCH,hungarian,0,0,order,1
1666236312,365911,129,51.15662224971465,1,True,True,317,False,5606,3609,46043846,174938979,46043897,174938975,0,0,1666063700,172612,distance_to_pickup,BATCH,hungarian,0,0,order,1
1666236312,354770,2115,51.78802950489621,1,True,True,611,False,5606,3609,45869057,174574903,45869066,174574954,0,0,1666063729,172583,distance_to_pickup,BATCH,hungarian,0,0,order,1
1666236312,321603,1559,68.96375859826666,1,True,True,551,False,5606,3609,45889570,174545110,45889630,174545144,0,0,1666063741,172571,distance_to_pickup,BATCH,hungarian,0,0,order,1
1666236312,338056,1299,81.70679286326198,1,True,True,3150,False,5606,3609,45921212,174542532,45921182,174542608,0,0,1666063757,172555,distance_to_pickup,BATCH,hungarian,0,0,order,1
1666236312,48668,652,99.82484660644363,1,True,True,514,False,5606,3609,45767013,174566844,45767032,174566942,0,0,1666063759,172553,distance_to_pickup,BATCH,hungarian,0,0,order,1
1666236312,287972,1522,72.3671196055225,1,True,True,1792,False,5606,3609,45768581,174566653,45768595,174566724,0,0,1666063761,172551,distance_to_pickup,BATCH,hungarian,0,0,order,1
1666236312,189412,1742,75.28612089887484,1,True,True,266,False,5606,3609,45892888,174567981,45892830,174568029,0,0,1666063765,172547,distance_to_pickup,BATCH,hungarian,0,0,order,1
1666236312,45494,840,36.6742416417845,1,True,True,2107,False,5606,3609,46051220,174943110,46051256,174943103,0,0,1666063768,172544,distance_to_pickup,BATCH,hungarian,0,0,order,1
1666236312,417310,1054,46.17358552246078,1,True,True,960,False,5606,3609,46043587,174939345,46043573,174939389,0,0,1666063772,172540,distance_to_pickup,BATCH,hungarian,0,0,order,1
1666236312,433521,4151,78.05767098754612,1,True,True,783,False,5606,3609,45832415,174584714,45832418,174584636,0,0,1666108759,127553,distance_to_pickup,BATCH,hungarian,0,0,order,1
1666236312,305120,3337,91.0659101969557,1,True,True,809,False,5606,3609,45867455,174605518,45867533,174605565,0,0,1666148281,88031,distance_to_pickup,BATCH,hungarian,0,0,order,1
1666236312,239631,1224,52.009614495783374,1,True,True,3560,False,5606,3609,45865177,174556709,45865209,174556668,0,0,1666148801,87511,distance_to_pickup,BATCH,hungarian,0,0,order,1
1666236312,147705,480,6.324555320336759,1,True,True,2369,False,5606,3609,45865623,174581146,45865621,174581152,0,0,1666148944,87368,distance_to_pickup,BATCH,hungarian,0,0,order,1
1666236312,349449,550,35.34119409414458,1,True,True,468,False,5606,3609,45898317,174553837,45898349,174553852,0,0,1666149113,87199,distance_to_pickup,BATCH,hungarian,0,0,order,1
1666236312,478586,3936,34.9857113690718,1,True,True,821,False,5606,3609,45885544,174543242,45885514,174543224,0,0,1666149209,87103,distance_to_pickup,BATCH,hungarian,0,0,order,1
1666236312,541033,1386,86.00581375697809,1,True,True,771,False,5606,3609,45895612,174555834,45895646,174555913,0,0,1666149213,87099,distance_to_pickup,BATCH,hungarian,0,0,order,1
1666236312,430928,2434,43.139309220245984,1,True,True,3111,False,5606,3609,45886325,174535736,45886356,174535706,0,0,1666149228,87084,distance_to_pickup,BATCH,hungarian,0,0,order,1
1666236312,213426,2745,34.92849839314596,1,True,True,236,False,5606,3609,45896567,174552813,45896599,174552827,0,0,1666149240,87072,distance_to_pickup,BATCH,hungarian,0,0,order,1
1666236312,126393,2183,99.02019995940222,1,True,True,981,False,5606,3609,45861700,174583580,45861617,174583634,0,0,1666149252,87060,distance_to_pickup,BATCH,hungarian,0,0,order,1
1666236312,478590,1199,96.46242791885346,1,True,True,110,False,5606,3609,45898320,174550193,45898228,174550164,0,0,1666149318,86994,distance_to_pickup,BATCH,hungarian,0,0,order,1
1666236312,398861,53,48.0,1,True,True,2312,False,5606,3609,45867657,174567005,45867657,174566957,0,0,1666149363,86949,distance_to_pickup,BATCH,hungarian,0,0,order,1
1666236312,49050,1071,83.24061508662703,1,True,True,1163,False,5606,3609,45920023,174542736,45920046,174542656,0,0,1666149381,86931,distance_to_pickup,BATCH,hungarian,0,0,order,1
1666236312,561641,3215,13.601470508735444,1,True,True,943,False,5606,3609,45867072,174602180,45867080,174602169,0,0,1666149415,86897,distance_to_pickup,BATCH,hungarian,0,0,order,1
1666236312,288301,3127,17.204650534085253,1,True,True,3176,False,5606,3609,45865238,174556784,45865248,174556798,0,0,1666149463,86849,distance_to_pickup,BATCH,hungarian,0,0,order,1
1666236312,293920,1248,55.94640292279746,1,True,True,3815,False,5606,3609,45874673,174648146,45874650,174648095,0,0,1666149485,86827,distance_to_pickup,BATCH,hungarian,0,0,order,1
1666236312,488838,747,22.67156809750927,1,True,True,409,False,5606,3609,45860748,174572540,45860733,174572523,0,0,1666149492,86820,distance_to_pickup,BATCH,hungarian,0,0,order,1
1666236312,507106,2720,87.28115489611719,1,True,True,1077,False,5606,3609,45864228,174536685,45864315,174536678,0,0,1666149498,86814,distance_to_pickup,BATCH,hungarian,0,0,order,1
1666236312,147722,1519,14.212670403551895,1,True,True,4431,False,5606,3609,45880209,174650632,45880220,174650641,0,0,1666149534,86778,distance_to_pickup,BATCH,hungarian,0,0,order,1
1666236312,433592,975,44.82186966202994,1,True,True,2315,False,5606,3609,45878123,174577620,45878095,174577585,0,0,1666149547,86765,distance_to_pickup,BATCH,hungarian,0,0,order,1
1666236312,180939,992,93.26306878931231,1,True,True,578,False,5606,3609,45861427,174575615,45861434,174575522,0,0,1666149562,86750,distance_to_pickup,BATCH,hungarian,0,0,order,1
1666236312,262725,2192,33.24154027718932,1,True,True,2672,False,5606,3609,45892879,174567270,45892903,174567247,0,0,1666149592,86720,distance_to_pickup,BATCH,hungarian,0,0,order,1
1666236312,271243,3769,99.84988733093293,1,True,True,3017,False,5606,3609,45879921,174546626,45879970,174546539,0,0,1666149643,86669,distance_to_pickup,BATCH,hungarian,0,0,order,1
1666236312,45893,3216,77.31752712031083,1,True,True,3340,False,5606,3609,45892879,174567270,45892886,174567193,0,0,1666149669,86643,distance_to_pickup,BATCH,hungarian,0,0,order,1
1666236312,422929,1531,73.68174807915459,1,True,True,2505,False,5606,3609,45870883,174595430,45870893,174595503,0,0,1666149701,86611,distance_to_pickup,BATCH,hungarian,0,0,order,1
1666236312,13713,724,87.66413177577246,1,True,True,360,False,5606,3609,45870486,174595427,45870517,174595509,0,0,1666149710,86602,distance_to_pickup,BATCH,hungarian,0,0,order,1
1666236312,236777,3741,37.48332962798263,1,True,True,2590,False,5606,3609,45910563,174526358,45910600,174526364,0,0,1666149718,86594,distance_to_pickup,BATCH,hungarian,0,0,order,1
1666236312,504536,1122,85.492689745966,1,True,True,412,False,5606,3609,45898351,174553528,45898386,174553606,0,0,1666149769,86543,distance_to_pickup,BATCH,hungarian,0,0,order,1
1666236312,219369,1705,58.463663928973865,1,True,True,904,False,5606,3609,45879648,174648076,45879591,174648089,0,0,1666149776,86536,distance_to_pickup,BATCH,hungarian,0,0,order,1
1666236312,316391,2690,97.24710792614863,1,True,True,2364,False,5606,3609,45879175,174650529,45879224,174650613,0,0,1666149794,86518,distance_to_pickup,BATCH,hungarian,0,0,order,1
1666236312,496575,2552,46.57252408878007,1,True,True,1765,False,5606,3609,45905117,174570747,45905162,174570759,0,0,1666149820,86492,distance_to_pickup,BATCH,hungarian,0,0,order,1
1666236312,102325,4129,71.00704190430693,1,True,True,699,False,5606,3609,45879175,174650529,45879176,174650600,0,0,1666149830,86482,distance_to_pickup,BATCH,hungarian,0,0,order,1
1666236312,556437,1597,64.8459713474939,1,True,True,1787,False,5606,3609,45820061,174523559,45820039,174523620,0,0,1666149852,86460,distance_to_pickup,BATCH,hungarian,0,0,order,1
1666236312,198514,2501,73.33484846919642,1,True,True,276,False,5606,3609,45862770,174579470,45862777,174579543,0,0,1666149862,86450,distance_to_pickup,BATCH,hungarian,0,0,order,1
1666236312,242555,402,53.71219600798314,1,True,True,891,False,5606,3609,45871385,174543563,45871338,174543537,0,0,1666149867,86445,distance_to_pickup,BATCH,hungarian,0,0,order,1
1666236312,530604,4915,29.732137494637012,1,True,True,3228,False,5606,3609,45853590,174551680,45853568,174551660,0,0,1666149868,86444,distance_to_pickup,BATCH,hungarian,0,0,order,1
1666236312,374481,1484,89.80534505250787,1,True,True,943,False,5606,3609,45866326,174602374,45866389,174602310,0,0,1666149874,86438,distance_to_pickup,BATCH,hungarian,0,0,order,1
1666236312,102329,3159,74.95331880577403,1,True,True,2039,False,5606,3609,45920256,174542051,45920239,174541978,0,0,1666149879,86433,distance_to_pickup,BATCH,hungarian,0,0,order,1
1666236312,454875,2230,84.1486779456457,1,True,True,701,False,5606,3609,45920336,174546846,45920420,174546841,0,0,1666149880,86432,distance_to_pickup,BATCH,hungarian,0,0,order,1
1666236312,349463,4281,87.66413177577246,1,True,True,187,False,5606,3609,45878895,174634616,45878926,174634698,0,0,1666149899,86413,distance_to_pickup,BATCH,hungarian,0,0,order,1
1666236312,462731,527,95.46203433826454,1,True,True,582,False,5606,3609,45879690,174648000,45879622,174647933,0,0,1666149905,86407,distance_to_pickup,BATCH,hungarian,0,0,order,1
1666236312,491464,738,33.734255586866,1,True,True,1125,False,5606,3609,45879641,174647966,45879608,174647959,0,0,1666149950,86362,distance_to_pickup,BATCH,hungarian,0,0,order,1
1666236312,382506,24,39.05124837953327,1,True,True,402,False,5606,3609,45879964,174546543,45879994,174546518,0,0,1666149951,86361,distance_to_pickup,BATCH,hungarian,0,0,order,1
1666236312,357880,2386,92.28217596047462,1,True,True,94,False,5606,3609,45873822,174576548,45873902,174576594,0,0,1666149957,86355,distance_to_pickup,BATCH,hungarian,0,0,order,1
1666236312,321929,3965,55.362442142665635,1,True,True,827,False,5606,3609,45894758,174555339,45894706,174555320,0,0,1666149965,86347,distance_to_pickup,BATCH,hungarian,0,0,order,1
1666236312,349473,697,89.88882021697692,1,True,True,2169,False,5606,3609,45880151,174634388,45880183,174634304,0,0,1666149986,86326,distance_to_pickup,BATCH,hungarian,0,0,order,1
1666236312,486325,719,19.313207915827967,1,True,True,3218,False,5606,3609,45910049,174524578,45910042,174524560,0,0,1666149986,86326,distance_to_pickup,BATCH,hungarian,0,0,order,1
1666236312,478597,971,82.21921916437786,1,True,True,1830,False,5606,3609,45879676,174634978,45879682,174635060,0,0,1666149992,86320,distance_to_pickup,BATCH,hungarian,0,0,order,1
1666236312,16935,1221,90.0,1,True,True,2241,False,5606,3609,45860600,174576756,45860600,174576666,0,0,1666149992,86320,distance_to_pickup,BATCH,hungarian,0,0,order,1
1666236312,357877,1302,44.41846462902562,1,True,True,2615,False,5606,3609,45871385,174543563,45871423,174543586,0,0,1666149995,86317,distance_to_pickup,BATCH,hungarian,0,0,order,1
1666236312,123401,141,38.28837943815329,1,True,True,4300,False,5606,3609,45893843,174533685,45893814,174533660,0,0,1666149997,86315,distance_to_pickup,BATCH,hungarian,0,0,order,1
1666236312,346743,4652,53.71219600798314,1,True,True,1908,False,5606,3609,45871385,174543563,45871338,174543537,0,0,1666150001,86311,distance_to_pickup,BATCH,hungarian,0,0,order,1
1666236312,242556,2912,76.8505042273634,1,True,True,3724,False,5606,3609,45877161,174545529,45877096,174545570,0,0,1666150013,86299,distance_to_pickup,BATCH,hungarian,0,0,order,1
1666236312,39291,714,14.212670403551895,1,True,True,4651,False,5606,3609,45896259,174552883,45896268,174552872,0,0,1666150019,86293,distance_to_pickup,BATCH,hungarian,0,0,order,1
1666236312,74159,2841,25.079872407968907,1,True,True,3425,False,5606,3609,45892908,174566908,45892931,174566918,0,0,1666150023,86289,distance_to_pickup,BATCH,hungarian,0,0,order,1
1666236312,52248,4626,84.00595217006948,1,True,True,66,False,5606,3609,45885438,174582607,45885439,174582691,0,0,1666150082,86230,distance_to_pickup,BATCH,hungarian,0,0,order,1
1666236312,39292,3545,98.79271228182775,1,True,True,2695,False,5606,3609,45870996,174595448,45871080,174595500,0,0,1666150108,86204,distance_to_pickup,BATCH,hungarian,0,0,order,1
1666236312,71045,2291,4.123105625617661,1,True,True,3566,False,5606,3609,45879592,174635015,45879591,174635011,0,0,1666150121,86191,distance_to_pickup,BATCH,hungarian,0,0,order,1
1666236312,26604,1332,41.14608122288197,1,True,True,1764,False,5606,3609,45857479,174567630,45857516,174567648,0,0,1666150150,86162,distance_to_pickup,BATCH,hungarian,0,0,order,1
1666236312,216453,1412,86.55634003352961,1,True,True,3363,False,5606,3609,45905781,174531306,45905847,174531362,0,0,1666150158,86154,distance_to_pickup,BATCH,hungarian,0,0,order,1
1666236312,189777,1505,89.1403387922662,1,True,True,1053,False,5606,3609,45898742,174578266,45898803,174578201,0,0,1666150159,86153,distance_to_pickup,BATCH,hungarian,0,0,order,1
1666236312,274065,706,72.47068372797375,1,True,True,3511,False,5606,3609,45880151,174634388,45880197,174634332,0,0,1666150163,86149,distance_to_pickup,BATCH,hungarian,0,0,order,1
1666236312,457494,896,72.56721022610694,1,True,True,1893,False,5606,3609,46045145,174938665,46045216,174938650,0,0,1666150171,86141,distance_to_pickup,BATCH,hungarian,0,0,order,1
1666236312,538519,2243,36.0,1,True,True,3259,False,5606,3609,45896148,174555744,45896112,174555744,0,0,1666150172,86140,distance_to_pickup,BATCH,hungarian,0,0,order,1
1666236312,45894,1789,63.198101237299845,1,True,True,793,False,5606,3609,46045145,174938665,46045150,174938728,0,0,1666150172,86140,distance_to_pickup,BATCH,hungarian,0,0,order,1
1666236312,61616,2962,91.35097153287424,1,True,True,627,False,5606,3609,45895550,174577020,45895542,174577111,0,0,1666150173,86139,distance_to_pickup,BATCH,hungarian,0,0,order,1
1666236312,520064,1324,81.40024569987489,1,True,True,943,False,5606,3609,45870486,174595427,45870551,174595476,0,0,1666150175,86137,distance_to_pickup,BATCH,hungarian,0,0,order,1
1666236312,338399,216,32.984845004941285,1,True,True,1473,False,5606,3609,45895872,174555845,45895840,174555853,0,0,1666150177,86135,distance_to_pickup,BATCH,hungarian,0,0,order,1
1666236312,517528,579,57.48912940721924,1,True,True,1123,False,5606,3609,45905276,174543687,45905289,174543743,0,0,1666150179,86133,distance_to_pickup,BATCH,hungarian,0,0,order,1
1666236312,222260,335,83.21658488546619,1,True,True,4625,False,5606,3609,45879217,174648910,45879147,174648955,0,0,1666150192,86120,distance_to_pickup,BATCH,hungarian,0,0,order,1
1666236312,564131,926,36.05551275463989,1,True,True,684,False,5606,3609,45885139,174593761,45885173,174593773,0,0,1666150207,86105,distance_to_pickup,BATCH,hungarian,0,0,order,1
1666236312,17327,3498,64.07807737440318,1,True,True,565,False,5606,3609,45859969,174536490,45860028,174536465,0,0,1666235910,402,distance_to_pickup,BATCH,hungarian,0,0,order,1
1666236312,268700,905,23.769728648009426,1,True,True,2769,False,5606,3609,45879991,174546599,45880014,174546605,0,0,1666235950,362,distance_to_pickup,BATCH,hungarian,0,0,order,1
1666236312,228339,3354,43.32435804486894,1,True,True,1835,False,5606,3609,45860664,174572467,45860623,174572453,0,0,1666236023,289,distance_to_pickup,BATCH,hungarian,0,0,order,1
1666236312,489158,3600,47.51841748206689,1,True,True,4553,False,5606,3609,45860511,174572406,45860518,174572453,0,0,1666236070,242,distance_to_pickup,BATCH,hungarian,0,0,order,1
1666236312,330450,2590,83.5224520712844,1,True,True,3172,False,5606,3609,45886884,174562531,45886860,174562611,0,0,1666234941,1371,distance_to_pickup,BATCH,hungarian,0,0,order,1
1666236312,528235,758,12.529964086141668,1,True,True,2901,False,5606,3609,45885520,174583087,45885509,174583093,0,0,1666232763,3549,distance_to_pickup,BATCH,hungarian,0,0,order,1
1666236312,460412,3552,42.44997055358225,1,True,True,3648,False,5606,3609,45879702,174634266,45879733,174634295,0,0,1666235510,802,distance_to_pickup,BATCH,hungarian,0,0,order,1
1666236312,231204,857,40.80441152620633,1,True,True,684,False,5606,3609,45869948,174606536,45869909,174606548,0,0,1666236211,101,distance_to_pickup,BATCH,hungarian,0,0,order,1
1666236312,285840,86,23.40939982143925,1,True,True,859,False,5606,3609,45896150,174555690,45896142,174555668,0,0,1666236207,105,distance_to_pickup,BATCH,hungarian,0,0,order,1
1666236312,363779,1141,69.81403870282824,1,True,True,1068,False,5606,3609,45884084,174582375,45884041,174582320,0,0,1666236148,164,distance_to_pickup,BATCH,hungarian,0,0,order,1
1666236312,377495,818,83.52843827104634,1,True,True,1290,False,5606,3609,46027111,174975496,46027155,174975567,0,0,1666236280,32,distance_to_pickup,BATCH,hungarian,0,0,order,1
1666236312,377500,811,22.47220505424423,1,True,True,1167,False,5606,3609,45880139,174546656,45880127,174546637,0,0,1666235644,668,distance_to_pickup,BATCH,hungarian,0,0,order,1
1666236312,52621,3191,46.09772228646444,1,True,True,591,False,5606,3609,45892908,174566908,45892954,174566911,0,0,1666235271,1041,distance_to_pickup,BATCH,hungarian,0,0,order,1
1666236312,462997,4856,84.72307831990054,1,True,True,2528,False,5606,3609,45860696,174572517,45860613,174572534,0,0,1666174879,61433,distance_to_pickup,BATCH,hungarian,0,0,order,1
1666236312,433936,524,87.86353054595519,1,True,True,1167,False,5606,3609,45880139,174546656,45880205,174546598,0,0,1666236073,239,distance_to_pickup,BATCH,hungarian,0,0,order,1
1666236312,166253,138,67.26812023536856,1,True,True,870,False,5606,3609,45867639,174566742,45867626,174566808,0,0,1666236274,38,distance_to_pickup,BATCH,hungarian,0,0,order,1
1666236312,271576,3793,15.811388300841896,1,True,True,4594,False,5606,3609,45896070,174555813,45896083,174555804,0,0,1666236030,282,distance_to_pickup,BATCH,hungarian,0,0,order,1
1666236312,242883,1767,29.546573405388315,1,True,True,3236,False,5606,3609,45879217,174648910,45879205,174648937,0,0,1666235843,469,distance_to_pickup,BATCH,hungarian,0,0,order,1
1666236312,260181,3782,74.79304780526061,1,True,True,2770,False,5606,3609,45887526,174577045,45887591,174577082,0,0,1666235482,830,distance_to_pickup,BATCH,hungarian,0,0,order,1
1666236312,26941,2438,13.892443989449804,1,True,True,1977,False,5606,3609,45890563,174573599,45890570,174573587,0,0,1666234761,1551,distance_to_pickup,BATCH,hungarian,0,0,order,1
1666236312,277282,3982,84.86459803710851,1,True,True,185,False,5606,3609,45860629,174563515,45860550,174563546,0,0,1666236261,51,distance_to_pickup,BATCH,hungarian,0,0,order,1
1666236312,177199,1611,60.959002616512684,1,True,False,370,False,5606,3609,45894009,174578058,45893969,174578012,0,0,1665976659,259653,distance_to_pickup,BATCH,hungarian,0,0,order,1
1666236312,392750,1175,77.92945527847606,1,True,False,3117,False,5606,3609,45859277,174579627,45859354,174579615,0,0,1665976682,259630,distance_to_pickup,BATCH,hungarian,0,0,order,1
1666236312,134863,1993,52.478567053607705,1,True,False,587,False,5606,3609,45870770,174595580,45870725,174595553,0,0,1665977086,259226,distance_to_pickup,BATCH,hungarian,0,0,order,1
1666236312,290388,3489,93.94147114027967,1,True,False,2191,False,5606,3609,45920455,174542712,45920363,174542731,0,0,1665977266,259046,distance_to_pickup,BATCH,hungarian,0,0,order,1
1666236312,128728,3975,28.861739379323623,1,True,False,1266,False,5606,3609,45885886,174563236,45885893,174563208,0,0,1665977372,258940,distance_to_pickup,BATCH,hungarian,0,0,order,1
1666236312,496270,1032,70.40596565632774,1,True,False,1253,False,5606,3609,45878561,174594510,45878630,174594524,0,0,1666062488,173824,distance_to_pickup,BATCH,hungarian,0,0,order,1
1666236312,387657,2470,79.0,1,True,False,4233,False,5606,3609,45896231,174555803,45896231,174555882,0,0,1666063021,173291,distance_to_pickup,BATCH,hungarian,0,0,order,1
1666236312,150371,606,50.47771785649585,1,True,False,2753,False,5606,3609,45867403,174569758,45867445,174569730,0,0,1666063035,173277,distance_to_pickup,BATCH,hungarian,0,0,order,1
1666236312,543262,3005,94.59386872308374,1,True,False,3948,False,5606,3609,45896133,174555014,45896111,174555106,0,0,1666063104,173208,distance_to_pickup,BATCH,hungarian,0,0,order,1
1666236312,192279,1682,61.66036003787198,1,True,False,1193,False,5606,3609,45907630,174567904,45907639,174567843,0,0,1666063321,172991,distance_to_pickup,BATCH,hungarian,0,0,order,1
1666236312,465058,681,60.41522986797286,1,True,False,492,False,5606,3609,45896190,174554821,45896131,174554834,0,0,1666063336,172976,distance_to_pickup,BATCH,hungarian,0,0,order,1
1666236312,545850,772,87.93179174792243,1,True,False,3625,False,5606,3609,45885010,174520190,45885094,174520164,0,0,1666063418,172894,distance_to_pickup,BATCH,hungarian,0,0,order,1
1666236312,95766,1132,72.56031973468694,1,True,False,342,False,5606,3609,46054487,174946433,46054496,174946361,0,0,1666063580,172732,distance_to_pickup,BATCH,hungarian,0,0,order,1
1666236312,126377,372,94.49338601193207,1,True,False,3580,False,5606,3609,45872441,174544200,45872514,174544140,0,0,1666148918,87394,distance_to_pickup,BATCH,hungarian,0,0,order,1
1666236312,117354,625,84.92938243034621,1,True,False,3004,False,5606,3609,45879964,174546543,45879946,174546460,0,0,1666149211,87101,distance_to_pickup,BATCH,hungarian,0,0,order,1
1666236312,93013,2236,88.81441324469807,1,True,False,1991,False,5606,3609,45907759,174546285,45907707,174546213,0,0,1666149244,87068,distance_to_pickup,BATCH,hungarian,0,0,order,1
1666236312,153791,3550,71.40028011149536,1,True,False,3262,False,5606,3609,45865332,174581152,45865375,174581209,0,0,1666149255,87057,distance_to_pickup,BATCH,hungarian,0,0,order,1
1666236312,473317,859,68.30812543175226,1,True,False,4501,False,5606,3609,45896168,174555742,45896103,174555721,0,0,1666149670,86642,distance_to_pickup,BATCH,hungarian,0,0,order,1
1666236312,102337,1181,51.419840528729765,1,True,False,2470,False,5606,3609,45896168,174555742,45896156,174555692,0,0,1666149699,86613,distance_to_pickup,BATCH,hungarian,0,0,order,1
1666236312,177899,96,29.0,1,True,False,821,False,5606,3609,45879964,174546543,45879964,174546514,0,0,1666149927,86385,distance_to_pickup,BATCH,hungarian,0,0,order,1
1666236312,132567,3537,29.410882339705484,1,True,False,679,False,5606,3609,45883537,174592777,45883561,174592760,0,0,1666149938,86374,distance_to_pickup,BATCH,hungarian,0,0,order,1
1666236312,4383,426,46.14108798023731,1,True,False,1599,False,5606,3609,45860060,174572270,45860020,174572247,0,0,1666236162,150,distance_to_pickup,BATCH,hungarian,0,0,order,1
1666236312,234097,2521,81.39410298049853,1,True,False,2793,False,5606,3609,45880173,174546649,45880209,174546576,0,0,1666236041,271,distance_to_pickup,BATCH,hungarian,0,0,order,1
1666236312,102663,1957,28.0178514522438,1,True,False,1825,False,5606,3609,45912607,174588126,45912630,174588142,0,0,1666235052,1260,distance_to_pickup,BATCH,hungarian,0,0,order,1
1666236312,327720,1893,55.47071299343465,1,True,False,2819,False,5606,3609,46048740,174960005,46048709,174960051,0,0,1666236280,32,distance_to_pickup,BATCH,hungarian,0,0,order,1
1666236432,555822,3873,70.21395872616783,1,True,True,1581,False,6126,3461,45860696,174563613,45860709,174563682,0,0,1665976669,259763,distance_to_pickup,BATCH,hungarian,0,0,order,1
1666236432,206680,690,60.876925020897694,1,True,True,3750,False,6126,3461,45856330,174579593,45856315,174579652,0,0,1665976736,259696,distance_to_pickup,BATCH,hungarian,0,0,order,1
1666236432,432908,3620,78.49203781276162,1,True,True,3008,False,6126,3461,45867072,174602180,45867007,174602224,0,0,1665976869,259563,distance_to_pickup,BATCH,hungarian,0,0,order,1
1666236432,293221,546,34.0147027033899,1,True,True,737,False,6126,3461,45889158,174535054,45889157,174535020,0,0,1665976890,259542,distance_to_pickup,BATCH,hungarian,0,0,order,1
1666236432,140945,822,73.78346698278686,1,True,True,2742,False,6126,3461,45886884,174562531,45886822,174562571,0,0,1665976893,259539,distance_to_pickup,BATCH,hungarian,0,0,order,1
1666236432,359993,4088,49.51767361255979,1,True,True,1451,False,6126,3461,45870996,174595448,45870960,174595414,0,0,1665976899,259533,distance_to_pickup,BATCH,hungarian,0,0,order,1
1666236432,566064,2059,32.802438933713454,1,True,True,2666,False,6126,3461,45856330,174579593,45856356,174579613,0,0,1665976955,259477,distance_to_pickup,BATCH,hungarian,0,0,order,1
1666236432,304468,1168,77.4919350642375,1,True,True,474,False,6126,3461,45905350,174570740,45905324,174570813,0,0,1665977000,259432,distance_to_pickup,BATCH,hungarian,0,0,order,1
1666236432,19402,249,45.880278987817846,1,True,True,1587,False,6126,3461,45897008,174553031,45897051,174553015,0,0,1665977005,259427,distance_to_pickup,BATCH,hungarian,0,0,order,1
1666236432,244728,64,99.16148445843275,1,True,True,2480,False,6126,3461,45857992,174606072,45857955,174606164,0,0,1665977069,259363,distance_to_pickup,BATCH,hungarian,0,0,order,1
1666236432,180230,914,41.23105625617661,1,True,True,2057,False,6126,3461,45895603,174555740,45895643,174555730,0,0,1665977074,259358,distance_to_pickup,BATCH,hungarian,0,0,order,1
1666236432,119659,2222,71.30918594402827,1,True,True,3522,False,6126,3461,45897008,174553031,45897077,174553049,0,0,1665977087,259345,distance_to_pickup,BATCH,hungarian,0,0,order,1
1666236432,76570,4495,73.55270219373317,1,True,True,664,False,6126,3461,45898786,174565946,45898777,174566019,0,0,1665977118,259314,distance_to_pickup,BATCH,hungarian,0,0,order,1
1666236432,38510,74,9.0,1,True,True,2132,False,6126,3461,45856330,174579593,45856321,174579593,0,0,1665977130,259302,distance_to_pickup,BATCH,hungarian,0,0,order,1
1666236432,340521,2634,75.23961722390672,1,True,True,2510,False,6126,3461,45853618,174528210,45853624,174528285,0,0,1665977193,259239,distance_to_pickup,BATCH,hungarian,0,0,order,1
1666236432,387347,2659,38.27531841800928,1,True,True,988,False,6126,3461,45895724,174555827,45895711,174555791,0,0,1665977196,259236,distance_to_pickup,BATCH,hungarian,0,0,order,1
1666236432,92262,596,38.07886552931954,1,True,True,4318,False,6126,3461,45857425,174567864,45857390,174567879,0,0,1665977214,259218,distance_to_pickup,BATCH,hungarian,0,0,order,1
1666236432,454284,260,31.400636936215164,1,True,True,368,False,6126,3461,45860925,174555679,45860920,174555648,0,0,1665977321,259111,distance_to_pickup,BATCH,hungarian,0,0,order,1
1666236432,128728,4258,81.9084855189009,1,True,True,1266,False,6126,3461,45885886,174563236,45885911,174563158,0,0,1665977372,259060,distance_to_pickup,BATCH,hungarian,0,0,order,1
1666236432,250586,1534,48.54894437575342,1,True,True,3371,False,6126,3461,45887997,174533308,45888038,174533282,0,0,1665977372,259060,distance_to_pickup,BATCH,hungarian,0,0,order,1
1666236432,92268,1328,94.04786015641186,1,True,True,3395,False,6126,3461,45912621,174528981,45912624,174528887,0,0,1665977374,259058,distance_to_pickup,BATCH,hungarian,0,0,order,1
1666236432,516914,1967,71.34423592694787,1,True,True,1265,False,6126,3461,45878269,174600078,45878306,174600017,0,0,1665977376,259056,distance_to_pickup,BATCH,hungarian,0,0,order,1
1666236432,535237,563,86.09297300012354,1,True,True,2191,False,6126,3461,45920938,174542134,45920942,174542048,0,0,1665977405,259027,distance_to_pickup,BATCH,hungarian,0,0,order,1
1666236432,558708,799,14.035668847618199,1,True,True,3528,False,6126,3461,45879237,174648050,45879236,174648064,0,0,1666062774,173658,distance_to_pickup,BATCH,hungarian,0,0,order,1
1666236432,54987,3297,84.40379138403677,1,True,True,4261,False,6126,3461,45894842,174555253,45894892,174555185,0,0,1666062886,173546,distance_to_pickup,BATCH,hungarian,0,0,order,1
1666236432,409316,319,81.04319835741924,1,True,True,2283,False,6126,3461,45885520,174592236,45885442,174592258,0,0,1666062979,173453,distance_to_pickup,BATCH,hungarian,0,0,order,1
1666236432,371385,2743,90.60353193998566,1,True,True,566,False,6126,3461,45894848,174556609,45894776,174556664,0,0,1666062985,173447,distance_to_pickup,BATCH,hungarian,0,0,order,1
1666236432,54998,1910,97.16480844420988,1,True,True,1547,False,6126,3461,45878123,174577620,45878027,174577605,0,0,1666063024,173408,distance_to_pickup,BATCH,hungarian,0,0,order,1
1666236432,101940,3294,95.2102935611481,1,True,True,4099,False,6126,3461,45880750,174579924,45880659,174579952,0,0,1666063031,173401,distance_to_pickup,BATCH,hungarian,0,0,order,1
1666236432,299123,3195,65.21502894272147,1,True,True,1227,False,6126,3461,45889986,174545204,45890039,174545166,0,0,1666063041,173391,distance_to_pickup,BATCH,hungarian,0,0,order,1
1666236432,543262,465,82.38931969618392,1,True,True,3948,False,6126,3461,45896133,174555014,45896141,174554932,0,0,1666063104,173328,distance_to_pickup,BATCH,hungarian,0,0,order,1
1666236432,485991,2888,29.068883707497267,1,True,True,2303,False,6126,3461,45838570,174574635,45838599,174574637,0,0,1666063192,173240,distance_to_pickup,BATCH,hungarian,0,0,order,1
1666236432,192279,1682,45.35416188179427,1,True,True,1193,False,6126,3461,45907630,174567904,45907641,174567860,0,0,1666063321,173111,distance_to_pickup,BATCH,hungarian,0,0,order,1
1666236432,174571,3729,83.19254774317228,1,True,True,451,False,6126,3461,45888295,174571869,45888220,174571905,0,0,1666063325,173107,distance_to_pickup,BATCH,hungarian,0,0,order,1
1666236432,519747,681,31.04834939252005,1,True,True,4019,False,6126,3461,45896012,174554857,45896042,174554849,0,0,1666063393,173039,distance_to_pickup,BATCH,hungarian,0,0,order,1
1666236432,517233,2433,63.51377803280167,1,True,True,3355,False,6126,3461,45897087,174552977,45897052,174552924,0,0,1666063457,172975,distance_to_pickup,BATCH,hungarian,0,0,order,1
1666236432,80239,1847,50.774009099144415,1,True,True,518,False,6126,3461,45775310,174567990,45775337,174567947,0,0,1666063462,172970,distance_to_pickup,BATCH,hungarian,0,0,order,1
1666236432,120026,200,79.30952023559341,1,True,True,639,False,6126,3461,46049566,174941858,46049487,174941851,0,0,1666063469,172963,distance_to_pickup,BATCH,hungarian,0,0,order,1
1666236432,147366,536,39.408120990476064,1,True,True,1346,False,6126,3461,45876039,174572038,45876007,174572015,0,0,1666063477,172955,distance_to_pickup,BATCH,hungarian,0,0,order,1
1666236432,360326,466,98.6154146165801,1,True,True,3873,False,6126,3461,45880728,174580102,45880826,174580091,0,0,1666063551,172881,distance_to_pickup,BATCH,hungarian,0,0,order,1
1666236432,168489,757,83.09632964216891,1,True,True,3355,False,6126,3461,45897087,174552977,45897151,174553030,0,0,1666063557,172875,distance_to_pickup,BATCH,hungarian,0,0,order,1
1666236432,95766,1132,68.09552114493287,1,True,True,342,False,6126,3461,46054487,174946433,46054546,174946467,0,0,1666063580,172852,distance_to_pickup,BATCH,hungarian,0,0,order,1
1666236432,465062,343,77.82673062643708,1,True,True,2819,False,6126,3461,46049543,174941735,46049507,174941804,0,0,1666063581,172851,distance_to_pickup,BATCH,hungarian,0,0,order,1
1666236432,525031,1320,58.180752831155424,1,True,True,580,False,6126,3461,45877682,174539771,45877706,174539718,0,0,1666063582,172850,distance_to_pickup,BATCH,hungarian,0,0,order,1
1666236432,89518,1215,30.528675044947494,1,True,True,461,False,6126,3461,45890960,174573070,45890934,174573086,0,0,1666063583,172849,distance_to_pickup,BATCH,hungarian,0,0,order,1
1666236432,382161,2796,79.07591289387686,1,True,True,3263,False,6126,3461,46042359,174941150,46042437,174941163,0,0,1666063586,172846,distance_to_pickup,BATCH,hungarian,0,0,order,1
1666236432,221903,2181,72.47068372797375,1,True,True,2825,False,6126,3461,45924121,174521831,45924065,174521785,0,0,1666063590,172842,distance_to_pickup,BATCH,hungarian,0,0,order,1
1666236432,501539,2581,28.30194339616981,1,True,True,384,False,6126,3461,45857789,174567827,45857765,174567812,0,0,1666063594,172838,distance_to_pickup,BATCH,hungarian,0,0,order,1
1666236432,189408,612,81.02468759581859,1,True,True,3066,False,6126,3461,45867117,174556837,45867198,174556835,0,0,1666063604,172828,distance_to_pickup,BATCH,hungarian,0,0,order,1
1666236432,467787,1499,34.713109915419565,1,True,True,1371,False,6126,3461,45864073,174582024,45864080,174581990,0,0,1666063610,172822,distance_to_pickup,BATCH,hungarian,0,0,order,1
1666236432,227673,2039,77.10382610480494,1,True,True,1214,False,6126,3461,45921241,174541506,45921297,174541559,0,0,1666063751,172681,distance_to_pickup,BATCH,hungarian,0,0,order,1
1666236432,321597,2478,87.36704184073076,1,True,True,1338,False,6126,3461,45769664,174579005,45769591,174578957,0,0,1666063763,172669,distance_to_pickup,BATCH,hungarian,0,0,order,1
1666236432,86405,498,37.57658845611187,1,True,True,2509,False,6126,3461,45874164,174536556,45874180,174536522,0,0,1666063766,172666,distance_to_pickup,BATCH,hungarian,0,0,order,1
1666236432,316065,621,50.24937810560445,1,True,True,2128,False,6126,3461,45853755,174527370,45853760,174527420,0,0,1666063766,172666,distance_to_pickup,BATCH,hungarian,0,0,order,1
1666236432,299138,159,81.83520025025906,1,True,True,235,False,6126,3461,45857937,174568139,45857886,174568203,0,0,1666063773,172659,distance_to_pickup,BATCH,hungarian,0,0,order,1
1666236432,132209,2935,33.1058907144937,1,True,True,782,False,6126,3461,45895086,174589967,45895072,174589937,0,0,1666063787,172645,distance_to_pickup,BATCH,hungarian,0,0,order,1
1666236432,475866,946,94.04786015641186,1,True,True,2102,False,6126,3461,45857425,174567864,45857491,174567797,0,0,1666143237,93195,distance_to_pickup,BATCH,hungarian,0,0,order,1
1666236432,71000,426,12.206555615733702,1,True,True,1010,False,6126,3461,45864620,174583120,45864610,174583113,0,0,1666147220,89212,distance_to_pickup,BATCH,hungarian,0,0,order,1
1666236432,168859,387,99.72963451251589,1,True,True,1261,False,6126,3461,45880065,174546669,45880020,174546580,0,0,1666148781,87651,distance_to_pickup,BATCH,hungarian,0,0,order,1
1666236432,305138,3526,93.47726996441435,1,True,True,2363,False,6126,3461,45866830,174606620,45866873,174606537,0,0,1666148958,87474,distance_to_pickup,BATCH,hungarian,0,0,order,1
1666236432,3980,918,48.041648597857254,1,True,True,572,False,6126,3461,45869010,174572742,45869012,174572694,0,0,1666149179,87253,distance_to_pickup,BATCH,hungarian,0,0,order,1
1666236432,117354,96,89.67719888578144,1,True,True,3004,False,6126,3461,45879964,174546543,45879975,174546454,0,0,1666149211,87221,distance_to_pickup,BATCH,hungarian,0,0,order,1
1666236432,248393,4610,37.0,1,True,True,3175,False,6126,3461,45898349,174553149,45898314,174553161,0,0,1666149316,87116,distance_to_pickup,BATCH,hungarian,0,0,order,1
1666236432,436264,1527,25.80697580112788,1,True,True,1108,False,6126,3461,45862637,174575984,45862652,174575963,0,0,1666149349,87083,distance_to_pickup,BATCH,hungarian,0,0,order,1
1666236432,355079,476,90.80198235721508,1,True,True,2781,False,6126,3461,45890444,174572525,45890357,174572499,0,0,1666149352,87080,distance_to_pickup,BATCH,hungarian,0,0,order,1
1666236432,406945,2033,88.05112151472007,1,True,True,4832,False,6126,3461,45879264,174634208,45879176,174634211,0,0,1666149360,87072,distance_to_pickup,BATCH,hungarian,0,0,order,1
1666236432,291057,3751,69.31089380465383,1,True,True,4380,False,6126,3461,45887304,174545246,45887352,174545296,0,0,1666149408,87024,distance_to_pickup,BATCH,hungarian,0,0,order,1
1666236432,189761,870,88.19297024139736,1,True,True,1525,False,6126,3461,45858090,174555310,45858047,174555233,0,0,1666149443,86989,distance_to_pickup,BATCH,hungarian,0,0,order,1
1666236432,219387,3740,65.52098900352466,1,True,True,4421,False,6126,3461,45911894,174529244,45911831,174529226,0,0,1666149461,86971,distance_to_pickup,BATCH,hungarian,0,0,order,1
1666236432,507095,2786,60.03332407921454,1,True,True,2972,False,6126,3461,45865902,174600697,45865962,174600695,0,0,1666149494,86938,distance_to_pickup,BATCH,hungarian,0,0,order,1
1666236432,274056,1915,89.05054744357274,1,True,True,135,False,6126,3461,45886315,174563478,45886264,174563551,0,0,1666149522,86910,distance_to_pickup,BATCH,hungarian,0,0,order,1
1666236432,171941,1871,47.01063709417264,1,True,True,2320,False,6126,3461,45862879,174581321,45862860,174581364,0,0,1666149560,86872,distance_to_pickup,BATCH,hungarian,0,0,order,1
1666236432,135593,3144,72.69112738154499,1,True,True,1501,False,6126,3461,45866351,174556191,45866341,174556119,0,0,1666149608,86824,distance_to_pickup,BATCH,hungarian,0,0,order,1
1666236432,366241,4200,76.84399781375251,1,True,True,1501,False,6126,3461,45865238,174556784,45865165,174556808,0,0,1666149637,86795,distance_to_pickup,BATCH,hungarian,0,0,order,1
1666236432,514955,238,91.23595782365635,1,True,True,2512,False,6126,3461,45883773,174566833,45883733,174566915,0,0,1666149638,86794,distance_to_pickup,BATCH,hungarian,0,0,order,1
1666236432,198517,223,23.345235059857504,1,True,True,1145,False,6126,3461,45876366,174604891,45876343,174604895,0,0,1666149640,86792,distance_to_pickup,BATCH,hungarian,0,0,order,1
1666236432,259843,5,55.362442142665635,1,True,True,226,False,6126,3461,45924121,174521831,45924137,174521778,0,0,1666149682,86750,distance_to_pickup,BATCH,hungarian,0,0,order,1
1666236432,111328,2212,63.15853069855251,1,True,True,4606,False,6126,3461,45912080,174529170,45912105,174529228,0,0,1666149705,86727,distance_to_pickup,BATCH,hungarian,0,0,order,1
1666236432,219367,2739,66.61080993352356,1,True,True,4099,False,6126,3461,45868629,174606647,45868620,174606581,0,0,1666149734,86698,distance_to_pickup,BATCH,hungarian,0,0,order,1
1666236432,230865,979,43.93176527297759,1,True,True,821,False,6126,3461,45887505,174553677,45887476,174553710,0,0,1666149745,86687,distance_to_pickup,BATCH,hungarian,0,0,order,1
1666236432,454873,4032,88.19297024139736,1,True,True,808,False,6126,3461,45858280,174547910,45858323,174547833,0,0,1666149818,86614,distance_to_pickup,BATCH,hungarian,0,0,order,1
1666236432,302320,2755,9.433981132056603,1,True,True,500,False,6126,3461,46053446,174953728,46053454,174953733,0,0,1666149831,86601,distance_to_pickup,BATCH,hungarian,0,0,order,1
1666236432,468079,759,37.12142238654117,1,True,True,2663,False,6126,3461,45864127,174536690,45864110,174536657,0,0,1666149855,86577,distance_to_pickup,BATCH,hungarian,0,0,order,1
1666236432,111335,4431,32.14031735997639,1,True,True,2500,False,6126,3461,45874643,174648159,45874640,174648127,0,0,1666149863,86569,distance_to_pickup,BATCH,hungarian,0,0,order,1
1666236432,102328,2241,74.51845409024533,1,True,True,3262,False,6126,3461,45861700,174583580,45861643,174583628,0,0,1666149863,86569,distance_to_pickup,BATCH,hungarian,0,0,order,1
1666236432,341198,1991,86.45229898620394,1,True,True,226,False,6126,3461,45924121,174521831,45924178,174521766,0,0,1666149874,86558,distance_to_pickup,BATCH,hungarian,0,0,order,1
1666236432,242551,744,72.11102550927978,1,True,True,1720,False,6126,3461,45902763,174586284,45902759,174586212,0,0,1666149883,86549,distance_to_pickup,BATCH,hungarian,0,0,order,1
1666236432,566670,2356,68.0294054067798,1,True,True,238,False,6126,3461,45879921,174546626,45879923,174546558,0,0,1666149906,86526,distance_to_pickup,BATCH,hungarian,0,0,order,1
1666236432,177899,4386,90.55385138137417,1,True,True,821,False,6126,3461,45879964,174546543,45880030,174546481,0,0,1666149927,86505,distance_to_pickup,BATCH,hungarian,0,0,order,1
1666236432,132567,33,38.2099463490856,1,True,True,679,False,6126,3461,45883537,174592777,45883499,174592781,0,0,1666149938,86494,distance_to_pickup,BATCH,hungarian,0,0,order,1
1666236432,259846,3290,78.77182237323191,1,True,True,884,False,6126,3461,45859348,174548154,45859391,174548220,0,0,1666149941,86491,distance_to_pickup,BATCH,hungarian,0,0,order,1
1666236432,512350,2282,90.27181176868004,1,True,True,3425,False,6126,3461,45893022,174567126,45892965,174567056,0,0,1666149949,86483,distance_to_pickup,BATCH,hungarian,0,0,order,1
1666236432,483683,1908,31.064449134018133,1,True,True,161,False,6126,3461,45873270,174545902,45873287,174545876,0,0,1666149982,86450,distance_to_pickup,BATCH,hungarian,0,0,order,1
1666236432,425633,462,71.69379331573968,1,True,True,3410,False,6126,3461,46052810,174946400,46052744,174946428,0,0,1666149985,86447,distance_to_pickup,BATCH,hungarian,0,0,order,1
1666236432,352296,378,58.52349955359813,1,True,True,120,False,6126,3461,46054487,174946433,46054431,174946416,0,0,1666149992,86440,distance_to_pickup,BATCH,hungarian,0,0,order,1
1666236432,559070,406,42.05948168962618,1,True,True,1294,False,6126,3461,45918963,174579794,45918923,174579781,0,0,1666149992,86440,distance_to_pickup,BATCH,hungarian,0,0,order,1
1666236432,153807,3205,97.082439194738,1,True,True,311,False,6126,3461,45766155,174567410,45766175,174567315,0,0,1666149993,86439,distance_to_pickup,BATCH,hungarian,0,0,order,1
1666236432,538515,3441,50.24937810560445,1,True,True,238,False,6126,3461,45879921,174546626,45879955,174546589,0,0,1666149994,86438,distance_to_pickup,BATCH,hungarian,0,0,order,1
1666236432,404288,211,83.48652585896721,1,True,True,2336,False,6126,3461,45898896,174535830,45898827,174535877,0,0,1666150175,86257,distance_to_pickup,BATCH,hungarian,0,0,order,1
1666236432,20509,2741,67.26812023536856,1,True,True,893,False,6126,3461,45769653,174578806,45769640,174578872,0,0,1666235503,929,distance_to_pickup,BATCH,hungarian,0,0,order,1
1666236432,268712,4154,7.0710678118654755,1,True,True,1866,False,6126,3461,45861161,174563871,45861156,174563866,0,0,1666235720,712,distance_to_pickup,BATCH,hungarian,0,0,order,1
1666236432,157091,3033,87.45856161634491,1,True,True,2040,False,6126,3461,45894009,174578058,45893941,174578113,0,0,1666235743,689,distance_to_pickup,BATCH,hungarian,0,0,order,1
1666236432,344376,2550,32.38826948140329,1,True,True,3228,False,6126,3461,45866440,174556210,45866408,174556205,0,0,1666235972,460,distance_to_pickup,BATCH,hungarian,0,0,order,1
1666236432,407287,507,90.78546139112804,1,True,True,3181,False,6126,3461,45880592,174633877,45880533,174633808,0,0,1666235973,459,distance_to_pickup,BATCH,hungarian,0,0,order,1
1666236432,484013,37,99.92497185388645,1,True,True,2521,False,6126,3461,45877124,174545442,45877027,174545466,0,0,1666236028,404,distance_to_pickup,BATCH,hungarian,0,0,order,1
1666236432,234097,1928,46.389654018972806,1,True,True,2793,False,6126,3461,45880173,174546649,45880219,174546655,0,0,1666236041,391,distance_to_pickup,BATCH,hungarian,0,0,order,1
1666236432,172263,1543,6.4031242374328485,1,True,True,2300,False,6126,3461,45860748,174572540,45860753,174572536,0,0,1666236112,320,distance_to_pickup,BATCH,hungarian,0,0,order,1
1666236432,254430,4544,52.354560450833695,1,True,True,90,False,6126,3461,45866134,174565757,45866159,174565803,0,0,1666236120,312,distance_to_pickup,BATCH,hungarian,0,0,order,1
1666236432,478928,3331,76.89603370785778,1,True,True,508,False,6126,3461,45870996,174595448,45870924,174595475,0,0,1666236122,310,distance_to_pickup,BATCH,hungarian,0,0,order,1
1666236432,335940,3503,82.75868534480233,1,True,True,1463,False,6126,3461,45905781,174531306,45905841,174531363,0,0,1666236160,272,distance_to_pickup,BATCH,hungarian,0,0,order,1
1666236432,74543,65,60.440052945046304,1,True,True,893,False,6126,3461,45764848,174573261,45764906,174573278,0,0,1666236164,268,distance_to_pickup,BATCH,hungarian,0,0,order,1
1666236432,322249,2172,51.78802950489621,1,True,True,759,False,6126,3461,45873329,174545627,45873380,174545618,0,0,1666236233,199,distance_to_pickup,BATCH,hungarian,0,0,order,1
1666236432,201884,2702,82.46211251235322,1,True,True,2725,False,6126,3461,45893156,174543777,45893080,174543745,0,0,1666236261,171,distance_to_pickup,BATCH,hungarian,0,0,order,1
1666236432,344384,3624,92.35799911215054,1,True,True,1567,False,6126,3461,45876860,174545700,45876773,174545731,0,0,1666236266,166,distance_to_pickup,BATCH,hungarian,0,0,order,1
1666236432,237101,391,17.4928556845359,1,True,True,2079,False,6126,3461,45896677,174552896,45896662,174552887,0,0,1666236277,155,distance_to_pickup,BATCH,hungarian,0,0,order,1
1666236432,39704,1838,86.14522621712709,1,True,True,2507,False,6126,3461,45894297,174589367,45894212,174589353,0,0,1666236404,28,distance_to_pickup,BATCH,hungarian,0,0,order,1
1666236432,567001,2470,57.28001396647874,1,True,True,3005,False,6126,3461,45896150,174555690,45896095,174555706,0,0,1666235932,500,distance_to_pickup,BATCH,hungarian,0,0,order,1
1666236432,254419,1970,39.11521443121589,1,True,True,3249,False,6126,3461,45865177,174556709,45865174,174556670,0,0,1666235622,810,distance_to_pickup,BATCH,hungarian,0,0,order,1
1666236432,523040,868,42.485291572496,1,True,True,674,False,6126,3461,45896150,174555690,45896112,174555709,0,0,1666236358,74,distance_to_pickup,BATCH,hungarian,0,0,order,1
1666236432,138985,3060,78.10249675906654,1,True,True,103,False,6126,3461,45896148,174555744,45896070,174555740,0,0,1666235885,547,distance_to_pickup,BATCH,hungarian,0,0,order,1
1666236432,425949,2016,81.02468759581859,1,True,True,1138,False,6126,3461,45859404,174571414,45859325,174571432,0,0,1666236215,217,distance_to_pickup,BATCH,hungarian,0,0,order,1
1666236432,126781,889,43.41658669218482,1,True,True,2786,False,6126,3461,45870533,174595497,45870560,174595463,0,0,1666236170,262,distance_to_pickup,BATCH,hungarian,0,0,order,1
1666236432,549062,1409,86.76404785393545,1,True,True,2555,False,6126,3461,45895872,174555845,45895950,174555807,0,0,1666236258,174,distance_to_pickup,BATCH,hungarian,0,0,order,1
1666236432,23785,2555,94.66784036831093,1,True,True,325,False,6126,3461,45896150,174555690,45896199,174555609,0,0,1666236304,128,distance_to_pickup,BATCH,hungarian,0,0,order,1
1666236432,219744,1909,80.77747210701756,1,True,True,192,False,6126,3461,45879744,174648203,45879723,174648281,0,0,1666236336,96,distance_to_pickup,BATCH,hungarian,0,0,order,1
1666236432,142002,2571,15.620499351813308,1,True,True,3815,False,6126,3461,45874747,174650084,45874759,174650074,0,0,1666234594,1838,distance_to_pickup,BATCH,hungarian,0,0,order,1
1666236432,111695,483,90.95603333479313,1,True,True,857,False,6126,3461,45867077,174606734,45867100,174606646,0,0,1666236203,229,distance_to_pickup,BATCH,hungarian,0,0,order,1
1666236432,377498,2195,39.319206502675,1,True,True,1703,False,6126,3461,45853655,174604870,45853650,174604831,0,0,1666236397,35,distance_to_pickup,BATCH,hungarian,0,0,order,1
1666236432,425951,1961,59.464274989274024,1,True,True,1927,False,6126,3461,45772747,174569973,45772803,174569993,0,0,1666236320,112,distance_to_pickup,BATCH,hungarian,0,0,order,1
1666236432,108625,4473,84.8528137423857,1,True,True,739,False,6126,3461,45860600,174572406,45860588,174572490,0,0,1666235943,489,distance_to_pickup,BATCH,hungarian,0,0,order,1
1666236432,305509,1352,74.0,1,True,True,645,False,6126,3461,45865184,174556784,45865160,174556854,0,0,1666235973,459,distance_to_pickup,BATCH,hungarian,0,0,order,1
1666236432,327722,2217,75.16648189186454,1,True,True,634,False,6126,3461,45905921,174530450,45905970,174530393,0,0,1666236345,87,distance_to_pickup,BATCH,hungarian,0,0,order,1
1666236432,468392,625,26.1725046566048,1,True,True,1206,False,6126,3461,45879961,174546534,45879958,174546508,0,0,1666236209,223,distance_to_pickup,BATCH,hungarian,0,0,order,1
1666236432,528279,2122,67.7421582177598,1,True,True,2064,False,6126,3461,45871225,174595752,45871167,174595717,0,0,1666236195,237,distance_to_pickup,BATCH,hungarian,0,0,order,1
1666236432,380101,122,20.024984394500787,1,True,True,2966,False,6126,3461,45885579,174582888,45885578,174582868,0,0,1666236125,307,distance_to_pickup,BATCH,hungarian,0,0,order,1
1666236432,257316,3921,69.57010852370435,1,True,True,3648,False,6126,3461,45880104,174634822,45880170,174634844,0,0,1666236218,214,distance_to_pickup,BATCH,hungarian,0,0,order,1
1666236432,305491,3425,25.942243542145693,1,True,True,2629,False,6126,3461,45885892,174563248,45885915,174563236,0,0,1666235977,455,distance_to_pickup,BATCH,hungarian,0,0,order,1
1666236432,7646,1001,67.20863039818622,1,True,True,1835,False,6126,3461,45858919,174566661,45858873,174566612,0,0,1666236167,265,distance_to_pickup,BATCH,hungarian,0,0,order,1
1666236432,530916,479,47.16990566028302,1,True,True,2102,False,6126,3461,45860629,174563515,45860589,174563490,0,0,1666236375,57,distance_to_pickup,BATCH,hungarian,0,0,order,1
1666236432,151111,2811,80.15609770940699,1,True,True,2324,False,6126,3461,45879517,174634520,45879561,174634453,0,0,1666236391,41,distance_to_pickup,BATCH,hungarian,0,0,order,1
1666236432,33323,787,78.03204469959762,1,True,True,2508,False,6126,3461,45897136,174590767,45897176,174590700,0,0,1666235265,1167,distance_to_pickup,BATCH,hungarian,0,0,order,1
1666236432,245806,2119,69.65629906907199,1,True,True,3355,False,6126,3461,45889694,174546154,45889738,174546208,0,0,1666236336,96,distance_to_pickup,BATCH,hungarian,0,0,order,1
1666236432,20540,2963,56.0357029044876,1,True,True,1485,False,6126,3461,45860006,174572522,45860008,174572466,0,0,1666236060,372,distance_to_pickup,BATCH,hungarian,0,0,order,1
1666236432,80238,1693,62.00806399170998,1,True,False,3249,False,6126,3461,45870553,174547266,45870554,174547328,0,0,1666062768,173664,distance_to_pickup,BATCH,hungarian,0,0,order,1
1666236432,371393,2065,32.89376840679705,1,True,False,384,False,6126,3461,45856303,174570803,45856334,174570792,0,0,1666063414,173018,distance_to_pickup,BATCH,hungarian,0,0,order,1
1666236432,174577,3130,58.25804665451803,1,True,False,3178,False,6126,3461,45903350,174577040,45903305,174577003,0,0,1666063436,172996,distance_to_pickup,BATCH,hungarian,0,0,order,1
1666236432,398498,1476,68.00735254367721,1,True,False,3569,False,6126,3461,45872490,174545997,45872491,174545929,0,0,1666063522,172910,distance_to_pickup,BATCH,hungarian,0,0,order,1
1666236432,462433,3719,35.73513677041127,1,True,False,3424,False,6126,3461,45853755,174527370,45853766,174527404,0,0,1666063619,172813,distance_to_pickup,BATCH,hungarian,0,0,order,1
1666236432,198156,448,93.34880824091971,1,True,False,143,False,6126,3461,45870996,174595448,45870929,174595513,0,0,1666063649,172783,distance_to_pickup,BATCH,hungarian,0,0,order,1
1666236432,16528,3835,88.09086218218096,1,True,False,3756,False,6126,3461,45871167,174595947,45871163,174595859,0,0,1666063775,172657,distance_to_pickup,BATCH,hungarian,0,0,order,1
1666236432,80545,1835,50.93132631298737,1,True,False,486,False,6126,3461,45860863,174572580,45860898,174572543,0,0,1666145654,90778,distance_to_pickup,BATCH,hungarian,0,0,order,1
1666236432,153789,1648,24.351591323771842,1,True,False,359,False,6126,3461,45905669,174544560,45905677,174544583,0,0,1666149124,87308,distance_to_pickup,BATCH,hungarian,0,0,order,1
1666236432,93013,2236,73.49829930005184,1,True,False,1991,False,6126,3461,45907759,174546285,45907778,174546214,0,0,1666149244,87188,distance_to_pickup,BATCH,hungarian,0,0,order,1
1666236432,123387,2460,71.28113354878694,1,True,False,2869,False,6126,3461,45860748,174572540,45860689,174572580,0,0,1666149514,86918,distance_to_pickup,BATCH,hungarian,0,0,order,1
1666236432,52247,4594,54.08326913195984,1,True,False,1594,False,6126,3461,45896231,174555803,45896213,174555854,0,0,1666149544,86888,distance_to_pickup,BATCH,hungarian,0,0,order,1
1666236432,256948,2125,78.31347265956222,1,True,False,3116,False,6126,3461,45866079,174600663,45866157,174600670,0,0,1666149771,86661,distance_to_pickup,BATCH,hungarian,0,0,order,1
1666236432,61611,3167,80.36168241145776,1,True,False,3437,False,6126,3461,45879921,174546626,45879944,174546703,0,0,1666149889,86543,distance_to_pickup,BATCH,hungarian,0,0,order,1
1666236432,248395,1421,87.82368700982668,1,True,False,1614,False,6126,3461,46052330,174943031,46052318,174943118,0,0,1666149992,86440,distance_to_pickup,BATCH,hungarian,0,0,order,1
1666236432,438917,993,38.07886552931954,1,True,False,325,False,6126,3461,45906306,174528446,45906297,174528409,0,0,1666149997,86435,distance_to_pickup,BATCH,hungarian,0,0,order,1
1666236432,102663,1957,28.0178514522438,1,True,False,1825,False,6126,3461,45912607,174588126,45912630,174588142,0,0,1666235052,1380,distance_to_pickup,BATCH,hungarian,0,0,order,1
1666236432,4383,1156,15.652475842498529,1,True,False,1599,False,6126,3461,45860060,174572270,45860046,174572263,0,0,1666236162,270,distance_to_pickup,BATCH,hungarian,0,0,order,1
1666236432,433934,1152,88.72992730753249,1,True,False,1345,False,6126,3461,46052333,174932853,46052390,174932921,0,0,1666236395,37,distance_to_pickup,BATCH,hungarian,0,0,order,1
1666236432,478933,2926,49.49747468305833,1,True,False,2366,False,6126,3461,45870770,174595580,45870777,174595531,0,0,1666236347,85,distance_to_pickup,BATCH,hungarian,0,0,order,1
1666236432,163218,1659,75.05997601918082,1,True,False,569,False,6126,3461,45860511,174572406,45860514,174572481,0,0,1666236139,293,distance_to_pickup,BATCH,hungarian,0,0,order,1
1666236432,251495,1713,51.15662224971465,1,True,False,2265,False,6126,3461,45860650,174556550,45860646,174556601,0,0,1666192093,44339,distance_to_pickup,BATCH,hungarian,0,0,order,1
1666236612,498606,1085,67.89698078707183,1,True,True,2990,False,6674,3323,45879753,174634491,45879686,174634502,0,0,1665976561,260051,distance_to_pickup,BATCH,hungarian,0,0,order,1
1666236612,177199,2040,75.61084578286372,1,True,True,370,False,6674,3323,45894009,174578058,45893938,174578084,0,0,1665976659,259953,distance_to_pickup,BATCH,hungarian,0,0,order,1
1666236612,392750,1879,98.97979591815695,1,True,True,3117,False,6674,3323,45859277,174579627,45859371,174579596,0,0,1665976682,259930,distance_to_pickup,BATCH,hungarian,0,0,order,1
1666236612,73397,448,81.93289937503738,1,True,True,1133,False,6674,3323,45870996,174595448,45870968,174595525,0,0,1665976905,259707,distance_to_pickup,BATCH,hungarian,0,0,order,1
1666236612,334973,3217,53.03772242470448,1,True,True,915,False,6674,3323,45889647,174545036,45889594,174545038,0,0,1665976961,259651,distance_to_pickup,BATCH,hungarian,0,0,order,1
1666236612,162150,828,95.38343671728336,1,True,True,1862,False,6674,3323,45920114,174542742,45920197,174542789,0,0,1665977031,259581,distance_to_pickup,BATCH,hungarian,0,0,order,1
1666236612,395445,2805,98.8382517044894,1,True,True,84,False,6674,3323,45867766,174566793,45867678,174566838,0,0,1665977032,259580,distance_to_pickup,BATCH,hungarian,0,0,order,1
1666236612,171195,1414,81.85963596303125,1,True,True,959,False,6674,3323,45876782,174545911,45876817,174545837,0,0,1665977074,259538,distance_to_pickup,BATCH,hungarian,0,0,order,1
1666236612,16105,1616,93.92017887546851,1,True,True,3565,False,6674,3323,45895612,174555834,45895642,174555923,0,0,1665977077,259535,distance_to_pickup,BATCH,hungarian,0,0,order,1
1666236612,332270,1251,37.36308338453881,1,True,True,2730,False,6674,3323,45880065,174546669,45880055,174546633,0,0,1665977089,259523,distance_to_pickup,BATCH,hungarian,0,0,order,1
1666236612,553222,2782,98.47842403288143,1,True,True,3223,False,6674,3323,45890252,174534554,45890169,174534501,0,0,1665977132,259480,distance_to_pickup,BATCH,hungarian,0,0,order,1
1666236612,76561,620,98.04590761474952,1,True,True,4088,False,6674,3323,45898786,174565946,45898783,174566044,0,0,1665977137,259475,distance_to_pickup,BATCH,hungarian,0,0,order,1
1666236612,159025,2736,92.30926280715278,1,True,True,1033,False,6674,3323,45875564,174647464,45875528,174647549,0,0,1665977140,259472,distance_to_pickup,BATCH,hungarian,0,0,order,1
1666236612,218645,2563,78.29431652425353,1,True,True,376,False,6674,3323,45880454,174530314,45880385,174530277,0,0,1665977151,259461,distance_to_pickup,BATCH,hungarian,0,0,order,1
1666236612,134867,3266,36.87817782917155,1,True,True,1733,False,6674,3323,45907357,174569034,45907365,174568998,0,0,1665977163,259449,distance_to_pickup,BATCH,hungarian,0,0,order,1
1666236612,28951,549,19.235384061671343,1,True,True,1189,False,6674,3323,45907759,174546285,45907750,174546268,0,0,1665977167,259445,distance_to_pickup,BATCH,hungarian,0,0,order,1
1666236612,400942,4078,92.26592003551474,1,True,True,1789,False,6674,3323,46045870,174938788,46045962,174938795,0,0,1665977182,259430,distance_to_pickup,BATCH,hungarian,0,0,order,1
1666236612,555831,4095,98.79271228182775,1,True,True,1638,False,6674,3323,45880151,174634388,45880235,174634336,0,0,1665977197,259415,distance_to_pickup,BATCH,hungarian,0,0,order,1
1666236612,35372,1388,66.46803743153546,1,True,True,877,False,6674,3323,45866788,174574112,45866835,174574065,0,0,1665977238,259374,distance_to_pickup,BATCH,hungarian,0,0,order,1
1666236612,218643,1316,74.24957912338628,1,True,True,2939,False,6674,3323,45907357,174569034,45907409,174568981,0,0,1665977296,259316,distance_to_pickup,BATCH,hungarian,0,0,order,1
1666236612,456875,562,84.0535543567314,1,True,True,702,False,6674,3323,45864220,174594845,45864289,174594797,0,0,1665977368,259244,distance_to_pickup,BATCH,hungarian,0,0,order,1
1666236612,401242,947,45.5411901469428,1,True,True,2777,False,6674,3323,45866961,174601021,45866954,174600976,0,0,1666062261,174351,distance_to_pickup,BATCH,hungarian,0,0,order,1
1666236612,387657,3753,78.43468620451031,1,True,True,4233,False,6674,3323,45896231,174555803,45896305,174555777,0,0,1666063021,173591,distance_to_pickup,BATCH,hungarian,0,0,order,1
1666236612,403958,2897,35.35533905932738,1,True,True,2084,False,6674,3323,45858376,174534230,45858345,174534247,0,0,1666063125,173487,distance_to_pickup,BATCH,hungarian,0,0,order,1
1666236612,532903,2139,76.92203845452875,1,True,True,2740,False,6674,3323,45890075,174525738,45890109,174525807,0,0,1666063202,173410,distance_to_pickup,BATCH,hungarian,0,0,order,1
1666236612,22980,477,61.84658438426491,1,True,True,978,False,6674,3323,45870770,174595580,45870785,174595520,0,0,1666063268,173344,distance_to_pickup,BATCH,hungarian,0,0,order,1
1666236612,239296,456,85.60373823613078,1,True,True,972,False,6674,3323,45869487,174570705,45869435,174570637,0,0,1666063312,173300,distance_to_pickup,BATCH,hungarian,0,0,order,1
1666236612,422605,581,51.62363799656123,1,True,True,2279,False,6674,3323,45898349,174553149,45898298,174553157,0,0,1666063335,173277,distance_to_pickup,BATCH,hungarian,0,0,order,1
1666236612,207051,4426,64.13267497929586,1,True,True,2596,False,6674,3323,45867766,174566793,45867754,174566856,0,0,1666063410,173202,distance_to_pickup,BATCH,hungarian,0,0,order,1
1666236612,183565,2320,12.649110640673518,1,True,True,1527,False,6674,3323,45861752,174582541,45861764,174582537,0,0,1666063431,173181,distance_to_pickup,BATCH,hungarian,0,0,order,1
1666236612,279539,1810,68.5054742338158,1,True,True,1072,False,6674,3323,45858280,174547910,45858318,174547853,0,0,1666063435,173177,distance_to_pickup,BATCH,hungarian,0,0,order,1
1666236612,553528,1255,71.06335201775947,1,True,True,2586,False,6674,3323,45885239,174521472,45885236,174521543,0,0,1666063438,173174,distance_to_pickup,BATCH,hungarian,0,0,order,1
1666236612,540745,2601,91.67878707749138,1,True,True,518,False,6674,3323,45775310,174567990,45775221,174568012,0,0,1666063465,173147,distance_to_pickup,BATCH,hungarian,0,0,order,1
1666236612,51854,924,87.20665112249179,1,True,True,2498,False,6674,3323,45859277,174579627,45859364,174579621,0,0,1666063465,173147,distance_to_pickup,BATCH,hungarian,0,0,order,1
1666236612,76950,1204,98.00510190801293,1,True,True,3100,False,6674,3323,45924098,174522105,45924112,174522008,0,0,1666063467,173145,distance_to_pickup,BATCH,hungarian,0,0,order,1
1666236612,248056,1735,31.622776601683793,1,True,True,629,False,6674,3323,46052240,174936640,46052230,174936670,0,0,1666063469,173143,distance_to_pickup,BATCH,hungarian,0,0,order,1
1666236612,517230,176,96.40020746865642,1,True,True,366,False,6674,3323,45857992,174606072,45858050,174605995,0,0,1666063488,173124,distance_to_pickup,BATCH,hungarian,0,0,order,1
1666236612,26216,1399,24.331050121192877,1,True,True,3118,False,6674,3323,46046384,174938708,46046408,174938704,0,0,1666063492,173120,distance_to_pickup,BATCH,hungarian,0,0,order,1
1666236612,493770,1376,14.142135623730951,1,True,True,352,False,6674,3323,45898349,174553149,45898351,174553135,0,0,1666063499,173113,distance_to_pickup,BATCH,hungarian,0,0,order,1
1666236612,89515,4007,74.63243262818116,1,True,True,3392,False,6674,3323,45874942,174536177,45875013,174536154,0,0,1666063521,173091,distance_to_pickup,BATCH,hungarian,0,0,order,1
1666236612,227667,493,24.73863375370596,1,True,True,3134,False,6674,3323,45890276,174562960,45890252,174562966,0,0,1666063570,173042,distance_to_pickup,BATCH,hungarian,0,0,order,1
1666236612,268021,374,63.06346010171025,1,True,True,925,False,6674,3323,45912320,174519710,45912349,174519654,0,0,1666063582,173030,distance_to_pickup,BATCH,hungarian,0,0,order,1
1666236612,538198,3429,65.06919393998976,1,True,True,402,False,6674,3323,45885886,174563236,45885889,174563171,0,0,1666063594,173018,distance_to_pickup,BATCH,hungarian,0,0,order,1
1666236612,256605,1421,48.507731342539614,1,True,True,71,False,6674,3323,46052348,174943286,46052336,174943239,0,0,1666063594,173018,distance_to_pickup,BATCH,hungarian,0,0,order,1
1666236612,462433,3719,25.709920264364882,1,True,True,3424,False,6674,3323,45853755,174527370,45853749,174527395,0,0,1666063619,172993,distance_to_pickup,BATCH,hungarian,0,0,order,1
1666236612,64398,589,40.26164427839479,1,True,True,2253,False,6674,3323,45885670,174551052,45885709,174551042,0,0,1666063644,172968,distance_to_pickup,BATCH,hungarian,0,0,order,1
1666236612,198156,508,76.2954782408499,1,True,True,143,False,6674,3323,45870996,174595448,45871010,174595523,0,0,1666063649,172963,distance_to_pickup,BATCH,hungarian,0,0,order,1
1666236612,324327,1558,52.20153254455275,1,True,True,1350,False,6674,3323,45874828,174648754,45874846,174648705,0,0,1666063717,172895,distance_to_pickup,BATCH,hungarian,0,0,order,1
1666236612,38900,2635,53.33854141237835,1,True,True,1488,False,6674,3323,45885635,174551308,45885641,174551361,0,0,1666063726,172886,distance_to_pickup,BATCH,hungarian,0,0,order,1
1666236612,357529,381,74.33034373659252,1,True,True,3504,False,6674,3323,45871427,174624974,45871402,174624904,0,0,1666063756,172856,distance_to_pickup,BATCH,hungarian,0,0,order,1
1666236612,262390,2509,16.0312195418814,1,True,True,2243,False,6674,3323,45886608,174551437,45886592,174551436,0,0,1666063764,172848,distance_to_pickup,BATCH,hungarian,0,0,order,1
1666236612,514656,3714,53.85164807134504,1,True,True,3444,False,6674,3323,46043504,174939521,46043490,174939469,0,0,1666063768,172844,distance_to_pickup,BATCH,hungarian,0,0,order,1
1666236612,271217,1827,46.06517122512408,1,True,True,1857,False,6674,3323,45879807,174547174,45879766,174547153,0,0,1666148917,87695,distance_to_pickup,BATCH,hungarian,0,0,order,1
1666236612,153791,2054,40.70626487409524,1,True,True,3262,False,6674,3323,45865332,174581152,45865368,174581133,0,0,1666149255,87357,distance_to_pickup,BATCH,hungarian,0,0,order,1
1666236612,61596,1425,18.439088914585774,1,True,True,799,False,6674,3323,45874664,174648154,45874646,174648150,0,0,1666149343,87269,distance_to_pickup,BATCH,hungarian,0,0,order,1
1666236612,412320,4147,68.96375859826666,1,True,True,4117,False,6674,3323,45887304,174545246,45887284,174545312,0,0,1666149408,87204,distance_to_pickup,BATCH,hungarian,0,0,order,1
1666236612,207402,3308,82.46211251235322,1,True,True,1087,False,6674,3323,45895612,174555834,45895536,174555866,0,0,1666149429,87183,distance_to_pickup,BATCH,hungarian,0,0,order,1
1666236612,153795,3569,81.30190649671138,1,True,True,883,False,6674,3323,45868333,174538277,45868414,174538270,0,0,1666149456,87156,distance_to_pickup,BATCH,hungarian,0,0,order,1
1666236612,86755,105,50.20956084253277,1,True,True,244,False,6674,3323,45880750,174579924,45880714,174579889,0,0,1666149506,87106,distance_to_pickup,BATCH,hungarian,0,0,order,1
1666236612,406951,4421,97.59098319004681,1,True,True,2288,False,6674,3323,45889986,174545204,45889918,174545134,0,0,1666149508,87104,distance_to_pickup,BATCH,hungarian,0,0,order,1
1666236612,123387,2460,71.84010022264724,1,True,True,2869,False,6674,3323,45860748,174572540,45860703,174572484,0,0,1666149514,87098,distance_to_pickup,BATCH,hungarian,0,0,order,1
1666236612,52247,4594,55.97320787662612,1,True,True,1594,False,6674,3323,45896231,174555803,45896213,174555856,0,0,1666149544,87068,distance_to_pickup,BATCH,hungarian,0,0,order,1
1666236612,242545,1390,91.80958555619343,1,True,True,471,False,6674,3323,45874800,174648440,45874850,174648517,0,0,1666149550,87062,distance_to_pickup,BATCH,hungarian,0,0,order,1
1666236612,225089,1432,86.97700845625813,1,True,True,186,False,6674,3323,45874320,174648050,45874259,174647988,0,0,1666149589,87023,distance_to_pickup,BATCH,hungarian,0,0,order,1
1666236612,509721,2198,72.18032973047436,1,True,True,1587,False,6674,3323,45866450,174536750,45866437,174536821,0,0,1666149609,87003,distance_to_pickup,BATCH,hungarian,0,0,order,1
1666236612,346730,1463,74.21590126111789,1,True,True,2503,False,6674,3323,45905899,174526998,45905827,174526980,0,0,1666149611,87001,distance_to_pickup,BATCH,hungarian,0,0,order,1
1666236612,551295,683,9.219544457292887,1,True,True,2288,False,6674,3323,45889986,174545204,45889988,174545195,0,0,1666149630,86982,distance_to_pickup,BATCH,hungarian,0,0,order,1
1666236612,296705,4404,14.866068747318506,1,True,True,224,False,6674,3323,45865902,174600697,45865912,174600708,0,0,1666149702,86910,distance_to_pickup,BATCH,hungarian,0,0,order,1
1666236612,204448,3828,57.14017850864661,1,True,True,4271,False,6674,3323,45898786,174565946,45898790,174566003,0,0,1666149711,86901,distance_to_pickup,BATCH,hungarian,0,0,order,1
1666236612,83693,4047,56.43580423808985,1,True,True,774,False,6674,3323,45898317,174553837,45898261,174553830,0,0,1666149715,86897,distance_to_pickup,BATCH,hungarian,0,0,order,1
1666236612,368967,2363,80.65358020571685,1,True,True,1447,False,6674,3323,45868629,174606647,45868552,174606623,0,0,1666149793,86819,distance_to_pickup,BATCH,hungarian,0,0,order,1
1666236612,233758,2387,33.12099032335839,1,True,True,337,False,6674,3323,45884761,174635144,45884790,174635128,0,0,1666149797,86815,distance_to_pickup,BATCH,hungarian,0,0,order,1
1666236612,296710,2880,63.41135544995076,1,True,True,558,False,6674,3323,45885544,174543242,45885505,174543192,0,0,1666149826,86786,distance_to_pickup,BATCH,hungarian,0,0,order,1
1666236612,61612,3820,51.66236541235796,1,True,True,62,False,6674,3323,45887505,174553677,45887467,174553712,0,0,1666149830,86782,distance_to_pickup,BATCH,hungarian,0,0,order,1
1666236612,486323,2595,93.72299611087985,1,True,True,4137,False,6674,3323,45871345,174543296,45871405,174543368,0,0,1666149880,86732,distance_to_pickup,BATCH,hungarian,0,0,order,1
1666236612,338390,279,45.5411901469428,1,True,True,2426,False,6674,3323,45924121,174521831,45924164,174521846,0,0,1666149880,86732,distance_to_pickup,BATCH,hungarian,0,0,order,1
1666236612,305155,3824,78.00640999302557,1,True,True,570,False,6674,3323,45879192,174649067,45879129,174649021,0,0,1666149885,86727,distance_to_pickup,BATCH,hungarian,0,0,order,1
1666236612,475912,1075,75.0066663703967,1,True,True,160,False,6674,3323,45868686,174556827,45868611,174556828,0,0,1666149950,86662,distance_to_pickup,BATCH,hungarian,0,0,order,1
1666236612,441643,2803,84.21995013059554,1,True,True,592,False,6674,3323,46043587,174939345,46043530,174939407,0,0,1666149957,86655,distance_to_pickup,BATCH,hungarian,0,0,order,1
1666236612,468081,3488,69.81403870282824,1,True,True,3341,False,6674,3323,45861577,174584561,45861620,174584506,0,0,1666149962,86650,distance_to_pickup,BATCH,hungarian,0,0,order,1
1666236612,299498,174,66.48308055437865,1,True,True,272,False,6674,3323,45920123,174542534,45920099,174542472,0,0,1666149970,86642,distance_to_pickup,BATCH,hungarian,0,0,order,1
1666236612,186792,220,75.45197147855052,1,True,True,43,False,6674,3323,45874643,174648159,45874581,174648116,0,0,1666149975,86637,distance_to_pickup,BATCH,hungarian,0,0,order,1
1666236612,271247,3063,26.40075756488817,1,True,True,2662,False,6674,3323,45919710,174542209,45919726,174542188,0,0,1666149991,86621,distance_to_pickup,BATCH,hungarian,0,0,order,1
1666236612,242559,1129,33.60059523282288,1,True,True,2055,False,6674,3323,45892879,174567270,45892859,174567243,0,0,1666149994,86618,distance_to_pickup,BATCH,hungarian,0,0,order,1
1666236612,438917,1269,63.00793600809346,1,True,True,325,False,6674,3323,45906306,174528446,45906255,174528409,0,0,1666149997,86615,distance_to_pickup,BATCH,hungarian,0,0,order,1
1666236612,548770,3055,87.78382538941898,1,True,True,500,False,6674,3323,46052420,174943340,46052361,174943405,0,0,1666149999,86613,distance_to_pickup,BATCH,hungarian,0,0,order,1
1666236612,388006,3511,60.60528029800704,1,True,True,4068,False,6674,3323,45880073,174650698,45880025,174650735,0,0,1666150002,86610,distance_to_pickup,BATCH,hungarian,0,0,order,1
1666236612,55394,120,92.61209424259879,1,True,True,3037,False,6674,3323,46052403,174942944,46052319,174942905,0,0,1666150166,86446,distance_to_pickup,BATCH,hungarian,0,0,order,1
1666236612,180946,1780,69.81403870282824,1,True,True,548,False,6674,3323,45905899,174526998,45905844,174527041,0,0,1666150170,86442,distance_to_pickup,BATCH,hungarian,0,0,order,1
1666236612,251234,2279,93.14504817756014,1,True,True,2616,False,6674,3323,45892879,174567270,45892903,174567180,0,0,1666150172,86440,distance_to_pickup,BATCH,hungarian,0,0,order,1
1666236612,512354,1108,74.02702209328699,1,True,True,162,False,6674,3323,45871376,174543186,45871374,174543260,0,0,1666150180,86432,distance_to_pickup,BATCH,hungarian,0,0,order,1
1666236612,180948,189,66.48308055437865,1,True,True,3476,False,6674,3323,45846475,174587390,45846521,174587342,0,0,1666150181,86431,distance_to_pickup,BATCH,hungarian,0,0,order,1
1666236612,462738,1317,98.48857801796105,1,True,True,1021,False,6674,3323,45820061,174523559,45820101,174523469,0,0,1666150181,86431,distance_to_pickup,BATCH,hungarian,0,0,order,1
1666236612,251562,591,85.0,1,True,True,520,False,6674,3323,45893029,174566928,45892961,174566877,0,0,1666235355,1257,distance_to_pickup,BATCH,hungarian,0,0,order,1
1666236612,484002,2116,22.02271554554524,1,True,True,3279,False,6674,3323,45896259,174552883,45896276,174552897,0,0,1666235418,1194,distance_to_pickup,BATCH,hungarian,0,0,order,1
1666236612,463061,707,87.66413177577246,1,True,True,189,False,6674,3323,45846432,174587366,45846385,174587440,0,0,1666235493,1119,distance_to_pickup,BATCH,hungarian,0,0,order,1
1666236612,431250,1259,89.44271909999159,1,True,True,2219,False,6674,3323,45845547,174552747,45845459,174552763,0,0,1666235560,1052,distance_to_pickup,BATCH,hungarian,0,0,order,1
1666236612,123730,532,25.553864678361276,1,True,True,3813,False,6674,3323,45910049,174524578,45910027,174524591,0,0,1666235624,988,distance_to_pickup,BATCH,hungarian,0,0,order,1
1666236612,36517,2899,76.15773105863909,1,True,True,674,False,6674,3323,45896148,174555744,45896074,174555762,0,0,1666235898,714,distance_to_pickup,BATCH,hungarian,0,0,order,1
1666236612,369267,372,38.48376280978771,1,True,True,1462,False,6674,3323,45879819,174546573,45879854,174546589,0,0,1666235940,672,distance_to_pickup,BATCH,hungarian,0,0,order,1
1666236612,530913,467,62.433965115151864,1,True,True,2328,False,6674,3323,45858948,174555793,45858895,174555760,0,0,1666235946,666,distance_to_pickup,BATCH,hungarian,0,0,order,1
1666236612,327723,1367,69.46221994724903,1,True,True,3875,False,6674,3323,45897503,174566030,45897567,174566057,0,0,1666236005,607,distance_to_pickup,BATCH,hungarian,0,0,order,1
1666236612,39687,2206,63.631753079732135,1,True,True,1577,False,6674,3323,45870242,174595530,45870187,174595562,0,0,1666236051,561,distance_to_pickup,BATCH,hungarian,0,0,order,1
1666236612,163219,3167,75.47184905645283,1,True,True,1462,False,6674,3323,45879819,174546573,45879883,174546533,0,0,1666236079,533,distance_to_pickup,BATCH,hungarian,0,0,order,1
1666236612,163218,4464,20.248456731316587,1,True,True,569,False,6674,3323,45860511,174572406,45860494,174572395,0,0,1666236139,473,distance_to_pickup,BATCH,hungarian,0,0,order,1
1666236612,546469,69,91.41115905621152,1,True,True,674,False,6674,3323,45896150,174555690,45896134,174555600,0,0,1666236193,419,distance_to_pickup,BATCH,hungarian,0,0,order,1
1666236612,374796,4244,35.17101079013795,1,True,True,1525,False,6674,3323,45905887,174531133,45905896,174531099,0,0,1666236269,343,distance_to_pickup,BATCH,hungarian,0,0,order,1
1666236612,277279,887,95.34149149242423,1,True,True,4351,False,6674,3323,45894039,174584286,45894018,174584379,0,0,1666236283,329,distance_to_pickup,BATCH,hungarian,0,0,order,1
1666236612,184218,823,37.8021163428716,1,True,True,1373,False,6674,3323,45899979,174569978,45899956,174569948,0,0,1666236316,296,distance_to_pickup,BATCH,hungarian,0,0,order,1
1666236612,369268,2889,79.05694150420949,1,True,True,965,False,6674,3323,45905857,174530407,45905936,174530404,0,0,1666236340,272,distance_to_pickup,BATCH,hungarian,0,0,order,1
1666236612,549063,2311,46.52956049652737,1,True,True,412,False,6674,3323,45896150,174555690,45896191,174555668,0,0,1666236360,252,distance_to_pickup,BATCH,hungarian,0,0,order,1
1666236612,288660,1274,19.1049731745428,1,True,True,2172,False,6674,3323,45880173,174546649,45880187,174546662,0,0,1666236462,150,distance_to_pickup,BATCH,hungarian,0,0,order,1
1666236612,260196,2793,59.033888572581766,1,True,True,3358,False,6674,3323,45880249,174546573,45880196,174546547,0,0,1666236596,16,distance_to_pickup,BATCH,hungarian,0,0,order,1
1666236612,4374,1608,45.79301256742124,1,True,True,1650,False,6674,3323,45880376,174650688,45880400,174650727,0,0,1666236052,560,distance_to_pickup,BATCH,hungarian,0,0,order,1
1666236612,132884,3369,98.37174391053561,1,True,True,2015,False,6674,3323,45920947,174542656,45920853,174542627,0,0,1666234267,2345,distance_to_pickup,BATCH,hungarian,0,0,order,1
1666236612,132905,4772,25.96150997149434,1,True,True,1599,False,6674,3323,45859780,174572470,45859805,174572477,0,0,1666235554,1058,distance_to_pickup,BATCH,hungarian,0,0,order,1
1666236612,470997,3506,91.706052144883,1,True,True,916,False,6674,3323,45847438,174551810,45847399,174551727,0,0,1666236030,582,distance_to_pickup,BATCH,hungarian,0,0,order,1
1666236612,515233,1380,58.309518948453004,1,True,True,1640,False,6674,3323,45846251,174554751,45846221,174554801,0,0,1666235816,796,distance_to_pickup,BATCH,hungarian,0,0,order,1
1666236612,316731,821,38.3275357934736,1,True,True,1289,False,6674,3323,45887304,174545246,45887314,174545283,0,0,1666236088,524,distance_to_pickup,BATCH,hungarian,0,0,order,1
1666236612,160203,2518,32.7566787083184,1,True,True,3385,False,6674,3323,45896123,174555589,45896140,174555561,0,0,1666236415,197,distance_to_pickup,BATCH,hungarian,0,0,order,1
1666236612,87126,671,98.08669634563088,1,True,True,1546,False,6674,3323,45864108,174582488,45864018,174582527,0,0,1666236273,339,distance_to_pickup,BATCH,hungarian,0,0,order,1
1666236612,198873,1210,41.593268686170845,1,True,True,2730,False,6674,3323,45880173,174546649,45880154,174546612,0,0,1666236556,56,distance_to_pickup,BATCH,hungarian,0,0,order,1
1666236612,294277,1012,52.80151512977634,1,True,True,2852,False,6674,3323,45920947,174542656,45920989,174542688,0,0,1666236569,43,distance_to_pickup,BATCH,hungarian,0,0,order,1
1666236612,228359,103,34.785054261852174,1,True,True,1212,False,6674,3323,45896150,174555690,45896117,174555701,0,0,1666236555,57,distance_to_pickup,BATCH,hungarian,0,0,order,1
1666236612,84031,1131,55.90169943749474,1,True,True,1863,False,6674,3323,45896138,174553025,45896193,174553035,0,0,1666236381,231,distance_to_pickup,BATCH,hungarian,0,0,order,1
1666236612,543862,4070,99.12618221237011,1,True,True,3125,False,6674,3323,45860600,174572406,45860595,174572505,0,0,1666236139,473,distance_to_pickup,BATCH,hungarian,0,0,order,1
1666236612,504829,832,9.219544457292887,1,True,True,1432,False,6674,3323,45874747,174650084,45874753,174650077,0,0,1666236566,46,distance_to_pickup,BATCH,hungarian,0,0,order,1
1666236612,151110,3798,46.52956049652737,1,True,True,1567,False,6674,3323,45879819,174546573,45879865,174546566,0,0,1666236448,164,distance_to_pickup,BATCH,hungarian,0,0,order,1
1666236612,436585,3315,25.317977802344327,1,True,True,3722,False,6674,3323,45921142,174542028,45921167,174542032,0,0,1666236547,65,distance_to_pickup,BATCH,hungarian,0,0,order,1
1666236612,349833,3981,88.05679985100527,1,True,True,1432,False,6674,3323,45875003,174650396,45874980,174650311,0,0,1666236548,64,distance_to_pickup,BATCH,hungarian,0,0,order,1
1666236612,380111,1014,85.90692637965812,1,True,True,1376,False,6674,3323,45896831,174552975,45896813,174552891,0,0,1666236570,42,distance_to_pickup,BATCH,hungarian,0,0,order,1
1666236612,17348,3034,91.7877987534291,1,True,True,1192,False,6674,3323,45894760,174555551,45894680,174555596,0,0,1666236479,133,distance_to_pickup,BATCH,hungarian,0,0,order,1
1666236612,55766,3449,91.7877987534291,1,True,True,1192,False,6674,3323,45894760,174555551,45894715,174555471,0,0,1666236114,498,distance_to_pickup,BATCH,hungarian,0,0,order,1
1666236612,7667,2,16.76305461424021,1,True,True,452,False,6674,3323,45868547,174574529,45868531,174574534,0,0,1666236572,40,distance_to_pickup,BATCH,hungarian,0,0,order,1
1666236612,184219,2506,82.365041127896,1,True,True,1032,False,6674,3323,45885386,174582559,45885426,174582631,0,0,1666236457,155,distance_to_pickup,BATCH,hungarian,0,0,order,1
1666236612,528289,987,78.84795495128583,1,True,True,544,False,6674,3323,45909170,174543120,45909246,174543141,0,0,1666236543,69,distance_to_pickup,BATCH,hungarian,0,0,order,1
1666236612,90,3589,33.24154027718932,1,True,False,84,False,6674,3323,45867766,174566793,45867735,174566805,0,0,1665976772,259840,distance_to_pickup,BATCH,hungarian,0,0,order,1
1666236612,95405,2894,72.94518489934754,1,True,False,266,False,6674,3323,45877890,174578340,45877951,174578300,0,0,1665976825,259787,distance_to_pickup,BATCH,hungarian,0,0,order,1
1666236612,509057,695,79.83107164506812,1,True,False,1190,False,6674,3323,45860696,174563613,45860679,174563535,0,0,1665977187,259425,distance_to_pickup,BATCH,hungarian,0,0,order,1
1666236612,236407,3857,84.02380615040002,1,True,False,3057,False,6674,3323,45876580,174545960,45876646,174545908,0,0,1666063356,173256,distance_to_pickup,BATCH,hungarian,0,0,order,1
1666236612,73752,186,53.48831648126533,1,True,False,1705,False,6674,3323,45874202,174647525,45874152,174647544,0,0,1666063463,173149,distance_to_pickup,BATCH,hungarian,0,0,order,1
1666236612,441306,1159,61.1310068623117,1,True,False,164,False,6674,3323,45874484,174576321,45874423,174576325,0,0,1666063469,173143,distance_to_pickup,BATCH,hungarian,0,0,order,1
1666236612,517231,161,80.62257748298549,1,True,False,2894,False,6674,3323,45875471,174545336,45875413,174545280,0,0,1666063610,173002,distance_to_pickup,BATCH,hungarian,0,0,order,1
1666236612,207053,1194,67.47592163134935,1,True,False,1214,False,6674,3323,45921088,174542209,45921045,174542261,0,0,1666063671,172941,distance_to_pickup,BATCH,hungarian,0,0,order,1
1666236612,498925,3949,73.92563831310488,1,True,False,690,False,6674,3323,45856856,174575762,45856819,174575826,0,0,1666063772,172840,distance_to_pickup,BATCH,hungarian,0,0,order,1
1666236612,409633,1999,92.30926280715278,1,True,False,412,False,6674,3323,45898317,174553837,45898232,174553873,0,0,1666149473,87139,distance_to_pickup,BATCH,hungarian,0,0,order,1
1666236612,396130,1453,96.89685237405806,1,True,False,1221,False,6674,3323,45877827,174578601,45877744,174578551,0,0,1666149789,86823,distance_to_pickup,BATCH,hungarian,0,0,order,1
1666236612,210479,454,66.70832032063167,1,True,False,3524,False,6674,3323,45919543,174542267,45919528,174542332,0,0,1666149790,86822,distance_to_pickup,BATCH,hungarian,0,0,order,1
1666236612,93015,1986,74.09453421137081,1,True,False,337,False,6674,3323,45880680,174634390,45880617,174634429,0,0,1666149974,86638,distance_to_pickup,BATCH,hungarian,0,0,order,1
1666236612,369237,3009,59.39696961966999,1,True,False,671,False,6674,3323,45864108,174582488,45864066,174582446,0,0,1666232002,4610,distance_to_pickup,BATCH,hungarian,0,0,order,1
1666236612,102663,1957,28.0178514522438,1,True,False,1825,False,6674,3323,45912607,174588126,45912630,174588142,0,0,1666235052,1560,distance_to_pickup,BATCH,hungarian,0,0,order,1
1666236612,543863,1507,15.132745950421556,1,True,False,2022,False,6674,3323,45894844,174555275,45894829,174555273,0,0,1666236272,340,distance_to_pickup,BATCH,hungarian,0,0,order,1
1666236612,260193,1415,73.49829930005184,1,True,False,3264,False,6674,3323,46052420,174943340,46052379,174943401,0,0,1666236274,338,distance_to_pickup,BATCH,hungarian,0,0,order,1
1666236612,132920,2807,39.81205847478876,1,True,False,3782,False,6674,3323,45885892,174563248,45885928,174563265,0,0,1666236475,137,distance_to_pickup,BATCH,hungarian,0,0,order,1
1666236612,145107,674,54.817880294662984,1,True,False,2288,False,6674,3323,45896150,174555690,45896097,174555676,0,0,1666236512,100,distance_to_pickup,BATCH,hungarian,0,0,order,1
1666322707,279196,1512,47.01063709417264,1,True,True,3718,False,7271,3753,45864785,174580827,45864804,174580784,0,0,1665976547,346160,distance_to_pickup,BATCH,hungarian,0,0,order,1
1666322707,177197,1347,87.6184911990614,1,True,True,262,False,7271,3753,45859122,174540364,45859176,174540433,0,0,1665976592,346115,distance_to_pickup,BATCH,hungarian,0,0,order,1
1666322707,540425,516,29.832867780352597,1,True,True,1184,False,7271,3753,45865381,174556304,45865358,174556285,0,0,1665976689,346018,distance_to_pickup,BATCH,hungarian,0,0,order,1
1666322707,174193,1712,46.61544808322666,1,True,True,268,False,7271,3753,45907759,174546285,45907786,174546323,0,0,1665976741,345966,distance_to_pickup,BATCH,hungarian,0,0,order,1
1666322707,550661,1698,59.93329625508679,1,True,True,369,False,7271,3753,45902813,174555825,45902787,174555879,0,0,1665976763,345944,distance_to_pickup,BATCH,hungarian,0,0,order,1
1666322707,70303,2213,59.413803110051795,1,True,True,4205,False,7271,3753,45832673,174539284,45832716,174539325,0,0,1665976878,345829,distance_to_pickup,BATCH,hungarian,0,0,order,1
1666322707,267686,1091,79.64923100695951,1,True,True,130,False,7271,3753,45848681,174583880,45848631,174583818,0,0,1665976905,345802,distance_to_pickup,BATCH,hungarian,0,0,order,1
1666322707,76558,432,99.64436762808022,1,True,True,433,False,7271,3753,45873040,174625865,45873125,174625917,0,0,1665976959,345748,distance_to_pickup,BATCH,hungarian,0,0,order,1
1666322707,348810,943,5.0990195135927845,1,True,True,672,False,7271,3753,45861817,174582376,45861816,174582381,0,0,1665976982,345725,distance_to_pickup,BATCH,hungarian,0,0,order,1
1666322707,406338,2674,83.93449827097318,1,True,True,3984,False,7271,3753,45859820,174571190,45859789,174571268,0,0,1665977015,345692,distance_to_pickup,BATCH,hungarian,0,0,order,1
1666322707,376544,1470,72.24956747275377,1,True,True,848,False,7271,3753,45874819,174607415,45874765,174607367,0,0,1665977051,345656,distance_to_pickup,BATCH,hungarian,0,0,order,1
1666322707,475321,492,63.7808748764079,1,True,True,749,False,7271,3753,45896259,174552883,45896307,174552925,0,0,1665977068,345639,distance_to_pickup,BATCH,hungarian,0,0,order,1
1666322707,218641,878,71.06335201775947,1,True,True,1601,False,7271,3753,45920811,174542956,45920766,174543011,0,0,1665977082,345625,distance_to_pickup,BATCH,hungarian,0,0,order,1
1666322707,89126,1773,81.02468759581859,1,True,True,1251,False,7271,3753,45889630,174546285,45889549,174546283,0,0,1665977089,345618,distance_to_pickup,BATCH,hungarian,0,0,order,1
1666322707,128720,1048,78.81624198095213,1,True,True,2173,False,7271,3753,45894039,174584286,45893993,174584222,0,0,1665977094,345613,distance_to_pickup,BATCH,hungarian,0,0,order,1
1666322707,262063,3114,45.044422518220834,1,True,True,1061,False,7271,3753,45892850,174552390,45892852,174552435,0,0,1665977144,345563,distance_to_pickup,BATCH,hungarian,0,0,order,1
1666322707,435629,3636,63.60031446463138,1,True,True,1466,False,7271,3753,45873270,174545902,45873321,174545940,0,0,1665977192,345515,distance_to_pickup,BATCH,hungarian,0,0,order,1
1666322707,553221,3111,92.89241088485109,1,True,True,2097,False,7271,3753,45890505,174528240,45890482,174528330,0,0,1665977195,345512,distance_to_pickup,BATCH,hungarian,0,0,order,1
1666322707,25845,2146,38.58756276314948,1,True,True,1114,False,7271,3753,45887997,174533308,45888017,174533275,0,0,1665977195,345512,distance_to_pickup,BATCH,hungarian,0,0,order,1
1666322707,287658,833,23.021728866442675,1,True,True,606,False,7271,3753,45860020,174580680,45860043,174580681,0,0,1665977195,345512,distance_to_pickup,BATCH,hungarian,0,0,order,1
1666322707,284886,2441,28.42534080710379,1,True,True,672,False,7271,3753,45861655,174583536,45861633,174583518,0,0,1665977223,345484,distance_to_pickup,BATCH,hungarian,0,0,order,1
1666322707,284894,540,97.67292357659824,1,True,True,266,False,7271,3753,45878035,174578011,45877939,174577993,0,0,1665977373,345334,distance_to_pickup,BATCH,hungarian,0,0,order,1
1666322707,92271,3712,8.602325267042627,1,True,True,1190,False,7271,3753,45860696,174563613,45860691,174563620,0,0,1665977379,345328,distance_to_pickup,BATCH,hungarian,0,0,order,1
1666322707,298828,747,84.38009243891595,1,True,True,1870,False,7271,3753,45871385,174543563,45871301,174543571,0,0,1665977380,345327,distance_to_pickup,BATCH,hungarian,0,0,order,1
1666322707,346370,2971,61.587336360651285,1,True,True,3059,False,7271,3753,45910563,174526358,45910596,174526306,0,0,1666058916,263791,distance_to_pickup,BATCH,hungarian,0,0,order,1
1666322707,42148,2880,64.35060217278468,1,True,True,423,False,7271,3753,45886802,174544898,45886837,174544952,0,0,1666062633,260074,distance_to_pickup,BATCH,hungarian,0,0,order,1
1666322707,422596,987,63.324560795950255,1,True,True,330,False,7271,3753,45910030,174526320,45910013,174526259,0,0,1666062886,259821,distance_to_pickup,BATCH,hungarian,0,0,order,1
1666322707,438590,1122,85.58621384311844,1,True,True,2973,False,7271,3753,45912017,174526299,45912027,174526214,0,0,1666062919,259788,distance_to_pickup,BATCH,hungarian,0,0,order,1
1666322707,504212,2714,96.13532129243653,1,True,True,2507,False,7271,3753,45907150,174570600,45907119,174570509,0,0,1666063020,259687,distance_to_pickup,BATCH,hungarian,0,0,order,1
1666322707,285201,3625,20.248456731316587,1,True,True,541,False,7271,3753,45887997,174533308,45888016,174533301,0,0,1666063206,259501,distance_to_pickup,BATCH,hungarian,0,0,order,1
1666322707,189409,2121,85.84287972802403,1,True,True,1987,False,7271,3753,45867117,174556837,45867129,174556752,0,0,1666063226,259481,distance_to_pickup,BATCH,hungarian,0,0,order,1
1666322707,227665,2568,51.03920062069938,1,True,True,3751,False,7271,3753,45866359,174536720,45866357,174536771,0,0,1666063227,259480,distance_to_pickup,BATCH,hungarian,0,0,order,1
1666322707,262384,1459,69.31089380465383,1,True,True,2078,False,7271,3753,45859404,174571414,45859452,174571464,0,0,1666063244,259463,distance_to_pickup,BATCH,hungarian,0,0,order,1
1666322707,141311,73,57.38466694161429,1,True,True,1499,False,7271,3753,45866326,174602374,45866283,174602336,0,0,1666063272,259435,distance_to_pickup,BATCH,hungarian,0,0,order,1
1666322707,16526,2549,79.19595949289332,1,True,True,3169,False,7271,3753,45859736,174548428,45859680,174548372,0,0,1666063290,259417,distance_to_pickup,BATCH,hungarian,0,0,order,1
1666322707,227664,63,82.85529554590944,1,True,True,407,False,7271,3753,45895784,174554868,45895860,174554901,0,0,1666063300,259407,distance_to_pickup,BATCH,hungarian,0,0,order,1
1666322707,354759,2144,11.661903789690601,1,True,True,4347,False,7271,3753,45919700,174542450,45919710,174542444,0,0,1666063321,259386,distance_to_pickup,BATCH,hungarian,0,0,order,1
1666322707,346406,386,81.2219182240853,1,True,True,1785,False,7271,3753,45867835,174566940,45867754,174566946,0,0,1666063332,259375,distance_to_pickup,BATCH,hungarian,0,0,order,1
1666322707,144364,2504,86.37129152675674,1,True,True,254,False,7271,3753,45877540,174579160,45877532,174579246,0,0,1666063335,259372,distance_to_pickup,BATCH,hungarian,0,0,order,1
1666322707,153421,511,48.46648326421054,1,True,True,1193,False,7271,3753,45907630,174567904,45907612,174567859,0,0,1666063377,259330,distance_to_pickup,BATCH,hungarian,0,0,order,1
1666322707,452060,1389,47.43416490252569,1,True,True,407,False,7271,3753,45895784,174554868,45895823,174554841,0,0,1666063382,259325,distance_to_pickup,BATCH,hungarian,0,0,order,1
1666322707,351958,3514,51.0098029794274,1,True,True,1064,False,7271,3753,45906843,174571930,45906894,174571931,0,0,1666063437,259270,distance_to_pickup,BATCH,hungarian,0,0,order,1
1666322707,417303,2132,95.25754563287887,1,True,True,1454,False,7271,3753,45856330,174579593,45856323,174579688,0,0,1666063460,259247,distance_to_pickup,BATCH,hungarian,0,0,order,1
1666322707,427872,112,61.741396161732524,1,True,True,1190,False,7271,3753,45866511,174563245,45866567,174563271,0,0,1666063461,259246,distance_to_pickup,BATCH,hungarian,0,0,order,1
1666322707,265144,964,36.05551275463989,1,True,True,1756,False,7271,3753,45904029,174588246,45904063,174588258,0,0,1666063463,259244,distance_to_pickup,BATCH,hungarian,0,0,order,1
1666322707,273705,2404,47.43416490252569,1,True,True,3476,False,7271,3753,45856330,174579593,45856369,174579620,0,0,1666063465,259242,distance_to_pickup,BATCH,hungarian,0,0,order,1
1666322707,382157,459,52.354560450833695,1,True,True,2384,False,7271,3753,46052240,174936640,46052194,174936665,0,0,1666063472,259235,distance_to_pickup,BATCH,hungarian,0,0,order,1
1666322707,556121,309,12.041594578792296,1,True,True,3039,False,7271,3753,45907630,174567904,45907631,174567916,0,0,1666063504,259203,distance_to_pickup,BATCH,hungarian,0,0,order,1
1666322707,307651,2679,84.52810183601665,1,True,True,925,False,7271,3753,45912320,174519710,45912396,174519747,0,0,1666063523,259184,distance_to_pickup,BATCH,hungarian,0,0,order,1
1666322707,177510,2515,31.304951684997057,1,True,True,427,False,7271,3753,45892851,174567077,45892879,174567091,0,0,1666063545,259162,distance_to_pickup,BATCH,hungarian,0,0,order,1
1666322707,425298,2999,79.1580697086532,1,True,True,2882,False,7271,3753,45766255,174567172,45766184,174567207,0,0,1666063572,259135,distance_to_pickup,BATCH,hungarian,0,0,order,1
1666322707,141310,1286,87.46427842267951,1,True,True,244,False,7271,3753,45872595,174584692,45872604,174584779,0,0,1666063579,259128,distance_to_pickup,BATCH,hungarian,0,0,order,1
1666322707,201157,1322,44.82186966202994,1,True,True,604,False,7271,3753,45876300,174545760,45876265,174545788,0,0,1666063583,259124,distance_to_pickup,BATCH,hungarian,0,0,order,1
1666322707,262389,515,83.86894538504703,1,True,True,3997,False,7271,3753,45889647,174545036,45889582,174544983,0,0,1666063584,259123,distance_to_pickup,BATCH,hungarian,0,0,order,1
1666322707,58110,271,68.00735254367721,1,True,True,628,False,7271,3753,45765106,174572219,45765105,174572287,0,0,1666063586,259121,distance_to_pickup,BATCH,hungarian,0,0,order,1
1666322707,126054,623,57.38466694161429,1,True,True,3090,False,7271,3753,45885966,174562316,45885923,174562354,0,0,1666063613,259094,distance_to_pickup,BATCH,hungarian,0,0,order,1
1666322707,207053,1194,67.47592163134935,1,True,True,1214,False,7271,3753,45921088,174542209,45921045,174542261,0,0,1666063671,259036,distance_to_pickup,BATCH,hungarian,0,0,order,1
1666322707,483366,1345,55.758407437802596,1,True,True,241,False,7271,3753,46047194,174938821,46047164,174938868,0,0,1666063687,259020,distance_to_pickup,BATCH,hungarian,0,0,order,1
1666322707,70661,1670,43.829214001622255,1,True,True,1259,False,7271,3753,45869887,174606892,45869926,174606872,0,0,1666063718,258989,distance_to_pickup,BATCH,hungarian,0,0,order,1
1666322707,493769,1707,7.810249675906654,1,True,True,2577,False,7271,3753,45912320,174519710,45912325,174519704,0,0,1666063750,258957,distance_to_pickup,BATCH,hungarian,0,0,order,1
1666322707,165576,538,85.44003745317531,1,True,True,1185,False,7271,3753,45895683,174554863,45895601,174554839,0,0,1666063764,258943,distance_to_pickup,BATCH,hungarian,0,0,order,1
1666322707,304818,3280,39.05124837953327,1,True,True,2547,False,7271,3753,45868780,174606590,45868750,174606615,0,0,1666063768,258939,distance_to_pickup,BATCH,hungarian,0,0,order,1
1666322707,401274,2998,91.7877987534291,1,True,True,513,False,7271,3753,45866326,174602374,45866363,174602290,0,0,1666063769,258938,distance_to_pickup,BATCH,hungarian,0,0,order,1
1666322707,216082,3588,77.62087348130012,1,True,True,2977,False,7271,3753,45879880,174535820,45879819,174535772,0,0,1666063790,258917,distance_to_pickup,BATCH,hungarian,0,0,order,1
1666322707,80545,1238,87.20665112249179,1,True,True,486,False,7271,3753,45860863,174572580,45860806,174572514,0,0,1666145654,177053,distance_to_pickup,BATCH,hungarian,0,0,order,1
1666322707,404242,1395,72.71863585079137,1,True,True,2208,False,7271,3753,45830770,174561358,45830832,174561396,0,0,1666145831,176876,distance_to_pickup,BATCH,hungarian,0,0,order,1
1666322707,509703,3901,94.54099639838793,1,True,True,4151,False,7271,3753,45832197,174583138,45832234,174583225,0,0,1666148783,173924,distance_to_pickup,BATCH,hungarian,0,0,order,1
1666322707,321915,1516,42.579337712087536,1,True,True,746,False,7271,3753,45860804,174548317,45860846,174548324,0,0,1666148865,173842,distance_to_pickup,BATCH,hungarian,0,0,order,1
1666322707,92997,832,67.11929677819934,1,True,True,1889,False,7271,3753,45883731,174631022,45883798,174631018,0,0,1666148974,173733,distance_to_pickup,BATCH,hungarian,0,0,order,1
1666322707,248382,2707,31.400636936215164,1,True,True,4126,False,7271,3753,45885757,174583286,45885726,174583291,0,0,1666149218,173489,distance_to_pickup,BATCH,hungarian,0,0,order,1
1666322707,285533,2298,54.48853090330111,1,True,True,2395,False,7271,3753,46053042,174946903,46053002,174946866,0,0,1666149255,173452,distance_to_pickup,BATCH,hungarian,0,0,order,1
1666322707,141657,488,88.58893836140041,1,True,True,1534,False,7271,3753,45922878,174552100,45922956,174552058,0,0,1666149407,173300,distance_to_pickup,BATCH,hungarian,0,0,order,1
1666322707,344031,3235,24.331050121192877,1,True,True,1261,False,7271,3753,45880065,174546669,45880061,174546645,0,0,1666149469,173238,distance_to_pickup,BATCH,hungarian,0,0,order,1
1666322707,379772,4300,77.10382610480494,1,True,True,2504,False,7271,3753,45880110,174548040,45880034,174548053,0,0,1666149518,173189,distance_to_pickup,BATCH,hungarian,0,0,order,1
1666322707,478591,4623,28.0178514522438,1,True,True,595,False,7271,3753,45822976,174546904,45822975,174546876,0,0,1666149550,173157,distance_to_pickup,BATCH,hungarian,0,0,order,1
1666322707,171909,3949,73.92563831310488,1,True,True,790,False,7271,3753,45856856,174575762,45856819,174575826,0,0,1666149573,173134,distance_to_pickup,BATCH,hungarian,0,0,order,1
1666322707,129446,203,68.00735254367721,1,True,True,3815,False,7271,3753,45874673,174648146,45874650,174648082,0,0,1666149576,173131,distance_to_pickup,BATCH,hungarian,0,0,order,1
1666322707,147730,989,68.8839603971781,1,True,True,1261,False,7271,3753,45880065,174546669,45880021,174546722,0,0,1666149611,173096,distance_to_pickup,BATCH,hungarian,0,0,order,1
1666322707,374487,3718,45.09988913511872,1,True,True,4329,False,7271,3753,45867880,174573167,45867925,174573170,0,0,1666149646,173061,distance_to_pickup,BATCH,hungarian,0,0,order,1
1666322707,310860,2561,58.18934610390462,1,True,True,654,False,7271,3753,45857789,174567827,45857844,174567846,0,0,1666149666,173041,distance_to_pickup,BATCH,hungarian,0,0,order,1
1666322707,165929,638,94.54099639838793,1,True,True,3378,False,7271,3753,45848516,174551348,45848423,174551365,0,0,1666149666,173041,distance_to_pickup,BATCH,hungarian,0,0,order,1
1666322707,274047,494,19.1049731745428,1,True,True,409,False,7271,3753,45856330,174579593,45856316,174579606,0,0,1666149701,173006,distance_to_pickup,BATCH,hungarian,0,0,order,1
1666322707,462728,92,75.0066663703967,1,True,True,2971,False,7271,3753,45920795,174542499,45920744,174542444,0,0,1666149752,172955,distance_to_pickup,BATCH,hungarian,0,0,order,1
1666322707,52233,1669,80.26207074328447,1,True,True,578,False,7271,3753,45863075,174584065,45863116,174584134,0,0,1666149766,172941,distance_to_pickup,BATCH,hungarian,0,0,order,1
1666322707,256948,3035,33.301651610693426,1,True,True,3116,False,7271,3753,45866079,174600663,45866057,174600688,0,0,1666149771,172936,distance_to_pickup,BATCH,hungarian,0,0,order,1
1666322707,396130,957,94.51454914456292,1,True,True,1221,False,7271,3753,45877827,174578601,45877745,174578554,0,0,1666149789,172918,distance_to_pickup,BATCH,hungarian,0,0,order,1
1666322707,507102,1416,13.038404810405298,1,True,True,1272,False,7271,3753,45865320,174556750,45865307,174556751,0,0,1666149830,172877,distance_to_pickup,BATCH,hungarian,0,0,order,1
1666322707,174894,2102,54.230987451824994,1,True,True,355,False,7271,3753,45859852,174565050,45859847,174564996,0,0,1666149848,172859,distance_to_pickup,BATCH,hungarian,0,0,order,1
1666322707,114378,3452,33.12099032335839,1,True,True,1077,False,7271,3753,45866359,174536720,45866343,174536749,0,0,1666149866,172841,distance_to_pickup,BATCH,hungarian,0,0,order,1
1666322707,102327,373,68.06614430096654,1,True,True,1801,False,7271,3753,45889570,174545110,45889558,174545177,0,0,1666149867,172840,distance_to_pickup,BATCH,hungarian,0,0,order,1
1666322707,412330,3550,62.96824596572466,1,True,True,578,False,7271,3753,45864620,174583120,45864577,174583074,0,0,1666149871,172836,distance_to_pickup,BATCH,hungarian,0,0,order,1
1666322707,335600,2864,97.18538984847466,1,True,True,863,False,7271,3753,45880454,174530314,45880460,174530411,0,0,1666149871,172836,distance_to_pickup,BATCH,hungarian,0,0,order,1
1666322707,491463,445,76.02631123499285,1,True,True,4410,False,7271,3753,45879274,174648294,45879308,174648226,0,0,1666149880,172827,distance_to_pickup,BATCH,hungarian,0,0,order,1
1666322707,61611,1681,44.77722635447622,1,True,True,3437,False,7271,3753,45879921,174546626,45879903,174546585,0,0,1666149889,172818,distance_to_pickup,BATCH,hungarian,0,0,order,1
1666322707,10538,3516,83.19855767980596,1,True,True,2312,False,7271,3753,45867657,174567005,45867638,174566924,0,0,1666149907,172800,distance_to_pickup,BATCH,hungarian,0,0,order,1
1666322707,401553,1063,63.90618123468183,1,True,True,2364,False,7271,3753,45879690,174648000,45879750,174648022,0,0,1666149913,172794,distance_to_pickup,BATCH,hungarian,0,0,order,1
1666322707,13724,2696,69.52697318307479,1,True,True,973,False,7271,3753,45892851,174567077,45892904,174567122,0,0,1666149950,172757,distance_to_pickup,BATCH,hungarian,0,0,order,1
1666322707,352294,3161,82.49242389456137,1,True,True,1743,False,7271,3753,45879496,174648376,45879538,174648447,0,0,1666149956,172751,distance_to_pickup,BATCH,hungarian,0,0,order,1
1666322707,80599,3233,56.00892785976178,1,True,True,2314,False,7271,3753,45869290,174575017,45869346,174575018,0,0,1666149970,172737,distance_to_pickup,BATCH,hungarian,0,0,order,1
1666322707,183876,961,84.77027781009096,1,True,True,3712,False,7271,3753,45853157,174526317,45853182,174526398,0,0,1666149978,172729,distance_to_pickup,BATCH,hungarian,0,0,order,1
1666322707,150749,4086,33.13608305156178,1,True,True,2496,False,7271,3753,45867375,174574251,45867342,174574248,0,0,1666149981,172726,distance_to_pickup,BATCH,hungarian,0,0,order,1
1666322707,198519,3608,99.15644204992432,1,True,True,1140,False,7271,3753,45903642,174618451,45903576,174618377,0,0,1666149987,172720,distance_to_pickup,BATCH,hungarian,0,0,order,1
1666322707,153809,1403,93.96275858019496,1,True,True,592,False,7271,3753,46047202,174938679,46047112,174938706,0,0,1666149988,172719,distance_to_pickup,BATCH,hungarian,0,0,order,1
1666322707,227995,2219,95.77055915050303,1,True,True,449,False,7271,3753,45859254,174579529,45859338,174579483,0,0,1666149988,172719,distance_to_pickup,BATCH,hungarian,0,0,order,1
1666322707,67912,1405,69.02897942168927,1,True,True,2621,False,7271,3753,45862956,174525742,45862887,174525744,0,0,1666149990,172717,distance_to_pickup,BATCH,hungarian,0,0,order,1
1666322707,299497,1099,97.41663102366043,1,True,True,1228,False,7271,3753,45879921,174546626,45879912,174546529,0,0,1666149996,172711,distance_to_pickup,BATCH,hungarian,0,0,order,1
1666322707,446956,1181,18.027756377319946,1,True,True,2612,False,7271,3753,45898317,174553837,45898307,174553852,0,0,1666149997,172710,distance_to_pickup,BATCH,hungarian,0,0,order,1
1666322707,344037,236,66.48308055437865,1,True,True,1505,False,7271,3753,45912554,174588070,45912536,174588134,0,0,1666149999,172708,distance_to_pickup,BATCH,hungarian,0,0,order,1
1666322707,183877,1494,13.92838827718412,1,True,True,43,False,7271,3753,45874726,174648194,45874713,174648189,0,0,1666150008,172699,distance_to_pickup,BATCH,hungarian,0,0,order,1
1666322707,409645,3426,31.622776601683793,1,True,True,4204,False,7271,3753,45920023,174542736,45920053,174542726,0,0,1666150102,172605,distance_to_pickup,BATCH,hungarian,0,0,order,1
1666322707,412334,361,86.6083136886985,1,True,True,2003,False,7271,3753,45766884,174567285,45766833,174567215,0,0,1666150170,172537,distance_to_pickup,BATCH,hungarian,0,0,order,1
1666322707,171928,1622,79.12016177940993,1,True,True,3191,False,7271,3753,45874164,174536556,45874186,174536480,0,0,1666150173,172534,distance_to_pickup,BATCH,hungarian,0,0,order,1
1666322707,271249,54,99.46356116689167,1,True,True,2716,False,7271,3753,45886643,174540024,45886665,174540121,0,0,1666150180,172527,distance_to_pickup,BATCH,hungarian,0,0,order,1
1666322707,468086,2210,21.02379604162864,1,True,True,1820,False,7271,3753,45871376,174543186,45871375,174543165,0,0,1666150201,172506,distance_to_pickup,BATCH,hungarian,0,0,order,1
1666322707,420586,3437,87.20091742636656,1,True,True,3145,False,7271,3753,45890810,174555890,45890758,174555820,0,0,1666235121,87586,distance_to_pickup,BATCH,hungarian,0,0,order,1
1666322707,61943,3408,53.36665625650534,1,True,True,3008,False,7271,3753,45868629,174606647,45868617,174606699,0,0,1666235489,87218,distance_to_pickup,BATCH,hungarian,0,0,order,1
1666322707,388329,1810,27.202941017470888,1,True,True,2595,False,7271,3753,45871385,174543563,45871369,174543541,0,0,1666235640,87067,distance_to_pickup,BATCH,hungarian,0,0,order,1
1666322707,302652,2254,14.7648230602334,1,True,True,768,False,7271,3753,45849071,174527541,45849058,174527534,0,0,1666235756,86951,distance_to_pickup,BATCH,hungarian,0,0,order,1
1666322707,192999,1751,47.50789408087881,1,True,True,2476,False,7271,3753,45905899,174526998,45905868,174527034,0,0,1666235867,86840,distance_to_pickup,BATCH,hungarian,0,0,order,1
1666322707,190100,1270,34.48187929913333,1,True,True,1571,False,7271,3753,45859780,174572470,45859747,174572480,0,0,1666235880,86827,distance_to_pickup,BATCH,hungarian,0,0,order,1
1666322707,114723,2486,84.02380615040002,1,True,True,938,False,7271,3753,45879648,174648076,45879564,174648074,0,0,1666235910,86797,distance_to_pickup,BATCH,hungarian,0,0,order,1
1666322707,74547,4038,5.656854249492381,1,True,True,610,False,7271,3753,45849644,174599543,45849648,174599539,0,0,1666235934,86773,distance_to_pickup,BATCH,hungarian,0,0,order,1
1666322707,210828,258,61.587336360651285,1,True,True,516,False,7271,3753,45866450,174536750,45866417,174536698,0,0,1666235992,86715,distance_to_pickup,BATCH,hungarian,0,0,order,1
1666322707,409953,1365,70.9365914038728,1,True,True,1382,False,7271,3753,45905899,174526998,45905953,174527044,0,0,1666236034,86673,distance_to_pickup,BATCH,hungarian,0,0,order,1
1666322707,554175,2625,84.72307831990054,1,True,True,610,False,7271,3753,45849644,174599543,45849561,174599526,0,0,1666236040,86667,distance_to_pickup,BATCH,hungarian,0,0,order,1
1666322707,333220,1019,37.12142238654117,1,True,True,1274,False,7271,3753,45879991,174546599,45880028,174546602,0,0,1666236041,86666,distance_to_pickup,BATCH,hungarian,0,0,order,1
1666322707,417986,4256,30.0,1,True,True,2523,False,7271,3753,45849071,174527541,45849047,174527523,0,0,1666236041,86666,distance_to_pickup,BATCH,hungarian,0,0,order,1
1666322707,248743,3349,85.75546629807339,1,True,True,2693,False,7271,3753,45858466,174584141,45858539,174584186,0,0,1666236050,86657,distance_to_pickup,BATCH,hungarian,0,0,order,1
1666322707,283021,3615,98.6154146165801,1,True,True,1474,False,7271,3753,45858090,174555310,45857999,174555272,0,0,1666236093,86614,distance_to_pickup,BATCH,hungarian,0,0,order,1
1666322707,412626,382,64.81512169239521,1,True,True,739,False,7271,3753,45860006,174572522,45860046,174572471,0,0,1666236142,86565,distance_to_pickup,BATCH,hungarian,0,0,order,1
1666322707,4383,2666,73.7360156233031,1,True,True,1599,False,7271,3753,45860060,174572270,45859991,174572244,0,0,1666236162,86545,distance_to_pickup,BATCH,hungarian,0,0,order,1
1666322707,450011,2051,77.80102827083971,1,True,True,3646,False,7271,3753,45859254,174579529,45859301,174579467,0,0,1666236173,86534,distance_to_pickup,BATCH,hungarian,0,0,order,1
1666322707,58897,3224,62.369864518050704,1,True,True,1076,False,7271,3753,45860060,174572270,45860047,174572209,0,0,1666236193,86514,distance_to_pickup,BATCH,hungarian,0,0,order,1
1666322707,105627,885,83.21658488546619,1,True,True,2366,False,7271,3753,45870242,174595530,45870164,174595501,0,0,1666236203,86504,distance_to_pickup,BATCH,hungarian,0,0,order,1
1666322707,468387,2774,86.83317338436964,1,True,True,3385,False,7271,3753,45896990,174553007,45896978,174552921,0,0,1666236246,86461,distance_to_pickup,BATCH,hungarian,0,0,order,1
1666322707,377510,376,19.4164878389476,1,True,True,2730,False,7271,3753,45880110,174546609,45880129,174546605,0,0,1666236259,86448,distance_to_pickup,BATCH,hungarian,0,0,order,1
1666322707,543863,3966,5.0,1,True,True,2022,False,7271,3753,45894844,174555275,45894844,174555280,0,0,1666236272,86435,distance_to_pickup,BATCH,hungarian,0,0,order,1
1666322707,17337,1304,96.82974749528164,1,True,True,706,False,7271,3753,45884892,174635297,45884952,174635221,0,0,1666236277,86430,distance_to_pickup,BATCH,hungarian,0,0,order,1
1666322707,242895,3076,94.51454914456292,1,True,True,863,False,7271,3753,45907108,174570368,45907190,174570415,0,0,1666236287,86420,distance_to_pickup,BATCH,hungarian,0,0,order,1
1666322707,382820,3706,91.2414379544733,1,True,True,938,False,7271,3753,45879637,174648216,45879727,174648231,0,0,1666236291,86416,distance_to_pickup,BATCH,hungarian,0,0,order,1
1666322707,415272,1689,80.61017305526642,1,True,True,4106,False,7271,3753,45885204,174593441,45885147,174593498,0,0,1666236333,86374,distance_to_pickup,BATCH,hungarian,0,0,order,1
1666322707,234103,809,50.774009099144415,1,True,True,660,False,7271,3753,45884516,174581843,45884543,174581886,0,0,1666236370,86337,distance_to_pickup,BATCH,hungarian,0,0,order,1
1666322707,195984,60,95.56673061269805,1,True,True,1004,False,7271,3753,45876422,174545685,45876400,174545592,0,0,1666236380,86327,distance_to_pickup,BATCH,hungarian,0,0,order,1
1666322707,463072,3827,63.89053137985315,1,True,True,48,False,7271,3753,45866931,174606684,45866890,174606733,0,0,1666236382,86325,distance_to_pickup,BATCH,hungarian,0,0,order,1
1666322707,74557,553,82.22530024268686,1,True,True,2102,False,7271,3753,45857829,174568205,45857909,174568186,0,0,1666236386,86321,distance_to_pickup,BATCH,hungarian,0,0,order,1
1666322707,450009,3057,83.6301381082203,1,True,True,522,False,7271,3753,45888863,174535502,45888926,174535447,0,0,1666236391,86316,distance_to_pickup,BATCH,hungarian,0,0,order,1
1666322707,268713,3793,47.07440918375928,1,True,True,730,False,7271,3753,45894297,174589367,45894307,174589321,0,0,1666236406,86301,distance_to_pickup,BATCH,hungarian,0,0,order,1
1666322707,87139,1089,21.0,1,True,True,2022,False,7271,3753,45896148,174555744,45896148,174555723,0,0,1666236474,86233,distance_to_pickup,BATCH,hungarian,0,0,order,1
1666322707,374802,1330,97.8008179924892,1,True,True,501,False,7271,3753,45905781,174531306,45905875,174531333,0,0,1666236540,86167,distance_to_pickup,BATCH,hungarian,0,0,order,1
1666322707,71454,1671,58.215118311311535,1,True,True,134,False,7271,3753,45858621,174593588,45858626,174593646,0,0,1666236547,86160,distance_to_pickup,BATCH,hungarian,0,0,order,1
1666322707,564447,283,89.37561188601732,1,True,True,1593,False,7271,3753,45901257,174555664,45901199,174555732,0,0,1666236547,86160,distance_to_pickup,BATCH,hungarian,0,0,order,1
1666322707,465744,828,91.92388155425118,1,True,True,1233,False,7271,3753,45920947,174542656,45920900,174542735,0,0,1666236560,86147,distance_to_pickup,BATCH,hungarian,0,0,order,1
1666322707,372023,1740,40.11234224026316,1,True,True,823,False,7271,3753,45897462,174552991,45897502,174552988,0,0,1666236561,86146,distance_to_pickup,BATCH,hungarian,0,0,order,1
1666322707,391015,1927,99.32270636667126,1,True,True,353,False,7271,3753,45769653,174578806,45769554,174578814,0,0,1666236564,86143,distance_to_pickup,BATCH,hungarian,0,0,order,1
1666322707,169224,888,22.20360331117452,1,True,True,1003,False,7271,3753,45888057,174533306,45888075,174533319,0,0,1666236565,86142,distance_to_pickup,BATCH,hungarian,0,0,order,1
1666322707,277291,1787,67.47592163134935,1,True,True,1787,True,7271,3753,45820098,174521905,45820046,174521948,0,0,1666236569,86138,distance_to_pickup,BATCH,hungarian,0,0,order,1
1666322707,145108,1829,51.03920062069938,1,True,True,407,False,7271,3753,45897597,174552952,45897626,174552994,0,0,1666236571,86136,distance_to_pickup,BATCH,hungarian,0,0,order,1
1666322707,369271,507,50.99019513592785,1,True,True,1187,False,7271,3753,45866180,174606740,45866202,174606786,0,0,1666236572,86135,distance_to_pickup,BATCH,hungarian,0,0,order,1
1666322707,172280,1625,57.21887800367987,1,True,True,4808,False,7271,3753,45885793,174589795,45885798,174589738,0,0,1666236575,86132,distance_to_pickup,BATCH,hungarian,0,0,order,1
1666322707,172278,1478,61.204574992397426,1,True,True,3057,False,7271,3753,45886650,174551414,45886711,174551419,0,0,1666236579,86128,distance_to_pickup,BATCH,hungarian,0,0,order,1
1666322707,369567,742,95.46203433826454,1,True,True,2170,False,7271,3753,45920947,174542656,45920984,174542744,0,0,1666322688,19,distance_to_pickup,BATCH,hungarian,0,0,order,1
1666322707,280554,3431,8.54400374531753,1,True,True,3238,False,7271,3753,45859122,174540364,45859130,174540367,0,0,1666322419,288,distance_to_pickup,BATCH,hungarian,0,0,order,1
1666322707,71829,666,85.60373823613078,1,True,True,624,False,7271,3753,45895612,174555734,45895664,174555666,0,0,1666322618,89,distance_to_pickup,BATCH,hungarian,0,0,order,1
1666322707,347377,4127,76.15773105863909,1,True,True,2126,False,7271,3753,45880388,174529896,45880322,174529858,0,0,1666322256,451,distance_to_pickup,BATCH,hungarian,0,0,order,1
1666322707,254787,4028,26.40075756488817,1,True,True,3985,False,7271,3753,45890567,174547445,45890591,174547434,0,0,1666322561,146,distance_to_pickup,BATCH,hungarian,0,0,order,1
1666322707,62332,1195,15.033296378372908,1,True,True,254,False,7271,3753,45860006,174572522,45860007,174572507,0,0,1666322173,534,distance_to_pickup,BATCH,hungarian,0,0,order,1
1666322707,118105,2321,79.0,1,True,True,1513,False,7271,3753,45877161,174545529,45877161,174545608,0,0,1666322686,21,distance_to_pickup,BATCH,hungarian,0,0,order,1
1666322707,214161,572,48.54894437575342,1,True,True,2386,False,7271,3753,45871180,174595520,45871139,174595546,0,0,1666322613,94,distance_to_pickup,BATCH,hungarian,0,0,order,1
1666322707,133261,3372,64.03124237432849,1,True,True,2989,False,7271,3753,45866931,174606684,45866867,174606686,0,0,1666322620,87,distance_to_pickup,BATCH,hungarian,0,0,order,1
1666322707,24202,1128,96.64884893261792,1,True,True,1686,False,7271,3753,45898319,174553496,45898273,174553411,0,0,1666322293,414,distance_to_pickup,BATCH,hungarian,0,0,order,1
1666322707,154527,2730,97.62171889492625,1,True,True,2794,False,7271,3753,45880110,174546609,45880039,174546542,0,0,1666322354,353,distance_to_pickup,BATCH,hungarian,0,0,order,1
1666322707,260547,711,50.24937810560445,1,True,True,234,False,7271,3753,45859004,174571079,45859009,174571129,0,0,1666322540,167,distance_to_pickup,BATCH,hungarian,0,0,order,1
1666322707,62345,462,59.16924876994806,1,True,True,1757,False,7271,3753,46058320,174951463,46058371,174951493,0,0,1666322670,37,distance_to_pickup,BATCH,hungarian,0,0,order,1
1666322707,274761,664,16.76305461424021,1,True,True,1592,False,7271,3753,45892908,174566908,45892892,174566903,0,0,1666322564,143,distance_to_pickup,BATCH,hungarian,0,0,order,1
1666322707,81376,3313,60.13318551349163,1,True,True,1499,False,7271,3753,45865623,174581146,45865563,174581142,0,0,1666322637,70,distance_to_pickup,BATCH,hungarian,0,0,order,1
1666322707,148470,2081,44.04543109109048,1,True,True,1541,False,7271,3753,45859254,174579529,45859282,174579563,0,0,1666322641,66,distance_to_pickup,BATCH,hungarian,0,0,order,1
1666322707,444963,1222,68.3593446428504,1,True,True,989,False,7271,3753,45880173,174546649,45880180,174546581,0,0,1666322377,330,distance_to_pickup,BATCH,hungarian,0,0,order,1
1666322707,27346,1585,69.58448102845921,1,True,True,678,False,7271,3753,45898349,174553149,45898340,174553218,0,0,1666322033,674,distance_to_pickup,BATCH,hungarian,0,0,order,1
1666322707,305828,3783,64.51356446515724,1,True,True,678,False,7271,3753,45898349,174553149,45898328,174553210,0,0,1666322146,561,distance_to_pickup,BATCH,hungarian,0,0,order,1
1666322707,56130,2382,64.8459713474939,1,True,True,625,False,7271,3753,45865184,174556784,45865122,174556803,0,0,1666322554,153,distance_to_pickup,BATCH,hungarian,0,0,order,1
1666322707,90613,1408,73.08214556237385,1,True,True,211,False,7271,3753,45896123,174555589,45896144,174555519,0,0,1666322119,588,distance_to_pickup,BATCH,hungarian,0,0,order,1
1666322707,549380,2521,75.59100475585703,1,True,True,1209,False,7271,3753,45880249,174546573,45880316,174546608,0,0,1666322468,239,distance_to_pickup,BATCH,hungarian,0,0,order,1
1666322707,340527,871,46.69047011971501,1,True,False,3527,False,7271,3753,45865332,174581152,45865378,174581144,0,0,1665975234,347473,distance_to_pickup,BATCH,hungarian,0,0,order,1
1666322707,313018,1937,6.708203932499369,1,True,False,2065,False,7271,3753,45861700,174583580,45861697,174583574,0,0,1665976868,345839,distance_to_pickup,BATCH,hungarian,0,0,order,1
1666322707,137873,865,75.69015788066504,1,True,False,487,False,7271,3753,45864620,174583120,45864568,174583065,0,0,1665977196,345511,distance_to_pickup,BATCH,hungarian,0,0,order,1
1666322707,332586,866,99.6393496566492,1,True,False,3548,False,7271,3753,45884468,174592977,45884390,174593039,0,0,1666062200,260507,distance_to_pickup,BATCH,hungarian,0,0,order,1
1666322707,168484,1611,52.952809179494906,1,True,False,3537,False,7271,3753,45887808,174581517,45887818,174581465,0,0,1666063274,259433,distance_to_pickup,BATCH,hungarian,0,0,order,1
1666322707,496292,3037,70.25667228100119,1,True,False,573,False,7271,3753,46061425,174935342,46061419,174935272,0,0,1666063744,258963,distance_to_pickup,BATCH,hungarian,0,0,order,1
1666322707,335602,1247,39.81205847478876,1,True,False,2314,False,7271,3753,45877540,174579160,45877576,174579177,0,0,1666149444,173263,distance_to_pickup,BATCH,hungarian,0,0,order,1
1666322707,409633,1348,41.677331968349414,1,True,False,412,False,7271,3753,45898317,174553837,45898353,174553858,0,0,1666149473,173234,distance_to_pickup,BATCH,hungarian,0,0,order,1
1666322707,561643,816,53.53503525729669,1,True,False,85,False,7271,3753,45895732,174554819,45895687,174554790,0,0,1666149479,173228,distance_to_pickup,BATCH,hungarian,0,0,order,1
1666322707,156735,4444,72.13875518748573,1,True,False,1666,False,7271,3753,45889986,174545204,45889934,174545154,0,0,1666149677,173030,distance_to_pickup,BATCH,hungarian,0,0,order,1
1666322707,210486,591,93.04837451562494,1,True,False,2459,False,7271,3753,45914781,174588306,45914688,174588309,0,0,1666150157,172550,distance_to_pickup,BATCH,hungarian,0,0,order,1
1666322707,291385,2768,86.03487664894976,1,True,False,3796,False,7271,3753,45873329,174545627,45873300,174545708,0,0,1666236241,86466,distance_to_pickup,BATCH,hungarian,0,0,order,1
1666322707,157101,4114,68.96375859826666,1,True,False,1447,False,7271,3753,45876516,174606113,45876536,174606179,0,0,1666236264,86443,distance_to_pickup,BATCH,hungarian,0,0,order,1
1666322707,58904,4208,94.13288479590966,1,True,False,2670,False,7271,3753,45862525,174594236,45862530,174594142,0,0,1666236272,86435,distance_to_pickup,BATCH,hungarian,0,0,order,1
1666322707,145107,876,99.04544411531506,1,True,False,2288,False,7271,3753,45896150,174555690,45896147,174555591,0,0,1666236512,86195,distance_to_pickup,BATCH,hungarian,0,0,order,1
1666322707,319801,411,72.44998274671983,1,True,False,3279,False,7271,3753,45896123,174555589,45896055,174555614,0,0,1666321034,1673,distance_to_pickup,BATCH,hungarian,0,0,order,1
1666322707,551925,1833,17.46424919657298,1,True,False,55,False,7271,3753,45846475,174587390,45846458,174587386,0,0,1666322420,287,distance_to_pickup,BATCH,hungarian,0,0,order,1
1666322707,93739,2078,47.0,1,True,False,881,False,7271,3753,45865623,174581146,45865623,174581193,0,0,1666322638,69,distance_to_pickup,BATCH,hungarian,0,0,order,1
1666322827,553218,3564,42.44997055358225,1,True,True,728,False,7773,3577,45900779,174568225,45900810,174568196,0,0,1665976339,346488,distance_to_pickup,BATCH,hungarian,0,0,order,1
1666322827,276279,78,86.09297300012354,1,True,True,2846,False,7773,3577,45839765,174551620,45839721,174551546,0,0,1665976483,346344,distance_to_pickup,BATCH,hungarian,0,0,order,1
1666322827,558416,3558,44.384682042344295,1,True,True,3408,False,7773,3577,45866961,174601021,45866978,174600980,0,0,1665976649,346178,distance_to_pickup,BATCH,hungarian,0,0,order,1
1666322827,137859,2484,53.2634959423431,1,True,True,400,False,7773,3577,45890707,174546805,45890741,174546846,0,0,1665976731,346096,distance_to_pickup,BATCH,hungarian,0,0,order,1
1666322827,373800,525,87.66413177577246,1,True,True,946,False,7773,3577,45849895,174566798,45849813,174566829,0,0,1665976982,345845,distance_to_pickup,BATCH,hungarian,0,0,order,1
1666322827,101609,121,83.86894538504703,1,True,True,2689,False,7773,3577,45898786,174565946,45898839,174566011,0,0,1665977020,345807,distance_to_pickup,BATCH,hungarian,0,0,order,1
1666322827,454280,3242,48.104053883222775,1,True,True,268,False,7773,3577,45907759,174546285,45907742,174546240,0,0,1665977052,345775,distance_to_pickup,BATCH,hungarian,0,0,order,1
1666322827,419686,1592,60.74537019394976,1,True,True,3185,False,7773,3577,45885886,174563236,45885835,174563269,0,0,1665977073,345754,distance_to_pickup,BATCH,hungarian,0,0,order,1
1666322827,483073,2662,57.982756057296896,1,True,True,1339,False,7773,3577,45919710,174542209,45919661,174542178,0,0,1665977079,345748,distance_to_pickup,BATCH,hungarian,0,0,order,1
1666322827,416994,2232,49.678969393496885,1,True,True,781,False,7773,3577,45855857,174553570,45855889,174553532,0,0,1665977197,345630,distance_to_pickup,BATCH,hungarian,0,0,order,1
1666322827,110608,2389,70.11419257183242,1,True,True,130,False,7773,3577,45846823,174586799,45846753,174586803,0,0,1665977203,345624,distance_to_pickup,BATCH,hungarian,0,0,order,1
1666322827,92264,2731,21.93171219946131,1,True,True,2291,False,7773,3577,45879217,174648910,45879208,174648890,0,0,1665977270,345557,distance_to_pickup,BATCH,hungarian,0,0,order,1
1666322827,558428,2034,79.84985911070852,1,True,True,3750,False,7773,3577,45857807,174581892,45857733,174581862,0,0,1665977383,345444,distance_to_pickup,BATCH,hungarian,0,0,order,1
1666322827,449045,520,40.80441152620633,1,True,True,1645,False,7773,3577,45890592,174575214,45890580,174575253,0,0,1665977390,345437,distance_to_pickup,BATCH,hungarian,0,0,order,1
1666322827,332586,2367,65.5133574166368,1,True,True,3548,False,7773,3577,45884468,174592977,45884454,174593041,0,0,1666062200,260627,distance_to_pickup,BATCH,hungarian,0,0,order,1
1666322827,273695,2606,12.165525060596439,1,True,True,2009,False,7773,3577,45874320,174648050,45874332,174648048,0,0,1666062646,260181,distance_to_pickup,BATCH,hungarian,0,0,order,1
1666322827,80238,1945,59.39696961966999,1,True,True,3249,False,7773,3577,45870553,174547266,45870511,174547224,0,0,1666062768,260059,distance_to_pickup,BATCH,hungarian,0,0,order,1
1666322827,553520,2420,75.16648189186454,1,True,True,3642,False,7773,3577,45869838,174579770,45869763,174579765,0,0,1666062942,259885,distance_to_pickup,BATCH,hungarian,0,0,order,1
1666322827,498914,3976,10.0,1,True,True,3976,True,7773,3577,45820038,174523159,45820046,174523153,0,0,1666063114,259713,distance_to_pickup,BATCH,hungarian,0,0,order,1
1666322827,501528,1828,31.0,1,True,True,568,False,7773,3577,45892850,174552390,45892850,174552421,0,0,1666063135,259692,distance_to_pickup,BATCH,hungarian,0,0,order,1
1666322827,165562,1209,62.48199740725323,1,True,True,821,False,7773,3577,45875946,174545679,45875898,174545639,0,0,1666063170,259657,distance_to_pickup,BATCH,hungarian,0,0,order,1
1666322827,363097,1376,76.53757247260981,1,True,True,3145,False,7773,3577,45902806,174555734,45902829,174555661,0,0,1666063196,259631,distance_to_pickup,BATCH,hungarian,0,0,order,1
1666322827,310493,1798,53.665631459994955,1,True,True,3644,False,7773,3577,45877249,174596278,45877273,174596326,0,0,1666063209,259618,distance_to_pickup,BATCH,hungarian,0,0,order,1
1666322827,110973,749,15.811388300841896,1,True,True,1587,False,7773,3577,45897451,174565965,45897464,174565956,0,0,1666063241,259586,distance_to_pickup,BATCH,hungarian,0,0,order,1
1666322827,168484,478,80.65358020571685,1,True,True,3537,False,7773,3577,45887808,174581517,45887731,174581493,0,0,1666063274,259553,distance_to_pickup,BATCH,hungarian,0,0,order,1
1666322827,253731,1645,85.09406559801923,1,True,True,2587,False,7773,3577,45877890,174578340,45877894,174578255,0,0,1666063283,259544,distance_to_pickup,BATCH,hungarian,0,0,order,1
1666322827,540743,434,65.5133574166368,1,True,True,1908,False,7773,3577,45868701,174546112,45868667,174546056,0,0,1666063298,259529,distance_to_pickup,BATCH,hungarian,0,0,order,1
1666322827,221896,751,98.08669634563088,1,True,True,407,False,7773,3577,45895217,174555165,45895307,174555204,0,0,1666063368,259459,distance_to_pickup,BATCH,hungarian,0,0,order,1
1666322827,433266,1275,10.04987562112089,1,True,True,2705,False,7773,3577,45861655,174583536,45861656,174583526,0,0,1666063386,259441,distance_to_pickup,BATCH,hungarian,0,0,order,1
1666322827,138207,3181,57.271284253105414,1,True,True,2206,False,7773,3577,45864552,174564010,45864576,174564062,0,0,1666063418,259409,distance_to_pickup,BATCH,hungarian,0,0,order,1
1666322827,566357,2324,83.6301381082203,1,True,True,590,False,7773,3577,45884761,174635144,45884824,174635199,0,0,1666063434,259393,distance_to_pickup,BATCH,hungarian,0,0,order,1
1666322827,55011,3870,97.41663102366043,1,True,True,1772,False,7773,3577,45874673,174648146,45874622,174648063,0,0,1666063458,259369,distance_to_pickup,BATCH,hungarian,0,0,order,1
1666322827,159383,2098,42.720018726587654,1,True,True,446,False,7773,3577,45779719,174562941,45779734,174562901,0,0,1666063475,259352,distance_to_pickup,BATCH,hungarian,0,0,order,1
1666322827,290716,2695,93.81364506296512,1,True,True,143,False,7773,3577,45870770,174595580,45870846,174595525,0,0,1666063496,259331,distance_to_pickup,BATCH,hungarian,0,0,order,1
1666322827,527613,2231,83.86894538504703,1,True,True,2944,False,7773,3577,45853080,174525260,45853015,174525207,0,0,1666063564,259263,distance_to_pickup,BATCH,hungarian,0,0,order,1
1666322827,192277,2274,87.09190547921202,1,True,True,311,False,7773,3577,45766070,174570302,45766102,174570383,0,0,1666063580,259247,distance_to_pickup,BATCH,hungarian,0,0,order,1
1666322827,509390,1693,7.211102550927978,1,True,True,4772,False,7773,3577,45859227,174576074,45859221,174576078,0,0,1666063587,259240,distance_to_pickup,BATCH,hungarian,0,0,order,1
1666322827,498920,667,94.75230867899737,1,True,True,1927,False,7773,3577,45774646,174561214,45774579,174561147,0,0,1666063588,259239,distance_to_pickup,BATCH,hungarian,0,0,order,1
1666322827,138205,1908,76.47875521999558,1,True,True,1003,False,7773,3577,45885886,174563236,45885818,174563271,0,0,1666063594,259233,distance_to_pickup,BATCH,hungarian,0,0,order,1
1666322827,248057,76,92.89241088485109,1,True,True,2184,False,7773,3577,45853271,174605450,45853248,174605540,0,0,1666063596,259231,distance_to_pickup,BATCH,hungarian,0,0,order,1
1666322827,553532,897,20.248456731316587,1,True,True,2849,False,7773,3577,46052348,174943286,46052337,174943269,0,0,1666063615,259212,distance_to_pickup,BATCH,hungarian,0,0,order,1
1666322827,411999,1208,63.198101237299845,1,True,True,2086,False,7773,3577,45915796,174584856,45915733,174584861,0,0,1666063760,259067,distance_to_pickup,BATCH,hungarian,0,0,order,1
1666322827,259505,767,89.96110270555825,1,True,True,2243,False,7773,3577,45886608,174551437,45886526,174551400,0,0,1666063766,259061,distance_to_pickup,BATCH,hungarian,0,0,order,1
1666322827,395777,3245,88.2779700718135,1,True,True,1096,False,7773,3577,45912320,174519710,45912327,174519798,0,0,1666063783,259044,distance_to_pickup,BATCH,hungarian,0,0,order,1
1666322827,3943,783,72.06247289678588,1,True,True,2089,False,7773,3577,45842390,174575013,45842318,174575016,0,0,1666146188,176639,distance_to_pickup,BATCH,hungarian,0,0,order,1
1666322827,36117,1568,79.30952023559341,1,True,True,3057,False,7773,3577,45853755,174527370,45853676,174527377,0,0,1666148740,174087,distance_to_pickup,BATCH,hungarian,0,0,order,1
1666322827,446932,3800,89.49860334105779,1,True,True,2469,False,7773,3577,45867462,174566858,45867441,174566771,0,0,1666148839,173988,distance_to_pickup,BATCH,hungarian,0,0,order,1
1666322827,417639,568,57.0087712549569,1,True,True,369,False,7773,3577,45890484,174561508,45890485,174561451,0,0,1666149025,173802,distance_to_pickup,BATCH,hungarian,0,0,order,1
1666322827,144742,406,69.1158447825099,1,True,True,2835,False,7773,3577,45865351,174556338,45865347,174556269,0,0,1666149124,173703,distance_to_pickup,BATCH,hungarian,0,0,order,1
1666322827,153801,2257,70.26378868236469,1,True,True,3785,False,7773,3577,45898320,174550193,45898291,174550257,0,0,1666149465,173362,distance_to_pickup,BATCH,hungarian,0,0,order,1
1666322827,102316,2070,86.12200647918046,1,True,True,356,False,7773,3577,45900986,174582830,45900902,174582849,0,0,1666149584,173243,distance_to_pickup,BATCH,hungarian,0,0,order,1
1666322827,233767,3440,3.1622776601683795,1,True,True,1432,False,7773,3577,45874664,174648154,45874665,174648157,0,0,1666149625,173202,distance_to_pickup,BATCH,hungarian,0,0,order,1
1666322827,111327,955,27.65863337187866,1,True,True,1170,False,7773,3577,45890444,174572525,45890471,174572519,0,0,1666149632,173195,distance_to_pickup,BATCH,hungarian,0,0,order,1
1666322827,150751,4227,46.57252408878007,1,True,True,216,False,7773,3577,45894842,174555253,45894797,174555241,0,0,1666149648,173179,distance_to_pickup,BATCH,hungarian,0,0,order,1
1666322827,204452,1199,95.58765610684259,1,True,True,1501,False,7773,3577,45866351,174556191,45866287,174556120,0,0,1666149662,173165,distance_to_pickup,BATCH,hungarian,0,0,order,1
1666322827,156735,1410,64.6297145282261,1,True,True,1666,False,7773,3577,45889986,174545204,45889977,174545140,0,0,1666149677,173150,distance_to_pickup,BATCH,hungarian,0,0,order,1
1666322827,379780,430,82.96987405076617,1,True,True,24,False,7773,3577,45880065,174546669,45880087,174546589,0,0,1666149710,173117,distance_to_pickup,BATCH,hungarian,0,0,order,1
1666322827,129448,1835,69.35416353759881,1,True,True,558,False,7773,3577,45886648,174551414,45886711,174551443,0,0,1666149741,173086,distance_to_pickup,BATCH,hungarian,0,0,order,1
1666322827,271239,2320,52.392747589718944,1,True,True,2246,False,7773,3577,45861427,174575615,45861415,174575666,0,0,1666149746,173081,distance_to_pickup,BATCH,hungarian,0,0,order,1
1666322827,288293,2183,8.54400374531753,1,True,True,487,False,7773,3577,45864638,174583106,45864646,174583103,0,0,1666149765,173062,distance_to_pickup,BATCH,hungarian,0,0,order,1
1666322827,210479,2717,99.6393496566492,1,True,True,3524,False,7773,3577,45919543,174542267,45919605,174542345,0,0,1666149790,173037,distance_to_pickup,BATCH,hungarian,0,0,order,1
1666322827,414926,1340,84.2140130857092,1,True,True,1579,False,7773,3577,45839765,174551620,45839759,174551536,0,0,1666149798,173029,distance_to_pickup,BATCH,hungarian,0,0,order,1
1666322827,396126,2494,86.00581375697809,1,True,True,2891,False,7773,3577,45898373,174578392,45898339,174578471,0,0,1666149836,172991,distance_to_pickup,BATCH,hungarian,0,0,order,1
1666322827,268350,71,33.95585369269929,1,True,True,818,False,7773,3577,46052348,174943286,46052381,174943294,0,0,1666149869,172958,distance_to_pickup,BATCH,hungarian,0,0,order,1
1666322827,396125,2890,82.76472678623425,1,True,True,3119,False,7773,3577,45864398,174600558,45864479,174600575,0,0,1666149879,172948,distance_to_pickup,BATCH,hungarian,0,0,order,1
1666322827,49067,3255,89.31965069345043,1,True,True,1843,False,7773,3577,45877759,174578692,45877726,174578609,0,0,1666149883,172944,distance_to_pickup,BATCH,hungarian,0,0,order,1
1666322827,316395,4618,92.9623579735368,1,True,True,1148,False,7773,3577,45899300,174551240,45899319,174551149,0,0,1666149941,172886,distance_to_pickup,BATCH,hungarian,0,0,order,1
1666322827,89876,360,22.20360331117452,1,True,True,224,False,7773,3577,45868878,174606619,45868865,174606601,0,0,1666149977,172850,distance_to_pickup,BATCH,hungarian,0,0,order,1
1666322827,404286,3981,81.02468759581859,1,True,True,1743,False,7773,3577,45879721,174647791,45879647,174647824,0,0,1666149986,172841,distance_to_pickup,BATCH,hungarian,0,0,order,1
1666322827,494071,30,98.88377015466189,1,True,True,617,False,7773,3577,46052240,174936640,46052153,174936687,0,0,1666149986,172841,distance_to_pickup,BATCH,hungarian,0,0,order,1
1666322827,512349,3999,89.30845424706443,1,True,True,699,False,7773,3577,45879175,174650529,45879101,174650579,0,0,1666149987,172840,distance_to_pickup,BATCH,hungarian,0,0,order,1
1666322827,556439,3284,21.18962010041709,1,True,True,3263,False,7773,3577,46049789,174941922,46049796,174941902,0,0,1666149998,172829,distance_to_pickup,BATCH,hungarian,0,0,order,1
1666322827,462732,1344,39.81205847478876,1,True,True,2065,False,7773,3577,45856330,174579593,45856347,174579557,0,0,1666150000,172827,distance_to_pickup,BATCH,hungarian,0,0,order,1
1666322827,441641,393,42.5205832509386,1,True,True,1880,False,7773,3577,45920795,174542499,45920767,174542467,0,0,1666150016,172811,distance_to_pickup,BATCH,hungarian,0,0,order,1
1666322827,335603,977,54.57105459856901,1,True,True,520,False,7773,3577,45895784,174554868,45895837,174554855,0,0,1666150076,172751,distance_to_pickup,BATCH,hungarian,0,0,order,1
1666322827,551304,816,64.07807737440318,1,True,True,504,False,7773,3577,45895784,174554868,45895843,174554893,0,0,1666150083,172744,distance_to_pickup,BATCH,hungarian,0,0,order,1
1666322827,446960,1083,94.33981132056604,1,True,True,2496,False,7773,3577,45866335,174573857,45866255,174573907,0,0,1666150173,172654,distance_to_pickup,BATCH,hungarian,0,0,order,1
1666322827,180952,24,98.95453501482385,1,True,True,2383,False,7773,3577,45879921,174546626,45879945,174546530,0,0,1666150173,172654,distance_to_pickup,BATCH,hungarian,0,0,order,1
1666322827,430935,4355,82.54089895318563,1,True,True,3630,False,7773,3577,45859654,174579641,45859576,174579614,0,0,1666150177,172650,distance_to_pickup,BATCH,hungarian,0,0,order,1
1666322827,111349,2886,33.421549934136806,1,True,True,1239,False,7773,3577,46053230,174946828,46053209,174946854,0,0,1666150181,172646,distance_to_pickup,BATCH,hungarian,0,0,order,1
1666322827,369237,2364,83.00602387778854,1,True,True,671,False,7773,3577,45864108,174582488,45864025,174582489,0,0,1666232002,90825,distance_to_pickup,BATCH,hungarian,0,0,order,1
1666322827,457793,1336,41.048751503547585,1,True,True,2146,False,7773,3577,45902763,174586284,45902765,174586243,0,0,1666235034,87793,distance_to_pickup,BATCH,hungarian,0,0,order,1
1666322827,142027,2368,43.01162633521314,1,True,True,4311,False,7773,3577,45861805,174582434,45861780,174582469,0,0,1666235659,87168,distance_to_pickup,BATCH,hungarian,0,0,order,1
1666322827,160202,2103,6.708203932499369,1,True,True,396,False,7773,3577,45883445,174599735,45883448,174599729,0,0,1666235709,87118,distance_to_pickup,BATCH,hungarian,0,0,order,1
1666322827,260186,723,50.60632371551998,1,True,True,2660,False,7773,3577,45920023,174542736,45920063,174542705,0,0,1666235759,87068,distance_to_pickup,BATCH,hungarian,0,0,order,1
1666322827,178244,2566,62.177166226839255,1,True,True,409,False,7773,3577,45885084,174594713,45885055,174594768,0,0,1666235797,87030,distance_to_pickup,BATCH,hungarian,0,0,order,1
1666322827,157093,1342,82.85529554590944,1,True,True,1154,False,7773,3577,45868629,174606647,45868553,174606680,0,0,1666235862,86965,distance_to_pickup,BATCH,hungarian,0,0,order,1
1666322827,216801,2054,41.10960958218893,1,True,True,2594,False,7773,3577,45857425,174567864,45857422,174567823,0,0,1666235899,86928,distance_to_pickup,BATCH,hungarian,0,0,order,1
1666322827,242899,387,50.44799302251776,1,True,True,1206,False,7773,3577,45879921,174546626,45879970,174546614,0,0,1666235992,86835,distance_to_pickup,BATCH,hungarian,0,0,order,1
1666322827,257313,689,36.40054944640259,1,True,True,2509,False,7773,3577,45886852,174551476,45886886,174551463,0,0,1666236069,86758,distance_to_pickup,BATCH,hungarian,0,0,order,1
1666322827,510038,149,47.50789408087881,1,True,True,2895,False,7773,3577,45905905,174526537,45905936,174526501,0,0,1666236099,86728,distance_to_pickup,BATCH,hungarian,0,0,order,1
1666322827,319478,1442,65.79513659838392,1,True,True,700,False,7773,3577,45896298,174578827,45896343,174578779,0,0,1666236106,86721,distance_to_pickup,BATCH,hungarian,0,0,order,1
1666322827,380100,4141,82.54089895318563,1,True,True,2317,False,7773,3577,45920336,174546846,45920414,174546873,0,0,1666236117,86710,distance_to_pickup,BATCH,hungarian,0,0,order,1
1666322827,305496,2811,92.64987857520376,1,True,True,527,False,7773,3577,45879274,174648294,45879224,174648216,0,0,1666236141,86686,distance_to_pickup,BATCH,hungarian,0,0,order,1
1666322827,494351,1521,77.6659513557904,1,True,True,96,False,7773,3577,45880142,174546719,45880206,174546675,0,0,1666236215,86612,distance_to_pickup,BATCH,hungarian,0,0,order,1
1666322827,564437,1558,68.8839603971781,1,True,True,570,False,7773,3577,45879690,174648000,45879622,174648011,0,0,1666236231,86596,distance_to_pickup,BATCH,hungarian,0,0,order,1
1666322827,68240,463,68.73136110975832,1,True,True,596,False,7773,3577,45866134,174565757,45866066,174565747,0,0,1666236233,86594,distance_to_pickup,BATCH,hungarian,0,0,order,1
1666322827,294273,817,52.61178575186362,1,True,True,3257,False,7773,3577,45912450,174587920,45912398,174587928,0,0,1666236254,86573,distance_to_pickup,BATCH,hungarian,0,0,order,1
1666322827,157101,2639,32.7566787083184,1,True,True,1447,False,7773,3577,45876516,174606113,45876484,174606106,0,0,1666236264,86563,distance_to_pickup,BATCH,hungarian,0,0,order,1
1666322827,260193,2485,65.14598989960932,1,True,True,3264,False,7773,3577,46052420,174943340,46052482,174943320,0,0,1666236274,86553,distance_to_pickup,BATCH,hungarian,0,0,order,1
1666322827,26980,3117,93.23089616645332,1,True,True,2596,False,7773,3577,45863533,174577579,45863457,174577633,0,0,1666236276,86551,distance_to_pickup,BATCH,hungarian,0,0,order,1
1666322827,327720,1757,41.400483088968905,1,True,True,2819,False,7773,3577,46048740,174960005,46048715,174960038,0,0,1666236280,86547,distance_to_pickup,BATCH,hungarian,0,0,order,1
1666322827,476252,1967,98.60020283954795,1,True,True,3545,False,7773,3577,45871064,174595434,45871143,174595493,0,0,1666236297,86530,distance_to_pickup,BATCH,hungarian,0,0,order,1
1666322827,355413,2579,60.207972893961475,1,True,True,49,False,7773,3577,45763449,174565832,45763454,174565892,0,0,1666236383,86444,distance_to_pickup,BATCH,hungarian,0,0,order,1
1666322827,564441,4035,50.08991914547278,1,True,True,3279,False,7773,3577,45895683,174554863,45895638,174554885,0,0,1666236392,86435,distance_to_pickup,BATCH,hungarian,0,0,order,1
1666322827,195982,1594,69.57010852370435,1,True,True,325,False,7773,3577,45896259,174552883,45896325,174552905,0,0,1666236392,86435,distance_to_pickup,BATCH,hungarian,0,0,order,1
1666322827,530919,329,94.5568612000208,1,True,True,857,False,7773,3577,45867050,174606585,45867079,174606495,0,0,1666236571,86256,distance_to_pickup,BATCH,hungarian,0,0,order,1
1666322827,415280,1171,10.770329614269007,1,True,True,200,False,7773,3577,46049789,174941922,46049799,174941926,0,0,1666236578,86249,distance_to_pickup,BATCH,hungarian,0,0,order,1
1666322827,562197,186,26.870057685088806,1,True,True,1494,False,7773,3577,45879039,174649978,45879020,174649959,0,0,1666318633,4194,distance_to_pickup,BATCH,hungarian,0,0,order,1
1666322827,319801,732,82.73451516749222,1,True,True,3279,False,7773,3577,45896123,174555589,45896049,174555552,0,0,1666321034,1793,distance_to_pickup,BATCH,hungarian,0,0,order,1
1666322827,257651,1918,95.2732911156112,1,True,True,683,False,7773,3577,45867657,174567005,45867616,174567091,0,0,1666321851,976,distance_to_pickup,BATCH,hungarian,0,0,order,1
1666322827,339078,3898,81.04319835741924,1,True,True,866,False,7773,3577,45883480,174592800,45883402,174592778,0,0,1666322230,597,distance_to_pickup,BATCH,hungarian,0,0,order,1
1666322827,431553,391,62.39390995922599,1,True,True,1266,False,7773,3577,45897597,174552952,45897535,174552959,0,0,1666322261,566,distance_to_pickup,BATCH,hungarian,0,0,order,1
1666322827,567302,2097,95.26804291051643,1,True,True,373,False,7773,3577,45889870,174545278,45889944,174545338,0,0,1666322365,462,distance_to_pickup,BATCH,hungarian,0,0,order,1
1666322827,53013,2793,57.271284253105414,1,True,True,2769,False,7773,3577,45880121,174546722,45880173,174546746,0,0,1666322569,258,distance_to_pickup,BATCH,hungarian,0,0,order,1
1666322827,93739,2496,92.70382947861431,1,True,True,881,False,7773,3577,45865623,174581146,45865586,174581231,0,0,1666322638,189,distance_to_pickup,BATCH,hungarian,0,0,order,1
1666322827,228701,2803,19.72308292331602,1,True,True,120,False,7773,3577,46052420,174943340,46052410,174943357,0,0,1666322653,174,distance_to_pickup,BATCH,hungarian,0,0,order,1
1666322827,78120,2557,23.706539182259394,1,True,True,537,False,7773,3577,45905781,174531306,45905770,174531327,0,0,1666322669,158,distance_to_pickup,BATCH,hungarian,0,0,order,1
1666322827,369568,1103,21.840329667841555,1,True,True,815,False,7773,3577,45912566,174588057,45912587,174588063,0,0,1666322669,158,distance_to_pickup,BATCH,hungarian,0,0,order,1
1666322827,187527,803,21.633307652783937,1,True,True,201,False,7773,3577,46048813,174947634,46048831,174947622,0,0,1666322792,35,distance_to_pickup,BATCH,hungarian,0,0,order,1
1666322827,458144,252,38.8329756778952,1,True,True,617,False,7773,3577,46049989,174941898,46050011,174941866,0,0,1666322023,804,distance_to_pickup,BATCH,hungarian,0,0,order,1
1666322827,225821,3001,59.30430001273095,1,True,True,2730,False,7773,3577,45880249,174546573,45880190,174546567,0,0,1666322350,477,distance_to_pickup,BATCH,hungarian,0,0,order,1
1666322827,515566,1153,39.05124837953327,1,True,True,382,False,7773,3577,45859780,174572470,45859805,174572440,0,0,1666322041,786,distance_to_pickup,BATCH,hungarian,0,0,order,1
1666322827,415615,4655,72.67048919609665,1,True,True,2397,False,7773,3577,45906622,174524732,45906663,174524792,0,0,1666322794,33,distance_to_pickup,BATCH,hungarian,0,0,order,1
1666322827,355737,859,95.13148795220224,1,True,True,2656,False,7773,3577,45895872,174555845,45895967,174555840,0,0,1666322687,140,distance_to_pickup,BATCH,hungarian,0,0,order,1
1666322827,142408,3771,91.96738552334735,1,True,True,3663,False,7773,3577,45875003,174650396,45874936,174650333,0,0,1666322754,73,distance_to_pickup,BATCH,hungarian,0,0,order,1
1666322827,394080,1337,61.5223536610881,1,True,True,749,False,7773,3577,45905117,174570747,45905178,174570755,0,0,1666322547,280,distance_to_pickup,BATCH,hungarian,0,0,order,1
1666322827,551934,3619,50.44799302251776,1,True,True,2609,False,7773,3577,45870533,174595497,45870565,174595536,0,0,1666322771,56,distance_to_pickup,BATCH,hungarian,0,0,order,1
1666322827,175628,769,46.84015371452148,1,True,True,3372,False,7773,3577,45868430,174604549,45868443,174604504,0,0,1666322710,117,distance_to_pickup,BATCH,hungarian,0,0,order,1
1666322827,533897,1068,99.14131328563285,1,True,True,1316,False,7773,3577,45877949,174577975,45877964,174577877,0,0,1666322402,425,distance_to_pickup,BATCH,hungarian,0,0,order,1
1666322827,190471,4258,49.20365840057018,1,True,True,1777,False,7773,3577,45879833,174546530,45879872,174546560,0,0,1666322776,51,distance_to_pickup,BATCH,hungarian,0,0,order,1
1666322827,40090,1273,41.23105625617661,1,True,True,1777,False,7773,3577,45880249,174546573,45880239,174546533,0,0,1666322400,427,distance_to_pickup,BATCH,hungarian,0,0,order,1
1666322827,145484,2473,72.99315036357864,1,True,True,3824,False,7773,3577,45874746,174650130,45874818,174650118,0,0,1666322628,199,distance_to_pickup,BATCH,hungarian,0,0,order,1
1666322827,396792,4048,25.709920264364882,1,True,True,366,False,7773,3577,45859352,174579486,45859346,174579461,0,0,1666322582,245,distance_to_pickup,BATCH,hungarian,0,0,order,1
1666322827,178646,308,45.45327270945405,1,True,True,977,False,7773,3577,45894757,174555382,45894722,174555411,0,0,1666322501,326,distance_to_pickup,BATCH,hungarian,0,0,order,1
1666322827,330800,324,13.892443989449804,1,True,True,1767,False,7773,3577,45879237,174648050,45879225,174648057,0,0,1666322667,160,distance_to_pickup,BATCH,hungarian,0,0,order,1
1666322827,65536,1451,69.81403870282824,1,True,True,1736,False,7773,3577,45861577,174584561,45861534,174584506,0,0,1666322772,55,distance_to_pickup,BATCH,hungarian,0,0,order,1
1666322827,60886,104,16.64331697709324,1,True,False,178,False,7773,3577,45864785,174580827,45864799,174580818,0,0,1665977013,345814,distance_to_pickup,BATCH,hungarian,0,0,order,1
1666322827,19792,3101,93.33809511662427,1,True,False,1227,False,7773,3577,45886802,174544898,45886736,174544964,0,0,1666062731,260096,distance_to_pickup,BATCH,hungarian,0,0,order,1
1666322827,233362,1168,52.952809179494906,1,True,False,2746,False,7773,3577,45898320,174550193,45898330,174550245,0,0,1666063008,259819,distance_to_pickup,BATCH,hungarian,0,0,order,1
1666322827,430556,794,85.23496934944014,1,True,False,2528,False,7773,3577,45874528,174576172,45874455,174576216,0,0,1666063084,259743,distance_to_pickup,BATCH,hungarian,0,0,order,1
1666322827,470333,22,92.39588735436226,1,True,False,3428,False,7773,3577,45867880,174573167,45867864,174573258,0,0,1666063245,259582,distance_to_pickup,BATCH,hungarian,0,0,order,1
1666322827,110977,871,87.32124598286491,1,True,False,2175,False,7773,3577,45863946,174582310,45864022,174582353,0,0,1666063661,259166,distance_to_pickup,BATCH,hungarian,0,0,order,1
1666322827,553540,1276,75.13321502504735,1,True,False,368,False,7773,3577,45851420,174554680,45851353,174554714,0,0,1666063769,259058,distance_to_pickup,BATCH,hungarian,0,0,order,1
1666322827,499193,1837,31.144823004794873,1,True,False,2690,False,7773,3577,45874660,174647685,45874681,174647708,0,0,1666143345,179482,distance_to_pickup,BATCH,hungarian,0,0,order,1
1666322827,67904,437,61.68468205316454,1,True,False,559,False,7773,3577,45861655,174583536,45861713,174583515,0,0,1666149538,173289,distance_to_pickup,BATCH,hungarian,0,0,order,1
1666322827,114374,2230,30.463092423455635,1,True,False,835,False,7773,3577,45911820,174528830,45911792,174528842,0,0,1666149631,173196,distance_to_pickup,BATCH,hungarian,0,0,order,1
1666322827,254091,4272,96.13012014972206,1,True,False,570,False,7773,3577,45880013,174648313,45880008,174648217,0,0,1666149739,173088,distance_to_pickup,BATCH,hungarian,0,0,order,1
1666322827,236782,869,90.4267659490264,1,True,False,3004,False,7773,3577,45880065,174546669,45880081,174546580,0,0,1666149875,172952,distance_to_pickup,BATCH,hungarian,0,0,order,1
1666322827,341196,454,85.95929269136641,1,True,False,501,False,7773,3577,45920139,174542105,45920097,174542180,0,0,1666149880,172947,distance_to_pickup,BATCH,hungarian,0,0,order,1
1666322827,83694,4052,73.68174807915459,1,True,False,3869,False,7773,3577,45872640,174626140,45872570,174626163,0,0,1666149949,172878,distance_to_pickup,BATCH,hungarian,0,0,order,1
1666322827,468082,2790,36.05551275463989,1,True,False,2143,False,7773,3577,45890412,174561186,45890432,174561156,0,0,1666149985,172842,distance_to_pickup,BATCH,hungarian,0,0,order,1
1666322827,484014,3184,41.340053217188775,1,True,False,2856,False,7773,3577,45902763,174586284,45902741,174586319,0,0,1666236037,86790,distance_to_pickup,BATCH,hungarian,0,0,order,1
1666322827,409959,2328,25.96150997149434,1,True,False,2328,False,7773,3577,45858948,174555793,45858923,174555800,0,0,1666236055,86772,distance_to_pickup,BATCH,hungarian,0,0,order,1
1666322827,58904,4208,96.54014708917737,1,True,False,2670,False,7773,3577,45862525,174594236,45862463,174594310,0,0,1666236272,86555,distance_to_pickup,BATCH,hungarian,0,0,order,1
1666322827,213774,800,84.20213774008353,1,True,False,1027,False,7773,3577,45864108,174582488,45864085,174582407,0,0,1666236333,86494,distance_to_pickup,BATCH,hungarian,0,0,order,1
1666322827,68244,1556,94.02127418834527,1,True,False,2514,False,7773,3577,45920650,174542590,45920604,174542508,0,0,1666236388,86439,distance_to_pickup,BATCH,hungarian,0,0,order,1
1666322827,476256,241,17.4928556845359,1,True,False,3311,False,7773,3577,46048740,174960005,46048731,174960020,0,0,1666236391,86436,distance_to_pickup,BATCH,hungarian,0,0,order,1
1666322827,42982,3194,58.180752831155424,1,True,False,4172,False,7773,3577,45920651,174542604,45920679,174542655,0,0,1666236392,86435,distance_to_pickup,BATCH,hungarian,0,0,order,1
1666322827,463435,1561,42.7551166528639,1,True,False,157,False,7773,3577,45896148,174555744,45896106,174555736,0,0,1666321872,955,distance_to_pickup,BATCH,hungarian,0,0,order,1
1666322827,205166,1348,59.53990258641679,1,True,False,1348,False,7773,3577,45898319,174553496,45898260,174553504,0,0,1666322521,306,distance_to_pickup,BATCH,hungarian,0,0,order,1
1666323007,365550,3474,18.384776310850235,1,True,True,3290,False,8299,3446,45830770,174561358,45830787,174561365,0,0,1665972796,350211,distance_to_pickup,BATCH,hungarian,0,0,order,1
1666323007,368308,1705,98.11218069128827,1,True,True,3694,False,8299,3446,45874757,174650325,45874806,174650240,0,0,1665976754,346253,distance_to_pickup,BATCH,hungarian,0,0,order,1
1666323007,427566,2956,94.30270409696638,1,True,True,1760,False,8299,3446,45907108,174570368,45907186,174570315,0,0,1665976902,346105,distance_to_pickup,BATCH,hungarian,0,0,order,1
1666323007,76557,1366,52.630789467763066,1,True,True,504,False,8299,3446,45885618,174541376,45885669,174541363,0,0,1665976931,346076,distance_to_pickup,BATCH,hungarian,0,0,order,1
1666323007,357222,3009,27.202941017470888,1,True,True,1205,False,8299,3446,45859196,174548153,45859222,174548145,0,0,1665977012,345995,distance_to_pickup,BATCH,hungarian,0,0,order,1
1666323007,379183,1685,71.00704190430693,1,True,True,2669,False,8299,3446,45884468,174592977,45884397,174592976,0,0,1665977016,345991,distance_to_pickup,BATCH,hungarian,0,0,order,1
1666323007,416990,2205,86.82165628459296,1,True,True,1523,False,8299,3446,45769491,174578329,45769564,174578376,0,0,1665977071,345936,distance_to_pickup,BATCH,hungarian,0,0,order,1
1666323007,16108,2629,70.60453243241541,1,True,True,1499,False,8299,3446,45856220,174583459,45856152,174583440,0,0,1665977166,345841,distance_to_pickup,BATCH,hungarian,0,0,order,1
1666323007,273392,2833,76.16429609731846,1,True,True,740,False,8299,3446,45766541,174567191,45766546,174567115,0,0,1665977186,345821,distance_to_pickup,BATCH,hungarian,0,0,order,1
1666323007,332275,1101,23.021728866442675,1,True,True,3238,False,8299,3446,45863190,174577346,45863177,174577327,0,0,1665977193,345814,distance_to_pickup,BATCH,hungarian,0,0,order,1
1666323007,256240,578,66.94027188471824,1,True,True,383,False,8299,3446,45884084,174582375,45884100,174582310,0,0,1665977193,345814,distance_to_pickup,BATCH,hungarian,0,0,order,1
1666323007,64008,409,66.2117814289874,1,True,True,80,False,8299,3446,45840017,174551254,45839957,174551282,0,0,1665977195,345812,distance_to_pickup,BATCH,hungarian,0,0,order,1
1666323007,360003,288,59.135437767890075,1,True,True,4095,False,8299,3446,45859277,174579627,45859336,174579631,0,0,1665977197,345810,distance_to_pickup,BATCH,hungarian,0,0,order,1
1666323007,301703,2138,68.54195795277518,1,True,True,381,False,8299,3446,45884892,174635297,45884919,174635234,0,0,1665977199,345808,distance_to_pickup,BATCH,hungarian,0,0,order,1
1666323007,212741,4329,58.137767414994535,1,True,True,1704,False,8299,3446,45863450,174583210,45863398,174583184,0,0,1665977200,345807,distance_to_pickup,BATCH,hungarian,0,0,order,1
1666323007,82945,1728,67.23094525588644,1,True,True,1166,False,8299,3446,45889158,174535054,45889096,174535028,0,0,1665977234,345773,distance_to_pickup,BATCH,hungarian,0,0,order,1
1666323007,456872,852,98.08159868191383,1,True,True,2777,False,8299,3446,45866830,174606620,45866906,174606558,0,0,1665977357,345650,distance_to_pickup,BATCH,hungarian,0,0,order,1
1666323007,86389,3095,9.486832980505138,1,True,True,1348,False,8299,3446,45892850,174552390,45892853,174552399,0,0,1666063152,259855,distance_to_pickup,BATCH,hungarian,0,0,order,1
1666323007,10139,3229,35.510561809129406,1,True,True,2084,False,8299,3446,45858376,174534230,45858370,174534195,0,0,1666063188,259819,distance_to_pickup,BATCH,hungarian,0,0,order,1
1666323007,221885,2456,97.06183596038146,1,True,True,1112,False,8299,3446,45861845,174583822,45861800,174583736,0,0,1666063190,259817,distance_to_pickup,BATCH,hungarian,0,0,order,1
1666323007,189399,2230,63.97655820689325,1,True,True,3857,False,8299,3446,45912279,174528007,45912306,174528065,0,0,1666063218,259789,distance_to_pickup,BATCH,hungarian,0,0,order,1
1666323007,550997,891,38.2099463490856,1,True,True,891,True,8299,3446,45871867,174544242,45871895,174544268,0,0,1666063247,259760,distance_to_pickup,BATCH,hungarian,0,0,order,1
1666323007,351963,759,84.40379138403677,1,True,True,627,False,8299,3446,45880096,174546703,45880164,174546653,0,0,1666063255,259752,distance_to_pickup,BATCH,hungarian,0,0,order,1
1666323007,462429,1719,99.18165152889924,1,True,True,29,False,8299,3446,45849895,174566798,45849796,174566792,0,0,1666063276,259731,distance_to_pickup,BATCH,hungarian,0,0,order,1
1666323007,363092,3789,86.7294644281861,1,True,True,2291,False,8299,3446,45879848,174648286,45879879,174648205,0,0,1666063317,259690,distance_to_pickup,BATCH,hungarian,0,0,order,1
1666323007,253729,36,94.02127418834527,1,True,True,3684,False,8299,3446,45883513,174582364,45883467,174582446,0,0,1666063332,259675,distance_to_pickup,BATCH,hungarian,0,0,order,1
1666323007,6883,41,87.14355971613737,1,True,True,1891,False,8299,3446,45865351,174556338,45865346,174556251,0,0,1666063378,259629,distance_to_pickup,BATCH,hungarian,0,0,order,1
1666323007,433269,1499,24.08318915758459,1,True,True,2705,False,8299,3446,45859654,174579641,45859672,174579625,0,0,1666063430,259577,distance_to_pickup,BATCH,hungarian,0,0,order,1
1666323007,55004,1466,83.64807230295268,1,True,True,2977,False,8299,3446,45877696,174531930,45877770,174531969,0,0,1666063459,259548,distance_to_pickup,BATCH,hungarian,0,0,order,1
1666323007,467785,2969,64.66065264130884,1,True,True,2384,False,8299,3446,46044930,174938660,46044980,174938701,0,0,1666063466,259541,distance_to_pickup,BATCH,hungarian,0,0,order,1
1666323007,398498,680,52.630789467763066,1,True,True,3569,False,8299,3446,45872490,174545997,45872439,174546010,0,0,1666063522,259485,distance_to_pickup,BATCH,hungarian,0,0,order,1
1666323007,195258,238,72.18032973047436,1,True,True,4014,False,8299,3446,45895217,174555165,45895164,174555116,0,0,1666063585,259422,distance_to_pickup,BATCH,hungarian,0,0,order,1
1666323007,213060,4076,55.08175741568164,1,True,True,1936,False,8299,3446,45858333,174577003,45858336,174576948,0,0,1666063765,259242,distance_to_pickup,BATCH,hungarian,0,0,order,1
1666323007,287973,2631,32.57299494980466,1,True,True,1848,False,8299,3446,46044381,174941835,46044350,174941845,0,0,1666063771,259236,distance_to_pickup,BATCH,hungarian,0,0,order,1
1666323007,376891,2242,11.045361017187261,1,True,True,2547,False,8299,3446,45868992,174606599,45868991,174606610,0,0,1666063774,259233,distance_to_pickup,BATCH,hungarian,0,0,order,1
1666323007,16528,2031,48.76474136094644,1,True,True,3756,False,8299,3446,45871167,174595947,45871214,174595960,0,0,1666063775,259232,distance_to_pickup,BATCH,hungarian,0,0,order,1
1666323007,273714,2507,45.60701700396552,1,True,True,2801,False,8299,3446,45898967,174578284,45898939,174578248,0,0,1666063779,259228,distance_to_pickup,BATCH,hungarian,0,0,order,1
1666323007,242469,2153,29.410882339705484,1,True,True,997,False,8299,3446,45874456,174575808,45874480,174575791,0,0,1666085982,237025,distance_to_pickup,BATCH,hungarian,0,0,order,1
1666323007,499193,3824,82.03657720797473,1,True,True,2690,False,8299,3446,45874660,174647685,45874647,174647766,0,0,1666143345,179662,distance_to_pickup,BATCH,hungarian,0,0,order,1
1666323007,504501,2192,46.52956049652737,1,True,True,816,False,8299,3446,45886608,174551437,45886562,174551430,0,0,1666146107,176900,distance_to_pickup,BATCH,hungarian,0,0,order,1
1666323007,475872,2489,49.72926703662542,1,True,True,2089,False,8299,3446,45842390,174575013,45842403,174574965,0,0,1666146252,176755,distance_to_pickup,BATCH,hungarian,0,0,order,1
1666323007,366240,4376,89.55445270895244,1,True,True,2375,False,8299,3446,45892766,174568390,45892810,174568468,0,0,1666148979,174028,distance_to_pickup,BATCH,hungarian,0,0,order,1
1666323007,32926,2014,62.625873247404705,1,True,True,2835,False,8299,3446,45865351,174556338,45865330,174556279,0,0,1666149321,173686,distance_to_pickup,BATCH,hungarian,0,0,order,1
1666323007,374480,437,14.142135623730951,1,True,True,981,False,8299,3446,45861655,174583536,45861653,174583522,0,0,1666149373,173634,distance_to_pickup,BATCH,hungarian,0,0,order,1
1666323007,174891,1022,43.56604182158393,1,True,True,4270,False,8299,3446,45851335,174555897,45851298,174555874,0,0,1666149554,173453,distance_to_pickup,BATCH,hungarian,0,0,order,1
1666323007,374477,1392,73.87827826905551,1,True,True,439,False,8299,3446,45895360,174576670,45895417,174576623,0,0,1666149584,173423,distance_to_pickup,BATCH,hungarian,0,0,order,1
1666323007,321918,2262,69.06518659932803,1,True,True,4103,False,8299,3446,45845808,174552719,45845811,174552650,0,0,1666149657,173350,distance_to_pickup,BATCH,hungarian,0,0,order,1
1666323007,129447,1743,14.866068747318506,1,True,True,1063,False,8299,3446,45874664,174648154,45874675,174648164,0,0,1666149685,173322,distance_to_pickup,BATCH,hungarian,0,0,order,1
1666323007,219366,1216,92.5418824100742,1,True,True,2212,False,8299,3446,45912080,174529170,45911988,174529160,0,0,1666149711,173296,distance_to_pickup,BATCH,hungarian,0,0,order,1
1666323007,141648,3545,63.89053137985315,1,True,True,487,False,8299,3446,45864630,174582800,45864581,174582841,0,0,1666149734,173273,distance_to_pickup,BATCH,hungarian,0,0,order,1
1666323007,288302,142,97.73944955850733,1,True,True,2956,False,8299,3446,45878035,174578011,45877938,174577999,0,0,1666149756,173251,distance_to_pickup,BATCH,hungarian,0,0,order,1
1666323007,67902,2810,27.018512172212592,1,True,True,2068,False,8299,3446,45866359,174536720,45866358,174536747,0,0,1666149760,173247,distance_to_pickup,BATCH,hungarian,0,0,order,1
1666323007,120385,3127,64.53681120105021,1,True,True,3283,False,8299,3446,45865991,174600777,45865977,174600714,0,0,1666149765,173242,distance_to_pickup,BATCH,hungarian,0,0,order,1
1666323007,58503,138,71.50524456289902,1,True,True,4238,False,8299,3446,45892850,174552390,45892802,174552443,0,0,1666149826,173181,distance_to_pickup,BATCH,hungarian,0,0,order,1
1666323007,268347,3797,59.682493245507096,1,True,True,2731,False,8299,3446,45874660,174647685,45874711,174647716,0,0,1666149832,173175,distance_to_pickup,BATCH,hungarian,0,0,order,1
1666323007,296719,2570,54.037024344425184,1,True,True,2999,False,8299,3446,45769703,174567541,45769745,174567507,0,0,1666149843,173164,distance_to_pickup,BATCH,hungarian,0,0,order,1
1666323007,307989,125,69.1158447825099,1,True,True,2241,False,8299,3446,45872619,174581280,45872615,174581349,0,0,1666149854,173153,distance_to_pickup,BATCH,hungarian,0,0,order,1
1666323007,156740,2800,81.39410298049853,1,True,True,318,False,8299,3446,45878123,174577620,45878050,174577656,0,0,1666149856,173151,distance_to_pickup,BATCH,hungarian,0,0,order,1
1666323007,177893,4807,71.40028011149536,1,True,True,444,False,8299,3446,45868603,174546158,45868546,174546115,0,0,1666149872,173135,distance_to_pickup,BATCH,hungarian,0,0,order,1
1666323007,446952,2310,77.79460135510689,1,True,True,2241,False,8299,3446,45864620,174583120,45864566,174583064,0,0,1666149879,173128,distance_to_pickup,BATCH,hungarian,0,0,order,1
1666323007,302322,3249,66.85057965343307,1,True,True,2894,False,8299,3446,45886610,174551440,45886572,174551495,0,0,1666149983,173024,distance_to_pickup,BATCH,hungarian,0,0,order,1
1666323007,468082,1857,51.03920062069938,1,True,True,2143,False,8299,3446,45890412,174561186,45890414,174561135,0,0,1666149985,173022,distance_to_pickup,BATCH,hungarian,0,0,order,1
1666323007,454879,1239,61.35144660071187,1,True,True,343,False,8299,3446,46043587,174939345,46043529,174939365,0,0,1666149987,173020,distance_to_pickup,BATCH,hungarian,0,0,order,1
1666323007,32933,652,51.03920062069938,1,True,True,2334,False,8299,3446,45769607,174568239,45769605,174568188,0,0,1666149990,173017,distance_to_pickup,BATCH,hungarian,0,0,order,1
1666323007,296718,866,56.302753041036986,1,True,True,3537,False,8299,3446,45883537,174592777,45883584,174592746,0,0,1666149991,173016,distance_to_pickup,BATCH,hungarian,0,0,order,1
1666323007,470666,141,83.19855767980596,1,True,True,38,False,8299,3446,45890841,174529501,45890822,174529582,0,0,1666149994,173013,distance_to_pickup,BATCH,hungarian,0,0,order,1
1666323007,242557,3305,91.92388155425118,1,True,True,2496,False,8299,3446,45873171,174577055,45873124,174577134,0,0,1666150001,173006,distance_to_pickup,BATCH,hungarian,0,0,order,1
1666323007,444323,676,99.02019995940222,1,True,True,3070,False,8299,3446,45862770,174579470,45862716,174579553,0,0,1666150022,172985,distance_to_pickup,BATCH,hungarian,0,0,order,1
1666323007,42558,4272,8.54400374531753,1,True,True,1852,False,8299,3446,45879848,174648286,45879840,174648289,0,0,1666150032,172975,distance_to_pickup,BATCH,hungarian,0,0,order,1
1666323007,566676,166,95.63472172804185,1,True,True,1893,False,8299,3446,46044286,174938691,46044381,174938680,0,0,1666150167,172840,distance_to_pickup,BATCH,hungarian,0,0,order,1
1666323007,156748,1115,27.892651361962706,1,True,True,1683,False,8299,3446,45858344,174577760,45858371,174577767,0,0,1666150169,172838,distance_to_pickup,BATCH,hungarian,0,0,order,1
1666323007,473319,2243,45.0111097397076,1,True,True,2143,False,8299,3446,45887812,174556789,45887813,174556834,0,0,1666150173,172834,distance_to_pickup,BATCH,hungarian,0,0,order,1
1666323007,465404,1792,93.05912099305473,1,True,True,2274,False,8299,3446,45765079,174563086,45765035,174563168,0,0,1666150173,172834,distance_to_pickup,BATCH,hungarian,0,0,order,1
1666323007,162853,4004,36.40054944640259,1,True,True,3375,False,8299,3446,46046384,174938708,46046418,174938721,0,0,1666150173,172834,distance_to_pickup,BATCH,hungarian,0,0,order,1
1666323007,546181,4185,11.313708498984761,1,True,True,4359,False,8299,3446,45902222,174580895,45902214,174580887,0,0,1666150175,172832,distance_to_pickup,BATCH,hungarian,0,0,order,1
1666323007,90201,1386,86.97700845625813,1,True,True,671,False,8299,3446,45862520,174579394,45862581,174579456,0,0,1666223712,99295,distance_to_pickup,BATCH,hungarian,0,0,order,1
1666323007,538822,3995,81.25269226308751,1,True,True,4311,False,8299,3446,45863396,174583501,45863377,174583422,0,0,1666223928,99079,distance_to_pickup,BATCH,hungarian,0,0,order,1
1666323007,138942,1603,70.83784299369935,1,True,True,1445,False,8299,3446,45822976,174546904,45822923,174546857,0,0,1666232298,90709,distance_to_pickup,BATCH,hungarian,0,0,order,1
1666323007,341518,4549,79.90619500389191,1,True,True,1706,False,8299,3446,45856856,174575762,45856844,174575683,0,0,1666235397,87610,distance_to_pickup,BATCH,hungarian,0,0,order,1
1666323007,42980,2790,96.16652224137046,1,True,True,2516,False,8299,3446,45892879,174567270,45892907,174567178,0,0,1666235641,87366,distance_to_pickup,BATCH,hungarian,0,0,order,1
1666323007,160186,1884,92.84934033152847,1,True,True,2730,False,8299,3446,45879771,174546630,45879832,174546560,0,0,1666236020,86987,distance_to_pickup,BATCH,hungarian,0,0,order,1
1666323007,549053,1178,68.00735254367721,1,True,True,861,False,8299,3446,45871810,174544400,45871875,174544380,0,0,1666236029,86978,distance_to_pickup,BATCH,hungarian,0,0,order,1
1666323007,46241,2835,78.74642849044012,1,True,True,3249,False,8299,3446,45866440,174556210,45866515,174556186,0,0,1666236058,86949,distance_to_pickup,BATCH,hungarian,0,0,order,1
1666323007,433935,139,82.02438661763951,1,True,True,4030,False,8299,3446,45912019,174529506,45912077,174529448,0,0,1666236059,86948,distance_to_pickup,BATCH,hungarian,0,0,order,1
1666323007,423248,2960,84.970583144992,1,True,True,2960,True,8299,3446,45863719,174582514,45863643,174582552,0,0,1666236099,86908,distance_to_pickup,BATCH,hungarian,0,0,order,1
1666323007,254436,3364,98.84331034521254,1,True,True,79,False,8299,3446,45912279,174528007,45912376,174528026,0,0,1666236114,86893,distance_to_pickup,BATCH,hungarian,0,0,order,1
1666323007,52632,3309,70.49113419430843,1,True,True,2854,False,8299,3446,45920225,174541968,45920165,174542005,0,0,1666236128,86879,distance_to_pickup,BATCH,hungarian,0,0,order,1
1666323007,274401,1701,41.19465984809196,1,True,True,2287,False,8299,3446,45849487,174566808,45849483,174566767,0,0,1666236175,86832,distance_to_pickup,BATCH,hungarian,0,0,order,1
1666323007,237105,639,31.04834939252005,1,True,True,3037,False,8299,3446,46052348,174943286,46052318,174943278,0,0,1666236269,86738,distance_to_pickup,BATCH,hungarian,0,0,order,1
1666323007,299882,1533,77.83315488916018,1,True,True,3740,False,8299,3446,45912099,174528707,45912046,174528764,0,0,1666236270,86737,distance_to_pickup,BATCH,hungarian,0,0,order,1
1666323007,333233,2000,38.118237105091836,1,True,True,171,False,8299,3446,45846747,174586994,45846744,174587032,0,0,1666236274,86733,distance_to_pickup,BATCH,hungarian,0,0,order,1
1666323007,46249,807,85.44003745317531,1,True,True,1814,False,8299,3446,46043753,174939227,46043777,174939309,0,0,1666236275,86732,distance_to_pickup,BATCH,hungarian,0,0,order,1
1666323007,478933,213,96.56603957913983,1,True,True,2366,False,8299,3446,45870770,174595580,45870688,174595529,0,0,1666236347,86660,distance_to_pickup,BATCH,hungarian,0,0,order,1
1666323007,175259,4213,72.83543093852057,1,True,True,1891,False,8299,3446,45879921,174546626,45879932,174546554,0,0,1666236365,86642,distance_to_pickup,BATCH,hungarian,0,0,order,1
1666323007,87133,905,84.52810183601665,1,True,True,2122,False,8299,3446,45870770,174595580,45870694,174595543,0,0,1666236390,86617,distance_to_pickup,BATCH,hungarian,0,0,order,1
1666323007,234104,1721,82.29823813423954,1,True,True,2512,False,8299,3446,45884084,174582375,45884077,174582293,0,0,1666236396,86611,distance_to_pickup,BATCH,hungarian,0,0,order,1
1666323007,132920,1400,48.373546489791295,1,True,True,3782,False,8299,3446,45885892,174563248,45885868,174563290,0,0,1666236475,86532,distance_to_pickup,BATCH,hungarian,0,0,order,1
1666323007,369269,3739,83.74365647617735,1,True,True,1496,False,8299,3446,45872930,174626540,45872947,174626622,0,0,1666236510,86497,distance_to_pickup,BATCH,hungarian,0,0,order,1
1666323007,305507,1134,42.5205832509386,1,True,True,1691,False,8299,3446,45866450,174536750,45866418,174536778,0,0,1666236532,86475,distance_to_pickup,BATCH,hungarian,0,0,order,1
1666323007,248753,1232,14.560219778561036,1,True,True,864,False,8299,3446,45898432,174553759,45898446,174553763,0,0,1666236570,86437,distance_to_pickup,BATCH,hungarian,0,0,order,1
1666323007,380415,4698,95.12623192369179,1,True,True,2989,False,8299,3446,45868780,174606590,45868760,174606497,0,0,1666320942,2065,distance_to_pickup,BATCH,hungarian,0,0,order,1
1666323007,124086,1919,32.64965543462902,1,True,True,683,False,8299,3446,45867657,174567005,45867632,174567026,0,0,1666322046,961,distance_to_pickup,BATCH,hungarian,0,0,order,1
1666323007,557082,1164,53.71219600798314,1,True,True,2345,False,8299,3446,45896123,174555589,45896170,174555563,0,0,1666322106,901,distance_to_pickup,BATCH,hungarian,0,0,order,1
1666323007,56127,971,35.17101079013795,1,True,True,892,False,8299,3446,45879944,174648470,45879935,174648504,0,0,1666322407,600,distance_to_pickup,BATCH,hungarian,0,0,order,1
1666323007,257655,1202,91.02197536858887,1,True,True,2805,False,8299,3446,45867670,174566736,45867668,174566827,0,0,1666322447,560,distance_to_pickup,BATCH,hungarian,0,0,order,1
1666323007,56121,3237,92.28217596047462,1,True,True,3237,True,8299,3446,45832351,174586291,45832431,174586337,0,0,1666322462,545,distance_to_pickup,BATCH,hungarian,0,0,order,1
1666323007,251919,3125,50.28916384272063,1,True,True,4680,False,8299,3446,45870486,174595427,45870438,174595442,0,0,1666322499,508,distance_to_pickup,BATCH,hungarian,0,0,order,1
1666323007,205166,1348,77.62087348130012,1,True,True,1348,True,8299,3446,45898319,174553496,45898258,174553448,0,0,1666322521,486,distance_to_pickup,BATCH,hungarian,0,0,order,1
1666323007,65535,82,11.40175425099138,1,True,True,1316,False,8299,3446,45877949,174577975,45877938,174577972,0,0,1666322565,442,distance_to_pickup,BATCH,hungarian,0,0,order,1
1666323007,333580,3191,43.32435804486894,1,True,True,977,False,8299,3446,45894757,174555382,45894743,174555423,0,0,1666322566,441,distance_to_pickup,BATCH,hungarian,0,0,order,1
1666323007,380451,27,62.03224967708329,1,True,True,807,False,8299,3446,46043587,174939345,46043525,174939343,0,0,1666322656,351,distance_to_pickup,BATCH,hungarian,0,0,order,1
1666323007,112073,3042,67.7421582177598,1,True,True,3293,False,8299,3446,45845618,174586065,45845551,174586055,0,0,1666322660,347,distance_to_pickup,BATCH,hungarian,0,0,order,1
1666323007,178634,3458,97.57561170702442,1,True,True,726,False,8299,3446,45896864,174552987,45896775,174552947,0,0,1666322667,340,distance_to_pickup,BATCH,hungarian,0,0,order,1
1666323007,471328,2341,73.37574531137656,1,True,True,2579,False,8299,3446,45767602,174570675,45767624,174570605,0,0,1666322669,338,distance_to_pickup,BATCH,hungarian,0,0,order,1
1666323007,175623,143,21.93171219946131,1,True,True,2093,False,8299,3446,45867067,174601762,45867052,174601746,0,0,1666322728,279,distance_to_pickup,BATCH,hungarian,0,0,order,1
1666323007,341867,2278,89.69392398596462,1,True,True,1513,False,8299,3446,45877161,174545529,45877238,174545575,0,0,1666322759,248,distance_to_pickup,BATCH,hungarian,0,0,order,1
1666323007,87516,77,20.615528128088304,1,True,True,3804,False,8299,3446,45871345,174543296,45871365,174543301,0,0,1666322771,236,distance_to_pickup,BATCH,hungarian,0,0,order,1
1666323007,249109,1601,58.69412236331676,1,True,True,2017,False,8299,3446,45905781,174531306,45905723,174531315,0,0,1666322778,229,distance_to_pickup,BATCH,hungarian,0,0,order,1
1666323007,515582,4836,92.09777413162601,1,True,True,786,False,8299,3446,45898967,174578284,45898906,174578215,0,0,1666322781,226,distance_to_pickup,BATCH,hungarian,0,0,order,1
1666323007,523357,1691,91.92388155425118,1,True,True,496,False,8299,3446,45868670,174545730,45868635,174545645,0,0,1666322785,222,distance_to_pickup,BATCH,hungarian,0,0,order,1
1666323007,551935,1844,76.00657866263946,1,True,True,98,False,8299,3446,45858283,174576801,45858242,174576865,0,0,1666322787,220,distance_to_pickup,BATCH,hungarian,0,0,order,1
1666323007,33756,3668,52.88667128870941,1,True,True,181,False,8299,3446,45867067,174601762,45867081,174601813,0,0,1666322810,197,distance_to_pickup,BATCH,hungarian,0,0,order,1
1666323007,220083,531,75.29276193632427,1,True,True,3006,False,8299,3446,45767602,174570675,45767640,174570610,0,0,1666322926,81,distance_to_pickup,BATCH,hungarian,0,0,order,1
1666323007,336248,3294,31.953090617340916,1,True,True,1305,False,8299,3446,45860060,174572270,45860030,174572259,0,0,1666321218,1789,distance_to_pickup,BATCH,hungarian,0,0,order,1
1666323007,361314,181,36.6742416417845,1,True,True,661,False,8299,3446,45866215,174600601,45866182,174600585,0,0,1666322992,15,distance_to_pickup,BATCH,hungarian,0,0,order,1
1666323007,214153,2139,95.0,1,True,True,677,False,8299,3446,45852401,174515377,45852325,174515434,0,0,1666322236,771,distance_to_pickup,BATCH,hungarian,0,0,order,1
1666323007,136319,4635,82.75868534480233,1,True,True,389,False,8299,3446,45871046,174595564,45870986,174595507,0,0,1666322779,228,distance_to_pickup,BATCH,hungarian,0,0,order,1
1666323007,105994,1282,94.86832980505137,1,True,True,3195,False,8299,3446,45921142,174542028,45921232,174542058,0,0,1666322924,83,distance_to_pickup,BATCH,hungarian,0,0,order,1
1666323007,420870,997,32.38826948140329,1,True,True,2018,False,8299,3446,45860696,174572517,45860728,174572512,0,0,1666322254,753,distance_to_pickup,BATCH,hungarian,0,0,order,1
1666323007,139367,412,66.60330322138685,1,True,True,2257,False,8299,3446,45897597,174552952,45897641,174552902,0,0,1666322493,514,distance_to_pickup,BATCH,hungarian,0,0,order,1
1666323007,169579,2311,62.93647591023825,1,True,True,1559,False,8299,3446,45896070,174555813,45896026,174555858,0,0,1666322513,494,distance_to_pickup,BATCH,hungarian,0,0,order,1
1666323007,93735,4276,43.41658669218482,1,True,True,3558,False,8299,3446,45866961,174601021,45866982,174600983,0,0,1666322518,489,distance_to_pickup,BATCH,hungarian,0,0,order,1
1666323007,269097,1325,48.46648326421054,1,True,True,2190,False,8299,3446,45898742,174578266,45898760,174578221,0,0,1666322975,32,distance_to_pickup,BATCH,hungarian,0,0,order,1
1666323007,311526,2518,45.221676218380054,1,True,True,1559,False,8299,3446,45896070,174555813,45896044,174555776,0,0,1666322561,446,distance_to_pickup,BATCH,hungarian,0,0,order,1
1666323007,53016,2065,68.15423684555495,1,True,True,2115,False,8299,3446,45883378,174582406,45883361,174582472,0,0,1666322620,387,distance_to_pickup,BATCH,hungarian,0,0,order,1
1666323007,27362,1414,72.27724399837061,1,True,True,1839,False,8299,3446,45879964,174546543,45880034,174546525,0,0,1666322888,119,distance_to_pickup,BATCH,hungarian,0,0,order,1
1666323007,273707,2188,67.11929677819934,1,True,False,2587,False,8299,3446,45877890,174578340,45877927,174578396,0,0,1666063120,259887,distance_to_pickup,BATCH,hungarian,0,0,order,1
1666323007,129086,3018,44.654227123532216,1,True,False,107,False,8299,3446,45886802,174544898,45886765,174544923,0,0,1666063549,259458,distance_to_pickup,BATCH,hungarian,0,0,order,1
1666323007,304817,2248,73.02739212103907,1,True,False,1545,False,8299,3446,46056174,174935326,46056172,174935253,0,0,1666063771,259236,distance_to_pickup,BATCH,hungarian,0,0,order,1
1666323007,171920,1352,70.2353187506115,1,True,False,1541,False,8299,3446,45865238,174556784,45865176,174556817,0,0,1666149667,173340,distance_to_pickup,BATCH,hungarian,0,0,order,1
1666323007,132907,1278,34.438350715445125,1,True,False,3456,False,8299,3446,45875751,174545368,45875736,174545399,0,0,1666235855,87152,distance_to_pickup,BATCH,hungarian,0,0,order,1
1666323007,58889,3017,77.79460135510689,1,True,False,1811,False,8299,3446,45898380,174554072,45898306,174554048,0,0,1666235963,87044,distance_to_pickup,BATCH,hungarian,0,0,order,1
1666323007,530918,3804,77.1621668954417,1,True,False,1891,False,8299,3446,45879921,174546626,45879926,174546549,0,0,1666236203,86804,distance_to_pickup,BATCH,hungarian,0,0,order,1
1666323007,42982,2514,60.440052945046304,1,True,False,4172,False,8299,3446,45920651,174542604,45920634,174542662,0,0,1666236392,86615,distance_to_pickup,BATCH,hungarian,0,0,order,1
1666323007,407288,4792,49.20365840057018,1,True,False,3409,False,8299,3446,45871049,174595452,45871010,174595482,0,0,1666236420,86587,distance_to_pickup,BATCH,hungarian,0,0,order,1
1666323007,489168,3781,86.70063436907483,1,True,False,1909,False,8299,3446,45880376,174650688,45880365,174650774,0,0,1666236544,86463,distance_to_pickup,BATCH,hungarian,0,0,order,1
1666323007,423599,1377,99.15644204992432,1,True,False,138,False,8299,3446,45896123,174555589,45896057,174555515,0,0,1666322118,889,distance_to_pickup,BATCH,hungarian,0,0,order,1
1666323007,355730,508,76.40026177965623,1,True,False,508,False,8299,3446,45863552,174573541,45863506,174573480,0,0,1666322326,681,distance_to_pickup,BATCH,hungarian,0,0,order,1
1666323007,319831,127,42.5440947723653,1,True,False,127,False,8299,3446,45769700,174585559,45769679,174585522,0,0,1666322782,225,distance_to_pickup,BATCH,hungarian,0,0,order,1
1666323007,319833,1341,64.5600495662759,1,True,False,459,False,8299,3446,46043587,174939345,46043569,174939407,0,0,1666322791,216,distance_to_pickup,BATCH,hungarian,0,0,order,1
1666323007,391336,892,39.81205847478876,1,True,False,570,False,8299,3446,45875003,174650396,45874967,174650379,0,0,1666322795,212,distance_to_pickup,BATCH,hungarian,0,0,order,1
1666323007,489474,2216,98.00510190801293,1,True,False,2448,False,8299,3446,45880041,174634830,45880138,174634816,0,0,1666322972,35,distance_to_pickup,BATCH,hungarian,0,0,order,1
1666323007,24203,2074,83.81527307120105,1,True,False,1195,False,8299,3446,45860062,174564938,45860130,174564987,0,0,1666322786,221,distance_to_pickup,BATCH,hungarian,0,0,order,1
1666323007,74922,3287,91.00549433962765,1,True,False,959,False,8299,3446,45890567,174547445,45890568,174547536,0,0,1666322973,34,distance_to_pickup,BATCH,hungarian,0,0,order,1
1666323007,46645,2402,34.828149534535996,1,True,False,1540,False,8299,3446,45870933,174595486,45870906,174595464,0,0,1666322506,501,distance_to_pickup,BATCH,hungarian,0,0,order,1
1666323007,99983,2501,14.317821063276353,1,True,False,2818,False,8299,3446,45862206,174579013,45862200,174579000,0,0,1666322961,46,distance_to_pickup,BATCH,hungarian,0,0,order,1
1666409110,67183,635,84.5931439302264,1,True,True,3238,False,8863,3891,45863190,174577346,45863180,174577430,0,0,1665976453,432657,distance_to_pickup,BATCH,hungarian,0,0,order,1
1666409110,212728,2044,37.21558813185679,1,True,True,3434,False,8863,3891,45871867,174544242,45871871,174544205,0,0,1665976866,432244,distance_to_pickup,BATCH,hungarian,0,0,order,1
1666409110,462105,1615,77.6659513557904,1,True,True,540,False,8863,3891,45881191,174596618,45881267,174596634,0,0,1665976952,432158,distance_to_pickup,BATCH,hungarian,0,0,order,1
1666409110,273387,3122,80.15609770940699,1,True,True,279,False,8863,3891,45905899,174526998,45905855,174527065,0,0,1665976968,432142,distance_to_pickup,BATCH,hungarian,0,0,order,1
1666409110,253371,469,80.72174428244226,1,True,True,1941,False,8863,3891,45820104,174523236,45820164,174523290,0,0,1665977013,432097,distance_to_pickup,BATCH,hungarian,0,0,order,1
1666409110,32116,1026,88.36288813749809,1,True,True,496,False,8863,3891,45872950,174545637,45872862,174545629,0,0,1665977051,432059,distance_to_pickup,BATCH,hungarian,0,0,order,1
1666409110,326753,1202,79.32212806020776,1,True,True,1274,False,8863,3891,45871107,174543976,45871041,174544020,0,0,1665977183,431927,distance_to_pickup,BATCH,hungarian,0,0,order,1
1666409110,483074,4087,24.331050121192877,1,True,True,156,False,8863,3891,45886643,174540024,45886647,174540048,0,0,1665977185,431925,distance_to_pickup,BATCH,hungarian,0,0,order,1
1666409110,493451,4329,83.7615663654877,1,True,True,1311,False,8863,3891,45860440,174563526,45860510,174563480,0,0,1665977187,431923,distance_to_pickup,BATCH,hungarian,0,0,order,1
1666409110,451747,1988,73.97972695272672,1,True,True,4053,False,8863,3891,45892958,174566355,45893030,174566372,0,0,1665977189,431921,distance_to_pickup,BATCH,hungarian,0,0,order,1
1666409110,411678,2280,86.70063436907483,1,True,True,1343,False,8863,3891,45856220,174583459,45856306,174583448,0,0,1665977191,431919,distance_to_pickup,BATCH,hungarian,0,0,order,1
1666409110,511733,3857,58.25804665451803,1,True,True,3567,False,8863,3891,45905886,174530604,45905931,174530641,0,0,1665977372,431738,distance_to_pickup,BATCH,hungarian,0,0,order,1
1666409110,454287,2299,63.071388124885914,1,True,True,1965,False,8863,3891,45886610,174551440,45886637,174551497,0,0,1665977377,431733,distance_to_pickup,BATCH,hungarian,0,0,order,1
1666409110,107551,707,98.47842403288143,1,True,True,2723,False,8863,3891,45839765,174551620,45839712,174551537,0,0,1665977381,431729,distance_to_pickup,BATCH,hungarian,0,0,order,1
1666409110,427568,190,53.823786563191554,1,True,True,1684,False,8863,3891,45869542,174570465,45869498,174570496,0,0,1665977382,431728,distance_to_pickup,BATCH,hungarian,0,0,order,1
1666409110,16451,2586,90.62008607367353,1,True,True,1931,False,8863,3891,45906094,174527376,45906128,174527460,0,0,1666052889,356221,distance_to_pickup,BATCH,hungarian,0,0,order,1
1666409110,83305,2261,71.02112361825881,1,True,True,1613,False,8863,3891,45886884,174562531,45886846,174562591,0,0,1666062959,346151,distance_to_pickup,BATCH,hungarian,0,0,order,1
1666409110,268007,631,97.94386147176351,1,True,True,902,False,8863,3891,45855384,174572020,45855427,174572108,0,0,1666062986,346124,distance_to_pickup,BATCH,hungarian,0,0,order,1
1666409110,514641,1112,41.19465984809196,1,True,True,207,False,8863,3891,45875792,174574232,45875751,174574228,0,0,1666063120,345990,distance_to_pickup,BATCH,hungarian,0,0,order,1
1666409110,116985,79,92.43916918709297,1,True,True,3499,False,8863,3891,45895728,174555530,45895636,174555521,0,0,1666063128,345982,distance_to_pickup,BATCH,hungarian,0,0,order,1
1666409110,553541,1168,86.35392289873113,1,True,True,4155,False,8863,3891,45897938,174552992,45897979,174552916,0,0,1666063143,345967,distance_to_pickup,BATCH,hungarian,0,0,order,1
1666409110,285195,746,65.52098900352466,1,True,True,1236,False,8863,3891,45869081,174575168,45869144,174575186,0,0,1666063222,345888,distance_to_pickup,BATCH,hungarian,0,0,order,1
1666409110,10156,2773,99.16148445843275,1,True,True,2804,False,8863,3891,45887481,174555696,45887444,174555788,0,0,1666063278,345832,distance_to_pickup,BATCH,hungarian,0,0,order,1
1666409110,488530,105,33.0,1,True,True,2540,False,8863,3891,45874819,174607415,45874819,174607382,0,0,1666063297,345813,distance_to_pickup,BATCH,hungarian,0,0,order,1
1666409110,110983,1016,34.20526275297414,1,True,True,2447,False,8863,3891,45895728,174555530,45895695,174555539,0,0,1666063303,345807,distance_to_pickup,BATCH,hungarian,0,0,order,1
1666409110,107902,1830,94.2019108086455,1,True,True,1354,False,8863,3891,45879721,174647791,45879628,174647776,0,0,1666063349,345761,distance_to_pickup,BATCH,hungarian,0,0,order,1
1666409110,401268,4410,26.019223662515376,1,True,True,2531,False,8863,3891,45879848,174648286,45879874,174648285,0,0,1666063360,345750,distance_to_pickup,BATCH,hungarian,0,0,order,1
1666409110,329755,3100,88.45903006477066,1,True,True,3726,False,8863,3891,45905886,174530604,45905974,174530613,0,0,1666063427,345683,distance_to_pickup,BATCH,hungarian,0,0,order,1
1666409110,545855,1544,85.14693182963201,1,True,True,4258,False,8863,3891,45877839,174533529,45877792,174533458,0,0,1666063463,345647,distance_to_pickup,BATCH,hungarian,0,0,order,1
1666409110,162472,2361,23.600847442411894,1,True,True,211,False,8863,3891,45877631,174578794,45877612,174578808,0,0,1666063465,345645,distance_to_pickup,BATCH,hungarian,0,0,order,1
1666409110,290718,899,75.0,1,True,True,1961,False,8863,3891,45766255,174567172,45766276,174567244,0,0,1666063578,345532,distance_to_pickup,BATCH,hungarian,0,0,order,1
1666409110,365907,1480,23.194827009486403,1,True,True,1480,True,8863,3891,46049566,174941858,46049563,174941881,0,0,1666063585,345525,distance_to_pickup,BATCH,hungarian,0,0,order,1
1666409110,120027,2741,63.52952069707436,1,True,True,65,False,8863,3891,45775310,174567990,45775280,174567934,0,0,1666063586,345524,distance_to_pickup,BATCH,hungarian,0,0,order,1
1666409110,180585,1742,23.323807579381203,1,True,True,541,False,8863,3891,45887997,174533308,45887985,174533288,0,0,1666063590,345520,distance_to_pickup,BATCH,hungarian,0,0,order,1
1666409110,321596,3948,26.1725046566048,1,True,True,2740,False,8863,3891,45890505,174528240,45890479,174528237,0,0,1666063592,345518,distance_to_pickup,BATCH,hungarian,0,0,order,1
1666409110,55005,108,44.64302857109943,1,True,True,3958,False,8863,3891,45870851,174548314,45870839,174548357,0,0,1666063594,345516,distance_to_pickup,BATCH,hungarian,0,0,order,1
1666409110,338055,3018,44.654227123532216,1,True,True,1289,False,8863,3891,45886802,174544898,45886765,174544923,0,0,1666063749,345361,distance_to_pickup,BATCH,hungarian,0,0,order,1
1666409110,273713,3038,20.591260281974,1,True,True,58,False,8863,3891,45896012,174554857,45896002,174554839,0,0,1666063757,345353,distance_to_pickup,BATCH,hungarian,0,0,order,1
1666409110,454561,2937,70.60453243241541,1,True,True,1094,False,8863,3891,45864213,174615211,45864157,174615254,0,0,1666063761,345349,distance_to_pickup,BATCH,hungarian,0,0,order,1
1666409110,296366,269,62.16912416947821,1,True,True,293,False,8863,3891,46046384,174938708,46046445,174938720,0,0,1666063762,345348,distance_to_pickup,BATCH,hungarian,0,0,order,1
1666409110,150392,2452,88.76936408468859,1,True,True,126,False,8863,3891,45866698,174606413,45866732,174606495,0,0,1666063762,345348,distance_to_pickup,BATCH,hungarian,0,0,order,1
1666409110,171564,3302,82.75868534480233,1,True,True,438,False,8863,3891,45863620,174536770,45863563,174536710,0,0,1666063771,345339,distance_to_pickup,BATCH,hungarian,0,0,order,1
1666409110,368956,384,50.59644256269407,1,True,True,3527,False,8863,3891,45859227,174576074,45859275,174576058,0,0,1666149272,259838,distance_to_pickup,BATCH,hungarian,0,0,order,1
1666409110,42539,3036,79.81227975693966,1,True,True,2120,False,8863,3891,45897008,174553031,45896987,174552954,0,0,1666149329,259781,distance_to_pickup,BATCH,hungarian,0,0,order,1
1666409110,335602,3146,48.27007354458868,1,True,True,2314,False,8863,3891,45877540,174579160,45877529,174579113,0,0,1666149444,259666,distance_to_pickup,BATCH,hungarian,0,0,order,1
1666409110,409633,1715,43.73785545725808,1,True,True,412,False,8863,3891,45898317,174553837,45898325,174553880,0,0,1666149473,259637,distance_to_pickup,BATCH,hungarian,0,0,order,1
1666409110,291059,656,62.76941930590086,1,True,True,989,False,8863,3891,45886544,174540112,45886602,174540136,0,0,1666149589,259521,distance_to_pickup,BATCH,hungarian,0,0,order,1
1666409110,114374,416,89.80534505250787,1,True,True,835,False,8863,3891,45911820,174528830,45911883,174528766,0,0,1666149631,259479,distance_to_pickup,BATCH,hungarian,0,0,order,1
1666409110,349472,3569,76.55716818169282,1,True,True,970,False,8863,3891,45872351,174548301,45872421,174548270,0,0,1666149641,259469,distance_to_pickup,BATCH,hungarian,0,0,order,1
1666409110,553858,305,50.48762224545735,1,True,True,83,False,8863,3891,45886325,174535736,45886375,174535729,0,0,1666149663,259447,distance_to_pickup,BATCH,hungarian,0,0,order,1
1666409110,559063,981,98.95453501482385,1,True,True,4126,False,8863,3891,45887570,174581300,45887474,174581324,0,0,1666149693,259417,distance_to_pickup,BATCH,hungarian,0,0,order,1
1666409110,363442,1896,27.85677655436824,1,True,True,509,False,8863,3891,45878035,174578011,45878009,174578001,0,0,1666149807,259303,distance_to_pickup,BATCH,hungarian,0,0,order,1
1666409110,129452,1714,16.0312195418814,1,True,True,4239,False,8863,3891,45892766,174568390,45892782,174568389,0,0,1666149841,259269,distance_to_pickup,BATCH,hungarian,0,0,order,1
1666409110,271250,3336,23.259406699226016,1,True,True,2339,False,8863,3891,45861752,174582541,45861731,174582531,0,0,1666149845,259265,distance_to_pickup,BATCH,hungarian,0,0,order,1
1666409110,517521,614,90.52071586106685,1,True,True,3283,False,8863,3891,45866830,174606620,45866743,174606645,0,0,1666149855,259255,distance_to_pickup,BATCH,hungarian,0,0,order,1
1666409110,291063,4241,37.48332962798263,1,True,True,1468,False,8863,3891,45877486,174529889,45877513,174529863,0,0,1666149875,259235,distance_to_pickup,BATCH,hungarian,0,0,order,1
1666409110,310864,4420,53.009433122794285,1,True,True,790,False,8863,3891,45857849,174581004,45857848,174581057,0,0,1666149888,259222,distance_to_pickup,BATCH,hungarian,0,0,order,1
1666409110,382501,1267,96.79876032264049,1,True,True,755,False,8863,3891,45851335,174555897,45851254,174555844,0,0,1666149918,259192,distance_to_pickup,BATCH,hungarian,0,0,order,1
1666409110,83694,312,63.63961030678928,1,True,True,3869,False,8863,3891,45872640,174626140,45872685,174626185,0,0,1666149949,259161,distance_to_pickup,BATCH,hungarian,0,0,order,1
1666409110,332907,1222,76.69419795525604,1,True,True,3574,False,8863,3891,45860307,174548890,45860356,174548949,0,0,1666149959,259151,distance_to_pickup,BATCH,hungarian,0,0,order,1
1666409110,470670,1358,21.587033144922902,1,True,True,175,False,8863,3891,45851819,174556435,45851824,174556456,0,0,1666149975,259135,distance_to_pickup,BATCH,hungarian,0,0,order,1
1666409110,454881,3651,27.202941017470888,1,True,True,1683,False,8863,3891,45864552,174564010,45864544,174563984,0,0,1666149985,259125,distance_to_pickup,BATCH,hungarian,0,0,order,1
1666409110,377184,1816,48.75448697299562,1,True,True,131,False,8863,3891,46051762,174941526,46051806,174941547,0,0,1666149989,259121,distance_to_pickup,BATCH,hungarian,0,0,order,1
1666409110,285550,3285,12.0,1,True,True,99,False,8863,3891,45871272,174543061,45871272,174543073,0,0,1666150010,259100,distance_to_pickup,BATCH,hungarian,0,0,order,1
1666409110,195670,2138,89.10667763978185,1,True,True,1133,False,8863,3891,45879420,174632710,45879332,174632696,0,0,1666150136,258974,distance_to_pickup,BATCH,hungarian,0,0,order,1
1666409110,32937,4140,90.09439494219383,1,True,True,3679,False,8863,3891,45870386,174606490,45870372,174606579,0,0,1666150156,258954,distance_to_pickup,BATCH,hungarian,0,0,order,1
1666409110,438920,2258,49.57822102496216,1,True,True,1667,False,8863,3891,45921241,174541506,45921208,174541469,0,0,1666150164,258946,distance_to_pickup,BATCH,hungarian,0,0,order,1
1666409110,108255,162,75.8023746329889,1,True,True,1318,False,8863,3891,45853270,174527120,45853205,174527081,0,0,1666150171,258939,distance_to_pickup,BATCH,hungarian,0,0,order,1
1666409110,366250,94,44.77722635447622,1,True,True,1426,False,8863,3891,45869309,174575128,45869331,174575089,0,0,1666150171,258939,distance_to_pickup,BATCH,hungarian,0,0,order,1
1666409110,105290,3703,47.4236228055175,1,True,True,3511,False,8863,3891,45879856,174634533,45879899,174634513,0,0,1666150173,258937,distance_to_pickup,BATCH,hungarian,0,0,order,1
1666409110,156749,1880,48.83646178829912,1,True,True,3489,False,8863,3891,45920790,174554740,45920754,174554773,0,0,1666150173,258937,distance_to_pickup,BATCH,hungarian,0,0,order,1
1666409110,447244,3533,60.67124524847005,1,True,True,2448,False,8863,3891,45879847,174634806,45879856,174634746,0,0,1666174315,234795,distance_to_pickup,BATCH,hungarian,0,0,order,1
1666409110,222585,3467,69.31089380465383,1,True,True,3174,False,8863,3891,45884366,174581911,45884414,174581961,0,0,1666235284,173826,distance_to_pickup,BATCH,hungarian,0,0,order,1
1666409110,178237,2017,69.06518659932803,1,True,True,3245,False,8863,3891,45912295,174530150,45912352,174530111,0,0,1666235433,173677,distance_to_pickup,BATCH,hungarian,0,0,order,1
1666409110,372007,2658,86.76404785393545,1,True,True,2517,False,8863,3891,45912080,174529170,45912002,174529208,0,0,1666235721,173389,distance_to_pickup,BATCH,hungarian,0,0,order,1
1666409110,341523,4399,35.05709628591621,1,True,True,938,False,8863,3891,45880622,174650851,45880587,174650849,0,0,1666235736,173374,distance_to_pickup,BATCH,hungarian,0,0,order,1
1666409110,148112,135,68.60029154456998,1,True,True,3111,False,8863,3891,45885544,174543242,45885509,174543183,0,0,1666235744,173366,distance_to_pickup,BATCH,hungarian,0,0,order,1
1666409110,1224,717,88.23264701911646,1,True,True,995,False,8863,3891,45879636,174648191,45879564,174648242,0,0,1666235827,173283,distance_to_pickup,BATCH,hungarian,0,0,order,1
1666409110,93358,226,92.31467922275417,1,True,True,3562,False,8863,3891,45912080,174529170,45912009,174529229,0,0,1666235851,173259,distance_to_pickup,BATCH,hungarian,0,0,order,1
1666409110,559355,2212,41.14608122288197,1,True,True,3740,False,8863,3891,45912080,174529170,45912062,174529207,0,0,1666235880,173230,distance_to_pickup,BATCH,hungarian,0,0,order,1
1666409110,68236,1634,47.75981574503821,1,True,True,857,False,8863,3891,45868629,174606647,45868645,174606602,0,0,1666235912,173198,distance_to_pickup,BATCH,hungarian,0,0,order,1
1666409110,277273,335,68.00735254367721,1,True,True,3824,False,8863,3891,45879192,174649067,45879127,174649087,0,0,1666235923,173187,distance_to_pickup,BATCH,hungarian,0,0,order,1
1666409110,58889,3017,77.79460135510689,1,True,True,1811,False,8863,3891,45898380,174554072,45898306,174554048,0,0,1666235963,173147,distance_to_pickup,BATCH,hungarian,0,0,order,1
1666409110,496904,3575,86.70063436907483,1,True,True,527,False,8863,3891,45879848,174648286,45879762,174648275,0,0,1666236025,173085,distance_to_pickup,BATCH,hungarian,0,0,order,1
1666409110,274400,463,83.73768566183328,1,True,True,3151,False,8863,3891,45863303,174559942,45863239,174559888,0,0,1666236030,173080,distance_to_pickup,BATCH,hungarian,0,0,order,1
1666409110,409959,1802,66.27216610312357,1,True,True,2328,False,8863,3891,45858948,174555793,45858882,174555787,0,0,1666236055,173055,distance_to_pickup,BATCH,hungarian,0,0,order,1
1666409110,280237,2797,84.64632301523794,1,True,True,938,False,8863,3891,45879175,174650529,45879196,174650611,0,0,1666236055,173055,distance_to_pickup,BATCH,hungarian,0,0,order,1
1666409110,219736,791,75.02666192761077,1,True,True,2922,False,8863,3891,45879590,174635020,45879592,174635095,0,0,1666236082,173028,distance_to_pickup,BATCH,hungarian,0,0,order,1
1666409110,154181,1959,89.5377015563835,1,True,True,2864,False,8863,3891,45886884,174562531,45886853,174562615,0,0,1666236098,173012,distance_to_pickup,BATCH,hungarian,0,0,order,1
1666409110,297059,1557,52.55473337388365,1,True,True,756,False,8863,3891,45865066,174527209,45865017,174527190,0,0,1666236139,172971,distance_to_pickup,BATCH,hungarian,0,0,order,1
1666409110,507400,3799,69.35416353759881,1,True,True,3558,False,8863,3891,45868629,174606647,45868596,174606586,0,0,1666236155,172955,distance_to_pickup,BATCH,hungarian,0,0,order,1
1666409110,530918,3140,81.39410298049853,1,True,True,1891,False,8863,3891,45879921,174546626,45879885,174546553,0,0,1666236203,172907,distance_to_pickup,BATCH,hungarian,0,0,order,1
1666409110,23781,3087,79.63039620647382,1,True,True,1425,False,8863,3891,45879192,174649067,45879202,174649146,0,0,1666236261,172849,distance_to_pickup,BATCH,hungarian,0,0,order,1
1666409110,263083,320,46.14108798023731,1,True,True,2416,False,8863,3891,46052348,174943286,46052325,174943246,0,0,1666236273,172837,distance_to_pickup,BATCH,hungarian,0,0,order,1
1666409110,52633,3049,71.11258679024411,1,True,True,1909,False,8863,3891,45879192,174649067,45879121,174649071,0,0,1666236276,172834,distance_to_pickup,BATCH,hungarian,0,0,order,1
1666409110,305503,1008,68.96375859826666,1,True,True,1833,False,8863,3891,45857078,174575708,45857058,174575774,0,0,1666236308,172802,distance_to_pickup,BATCH,hungarian,0,0,order,1
1666409110,213770,872,45.70557952810576,1,True,True,2366,False,8863,3891,45870242,174595530,45870250,174595575,0,0,1666236330,172780,distance_to_pickup,BATCH,hungarian,0,0,order,1
1666409110,335946,2514,19.4164878389476,1,True,True,1225,False,8863,3891,45912621,174528981,45912602,174528985,0,0,1666236392,172718,distance_to_pickup,BATCH,hungarian,0,0,order,1
1666409110,102698,223,68.4470598345904,1,True,True,13,False,8863,3891,45862849,174581543,45862863,174581610,0,0,1666236393,172717,distance_to_pickup,BATCH,hungarian,0,0,order,1
1666409110,228349,2694,96.76776322722355,1,True,True,680,False,8863,3891,45871385,174543563,45871293,174543593,0,0,1666236399,172711,distance_to_pickup,BATCH,hungarian,0,0,order,1
1666409110,468390,1497,87.66413177577246,1,True,True,1201,False,8863,3891,45859733,174584505,45859807,174584552,0,0,1666236403,172707,distance_to_pickup,BATCH,hungarian,0,0,order,1
1666409110,407288,1813,26.92582403567252,1,True,True,3409,False,8863,3891,45871049,174595452,45871024,174595442,0,0,1666236420,172690,distance_to_pickup,BATCH,hungarian,0,0,order,1
1666409110,523042,1038,66.2872536767062,1,True,True,4172,False,8863,3891,45921179,174542343,45921216,174542398,0,0,1666236440,172670,distance_to_pickup,BATCH,hungarian,0,0,order,1
1666409110,74553,4673,65.11528238439882,1,True,True,3722,False,8863,3891,45921179,174542343,45921243,174542331,0,0,1666236445,172665,distance_to_pickup,BATCH,hungarian,0,0,order,1
1666409110,163226,2564,61.032778078668514,1,True,True,102,False,8863,3891,45853590,174551680,45853532,174551699,0,0,1666236457,172653,distance_to_pickup,BATCH,hungarian,0,0,order,1
1666409110,145107,1928,76.16429609731846,1,True,True,2288,False,8863,3891,45896150,174555690,45896074,174555695,0,0,1666236512,172598,distance_to_pickup,BATCH,hungarian,0,0,order,1
1666409110,489168,3781,86.70063436907483,1,True,True,1909,False,8863,3891,45880376,174650688,45880365,174650774,0,0,1666236544,172566,distance_to_pickup,BATCH,hungarian,0,0,order,1
1666409110,172277,1435,71.56814934033156,1,True,True,1338,False,8863,3891,45766299,174570516,45766290,174570445,0,0,1666236571,172539,distance_to_pickup,BATCH,hungarian,0,0,order,1
1666409110,265872,3130,74.33034373659252,1,True,True,2710,False,8863,3891,45899475,174579204,45899525,174579149,0,0,1666236571,172539,distance_to_pickup,BATCH,hungarian,0,0,order,1
1666409110,55769,627,44.384682042344295,1,True,True,926,False,8863,3891,45885892,174563248,45885933,174563265,0,0,1666236573,172537,distance_to_pickup,BATCH,hungarian,0,0,order,1
1666409110,213775,3491,32.2490309931942,1,True,True,903,False,8863,3891,46052370,174945250,46052366,174945218,0,0,1666236578,172532,distance_to_pickup,BATCH,hungarian,0,0,order,1
1666409110,219748,3803,53.03772242470448,1,True,True,1212,False,8863,3891,45896150,174555690,45896112,174555727,0,0,1666236581,172529,distance_to_pickup,BATCH,hungarian,0,0,order,1
1666409110,163582,2363,60.802960454241045,1,True,True,337,False,8863,3891,45868629,174606647,45868678,174606611,0,0,1666320985,88125,distance_to_pickup,BATCH,hungarian,0,0,order,1
1666409110,463435,1903,20.615528128088304,1,True,True,157,False,8863,3891,45896148,174555744,45896128,174555739,0,0,1666321872,87238,distance_to_pickup,BATCH,hungarian,0,0,order,1
1666409110,169562,1373,70.3846574190711,1,True,True,2635,False,8863,3891,45897716,174552976,45897689,174553041,0,0,1666321906,87204,distance_to_pickup,BATCH,hungarian,0,0,order,1
1666409110,512972,611,66.49060083951716,1,True,True,122,False,8863,3891,45861805,174582434,45861740,174582420,0,0,1666321947,87163,distance_to_pickup,BATCH,hungarian,0,0,order,1
1666409110,52997,4738,87.32124598286491,1,True,True,41,False,8863,3891,45865320,174556750,45865400,174556785,0,0,1666322031,87079,distance_to_pickup,BATCH,hungarian,0,0,order,1
1666409110,237458,2615,33.54101966249684,1,True,True,2810,False,8863,3891,45866450,174536750,45866444,174536783,0,0,1666322100,87010,distance_to_pickup,BATCH,hungarian,0,0,order,1
1666409110,423599,868,46.51881339845203,1,True,True,138,False,8863,3891,45896123,174555589,45896081,174555609,0,0,1666322118,86992,distance_to_pickup,BATCH,hungarian,0,0,order,1
1666409110,263407,2573,93.74433316206373,1,True,True,3520,False,8863,3891,45904338,174568664,45904286,174568586,0,0,1666322172,86938,distance_to_pickup,BATCH,hungarian,0,0,order,1
1666409110,178636,1840,65.0,1,True,True,114,False,8863,3891,45920336,174546846,45920401,174546846,0,0,1666322303,86807,distance_to_pickup,BATCH,hungarian,0,0,order,1
1666409110,361303,1230,40.496913462633174,1,True,True,2590,False,8863,3891,45882195,174562227,45882173,174562261,0,0,1666322310,86800,distance_to_pickup,BATCH,hungarian,0,0,order,1
1666409110,136312,1791,46.75467891024384,1,True,True,1485,False,8863,3891,45862506,174576877,45862537,174576842,0,0,1666322323,86787,distance_to_pickup,BATCH,hungarian,0,0,order,1
1666409110,510366,1420,89.88882021697692,1,True,True,2038,False,8863,3891,45846432,174587366,45846400,174587450,0,0,1666322355,86755,distance_to_pickup,BATCH,hungarian,0,0,order,1
1666409110,280553,3635,65.73431371817918,1,True,True,1087,False,8863,3891,45898349,174553149,45898294,174553185,0,0,1666322367,86743,distance_to_pickup,BATCH,hungarian,0,0,order,1
1666409110,68617,522,88.32326986700618,1,True,True,83,False,8863,3891,45905905,174526537,45905950,174526461,0,0,1666322392,86718,distance_to_pickup,BATCH,hungarian,0,0,order,1
1666409110,49887,821,42.720018726587654,1,True,True,1322,False,8863,3891,45873270,174545902,45873310,174545917,0,0,1666322437,86673,distance_to_pickup,BATCH,hungarian,0,0,order,1
1666409110,169577,3014,54.3323108288245,1,True,True,1206,False,8863,3891,45865669,174573813,45865723,174573807,0,0,1666322452,86658,distance_to_pickup,BATCH,hungarian,0,0,order,1
1666409110,139374,471,97.75479527879949,1,True,True,3220,False,8863,3891,45879274,174648294,45879224,174648210,0,0,1666322503,86607,distance_to_pickup,BATCH,hungarian,0,0,order,1
1666409110,497219,3678,70.06425622241343,1,True,True,322,False,8863,3891,45821903,174523242,45821900,174523312,0,0,1666322561,86549,distance_to_pickup,BATCH,hungarian,0,0,order,1
1666409110,274752,337,71.19691004531025,1,True,True,1540,False,8863,3891,45871244,174595336,45871182,174595371,0,0,1666322567,86543,distance_to_pickup,BATCH,hungarian,0,0,order,1
1666409110,399528,1353,19.1049731745428,1,True,True,3976,False,8863,3891,45821456,174523341,45821475,174523339,0,0,1666322598,86512,distance_to_pickup,BATCH,hungarian,0,0,order,1
1666409110,181672,2064,70.25667228100119,1,True,True,4635,False,8863,3891,45871167,174595947,45871173,174595877,0,0,1666322624,86486,distance_to_pickup,BATCH,hungarian,0,0,order,1
1666409110,112071,1382,84.77027781009096,1,True,True,2825,False,8863,3891,45905860,174530290,45905941,174530265,0,0,1666322673,86437,distance_to_pickup,BATCH,hungarian,0,0,order,1
1666409110,139376,2612,52.3450093132096,1,True,True,3850,False,8863,3891,45894758,174555339,45894720,174555375,0,0,1666322756,86354,distance_to_pickup,BATCH,hungarian,0,0,order,1
1666409110,53018,556,23.769728648009426,1,True,True,3982,False,8863,3891,45895872,174555845,45895866,174555822,0,0,1666322780,86330,distance_to_pickup,BATCH,hungarian,0,0,order,1
1666409110,539188,811,71.40028011149536,1,True,True,96,False,8863,3891,45879771,174546630,45879814,174546573,0,0,1666322782,86328,distance_to_pickup,BATCH,hungarian,0,0,order,1
1666409110,486898,1387,55.362442142665635,1,True,True,2190,False,8863,3891,45899475,174579204,45899423,174579185,0,0,1666322782,86328,distance_to_pickup,BATCH,hungarian,0,0,order,1
1666409110,447663,2352,51.15662224971465,1,True,True,628,False,8863,3891,45787530,174572810,45787526,174572861,0,0,1666322787,86323,distance_to_pickup,BATCH,hungarian,0,0,order,1
1666409110,81377,2399,38.3275357934736,1,True,True,385,False,8863,3891,45892479,174527000,45892474,174527038,0,0,1666322790,86320,distance_to_pickup,BATCH,hungarian,0,0,order,1
1666409110,319833,1789,96.77293009927931,1,True,True,459,False,8863,3891,46043587,174939345,46043676,174939383,0,0,1666322791,86319,distance_to_pickup,BATCH,hungarian,0,0,order,1
1666409110,391336,2690,97.02061636580135,1,True,True,570,False,8863,3891,45875003,174650396,45875005,174650299,0,0,1666322795,86315,distance_to_pickup,BATCH,hungarian,0,0,order,1
1666409110,399530,1538,78.0,1,True,True,272,False,8863,3891,45905905,174526537,45905983,174526537,0,0,1666322795,86315,distance_to_pickup,BATCH,hungarian,0,0,order,1
1666409110,455513,496,84.43340571124678,1,True,True,2609,False,8863,3891,45871088,174595409,45871168,174595436,0,0,1666322858,86252,distance_to_pickup,BATCH,hungarian,0,0,order,1
1666409110,214165,3241,18.384776310850235,1,True,True,2476,False,8863,3891,45905276,174543687,45905259,174543680,0,0,1666322940,86170,distance_to_pickup,BATCH,hungarian,0,0,order,1
1666409110,46651,1779,60.37383539249432,1,True,True,1494,False,8863,3891,45879181,174648271,45879208,174648217,0,0,1666322959,86151,distance_to_pickup,BATCH,hungarian,0,0,order,1
1666409110,99983,2501,14.317821063276353,1,True,True,2818,False,8863,3891,45862206,174579013,45862200,174579000,0,0,1666322961,86149,distance_to_pickup,BATCH,hungarian,0,0,order,1
1666409110,127139,4859,97.082439194738,1,True,True,690,False,8863,3891,45855096,174575796,45855008,174575755,0,0,1666322962,86148,distance_to_pickup,BATCH,hungarian,0,0,order,1
1666409110,291761,2326,83.57032966310472,1,True,True,1058,False,8863,3891,45880041,174634830,45880011,174634908,0,0,1666322962,86148,distance_to_pickup,BATCH,hungarian,0,0,order,1
1666409110,489474,2216,98.00510190801293,1,True,True,2448,False,8863,3891,45880041,174634830,45880138,174634816,0,0,1666322972,86138,distance_to_pickup,BATCH,hungarian,0,0,order,1
1666409110,394431,2436,32.01562118716424,1,True,True,2768,False,8863,3891,45863303,174559942,45863328,174559962,0,0,1666408768,342,distance_to_pickup,BATCH,hungarian,0,0,order,1
1666409110,179070,110,29.966648127543394,1,True,True,1072,False,8863,3891,45896148,174555744,45896121,174555731,0,0,1666408841,269,distance_to_pickup,BATCH,hungarian,0,0,order,1
1666409110,380797,2059,59.481089431852205,1,True,True,2043,False,8863,3891,45860060,174572270,45860007,174572243,0,0,1666408914,196,distance_to_pickup,BATCH,hungarian,0,0,order,1
1666409110,24614,634,56.08029957123981,1,True,True,1811,False,8863,3891,45896070,174555813,45896022,174555842,0,0,1666408749,361,distance_to_pickup,BATCH,hungarian,0,0,order,1
1666409110,303361,372,23.430749027719962,1,True,True,1026,False,8863,3891,45880249,174546573,45880231,174546558,0,0,1666408928,182,distance_to_pickup,BATCH,hungarian,0,0,order,1
1666409110,476892,2300,47.50789408087881,1,True,True,536,False,8863,3891,45879991,174546599,45880015,174546558,0,0,1666408821,289,distance_to_pickup,BATCH,hungarian,0,0,order,1
1666409110,567627,3279,81.34494452638098,1,True,True,2079,False,8863,3891,45890418,174562799,45890474,174562858,0,0,1666409071,39,distance_to_pickup,BATCH,hungarian,0,0,order,1
1666409110,521008,3481,23.430749027719962,1,True,True,64,False,8863,3891,45885892,174563248,45885877,174563266,0,0,1666407954,1156,distance_to_pickup,BATCH,hungarian,0,0,order,1
1666409110,494983,3591,52.3450093132096,1,True,True,3591,True,8863,3891,45859685,174606244,45859633,174606238,0,0,1666408925,185,distance_to_pickup,BATCH,hungarian,0,0,order,1
1666409110,466421,3554,71.56814934033156,1,True,True,2779,False,8863,3891,45860664,174572467,45860595,174572486,0,0,1666408416,694,distance_to_pickup,BATCH,hungarian,0,0,order,1
1666409110,136710,4856,66.06814663663572,1,True,True,2779,False,8863,3891,45860664,174572467,45860598,174572470,0,0,1666408794,316,distance_to_pickup,BATCH,hungarian,0,0,order,1
1666409110,240753,84,24.041630560342615,1,True,True,1251,False,8863,3891,45896259,174552883,45896276,174552900,0,0,1666408850,260,distance_to_pickup,BATCH,hungarian,0,0,order,1
1666409110,314680,2597,68.73136110975832,1,True,True,3426,False,8863,3891,45894760,174555551,45894692,174555561,0,0,1666408644,466,distance_to_pickup,BATCH,hungarian,0,0,order,1
1666409110,229066,2271,26.419689627245813,1,True,True,3426,False,8863,3891,45894760,174555551,45894783,174555564,0,0,1666408876,234,distance_to_pickup,BATCH,hungarian,0,0,order,1
1666409110,311880,470,91.0823802938856,1,True,True,40,False,8863,3891,45879517,174634520,45879607,174634506,0,0,1666409095,15,distance_to_pickup,BATCH,hungarian,0,0,order,1
1666409110,260942,4786,68.00735254367721,1,True,True,829,False,8863,3891,45860511,174572406,45860471,174572351,0,0,1666408934,176,distance_to_pickup,BATCH,hungarian,0,0,order,1
1666409110,297736,3998,42.80186911806539,1,True,True,3998,True,8863,3891,45870533,174595497,45870499,174595471,0,0,1666408850,260,distance_to_pickup,BATCH,hungarian,0,0,order,1
1666409110,266563,1659,75.05997601918082,1,True,True,2569,False,8863,3891,45860511,174572406,45860514,174572481,0,0,1666409002,108,distance_to_pickup,BATCH,hungarian,0,0,order,1
1666409110,325703,2308,34.713109915419565,1,True,True,4529,False,8863,3891,45865184,174556784,45865161,174556758,0,0,1666408529,581,distance_to_pickup,BATCH,hungarian,0,0,order,1
1666409110,547090,1352,33.95585369269929,1,True,True,3882,False,8863,3891,45865184,174556784,45865176,174556817,0,0,1666407800,1310,distance_to_pickup,BATCH,hungarian,0,0,order,1
1666409110,455829,3877,80.99382692526635,1,True,True,2400,False,8863,3891,45860664,174572467,45860588,174572495,0,0,1666409007,103,distance_to_pickup,BATCH,hungarian,0,0,order,1
1666409110,369898,4346,57.38466694161429,1,True,True,1481,False,8863,3891,45870933,174595486,45870986,174595508,0,0,1666408595,515,distance_to_pickup,BATCH,hungarian,0,0,order,1
1666409110,118478,3079,49.47726750741192,1,True,True,1599,False,8863,3891,45871180,174595520,45871168,174595472,0,0,1666408999,111,distance_to_pickup,BATCH,hungarian,0,0,order,1
1666409110,328392,2807,82.73451516749222,1,True,True,93,False,8863,3891,45886648,174551414,45886707,174551472,0,0,1666408813,297,distance_to_pickup,BATCH,hungarian,0,0,order,1
1666409110,176011,776,47.80167361086848,1,True,True,1167,False,8863,3891,45879964,174546543,45880002,174546514,0,0,1666408805,305,distance_to_pickup,BATCH,hungarian,0,0,order,1
1666409110,103464,869,15.0,1,True,True,1167,False,8863,3891,45879964,174546543,45879976,174546534,0,0,1666408989,121,distance_to_pickup,BATCH,hungarian,0,0,order,1
1666409110,391667,3345,54.00925846556311,1,True,True,1163,False,8863,3891,45921142,174542028,45921088,174542027,0,0,1666408972,138,distance_to_pickup,BATCH,hungarian,0,0,order,1
1666409110,372762,4154,16.1245154965971,1,True,True,3940,False,8863,3891,45892890,174567149,45892882,174567163,0,0,1666409072,38,distance_to_pickup,BATCH,hungarian,0,0,order,1
1666409110,418665,1811,78.5175139698144,1,True,True,563,False,8863,3891,45898303,174552929,45898225,174552938,0,0,1666408754,356,distance_to_pickup,BATCH,hungarian,0,0,order,1
1666409110,294941,4100,79.60527620704548,1,True,True,2730,False,8863,3891,45879991,174546599,45880027,174546528,0,0,1666408687,423,distance_to_pickup,BATCH,hungarian,0,0,order,1
1666409110,392760,4200,48.30113870293329,1,True,False,1292,False,8863,3891,45857789,174567827,45857746,174567805,0,0,1665977066,432044,distance_to_pickup,BATCH,hungarian,0,0,order,1
1666409110,566352,215,65.86349520030045,1,True,False,246,False,8863,3891,45890760,174573332,45890817,174573299,0,0,1666063110,346000,distance_to_pickup,BATCH,hungarian,0,0,order,1
1666409110,467784,3337,60.74537019394976,1,True,False,934,False,8863,3891,45875329,174574032,45875362,174574083,0,0,1666063319,345791,distance_to_pickup,BATCH,hungarian,0,0,order,1
1666409110,551002,2621,80.39900496896712,1,True,False,3107,False,8863,3891,45866359,174536720,45866367,174536640,0,0,1666063588,345522,distance_to_pickup,BATCH,hungarian,0,0,order,1
1666409110,310495,2329,40.44749683231337,1,True,False,2237,False,8863,3891,45873015,174626148,45873055,174626142,0,0,1666063659,345451,distance_to_pickup,BATCH,hungarian,0,0,order,1
1666409110,462440,1110,76.15773105863909,1,True,False,3037,False,8863,3891,46047164,174935275,46047146,174935201,0,0,1666063765,345345,distance_to_pickup,BATCH,hungarian,0,0,order,1
1666409110,302006,991,83.0,1,True,False,3335,False,8863,3891,45912088,174529069,45912088,174528986,0,0,1666063766,345344,distance_to_pickup,BATCH,hungarian,0,0,order,1
1666409110,111332,3683,24.20743687382041,1,True,False,3506,False,8863,3891,45851052,174551377,45851071,174551362,0,0,1666149649,259461,distance_to_pickup,BATCH,hungarian,0,0,order,1
1666409110,171920,88,79.88116173416608,1,True,False,1541,False,8863,3891,45865238,174556784,45865193,174556718,0,0,1666149667,259443,distance_to_pickup,BATCH,hungarian,0,0,order,1
1666409110,481163,1759,26.870057685088806,1,True,False,531,False,8863,3891,45767338,174570557,45767357,174570576,0,0,1666149862,259248,distance_to_pickup,BATCH,hungarian,0,0,order,1
1666409110,444324,25,54.67174773134658,1,True,False,1871,False,8863,3891,45856330,174579593,45856288,174579558,0,0,1666150028,259082,distance_to_pickup,BATCH,hungarian,0,0,order,1
1666409110,291067,1217,90.4267659490264,1,True,False,1789,False,8863,3891,46051639,174941470,46051550,174941486,0,0,1666150171,258939,distance_to_pickup,BATCH,hungarian,0,0,order,1
1666409110,102663,2712,95.88534820294495,1,True,False,1825,False,8863,3891,45912607,174588126,45912594,174588221,0,0,1666235052,174058,distance_to_pickup,BATCH,hungarian,0,0,order,1
1666409110,314000,972,63.198101237299845,1,True,False,2124,False,8863,3891,45860918,174556952,45860913,174557015,0,0,1666236390,172720,distance_to_pickup,BATCH,hungarian,0,0,order,1
1666409110,163600,2101,66.03029607687671,1,True,False,2134,False,8863,3891,45871167,174595947,45871169,174595881,0,0,1666322090,87020,distance_to_pickup,BATCH,hungarian,0,0,order,1
1666409110,46645,4792,77.10382610480494,1,True,False,1540,False,8863,3891,45870933,174595486,45871010,174595482,0,0,1666322506,86604,distance_to_pickup,BATCH,hungarian,0,0,order,1
1666409110,428851,3680,75.0066663703967,1,True,False,1674,False,8863,3891,45920795,174542499,45920744,174542444,0,0,1666322672,86438,distance_to_pickup,BATCH,hungarian,0,0,order,1
1666409110,30467,95,81.60882305241266,1,True,False,681,False,8863,3891,45896123,174555589,45896075,174555655,0,0,1666322788,86322,distance_to_pickup,BATCH,hungarian,0,0,order,1
1666409110,74922,3287,91.00549433962765,1,True,False,959,False,8863,3891,45890567,174547445,45890568,174547536,0,0,1666322973,86137,distance_to_pickup,BATCH,hungarian,0,0,order,1
1666409110,396804,155,26.92582403567252,1,True,False,1759,False,8863,3891,45767602,174570675,45767609,174570649,0,0,1666322975,86135,distance_to_pickup,BATCH,hungarian,0,0,order,1
1666409110,333921,2345,99.00505037623081,1,True,False,1563,False,8863,3891,45886306,174544774,45886375,174544703,0,0,1666409084,26,distance_to_pickup,BATCH,hungarian,0,0,order,1
1666409110,380798,1122,72.73238618387272,1,True,False,2002,False,8863,3891,45920947,174542656,45920924,174542725,0,0,1666408916,194,distance_to_pickup,BATCH,hungarian,0,0,order,1
1666409110,56497,1911,89.30845424706443,1,True,False,3283,False,8863,3891,45864073,174582024,45864123,174582098,0,0,1666407895,1215,distance_to_pickup,BATCH,hungarian,0,0,order,1
1666409230,430209,1902,66.24198064671678,1,True,True,3239,False,9355,3716,45830770,174561358,45830828,174561326,0,0,1665972710,436520,distance_to_pickup,BATCH,hungarian,0,0,order,1
1666409230,340527,2342,24.515301344262525,1,True,True,3527,False,9355,3716,45865332,174581152,45865337,174581176,0,0,1665975234,433996,distance_to_pickup,BATCH,hungarian,0,0,order,1
1666409230,95400,2788,77.82673062643708,1,True,True,2592,False,9355,3716,45889748,174535576,45889679,174535612,0,0,1665976505,432725,distance_to_pickup,BATCH,hungarian,0,0,order,1
1666409230,519424,2731,58.69412236331676,1,True,True,34,False,9355,3716,45874757,174650325,45874743,174650268,0,0,1665976618,432612,distance_to_pickup,BATCH,hungarian,0,0,order,1
1666409230,51478,2638,85.32877591996736,1,True,True,1319,False,9355,3716,45884892,174635297,45884907,174635381,0,0,1665977186,432044,distance_to_pickup,BATCH,hungarian,0,0,order,1
1666409230,156050,3242,95.2102935611481,1,True,True,835,False,9355,3716,45907759,174546285,45907668,174546257,0,0,1665977195,432035,distance_to_pickup,BATCH,hungarian,0,0,order,1
1666409230,360004,640,54.45181356024793,1,True,True,268,False,9355,3716,45907759,174546285,45907721,174546324,0,0,1665977215,432015,distance_to_pickup,BATCH,hungarian,0,0,order,1
1666409230,390046,1368,40.496913462633174,1,True,True,2258,False,9355,3716,45902660,174556330,45902674,174556292,0,0,1665977366,431864,distance_to_pickup,BATCH,hungarian,0,0,order,1
1666409230,244734,1841,30.479501308256342,1,True,True,659,False,9355,3716,45787530,174572810,45787553,174572790,0,0,1665977373,431857,distance_to_pickup,BATCH,hungarian,0,0,order,1
1666409230,147270,1325,79.25906888173743,1,True,True,1731,False,9355,3716,45902170,174581100,45902239,174581139,0,0,1666010715,398515,distance_to_pickup,BATCH,hungarian,0,0,order,1
1666409230,19792,564,31.25699921617557,1,True,True,1227,False,9355,3716,45886802,174544898,45886833,174544902,0,0,1666062731,346499,distance_to_pickup,BATCH,hungarian,0,0,order,1
1666409230,540732,702,89.35882720806042,1,True,True,221,False,9355,3716,45861045,174600084,45860956,174600076,0,0,1666062798,346432,distance_to_pickup,BATCH,hungarian,0,0,order,1
1666409230,395758,255,58.249463516842795,1,True,True,2438,False,9355,3716,45887639,174579160,45887651,174579103,0,0,1666063014,346216,distance_to_pickup,BATCH,hungarian,0,0,order,1
1666409230,483361,2629,83.15046602394962,1,True,True,611,False,9355,3716,45861752,174582541,45861747,174582624,0,0,1666063124,346106,distance_to_pickup,BATCH,hungarian,0,0,order,1
1666409230,265150,970,84.50443775329198,1,True,True,2445,False,9355,3716,45839765,174551620,45839711,174551555,0,0,1666063132,346098,distance_to_pickup,BATCH,hungarian,0,0,order,1
1666409230,150377,61,63.00793600809346,1,True,True,2343,False,9355,3716,45817661,174564467,45817662,174564530,0,0,1666063166,346064,distance_to_pickup,BATCH,hungarian,0,0,order,1
1666409230,329745,4207,93.17188417113823,1,True,True,3616,False,9355,3716,45874736,174577874,45874716,174577965,0,0,1666063223,346007,distance_to_pickup,BATCH,hungarian,0,0,order,1
1666409230,467784,3337,97.01546268507923,1,True,True,934,False,9355,3716,45875329,174574032,45875423,174574056,0,0,1666063319,345911,distance_to_pickup,BATCH,hungarian,0,0,order,1
1666409230,35739,2470,55.226805085936306,1,True,True,1087,False,9355,3716,45896231,174555803,45896226,174555858,0,0,1666063331,345899,distance_to_pickup,BATCH,hungarian,0,0,order,1
1666409230,465058,2022,86.45229898620394,1,True,True,492,False,9355,3716,45896190,174554821,45896133,174554886,0,0,1666063336,345894,distance_to_pickup,BATCH,hungarian,0,0,order,1
1666409230,530286,2606,94.02127418834527,1,True,True,432,False,9355,3716,45879721,174647791,45879627,174647793,0,0,1666063392,345838,distance_to_pickup,BATCH,hungarian,0,0,order,1
1666409230,279538,2249,43.104524124504614,1,True,True,2856,False,9355,3716,45884468,174592977,45884471,174593020,0,0,1666063396,345834,distance_to_pickup,BATCH,hungarian,0,0,order,1
1666409230,132210,2183,89.10667763978185,1,True,True,825,False,9355,3716,45867022,174574102,45867086,174574164,0,0,1666063423,345807,distance_to_pickup,BATCH,hungarian,0,0,order,1
1666409230,248054,1689,90.0222194794152,1,True,True,1378,False,9355,3716,45883232,174592571,45883230,174592661,0,0,1666063434,345796,distance_to_pickup,BATCH,hungarian,0,0,order,1
1666409230,566359,659,96.13532129243653,1,True,True,2205,False,9355,3716,45780101,174563281,45780132,174563372,0,0,1666063483,345747,distance_to_pickup,BATCH,hungarian,0,0,order,1
1666409230,551002,2509,42.720018726587654,1,True,True,3107,False,9355,3716,45866359,174536720,45866382,174536756,0,0,1666063588,345642,distance_to_pickup,BATCH,hungarian,0,0,order,1
1666409230,70663,3503,91.67878707749138,1,True,True,3503,True,9355,3716,45905822,174530389,45905880,174530318,0,0,1666063607,345623,distance_to_pickup,BATCH,hungarian,0,0,order,1
1666409230,430568,4012,54.74486277268398,1,True,True,2207,False,9355,3716,45817660,174564420,45817651,174564474,0,0,1666063655,345575,distance_to_pickup,BATCH,hungarian,0,0,order,1
1666409230,321598,2712,68.0294054067798,1,True,True,911,False,9355,3716,45912361,174588021,45912389,174587959,0,0,1666063740,345490,distance_to_pickup,BATCH,hungarian,0,0,order,1
1666409230,454563,2038,41.23105625617661,1,True,True,48,False,9355,3716,45866698,174606413,45866714,174606451,0,0,1666063766,345464,distance_to_pickup,BATCH,hungarian,0,0,order,1
1666409230,313335,31,75.16648189186454,1,True,True,1545,False,9355,3716,46051597,174947220,46051660,174947179,0,0,1666063769,345461,distance_to_pickup,BATCH,hungarian,0,0,order,1
1666409230,204417,2435,89.27485648266257,1,True,True,296,False,9355,3716,45875792,174574232,45875799,174574321,0,0,1666148596,260634,distance_to_pickup,BATCH,hungarian,0,0,order,1
1666409230,566674,2515,39.56008088970496,1,True,True,3374,False,9355,3716,45901660,174579130,45901698,174579119,0,0,1666148982,260248,distance_to_pickup,BATCH,hungarian,0,0,order,1
1666409230,138606,3485,85.09406559801923,1,True,True,2212,False,9355,3716,45911894,174529244,45911865,174529164,0,0,1666149148,260082,distance_to_pickup,BATCH,hungarian,0,0,order,1
1666409230,93013,1234,83.16850365372699,1,True,True,1991,False,9355,3716,45907759,174546285,45907733,174546206,0,0,1666149244,259986,distance_to_pickup,BATCH,hungarian,0,0,order,1
1666409230,357864,472,73.10950690573696,1,True,True,3694,False,9355,3716,45880013,174648313,45880009,174648240,0,0,1666149326,259904,distance_to_pickup,BATCH,hungarian,0,0,order,1
1666409230,225099,1915,89.98888820293314,1,True,True,3481,False,9355,3716,45885886,174563236,45885799,174563259,0,0,1666149440,259790,distance_to_pickup,BATCH,hungarian,0,0,order,1
1666409230,23392,2377,61.587336360651285,1,True,True,1238,False,9355,3716,45897803,174552932,45897751,174552899,0,0,1666149479,259751,distance_to_pickup,BATCH,hungarian,0,0,order,1
1666409230,527958,1674,80.62257748298549,1,True,True,1712,False,9355,3716,45907759,174546285,45907703,174546227,0,0,1666149538,259692,distance_to_pickup,BATCH,hungarian,0,0,order,1
1666409230,222249,182,63.702433234531945,1,True,True,407,False,9355,3716,45898320,174550193,45898273,174550236,0,0,1666149561,259669,distance_to_pickup,BATCH,hungarian,0,0,order,1
1666409230,29728,1911,36.124783736376884,1,True,True,1453,False,9355,3716,45864785,174580827,45864761,174580800,0,0,1666149573,259657,distance_to_pickup,BATCH,hungarian,0,0,order,1
1666409230,156733,1133,65.11528238439882,1,True,True,2695,False,9355,3716,45867072,174602180,45867024,174602224,0,0,1666149593,259637,distance_to_pickup,BATCH,hungarian,0,0,order,1
1666409230,313669,1203,27.202941017470888,1,True,True,2722,False,9355,3716,45869364,174570875,45869338,174570883,0,0,1666149620,259610,distance_to_pickup,BATCH,hungarian,0,0,order,1
1666409230,83688,658,59.135437767890075,1,True,True,62,False,9355,3716,45884292,174549036,45884273,174548980,0,0,1666149722,259508,distance_to_pickup,BATCH,hungarian,0,0,order,1
1666409230,355092,189,87.13208364316786,1,True,True,1958,False,9355,3716,45861015,174563891,45860969,174563817,0,0,1666149754,259476,distance_to_pickup,BATCH,hungarian,0,0,order,1
1666409230,198510,1380,12.083045973594572,1,True,True,751,False,9355,3716,45894842,174555253,45894837,174555242,0,0,1666149771,259459,distance_to_pickup,BATCH,hungarian,0,0,order,1
1666409230,305152,823,55.326304774492215,1,True,True,4271,False,9355,3716,45898786,174565946,45898792,174566001,0,0,1666149784,259446,distance_to_pickup,BATCH,hungarian,0,0,order,1
1666409230,360654,1669,24.758836806279895,1,True,True,800,False,9355,3716,45860012,174579182,45860029,174579164,0,0,1666149831,259399,distance_to_pickup,BATCH,hungarian,0,0,order,1
1666409230,189768,1814,93.30058949438637,1,True,True,3055,False,9355,3716,46047216,174937386,46047127,174937358,0,0,1666149862,259368,distance_to_pickup,BATCH,hungarian,0,0,order,1
1666409230,236782,1664,89.55445270895244,1,True,True,3004,False,9355,3716,45880065,174546669,45880101,174546587,0,0,1666149875,259355,distance_to_pickup,BATCH,hungarian,0,0,order,1
1666409230,171923,2020,66.64082832618455,1,True,True,2514,False,9355,3716,45910030,174526320,45910090,174526291,0,0,1666149877,259353,distance_to_pickup,BATCH,hungarian,0,0,order,1
1666409230,89871,894,20.591260281974,1,True,True,543,False,9355,3716,45870851,174548314,45870861,174548296,0,0,1666149879,259351,distance_to_pickup,BATCH,hungarian,0,0,order,1
1666409230,398862,1360,95.85927185202274,1,True,True,2314,False,9355,3716,45877827,174578601,45877794,174578511,0,0,1666149900,259330,distance_to_pickup,BATCH,hungarian,0,0,order,1
1666409230,360660,90,57.48912940721924,1,True,True,1221,False,9355,3716,45877827,174578601,45877814,174578545,0,0,1666149960,259270,distance_to_pickup,BATCH,hungarian,0,0,order,1
1666409230,189772,3332,64.76109943476871,1,True,True,562,False,9355,3716,45864220,174594845,45864283,174594830,0,0,1666149962,259268,distance_to_pickup,BATCH,hungarian,0,0,order,1
1666409230,310868,2103,49.678969393496885,1,True,True,875,False,9355,3716,45857789,174567827,45857821,174567865,0,0,1666149985,259245,distance_to_pickup,BATCH,hungarian,0,0,order,1
1666409230,404287,1223,84.00595217006948,1,True,True,3375,False,9355,3716,46047202,174938679,46047118,174938680,0,0,1666149988,259242,distance_to_pickup,BATCH,hungarian,0,0,order,1
1666409230,74163,3117,80.2122185206219,1,True,True,1684,False,9355,3716,45872595,174584692,45872530,174584645,0,0,1666149994,259236,distance_to_pickup,BATCH,hungarian,0,0,order,1
1666409230,535858,3679,38.91015291668744,1,True,True,389,False,9355,3716,45866079,174600663,45866062,174600698,0,0,1666150003,259227,distance_to_pickup,BATCH,hungarian,0,0,order,1
1666409230,168864,2062,64.47480127925948,1,True,True,2425,False,9355,3716,45840525,174550988,45840551,174550929,0,0,1666150009,259221,distance_to_pickup,BATCH,hungarian,0,0,order,1
1666409230,444324,2569,14.560219778561036,1,True,True,1871,False,9355,3716,45856330,174579593,45856326,174579607,0,0,1666150028,259202,distance_to_pickup,BATCH,hungarian,0,0,order,1
1666409230,210482,1424,24.08318915758459,1,True,True,2373,False,9355,3716,45876580,174545960,45876604,174545958,0,0,1666150048,259182,distance_to_pickup,BATCH,hungarian,0,0,order,1
1666409230,349476,3372,35.4682957019364,1,True,True,3679,False,9355,3716,45870386,174606490,45870359,174606513,0,0,1666150168,259062,distance_to_pickup,BATCH,hungarian,0,0,order,1
1666409230,291069,4128,89.04493247793498,1,True,True,2538,False,9355,3716,45885799,174544728,45885751,174544803,0,0,1666150168,259062,distance_to_pickup,BATCH,hungarian,0,0,order,1
1666409230,129459,937,87.96590248499699,1,True,True,1574,False,9355,3716,45866351,174556191,45866364,174556104,0,0,1666150171,259059,distance_to_pickup,BATCH,hungarian,0,0,order,1
1666409230,201539,3218,81.05553651663777,1,True,True,1931,False,9355,3716,45921241,174541506,45921304,174541557,0,0,1666150175,259055,distance_to_pickup,BATCH,hungarian,0,0,order,1
1666409230,260165,2778,15.811388300841896,1,True,True,1902,False,9355,3716,45838182,174541241,45838197,174541236,0,0,1666234592,174638,distance_to_pickup,BATCH,hungarian,0,0,order,1
1666409230,49433,2787,52.80151512977634,1,True,True,4427,False,9355,3716,45866351,174556191,45866383,174556149,0,0,1666235081,174149,distance_to_pickup,BATCH,hungarian,0,0,order,1
1666409230,213755,871,60.802960454241045,1,True,True,671,False,9355,3716,45863396,174583501,45863347,174583537,0,0,1666235533,173697,distance_to_pickup,BATCH,hungarian,0,0,order,1
1666409230,234102,763,60.14149981501958,1,True,True,705,False,9355,3716,45863395,174583590,45863354,174583546,0,0,1666235966,173264,distance_to_pickup,BATCH,hungarian,0,0,order,1
1666409230,463067,1346,96.00520819205592,1,True,True,692,False,9355,3716,45859909,174572340,45859945,174572251,0,0,1666235994,173236,distance_to_pickup,BATCH,hungarian,0,0,order,1
1666409230,148107,1195,70.9365914038728,1,True,True,885,False,9355,3716,45860804,174548317,45860778,174548251,0,0,1666236032,173198,distance_to_pickup,BATCH,hungarian,0,0,order,1
1666409230,151105,2996,66.57326790837296,1,True,True,2031,False,9355,3716,45877560,174595910,45877504,174595874,0,0,1666236080,173150,distance_to_pickup,BATCH,hungarian,0,0,order,1
1666409230,222578,2444,92.19544457292888,1,True,True,1054,False,9355,3716,46054689,174946657,46054773,174946695,0,0,1666236161,173069,distance_to_pickup,BATCH,hungarian,0,0,order,1
1666409230,496922,4219,13.341664064126334,1,True,True,1312,False,9355,3716,45876580,174545960,45876567,174545963,0,0,1666236214,173016,distance_to_pickup,BATCH,hungarian,0,0,order,1
1666409230,204813,324,59.135437767890075,1,True,True,3220,False,9355,3716,45879175,174650529,45879234,174650525,0,0,1666236220,173010,distance_to_pickup,BATCH,hungarian,0,0,order,1
1666409230,476250,2341,76.11832893594026,1,True,True,893,False,9355,3716,45769657,174579892,45769582,174579905,0,0,1666236221,173009,distance_to_pickup,BATCH,hungarian,0,0,order,1
1666409230,316733,1874,16.76305461424021,1,True,True,4172,False,9355,3716,45920412,174542723,45920396,174542718,0,0,1666236243,172987,distance_to_pickup,BATCH,hungarian,0,0,order,1
1666409230,308375,660,58.137767414994535,1,True,True,1068,False,9355,3716,45885082,174594249,45885056,174594301,0,0,1666236385,172845,distance_to_pickup,BATCH,hungarian,0,0,order,1
1666409230,523041,2556,53.03772242470448,1,True,True,2224,False,9355,3716,45896298,174578827,45896351,174578825,0,0,1666236391,172839,distance_to_pickup,BATCH,hungarian,0,0,order,1
1666409230,142052,2124,87.8179936004006,1,True,True,171,False,9355,3716,45864552,174564010,45864628,174564054,0,0,1666236391,172839,distance_to_pickup,BATCH,hungarian,0,0,order,1
1666409230,473620,1199,50.44799302251776,1,True,True,798,False,9355,3716,45874942,174536177,45874981,174536145,0,0,1666236405,172825,distance_to_pickup,BATCH,hungarian,0,0,order,1
1666409230,494352,3004,31.78049716414141,1,True,True,59,False,9355,3716,45896298,174578827,45896329,174578820,0,0,1666236418,172812,distance_to_pickup,BATCH,hungarian,0,0,order,1
1666409230,335950,2248,22.561028345356956,1,True,True,1217,False,9355,3716,46052360,174944760,46052355,174944738,0,0,1666236567,172663,distance_to_pickup,BATCH,hungarian,0,0,order,1
1666409230,491789,144,52.03844732503075,1,True,True,1825,False,9355,3716,45912560,174588053,45912612,174588055,0,0,1666236568,172662,distance_to_pickup,BATCH,hungarian,0,0,order,1
1666409230,198872,2635,20.518284528683193,1,True,True,751,False,9355,3716,45887812,174556789,45887798,174556804,0,0,1666236579,172651,distance_to_pickup,BATCH,hungarian,0,0,order,1
1666409230,14079,1559,98.00510190801293,1,True,True,722,False,9355,3716,45895217,174555165,45895131,174555118,0,0,1666236581,172649,distance_to_pickup,BATCH,hungarian,0,0,order,1
1666409230,178559,693,83.86298349093002,1,True,True,1194,False,9355,3716,45912080,174529170,45912123,174529242,0,0,1666312992,96238,distance_to_pickup,BATCH,hungarian,0,0,order,1
1666409230,468641,1484,56.462376853972415,1,True,True,3756,False,9355,3716,45865902,174600697,45865850,174600675,0,0,1666318468,90762,distance_to_pickup,BATCH,hungarian,0,0,order,1
1666409230,385844,2097,50.24937810560445,1,True,True,1293,False,9355,3716,45893260,174543840,45893310,174543835,0,0,1666321634,87596,distance_to_pickup,BATCH,hungarian,0,0,order,1
1666409230,148455,3291,34.713109915419565,1,True,True,1025,False,9355,3716,45864638,174583106,45864664,174583129,0,0,1666322036,87194,distance_to_pickup,BATCH,hungarian,0,0,order,1
1666409230,205170,2599,73.24616030891995,1,True,True,1541,False,9355,3716,45859254,174579529,45859311,174579483,0,0,1666322065,87165,distance_to_pickup,BATCH,hungarian,0,0,order,1
1666409230,163600,3373,81.30190649671138,1,True,True,2134,False,9355,3716,45871167,174595947,45871236,174595904,0,0,1666322090,87140,distance_to_pickup,BATCH,hungarian,0,0,order,1
1666409230,302995,2687,65.76473218982953,1,True,True,633,False,9355,3716,45864063,174582209,45864121,174582240,0,0,1666322110,87120,distance_to_pickup,BATCH,hungarian,0,0,order,1
1666409230,36897,506,33.015148038438355,1,True,True,3558,False,9355,3716,45868629,174606647,45868596,174606648,0,0,1666322155,87075,distance_to_pickup,BATCH,hungarian,0,0,order,1
1666409230,364135,2627,17.029386365926403,1,True,True,3731,False,9355,3716,45895331,174566202,45895344,174566191,0,0,1666322164,87066,distance_to_pickup,BATCH,hungarian,0,0,order,1
1666409230,322577,665,73.23933369440222,1,True,True,1878,False,9355,3716,45861805,174582434,45861763,174582374,0,0,1666322226,87004,distance_to_pickup,BATCH,hungarian,0,0,order,1
1666409230,388657,3034,23.08679276123039,1,True,True,492,False,9355,3716,45896150,174555690,45896127,174555688,0,0,1666322325,86905,distance_to_pickup,BATCH,hungarian,0,0,order,1
1666409230,225823,1964,52.773099207835045,1,True,True,432,False,9355,3716,45873126,174626333,45873074,174626324,0,0,1666322425,86805,distance_to_pickup,BATCH,hungarian,0,0,order,1
1666409230,46645,3358,36.76955262170047,1,True,True,1540,False,9355,3716,45870933,174595486,45870907,174595512,0,0,1666322506,86724,distance_to_pickup,BATCH,hungarian,0,0,order,1
1666409230,325346,1751,53.03772242470448,1,True,True,1946,False,9355,3716,45909202,174523158,45909164,174523195,0,0,1666322508,86722,distance_to_pickup,BATCH,hungarian,0,0,order,1
1666409230,317054,391,92.9623579735368,1,True,True,3458,False,9355,3716,45898432,174553759,45898523,174553740,0,0,1666322555,86675,distance_to_pickup,BATCH,hungarian,0,0,order,1
1666409230,442246,3830,54.589376255824725,1,True,True,2805,False,9355,3716,45867670,174566736,45867696,174566784,0,0,1666322570,86660,distance_to_pickup,BATCH,hungarian,0,0,order,1
1666409230,148471,479,51.86520991955976,1,True,True,3563,False,9355,3716,45857425,174567864,45857408,174567815,0,0,1666322660,86570,distance_to_pickup,BATCH,hungarian,0,0,order,1
1666409230,525968,1740,83.93449827097318,1,True,True,1790,False,9355,3716,45895683,174554863,45895652,174554785,0,0,1666322780,86450,distance_to_pickup,BATCH,hungarian,0,0,order,1
1666409230,112077,1993,59.464274989274024,1,True,True,368,False,9355,3716,45865623,174581146,45865579,174581186,0,0,1666322782,86448,distance_to_pickup,BATCH,hungarian,0,0,order,1
1666409230,30467,2774,53.03772242470448,1,True,True,681,False,9355,3716,45896123,174555589,45896125,174555536,0,0,1666322788,86442,distance_to_pickup,BATCH,hungarian,0,0,order,1
1666409230,130231,1251,87.09190547921202,1,True,True,2236,False,9355,3716,45890376,174545817,45890292,174545840,0,0,1666322792,86438,distance_to_pickup,BATCH,hungarian,0,0,order,1
1666409230,175627,3548,90.13878188659973,1,True,True,3271,False,9355,3716,45883480,174592800,45883530,174592875,0,0,1666322797,86433,distance_to_pickup,BATCH,hungarian,0,0,order,1
1666409230,211225,2070,26.92582403567252,1,True,True,4096,False,9355,3716,45892908,174566908,45892922,174566931,0,0,1666322799,86431,distance_to_pickup,BATCH,hungarian,0,0,order,1
1666409230,20934,462,25.079872407968907,1,True,True,1290,False,9355,3716,46052385,174946069,46052360,174946071,0,0,1666322960,86270,distance_to_pickup,BATCH,hungarian,0,0,order,1
1666409230,512986,52,30.0,1,True,True,385,False,9355,3716,45892479,174527000,45892461,174527024,0,0,1666322965,86265,distance_to_pickup,BATCH,hungarian,0,0,order,1
1666409230,84369,817,47.20169488482379,1,True,True,1643,False,9355,3716,45894039,174584286,45894067,174584248,0,0,1666322968,86262,distance_to_pickup,BATCH,hungarian,0,0,order,1
1666409230,74922,3287,91.00549433962765,1,True,True,959,False,9355,3716,45890567,174547445,45890568,174547536,0,0,1666322973,86257,distance_to_pickup,BATCH,hungarian,0,0,order,1
1666409230,178650,1564,47.53945729601885,1,True,True,518,False,9355,3716,45772747,174569973,45772703,174569991,0,0,1666322975,86255,distance_to_pickup,BATCH,hungarian,0,0,order,1
1666409230,263424,2596,88.95504482602435,1,True,True,1703,False,9355,3716,45858621,174593588,45858538,174593620,0,0,1666322979,86251,distance_to_pickup,BATCH,hungarian,0,0,order,1
1666409230,243564,93,61.18823416311342,1,True,True,60,False,9355,3716,45886274,174551366,45886262,174551426,0,0,1666406831,2399,distance_to_pickup,BATCH,hungarian,0,0,order,1
1666409230,217505,609,81.54140052758476,1,True,True,493,False,9355,3716,45896864,174552987,45896796,174552942,0,0,1666408252,978,distance_to_pickup,BATCH,hungarian,0,0,order,1
1666409230,65968,2829,53.009433122794285,1,True,True,3426,False,9355,3716,45894760,174555551,45894759,174555498,0,0,1666408758,472,distance_to_pickup,BATCH,hungarian,0,0,order,1
1666409230,43806,310,53.2634959423431,1,True,True,408,False,9355,3716,45859004,174571079,45859045,174571045,0,0,1666408763,467,distance_to_pickup,BATCH,hungarian,0,0,order,1
1666409230,37285,2854,79.02531240052139,1,True,True,830,False,9355,3716,45920336,174546846,45920338,174546925,0,0,1666408794,436,distance_to_pickup,BATCH,hungarian,0,0,order,1
1666409230,567621,2324,87.23531395025755,1,True,True,2500,False,9355,3716,45880041,174634830,45880078,174634909,0,0,1666408813,417,distance_to_pickup,BATCH,hungarian,0,0,order,1
1666409230,500191,3440,78.16009211867653,1,True,True,1334,False,9355,3716,45879398,174650478,45879403,174650556,0,0,1666408852,378,distance_to_pickup,BATCH,hungarian,0,0,order,1
1666409230,380798,3005,76.69419795525604,1,True,True,2002,False,9355,3716,45920947,174542656,45920876,174542685,0,0,1666408916,314,distance_to_pickup,BATCH,hungarian,0,0,order,1
1666409230,62776,3629,65.52098900352466,1,True,True,1597,False,9355,3716,45820098,174521905,45820035,174521923,0,0,1666409064,166,distance_to_pickup,BATCH,hungarian,0,0,order,1
1666409230,494989,4145,79.81227975693966,1,True,True,4100,False,9355,3716,45880118,174547076,45880139,174547153,0,0,1666409066,164,distance_to_pickup,BATCH,hungarian,0,0,order,1
1666409230,272288,2462,77.02596964660685,1,True,True,2797,False,9355,3716,45875003,174650396,45875001,174650319,0,0,1666409070,160,distance_to_pickup,BATCH,hungarian,0,0,order,1
1666409230,554815,1749,52.40229002629561,1,True,True,483,False,9355,3716,45870933,174595486,45870894,174595521,0,0,1666409072,158,distance_to_pickup,BATCH,hungarian,0,0,order,1
1666409230,410640,43,69.77105417004964,1,True,True,3981,False,9355,3716,45879847,174634806,45879879,174634868,0,0,1666409078,152,distance_to_pickup,BATCH,hungarian,0,0,order,1
1666409230,115457,1571,57.0087712549569,1,True,True,2069,False,9355,3716,45838183,174574557,45838204,174574504,0,0,1666409096,134,distance_to_pickup,BATCH,hungarian,0,0,order,1
1666409230,103459,1143,42.190046219457976,1,True,True,3801,False,9355,3716,45871376,174543186,45871380,174543144,0,0,1666409218,12,distance_to_pickup,BATCH,hungarian,0,0,order,1
1666409230,115459,2521,88.41379982785493,1,True,True,3769,False,9355,3716,45879991,174546599,45880055,174546538,0,0,1666409199,31,distance_to_pickup,BATCH,hungarian,0,0,order,1
1666409230,176013,3088,95.4829827770373,1,True,True,244,False,9355,3716,45868815,174575335,45868884,174575269,0,0,1666409219,11,distance_to_pickup,BATCH,hungarian,0,0,order,1
1666409230,448024,1618,20.518284528683193,1,True,True,2500,False,9355,3716,45879676,174634978,45879690,174634993,0,0,1666409168,62,distance_to_pickup,BATCH,hungarian,0,0,order,1
1666409230,439965,4002,14.560219778561036,1,True,True,3795,False,9355,3716,45885789,174597626,45885803,174597630,0,0,1666409182,48,distance_to_pickup,BATCH,hungarian,0,0,order,1
1666409230,24597,369,23.600847442411894,1,True,True,3251,False,9355,3716,45892851,174567077,45892870,174567063,0,0,1666408139,1091,distance_to_pickup,BATCH,hungarian,0,0,order,1
1666409230,289337,387,39.45883931389772,1,True,True,24,False,9355,3716,45879833,174546530,45879827,174546491,0,0,1666408032,1198,distance_to_pickup,BATCH,hungarian,0,0,order,1
1666409230,515905,2730,67.67569726275453,1,True,True,434,False,9355,3716,45879964,174546543,45880002,174546487,0,0,1666408894,336,distance_to_pickup,BATCH,hungarian,0,0,order,1
1666409230,554810,434,16.76305461424021,1,True,True,434,True,9355,3716,45879964,174546543,45879980,174546538,0,0,1666408873,357,distance_to_pickup,BATCH,hungarian,0,0,order,1
1666409230,399873,1091,66.73080248281148,1,True,True,2846,False,9355,3716,45863303,174559942,45863336,174560000,0,0,1666409186,44,distance_to_pickup,BATCH,hungarian,0,0,order,1
1666409230,410641,1293,63.56099432828282,1,True,True,1293,True,9355,3716,45900979,174542411,45900917,174542397,0,0,1666409188,42,distance_to_pickup,BATCH,hungarian,0,0,order,1
1666409230,243568,2947,83.86298349093002,1,True,True,989,False,9355,3716,45890020,174544960,45890008,174545043,0,0,1666407386,1844,distance_to_pickup,BATCH,hungarian,0,0,order,1
1666409230,5196,840,94.06912352095134,1,True,True,2683,False,9355,3716,46050364,174945453,46050299,174945385,0,0,1666409190,40,distance_to_pickup,BATCH,hungarian,0,0,order,1
1666409230,394436,2793,60.67124524847005,1,True,True,945,False,9355,3716,45880121,174546722,45880181,174546713,0,0,1666409195,35,distance_to_pickup,BATCH,hungarian,0,0,order,1
1666409230,415927,2560,56.00892785976178,1,True,True,1408,False,9355,3716,45865177,174556709,45865178,174556653,0,0,1666408522,708,distance_to_pickup,BATCH,hungarian,0,0,order,1
1666409230,333925,200,84.81155581640984,1,True,True,1848,False,9355,3716,46050096,174941918,46050044,174941851,0,0,1666409155,75,distance_to_pickup,BATCH,hungarian,0,0,order,1
1666409230,97228,4792,77.10382610480494,1,True,True,3232,False,9355,3716,45870933,174595486,45871010,174595482,0,0,1666409071,159,distance_to_pickup,BATCH,hungarian,0,0,order,1
1666409230,353362,1458,81.49233092751734,1,True,True,3232,False,9355,3716,45871167,174595947,45871238,174595987,0,0,1666409182,48,distance_to_pickup,BATCH,hungarian,0,0,order,1
1666409230,169993,389,64.38167441127949,1,True,True,2142,False,9355,3716,45866961,174601021,45866914,174600977,0,0,1666408770,460,distance_to_pickup,BATCH,hungarian,0,0,order,1
1666409230,176002,1688,6.708203932499369,1,True,True,483,False,9355,3716,45871180,174595520,45871183,174595526,0,0,1666408629,601,distance_to_pickup,BATCH,hungarian,0,0,order,1
1666409230,47077,1306,21.95449840010015,1,True,True,2009,False,9355,3716,45874747,174650084,45874736,174650065,0,0,1666409216,14,distance_to_pickup,BATCH,hungarian,0,0,order,1
1666409230,502847,1277,85.42247947700886,1,True,True,95,False,9355,3716,45894757,174555382,45894718,174555458,0,0,1666409188,42,distance_to_pickup,BATCH,hungarian,0,0,order,1
1666409230,453243,1032,47.80167361086848,1,True,True,2093,False,9355,3716,45848100,174609236,45848062,174609265,0,0,1666409136,94,distance_to_pickup,BATCH,hungarian,0,0,order,1
1666409230,260945,1019,97.86725703727473,1,True,True,545,False,9355,3716,45880249,174546573,45880262,174546476,0,0,1666409047,183,distance_to_pickup,BATCH,hungarian,0,0,order,1
1666409230,160949,1835,37.48332962798263,1,True,True,945,False,9355,3716,45880190,174546645,45880184,174546608,0,0,1666409197,33,distance_to_pickup,BATCH,hungarian,0,0,order,1
1666409230,547095,1757,18.027756377319946,1,True,True,1814,False,9355,3716,46052281,174932534,46052287,174932517,0,0,1666409188,42,distance_to_pickup,BATCH,hungarian,0,0,order,1
1666409230,394439,1957,41.10960958218893,1,True,True,3033,False,9355,3716,45883093,174592612,45883106,174592651,0,0,1666409183,47,distance_to_pickup,BATCH,hungarian,0,0,order,1
1666409230,528934,1145,94.04786015641186,1,True,True,2759,False,9355,3716,45870533,174595497,45870600,174595431,0,0,1666409185,45,distance_to_pickup,BATCH,hungarian,0,0,order,1
1666409230,62771,938,51.66236541235796,1,True,True,3511,False,9355,3716,45874742,174650123,45874692,174650110,0,0,1666409006,224,distance_to_pickup,BATCH,hungarian,0,0,order,1
1666409230,381844,865,90.19977827023745,1,True,False,1835,False,9355,3716,45857992,174606072,45857902,174606078,0,0,1665977325,431905,distance_to_pickup,BATCH,hungarian,0,0,order,1
1666409230,259153,2682,89.10667763978185,1,True,False,3191,False,9355,3716,45880110,174548040,45880022,174548054,0,0,1665977345,431885,distance_to_pickup,BATCH,hungarian,0,0,order,1
1666409230,338052,2232,62.6418390534633,1,True,False,1958,False,9355,3716,45852183,174556342,45852165,174556402,0,0,1666063508,345722,distance_to_pickup,BATCH,hungarian,0,0,order,1
1666409230,299136,2819,22.02271554554524,1,True,False,644,False,9355,3716,46052554,174946860,46052553,174946838,0,0,1666063588,345642,distance_to_pickup,BATCH,hungarian,0,0,order,1
1666409230,344034,1269,63.28506932918696,1,True,False,1189,False,9355,3716,45912289,174526370,45912226,174526376,0,0,1666149639,259591,distance_to_pickup,BATCH,hungarian,0,0,order,1
1666409230,86767,4126,53.600373133029585,1,True,False,627,False,9355,3716,45884314,174581795,45884346,174581838,0,0,1666149739,259491,distance_to_pickup,BATCH,hungarian,0,0,order,1
1666409230,105286,1487,43.04648650006177,1,True,False,3679,False,9355,3716,45866326,174602374,45866289,174602352,0,0,1666149901,259329,distance_to_pickup,BATCH,hungarian,0,0,order,1
1666409230,183886,2668,83.86894538504703,1,True,False,4032,False,9355,3716,45856328,174549215,45856381,174549150,0,0,1666149935,259295,distance_to_pickup,BATCH,hungarian,0,0,order,1
1666409230,259851,2938,81.60882305241266,1,True,False,1396,False,9355,3716,45889570,174545110,45889648,174545134,0,0,1666150129,259101,distance_to_pickup,BATCH,hungarian,0,0,order,1
1666409230,825,813,44.598206241955516,1,True,False,723,False,9355,3716,45898317,174553837,45898332,174553879,0,0,1666150159,259071,distance_to_pickup,BATCH,hungarian,0,0,order,1
1666409230,192656,284,99.00505037623081,1,True,False,772,False,9355,3716,45895784,174554868,45895875,174554829,0,0,1666150175,259055,distance_to_pickup,BATCH,hungarian,0,0,order,1
1666409230,470989,511,94.36630754670864,1,True,False,1825,False,9355,3716,45897185,174589375,45897277,174589354,0,0,1666235655,173575,distance_to_pickup,BATCH,hungarian,0,0,order,1
1666409230,277587,1059,48.16637831516918,1,True,False,1238,False,9355,3716,45876868,174545787,45876916,174545791,0,0,1666320345,88885,distance_to_pickup,BATCH,hungarian,0,0,order,1
1666409230,139368,2174,78.81624198095213,1,True,False,790,False,9355,3716,45861104,174572051,45861058,174571987,0,0,1666322490,86740,distance_to_pickup,BATCH,hungarian,0,0,order,1
1666409230,428851,380,76.94153624668537,1,True,False,1674,False,9355,3716,45920795,174542499,45920783,174542575,0,0,1666322672,86558,distance_to_pickup,BATCH,hungarian,0,0,order,1
1666409230,21307,1829,82.73451516749222,1,True,False,670,False,9355,3716,45894758,174555339,45894700,174555398,0,0,1666407981,1249,distance_to_pickup,BATCH,hungarian,0,0,order,1
1666409230,311874,95,28.0,1,True,False,1072,False,9355,3716,45896123,174555589,45896123,174555617,0,0,1666408893,337,distance_to_pickup,BATCH,hungarian,0,0,order,1
1666409230,11707,3330,74.96665925596525,1,True,False,3198,False,9355,3716,45877261,174544998,45877187,174545010,0,0,1666409091,139,distance_to_pickup,BATCH,hungarian,0,0,order,1
1666409230,160946,922,29.154759474226502,1,True,False,1344,False,9355,3716,45861707,174584578,45861680,174584589,0,0,1666409189,41,distance_to_pickup,BATCH,hungarian,0,0,order,1
1666409230,65975,4035,76.32168761236873,1,True,False,1908,False,9355,3716,45886650,174551414,45886721,174551442,0,0,1666409189,41,distance_to_pickup,BATCH,hungarian,0,0,order,1
1666409230,292083,1863,54.62600113499065,1,True,False,1464,False,9355,3716,45897597,174552952,45897647,174552930,0,0,1666408759,471,distance_to_pickup,BATCH,hungarian,0,0,order,1
1666409230,260940,1515,35.0,1,True,False,2400,False,9355,3716,45860748,174572540,45860769,174572512,0,0,1666408861,369,distance_to_pickup,BATCH,hungarian,0,0,order,1
1666409410,241871,2724,96.04686356149273,1,True,True,3579,False,9830,3566,45867072,174602180,45866979,174602204,0,0,1665976479,432931,distance_to_pickup,BATCH,hungarian,0,0,order,1
1666409410,32106,284,70.03570517957252,1,True,True,3565,False,9830,3566,45894842,174555253,45894794,174555202,0,0,1665976843,432567,distance_to_pickup,BATCH,hungarian,0,0,order,1
1666409410,95410,801,17.0,1,True,True,1965,False,9830,3566,45890707,174546805,45890692,174546797,0,0,1665976878,432532,distance_to_pickup,BATCH,hungarian,0,0,order,1
1666409410,3227,2463,73.79024325749306,1,True,True,749,False,9830,3566,45897803,174552932,45897770,174552866,0,0,1665977000,432410,distance_to_pickup,BATCH,hungarian,0,0,order,1
1666409410,60886,56,38.63935817272331,1,True,True,178,False,9830,3566,45864785,174580827,45864792,174580789,0,0,1665977013,432397,distance_to_pickup,BATCH,hungarian,0,0,order,1
1666409410,95404,867,96.30160954002794,1,True,True,394,False,9830,3566,45832112,174582926,45832205,174582951,0,0,1665977164,432246,distance_to_pickup,BATCH,hungarian,0,0,order,1
1666409410,555830,286,56.356011214421486,1,True,True,4406,False,9830,3566,45862879,174581321,45862853,174581371,0,0,1665977225,432185,distance_to_pickup,BATCH,hungarian,0,0,order,1
1666409410,262067,3292,76.21679604916491,1,True,True,2897,False,9830,3566,45857051,174537281,45857123,174537256,0,0,1665977352,432058,distance_to_pickup,BATCH,hungarian,0,0,order,1
1666409410,501230,1475,70.11419257183242,1,True,True,1426,False,9830,3566,45861334,174558423,45861338,174558493,0,0,1665977368,432042,distance_to_pickup,BATCH,hungarian,0,0,order,1
1666409410,180233,830,98.812954616285,1,True,True,2222,False,9830,3566,45924613,174557214,45924671,174557294,0,0,1665977382,432028,distance_to_pickup,BATCH,hungarian,0,0,order,1
1666409410,116623,2697,34.713109915419565,1,True,True,4244,False,9830,3566,45920114,174542742,45920088,174542765,0,0,1665977399,432011,distance_to_pickup,BATCH,hungarian,0,0,order,1
1666409410,279204,1534,94.847245611035,1,True,True,2895,False,9830,3566,45905814,174527696,45905878,174527766,0,0,1665977399,432011,distance_to_pickup,BATCH,hungarian,0,0,order,1
1666409410,218996,915,90.68627239003708,1,True,True,26,False,9830,3566,45893138,174543617,45893070,174543557,0,0,1666062742,346668,distance_to_pickup,BATCH,hungarian,0,0,order,1
1666409410,335292,2080,72.20110802473879,1,True,True,3161,False,9830,3566,45880850,174634270,45880887,174634208,0,0,1666063065,346345,distance_to_pickup,BATCH,hungarian,0,0,order,1
1666409410,32510,772,17.204650534085253,1,True,True,1520,False,9830,3566,45887997,174533308,45888011,174533298,0,0,1666063237,346173,distance_to_pickup,BATCH,hungarian,0,0,order,1
1666409410,207054,1265,89.31965069345043,1,True,True,4269,False,9830,3566,45851434,174605726,45851351,174605693,0,0,1666063332,346078,distance_to_pickup,BATCH,hungarian,0,0,order,1
1666409410,387663,1408,80.65358020571685,1,True,True,1891,False,9830,3566,45865351,174556338,45865275,174556365,0,0,1666063488,345922,distance_to_pickup,BATCH,hungarian,0,0,order,1
1666409410,83310,750,91.4166286842826,1,True,True,1772,False,9830,3566,45874673,174648146,45874627,174648067,0,0,1666063552,345858,distance_to_pickup,BATCH,hungarian,0,0,order,1
1666409410,213057,2135,78.40918313565064,1,True,True,143,False,9830,3566,45870770,174595580,45870818,174595518,0,0,1666063573,345837,distance_to_pickup,BATCH,hungarian,0,0,order,1
1666409410,213054,2999,83.54639429682169,1,True,True,271,False,9830,3566,45768655,174566775,45768599,174566837,0,0,1666063574,345836,distance_to_pickup,BATCH,hungarian,0,0,order,1
1666409410,475610,1180,87.36704184073076,1,True,True,3296,False,9830,3566,45849298,174548682,45849346,174548609,0,0,1666063574,345836,distance_to_pickup,BATCH,hungarian,0,0,order,1
1666409410,201152,3527,98.32598842625484,1,True,True,1468,False,9830,3566,45877959,174535961,45877951,174536059,0,0,1666063579,345831,distance_to_pickup,BATCH,hungarian,0,0,order,1
1666409410,156391,926,19.4164878389476,1,True,True,1596,False,9830,3566,45885025,174593601,45885044,174593605,0,0,1666063588,345822,distance_to_pickup,BATCH,hungarian,0,0,order,1
1666409410,98771,2121,69.1158447825099,1,True,True,1728,False,9830,3566,45889133,174536031,45889169,174535972,0,0,1666063743,345667,distance_to_pickup,BATCH,hungarian,0,0,order,1
1666409410,411998,1291,57.271284253105414,1,True,True,3150,False,9830,3566,45920114,174542742,45920170,174542754,0,0,1666063764,345646,distance_to_pickup,BATCH,hungarian,0,0,order,1
1666409410,99154,2707,75.02666192761077,1,True,True,3086,False,9830,3566,45871989,174587756,45872064,174587754,0,0,1666146920,262490,distance_to_pickup,BATCH,hungarian,0,0,order,1
1666409410,556421,1147,83.2946576918352,1,True,True,125,False,9830,3566,45859961,174572356,45859968,174572273,0,0,1666149221,260189,distance_to_pickup,BATCH,hungarian,0,0,order,1
1666409410,810,3269,64.6297145282261,1,True,True,360,False,9830,3566,45869817,174606464,45869808,174606528,0,0,1666149436,259974,distance_to_pickup,BATCH,hungarian,0,0,order,1
1666409410,417653,1441,60.8276253029822,1,True,True,1102,False,9830,3566,45896190,174554821,45896218,174554875,0,0,1666149481,259929,distance_to_pickup,BATCH,hungarian,0,0,order,1
1666409410,496571,2322,63.06346010171025,1,True,True,1603,False,9830,3566,45849487,174566808,45849471,174566747,0,0,1666149488,259922,distance_to_pickup,BATCH,hungarian,0,0,order,1
1666409410,207395,1181,73.79024325749306,1,True,True,1666,False,9830,3566,45897803,174552932,45897770,174552866,0,0,1666149508,259902,distance_to_pickup,BATCH,hungarian,0,0,order,1
1666409410,67904,1844,55.00909015790027,1,True,True,559,False,9830,3566,45861655,174583536,45861704,174583511,0,0,1666149538,259872,distance_to_pickup,BATCH,hungarian,0,0,order,1
1666409410,371691,2396,73.16419889536138,1,True,True,578,False,9830,3566,45862879,174581321,45862951,174581334,0,0,1666149574,259836,distance_to_pickup,BATCH,hungarian,0,0,order,1
1666409410,473317,1663,35.0,1,True,True,4501,False,9830,3566,45896168,174555742,45896133,174555742,0,0,1666149670,259740,distance_to_pickup,BATCH,hungarian,0,0,order,1
1666409410,222247,1269,82.56512580987206,1,True,True,35,False,9830,3566,45910563,174526358,45910547,174526439,0,0,1666149743,259667,distance_to_pickup,BATCH,hungarian,0,0,order,1
1666409410,483672,2489,77.41446893184762,1,True,True,1158,False,9830,3566,45839377,174580415,45839340,174580347,0,0,1666149759,259651,distance_to_pickup,BATCH,hungarian,0,0,order,1
1666409410,89865,54,19.313207915827967,1,True,True,2745,False,9830,3566,45898786,174565946,45898793,174565964,0,0,1666149801,259609,distance_to_pickup,BATCH,hungarian,0,0,order,1
1666409410,330108,4529,90.47098982546837,1,True,True,3176,False,9830,3566,45865238,174556784,45865150,174556763,0,0,1666149812,259598,distance_to_pickup,BATCH,hungarian,0,0,order,1
1666409410,117373,1647,94.02127418834527,1,True,True,2491,False,9830,3566,45879938,174634579,45879864,174634637,0,0,1666149846,259564,distance_to_pickup,BATCH,hungarian,0,0,order,1
1666409410,522721,586,96.46242791885346,1,True,True,1962,False,9830,3566,45858333,174577003,45858241,174577032,0,0,1666149873,259537,distance_to_pickup,BATCH,hungarian,0,0,order,1
1666409410,89872,2466,46.647615158762406,1,True,True,5,False,9830,3566,45920269,174542703,45920245,174542663,0,0,1666149875,259535,distance_to_pickup,BATCH,hungarian,0,0,order,1
1666409410,296716,2889,73.33484846919642,1,True,True,1012,False,9830,3566,45905814,174527696,45905887,174527689,0,0,1666149939,259471,distance_to_pickup,BATCH,hungarian,0,0,order,1
1666409410,276949,3841,77.38862965578342,1,True,True,2211,False,9830,3566,45850993,174552713,45851026,174552643,0,0,1666149941,259469,distance_to_pickup,BATCH,hungarian,0,0,order,1
1666409410,274059,2477,6.708203932499369,1,True,True,99,False,9830,3566,45866307,174536758,45866313,174536755,0,0,1666149961,259449,distance_to_pickup,BATCH,hungarian,0,0,order,1
1666409410,13718,664,70.21395872616783,1,True,True,2509,False,9830,3566,45885886,174563236,45885907,174563303,0,0,1666149966,259444,distance_to_pickup,BATCH,hungarian,0,0,order,1
1666409410,288308,3795,89.1852005660132,1,True,True,3963,False,9830,3566,45889913,174596658,45889868,174596735,0,0,1666149967,259443,distance_to_pickup,BATCH,hungarian,0,0,order,1
1666409410,338394,2416,91.58602513484249,1,True,True,2545,False,9830,3566,46052690,174946920,46052768,174946872,0,0,1666149985,259425,distance_to_pickup,BATCH,hungarian,0,0,order,1
1666409410,465399,686,64.93843238021688,1,True,True,694,False,9830,3566,45866830,174606620,45866841,174606684,0,0,1666149989,259421,distance_to_pickup,BATCH,hungarian,0,0,order,1
1666409410,288303,2012,51.478150704935004,1,True,True,115,False,9830,3566,45896190,174554821,45896235,174554796,0,0,1666149990,259420,distance_to_pickup,BATCH,hungarian,0,0,order,1
1666409410,248395,573,45.17742799230607,1,True,True,1614,False,9830,3566,46052330,174943031,46052309,174942991,0,0,1666149992,259418,distance_to_pickup,BATCH,hungarian,0,0,order,1
1666409410,522726,807,41.773197148410844,1,True,True,632,False,9830,3566,46047111,174940175,46047103,174940134,0,0,1666150000,259410,distance_to_pickup,BATCH,hungarian,0,0,order,1
1666409410,307992,3983,71.17583859709698,1,True,True,501,False,9830,3566,45920280,174542065,45920275,174541994,0,0,1666150001,259409,distance_to_pickup,BATCH,hungarian,0,0,order,1
1666409410,332909,3622,75.28612089887484,1,True,True,2369,False,9830,3566,45863417,174579658,45863395,174579730,0,0,1666150018,259392,distance_to_pickup,BATCH,hungarian,0,0,order,1
1666409410,259851,2429,48.38388161361178,1,True,True,1396,False,9830,3566,45889570,174545110,45889555,174545064,0,0,1666150129,259281,distance_to_pickup,BATCH,hungarian,0,0,order,1
1666409410,360661,1592,96.18731725128839,1,True,True,1734,False,9830,3566,45867290,174556705,45867194,174556699,0,0,1666150164,259246,distance_to_pickup,BATCH,hungarian,0,0,order,1
1666409410,102341,982,96.20810776644555,1,True,True,2796,False,9830,3566,46048748,174935452,46048782,174935362,0,0,1666150178,259232,distance_to_pickup,BATCH,hungarian,0,0,order,1
1666409410,319441,4220,80.62257748298549,1,True,True,3409,False,9830,3566,45866079,174600663,45865999,174600673,0,0,1666229608,179802,distance_to_pickup,BATCH,hungarian,0,0,order,1
1666409410,260157,2025,51.264022471905186,1,True,True,2248,False,9830,3566,46052240,174936640,46052192,174936658,0,0,1666234257,175153,distance_to_pickup,BATCH,hungarian,0,0,order,1
1666409410,517809,529,90.82400563727631,1,True,True,2556,False,9830,3566,45920782,174542062,45920750,174541977,0,0,1666235688,173722,distance_to_pickup,BATCH,hungarian,0,0,order,1
1666409410,135940,2832,91.54780172128658,1,True,True,437,False,9830,3566,45863619,174577800,45863689,174577741,0,0,1666235715,173695,distance_to_pickup,BATCH,hungarian,0,0,order,1
1666409410,87117,633,38.948684188300895,1,True,True,1536,False,9830,3566,45869309,174575128,45869335,174575099,0,0,1666235736,173674,distance_to_pickup,BATCH,hungarian,0,0,order,1
1666409410,510033,3226,10.44030650891055,1,True,True,1920,False,9830,3566,45898832,174578053,45898822,174578050,0,0,1666235804,173606,distance_to_pickup,BATCH,hungarian,0,0,order,1
1666409410,240019,2448,70.9365914038728,1,True,True,4176,False,9830,3566,45878890,174634330,45878956,174634304,0,0,1666235956,173454,distance_to_pickup,BATCH,hungarian,0,0,order,1
1666409410,52634,4307,37.8021163428716,1,True,True,3438,False,9830,3566,45892950,174567320,45892920,174567297,0,0,1666235972,173438,distance_to_pickup,BATCH,hungarian,0,0,order,1
1666409410,338745,3139,62.96824596572466,1,True,True,2361,False,9830,3566,45869690,174575270,45869637,174575304,0,0,1666235981,173429,distance_to_pickup,BATCH,hungarian,0,0,order,1
1666409410,23793,947,30.463092423455635,1,True,True,2034,False,9830,3566,45861700,174583580,45861688,174583552,0,0,1666235982,173428,distance_to_pickup,BATCH,hungarian,0,0,order,1
1666409410,457813,1519,49.49747468305833,1,True,True,1608,False,9830,3566,45874828,174648754,45874863,174648789,0,0,1666235992,173418,distance_to_pickup,BATCH,hungarian,0,0,order,1
1666409410,277283,3101,55.02726596879042,1,True,True,3487,False,9830,3566,45889986,174545204,45890004,174545152,0,0,1666236024,173386,distance_to_pickup,BATCH,hungarian,0,0,order,1
1666409410,288662,3588,52.630789467763066,1,True,True,4014,False,9830,3566,45880286,174530810,45880327,174530777,0,0,1666236125,173285,distance_to_pickup,BATCH,hungarian,0,0,order,1
1666409410,380104,689,31.240998703626616,1,True,True,1933,False,9830,3566,45892588,174526684,45892568,174526708,0,0,1666236231,173179,distance_to_pickup,BATCH,hungarian,0,0,order,1
1666409410,324987,3251,14.317821063276353,1,True,True,2066,False,9830,3566,45890563,174573599,45890560,174573613,0,0,1666236270,173140,distance_to_pickup,BATCH,hungarian,0,0,order,1
1666409410,178254,570,39.56008088970496,1,True,True,968,False,9830,3566,45874754,174648734,45874768,174648697,0,0,1666236272,173138,distance_to_pickup,BATCH,hungarian,0,0,order,1
1666409410,242900,1772,63.071388124885914,1,True,True,3220,False,9830,3566,45880073,174650698,45880100,174650755,0,0,1666236287,173123,distance_to_pickup,BATCH,hungarian,0,0,order,1
1666409410,17336,3621,76.53757247260981,1,True,True,638,False,9830,3566,45846797,174542676,45846730,174542639,0,0,1666236354,173056,distance_to_pickup,BATCH,hungarian,0,0,order,1
1666409410,450010,2746,95.90099061010788,1,True,True,1636,False,9830,3566,45863396,174583501,45863322,174583440,0,0,1666236380,173030,distance_to_pickup,BATCH,hungarian,0,0,order,1
1666409410,510048,3244,97.0051545022222,1,True,True,1951,False,9830,3566,45859810,174537670,45859809,174537573,0,0,1666236382,173028,distance_to_pickup,BATCH,hungarian,0,0,order,1
1666409410,299883,4671,96.26006440887103,1,True,True,1009,False,9830,3566,45862257,174564246,45862328,174564181,0,0,1666236394,173016,distance_to_pickup,BATCH,hungarian,0,0,order,1
1666409410,74552,2179,83.43860018001261,1,True,True,4087,False,9830,3566,45907741,174567895,45907682,174567836,0,0,1666236399,173011,distance_to_pickup,BATCH,hungarian,0,0,order,1
1666409410,222582,508,18.439088914585774,1,True,True,3060,False,9830,3566,45902660,174556330,45902642,174556334,0,0,1666236401,173009,distance_to_pickup,BATCH,hungarian,0,0,order,1
1666409410,360973,3901,8.06225774829855,1,True,True,3901,True,9830,3566,45832060,174583001,45832052,174583002,0,0,1666236461,172949,distance_to_pickup,BATCH,hungarian,0,0,order,1
1666409410,489169,805,88.02272433866155,1,True,True,436,False,9830,3566,45879175,174650529,45879257,174650561,0,0,1666236552,172858,distance_to_pickup,BATCH,hungarian,0,0,order,1
1666409410,30080,13,82.05485969764375,1,True,True,2043,False,9830,3566,45862770,174579470,45862767,174579552,0,0,1666236554,172856,distance_to_pickup,BATCH,hungarian,0,0,order,1
1666409410,285853,782,79.98124780221924,1,True,True,2388,False,9830,3566,45894297,174589367,45894238,174589313,0,0,1666236579,172831,distance_to_pickup,BATCH,hungarian,0,0,order,1
1666409410,169223,1401,72.47068372797375,1,True,True,996,False,9830,3566,45912099,174528707,45912155,174528753,0,0,1666236580,172830,distance_to_pickup,BATCH,hungarian,0,0,order,1
1666409410,11239,1464,91.7877987534291,1,True,True,615,False,9830,3566,45898351,174553528,45898271,174553483,0,0,1666318345,91065,distance_to_pickup,BATCH,hungarian,0,0,order,1
1666409410,118090,413,86.02325267042627,1,True,True,330,False,9830,3566,45868629,174606647,45868679,174606577,0,0,1666322188,87222,distance_to_pickup,BATCH,hungarian,0,0,order,1
1666409410,407626,1137,56.0357029044876,1,True,True,1472,False,9830,3566,45889662,174545698,45889630,174545652,0,0,1666322191,87219,distance_to_pickup,BATCH,hungarian,0,0,order,1
1666409410,81369,783,71.30918594402827,1,True,True,783,True,9830,3566,45834881,174574125,45834854,174574059,0,0,1666322228,87182,distance_to_pickup,BATCH,hungarian,0,0,order,1
1666409410,49889,95,88.29496021857646,1,True,True,977,False,9830,3566,45897087,174552977,45897067,174552891,0,0,1666322434,86976,distance_to_pickup,BATCH,hungarian,0,0,order,1
1666409410,205176,2048,85.37564055396598,1,True,True,1027,False,9830,3566,45862783,174576118,45862763,174576035,0,0,1666322499,86911,distance_to_pickup,BATCH,hungarian,0,0,order,1
1666409410,510373,504,76.69419795525604,1,True,True,1194,False,9830,3566,45912080,174529170,45912051,174529241,0,0,1666322591,86819,distance_to_pickup,BATCH,hungarian,0,0,order,1
1666409410,99975,3395,97.71898484941399,1,True,True,3670,False,9830,3566,45909223,174542113,45909316,174542143,0,0,1666322773,86637,distance_to_pickup,BATCH,hungarian,0,0,order,1
1666409410,486899,4232,46.17358552246078,1,True,True,3033,False,9830,3566,45885793,174589795,45885789,174589841,0,0,1666322783,86627,distance_to_pickup,BATCH,hungarian,0,0,order,1
1666409410,178642,1508,67.26812023536856,1,True,True,1064,False,9830,3566,45896298,174578827,45896292,174578760,0,0,1666322794,86616,distance_to_pickup,BATCH,hungarian,0,0,order,1
1666409410,49892,1683,46.861498055439924,1,True,True,1580,False,9830,3566,45857435,174575892,45857465,174575928,0,0,1666322812,86598,distance_to_pickup,BATCH,hungarian,0,0,order,1
1666409410,196330,4594,99.32270636667126,1,True,True,198,False,9830,3566,45895872,174555845,45895971,174555837,0,0,1666322877,86533,distance_to_pickup,BATCH,hungarian,0,0,order,1
1666409410,96847,1318,74.46475676452586,1,True,True,4100,False,9830,3566,45871345,174543296,45871414,174543324,0,0,1666322953,86457,distance_to_pickup,BATCH,hungarian,0,0,order,1
1666409410,300204,2225,64.41273166075166,1,True,True,120,False,9830,3566,46052385,174946069,46052442,174946039,0,0,1666322965,86445,distance_to_pickup,BATCH,hungarian,0,0,order,1
1666409410,489476,3586,18.027756377319946,1,True,True,4652,False,9830,3566,45876782,174545911,45876765,174545905,0,0,1666322966,86444,distance_to_pickup,BATCH,hungarian,0,0,order,1
1666409410,415619,3779,76.05918747922567,1,True,True,2701,False,9830,3566,45820061,174523559,45820064,174523483,0,0,1666322974,86436,distance_to_pickup,BATCH,hungarian,0,0,order,1
1666409410,97142,142,94.33981132056604,1,True,True,977,False,9830,3566,45859780,174572470,45859692,174572436,0,0,1666366338,43072,distance_to_pickup,BATCH,hungarian,0,0,order,1
1666409410,300524,681,94.64142856064674,1,True,True,180,False,9830,3566,45898351,174553300,45898292,174553226,0,0,1666404845,4565,distance_to_pickup,BATCH,hungarian,0,0,order,1
1666409410,2042,1829,68.96375859826666,1,True,True,1131,False,9830,3566,45894758,174555339,45894724,174555399,0,0,1666407711,1699,distance_to_pickup,BATCH,hungarian,0,0,order,1
1666409410,280910,4022,89.26925562588724,1,True,True,693,False,9830,3566,45912295,174530150,45912383,174530135,0,0,1666408069,1341,distance_to_pickup,BATCH,hungarian,0,0,order,1
1666409410,508045,695,70.11419257183242,1,True,True,2043,False,9830,3566,45864638,174583106,45864634,174583036,0,0,1666408440,970,distance_to_pickup,BATCH,hungarian,0,0,order,1
1666409410,372751,2214,41.10960958218893,1,True,True,926,False,9830,3566,45883480,174592800,45883493,174592761,0,0,1666408590,820,distance_to_pickup,BATCH,hungarian,0,0,order,1
1666409410,476888,968,69.18092222571191,1,True,True,3049,False,9830,3566,45880376,174650688,45880371,174650757,0,0,1666408739,671,distance_to_pickup,BATCH,hungarian,0,0,order,1
1666409410,347760,4126,99.29753269845128,1,True,True,4126,True,9830,3566,45885365,174582624,45885421,174582706,0,0,1666408759,651,distance_to_pickup,BATCH,hungarian,0,0,order,1
1666409410,292083,624,85.15867542417507,1,True,True,1464,False,9830,3566,45897597,174552952,45897513,174552938,0,0,1666408759,651,distance_to_pickup,BATCH,hungarian,0,0,order,1
1666409410,214542,3663,22.80350850198276,1,True,True,3663,True,9830,3566,45879255,174647888,45879277,174647882,0,0,1666408803,607,distance_to_pickup,BATCH,hungarian,0,0,order,1
1666409410,479535,1481,61.40032573203501,1,True,True,218,False,9830,3566,45870933,174595486,45870994,174595493,0,0,1666408837,573,distance_to_pickup,BATCH,hungarian,0,0,order,1
1666409410,260940,2848,54.08326913195984,1,True,True,2400,False,9830,3566,45860748,174572540,45860793,174572510,0,0,1666408861,549,distance_to_pickup,BATCH,hungarian,0,0,order,1
1666409410,311874,1876,79.76214641043707,1,True,True,1072,False,9830,3566,45896123,174555589,45896202,174555600,0,0,1666408893,517,distance_to_pickup,BATCH,hungarian,0,0,order,1
1666409410,547088,3854,47.53945729601885,1,True,True,3854,True,9830,3566,45908859,174523915,45908903,174523933,0,0,1666409083,327,distance_to_pickup,BATCH,hungarian,0,0,order,1
1666409410,214548,173,93.04837451562494,1,True,True,4142,False,9830,3566,45892908,174566908,45892941,174566821,0,0,1666409146,264,distance_to_pickup,BATCH,hungarian,0,0,order,1
1666409410,24621,1163,30.463092423455635,1,True,True,2002,False,9830,3566,45921142,174542028,45921114,174542016,0,0,1666409160,250,distance_to_pickup,BATCH,hungarian,0,0,order,1
1666409410,148818,1863,55.90169943749474,1,True,True,371,False,9830,3566,45897716,174552976,45897675,174552938,0,0,1666409172,238,distance_to_pickup,BATCH,hungarian,0,0,order,1
1666409410,160946,922,29.154759474226502,1,True,True,1344,False,9830,3566,45861707,174584578,45861680,174584589,0,0,1666409189,221,distance_to_pickup,BATCH,hungarian,0,0,order,1
1666409410,266567,579,57.14017850864661,1,True,True,2745,False,9830,3566,45894760,174555551,45894729,174555503,0,0,1666409190,220,distance_to_pickup,BATCH,hungarian,0,0,order,1
1666409410,320215,143,34.40930106817051,1,True,True,428,False,9830,3566,45860511,174572406,45860483,174572426,0,0,1666409022,388,distance_to_pickup,BATCH,hungarian,0,0,order,1
1666409410,356131,455,64.38167441127949,1,True,True,3557,False,9830,3566,45890274,174562960,45890267,174562896,0,0,1666409011,399,distance_to_pickup,BATCH,hungarian,0,0,order,1
1666409410,479526,2400,34.713109915419565,1,True,True,1400,False,9830,3566,45860060,174572270,45860037,174572244,0,0,1666408338,1072,distance_to_pickup,BATCH,hungarian,0,0,order,1
1666409410,476899,1377,72.2357252334328,1,True,True,3235,False,9830,3566,45880249,174546573,45880276,174546506,0,0,1666409299,111,distance_to_pickup,BATCH,hungarian,0,0,order,1
1666409410,297743,4216,38.28837943815329,1,True,True,1561,False,9830,3566,45892634,174524449,45892605,174524424,0,0,1666409256,154,distance_to_pickup,BATCH,hungarian,0,0,order,1
1666409410,142803,2590,76.4198926981712,1,True,True,1969,False,9830,3566,45883798,174566663,45883854,174566715,0,0,1666408847,563,distance_to_pickup,BATCH,hungarian,0,0,order,1
1666409410,515914,1852,66.12866246946176,1,True,True,4217,False,9830,3566,45879059,174648623,45878997,174648646,0,0,1666409049,361,distance_to_pickup,BATCH,hungarian,0,0,order,1
1666409410,353367,2375,45.044422518220834,1,True,True,1146,False,9830,3566,45888561,174571873,45888559,174571828,0,0,1666409361,49,distance_to_pickup,BATCH,hungarian,0,0,order,1
1666409410,492427,3408,92.17917335276988,1,True,True,2699,False,9830,3566,45871049,174595452,45871130,174595408,0,0,1666409014,396,distance_to_pickup,BATCH,hungarian,0,0,order,1
1666409410,434595,2727,78.85429601486528,1,True,True,189,False,9830,3566,45857710,174568528,45857787,174568545,0,0,1666408156,1254,distance_to_pickup,BATCH,hungarian,0,0,order,1
1666409410,399877,2682,26.92582403567252,1,True,True,306,False,9830,3566,45879701,174546507,45879708,174546533,0,0,1666409250,160,distance_to_pickup,BATCH,hungarian,0,0,order,1
1666409410,408007,3547,48.373546489791295,1,True,True,4773,False,9830,3566,45878764,174634781,45878788,174634823,0,0,1666409370,40,distance_to_pickup,BATCH,hungarian,0,0,order,1
1666409410,252297,2196,72.56031973468694,1,True,True,3778,False,9830,3566,45866909,174555545,45866837,174555536,0,0,1666408446,964,distance_to_pickup,BATCH,hungarian,0,0,order,1
1666409410,294953,2061,65.49045732013177,1,True,True,1936,False,9830,3566,45858846,174555981,45858838,174555916,0,0,1666409372,38,distance_to_pickup,BATCH,hungarian,0,0,order,1
1666409410,78522,2695,78.91767862779544,1,True,True,1599,False,9830,3566,45871182,174595934,45871194,174595856,0,0,1666409316,94,distance_to_pickup,BATCH,hungarian,0,0,order,1
1666409410,259148,141,99.68951800465283,1,True,False,2716,False,9830,3566,45889630,174546285,45889533,174546308,0,0,1665977093,432317,distance_to_pickup,BATCH,hungarian,0,0,order,1
1666409410,483078,1712,88.58893836140041,1,True,False,1189,False,9830,3566,45907759,174546285,45907717,174546207,0,0,1665977376,432034,distance_to_pickup,BATCH,hungarian,0,0,order,1
1666409410,107896,2850,45.18849411078001,1,True,False,1998,False,9830,3566,45902170,174581100,45902211,174581081,0,0,1666063120,346290,distance_to_pickup,BATCH,hungarian,0,0,order,1
1666409410,335297,3410,90.7358804442873,1,True,False,342,False,9830,3566,46052393,174932299,46052470,174932251,0,0,1666063474,345936,distance_to_pickup,BATCH,hungarian,0,0,order,1
1666409410,376890,2804,51.24451190127583,1,True,False,404,False,9830,3566,45883263,174541692,45883212,174541687,0,0,1666063778,345632,distance_to_pickup,BATCH,hungarian,0,0,order,1
1666409410,452335,1036,97.86214794290998,1,True,False,1582,False,9830,3566,45857919,174575648,45857900,174575552,0,0,1666149576,259834,distance_to_pickup,BATCH,hungarian,0,0,order,1
1666409410,227984,1994,17.804493814764857,1,True,False,790,False,9830,3566,45863417,174579658,45863403,174579669,0,0,1666149580,259830,distance_to_pickup,BATCH,hungarian,0,0,order,1
1666409410,491461,205,70.32780389006896,1,True,False,3228,False,9830,3566,45851299,174552608,45851238,174552573,0,0,1666149874,259536,distance_to_pickup,BATCH,hungarian,0,0,order,1
1666409410,517526,1745,75.69015788066504,1,True,False,573,False,9830,3566,46048736,174947932,46048809,174947952,0,0,1666150001,259409,distance_to_pickup,BATCH,hungarian,0,0,order,1
1666409410,468089,47,55.80322571321482,1,True,False,1908,False,9830,3566,45874164,174536556,45874209,174536523,0,0,1666150175,259235,distance_to_pickup,BATCH,hungarian,0,0,order,1
1666409410,554174,2013,69.29646455628166,1,True,False,4030,False,9830,3566,45905899,174526998,45905850,174527047,0,0,1666236152,173258,distance_to_pickup,BATCH,hungarian,0,0,order,1
1666409410,68239,1931,88.02272433866155,1,True,False,2556,False,9830,3566,45920023,174542736,45919991,174542654,0,0,1666236167,173243,distance_to_pickup,BATCH,hungarian,0,0,order,1
1666409410,433931,2736,45.17742799230607,1,True,False,1063,False,9830,3566,45879255,174647888,45879259,174647933,0,0,1666236234,173176,distance_to_pickup,BATCH,hungarian,0,0,order,1
1666409410,393779,1596,58.412327466040935,1,True,False,3270,False,9830,3566,45886242,174574272,45886196,174574308,0,0,1666236235,173175,distance_to_pickup,BATCH,hungarian,0,0,order,1
1666409410,380110,2454,55.02726596879042,1,True,False,790,False,9830,3566,45877391,174579331,45877339,174579349,0,0,1666236392,173018,distance_to_pickup,BATCH,hungarian,0,0,order,1
1666409410,49905,1122,44.654227123532216,1,True,False,524,False,9830,3566,45897087,174552977,45897062,174553014,0,0,1666322375,87035,distance_to_pickup,BATCH,hungarian,0,0,order,1
1666409410,145485,3724,90.82400563727631,1,True,False,2609,False,9830,3566,45870486,174595427,45870401,174595459,0,0,1666322698,86712,distance_to_pickup,BATCH,hungarian,0,0,order,1
1666409410,154529,844,85.0411665018772,1,True,False,2270,False,9830,3566,45909202,174523158,45909146,174523222,0,0,1666322710,86700,distance_to_pickup,BATCH,hungarian,0,0,order,1
1666409410,423613,1345,93.7709976485267,1,True,False,12,False,9830,3566,46043587,174939345,46043494,174939333,0,0,1666322963,86447,distance_to_pickup,BATCH,hungarian,0,0,order,1
1666409410,199637,3093,73.23933369440222,1,True,False,3663,False,9830,3566,45880376,174650774,45880418,174650834,0,0,1666408530,880,distance_to_pickup,BATCH,hungarian,0,0,order,1
1666409410,528932,936,40.85339643163099,1,True,False,936,False,9830,3566,45849644,174599543,45849659,174599581,0,0,1666408796,614,distance_to_pickup,BATCH,hungarian,0,0,order,1
1666409410,474288,3616,68.65857557508748,1,True,False,3563,False,9830,3566,45864638,174583106,45864705,174583121,0,0,1666408849,561,distance_to_pickup,BATCH,hungarian,0,0,order,1
1666409410,115458,2685,32.69556544854363,1,True,False,244,False,9830,3566,45857937,174568139,45857907,174568152,0,0,1666409078,332,distance_to_pickup,BATCH,hungarian,0,0,order,1
1666409410,549663,1228,54.62600113499065,1,True,False,306,False,9830,3566,45879887,174546555,45879909,174546505,0,0,1666408834,576,distance_to_pickup,BATCH,hungarian,0,0,order,1
1666409410,539496,1599,49.64876634922564,1,True,False,218,False,9830,3566,45870933,174595486,45870941,174595437,0,0,1666409213,197,distance_to_pickup,BATCH,hungarian,0,0,order,1
1666495519,340505,4591,78.31347265956222,1,True,True,3557,False,10330,3996,45890376,174545817,45890298,174545824,0,0,1665976460,519059,distance_to_pickup,BATCH,hungarian,0,0,order,1
1666495519,82935,994,8.246211251235321,1,True,True,2696,False,10330,3996,45894861,174555310,45894859,174555302,0,0,1665976825,518694,distance_to_pickup,BATCH,hungarian,0,0,order,1
1666495519,451738,325,9.055385138137417,1,True,True,565,False,10330,3996,45898300,174553788,45898299,174553797,0,0,1665976876,518643,distance_to_pickup,BATCH,hungarian,0,0,order,1
1666495519,493445,2319,21.18962010041709,1,True,True,2038,False,10330,3996,45856330,174579593,45856323,174579573,0,0,1665976984,518535,distance_to_pickup,BATCH,hungarian,0,0,order,1
1666495519,38512,1536,28.160255680657446,1,True,True,3103,False,10330,3996,45877759,174578692,45877762,174578664,0,0,1665977019,518500,distance_to_pickup,BATCH,hungarian,0,0,order,1
1666495519,9736,2959,28.0178514522438,1,True,True,1858,False,10330,3996,45861610,174531528,45861587,174531544,0,0,1665977059,518460,distance_to_pickup,BATCH,hungarian,0,0,order,1
1666495519,480562,306,67.06713054842886,1,True,True,1266,False,10330,3996,45885886,174563236,45885909,174563299,0,0,1665977074,518445,distance_to_pickup,BATCH,hungarian,0,0,order,1
1666495519,424988,3595,50.24937810560445,1,True,True,3245,False,10330,3996,45889662,174545698,45889705,174545672,0,0,1665977077,518442,distance_to_pickup,BATCH,hungarian,0,0,order,1
1666495519,307304,2117,81.39410298049853,1,True,True,330,False,10330,3996,45911894,174529244,45911967,174529280,0,0,1665977085,518434,distance_to_pickup,BATCH,hungarian,0,0,order,1
1666495519,259148,1773,91.28526715741155,1,True,True,2716,False,10330,3996,45889630,174546285,45889668,174546202,0,0,1665977093,518426,distance_to_pickup,BATCH,hungarian,0,0,order,1
1666495519,110609,2373,80.00624975587844,1,True,True,1955,False,10330,3996,45875471,174545336,45875547,174545311,0,0,1665977194,518325,distance_to_pickup,BATCH,hungarian,0,0,order,1
1666495519,6495,1009,89.27485648266257,1,True,True,2974,False,10330,3996,45832616,174539131,45832675,174539198,0,0,1665977236,518283,distance_to_pickup,BATCH,hungarian,0,0,order,1
1666495519,38518,3,59.20304046246274,1,True,True,848,False,10330,3996,45876516,174606113,45876552,174606160,0,0,1665977349,518170,distance_to_pickup,BATCH,hungarian,0,0,order,1
1666495519,483078,3430,53.08483775994799,1,True,True,1189,False,10330,3996,45907759,174546285,45907812,174546288,0,0,1665977376,518143,distance_to_pickup,BATCH,hungarian,0,0,order,1
1666495519,60896,758,87.46427842267951,1,True,True,2350,False,10330,3996,45895550,174577020,45895595,174577095,0,0,1665977383,518136,distance_to_pickup,BATCH,hungarian,0,0,order,1
1666495519,230517,3982,73.00684899377592,1,True,True,2123,False,10330,3996,45892888,174567981,45892829,174568024,0,0,1666062980,432539,distance_to_pickup,BATCH,hungarian,0,0,order,1
1666495519,126044,2800,78.16009211867653,1,True,True,1474,False,10330,3996,45863030,174564980,45862955,174565002,0,0,1666063185,432334,distance_to_pickup,BATCH,hungarian,0,0,order,1
1666495519,493753,2715,98.47842403288143,1,True,True,89,False,10330,3996,45847363,174551461,45847380,174551364,0,0,1666063200,432319,distance_to_pickup,BATCH,hungarian,0,0,order,1
1666495519,563826,259,98.79271228182775,1,True,True,1727,False,10330,3996,45855919,174592858,45855955,174592950,0,0,1666063274,432245,distance_to_pickup,BATCH,hungarian,0,0,order,1
1666495519,435978,3959,79.40403012442127,1,True,True,2685,False,10330,3996,45869903,174570780,45869950,174570716,0,0,1666063376,432143,distance_to_pickup,BATCH,hungarian,0,0,order,1
1666495519,527609,731,87.98295289429652,1,True,True,863,False,10330,3996,45851052,174551377,45851127,174551423,0,0,1666063388,432131,distance_to_pickup,BATCH,hungarian,0,0,order,1
1666495519,371393,334,87.93179174792243,1,True,True,384,False,10330,3996,45856303,174570803,45856277,174570719,0,0,1666063414,432105,distance_to_pickup,BATCH,hungarian,0,0,order,1
1666495519,393096,2364,75.69015788066504,1,True,True,1881,False,10330,3996,45859810,174579420,45859830,174579493,0,0,1666063472,432047,distance_to_pickup,BATCH,hungarian,0,0,order,1
1666495519,29346,2730,88.64536084872124,1,True,True,4427,False,10330,3996,45859845,174556288,45859862,174556375,0,0,1666063476,432043,distance_to_pickup,BATCH,hungarian,0,0,order,1
1666495519,338052,2102,90.13878188659973,1,True,True,1958,False,10330,3996,45852183,174556342,45852156,174556428,0,0,1666063508,432011,distance_to_pickup,BATCH,hungarian,0,0,order,1
1666495519,221900,517,98.48857801796105,1,True,True,1720,False,10330,3996,45895979,174575393,45896065,174575441,0,0,1666063531,431988,distance_to_pickup,BATCH,hungarian,0,0,order,1
1666495519,540747,1760,87.41853350405736,1,True,True,1865,False,10330,3996,45907395,174569323,45907324,174569374,0,0,1666063532,431987,distance_to_pickup,BATCH,hungarian,0,0,order,1
1666495519,180586,3105,70.8590149522275,1,True,True,1687,False,10330,3996,45765651,174560652,45765662,174560722,0,0,1666063545,431974,distance_to_pickup,BATCH,hungarian,0,0,order,1
1666495519,457175,1731,56.0357029044876,1,True,True,2388,False,10330,3996,45901461,174585861,45901463,174585805,0,0,1666063579,431940,distance_to_pickup,BATCH,hungarian,0,0,order,1
1666495519,357526,1639,31.575306807693888,1,True,True,1609,False,10330,3996,46051762,174941526,46051731,174941532,0,0,1666063580,431939,distance_to_pickup,BATCH,hungarian,0,0,order,1
1666495519,86403,2496,92.20086767487604,1,True,True,2496,True,10330,3996,45862248,174578298,45862303,174578224,0,0,1666063584,431935,distance_to_pickup,BATCH,hungarian,0,0,order,1
1666495519,35741,1975,57.28001396647874,1,True,True,2384,False,10330,3996,46044930,174938660,46044971,174938700,0,0,1666063585,431934,distance_to_pickup,BATCH,hungarian,0,0,order,1
1666495519,204102,622,95.03683496413377,1,True,True,893,False,10330,3996,45767644,174568016,45767550,174568030,0,0,1666063588,431931,distance_to_pickup,BATCH,hungarian,0,0,order,1
1666495519,561339,3062,92.04890004774636,1,True,True,3958,False,10330,3996,45870851,174548314,45870848,174548222,0,0,1666063594,431925,distance_to_pickup,BATCH,hungarian,0,0,order,1
1666495519,210133,2487,85.0,1,True,True,652,False,10330,3996,45775310,174567990,45775270,174567915,0,0,1666063753,431766,distance_to_pickup,BATCH,hungarian,0,0,order,1
1666495519,89512,628,47.80167361086848,1,True,True,2650,False,10330,3996,45775310,174567990,45775356,174567977,0,0,1666063763,431756,distance_to_pickup,BATCH,hungarian,0,0,order,1
1666495519,371401,687,18.027756377319946,1,True,True,435,False,10330,3996,45765106,174572219,45765112,174572236,0,0,1666063778,431741,distance_to_pickup,BATCH,hungarian,0,0,order,1
1666495519,80582,1296,22.47220505424423,1,True,True,3057,False,10330,3996,45853755,174527370,45853743,174527389,0,0,1666148904,346615,distance_to_pickup,BATCH,hungarian,0,0,order,1
1666495519,449683,827,91.4166286842826,1,True,True,658,False,10330,3996,45898300,174553788,45898269,174553702,0,0,1666149067,346452,distance_to_pickup,BATCH,hungarian,0,0,order,1
1666495519,268356,723,60.21627686929839,1,True,True,492,False,10330,3996,45898392,174553042,45898427,174552993,0,0,1666149381,346138,distance_to_pickup,BATCH,hungarian,0,0,order,1
1666495519,452335,126,83.93449827097318,1,True,True,1582,False,10330,3996,45857919,174575648,45857897,174575567,0,0,1666149576,345943,distance_to_pickup,BATCH,hungarian,0,0,order,1
1666495519,239645,2482,5.0,1,True,True,1148,False,10330,3996,45889630,174546285,45889625,174546285,0,0,1666149624,345895,distance_to_pickup,BATCH,hungarian,0,0,order,1
1666495519,216440,891,55.00909015790027,1,True,True,802,False,10330,3996,45865238,174556784,45865213,174556735,0,0,1666149671,345848,distance_to_pickup,BATCH,hungarian,0,0,order,1
1666495519,514956,1215,99.24716620639605,1,True,True,1250,False,10330,3996,45890444,174572525,45890543,174572518,0,0,1666149723,345796,distance_to_pickup,BATCH,hungarian,0,0,order,1
1666495519,371696,2119,71.25307010929424,1,True,True,83,False,10330,3996,45886325,174535736,45886396,174535742,0,0,1666149784,345735,distance_to_pickup,BATCH,hungarian,0,0,order,1
1666495519,83700,654,96.67471230885562,1,True,True,2567,False,10330,3996,45875792,174574232,45875853,174574157,0,0,1666149807,345712,distance_to_pickup,BATCH,hungarian,0,0,order,1
1666495519,198513,1606,87.09190547921202,1,True,True,1288,False,10330,3996,45765820,174570439,45765797,174570523,0,0,1666149844,345675,distance_to_pickup,BATCH,hungarian,0,0,order,1
1666495519,123399,1886,86.64871608973787,1,True,True,3460,False,10330,3996,45927565,174521517,45927537,174521435,0,0,1666149858,345661,distance_to_pickup,BATCH,hungarian,0,0,order,1
1666495519,279891,27,86.33075929238663,1,True,True,2993,False,10330,3996,46043750,174938854,46043787,174938776,0,0,1666149872,345647,distance_to_pickup,BATCH,hungarian,0,0,order,1
1666495519,491461,205,70.32780389006896,1,True,True,3228,False,10330,3996,45851299,174552608,45851238,174552573,0,0,1666149874,345645,distance_to_pickup,BATCH,hungarian,0,0,order,1
1666495519,105286,2122,85.95929269136641,1,True,True,3679,False,10330,3996,45866326,174602374,45866368,174602299,0,0,1666149901,345618,distance_to_pickup,BATCH,hungarian,0,0,order,1
1666495519,441639,3927,85.58621384311844,1,True,True,2239,False,10330,3996,45842390,174575013,45842449,174575075,0,0,1666149918,345601,distance_to_pickup,BATCH,hungarian,0,0,order,1
1666495519,89869,800,81.02468759581859,1,True,True,366,False,10330,3996,45864620,174583120,45864602,174583041,0,0,1666149951,345568,distance_to_pickup,BATCH,hungarian,0,0,order,1
1666495519,346740,2850,89.05054744357274,1,True,True,786,False,10330,3996,45894566,174589368,45894479,174589349,0,0,1666149964,345555,distance_to_pickup,BATCH,hungarian,0,0,order,1
1666495519,230869,5,54.74486277268398,1,True,True,2191,False,10330,3996,45924121,174521831,45924130,174521777,0,0,1666149989,345530,distance_to_pickup,BATCH,hungarian,0,0,order,1
1666495519,225101,3648,64.66065264130884,1,True,True,582,False,10330,3996,45879933,174650744,45879899,174650689,0,0,1666149990,345529,distance_to_pickup,BATCH,hungarian,0,0,order,1
1666495519,346741,996,61.204574992397426,1,True,True,5,False,10330,3996,45919854,174542272,45919849,174542333,0,0,1666149990,345529,distance_to_pickup,BATCH,hungarian,0,0,order,1
1666495519,377183,1927,27.459060435491963,1,True,True,687,False,10330,3996,45769703,174567541,45769676,174567546,0,0,1666149993,345526,distance_to_pickup,BATCH,hungarian,0,0,order,1
1666495519,174899,2692,48.75448697299562,1,True,True,1605,False,10330,3996,45878035,174578011,45878014,174578055,0,0,1666149997,345522,distance_to_pickup,BATCH,hungarian,0,0,order,1
1666495519,360664,2918,69.6419413859206,1,True,True,2118,False,10330,3996,45912560,174588065,45912597,174588006,0,0,1666150167,345352,distance_to_pickup,BATCH,hungarian,0,0,order,1
1666495519,58508,1161,80.05623023850174,1,True,True,1408,False,10330,3996,45870851,174548314,45870904,174548374,0,0,1666150172,345347,distance_to_pickup,BATCH,hungarian,0,0,order,1
1666495519,468089,1468,45.48626166217664,1,True,True,1908,False,10330,3996,45874164,174536556,45874202,174536581,0,0,1666150175,345344,distance_to_pickup,BATCH,hungarian,0,0,order,1
1666495519,192656,3837,65.14598989960932,1,True,True,772,False,10330,3996,45895784,174554868,45895804,174554806,0,0,1666150175,345344,distance_to_pickup,BATCH,hungarian,0,0,order,1
1666495519,473320,1282,66.48308055437865,1,True,True,1667,False,10330,3996,45921241,174541506,45921303,174541530,0,0,1666150176,345343,distance_to_pickup,BATCH,hungarian,0,0,order,1
1666495519,276954,1563,6.082762530298219,1,True,True,2434,False,10330,3996,45885627,174540503,45885633,174540504,0,0,1666150180,345339,distance_to_pickup,BATCH,hungarian,0,0,order,1
1666495519,105289,3235,43.657759905886145,1,True,True,493,False,10330,3996,45885148,174549015,45885163,174548974,0,0,1666150181,345338,distance_to_pickup,BATCH,hungarian,0,0,order,1
1666495519,99572,1531,90.4267659490264,1,True,True,1145,False,10330,3996,45867072,174602180,45867016,174602251,0,0,1666235570,259949,distance_to_pickup,BATCH,hungarian,0,0,order,1
1666495519,344375,2263,97.32933781753577,1,True,True,554,False,10330,3996,45851534,174553673,45851437,174553665,0,0,1666235914,259605,distance_to_pickup,BATCH,hungarian,0,0,order,1
1666495519,204808,824,77.4919350642375,1,True,True,2807,False,10330,3996,45892879,174567270,45892856,174567344,0,0,1666235932,259587,distance_to_pickup,BATCH,hungarian,0,0,order,1
1666495519,439245,2648,51.0,1,True,True,428,False,10330,3996,45869167,174575007,45869143,174575052,0,0,1666235983,259536,distance_to_pickup,BATCH,hungarian,0,0,order,1
1666495519,260187,2115,25.80697580112788,1,True,True,4339,False,10330,3996,45871068,174595314,45871053,174595335,0,0,1666235999,259520,distance_to_pickup,BATCH,hungarian,0,0,order,1
1666495519,551620,3619,94.36630754670864,1,True,True,508,False,10330,3996,45869855,174596179,45869948,174596163,0,0,1666236011,259508,distance_to_pickup,BATCH,hungarian,0,0,order,1
1666495519,476257,47,54.20332093147061,1,True,True,798,False,10330,3996,45874164,174536556,45874207,174536589,0,0,1666236053,259466,distance_to_pickup,BATCH,hungarian,0,0,order,1
1666495519,428528,1565,89.88882021697692,1,True,True,1095,False,10330,3996,45863619,174577800,45863703,174577832,0,0,1666236138,259381,distance_to_pickup,BATCH,hungarian,0,0,order,1
1666495519,154183,1075,31.38470965295043,1,True,True,1069,False,10330,3996,45895360,174576670,45895372,174576699,0,0,1666236167,259352,distance_to_pickup,BATCH,hungarian,0,0,order,1
1666495519,117718,787,55.46169849544819,1,True,True,730,False,10330,3996,45897526,174588776,45897502,174588826,0,0,1666236206,259313,distance_to_pickup,BATCH,hungarian,0,0,order,1
1666495519,428530,1459,61.40032573203501,1,True,True,2102,False,10330,3996,45865101,174562972,45865052,174562935,0,0,1666236235,259284,distance_to_pickup,BATCH,hungarian,0,0,order,1
1666495519,291385,161,67.35725647619564,1,True,True,3796,False,10330,3996,45873329,174545627,45873265,174545606,0,0,1666236241,259278,distance_to_pickup,BATCH,hungarian,0,0,order,1
1666495519,231216,395,93.55746896961247,1,True,True,3482,False,10330,3996,45912399,174527757,45912416,174527665,0,0,1666236252,259267,distance_to_pickup,BATCH,hungarian,0,0,order,1
1666495519,68248,2382,78.29431652425353,1,True,True,612,False,10330,3996,45866440,174556210,45866509,174556247,0,0,1666236271,259248,distance_to_pickup,BATCH,hungarian,0,0,order,1
1666495519,96465,930,32.01562118716424,1,True,True,1345,False,10330,3996,46052380,174934080,46052381,174934112,0,0,1666236274,259245,distance_to_pickup,BATCH,hungarian,0,0,order,1
1666495519,74550,1029,88.14193099768123,1,True,True,2156,False,10330,3996,45767013,174566844,45767101,174566849,0,0,1666236279,259240,distance_to_pickup,BATCH,hungarian,0,0,order,1
1666495519,277280,382,47.38143096192854,1,True,True,1318,False,10330,3996,45866440,174556210,45866406,174556177,0,0,1666236292,259227,distance_to_pickup,BATCH,hungarian,0,0,order,1
1666495519,248744,1522,55.08175741568164,1,True,True,1687,False,10330,3996,45767013,174566844,45767066,174566859,0,0,1666236296,259223,distance_to_pickup,BATCH,hungarian,0,0,order,1
1666495519,213774,1103,56.32051136131489,1,True,True,1027,False,10330,3996,45864108,174582488,45864114,174582432,0,0,1666236333,259186,distance_to_pickup,BATCH,hungarian,0,0,order,1
1666495519,417993,2792,93.60021367496978,1,True,True,1009,False,10330,3996,45862257,174564246,45862313,174564171,0,0,1666236408,259111,distance_to_pickup,BATCH,hungarian,0,0,order,1
1666495519,515241,1421,54.589376255824725,1,True,True,12,False,10330,3996,46053230,174946828,46053278,174946854,0,0,1666236414,259105,distance_to_pickup,BATCH,hungarian,0,0,order,1
1666495519,99578,3519,13.152946437965905,1,True,True,171,False,10330,3996,45864552,174564010,45864565,174564012,0,0,1666236565,258954,distance_to_pickup,BATCH,hungarian,0,0,order,1
1666495519,533550,2548,41.23105625617661,1,True,True,1944,False,10330,3996,45895170,174589668,45895210,174589678,0,0,1666236577,258942,distance_to_pickup,BATCH,hungarian,0,0,order,1
1666495519,431518,1327,50.0,1,True,True,106,False,10330,3996,45822976,174546904,45823006,174546864,0,0,1666318225,177294,distance_to_pickup,BATCH,hungarian,0,0,order,1
1666495519,172644,1189,99.45853407325085,1,True,True,228,False,10330,3996,45920782,174542062,45920878,174542036,0,0,1666321465,174054,distance_to_pickup,BATCH,hungarian,0,0,order,1
1666495519,33737,746,81.83520025025906,1,True,True,2615,False,10330,3996,45871107,174543976,45871038,174544020,0,0,1666322198,173321,distance_to_pickup,BATCH,hungarian,0,0,order,1
1666495519,187514,1198,49.64876634922564,1,True,True,1775,False,10330,3996,45906185,174570575,45906144,174570547,0,0,1666322217,173302,distance_to_pickup,BATCH,hungarian,0,0,order,1
1666495519,455502,1342,75.6042326857432,1,True,True,852,False,10330,3996,45868629,174606647,45868569,174606693,0,0,1666322247,173272,distance_to_pickup,BATCH,hungarian,0,0,order,1
1666495519,308709,3551,38.8329756778952,1,True,True,2364,False,10330,3996,45864108,174582488,45864086,174582456,0,0,1666322322,173197,distance_to_pickup,BATCH,hungarian,0,0,order,1
1666495519,11296,635,71.30918594402827,1,True,True,254,False,10330,3996,45857403,174575309,45857385,174575378,0,0,1666322360,173159,distance_to_pickup,BATCH,hungarian,0,0,order,1
1666495519,551925,1795,78.79086241436883,1,True,True,55,False,10330,3996,45846475,174587390,45846547,174587422,0,0,1666322420,173099,distance_to_pickup,BATCH,hungarian,0,0,order,1
1666495519,260545,3286,94.86832980505137,1,True,True,3684,False,10330,3996,45885130,174594367,45885040,174594337,0,0,1666322453,173066,distance_to_pickup,BATCH,hungarian,0,0,order,1
1666495519,199209,859,88.68483523128404,1,True,True,369,False,10330,3996,45896150,174555690,45896073,174555734,0,0,1666322506,173013,distance_to_pickup,BATCH,hungarian,0,0,order,1
1666495519,404934,104,79.63039620647382,1,True,True,692,False,10330,3996,45865731,174582471,45865741,174582550,0,0,1666322509,173010,distance_to_pickup,BATCH,hungarian,0,0,order,1
1666495519,497218,3409,75.58438992278762,1,True,True,1761,False,10330,3996,45868629,174606647,45868557,174606670,0,0,1666322532,172987,distance_to_pickup,BATCH,hungarian,0,0,order,1
1666495519,383147,2183,27.202941017470888,1,True,True,1205,False,10330,3996,45871385,174543563,45871369,174543541,0,0,1666322554,172965,distance_to_pickup,BATCH,hungarian,0,0,order,1
1666495519,391332,2107,97.94896630388705,1,True,True,1054,False,10330,3996,46062618,174944266,46062543,174944329,0,0,1666322665,172854,distance_to_pickup,BATCH,hungarian,0,0,order,1
1666495519,145485,1349,51.264022471905186,1,True,True,2609,False,10330,3996,45870486,174595427,45870468,174595475,0,0,1666322698,172821,distance_to_pickup,BATCH,hungarian,0,0,order,1
1666495519,494658,2350,52.0,1,True,True,1087,False,10330,3996,45896150,174555690,45896102,174555710,0,0,1666322724,172795,distance_to_pickup,BATCH,hungarian,0,0,order,1
1666495519,294583,2780,83.09632964216891,1,True,True,3109,False,10330,3996,45870744,174548337,45870661,174548333,0,0,1666322736,172783,distance_to_pickup,BATCH,hungarian,0,0,order,1
1666495519,59300,1232,68.6804193347711,1,True,True,1232,True,10330,3996,45898432,174553759,45898386,174553708,0,0,1666322775,172744,distance_to_pickup,BATCH,hungarian,0,0,order,1
1666495519,27361,2178,71.00704190430693,1,True,True,2798,False,10330,3996,45872595,174584692,45872594,174584763,0,0,1666322792,172727,distance_to_pickup,BATCH,hungarian,0,0,order,1
1666495519,420879,3564,63.34824385884742,1,True,True,3731,False,10330,3996,45897028,174566686,45897090,174566673,0,0,1666322812,172707,distance_to_pickup,BATCH,hungarian,0,0,order,1
1666495519,166635,278,72.00694410957877,1,True,True,809,False,10330,3996,45895872,174555845,45895815,174555889,0,0,1666322896,172623,distance_to_pickup,BATCH,hungarian,0,0,order,1
1666495519,115065,411,40.52159917870962,1,True,True,369,False,10330,3996,45896150,174555690,45896111,174555679,0,0,1666322901,172618,distance_to_pickup,BATCH,hungarian,0,0,order,1
1666495519,27364,3190,78.18567643756751,1,True,True,2807,False,10330,3996,45896150,174555690,45896077,174555718,0,0,1666322938,172581,distance_to_pickup,BATCH,hungarian,0,0,order,1
1666495519,169593,2699,76.05918747922567,1,True,True,2686,False,10330,3996,45870486,174595427,45870483,174595503,0,0,1666322953,172566,distance_to_pickup,BATCH,hungarian,0,0,order,1
1666495519,452958,1278,79.81227975693966,1,True,True,1205,False,10330,3996,45871385,174543563,45871308,174543584,0,0,1666322961,172558,distance_to_pickup,BATCH,hungarian,0,0,order,1
1666495519,396804,4396,77.38862965578342,1,True,True,1759,False,10330,3996,45767602,174570675,45767569,174570605,0,0,1666322975,172544,distance_to_pickup,BATCH,hungarian,0,0,order,1
1666495519,56497,934,67.05221845696084,1,True,True,3283,False,10330,3996,45864073,174582024,45864137,174582044,0,0,1666407895,87624,distance_to_pickup,BATCH,hungarian,0,0,order,1
1666495519,311856,3827,27.294688127912362,1,True,True,3575,False,10330,3996,45879923,174634741,45879936,174634765,0,0,1666407959,87560,distance_to_pickup,BATCH,hungarian,0,0,order,1
1666495519,199637,3093,73.23933369440222,1,True,True,3663,False,10330,3996,45880376,174650774,45880418,174650834,0,0,1666408530,86989,distance_to_pickup,BATCH,hungarian,0,0,order,1
1666495519,562575,1746,38.63935817272331,1,True,True,226,False,10330,3996,45912295,174530150,45912333,174530157,0,0,1666408550,86969,distance_to_pickup,BATCH,hungarian,0,0,order,1
1666495519,269450,3545,27.459060435491963,1,True,True,327,False,10330,3996,45885793,174589795,45885770,174589780,0,0,1666408618,86901,distance_to_pickup,BATCH,hungarian,0,0,order,1
1666495519,383476,3963,39.21734310225516,1,True,True,1447,False,10330,3996,45868780,174606590,45868767,174606553,0,0,1666408659,86860,distance_to_pickup,BATCH,hungarian,0,0,order,1
1666495519,260936,2404,61.61168720299745,1,True,True,1408,False,10330,3996,45866585,174556302,45866525,174556288,0,0,1666408760,86759,distance_to_pickup,BATCH,hungarian,0,0,order,1
1666495519,549663,1228,54.62600113499065,1,True,True,306,False,10330,3996,45879887,174546555,45879909,174546505,0,0,1666408834,86685,distance_to_pickup,BATCH,hungarian,0,0,order,1
1666495519,562578,1071,69.63476143421474,1,True,True,4298,False,10330,3996,45912080,174529170,45912023,174529210,0,0,1666408841,86678,distance_to_pickup,BATCH,hungarian,0,0,order,1
1666495519,474288,4404,7.211102550927978,1,True,True,3563,False,10330,3996,45864638,174583106,45864634,174583100,0,0,1666408849,86670,distance_to_pickup,BATCH,hungarian,0,0,order,1
1666495519,121480,3053,9.433981132056603,1,True,True,936,False,10330,3996,45849644,174599543,45849636,174599538,0,0,1666408859,86660,distance_to_pickup,BATCH,hungarian,0,0,order,1
1666495519,442612,202,34.539832078341085,1,True,True,3313,False,10330,3996,45866585,174556302,45866598,174556334,0,0,1666408860,86659,distance_to_pickup,BATCH,hungarian,0,0,order,1
1666495519,552262,4230,68.60029154456998,1,True,True,3104,False,10330,3996,45873642,174606877,45873677,174606818,0,0,1666408880,86639,distance_to_pickup,BATCH,hungarian,0,0,order,1
1666495519,173055,211,82.15229759416349,1,True,True,1070,False,10330,3996,45885799,174544728,45885756,174544798,0,0,1666408932,86587,distance_to_pickup,BATCH,hungarian,0,0,order,1
1666495519,269459,1209,43.840620433565945,1,True,True,3769,False,10330,3996,45877243,174545474,45877212,174545505,0,0,1666408950,86569,distance_to_pickup,BATCH,hungarian,0,0,order,1
1666495519,75342,283,98.89893831583835,1,True,True,1251,False,10330,3996,45896259,174552883,45896169,174552924,0,0,1666408979,86540,distance_to_pickup,BATCH,hungarian,0,0,order,1
1666495519,231981,2554,22.80350850198276,1,True,True,1922,False,10330,3996,45892766,174568390,45892760,174568368,0,0,1666408984,86535,distance_to_pickup,BATCH,hungarian,0,0,order,1
1666495519,14832,920,54.644304369257,1,True,True,1247,False,10330,3996,45885438,174582607,45885407,174582652,0,0,1666409025,86494,distance_to_pickup,BATCH,hungarian,0,0,order,1
1666495519,115458,2685,32.69556544854363,1,True,True,244,False,10330,3996,45857937,174568139,45857907,174568152,0,0,1666409078,86441,distance_to_pickup,BATCH,hungarian,0,0,order,1
1666495519,549667,4135,71.02816342831905,1,True,True,1592,False,10330,3996,45865290,174556710,45865249,174556652,0,0,1666409117,86402,distance_to_pickup,BATCH,hungarian,0,0,order,1
1666495519,5192,335,62.20128616033595,1,True,True,1073,False,10330,3996,45880151,174634388,45880213,174634393,0,0,1666409151,86368,distance_to_pickup,BATCH,hungarian,0,0,order,1
1666495519,508049,1049,57.48912940721924,1,True,True,1852,False,10330,3996,45874756,174650324,45874743,174650268,0,0,1666409156,86363,distance_to_pickup,BATCH,hungarian,0,0,order,1
1666495519,339453,1972,32.69556544854363,1,True,True,3304,False,10330,3996,45885165,174525219,45885152,174525189,0,0,1666409168,86351,distance_to_pickup,BATCH,hungarian,0,0,order,1
1666495519,252290,1415,86.88498144098322,1,True,True,1609,False,10330,3996,46052385,174946069,46052367,174946154,0,0,1666409168,86351,distance_to_pickup,BATCH,hungarian,0,0,order,1
1666495519,65975,1965,82.97590011563598,1,True,True,1908,False,10330,3996,45886650,174551414,45886713,174551468,0,0,1666409189,86330,distance_to_pickup,BATCH,hungarian,0,0,order,1
1666495519,18144,2831,80.11242100947892,1,True,True,2487,False,10330,3996,45774226,174573792,45774259,174573865,0,0,1666409197,86322,distance_to_pickup,BATCH,hungarian,0,0,order,1
1666495519,306203,2912,86.33075929238663,1,True,True,444,False,10330,3996,45872819,174545846,45872737,174545873,0,0,1666409205,86314,distance_to_pickup,BATCH,hungarian,0,0,order,1
1666495519,314685,4548,74.4043009509531,1,True,True,2634,False,10330,3996,45877243,174545474,45877303,174545430,0,0,1666409279,86240,distance_to_pickup,BATCH,hungarian,0,0,order,1
1666495519,463751,1905,57.723478758647246,1,True,True,1715,False,10330,3996,45892908,174566908,45892922,174566852,0,0,1666409344,86175,distance_to_pickup,BATCH,hungarian,0,0,order,1
1666495519,40513,4048,49.9799959983992,1,True,True,2027,False,10330,3996,45859352,174579486,45859305,174579503,0,0,1666409349,86170,distance_to_pickup,BATCH,hungarian,0,0,order,1
1666495519,115467,363,38.01315561749642,1,True,True,1517,False,10330,3996,45868780,174606590,45868763,174606556,0,0,1666409364,86155,distance_to_pickup,BATCH,hungarian,0,0,order,1
1666495519,50288,559,58.137767414994535,1,True,True,1046,False,10330,3996,45863719,174582514,45863693,174582566,0,0,1666409368,86151,distance_to_pickup,BATCH,hungarian,0,0,order,1
1666495519,567632,2138,95.524865872714,1,True,True,1762,False,10330,3996,45879590,174635020,45879573,174635114,0,0,1666409372,86147,distance_to_pickup,BATCH,hungarian,0,0,order,1
1666495519,152268,1300,98.22932352408826,1,True,True,2053,False,10330,3996,45894303,174566613,45894360,174566533,0,0,1666495444,75,distance_to_pickup,BATCH,hungarian,0,0,order,1
1666495519,88321,3508,90.09439494219383,1,True,True,2059,False,10330,3996,45860664,174572467,45860575,174572453,0,0,1666495420,99,distance_to_pickup,BATCH,hungarian,0,0,order,1
1666495519,134061,1450,95.85405573057407,1,True,True,3118,False,10330,3996,46043753,174939227,46043715,174939315,0,0,1666495499,20,distance_to_pickup,BATCH,hungarian,0,0,order,1
1666495519,88327,866,89.73850901368932,1,True,True,1112,False,10330,3996,45890235,174596843,45890322,174596865,0,0,1666495188,331,distance_to_pickup,BATCH,hungarian,0,0,order,1
1666495519,18558,1572,51.97114584074513,1,True,True,2387,False,10330,3996,45870533,174595497,45870559,174595542,0,0,1666495180,339,distance_to_pickup,BATCH,hungarian,0,0,order,1
1666495519,503215,1890,31.0,1,True,True,1936,False,10330,3996,45846888,174586904,45846857,174586904,0,0,1666495486,33,distance_to_pickup,BATCH,hungarian,0,0,order,1
1666495519,389356,1617,97.082439194738,1,True,True,799,False,10330,3996,45874747,174650084,45874842,174650104,0,0,1666495332,187,distance_to_pickup,BATCH,hungarian,0,0,order,1
1666495519,503209,3784,38.48376280978771,1,True,True,2944,False,10330,3996,45860664,174572467,45860629,174572451,0,0,1666495105,414,distance_to_pickup,BATCH,hungarian,0,0,order,1
1666495519,500568,878,5.385164807134504,1,True,True,2577,False,10330,3996,45912023,174529261,45912025,174529266,0,0,1666495237,282,distance_to_pickup,BATCH,hungarian,0,0,order,1
1666495519,173394,25,61.07372593840988,1,True,True,3863,False,10330,3996,45888574,174544733,45888635,174544736,0,0,1666493787,1732,distance_to_pickup,BATCH,hungarian,0,0,order,1
1666495519,413687,2599,93.90420650854784,1,True,True,690,False,10330,3996,45860629,174563515,45860616,174563422,0,0,1666495479,40,distance_to_pickup,BATCH,hungarian,0,0,order,1
1666495519,85196,904,80.65358020571685,1,True,True,799,False,10330,3996,45874742,174650123,45874715,174650199,0,0,1666495435,84,distance_to_pickup,BATCH,hungarian,0,0,order,1
1666495519,416290,3227,46.010868281309364,1,True,True,2996,False,10330,3996,45869829,174606597,45869828,174606643,0,0,1666494986,533,distance_to_pickup,BATCH,hungarian,0,0,order,1
1666495519,78975,565,96.02083107326243,1,True,True,3792,False,10330,3996,45865066,174527209,45865068,174527113,0,0,1666495445,74,distance_to_pickup,BATCH,hungarian,0,0,order,1
1666495519,226609,1099,65.27633568147036,1,True,True,3662,False,10330,3996,45879964,174546543,45879970,174546478,0,0,1666495312,207,distance_to_pickup,BATCH,hungarian,0,0,order,1
1666495519,249859,3872,34.0147027033899,1,True,True,160,False,10330,3996,45872830,174545360,45872816,174545391,0,0,1666495476,43,distance_to_pickup,BATCH,hungarian,0,0,order,1
1666495519,37741,2486,48.83646178829912,1,True,True,2486,True,10330,3996,45879427,174650494,45879379,174650503,0,0,1666495028,491,distance_to_pickup,BATCH,hungarian,0,0,order,1
1666495519,149176,39,41.78516483155236,1,True,True,873,False,10330,3996,45866961,174601021,45866976,174600982,0,0,1666487267,8252,distance_to_pickup,BATCH,hungarian,0,0,order,1
1666495519,462107,2484,89.35882720806042,1,True,False,2878,False,10330,3996,45886802,174544898,45886755,174544974,0,0,1665977005,518514,distance_to_pickup,BATCH,hungarian,0,0,order,1
1666495519,159027,2684,23.40939982143925,1,True,False,919,False,10330,3996,45860020,174580680,45860042,174580672,0,0,1665977195,518324,distance_to_pickup,BATCH,hungarian,0,0,order,1
1666495519,514640,1113,95.0,1,True,False,3163,False,10330,3996,45876422,174545690,45876346,174545633,0,0,1666062986,432533,distance_to_pickup,BATCH,hungarian,0,0,order,1
1666495519,98774,148,59.033888572581766,1,True,False,3169,False,10330,3996,45859736,174548428,45859734,174548369,0,0,1666063560,431959,distance_to_pickup,BATCH,hungarian,0,0,order,1
1666495519,351959,2009,56.824290580701486,1,True,False,436,False,10330,3996,45879848,174648286,45879798,174648313,0,0,1666063623,431896,distance_to_pickup,BATCH,hungarian,0,0,order,1
1666495519,276865,2075,68.47627326307996,1,True,False,187,False,10330,3996,45884742,174633571,45884802,174633604,0,0,1666101807,393712,distance_to_pickup,BATCH,hungarian,0,0,order,1
1666495519,259850,2500,68.81860213634101,1,True,False,2491,False,10330,3996,45878745,174634478,45878785,174634534,0,0,1666149560,345959,distance_to_pickup,BATCH,hungarian,0,0,order,1
1666495519,171920,2407,66.2872536767062,1,True,False,1541,False,10330,3996,45865238,174556784,45865183,174556747,0,0,1666149667,345852,distance_to_pickup,BATCH,hungarian,0,0,order,1
1666495519,120387,648,54.230987451824994,1,True,False,85,False,10330,3996,45895200,174566810,45895146,174566805,0,0,1666149867,345652,distance_to_pickup,BATCH,hungarian,0,0,order,1
1666495519,425627,3306,93.7709976485267,1,True,False,276,False,10330,3996,45859277,174579627,45859370,174579615,0,0,1666149872,345647,distance_to_pickup,BATCH,hungarian,0,0,order,1
1666495519,302316,1986,25.612496949731394,1,True,False,3679,False,10330,3996,45867072,174602180,45867052,174602196,0,0,1666149875,345644,distance_to_pickup,BATCH,hungarian,0,0,order,1
1666495519,470672,1098,32.526911934581186,1,True,False,983,False,10330,3996,45870386,174606490,45870363,174606467,0,0,1666150173,345346,distance_to_pickup,BATCH,hungarian,0,0,order,1
1666495519,237093,1732,70.22819946431775,1,True,False,3355,False,10330,3996,45889986,174545204,45889920,174545228,0,0,1666236104,259415,distance_to_pickup,BATCH,hungarian,0,0,order,1
1666495519,195979,2384,85.42833253669417,1,True,False,1054,False,10330,3996,46054689,174946657,46054766,174946694,0,0,1666236239,259280,distance_to_pickup,BATCH,hungarian,0,0,order,1
1666495519,237104,140,29.732137494637012,1,True,False,2984,False,10330,3996,45896012,174554857,45896032,174554879,0,0,1666236268,259251,distance_to_pickup,BATCH,hungarian,0,0,order,1
1666495519,193011,840,99.04039579888602,1,True,False,2953,False,10330,3996,46042617,174952947,46042714,174952967,0,0,1666236398,259121,distance_to_pickup,BATCH,hungarian,0,0,order,1
1666495519,476536,1279,34.132096331752024,1,True,False,1193,False,10330,3996,45907630,174567904,45907664,174567901,0,0,1666322207,173312,distance_to_pickup,BATCH,hungarian,0,0,order,1
1666495519,492098,2728,58.240879114244144,1,True,False,440,False,10330,3996,45877827,174578601,45877811,174578545,0,0,1666322312,173207,distance_to_pickup,BATCH,hungarian,0,0,order,1
1666495519,344684,4846,44.204072210600685,1,True,False,1199,False,10330,3996,45870851,174548314,45870878,174548349,0,0,1666322540,172979,distance_to_pickup,BATCH,hungarian,0,0,order,1
1666495519,355738,3374,82.75868534480233,1,True,False,2183,False,10330,3996,45879153,174595684,45879213,174595627,0,0,1666322546,172973,distance_to_pickup,BATCH,hungarian,0,0,order,1
1666495519,439584,2790,48.104053883222775,1,True,False,1373,False,10330,3996,45887812,174556789,45887777,174556822,0,0,1666322667,172852,distance_to_pickup,BATCH,hungarian,0,0,order,1
1666495519,151500,407,68.41052550594829,1,True,False,2345,False,10330,3996,45896150,174555690,45896168,174555624,0,0,1666322774,172745,distance_to_pickup,BATCH,hungarian,0,0,order,1
1666495519,263421,525,53.81449618829484,1,True,False,1688,False,10330,3996,45858919,174566661,45858879,174566625,0,0,1666322909,172610,distance_to_pickup,BATCH,hungarian,0,0,order,1
1666495519,21307,412,94.92101980067429,1,True,False,670,False,10330,3996,45894758,174555339,45894725,174555428,0,0,1666407981,87538,distance_to_pickup,BATCH,hungarian,0,0,order,1
1666495519,528932,2389,9.0,1,True,False,936,False,10330,3996,45849644,174599543,45849653,174599543,0,0,1666408796,86723,distance_to_pickup,BATCH,hungarian,0,0,order,1
1666495519,518428,936,40.85339643163099,1,True,False,4381,False,10330,3996,45849644,174599543,45849659,174599581,0,0,1666409331,86188,distance_to_pickup,BATCH,hungarian,0,0,order,1
1666495519,370304,3387,40.45985664828782,1,True,False,1004,False,10330,3996,45876249,174545791,45876223,174545760,0,0,1666495312,207,distance_to_pickup,BATCH,hungarian,0,0,order,1
1666495519,220865,3663,78.10889834071403,1,True,False,3181,False,10330,3996,45880151,174634388,45880225,174634413,0,0,1666495511,8,distance_to_pickup,BATCH,hungarian,0,0,order,1
1666495519,72654,3835,41.036569057366385,1,True,False,3230,False,10330,3996,45871180,174595520,45871150,174595548,0,0,1666495515,4,distance_to_pickup,BATCH,hungarian,0,0,order,1
1666495639,116621,711,23.021728866442675,1,True,True,2032,False,10755,3839,45855637,174569692,45855638,174569669,0,0,1665976536,519103,distance_to_pickup,BATCH,hungarian,0,0,order,1
1666495639,293224,1525,62.96824596572466,1,True,True,81,False,10755,3839,45905899,174526998,45905853,174527041,0,0,1665976681,518958,distance_to_pickup,BATCH,hungarian,0,0,order,1
1666495639,194870,4315,74.14849964766651,1,True,True,2176,False,10755,3839,45853252,174530042,45853179,174530055,0,0,1665976779,518860,distance_to_pickup,BATCH,hungarian,0,0,order,1
1666495639,337718,2128,97.32933781753577,1,True,True,88,False,10755,3839,45866450,174536750,45866458,174536653,0,0,1665976782,518857,distance_to_pickup,BATCH,hungarian,0,0,order,1
1666495639,150002,1958,29.427877939124322,1,True,True,2976,False,10755,3839,45868335,174545710,45868340,174545681,0,0,1665977065,518574,distance_to_pickup,BATCH,hungarian,0,0,order,1
1666495639,218638,3282,82.09750300709517,1,True,True,972,False,10755,3839,45873171,174577055,45873089,174577059,0,0,1665977067,518572,distance_to_pickup,BATCH,hungarian,0,0,order,1
1666495639,48305,1087,96.84007434941384,1,True,True,101,False,10755,3839,45877890,174578340,45877863,174578247,0,0,1665977087,518552,distance_to_pickup,BATCH,hungarian,0,0,order,1
1666495639,128721,1839,99.24716620639605,1,True,True,78,False,10755,3839,45851399,174554321,45851392,174554420,0,0,1665977131,518508,distance_to_pickup,BATCH,hungarian,0,0,order,1
1666495639,550668,2720,12.806248474865697,1,True,True,2961,False,10755,3839,45860937,174535200,45860929,174535190,0,0,1665977191,518448,distance_to_pickup,BATCH,hungarian,0,0,order,1
1666495639,387343,398,94.72592042308166,1,True,True,2878,False,10755,3839,45889630,174546285,45889723,174546267,0,0,1665977194,518445,distance_to_pickup,BATCH,hungarian,0,0,order,1
1666495639,159027,2684,23.323807579381203,1,True,True,919,False,10755,3839,45860020,174580680,45860040,174580668,0,0,1665977195,518444,distance_to_pickup,BATCH,hungarian,0,0,order,1
1666495639,256238,2662,94.54099639838793,1,True,True,3384,False,10755,3839,45901279,174543589,45901372,174543572,0,0,1665977201,518438,distance_to_pickup,BATCH,hungarian,0,0,order,1
1666495639,70316,518,91.0823802938856,1,True,True,2826,False,10755,3839,45766140,174570557,45766054,174570527,0,0,1665977338,518301,distance_to_pickup,BATCH,hungarian,0,0,order,1
1666495639,259153,3001,47.265209192385896,1,True,True,3191,False,10755,3839,45880110,174548040,45880157,174548035,0,0,1665977345,518294,distance_to_pickup,BATCH,hungarian,0,0,order,1
1666495639,116629,2638,57.48912940721924,1,True,True,4052,False,10755,3839,45879590,174635020,45879603,174635076,0,0,1665977369,518270,distance_to_pickup,BATCH,hungarian,0,0,order,1
1666495639,168139,1084,97.63708311906906,1,True,True,941,False,10755,3839,45882550,174555124,45882468,174555177,0,0,1665977374,518265,distance_to_pickup,BATCH,hungarian,0,0,order,1
1666495639,324251,1453,48.41487374764082,1,True,True,3048,False,10755,3839,45864340,174581970,45864378,174581940,0,0,1666016524,479115,distance_to_pickup,BATCH,hungarian,0,0,order,1
1666495639,67539,2435,32.64965543462902,1,True,True,825,False,10755,3839,45869010,174572742,45868989,174572717,0,0,1666063082,432557,distance_to_pickup,BATCH,hungarian,0,0,order,1
1666495639,265145,1712,40.85339643163099,1,True,True,425,False,10755,3839,45907759,174546285,45907744,174546323,0,0,1666063086,432553,distance_to_pickup,BATCH,hungarian,0,0,order,1
1666495639,89499,876,21.633307652783937,1,True,True,1301,False,10755,3839,45893075,174568418,45893093,174568406,0,0,1666063154,432485,distance_to_pickup,BATCH,hungarian,0,0,order,1
1666495639,422609,222,80.61017305526642,1,True,True,1259,False,10755,3839,45876516,174606113,45876459,174606170,0,0,1666063307,432332,distance_to_pickup,BATCH,hungarian,0,0,order,1
1666495639,530292,3533,98.67117106835208,1,True,True,4276,False,10755,3839,45879264,174634208,45879358,174634178,0,0,1666063447,432192,distance_to_pickup,BATCH,hungarian,0,0,order,1
1666495639,147358,2323,77.79460135510689,1,True,True,2498,False,10755,3839,45864620,174583120,45864566,174583064,0,0,1666063448,432191,distance_to_pickup,BATCH,hungarian,0,0,order,1
1666495639,332616,1837,29.698484809834994,1,True,True,1705,False,10755,3839,45874811,174648380,45874832,174648359,0,0,1666063452,432187,distance_to_pickup,BATCH,hungarian,0,0,order,1
1666495639,548440,3877,40.11234224026316,1,True,True,825,False,10755,3839,45868962,174572641,45869002,174572644,0,0,1666063588,432051,distance_to_pickup,BATCH,hungarian,0,0,order,1
1666495639,351959,2009,40.607881008493905,1,True,True,436,False,10755,3839,45879848,174648286,45879808,174648293,0,0,1666063623,432016,distance_to_pickup,BATCH,hungarian,0,0,order,1
1666495639,365914,562,62.96824596572466,1,True,True,3015,False,10755,3839,45863313,174579507,45863279,174579560,0,0,1666063767,431872,distance_to_pickup,BATCH,hungarian,0,0,order,1
1666495639,259501,664,60.03332407921454,1,True,True,974,False,10755,3839,45892888,174567981,45892836,174567951,0,0,1666063773,431866,distance_to_pickup,BATCH,hungarian,0,0,order,1
1666495639,433564,46,88.41379982785493,1,True,True,2674,False,10755,3839,45872578,174577102,45872514,174577163,0,0,1666147909,347730,distance_to_pickup,BATCH,hungarian,0,0,order,1
1666495639,213416,1115,95.33624704172071,1,True,True,2328,False,10755,3839,45857898,174580631,45857923,174580723,0,0,1666148586,347053,distance_to_pickup,BATCH,hungarian,0,0,order,1
1666495639,291064,2966,37.53664875824692,1,True,True,2403,False,10755,3839,45870744,174548337,45870719,174548309,0,0,1666149275,346364,distance_to_pickup,BATCH,hungarian,0,0,order,1
1666495639,135596,2731,79.55501241279521,1,True,True,4068,False,10755,3839,45880689,174650819,45880766,174650799,0,0,1666149438,346201,distance_to_pickup,BATCH,hungarian,0,0,order,1
1666495639,470661,2291,35.84689665786984,1,True,True,1432,False,10755,3839,45880013,174648313,45879995,174648282,0,0,1666149590,346049,distance_to_pickup,BATCH,hungarian,0,0,order,1
1666495639,517518,1637,91.0823802938856,1,True,True,1317,False,10755,3839,45836666,174540849,45836652,174540939,0,0,1666149610,346029,distance_to_pickup,BATCH,hungarian,0,0,order,1
1666495639,201527,725,97.41663102366043,1,True,True,2115,False,10755,3839,45883232,174592571,45883181,174592654,0,0,1666149614,346025,distance_to_pickup,BATCH,hungarian,0,0,order,1
1666495639,183870,3485,75.28612089887484,1,True,True,3567,False,10755,3839,45912088,174529069,45912110,174529141,0,0,1666149650,345989,distance_to_pickup,BATCH,hungarian,0,0,order,1
1666495639,171920,1529,84.48076704197234,1,True,True,1541,False,10755,3839,45865238,174556784,45865157,174556808,0,0,1666149667,345972,distance_to_pickup,BATCH,hungarian,0,0,order,1
1666495639,45887,1291,32.55764119219941,1,True,True,2967,False,10755,3839,45870851,174548314,45870873,174548338,0,0,1666149716,345923,distance_to_pickup,BATCH,hungarian,0,0,order,1
1666495639,58494,4516,37.0,1,True,True,782,False,10755,3839,45901998,174586185,45902033,174586173,0,0,1666149735,345904,distance_to_pickup,BATCH,hungarian,0,0,order,1
1666495639,102322,2451,48.83646178829912,1,True,True,4418,False,10755,3839,45886588,174545028,45886579,174544980,0,0,1666149790,345849,distance_to_pickup,BATCH,hungarian,0,0,order,1
1666495639,321920,1799,33.734255586866,1,True,True,1114,False,10755,3839,45866359,174536720,45866366,174536687,0,0,1666149792,345847,distance_to_pickup,BATCH,hungarian,0,0,order,1
1666495639,108252,2515,54.12947441089743,1,True,True,997,False,10755,3839,45877750,174578750,45877701,174578773,0,0,1666149835,345804,distance_to_pickup,BATCH,hungarian,0,0,order,1
1666495639,478596,2741,83.24061508662703,1,True,True,435,False,10755,3839,45765106,174572219,45765171,174572271,0,0,1666149881,345758,distance_to_pickup,BATCH,hungarian,0,0,order,1
1666495639,77343,2352,6.324555320336759,1,True,True,2185,False,10755,3839,45767858,174560883,45767856,174560889,0,0,1666149965,345674,distance_to_pickup,BATCH,hungarian,0,0,order,1
1666495639,111340,2609,40.44749683231337,1,True,True,3231,False,10755,3839,45873880,174576720,45873920,174576726,0,0,1666149983,345656,distance_to_pickup,BATCH,hungarian,0,0,order,1
1666495639,486326,1664,86.97700845625813,1,True,True,4262,False,10755,3839,45886325,174535736,45886411,174535723,0,0,1666149988,345651,distance_to_pickup,BATCH,hungarian,0,0,order,1
1666495639,564128,2020,41.78516483155236,1,True,True,1712,False,10755,3839,45907759,174546285,45907720,174546270,0,0,1666149995,345644,distance_to_pickup,BATCH,hungarian,0,0,order,1
1666495639,551302,3336,30.870698080866262,1,True,True,2787,False,10755,3839,45860307,174548890,45860335,174548877,0,0,1666149997,345642,distance_to_pickup,BATCH,hungarian,0,0,order,1
1666495639,123400,3088,55.94640292279746,1,True,True,1136,False,10755,3839,45847390,174551830,45847363,174551781,0,0,1666149999,345640,distance_to_pickup,BATCH,hungarian,0,0,order,1
1666495639,420278,4163,38.47076812334269,1,True,True,3863,False,10755,3839,45866359,174536720,45866353,174536758,0,0,1666150145,345494,distance_to_pickup,BATCH,hungarian,0,0,order,1
1666495639,449685,2519,55.362442142665635,1,True,True,40,False,10755,3839,45878920,174634430,45878972,174634411,0,0,1666150151,345488,distance_to_pickup,BATCH,hungarian,0,0,order,1
1666495639,58509,1196,72.61542535852834,1,True,True,1650,False,10755,3839,45871427,174624974,45871399,174624907,0,0,1666150162,345477,distance_to_pickup,BATCH,hungarian,0,0,order,1
1666495639,302324,2698,51.97114584074513,1,True,True,369,False,10755,3839,45892888,174567981,45892933,174568007,0,0,1666150177,345462,distance_to_pickup,BATCH,hungarian,0,0,order,1
1666495639,371990,3630,98.84331034521254,1,True,True,1342,False,10755,3839,45867455,174605518,45867436,174605615,0,0,1666234463,261176,distance_to_pickup,BATCH,hungarian,0,0,order,1
1666495639,181273,1690,73.87827826905551,1,True,True,542,False,10755,3839,45885924,174544947,45885981,174544994,0,0,1666234549,261090,distance_to_pickup,BATCH,hungarian,0,0,order,1
1666495639,291373,2921,80.52328855678958,1,True,True,475,False,10755,3839,45912320,174519710,45912242,174519690,0,0,1666235567,260072,distance_to_pickup,BATCH,hungarian,0,0,order,1
1666495639,151108,1775,17.46424919657298,1,True,True,3875,False,10755,3839,45904281,174568317,45904285,174568300,0,0,1666235821,259818,distance_to_pickup,BATCH,hungarian,0,0,order,1
1666495639,268698,1986,38.2099463490856,1,True,True,1249,False,10755,3839,45866079,174600663,45866117,174600667,0,0,1666235851,259788,distance_to_pickup,BATCH,hungarian,0,0,order,1
1666495639,207781,2468,33.015148038438355,1,True,True,3852,False,10755,3839,45847363,174551461,45847362,174551494,0,0,1666235865,259774,distance_to_pickup,BATCH,hungarian,0,0,order,1
1666495639,77732,164,61.465437442517235,1,True,True,101,False,10755,3839,45869010,174572742,45868953,174572765,0,0,1666235885,259754,distance_to_pickup,BATCH,hungarian,0,0,order,1
1666495639,30070,2232,58.180752831155424,1,True,True,2842,False,10755,3839,45851746,174556414,45851774,174556363,0,0,1666235896,259743,distance_to_pickup,BATCH,hungarian,0,0,order,1
1666495639,175238,56,32.55764119219941,1,True,True,2733,False,10755,3839,45856330,174579593,45856306,174579571,0,0,1666235936,259703,distance_to_pickup,BATCH,hungarian,0,0,order,1
1666495639,484014,195,82.02438661763951,1,True,True,2856,False,10755,3839,45902763,174586284,45902761,174586202,0,0,1666236037,259602,distance_to_pickup,BATCH,hungarian,0,0,order,1
1666495639,237093,1732,51.73973328110612,1,True,True,3355,False,10755,3839,45889986,174545204,45889947,174545170,0,0,1666236104,259535,distance_to_pickup,BATCH,hungarian,0,0,order,1
1666495639,14069,62,96.46242791885346,1,True,True,2967,False,10755,3839,45889230,174571870,45889259,174571962,0,0,1666236138,259501,distance_to_pickup,BATCH,hungarian,0,0,order,1
1666495639,554174,3983,98.2496819333274,1,True,True,4030,False,10755,3839,45905899,174526998,45905801,174526991,0,0,1666236152,259487,distance_to_pickup,BATCH,hungarian,0,0,order,1
1666495639,68239,1269,39.6232255123179,1,True,True,2556,False,10755,3839,45920023,174542736,45919996,174542707,0,0,1666236167,259472,distance_to_pickup,BATCH,hungarian,0,0,order,1
1666495639,175260,633,89.55445270895244,1,True,True,2468,False,10755,3839,45859089,174555893,45859053,174555975,0,0,1666236251,259388,distance_to_pickup,BATCH,hungarian,0,0,order,1
1666495639,187139,492,25.96150997149434,1,True,True,520,False,10755,3839,45892950,174567320,45892975,174567313,0,0,1666236269,259370,distance_to_pickup,BATCH,hungarian,0,0,order,1
1666495639,36516,201,59.16924876994806,1,True,True,1223,False,10755,3839,46045145,174938665,46045094,174938695,0,0,1666236271,259368,distance_to_pickup,BATCH,hungarian,0,0,order,1
1666495639,401875,3845,93.03762679690406,1,True,True,2523,False,10755,3839,45849065,174527425,45849025,174527509,0,0,1666236313,259326,distance_to_pickup,BATCH,hungarian,0,0,order,1
1666495639,277281,4594,71.42128534267638,1,True,True,612,False,10755,3839,45866440,174556210,45866491,174556260,0,0,1666236314,259325,distance_to_pickup,BATCH,hungarian,0,0,order,1
1666495639,523043,2456,88.75246475450696,1,True,True,3070,False,10755,3839,45863533,174577579,45863607,174577628,0,0,1666236376,259263,distance_to_pickup,BATCH,hungarian,0,0,order,1
1666495639,123743,1538,39.01281840626232,1,True,True,1674,False,10755,3839,45920269,174542703,45920270,174542742,0,0,1666236384,259255,distance_to_pickup,BATCH,hungarian,0,0,order,1
1666495639,10910,2098,73.49829930005184,1,True,True,2570,False,10755,3839,45767013,174566844,45766994,174566915,0,0,1666236390,259249,distance_to_pickup,BATCH,hungarian,0,0,order,1
1666495639,515243,540,66.88796603276258,1,True,True,3246,False,10755,3839,45875792,174574232,45875757,174574289,0,0,1666236472,259167,distance_to_pickup,BATCH,hungarian,0,0,order,1
1666495639,237112,586,46.2709412050371,1,True,True,2768,False,10755,3839,45859348,174548154,45859343,174548200,0,0,1666236550,259089,distance_to_pickup,BATCH,hungarian,0,0,order,1
1666495639,17342,2302,14.317821063276353,1,True,True,1233,False,10755,3839,45919854,174542272,45919848,174542259,0,0,1666236562,259077,distance_to_pickup,BATCH,hungarian,0,0,order,1
1666495639,172279,607,47.80167361086848,1,True,True,393,False,10755,3839,45919929,174542218,45919967,174542247,0,0,1666236563,259076,distance_to_pickup,BATCH,hungarian,0,0,order,1
1666495639,274411,2782,97.30878685915265,1,True,True,2082,False,10755,3839,45905887,174531133,45905962,174531195,0,0,1666236569,259070,distance_to_pickup,BATCH,hungarian,0,0,order,1
1666495639,190466,967,68.0,1,True,True,3475,False,10755,3839,45886619,174593995,45886559,174593963,0,0,1666321488,174151,distance_to_pickup,BATCH,hungarian,0,0,order,1
1666495639,220053,2932,72.71863585079137,1,True,True,2061,False,10755,3839,45859969,174536490,45859907,174536452,0,0,1666321698,173941,distance_to_pickup,BATCH,hungarian,0,0,order,1
1666495639,489472,3349,34.058772731852805,1,True,True,556,False,10755,3839,45861811,174582680,45861777,174582682,0,0,1666322105,173534,distance_to_pickup,BATCH,hungarian,0,0,order,1
1666495639,476536,1279,7.615773105863909,1,True,True,1193,False,10755,3839,45907630,174567904,45907627,174567911,0,0,1666322207,173432,distance_to_pickup,BATCH,hungarian,0,0,order,1
1666495639,452950,905,35.805027579936315,1,True,True,3553,False,10755,3839,45866440,174556210,45866469,174556189,0,0,1666322335,173304,distance_to_pickup,BATCH,hungarian,0,0,order,1
1666495639,49905,81,56.462376853972415,1,True,True,524,False,10755,3839,45897087,174552977,45897035,174552955,0,0,1666322375,173264,distance_to_pickup,BATCH,hungarian,0,0,order,1
1666495639,394086,1491,16.15549442140351,1,True,True,1193,False,10755,3839,45907630,174567904,45907645,174567898,0,0,1666322404,173235,distance_to_pickup,BATCH,hungarian,0,0,order,1
1666495639,499868,2151,92.47702417357513,1,True,True,1087,False,10755,3839,45897161,174552968,45897195,174552882,0,0,1666322515,173124,distance_to_pickup,BATCH,hungarian,0,0,order,1
1666495639,431561,1936,71.06335201775947,1,True,True,1259,False,10755,3839,45842390,174575013,45842435,174574958,0,0,1666322527,173112,distance_to_pickup,BATCH,hungarian,0,0,order,1
1666495639,43386,1432,94.11163583744573,1,True,True,3637,False,10755,3839,45879192,174649067,45879101,174649043,0,0,1666322642,172997,distance_to_pickup,BATCH,hungarian,0,0,order,1
1666495639,444969,2438,91.0494371207203,1,True,True,726,False,10755,3839,45895331,174566202,45895422,174566199,0,0,1666322660,172979,distance_to_pickup,BATCH,hungarian,0,0,order,1
1666495639,525963,2647,27.073972741361768,1,True,True,542,False,10755,3839,45886643,174540024,45886645,174539997,0,0,1666322661,172978,distance_to_pickup,BATCH,hungarian,0,0,order,1
1666495639,43388,3049,70.21395872616783,1,True,True,2401,False,10755,3839,45879192,174649067,45879135,174649108,0,0,1666322734,172905,distance_to_pickup,BATCH,hungarian,0,0,order,1
1666495639,319828,4846,11.0,1,True,True,2641,False,10755,3839,45870851,174548314,45870862,174548314,0,0,1666322757,172882,distance_to_pickup,BATCH,hungarian,0,0,order,1
1666495639,151500,1903,49.64876634922564,1,True,True,2345,False,10755,3839,45896150,174555690,45896199,174555682,0,0,1666322774,172865,distance_to_pickup,BATCH,hungarian,0,0,order,1
1666495639,68627,157,60.207972893961475,1,True,True,3712,False,10755,3839,45867290,174556705,45867239,174556737,0,0,1666322781,172858,distance_to_pickup,BATCH,hungarian,0,0,order,1
1666495639,234486,2612,72.3671196055225,1,True,True,1857,False,10755,3839,45895683,174554863,45895612,174554849,0,0,1666322949,172690,distance_to_pickup,BATCH,hungarian,0,0,order,1
1666495639,350158,173,16.55294535724685,1,True,True,624,False,10755,3839,45896150,174555690,45896143,174555675,0,0,1666322951,172688,distance_to_pickup,BATCH,hungarian,0,0,order,1
1666495639,187533,1251,97.8008179924892,1,True,True,2700,False,10755,3839,45892721,174544868,45892627,174544841,0,0,1666322960,172679,distance_to_pickup,BATCH,hungarian,0,0,order,1
1666495639,525969,1540,70.60453243241541,1,True,True,1418,False,10755,3839,45858283,174576801,45858227,174576758,0,0,1666322963,172676,distance_to_pickup,BATCH,hungarian,0,0,order,1
1666495639,557103,2336,29.017236257093817,1,True,True,2434,False,10755,3839,45889785,174535551,45889784,174535522,0,0,1666322974,172665,distance_to_pickup,BATCH,hungarian,0,0,order,1
1666495639,21311,631,56.302753041036986,1,True,True,310,False,10755,3839,45859780,174572470,45859761,174572417,0,0,1666408373,87266,distance_to_pickup,BATCH,hungarian,0,0,order,1
1666495639,234895,3577,63.245553203367585,1,True,True,3789,False,10755,3839,45879702,174634266,45879754,174634302,0,0,1666408689,86950,distance_to_pickup,BATCH,hungarian,0,0,order,1
1666495639,528932,936,40.85339643163099,1,True,True,936,True,10755,3839,45849644,174599543,45849659,174599581,0,0,1666408796,86843,distance_to_pickup,BATCH,hungarian,0,0,order,1
1666495639,157850,369,84.5931439302264,1,True,True,1285,False,10755,3839,45896259,174552883,45896343,174552893,0,0,1666409093,86546,distance_to_pickup,BATCH,hungarian,0,0,order,1
1666495639,40504,2864,73.02739212103907,1,True,True,2898,False,10755,3839,45897597,174552952,45897524,174552950,0,0,1666409102,86537,distance_to_pickup,BATCH,hungarian,0,0,order,1
1666495639,234909,2384,79.51100552753688,1,True,True,960,False,10755,3839,46052806,174946752,46052867,174946803,0,0,1666409189,86450,distance_to_pickup,BATCH,hungarian,0,0,order,1
1666495639,37294,252,89.82204629154248,1,True,True,896,False,10755,3839,46050664,174943853,46050682,174943765,0,0,1666409191,86448,distance_to_pickup,BATCH,hungarian,0,0,order,1
1666495639,303369,835,60.728905802755904,1,True,True,1122,False,10755,3839,45896259,174552883,45896201,174552901,0,0,1666409192,86447,distance_to_pickup,BATCH,hungarian,0,0,order,1
1666495639,375500,133,8.246211251235321,1,True,True,129,False,10755,3839,46052385,174946069,46052383,174946061,0,0,1666409198,86441,distance_to_pickup,BATCH,hungarian,0,0,order,1
1666495639,269470,3984,90.09439494219383,1,True,True,605,False,10755,3839,45892634,174524449,45892648,174524538,0,0,1666409304,86335,distance_to_pickup,BATCH,hungarian,0,0,order,1
1666495639,151870,776,40.44749683231337,1,True,True,945,False,10755,3839,45879819,174546573,45879859,174546567,0,0,1666409400,86239,distance_to_pickup,BATCH,hungarian,0,0,order,1
1666495639,31311,3014,19.6468827043885,1,True,True,523,False,10755,3839,45865962,174600642,45865957,174600661,0,0,1666494443,1196,distance_to_pickup,BATCH,hungarian,0,0,order,1
1666495639,131023,387,84.0,1,True,True,1472,False,10755,3839,45879991,174546599,45879991,174546515,0,0,1666494623,1016,distance_to_pickup,BATCH,hungarian,0,0,order,1
1666495639,531920,1378,63.28506932918696,1,True,True,3618,False,10755,3839,45885470,174582629,45885437,174582683,0,0,1666495138,501,distance_to_pickup,BATCH,hungarian,0,0,order,1
1666495639,513653,2666,45.89117562233506,1,True,True,1659,False,10755,3839,45860060,174572270,45860015,174572261,0,0,1666495255,384,distance_to_pickup,BATCH,hungarian,0,0,order,1
1666495639,60117,532,51.478150704935004,1,True,True,2825,False,10755,3839,45921142,174542028,45921121,174542075,0,0,1666495332,307,distance_to_pickup,BATCH,hungarian,0,0,order,1
1666495639,389357,614,29.966648127543394,1,True,True,1425,False,10755,3839,45866706,174606659,45866679,174606672,0,0,1666495332,307,distance_to_pickup,BATCH,hungarian,0,0,order,1
1666495639,21749,2185,87.92041856133307,1,True,True,2185,True,10755,3839,45765204,174560738,45765287,174560709,0,0,1666495407,232,distance_to_pickup,BATCH,hungarian,0,0,order,1
1666495639,518779,1813,99.48869282486326,1,True,True,2724,False,10755,3839,45871167,174595947,45871244,174595884,0,0,1666495471,168,distance_to_pickup,BATCH,hungarian,0,0,order,1
1666495639,348135,703,13.92838827718412,1,True,True,1206,False,10755,3839,45896020,174555745,45896025,174555758,0,0,1666495603,36,distance_to_pickup,BATCH,hungarian,0,0,order,1
1666495639,353720,2407,35.608987629529715,1,True,True,1218,False,10755,3839,45865177,174556709,45865199,174556737,0,0,1666494361,1278,distance_to_pickup,BATCH,hungarian,0,0,order,1
1666495639,320570,4086,84.05950273467003,1,True,True,2813,False,10755,3839,45885204,174593441,45885275,174593396,0,0,1666495095,544,distance_to_pickup,BATCH,hungarian,0,0,order,1
1666495639,342638,2972,88.56635930193812,1,True,True,3283,False,10755,3839,45871182,174595934,45871172,174595846,0,0,1666495453,186,distance_to_pickup,BATCH,hungarian,0,0,order,1
1666495639,419029,938,6.324555320336759,1,True,True,995,False,10755,3839,45879237,174648050,45879239,174648044,0,0,1666495177,462,distance_to_pickup,BATCH,hungarian,0,0,order,1
1666495639,85203,1508,51.478150704935004,1,True,True,325,False,10755,3839,45897716,174552976,45897669,174552955,0,0,1666495319,320,distance_to_pickup,BATCH,hungarian,0,0,order,1
1666495639,537226,1444,66.48308055437865,1,True,True,392,False,10755,3839,45868629,174606647,45868581,174606601,0,0,1666495140,499,distance_to_pickup,BATCH,hungarian,0,0,order,1
1666495639,69485,1647,65.80273550544841,1,True,True,2940,False,10755,3839,45880376,174650774,45880337,174650721,0,0,1666495537,102,distance_to_pickup,BATCH,hungarian,0,0,order,1
1666495639,278418,251,95.80187889597991,1,True,True,1825,False,10755,3839,45912560,174588053,45912583,174587960,0,0,1666495595,44,distance_to_pickup,BATCH,hungarian,0,0,order,1
1666495639,309393,3408,76.4198926981712,1,True,True,3280,False,10755,3839,45871088,174595409,45871096,174595485,0,0,1666495227,412,distance_to_pickup,BATCH,hungarian,0,0,order,1
1666495639,161374,4459,76.15773105863909,1,True,True,3104,False,10755,3839,45868629,174606647,45868563,174606609,0,0,1666495239,400,distance_to_pickup,BATCH,hungarian,0,0,order,1
1666495639,540435,1368,23.769728648009426,1,True,False,1105,False,10755,3839,45898786,174565946,45898792,174565969,0,0,1665977141,518498,distance_to_pickup,BATCH,hungarian,0,0,order,1
1666495639,159029,2589,93.13431161500041,1,True,False,2510,False,10755,3839,45853618,174528210,45853613,174528303,0,0,1665977196,518443,distance_to_pickup,BATCH,hungarian,0,0,order,1
1666495639,475325,87,98.67117106835208,1,True,False,487,False,10755,3839,45864620,174583120,45864590,174583026,0,0,1665977341,518298,distance_to_pickup,BATCH,hungarian,0,0,order,1
1666495639,475611,1476,74.46475676452586,1,True,False,520,False,10755,3839,45902806,174555734,45902875,174555762,0,0,1666062744,432895,distance_to_pickup,BATCH,hungarian,0,0,order,1
1666495639,382160,3130,91.21951545584969,1,True,False,1575,False,10755,3839,45897526,174588776,45897546,174588865,0,0,1666063717,431922,distance_to_pickup,BATCH,hungarian,0,0,order,1
1666495639,77336,4006,14.866068747318506,1,True,False,276,False,10755,3839,45857898,174580631,45857909,174580641,0,0,1666149887,345752,distance_to_pickup,BATCH,hungarian,0,0,order,1
1666495639,360658,2525,92.13576938409967,1,True,False,1882,False,10755,3839,45858280,174547910,45858320,174547827,0,0,1666150032,345607,distance_to_pickup,BATCH,hungarian,0,0,order,1
1666495639,71443,1048,44.94441010848846,1,True,False,2282,False,10755,3839,45892879,174567270,45892917,174567246,0,0,1666235934,259705,distance_to_pickup,BATCH,hungarian,0,0,order,1
1666495639,549057,4432,23.40939982143925,1,True,False,2246,False,10755,3839,45866359,174536720,45866367,174536742,0,0,1666236174,259465,distance_to_pickup,BATCH,hungarian,0,0,order,1
1666495639,444647,494,34.713109915419565,1,True,False,2733,False,10755,3839,45857789,174567827,45857766,174567801,0,0,1666236260,259379,distance_to_pickup,BATCH,hungarian,0,0,order,1
1666495639,74548,3492,79.88116173416608,1,True,False,1802,False,10755,3839,45857789,174567827,45857834,174567893,0,0,1666236261,259378,distance_to_pickup,BATCH,hungarian,0,0,order,1
1666495639,84033,3714,24.413111231467404,1,True,False,120,False,10755,3839,46052348,174943286,46052334,174943266,0,0,1666236391,259248,distance_to_pickup,BATCH,hungarian,0,0,order,1
1666495639,277289,1345,10.770329614269007,1,True,False,831,False,10755,3839,46051686,174940992,46051676,174940988,0,0,1666236579,259060,distance_to_pickup,BATCH,hungarian,0,0,order,1
1666495639,130212,2565,71.16881339463234,1,True,False,1199,False,10755,3839,45876450,174553800,45876429,174553868,0,0,1666322230,173409,distance_to_pickup,BATCH,hungarian,0,0,order,1
1666495639,344684,1984,25.179356624028344,1,True,False,1199,False,10755,3839,45870851,174548314,45870876,174548311,0,0,1666322540,173099,distance_to_pickup,BATCH,hungarian,0,0,order,1
1666495639,274760,1406,86.37129152675674,1,True,False,2048,False,10755,3839,45861658,174582588,45861722,174582646,0,0,1666322675,172964,distance_to_pickup,BATCH,hungarian,0,0,order,1
1666495639,65533,3749,99.90495483208028,1,True,False,2076,False,10755,3839,45889230,174571870,45889296,174571795,0,0,1666322923,172716,distance_to_pickup,BATCH,hungarian,0,0,order,1
1666495639,2055,1194,94.59386872308374,1,True,False,1493,False,10755,3839,45912005,174528762,45911983,174528670,0,0,1666409047,86592,distance_to_pickup,BATCH,hungarian,0,0,order,1
1666495639,15272,2960,16.278820596099706,1,True,False,2814,False,10755,3839,45864073,174582024,45864085,174582035,0,0,1666494610,1029,distance_to_pickup,BATCH,hungarian,0,0,order,1
1666495639,521386,4108,44.91102314577124,1,True,False,222,False,10755,3839,45868665,174606577,45868621,174606568,0,0,1666495153,486,distance_to_pickup,BATCH,hungarian,0,0,order,1
1666495639,72654,3835,41.036569057366385,1,True,False,3230,False,10755,3839,45871180,174595520,45871150,174595548,0,0,1666495515,124,distance_to_pickup,BATCH,hungarian,0,0,order,1
1666495639,518784,3299,55.00909015790027,1,True,False,1908,False,10755,3839,45859560,174538294,45859511,174538319,0,0,1666495290,349,distance_to_pickup,BATCH,hungarian,0,0,order,1
1666495639,266959,4680,84.69356528095862,1,True,False,871,False,10755,3839,45870883,174595430,45870805,174595463,0,0,1666495599,40,distance_to_pickup,BATCH,hungarian,0,0,order,1
1666495819,446259,1499,63.387695966961914,1,True,True,1940,False,11293,3712,45861460,174532407,45861467,174532344,0,0,1665976750,519069,distance_to_pickup,BATCH,hungarian,0,0,order,1
1666495819,256231,851,48.82622246293481,1,True,True,1093,False,11293,3712,45901824,174570459,45901784,174570487,0,0,1665976831,518988,distance_to_pickup,BATCH,hungarian,0,0,order,1
1666495819,470042,2423,97.49358953285082,1,True,True,2730,False,11293,3712,45879711,174547190,45879728,174547286,0,0,1665976854,518965,distance_to_pickup,BATCH,hungarian,0,0,order,1
1666495819,351612,2856,25.942243542145693,1,True,True,414,False,11293,3712,45893090,174566900,45893102,174566877,0,0,1665976866,518953,distance_to_pickup,BATCH,hungarian,0,0,order,1
1666495819,435626,4183,60.74537019394976,1,True,True,2995,False,11293,3712,45893777,174533800,45893810,174533749,0,0,1665977034,518785,distance_to_pickup,BATCH,hungarian,0,0,order,1
1666495819,310180,1500,71.25307010929424,1,True,True,1595,False,11293,3712,45895724,174555827,45895718,174555898,0,0,1665977131,518688,distance_to_pickup,BATCH,hungarian,0,0,order,1
1666495819,540435,1547,86.6083136886985,1,True,True,1105,False,11293,3712,45898786,174565946,45898831,174566020,0,0,1665977141,518678,distance_to_pickup,BATCH,hungarian,0,0,order,1
1666495819,159029,2589,92.43916918709297,1,True,True,2510,False,11293,3712,45853618,174528210,45853609,174528302,0,0,1665977196,518623,distance_to_pickup,BATCH,hungarian,0,0,order,1
1666495819,501227,515,28.30194339616981,1,True,True,62,False,11293,3712,45882655,174541614,45882670,174541638,0,0,1665977317,518502,distance_to_pickup,BATCH,hungarian,0,0,order,1
1666495819,354749,2798,80.02499609497022,1,True,True,2153,False,11293,3712,45872485,174586837,45872487,174586757,0,0,1666062724,433095,distance_to_pickup,BATCH,hungarian,0,0,order,1
1666495819,390348,313,68.73136110975832,1,True,True,2663,False,11293,3712,45859196,174548153,45859264,174548143,0,0,1666063157,432662,distance_to_pickup,BATCH,hungarian,0,0,order,1
1666495819,216076,2938,58.008620049092706,1,True,True,2522,False,11293,3712,45893156,174543777,45893190,174543824,0,0,1666063230,432589,distance_to_pickup,BATCH,hungarian,0,0,order,1
1666495819,168480,2635,61.465437442517235,1,True,True,1301,False,11293,3712,45898786,174565946,45898809,174566003,0,0,1666063450,432369,distance_to_pickup,BATCH,hungarian,0,0,order,1
1666495819,64393,454,42.95346318982906,1,True,True,1233,False,11293,3712,45923748,174522754,45923757,174522712,0,0,1666063467,432352,distance_to_pickup,BATCH,hungarian,0,0,order,1
1666495819,19803,2728,75.64390259630977,1,True,True,313,False,11293,3712,45871274,174573804,45871205,174573835,0,0,1666063573,432246,distance_to_pickup,BATCH,hungarian,0,0,order,1
1666495819,174579,982,97.75479527879949,1,True,True,617,False,11293,3712,46052744,174930198,46052694,174930114,0,0,1666063584,432235,distance_to_pickup,BATCH,hungarian,0,0,order,1
1666495819,514653,1830,42.01190307520001,1,True,True,2500,False,11293,3712,45879856,174634533,45879898,174634532,0,0,1666063592,432227,distance_to_pickup,BATCH,hungarian,0,0,order,1
1666495819,55009,1329,71.00704190430693,1,True,True,501,False,11293,3712,45912546,174526808,45912617,174526807,0,0,1666063735,432084,distance_to_pickup,BATCH,hungarian,0,0,order,1
1666495819,419972,1670,26.1725046566048,1,True,True,48,False,11293,3712,45870659,174606674,45870641,174606693,0,0,1666063760,432059,distance_to_pickup,BATCH,hungarian,0,0,order,1
1666495819,162475,3004,54.42425929675111,1,True,True,3456,False,11293,3712,45870851,174548314,45870800,174548333,0,0,1666063762,432057,distance_to_pickup,BATCH,hungarian,0,0,order,1
1666495819,412284,825,78.00640999302557,1,True,True,2308,False,11293,3712,45866359,174536720,45866360,174536642,0,0,1666145703,350116,distance_to_pickup,BATCH,hungarian,0,0,order,1
1666495819,210450,1777,54.147945482723536,1,True,True,2434,False,11293,3712,45890707,174546805,45890653,174546801,0,0,1666147870,347949,distance_to_pickup,BATCH,hungarian,0,0,order,1
1666495819,346721,1541,74.68600939935136,1,True,True,1426,False,11293,3712,45869063,174568482,45869096,174568415,0,0,1666149149,346670,distance_to_pickup,BATCH,hungarian,0,0,order,1
1666495819,52243,2498,26.30589287593181,1,True,True,1147,False,11293,3712,45861752,174582541,45861756,174582567,0,0,1666149510,346309,distance_to_pickup,BATCH,hungarian,0,0,order,1
1666495819,126387,990,23.021728866442675,1,True,True,1831,False,11293,3712,45877540,174579160,45877517,174579161,0,0,1666149518,346301,distance_to_pickup,BATCH,hungarian,0,0,order,1
1666495819,192643,3125,19.72308292331602,1,True,True,233,False,11293,3712,45862879,174581321,45862889,174581338,0,0,1666149663,346156,distance_to_pickup,BATCH,hungarian,0,0,order,1
1666495819,449678,1944,36.68787265568828,1,True,True,356,False,11293,3712,45900986,174582830,45900951,174582819,0,0,1666149696,346123,distance_to_pickup,BATCH,hungarian,0,0,order,1
1666495819,168860,1675,72.56031973468694,1,True,True,1546,False,11293,3712,45862879,174581321,45862843,174581384,0,0,1666149708,346111,distance_to_pickup,BATCH,hungarian,0,0,order,1
1666495819,473309,2962,53.48831648126533,1,True,True,866,False,11293,3712,45895459,174577390,45895509,174577371,0,0,1666149710,346109,distance_to_pickup,BATCH,hungarian,0,0,order,1
1666495819,228014,937,73.87827826905551,1,True,True,918,False,11293,3712,45865351,174556338,45865294,174556385,0,0,1666149739,346080,distance_to_pickup,BATCH,hungarian,0,0,order,1
1666495819,171918,1078,25.96150997149434,1,True,True,1552,False,11293,3712,45889788,174545522,45889813,174545529,0,0,1666149859,345960,distance_to_pickup,BATCH,hungarian,0,0,order,1
1666495819,245432,659,88.23264701911646,1,True,True,2579,False,11293,3712,45762760,174566324,45762811,174566396,0,0,1666149872,345947,distance_to_pickup,BATCH,hungarian,0,0,order,1
1666495819,108250,80,73.49829930005184,1,True,True,2701,False,11293,3712,45822661,174523316,45822590,174523297,0,0,1666149874,345945,distance_to_pickup,BATCH,hungarian,0,0,order,1
1666495819,271242,1068,18.110770276274835,1,True,True,480,False,11293,3712,45877631,174578794,45877629,174578776,0,0,1666149876,345943,distance_to_pickup,BATCH,hungarian,0,0,order,1
1666495819,210481,2356,23.259406699226016,1,True,True,38,False,11293,3712,45889630,174546285,45889640,174546306,0,0,1666149900,345919,distance_to_pickup,BATCH,hungarian,0,0,order,1
1666495819,507101,171,25.079872407968907,1,True,True,3683,False,11293,3712,45867790,174566799,45867788,174566824,0,0,1666149904,345915,distance_to_pickup,BATCH,hungarian,0,0,order,1
1666495819,227998,2282,39.0,1,True,True,4238,False,11293,3712,45894856,174555279,45894892,174555294,0,0,1666149929,345890,distance_to_pickup,BATCH,hungarian,0,0,order,1
1666495819,379776,446,69.0,1,True,True,1786,False,11293,3712,45769703,174567541,45769772,174567541,0,0,1666150001,345818,distance_to_pickup,BATCH,hungarian,0,0,order,1
1666495819,517526,608,93.94147114027967,1,True,True,573,False,11293,3712,46048736,174947932,46048755,174948024,0,0,1666150001,345818,distance_to_pickup,BATCH,hungarian,0,0,order,1
1666495819,7271,1187,83.73768566183328,1,True,True,4214,False,11293,3712,45874811,174648380,45874875,174648326,0,0,1666150005,345814,distance_to_pickup,BATCH,hungarian,0,0,order,1
1666495819,207406,2772,60.166435825965294,1,True,True,555,False,11293,3712,45858376,174534230,45858398,174534174,0,0,1666150005,345814,distance_to_pickup,BATCH,hungarian,0,0,order,1
1666495819,344038,4126,78.23042886243178,1,True,True,3090,False,11293,3712,45907357,174569034,45907399,174568968,0,0,1666150059,345760,distance_to_pickup,BATCH,hungarian,0,0,order,1
1666495819,360663,4537,96.62815324738438,1,True,True,3711,False,11293,3712,45872453,174584718,45872549,174584707,0,0,1666150169,345650,distance_to_pickup,BATCH,hungarian,0,0,order,1
1666495819,385189,1816,41.23105625617661,1,True,True,2381,False,11293,3712,46051681,174941750,46051641,174941740,0,0,1666150181,345638,distance_to_pickup,BATCH,hungarian,0,0,order,1
1666495819,245438,2663,43.32435804486894,1,True,True,1318,False,11293,3712,45853755,174527370,45853769,174527329,0,0,1666150201,345618,distance_to_pickup,BATCH,hungarian,0,0,order,1
1666495819,415281,702,96.62815324738438,1,True,True,1604,False,11293,3712,45853655,174604870,45853559,174604859,0,0,1666227305,268514,distance_to_pickup,BATCH,hungarian,0,0,order,1
1666495819,42939,4053,71.42128534267638,1,True,True,3547,False,11293,3712,45890444,174572525,45890495,174572475,0,0,1666233535,262284,distance_to_pickup,BATCH,hungarian,0,0,order,1
1666495819,248708,1867,75.76938695805846,1,True,True,941,False,11293,3712,45885670,174551052,45885740,174551023,0,0,1666234219,261600,distance_to_pickup,BATCH,hungarian,0,0,order,1
1666495819,234083,4176,90.21086409075129,1,True,True,2142,False,11293,3712,45879511,174634292,45879464,174634215,0,0,1666235337,260482,distance_to_pickup,BATCH,hungarian,0,0,order,1
1666495819,204818,2150,79.2464510246358,1,True,True,2117,False,11293,3712,45912320,174519710,45912334,174519788,0,0,1666235756,260063,distance_to_pickup,BATCH,hungarian,0,0,order,1
1666495819,71443,2836,53.2634959423431,1,True,True,2282,False,11293,3712,45892879,174567270,45892838,174567236,0,0,1666235934,259885,distance_to_pickup,BATCH,hungarian,0,0,order,1
1666495819,87123,2463,97.26767191621273,1,True,True,441,False,11293,3712,45902763,174586284,45902738,174586378,0,0,1666236060,259759,distance_to_pickup,BATCH,hungarian,0,0,order,1
1666495819,507399,3679,36.87817782917155,1,True,True,389,False,11293,3712,45866079,174600663,45866055,174600635,0,0,1666236129,259690,distance_to_pickup,BATCH,hungarian,0,0,order,1
1666495819,399164,3898,77.02596964660685,1,True,True,3266,False,11293,3712,45907357,174569034,45907359,174568957,0,0,1666236142,259677,distance_to_pickup,BATCH,hungarian,0,0,order,1
1666495819,46245,3449,64.00781202322104,1,True,True,219,False,11293,3712,45902763,174586284,45902827,174586285,0,0,1666236159,259660,distance_to_pickup,BATCH,hungarian,0,0,order,1
1666495819,549057,4432,33.61547262794322,1,True,True,2246,False,11293,3712,45866359,174536720,45866376,174536749,0,0,1666236174,259645,distance_to_pickup,BATCH,hungarian,0,0,order,1
1666495819,219742,2467,88.86506625215557,1,True,True,2147,False,11293,3712,45859811,174572316,45859782,174572232,0,0,1666236233,259586,distance_to_pickup,BATCH,hungarian,0,0,order,1
1666495819,181309,1054,92.44457799135652,1,True,True,1345,False,11293,3712,46052240,174936640,46052151,174936665,0,0,1666236269,259550,distance_to_pickup,BATCH,hungarian,0,0,order,1
1666495819,172269,2989,92.43916918709297,1,True,True,312,False,11293,3712,45879592,174635015,45879583,174635107,0,0,1666236275,259544,distance_to_pickup,BATCH,hungarian,0,0,order,1
1666495819,4390,2829,53.16013544000805,1,True,True,2443,False,11293,3712,45892879,174567270,45892894,174567321,0,0,1666236368,259451,distance_to_pickup,BATCH,hungarian,0,0,order,1
1666495819,222577,2458,99.82484660644363,1,True,True,808,False,11293,3712,45845808,174552719,45845710,174552700,0,0,1666236373,259446,distance_to_pickup,BATCH,hungarian,0,0,order,1
1666495819,132923,1558,58.66856057549052,1,True,True,3220,False,11293,3712,45880073,174650698,45880102,174650749,0,0,1666236375,259444,distance_to_pickup,BATCH,hungarian,0,0,order,1
1666495819,1248,3606,19.235384061671343,1,True,True,1012,False,11293,3712,45920023,174542736,45920040,174542727,0,0,1666236393,259426,distance_to_pickup,BATCH,hungarian,0,0,order,1
1666495819,510049,1596,50.0,1,True,True,1977,False,11293,3712,45890563,174573599,45890563,174573549,0,0,1666236394,259425,distance_to_pickup,BATCH,hungarian,0,0,order,1
1666495819,49459,1338,95.75489543621255,1,True,True,2264,False,11293,3712,45763005,174566289,45762918,174566329,0,0,1666236573,259246,distance_to_pickup,BATCH,hungarian,0,0,order,1
1666495819,388347,3478,76.02631123499285,1,True,True,964,False,11293,3712,45907171,174570188,45907215,174570250,0,0,1666236574,259245,distance_to_pickup,BATCH,hungarian,0,0,order,1
1666495819,99576,2002,71.84705978674423,1,True,True,987,False,11293,3712,45921241,174541506,45921170,174541517,0,0,1666236579,259240,distance_to_pickup,BATCH,hungarian,0,0,order,1
1666495819,108640,1275,84.38009243891595,1,True,True,13,False,11293,3712,45862770,174579470,45862686,174579462,0,0,1666236580,259239,distance_to_pickup,BATCH,hungarian,0,0,order,1
1666495819,412968,2555,77.02596964660685,1,True,True,75,False,11293,3712,45893022,174567126,45892945,174567128,0,0,1666322074,173745,distance_to_pickup,BATCH,hungarian,0,0,order,1
1666495819,492098,2189,87.5728268357257,1,True,True,440,False,11293,3712,45877827,174578601,45877817,174578514,0,0,1666322312,173507,distance_to_pickup,BATCH,hungarian,0,0,order,1
1666495819,105978,2109,73.49829930005184,1,True,True,4076,False,11293,3712,45864108,174582488,45864089,174582417,0,0,1666322352,173467,distance_to_pickup,BATCH,hungarian,0,0,order,1
1666495819,269088,1692,63.52952069707436,1,True,True,1767,False,11293,3712,45879175,174650529,45879119,174650559,0,0,1666322388,173431,distance_to_pickup,BATCH,hungarian,0,0,order,1
1666495819,240370,1406,91.6624241442479,1,True,True,2629,False,11293,3712,45861805,174582434,45861896,174582445,0,0,1666322415,173404,distance_to_pickup,BATCH,hungarian,0,0,order,1
1666495819,105998,1390,19.026297590440446,1,True,True,1133,False,11293,3712,45873126,174626333,45873127,174626314,0,0,1666322479,173340,distance_to_pickup,BATCH,hungarian,0,0,order,1
1666495819,87512,4164,48.38388161361178,1,True,True,1193,False,11293,3712,45907630,174567904,45907676,174567889,0,0,1666322497,173322,distance_to_pickup,BATCH,hungarian,0,0,order,1
1666495819,567306,3840,31.304951684997057,1,True,True,3130,False,11293,3712,45912554,174588070,45912568,174588042,0,0,1666322620,173199,distance_to_pickup,BATCH,hungarian,0,0,order,1
1666495819,554461,1316,68.79680225126747,1,True,True,2574,False,11293,3712,45897430,174589090,45897372,174589053,0,0,1666322660,173159,distance_to_pickup,BATCH,hungarian,0,0,order,1
1666495819,24201,716,16.0312195418814,1,True,True,2811,False,11293,3712,45880622,174650851,45880623,174650867,0,0,1666322661,173158,distance_to_pickup,BATCH,hungarian,0,0,order,1
1666495819,428851,1089,11.661903789690601,1,True,True,1674,False,11293,3712,45920795,174542499,45920785,174542493,0,0,1666322672,173147,distance_to_pickup,BATCH,hungarian,0,0,order,1
1666495819,428856,530,93.29523031752481,1,True,True,2435,False,11293,3712,45890960,174573070,45890912,174573150,0,0,1666322681,173138,distance_to_pickup,BATCH,hungarian,0,0,order,1
1666495819,528597,1725,34.132096331752024,1,True,True,3930,False,11293,3712,45832351,174586291,45832333,174586262,0,0,1666322688,173131,distance_to_pickup,BATCH,hungarian,0,0,order,1
1666495819,319831,2999,52.80151512977634,1,True,True,127,False,11293,3712,45769700,174585559,45769742,174585591,0,0,1666322782,173037,distance_to_pickup,BATCH,hungarian,0,0,order,1
1666495819,533898,2996,25.96150997149434,1,True,True,3030,False,11293,3712,45868878,174606619,45868871,174606644,0,0,1666322785,173034,distance_to_pickup,BATCH,hungarian,0,0,order,1
1666495819,486902,591,86.97700845625813,1,True,True,726,False,11293,3712,45895331,174566202,45895413,174566173,0,0,1666322789,173030,distance_to_pickup,BATCH,hungarian,0,0,order,1
1666495819,410271,1741,65.80273550544841,1,True,True,1941,False,11293,3712,45816073,174525668,45816010,174525687,0,0,1666322794,173025,distance_to_pickup,BATCH,hungarian,0,0,order,1
1666495819,65533,1729,43.41658669218482,1,True,True,2076,False,11293,3712,45889230,174571870,45889268,174571891,0,0,1666322923,172896,distance_to_pickup,BATCH,hungarian,0,0,order,1
1666495819,551937,748,43.04648650006177,1,True,True,2221,False,11293,3712,45895872,174555845,45895915,174555847,0,0,1666322942,172877,distance_to_pickup,BATCH,hungarian,0,0,order,1
1666495819,133270,3006,67.80117993073571,1,True,True,1759,False,11293,3712,45767013,174566844,45766959,174566885,0,0,1666322957,172862,distance_to_pickup,BATCH,hungarian,0,0,order,1
1666495819,341872,1343,65.12296062065974,1,True,True,1094,False,11293,3712,45853655,174604870,45853659,174604805,0,0,1666322969,172850,distance_to_pickup,BATCH,hungarian,0,0,order,1
1666495819,289013,1745,48.54894437575342,1,True,True,2849,False,11293,3712,46052330,174943031,46052304,174942990,0,0,1666322974,172845,distance_to_pickup,BATCH,hungarian,0,0,order,1
1666495819,274762,192,48.83646178829912,1,True,True,570,False,11293,3712,45875002,174650109,45874954,174650118,0,0,1666322986,172833,distance_to_pickup,BATCH,hungarian,0,0,order,1
1666495819,21307,3451,56.22277118748239,1,True,True,670,False,11293,3712,45894758,174555339,45894753,174555395,0,0,1666407981,87838,distance_to_pickup,BATCH,hungarian,0,0,order,1
1666495819,87904,2775,71.84010022264724,1,True,True,1878,False,11293,3712,45877827,174578601,45877782,174578545,0,0,1666408213,87606,distance_to_pickup,BATCH,hungarian,0,0,order,1
1666495819,18120,762,52.08646657242167,1,True,True,2889,False,11293,3712,45905950,174530458,45905953,174530510,0,0,1666408464,87355,distance_to_pickup,BATCH,hungarian,0,0,order,1
1666495819,136698,2040,91.706052144883,1,True,True,3754,False,11293,3712,45890444,174572525,45890531,174572496,0,0,1666408502,87317,distance_to_pickup,BATCH,hungarian,0,0,order,1
1666495819,249475,4877,38.41874542459709,1,True,True,3474,False,11293,3712,45834881,174574125,45834857,174574095,0,0,1666408749,87070,distance_to_pickup,BATCH,hungarian,0,0,order,1
1666495819,263759,3278,75.59100475585703,1,True,True,4199,False,11293,3712,45912621,174528981,45912656,174528914,0,0,1666408937,86882,distance_to_pickup,BATCH,hungarian,0,0,order,1
1666495819,342242,2470,70.03570517957252,1,True,True,1072,False,11293,3712,45896150,174555690,45896219,174555678,0,0,1666408951,86868,distance_to_pickup,BATCH,hungarian,0,0,order,1
1666495819,62784,1351,14.560219778561036,1,True,True,3426,False,11293,3712,45896150,174555690,45896164,174555686,0,0,1666409007,86812,distance_to_pickup,BATCH,hungarian,0,0,order,1
1666495819,109407,817,64.38167441127949,1,True,True,3288,False,11293,3712,45912560,174588065,45912604,174588018,0,0,1666409048,86771,distance_to_pickup,BATCH,hungarian,0,0,order,1
1666495819,133638,1603,50.0,1,True,True,1537,False,11293,3712,45832854,174537821,45832868,174537773,0,0,1666409070,86749,distance_to_pickup,BATCH,hungarian,0,0,order,1
1666495819,84753,292,65.76473218982953,1,True,True,2615,False,11293,3712,45871385,174543563,45871338,174543517,0,0,1666409078,86741,distance_to_pickup,BATCH,hungarian,0,0,order,1
1666495819,11707,3588,88.63972021616495,1,True,True,3198,False,11293,3712,45877261,174544998,45877225,174545079,0,0,1666409091,86728,distance_to_pickup,BATCH,hungarian,0,0,order,1
1666495819,484678,2571,94.847245611035,1,True,True,436,False,11293,3712,45879641,174647966,45879555,174647926,0,0,1666409097,86722,distance_to_pickup,BATCH,hungarian,0,0,order,1
1666495819,196663,3581,83.24061508662703,1,True,True,3630,False,11293,3712,45853011,174600213,45852959,174600148,0,0,1666409103,86716,distance_to_pickup,BATCH,hungarian,0,0,order,1
1666495819,557426,2266,59.80802621722272,1,True,True,517,False,11293,3712,45901740,174586607,45901796,174586586,0,0,1666409184,86635,distance_to_pickup,BATCH,hungarian,0,0,order,1
1666495819,539496,2387,73.57309290766564,1,True,True,218,False,11293,3712,45870933,174595486,45870870,174595448,0,0,1666409213,86606,distance_to_pickup,BATCH,hungarian,0,0,order,1
1666495819,266960,1672,35.805027579936315,1,True,True,173,False,11293,3712,45897597,174552952,45897576,174552923,0,0,1666493655,2164,distance_to_pickup,BATCH,hungarian,0,0,order,1
1666495819,217930,1005,81.93900170248598,1,True,True,3498,False,11293,3712,45890355,174553363,45890430,174553330,0,0,1666494874,945,distance_to_pickup,BATCH,hungarian,0,0,order,1
1666495819,505792,4039,58.18934610390462,1,True,True,4039,True,11293,3712,45851375,174554560,45851394,174554615,0,0,1666494949,870,distance_to_pickup,BATCH,hungarian,0,0,order,1
1666495819,542286,3339,80.8084154033477,1,True,True,1230,False,11293,3712,45880388,174529896,45880335,174529835,0,0,1666495080,739,distance_to_pickup,BATCH,hungarian,0,0,order,1
1666495819,78972,412,47.042533945356304,1,True,True,1084,False,11293,3712,45890614,174552532,45890661,174552534,0,0,1666495128,691,distance_to_pickup,BATCH,hungarian,0,0,order,1
1666495819,362090,1959,98.08159868191383,1,True,True,1959,True,11293,3712,45889748,174535576,45889744,174535674,0,0,1666495147,672,distance_to_pickup,BATCH,hungarian,0,0,order,1
1666495819,464087,548,34.438350715445125,1,True,True,2170,False,11293,3712,45905950,174530458,45905981,174530443,0,0,1666495219,600,distance_to_pickup,BATCH,hungarian,0,0,order,1
1666495819,143225,3668,96.00520819205592,1,True,True,3668,True,11293,3712,45869829,174606597,45869918,174606561,0,0,1666495232,587,distance_to_pickup,BATCH,hungarian,0,0,order,1
1666495819,518784,3299,55.00909015790027,1,True,True,1908,False,11293,3712,45859560,174538294,45859511,174538319,0,0,1666495290,529,distance_to_pickup,BATCH,hungarian,0,0,order,1
1666495819,220860,813,67.468511173732,1,True,True,2852,False,11293,3712,45921142,174542028,45921208,174542042,0,0,1666495345,474,distance_to_pickup,BATCH,hungarian,0,0,order,1
1666495819,392071,1754,39.01281840626232,1,True,True,2864,False,11293,3712,45896259,174552883,45896298,174552882,0,0,1666495376,443,distance_to_pickup,BATCH,hungarian,0,0,order,1
1666495819,200064,3317,67.35725647619564,1,True,True,2212,False,11293,3712,45895692,174555686,45895671,174555622,0,0,1666495421,398,distance_to_pickup,BATCH,hungarian,0,0,order,1
1666495819,109843,820,35.34119409414458,1,True,True,2149,False,11293,3712,45921173,174542491,45921188,174542459,0,0,1666495478,341,distance_to_pickup,BATCH,hungarian,0,0,order,1
1666495819,208990,1376,25.612496949731394,1,True,True,1839,False,11293,3712,45877124,174545442,45877104,174545426,0,0,1666495481,338,distance_to_pickup,BATCH,hungarian,0,0,order,1
1666495819,261359,3139,47.53945729601885,1,True,True,20,False,11293,3712,45851819,174556435,45851831,174556481,0,0,1666495485,334,distance_to_pickup,BATCH,hungarian,0,0,order,1
1666495819,72654,3835,41.036569057366385,1,True,True,3230,False,11293,3712,45871180,174595520,45871150,174595548,0,0,1666495515,304,distance_to_pickup,BATCH,hungarian,0,0,order,1
1666495819,298134,1061,23.08679276123039,1,True,True,2773,False,11293,3712,45885749,174551447,45885747,174551424,0,0,1666495598,221,distance_to_pickup,BATCH,hungarian,0,0,order,1
1666495819,437625,2793,46.17358552246078,1,True,True,1595,False,11293,3712,45879833,174546530,45879829,174546484,0,0,1666495598,221,distance_to_pickup,BATCH,hungarian,0,0,order,1
1666495819,266959,4680,84.69356528095862,1,True,True,871,False,11293,3712,45870883,174595430,45870805,174595463,0,0,1666495599,220,distance_to_pickup,BATCH,hungarian,0,0,order,1
1666495819,370310,2566,98.3107318658548,1,True,True,1838,False,11293,3712,45897659,174590703,45897643,174590800,0,0,1666495790,29,distance_to_pickup,BATCH,hungarian,0,0,order,1
1666495819,511054,1659,34.713109915419565,1,True,True,340,False,11293,3712,45859780,174572470,45859814,174572463,0,0,1666494666,1153,distance_to_pickup,BATCH,hungarian,0,0,order,1
1666495819,18577,2127,54.08326913195984,1,True,True,300,False,11293,3712,45877446,174545398,45877497,174545416,0,0,1666495729,90,distance_to_pickup,BATCH,hungarian,0,0,order,1
1666495819,158276,3325,98.59513172565875,1,True,True,1595,False,11293,3712,45880110,174546609,45880174,174546534,0,0,1666495780,39,distance_to_pickup,BATCH,hungarian,0,0,order,1
1666495819,345432,3003,66.03029607687671,1,True,True,661,False,11293,3712,45868629,174606647,45868563,174606649,0,0,1666495340,479,distance_to_pickup,BATCH,hungarian,0,0,order,1
1666495819,386606,3040,65.80273550544841,1,True,True,406,False,11293,3712,45865184,174556784,45865121,174556765,0,0,1666493791,2028,distance_to_pickup,BATCH,hungarian,0,0,order,1
1666495819,152274,2376,91.00549433962765,1,True,True,2157,False,11293,3712,45861707,174584578,45861688,174584667,0,0,1666495774,45,distance_to_pickup,BATCH,hungarian,0,0,order,1
1666495819,244029,3702,37.05401462729781,1,True,True,2876,False,11293,3712,45885556,174582916,45885519,174582914,0,0,1666495230,589,distance_to_pickup,BATCH,hungarian,0,0,order,1
1666495819,492787,775,85.0881895447306,1,True,True,2622,False,11293,3712,45874742,174650123,45874708,174650201,0,0,1666495726,93,distance_to_pickup,BATCH,hungarian,0,0,order,1
1666495819,73753,902,65.79513659838392,1,True,False,368,False,11293,3712,45861334,174558423,45861274,174558396,0,0,1666063463,432356,distance_to_pickup,BATCH,hungarian,0,0,order,1
1666495819,296369,1304,47.4236228055175,1,True,False,2500,False,11293,3712,45879856,174634533,45879899,174634513,0,0,1666063772,432047,distance_to_pickup,BATCH,hungarian,0,0,order,1
1666495819,344036,125,72.62231062146122,1,True,False,1579,False,11293,3712,45839765,174551620,45839708,174551575,0,0,1666149634,346185,distance_to_pickup,BATCH,hungarian,0,0,order,1
1666495819,341196,4347,96.74709297958259,1,True,False,501,False,11293,3712,45920139,174542105,45920127,174542201,0,0,1666149880,345939,distance_to_pickup,BATCH,hungarian,0,0,order,1
1666495819,219733,1190,74.14849964766651,1,True,False,2089,False,11293,3712,45843148,174565243,45843075,174565230,0,0,1666235982,259837,distance_to_pickup,BATCH,hungarian,0,0,order,1
1666495819,237100,2696,83.3606621854697,1,True,False,2516,False,11293,3712,45892879,174567270,45892864,174567188,0,0,1666236272,259547,distance_to_pickup,BATCH,hungarian,0,0,order,1
1666495819,251563,184,90.50966799187809,1,True,False,3714,False,11293,3712,46047194,174938821,46047130,174938757,0,0,1666236379,259440,distance_to_pickup,BATCH,hungarian,0,0,order,1
1666495819,246155,175,47.43416490252569,1,True,False,3294,False,11293,3712,45858927,174573378,45858882,174573363,0,0,1666321964,173855,distance_to_pickup,BATCH,hungarian,0,0,order,1
1666495819,289015,484,27.16615541441225,1,True,False,3449,False,11293,3712,45907630,174567904,45907627,174567931,0,0,1666322445,173374,distance_to_pickup,BATCH,hungarian,0,0,order,1
1666495819,320217,1710,60.802960454241045,1,True,False,2699,False,11293,3712,45870486,174595427,45870535,174595463,0,0,1666408721,87098,distance_to_pickup,BATCH,hungarian,0,0,order,1
1666495819,421233,131,88.76936408468859,1,True,False,3555,False,11293,3712,46050349,174942423,46050435,174942401,0,0,1666409191,86628,distance_to_pickup,BATCH,hungarian,0,0,order,1
1666495819,8455,1673,92.65527507918802,1,True,False,2420,False,11293,3712,45870933,174595486,45871021,174595515,0,0,1666409202,86617,distance_to_pickup,BATCH,hungarian,0,0,order,1
1666495819,12169,2030,35.4682957019364,1,True,False,1789,False,11293,3712,46045870,174938788,46045903,174938775,0,0,1666495626,193,distance_to_pickup,BATCH,hungarian,0,0,order,1
1666495819,100807,4386,89.1403387922662,1,True,False,2698,False,11293,3712,45896148,174555744,45896059,174555749,0,0,1666493891,1928,distance_to_pickup,BATCH,hungarian,0,0,order,1
1666495819,194145,1863,74.94664769020693,1,True,False,2012,False,11293,3712,45892908,174566908,45892884,174566979,0,0,1666495359,460,distance_to_pickup,BATCH,hungarian,0,0,order,1
1666581917,290374,3146,92.13034245024816,1,True,True,981,False,11808,4074,45862111,174564163,45862153,174564081,0,0,1665976541,605376,distance_to_pickup,BATCH,hungarian,0,0,order,1
1666581917,318435,219,96.17692030835673,1,True,True,2753,False,11808,4074,45855384,174572020,45855425,174572107,0,0,1665976719,605198,distance_to_pickup,BATCH,hungarian,0,0,order,1
1666581917,67176,821,87.96590248499699,1,True,True,496,False,11808,4074,45872950,174545637,45872863,174545624,0,0,1665976811,605106,distance_to_pickup,BATCH,hungarian,0,0,order,1
1666581917,395446,1965,22.47220505424423,1,True,True,3103,False,11808,4074,45878161,174577601,45878180,174577589,0,0,1665977047,604870,distance_to_pickup,BATCH,hungarian,0,0,order,1
1666581917,532608,3820,84.29116205154607,1,True,True,1362,False,11808,4074,45885583,174537087,45885576,174537171,0,0,1665977072,604845,distance_to_pickup,BATCH,hungarian,0,0,order,1
1666581917,241881,3206,87.47571091451616,1,True,True,3572,False,11808,4074,45890563,174573599,45890579,174573513,0,0,1665977073,604844,distance_to_pickup,BATCH,hungarian,0,0,order,1
1666581917,206679,1462,66.60330322138685,1,True,True,2178,False,11808,4074,45892766,174568390,45892816,174568434,0,0,1665977115,604802,distance_to_pickup,BATCH,hungarian,0,0,order,1
1666581917,408976,3213,46.647615158762406,1,True,True,1725,False,11808,4074,45833943,174573907,45833983,174573931,0,0,1665977164,604753,distance_to_pickup,BATCH,hungarian,0,0,order,1
1666581917,64013,1931,56.32051136131489,1,True,True,3044,False,11808,4074,45909143,174526110,45909137,174526054,0,0,1665977388,604529,distance_to_pickup,BATCH,hungarian,0,0,order,1
1666581917,236367,757,40.311288741492746,1,True,True,3726,False,11808,4074,45910563,174526358,45910523,174526363,0,0,1666059456,522461,distance_to_pickup,BATCH,hungarian,0,0,order,1
1666581917,98713,1360,17.11724276862369,1,True,True,487,False,11808,4074,45874701,174571605,45874703,174571588,0,0,1666061143,520774,distance_to_pickup,BATCH,hungarian,0,0,order,1
1666581917,227663,689,93.81364506296512,1,True,True,2022,False,11808,4074,45897008,174553031,45896959,174553111,0,0,1666062504,519413,distance_to_pickup,BATCH,hungarian,0,0,order,1
1666581917,51847,609,56.08029957123981,1,True,True,3522,False,11808,4074,45895724,174555827,45895721,174555883,0,0,1666062758,519159,distance_to_pickup,BATCH,hungarian,0,0,order,1
1666581917,22974,600,94.17536832951598,1,True,True,2199,False,11808,4074,45865868,174565807,45865805,174565877,0,0,1666062833,519084,distance_to_pickup,BATCH,hungarian,0,0,order,1
1666581917,285191,337,99.36800289831733,1,True,True,3528,False,11808,4074,45879175,174650529,45879210,174650622,0,0,1666063207,518710,distance_to_pickup,BATCH,hungarian,0,0,order,1
1666581917,221892,2210,67.02984409947557,1,True,True,3565,False,11808,4074,45861460,174532407,45861462,174532340,0,0,1666063241,518676,distance_to_pickup,BATCH,hungarian,0,0,order,1
1666581917,343709,1131,62.177166226839255,1,True,True,2612,False,11808,4074,45895612,174555834,45895641,174555889,0,0,1666063423,518494,distance_to_pickup,BATCH,hungarian,0,0,order,1
1666581917,382155,1441,60.53924347066124,1,True,True,4418,False,11808,4074,45887481,174555696,45887425,174555719,0,0,1666063457,518460,distance_to_pickup,BATCH,hungarian,0,0,order,1
1666581917,73753,902,65.79513659838392,1,True,True,368,False,11808,4074,45861334,174558423,45861274,174558396,0,0,1666063463,518454,distance_to_pickup,BATCH,hungarian,0,0,order,1
1666581917,382158,4429,79.37883848986453,1,True,True,1536,False,11808,4074,45859277,174579627,45859202,174579601,0,0,1666063467,518450,distance_to_pickup,BATCH,hungarian,0,0,order,1
1666581917,299134,991,69.6419413859206,1,True,True,1707,False,11808,4074,45905886,174530604,45905951,174530629,0,0,1666063471,518446,distance_to_pickup,BATCH,hungarian,0,0,order,1
1666581917,438601,2797,76.79192665899195,1,True,True,1618,False,11808,4074,45879721,174647791,45879645,174647780,0,0,1666063573,518344,distance_to_pickup,BATCH,hungarian,0,0,order,1
1666581917,10155,1564,23.600847442411894,1,True,True,311,False,11808,4074,45769293,174566824,45769279,174566805,0,0,1666063576,518341,distance_to_pickup,BATCH,hungarian,0,0,order,1
1666581917,80244,1132,73.79024325749306,1,True,True,2159,False,11808,4074,46051273,174947114,46051339,174947147,0,0,1666063591,518326,distance_to_pickup,BATCH,hungarian,0,0,order,1
1666581917,558728,1039,86.28441342444185,1,True,True,3118,False,11808,4074,46045961,174938607,46046034,174938653,0,0,1666063593,518324,distance_to_pickup,BATCH,hungarian,0,0,order,1
1666581917,70664,2878,70.34912934784623,1,True,True,404,False,11808,4074,45882724,174541741,45882654,174541748,0,0,1666063628,518289,distance_to_pickup,BATCH,hungarian,0,0,order,1
1666581917,259502,175,97.0,1,True,True,1562,False,11808,4074,45852183,174556342,45852118,174556414,0,0,1666063764,518153,distance_to_pickup,BATCH,hungarian,0,0,order,1
1666581917,123040,2086,97.94386147176351,1,True,True,3091,False,11808,4074,45900971,174567339,45901054,174567391,0,0,1666063766,518151,distance_to_pickup,BATCH,hungarian,0,0,order,1
1666581917,61229,95,39.6232255123179,1,True,True,2079,False,11808,4074,45895418,174554509,45895447,174554482,0,0,1666063768,518149,distance_to_pickup,BATCH,hungarian,0,0,order,1
1666581917,444006,644,32.55764119219941,1,True,True,1848,False,11808,4074,46049543,174941735,46049521,174941759,0,0,1666063769,518148,distance_to_pickup,BATCH,hungarian,0,0,order,1
1666581917,39219,2431,35.510561809129406,1,True,True,1071,False,11808,4074,45919752,174542418,45919758,174542453,0,0,1666109335,472582,distance_to_pickup,BATCH,hungarian,0,0,order,1
1666581917,210462,316,32.31098884280702,1,True,True,1865,False,11808,4074,45893488,174584303,45893518,174584291,0,0,1666148712,433205,distance_to_pickup,BATCH,hungarian,0,0,order,1
1666581917,441622,505,49.64876634922564,1,True,True,2123,False,11808,4074,45875450,174574315,45875403,174574331,0,0,1666149137,432780,distance_to_pickup,BATCH,hungarian,0,0,order,1
1666581917,102320,2361,81.83520025025906,1,True,True,1156,False,11808,4074,45877770,174578770,45877719,174578834,0,0,1666149407,432510,distance_to_pickup,BATCH,hungarian,0,0,order,1
1666581917,150743,407,84.8528137423857,1,True,True,4594,False,11808,4074,45895690,174554670,45895630,174554610,0,0,1666149473,432444,distance_to_pickup,BATCH,hungarian,0,0,order,1
1666581917,566671,1085,88.76936408468859,1,True,True,1909,False,11808,4074,45874703,174650344,45874669,174650262,0,0,1666149505,432412,distance_to_pickup,BATCH,hungarian,0,0,order,1
1666581917,406953,3159,67.00746227100382,1,True,True,1087,False,11808,4074,45895612,174555834,45895665,174555875,0,0,1666149566,432351,distance_to_pickup,BATCH,hungarian,0,0,order,1
1666581917,45884,2125,82.28000972289685,1,True,True,624,False,11808,4074,45897720,174529815,45897643,174529844,0,0,1666149747,432170,distance_to_pickup,BATCH,hungarian,0,0,order,1
1666581917,10529,799,93.64827814754524,1,True,True,1375,False,11808,4074,45874660,174647685,45874753,174647674,0,0,1666149843,432074,distance_to_pickup,BATCH,hungarian,0,0,order,1
1666581917,293926,547,80.30566605165541,1,True,True,396,False,11808,4074,45894842,174555253,45894835,174555173,0,0,1666149849,432068,distance_to_pickup,BATCH,hungarian,0,0,order,1
1666581917,332906,2658,41.617304093369626,1,True,True,38,False,11808,4074,45890707,174546805,45890731,174546771,0,0,1666149859,432058,distance_to_pickup,BATCH,hungarian,0,0,order,1
1666581917,530603,1398,70.21395872616783,1,True,True,698,False,11808,4074,45878123,174577620,45878102,174577553,0,0,1666149882,432035,distance_to_pickup,BATCH,hungarian,0,0,order,1
1666581917,530606,3243,76.89603370785778,1,True,True,2642,False,11808,4074,46044917,174938628,46044890,174938556,0,0,1666149916,432001,distance_to_pickup,BATCH,hungarian,0,0,order,1
1666581917,26601,980,71.17583859709698,1,True,True,1573,False,11808,4074,45765106,174572219,45765135,174572284,0,0,1666149990,431927,distance_to_pickup,BATCH,hungarian,0,0,order,1
1666581917,449681,301,93.40770846134703,1,True,True,2755,False,11808,4074,46043478,174939239,46043552,174939182,0,0,1666149991,431926,distance_to_pickup,BATCH,hungarian,0,0,order,1
1666581917,213438,1862,93.39164844888434,1,True,True,3524,False,11808,4074,45919543,174542267,45919452,174542246,0,0,1666149992,431925,distance_to_pickup,BATCH,hungarian,0,0,order,1
1666581917,276951,3030,56.43580423808985,1,True,True,1035,False,11808,4074,45866830,174606620,45866774,174606627,0,0,1666149993,431924,distance_to_pickup,BATCH,hungarian,0,0,order,1
1666581917,533233,3166,39.11521443121589,1,True,True,723,False,11808,4074,45898300,174553788,45898279,174553821,0,0,1666149994,431923,distance_to_pickup,BATCH,hungarian,0,0,order,1
1666581917,183881,3663,70.34912934784623,1,True,True,582,False,11808,4074,45880689,174650819,45880759,174650812,0,0,1666150001,431916,distance_to_pickup,BATCH,hungarian,0,0,order,1
1666581917,494069,738,34.36568055487916,1,True,True,3087,False,11808,4074,45875815,174650470,45875849,174650465,0,0,1666150112,431805,distance_to_pickup,BATCH,hungarian,0,0,order,1
1666581917,357878,4052,74.62573282722254,1,True,True,892,False,11808,4074,45879507,174634344,45879467,174634407,0,0,1666150157,431760,distance_to_pickup,BATCH,hungarian,0,0,order,1
1666581917,349480,2252,84.71717653463199,1,True,True,3345,False,11808,4074,45912000,174526320,45911916,174526309,0,0,1666150168,431749,distance_to_pickup,BATCH,hungarian,0,0,order,1
1666581917,251236,1204,91.78235124467012,1,True,True,2258,False,11808,4074,45924121,174521831,45924139,174521921,0,0,1666150169,431748,distance_to_pickup,BATCH,hungarian,0,0,order,1
1666581917,332912,457,36.87817782917155,1,True,True,1893,False,11808,4074,46051547,174941212,46051571,174941240,0,0,1666150170,431747,distance_to_pickup,BATCH,hungarian,0,0,order,1
1666581917,470672,4137,83.93449827097318,1,True,True,983,False,11808,4074,45870386,174606490,45870467,174606512,0,0,1666150173,431744,distance_to_pickup,BATCH,hungarian,0,0,order,1
1666581917,316402,3377,48.010415536631214,1,True,True,1564,False,11808,4074,45765106,174572219,45765145,174572247,0,0,1666150178,431739,distance_to_pickup,BATCH,hungarian,0,0,order,1
1666581917,363445,950,23.53720459187964,1,True,True,1059,False,11808,4074,45878035,174578011,45878030,174577988,0,0,1666150179,431738,distance_to_pickup,BATCH,hungarian,0,0,order,1
1666581917,251495,1565,92.89241088485109,1,True,True,2265,False,11808,4074,45860650,174556550,45860673,174556640,0,0,1666192093,389824,distance_to_pickup,BATCH,hungarian,0,0,order,1
1666581917,192941,1094,95.524865872714,1,True,True,2791,False,11808,4074,45859987,174593971,45859905,174594020,0,0,1666222798,359119,distance_to_pickup,BATCH,hungarian,0,0,order,1
1666581917,489115,3863,49.040799340956916,1,True,True,1742,False,11808,4074,45887438,174553952,45887476,174553983,0,0,1666230947,350970,distance_to_pickup,BATCH,hungarian,0,0,order,1
1666581917,549010,2891,79.02531240052139,1,True,True,3165,False,11808,4074,45892888,174567981,45892839,174567919,0,0,1666231814,350103,distance_to_pickup,BATCH,hungarian,0,0,order,1
1666581917,470989,2296,20.615528128088304,1,True,True,1825,False,11808,4074,45897185,174589375,45897180,174589355,0,0,1666235655,346262,distance_to_pickup,BATCH,hungarian,0,0,order,1
1666581917,401873,2952,62.12889826803627,1,True,True,3677,False,11808,4074,45882724,174541741,45882672,174541707,0,0,1666235719,346198,distance_to_pickup,BATCH,hungarian,0,0,order,1
1666581917,132907,498,99.92497185388645,1,True,True,3456,False,11808,4074,45875751,174545368,45875848,174545344,0,0,1666235855,346062,distance_to_pickup,BATCH,hungarian,0,0,order,1
1666581917,447327,4227,7.280109889280518,1,True,True,937,False,11808,4074,45867403,174569758,45867405,174569765,0,0,1666235903,346014,distance_to_pickup,BATCH,hungarian,0,0,order,1
1666581917,219733,1190,74.14849964766651,1,True,True,2089,False,11808,4074,45843148,174565243,45843075,174565230,0,0,1666235982,345935,distance_to_pickup,BATCH,hungarian,0,0,order,1
1666581917,449998,3339,91.96738552334735,1,True,True,1206,False,11808,4074,45876251,174545467,45876318,174545404,0,0,1666235988,345929,distance_to_pickup,BATCH,hungarian,0,0,order,1
1666581917,219735,624,95.08417323613851,1,True,True,1408,False,11808,4074,45865238,174556784,45865143,174556780,0,0,1666236020,345897,distance_to_pickup,BATCH,hungarian,0,0,order,1
1666581917,538884,2762,43.41658669218482,1,True,True,2299,False,11808,4074,45906843,174571930,45906886,174571936,0,0,1666236038,345879,distance_to_pickup,BATCH,hungarian,0,0,order,1
1666581917,251558,2267,91.59148432032315,1,True,True,3355,False,11808,4074,45889986,174545204,45890003,174545114,0,0,1666236134,345783,distance_to_pickup,BATCH,hungarian,0,0,order,1
1666581917,207786,2270,66.48308055437865,1,True,True,1486,False,11808,4074,45905041,174525396,45905105,174525414,0,0,1666236154,345763,distance_to_pickup,BATCH,hungarian,0,0,order,1
1666581917,447329,1358,84.72307831990054,1,True,True,97,False,11808,4074,45859909,174572340,45859926,174572257,0,0,1666236176,345741,distance_to_pickup,BATCH,hungarian,0,0,order,1
1666581917,285871,1686,77.07788269017254,1,True,True,2864,False,11808,4074,45886884,174562531,45886854,174562602,0,0,1666236181,345736,distance_to_pickup,BATCH,hungarian,0,0,order,1
1666581917,372021,1347,76.84399781375251,1,True,True,870,False,11808,4074,45861015,174563891,45861078,174563847,0,0,1666236190,345727,distance_to_pickup,BATCH,hungarian,0,0,order,1
1666581917,439252,2308,66.64833081180653,1,True,True,2246,False,11808,4074,45866359,174536720,45866328,174536661,0,0,1666236209,345708,distance_to_pickup,BATCH,hungarian,0,0,order,1
1666581917,455175,897,57.48912940721924,1,True,True,166,False,11808,4074,46054487,174946433,46054431,174946446,0,0,1666236271,345646,distance_to_pickup,BATCH,hungarian,0,0,order,1
1666581917,154177,632,30.59411708155671,1,True,True,378,False,11808,4074,46046384,174938708,46046414,174938714,0,0,1666236275,345642,distance_to_pickup,BATCH,hungarian,0,0,order,1
1666581917,160199,69,94.02127418834527,1,True,True,2862,False,11808,4074,45876726,174546059,45876784,174545985,0,0,1666236325,345592,distance_to_pickup,BATCH,hungarian,0,0,order,1
1666581917,439256,3903,71.47027354082255,1,True,True,1375,False,11808,4074,45886063,174587132,45886085,174587200,0,0,1666236335,345582,distance_to_pickup,BATCH,hungarian,0,0,order,1
1666581917,14076,1290,45.967379738244816,1,True,True,166,False,11808,4074,46054487,174946433,46054520,174946401,0,0,1666236387,345530,distance_to_pickup,BATCH,hungarian,0,0,order,1
1666581917,58909,1881,98.41239759298622,1,True,True,1470,False,11808,4074,45859654,174579641,45859612,174579552,0,0,1666236388,345529,distance_to_pickup,BATCH,hungarian,0,0,order,1
1666581917,123746,1617,85.14693182963201,1,True,True,2324,False,11808,4074,45879592,174635015,45879657,174635070,0,0,1666236393,345524,distance_to_pickup,BATCH,hungarian,0,0,order,1
1666581917,169221,3882,90.93404203047393,1,True,True,3200,False,11808,4074,45890646,174572976,45890556,174572963,0,0,1666236394,345523,distance_to_pickup,BATCH,hungarian,0,0,order,1
1666581917,319484,3392,87.5956619930462,1,True,True,3140,False,11808,4074,45874164,174536556,45874192,174536473,0,0,1666236400,345517,distance_to_pickup,BATCH,hungarian,0,0,order,1
1666581917,486614,1550,86.6083136886985,1,True,True,2819,False,11808,4074,46042645,174951253,46042696,174951183,0,0,1666236497,345420,distance_to_pickup,BATCH,hungarian,0,0,order,1
1666581917,71451,1622,53.08483775994799,1,True,True,370,False,11808,4074,45879921,174546626,45879868,174546623,0,0,1666236517,345400,distance_to_pickup,BATCH,hungarian,0,0,order,1
1666581917,401878,3694,87.86353054595519,1,True,True,1909,False,11808,4074,45879956,174650807,45880014,174650873,0,0,1666236555,345362,distance_to_pickup,BATCH,hungarian,0,0,order,1
1666581917,132927,4128,83.23460818673925,1,True,True,888,False,11808,4074,45888220,174563322,45888172,174563390,0,0,1666236566,345351,distance_to_pickup,BATCH,hungarian,0,0,order,1
1666581917,126797,544,20.12461179749811,1,True,True,1991,False,11808,4074,45920023,174542736,45920041,174542745,0,0,1666236573,345344,distance_to_pickup,BATCH,hungarian,0,0,order,1
1666581917,402191,2903,57.87054518492115,1,True,True,234,False,11808,4074,45859933,174574093,45859943,174574036,0,0,1666322221,259696,distance_to_pickup,BATCH,hungarian,0,0,order,1
1666581917,20932,4797,88.68483523128404,1,True,True,2294,False,11808,4074,45880454,174530314,45880498,174530391,0,0,1666322234,259683,distance_to_pickup,BATCH,hungarian,0,0,order,1
1666581917,520683,627,67.05221845696084,1,True,True,2282,False,11808,4074,45892950,174567320,45892886,174567340,0,0,1666322364,259553,distance_to_pickup,BATCH,hungarian,0,0,order,1
1666581917,1626,2503,62.64982043070834,1,True,True,1192,False,11808,4074,45905787,174526585,45905817,174526530,0,0,1666322398,259519,distance_to_pickup,BATCH,hungarian,0,0,order,1
1666581917,294580,3711,80.06247560499239,1,True,True,2792,False,11808,4074,45866543,174566296,45866472,174566259,0,0,1666322419,259498,distance_to_pickup,BATCH,hungarian,0,0,order,1
1666581917,418331,465,48.76474136094644,1,True,True,1999,False,11808,4074,45898351,174553528,45898304,174553515,0,0,1666322535,259382,distance_to_pickup,BATCH,hungarian,0,0,order,1
1666581917,237467,4207,75.0,1,True,True,972,False,11808,4074,45869309,174575128,45869381,174575149,0,0,1666322567,259350,distance_to_pickup,BATCH,hungarian,0,0,order,1
1666581917,237475,1618,55.90169943749474,1,True,True,3706,False,11808,4074,45874662,174648253,45874612,174648278,0,0,1666322588,259329,distance_to_pickup,BATCH,hungarian,0,0,order,1
1666581917,59291,480,94.54099639838793,1,True,True,437,False,11808,4074,45863250,174580555,45863157,174580572,0,0,1666322657,259260,distance_to_pickup,BATCH,hungarian,0,0,order,1
1666581917,463450,1898,96.66436778875658,1,True,True,3372,False,11808,4074,45876516,174606113,45876428,174606153,0,0,1666322667,259250,distance_to_pickup,BATCH,hungarian,0,0,order,1
1666581917,319829,37,18.027756377319946,1,True,True,1404,False,11808,4074,45873329,174545627,45873347,174545626,0,0,1666322757,259160,distance_to_pickup,BATCH,hungarian,0,0,order,1
1666581917,380452,331,45.5411901469428,1,True,True,283,False,11808,4074,45896677,174552896,45896634,174552911,0,0,1666322768,259149,distance_to_pickup,BATCH,hungarian,0,0,order,1
1666581917,172669,538,51.03920062069938,1,True,True,3158,False,11808,4074,45907171,174570188,45907213,174570159,0,0,1666322777,259140,distance_to_pickup,BATCH,hungarian,0,0,order,1
1666581917,65532,393,75.0066663703967,1,True,True,2191,False,11808,4074,45920795,174542499,45920744,174542444,0,0,1666322783,259134,distance_to_pickup,BATCH,hungarian,0,0,order,1
1666581917,520686,1337,47.885279575251516,1,True,True,2391,False,11808,4074,45912554,174588070,45912531,174588112,0,0,1666322788,259129,distance_to_pickup,BATCH,hungarian,0,0,order,1
1666581917,33757,1693,76.32168761236873,1,True,True,368,False,11808,4074,45863313,174579507,45863285,174579578,0,0,1666322804,259113,distance_to_pickup,BATCH,hungarian,0,0,order,1
1666581917,415616,2600,66.85057965343307,1,True,True,870,False,11808,4074,45861161,174563871,45861123,174563926,0,0,1666322855,259062,distance_to_pickup,BATCH,hungarian,0,0,order,1
1666581917,249111,203,37.73592452822641,1,True,True,3547,False,11808,4074,45879192,174649067,45879172,174649099,0,0,1666322891,259026,distance_to_pickup,BATCH,hungarian,0,0,order,1
1666581917,303001,3379,53.33854141237835,1,True,True,220,False,11808,4074,45879192,174649067,45879186,174649120,0,0,1666322939,258978,distance_to_pickup,BATCH,hungarian,0,0,order,1
1666581917,396803,3758,82.28000972289685,1,True,True,913,False,11808,4074,45817897,174564601,45817868,174564524,0,0,1666322956,258961,distance_to_pickup,BATCH,hungarian,0,0,order,1
1666581917,375153,2261,70.7248188403477,1,True,True,3724,False,11808,4074,45895217,174555165,45895266,174555114,0,0,1666322972,258945,distance_to_pickup,BATCH,hungarian,0,0,order,1
1666581917,172671,667,74.33034373659252,1,True,True,2334,False,11808,4074,45767013,174566844,45767035,174566915,0,0,1666322985,258932,distance_to_pickup,BATCH,hungarian,0,0,order,1
1666581917,2054,3034,40.496913462633174,1,True,True,1492,False,11808,4074,45894758,174555339,45894736,174555373,0,0,1666408326,173591,distance_to_pickup,BATCH,hungarian,0,0,order,1
1666581917,350499,531,95.13148795220224,1,True,True,3105,False,11808,4074,45767602,174570675,45767597,174570580,0,0,1666408391,173526,distance_to_pickup,BATCH,hungarian,0,0,order,1
1666581917,97233,1038,63.8200595424354,1,True,True,859,False,11808,4074,45894758,174555339,45894706,174555376,0,0,1666408412,173505,distance_to_pickup,BATCH,hungarian,0,0,order,1
1666581917,65954,1985,72.20110802473879,1,True,True,3198,False,11808,4074,45875250,174545419,45875308,174545462,0,0,1666408541,173376,distance_to_pickup,BATCH,hungarian,0,0,order,1
1666581917,187901,796,79.62411694957753,1,True,True,1878,False,11808,4074,45877827,174578601,45877755,174578567,0,0,1666408596,173321,distance_to_pickup,BATCH,hungarian,0,0,order,1
1666581917,84743,2824,93.30058949438637,1,True,True,894,False,11808,4074,45873312,174545813,45873224,174545782,0,0,1666408640,173277,distance_to_pickup,BATCH,hungarian,0,0,order,1
1666581917,482084,1559,91.09335870413386,1,True,True,1585,False,11808,4074,45894758,174555339,45894731,174555426,0,0,1666408666,173251,distance_to_pickup,BATCH,hungarian,0,0,order,1
1666581917,205573,235,98.88377015466189,1,True,True,631,False,11808,4074,45861984,174564143,45862071,174564096,0,0,1666408730,173187,distance_to_pickup,BATCH,hungarian,0,0,order,1
1666581917,133642,550,66.40783086353596,1,True,True,2257,False,11808,4074,45894758,174555339,45894737,174555402,0,0,1666408775,173142,distance_to_pickup,BATCH,hungarian,0,0,order,1
1666581917,91021,449,86.40023148117139,1,True,True,1994,False,11808,4074,45863313,174579507,45863261,174579576,0,0,1666408784,173133,distance_to_pickup,BATCH,hungarian,0,0,order,1
1666581917,342238,995,57.28001396647874,1,True,True,2473,False,11808,4074,45879175,174650529,45879120,174650545,0,0,1666408868,173049,distance_to_pickup,BATCH,hungarian,0,0,order,1
1666581917,234902,3150,10.04987562112089,1,True,True,2660,False,11808,4074,45920336,174546846,45920337,174546856,0,0,1666408886,173031,distance_to_pickup,BATCH,hungarian,0,0,order,1
1666581917,14829,126,46.647615158762406,1,True,True,1008,False,11808,4074,45858466,174570442,45858490,174570402,0,0,1666408904,173013,distance_to_pickup,BATCH,hungarian,0,0,order,1
1666581917,283752,2521,78.39005038906404,1,True,True,3057,False,11808,4074,45880178,174546646,45880209,174546574,0,0,1666408927,172990,distance_to_pickup,BATCH,hungarian,0,0,order,1
1666581917,383487,3245,59.135437767890075,1,True,True,549,False,11808,4074,45920336,174546846,45920355,174546790,0,0,1666408936,172981,distance_to_pickup,BATCH,hungarian,0,0,order,1
1666581917,534240,4261,92.72000862812729,1,True,True,640,False,11808,4074,45909170,174543120,45909196,174543031,0,0,1666408955,172962,distance_to_pickup,BATCH,hungarian,0,0,order,1
1666581917,536875,2292,55.47071299343465,1,True,True,1913,False,11808,4074,45889133,174536031,45889164,174535985,0,0,1666409006,172911,distance_to_pickup,BATCH,hungarian,0,0,order,1
1666581917,124473,28,50.039984012787215,1,True,True,1556,False,11808,4074,45909170,174543120,45909220,174543118,0,0,1666409038,172879,distance_to_pickup,BATCH,hungarian,0,0,order,1
1666581917,353357,1703,98.89893831583835,1,True,True,134,False,11808,4074,45858621,174593588,45858662,174593678,0,0,1666409044,172873,distance_to_pickup,BATCH,hungarian,0,0,order,1
1666581917,361693,3606,85.44588931013593,1,True,True,2002,False,11808,4074,45920947,174542656,45920877,174542705,0,0,1666409078,172839,distance_to_pickup,BATCH,hungarian,0,0,order,1
1666581917,214546,868,20.248456731316587,1,True,True,4010,False,11808,4074,45896150,174555690,45896157,174555671,0,0,1666409089,172828,distance_to_pickup,BATCH,hungarian,0,0,order,1
1666581917,260952,1272,57.271284253105414,1,True,True,2846,False,11808,4074,45863303,174559942,45863291,174559998,0,0,1666409105,172812,distance_to_pickup,BATCH,hungarian,0,0,order,1
1666581917,275155,1037,55.90169943749474,1,True,True,4527,False,11808,4074,45836768,174550828,45836727,174550790,0,0,1666409171,172746,distance_to_pickup,BATCH,hungarian,0,0,order,1
1666581917,100395,2188,63.387695966961914,1,True,True,1684,False,11808,4074,45877638,174578903,45877701,174578896,0,0,1666409188,172729,distance_to_pickup,BATCH,hungarian,0,0,order,1
1666581917,336629,1412,85.47514258543241,1,True,True,2258,False,11808,4074,45905781,174531306,45905822,174531381,0,0,1666409290,172627,distance_to_pickup,BATCH,hungarian,0,0,order,1
1666581917,21327,309,36.24913792078372,1,True,True,2641,False,11808,4074,45896150,174555690,45896165,174555657,0,0,1666409333,172584,distance_to_pickup,BATCH,hungarian,0,0,order,1
1666581917,455837,2352,66.03029607687671,1,True,True,687,False,11808,4074,45772747,174569973,45772785,174570027,0,0,1666409345,172572,distance_to_pickup,BATCH,hungarian,0,0,order,1
1666581917,415943,2703,91.78235124467012,1,True,True,2050,False,11808,4074,45905781,174531306,45905871,174531324,0,0,1666409368,172549,distance_to_pickup,BATCH,hungarian,0,0,order,1
1666581917,331169,2043,92.5418824100742,1,True,True,3131,False,11808,4074,45871385,174543563,45871293,174543553,0,0,1666409371,172546,distance_to_pickup,BATCH,hungarian,0,0,order,1
1666581917,292093,86,87.86353054595519,1,True,True,3034,False,11808,4074,45896150,174555690,45896064,174555672,0,0,1666409377,172540,distance_to_pickup,BATCH,hungarian,0,0,order,1
1666581917,502848,3498,57.4543296888929,1,True,True,2745,False,11808,4074,45896150,174555690,45896180,174555641,0,0,1666409393,172524,distance_to_pickup,BATCH,hungarian,0,0,order,1
1666581917,100807,1940,21.18962010041709,1,True,True,2698,False,11808,4074,45896148,174555744,45896128,174555751,0,0,1666493891,88026,distance_to_pickup,BATCH,hungarian,0,0,order,1
1666581917,405602,1571,73.78346698278686,1,True,True,1034,False,11808,4074,45859780,174572470,45859718,174572430,0,0,1666494689,87228,distance_to_pickup,BATCH,hungarian,0,0,order,1
1666581917,416284,1036,34.52535300326414,1,True,True,3647,False,11808,4074,45860048,174572255,45860014,174572261,0,0,1666494726,87191,distance_to_pickup,BATCH,hungarian,0,0,order,1
1666581917,208978,1181,94.54099639838793,1,True,True,3101,False,11808,4074,45893777,174533800,45893740,174533887,0,0,1666495023,86894,distance_to_pickup,BATCH,hungarian,0,0,order,1
1666581917,306594,4047,28.160255680657446,1,True,True,3334,False,11808,4074,45858127,174581378,45858130,174581406,0,0,1666495152,86765,distance_to_pickup,BATCH,hungarian,0,0,order,1
1666581917,345438,1819,95.26804291051643,1,True,True,2269,False,11808,4074,45897503,174566030,45897577,174566090,0,0,1666495321,86596,distance_to_pickup,BATCH,hungarian,0,0,order,1
1666581917,194145,520,38.600518131237564,1,True,True,2012,False,11808,4074,45892908,174566908,45892945,174566919,0,0,1666495359,86558,distance_to_pickup,BATCH,hungarian,0,0,order,1
1666581917,328776,3025,58.83026432033091,1,True,True,661,False,11808,4074,45868629,174606647,45868579,174606678,0,0,1666495390,86527,distance_to_pickup,BATCH,hungarian,0,0,order,1
1666581917,402932,1289,79.12016177940993,1,True,True,1230,False,11808,4074,45880388,174529896,45880410,174529972,0,0,1666495393,86524,distance_to_pickup,BATCH,hungarian,0,0,order,1
1666581917,413685,4800,98.41239759298622,1,True,True,1670,False,11808,4074,45868629,174606647,45868531,174606638,0,0,1666495404,86513,distance_to_pickup,BATCH,hungarian,0,0,order,1
1666581917,118885,1476,54.70831746635972,1,True,True,1377,False,11808,4074,45897597,174552952,45897545,174552969,0,0,1666495433,86484,distance_to_pickup,BATCH,hungarian,0,0,order,1
1666581917,503213,1863,95.4829827770373,1,True,True,371,False,11808,4074,45895683,174554863,45895617,174554932,0,0,1666495435,86482,distance_to_pickup,BATCH,hungarian,0,0,order,1
1666581917,402929,886,33.421549934136806,1,True,True,1937,False,11808,4074,45832415,174584714,45832389,174584735,0,0,1666495455,86462,distance_to_pickup,BATCH,hungarian,0,0,order,1
1666581917,326066,1457,76.00657866263946,1,True,True,751,False,11808,4074,45896864,174552987,45896940,174552988,0,0,1666495481,86436,distance_to_pickup,BATCH,hungarian,0,0,order,1
1666581917,220865,1049,24.08318915758459,1,True,True,3181,False,11808,4074,45880151,174634388,45880169,174634372,0,0,1666495511,86406,distance_to_pickup,BATCH,hungarian,0,0,order,1
1666581917,320582,791,53.46026561849464,1,True,True,791,True,11808,4074,45884892,174635297,45884945,174635304,0,0,1666495599,86318,distance_to_pickup,BATCH,hungarian,0,0,order,1
1666581917,194152,2862,36.76955262170047,1,True,True,3769,False,11808,4074,45880142,174546719,45880168,174546693,0,0,1666495619,86298,distance_to_pickup,BATCH,hungarian,0,0,order,1
1666581917,12169,2030,35.4682957019364,1,True,True,1789,False,11808,4074,46045870,174938788,46045903,174938775,0,0,1666495626,86291,distance_to_pickup,BATCH,hungarian,0,0,order,1
1666581917,434970,1017,89.27485648266257,1,True,True,3846,False,11808,4074,45865297,174580894,45865230,174580835,0,0,1666495643,86274,distance_to_pickup,BATCH,hungarian,0,0,order,1
1666581917,524057,1907,82.20097323024831,1,True,True,3792,False,11808,4074,45863757,174531678,45863771,174531597,0,0,1666495690,86227,distance_to_pickup,BATCH,hungarian,0,0,order,1
1666581917,386604,4410,90.60353193998566,1,True,True,716,False,11808,4074,45880320,174650733,45880248,174650788,0,0,1666495752,86165,distance_to_pickup,BATCH,hungarian,0,0,order,1
1666581917,44284,1821,55.44366510251645,1,True,True,538,False,11808,4074,45895021,174589519,45894986,174589562,0,0,1666495755,86162,distance_to_pickup,BATCH,hungarian,0,0,order,1
1666581917,286965,3458,53.009433122794285,1,True,True,3134,False,11808,4074,45896990,174553007,45896959,174552964,0,0,1666495781,86136,distance_to_pickup,BATCH,hungarian,0,0,order,1
1666581917,336974,3854,47.67598976424087,1,True,True,501,False,11808,4074,45912621,174528981,45912668,174528973,0,0,1666495812,86105,distance_to_pickup,BATCH,hungarian,0,0,order,1
1666581917,73062,755,70.8801805866774,1,True,True,2063,False,11808,4074,45860791,174572460,45860723,174572480,0,0,1666581593,324,distance_to_pickup,BATCH,hungarian,0,0,order,1
1666581917,98027,13,49.73932046178355,1,True,True,233,False,11808,4074,45860791,174572460,45860834,174572485,0,0,1666581364,553,distance_to_pickup,BATCH,hungarian,0,0,order,1
1666581917,25444,1270,32.0624390837628,1,True,True,2063,False,11808,4074,45860791,174572460,45860823,174572458,0,0,1666581654,263,distance_to_pickup,BATCH,hungarian,0,0,order,1
1666581917,54234,1576,48.373546489791295,1,True,True,233,False,11808,4074,45860791,174572460,45860785,174572412,0,0,1666581523,394,distance_to_pickup,BATCH,hungarian,0,0,order,1
1666581917,79407,3715,33.37663853655727,1,True,True,2810,False,11808,4074,45866450,174536750,45866483,174536755,0,0,1666580829,1088,distance_to_pickup,BATCH,hungarian,0,0,order,1
1666581917,12579,4077,12.165525060596439,1,True,True,2627,False,11808,4074,45894760,174555551,45894762,174555539,0,0,1666581830,87,distance_to_pickup,BATCH,hungarian,0,0,order,1
1666581917,547808,1478,48.507731342539614,1,True,True,2807,False,11808,4074,45886650,174551414,45886697,174551426,0,0,1666581874,43,distance_to_pickup,BATCH,hungarian,0,0,order,1
1666581917,370684,4302,21.93171219946131,1,True,True,1276,False,11808,4074,45857937,174568139,45857917,174568130,0,0,1666581863,54,distance_to_pickup,BATCH,hungarian,0,0,order,1
1666581917,104228,3373,49.678969393496885,1,True,True,2759,False,11808,4074,45870910,174595859,45870942,174595897,0,0,1666581741,176,distance_to_pickup,BATCH,hungarian,0,0,order,1
1666581917,194552,2215,21.2602916254693,1,True,True,3903,False,11808,4074,45885520,174583087,45885506,174583103,0,0,1666581088,829,distance_to_pickup,BATCH,hungarian,0,0,order,1
1666581917,146658,3537,78.18567643756751,1,True,True,369,False,11808,4074,45887833,174581412,45887805,174581339,0,0,1666581593,324,distance_to_pickup,BATCH,hungarian,0,0,order,1
1666581917,506149,1396,92.66067126888301,1,True,True,26,False,11808,4074,45900329,174537044,45900410,174537089,0,0,1666581881,36,distance_to_pickup,BATCH,hungarian,0,0,order,1
1666581917,284548,1627,36.71511950137164,1,True,True,1067,False,11808,4074,46062288,174947094,46062320,174947076,0,0,1666581885,32,distance_to_pickup,BATCH,hungarian,0,0,order,1
1666581917,278830,4398,80.15609770940699,1,True,True,2531,False,11808,4074,45879427,174650494,45879347,174650499,0,0,1666581701,216,distance_to_pickup,BATCH,hungarian,0,0,order,1
1666581917,386976,747,61.1310068623117,1,True,True,2063,False,11808,4074,45860748,174572540,45860809,174572536,0,0,1666581543,374,distance_to_pickup,BATCH,hungarian,0,0,order,1
1666581917,255918,1710,34.058772731852805,1,True,True,633,False,11808,4074,45870533,174595497,45870535,174595463,0,0,1666581848,69,distance_to_pickup,BATCH,hungarian,0,0,order,1
1666581917,384240,3895,34.17601498127012,1,True,True,2531,False,11808,4074,45880376,174650688,45880388,174650720,0,0,1666581840,77,distance_to_pickup,BATCH,hungarian,0,0,order,1
1666581917,91855,2606,58.309518948453004,1,True,True,738,False,11808,4074,45875146,174650308,45875116,174650358,0,0,1666581838,79,distance_to_pickup,BATCH,hungarian,0,0,order,1
1666581917,435925,2428,54.91812087098393,1,True,False,3825,False,11808,4074,45898016,174539265,45897986,174539219,0,0,1666055764,526153,distance_to_pickup,BATCH,hungarian,0,0,order,1
1666581917,512058,212,78.16009211867653,1,True,False,2596,False,11808,4074,45869010,174572742,45868935,174572764,0,0,1666063329,518588,distance_to_pickup,BATCH,hungarian,0,0,order,1
1666581917,236407,2509,86.53323061113575,1,True,False,3057,False,11808,4074,45876580,174545960,45876628,174545888,0,0,1666063356,518561,distance_to_pickup,BATCH,hungarian,0,0,order,1
1666581917,132568,3225,37.21558813185679,1,True,False,1726,False,11808,4074,45880286,174530810,45880305,174530842,0,0,1666149583,432334,distance_to_pickup,BATCH,hungarian,0,0,order,1
1666581917,210486,3288,97.0,1,True,False,2459,False,11808,4074,45914781,174588306,45914684,174588306,0,0,1666150157,431760,distance_to_pickup,BATCH,hungarian,0,0,order,1
1666581917,825,1740,38.07886552931954,1,True,False,723,False,11808,4074,45898317,174553837,45898282,174553852,0,0,1666150159,431758,distance_to_pickup,BATCH,hungarian,0,0,order,1
1666581917,488852,2822,55.44366510251645,1,True,False,3801,False,11808,4074,45863156,174539190,45863149,174539135,0,0,1666150181,431736,distance_to_pickup,BATCH,hungarian,0,0,order,1
1666581917,471007,2627,77.52418977325722,1,True,False,1336,False,11808,4074,45892956,174566372,45892947,174566449,0,0,1666236119,345798,distance_to_pickup,BATCH,hungarian,0,0,order,1
1666581917,444646,3486,90.13878188659973,1,True,False,4030,False,11808,4074,45905899,174526998,45905813,174527025,0,0,1666236202,345715,distance_to_pickup,BATCH,hungarian,0,0,order,1
1666581917,388349,573,56.43580423808985,1,True,False,2381,False,11808,4074,46053230,174946828,46053279,174946856,0,0,1666236566,345351,distance_to_pickup,BATCH,hungarian,0,0,order,1
1666581917,71832,763,92.04890004774636,1,True,False,1541,False,11808,4074,45859254,174579529,45859342,174579502,0,0,1666322464,259453,distance_to_pickup,BATCH,hungarian,0,0,order,1
1666581917,396798,1609,84.72307831990054,1,True,False,1816,False,11808,4074,46050687,174947859,46050770,174947842,0,0,1666322669,259248,distance_to_pickup,BATCH,hungarian,0,0,order,1
1666581917,103058,764,33.60059523282288,1,True,False,1997,False,11808,4074,45906462,174573218,45906482,174573191,0,0,1666322774,259143,distance_to_pickup,BATCH,hungarian,0,0,order,1
1666581917,423613,1065,97.26767191621273,1,True,False,12,False,11808,4074,46043587,174939345,46043493,174939370,0,0,1666322963,258954,distance_to_pickup,BATCH,hungarian,0,0,order,1
1666581917,466427,2201,83.00602387778854,1,True,False,2663,False,11808,4074,45871376,174543186,45871407,174543109,0,0,1666409198,172719,distance_to_pickup,BATCH,hungarian,0,0,order,1
1666581917,476900,2924,92.04890004774636,1,True,False,180,False,11808,4074,45896864,174552987,45896891,174552899,0,0,1666409362,172555,distance_to_pickup,BATCH,hungarian,0,0,order,1
1666581917,252292,2931,89.1403387922662,1,True,False,38,False,11808,4074,45889814,174545604,45889903,174545599,0,0,1666409378,172539,distance_to_pickup,BATCH,hungarian,0,0,order,1
1666581917,375892,876,42.638011210655684,1,True,False,3665,False,11808,4074,45894708,174566734,45894681,174566767,0,0,1666495505,86412,distance_to_pickup,BATCH,hungarian,0,0,order,1
1666581917,238212,41,67.0,1,True,False,1347,False,11808,4074,45867747,174566888,45867747,174566955,0,0,1666495512,86405,distance_to_pickup,BATCH,hungarian,0,0,order,1
1666581917,197090,2633,10.295630140987,1,True,False,1487,False,11808,4074,45870242,174595530,45870237,174595521,0,0,1666495516,86401,distance_to_pickup,BATCH,hungarian,0,0,order,1
1666581917,400262,24,66.24198064671678,1,True,False,1595,False,11808,4074,45879887,174546555,45879945,174546523,0,0,1666495520,86397,distance_to_pickup,BATCH,hungarian,0,0,order,1
1666581917,364903,293,96.38464608017192,1,True,False,1217,False,11808,4074,46052978,174946781,46052895,174946830,0,0,1666495764,86153,distance_to_pickup,BATCH,hungarian,0,0,order,1
1666581917,526990,2876,86.00581375697809,1,True,False,376,False,11808,4074,45880142,174546719,45880141,174546805,0,0,1666581716,201,distance_to_pickup,BATCH,hungarian,0,0,order,1
1666581917,76178,2512,71.47027354082255,1,True,False,620,False,11808,4074,45884377,174582167,45884355,174582235,0,0,1666581661,256,distance_to_pickup,BATCH,hungarian,0,0,order,1
1666581917,12544,3467,29.068883707497267,1,True,False,4203,False,11808,4074,45885520,174583087,45885522,174583058,0,0,1666580667,1250,distance_to_pickup,BATCH,hungarian,0,0,order,1
1666581917,345801,1999,74.24284477308234,1,True,False,4164,False,11808,4074,45894861,174555310,45894855,174555384,0,0,1666581409,508,distance_to_pickup,BATCH,hungarian,0,0,order,1
1666581917,281697,1200,56.08029957123981,1,True,False,2101,False,11808,4074,45871180,174595520,45871128,174595499,0,0,1666581841,76,distance_to_pickup,BATCH,hungarian,0,0,order,1
1666582037,70296,3874,41.0,1,True,True,2332,False,12326,3896,45897803,174552932,45897763,174552941,0,0,1665976698,605339,distance_to_pickup,BATCH,hungarian,0,0,order,1
1666582037,79831,2894,26.476404589747453,1,True,True,4694,False,12326,3896,45861655,174583536,45861660,174583562,0,0,1665976917,605120,distance_to_pickup,BATCH,hungarian,0,0,order,1
1666582037,555824,2781,35.05709628591621,1,True,True,4674,False,12326,3896,45877540,174579160,45877505,174579158,0,0,1665976980,605057,distance_to_pickup,BATCH,hungarian,0,0,order,1
1666582037,82940,3413,87.36704184073076,1,True,True,46,False,12326,3896,45867022,174574102,45867109,174574110,0,0,1665977064,604973,distance_to_pickup,BATCH,hungarian,0,0,order,1
1666582037,57730,51,53.48831648126533,1,True,True,2057,False,12326,3896,45895683,174554863,45895664,174554813,0,0,1665977071,604966,distance_to_pickup,BATCH,hungarian,0,0,order,1
1666582037,134863,392,73.49829930005184,1,True,True,587,False,12326,3896,45870770,174595580,45870699,174595561,0,0,1665977086,604951,distance_to_pickup,BATCH,hungarian,0,0,order,1
1666582037,427560,1500,41.773197148410844,1,True,True,2689,False,12326,3896,45896012,174554857,45895971,174554849,0,0,1665977101,604936,distance_to_pickup,BATCH,hungarian,0,0,order,1
1666582037,92263,1299,85.23496934944014,1,True,True,1339,False,12326,3896,45919710,174542209,45919783,174542165,0,0,1665977191,604846,distance_to_pickup,BATCH,hungarian,0,0,order,1
1666582037,137873,286,75.66372975210778,1,True,True,487,False,12326,3896,45864620,174583120,45864566,174583067,0,0,1665977196,604841,distance_to_pickup,BATCH,hungarian,0,0,order,1
1666582037,212744,4014,11.045361017187261,1,True,True,776,False,12326,3896,45880360,174531050,45880371,174531049,0,0,1665977351,604686,distance_to_pickup,BATCH,hungarian,0,0,order,1
1666582037,270525,1044,92.34717104492157,1,True,True,156,False,12326,3896,45885839,174536161,45885831,174536253,0,0,1665977371,604666,distance_to_pickup,BATCH,hungarian,0,0,order,1
1666582037,10081,356,77.10382610480494,1,True,True,1148,False,12326,3896,45893777,174533800,45893773,174533723,0,0,1666059587,522450,distance_to_pickup,BATCH,hungarian,0,0,order,1
1666582037,165541,141,62.289646009589745,1,True,True,141,True,12326,3896,45895035,174540894,45895097,174540888,0,0,1666062126,519911,distance_to_pickup,BATCH,hungarian,0,0,order,1
1666582037,563817,910,82.21921916437786,1,True,True,2397,False,12326,3896,45919951,174516559,45919889,174516613,0,0,1666062592,519445,distance_to_pickup,BATCH,hungarian,0,0,order,1
1666582037,45466,1595,28.284271247461902,1,True,True,929,False,12326,3896,45894842,174555253,45894822,174555233,0,0,1666062941,519096,distance_to_pickup,BATCH,hungarian,0,0,order,1
1666582037,80236,640,86.00581375697809,1,True,True,1096,False,12326,3896,45911894,174529244,45911980,174529243,0,0,1666063090,518947,distance_to_pickup,BATCH,hungarian,0,0,order,1
1666582037,162462,146,25.0,1,True,True,3179,False,12326,3896,45876860,174545700,45876884,174545707,0,0,1666063112,518925,distance_to_pickup,BATCH,hungarian,0,0,order,1
1666582037,472993,2902,53.009433122794285,1,True,True,3335,False,12326,3896,45911703,174525672,45911756,174525671,0,0,1666063235,518802,distance_to_pickup,BATCH,hungarian,0,0,order,1
1666582037,290708,1376,16.401219466856727,1,True,True,771,False,12326,3896,45902660,174556330,45902673,174556320,0,0,1666063250,518787,distance_to_pickup,BATCH,hungarian,0,0,order,1
1666582037,329750,278,17.46424919657298,1,True,True,2748,False,12326,3896,45898300,174553788,45898296,174553805,0,0,1666063286,518751,distance_to_pickup,BATCH,hungarian,0,0,order,1
1666582037,89509,3363,25.0,1,True,True,1225,False,12326,3896,45904790,174525480,45904790,174525455,0,0,1666063412,518625,distance_to_pickup,BATCH,hungarian,0,0,order,1
1666582037,156387,1803,16.401219466856727,1,True,True,273,False,12326,3896,45876516,174606113,45876503,174606123,0,0,1666063420,518617,distance_to_pickup,BATCH,hungarian,0,0,order,1
1666582037,346411,2932,74.09453421137081,1,True,True,1289,False,12326,3896,45882997,174541622,45883036,174541685,0,0,1666063445,518592,distance_to_pickup,BATCH,hungarian,0,0,order,1
1666582037,183555,2589,61.61168720299745,1,True,True,2231,False,12326,3896,45859694,174510976,45859634,174510962,0,0,1666063447,518590,distance_to_pickup,BATCH,hungarian,0,0,order,1
1666582037,256602,83,84.00595217006948,1,True,True,3340,False,12326,3896,45887997,174533308,45887998,174533224,0,0,1666063471,518566,distance_to_pickup,BATCH,hungarian,0,0,order,1
1666582037,279548,2081,15.132745950421556,1,True,True,364,False,12326,3896,45859277,174579627,45859262,174579625,0,0,1666063573,518464,distance_to_pickup,BATCH,hungarian,0,0,order,1
1666582037,19800,1814,98.08159868191383,1,True,True,378,False,12326,3896,46049566,174941858,46049472,174941830,0,0,1666063586,518451,distance_to_pickup,BATCH,hungarian,0,0,order,1
1666582037,45489,718,94.86832980505137,1,True,True,3243,False,12326,3896,46055173,174945892,46055263,174945922,0,0,1666063590,518447,distance_to_pickup,BATCH,hungarian,0,0,order,1
1666582037,382160,2956,68.09552114493287,1,True,True,1575,False,12326,3896,45897526,174588776,45897560,174588835,0,0,1666063717,518320,distance_to_pickup,BATCH,hungarian,0,0,order,1
1666582037,543263,233,66.37017402418047,1,True,True,3081,False,12326,3896,45859277,174579627,45859343,174579620,0,0,1666063766,518271,distance_to_pickup,BATCH,hungarian,0,0,order,1
1666582037,302006,2806,40.24922359499622,1,True,True,3335,False,12326,3896,45912088,174529069,45912052,174529051,0,0,1666063766,518271,distance_to_pickup,BATCH,hungarian,0,0,order,1
1666582037,38895,3852,69.02897942168927,1,True,True,1135,False,12326,3896,45851399,174554321,45851401,174554252,0,0,1666063769,518268,distance_to_pickup,BATCH,hungarian,0,0,order,1
1666582037,460102,2887,96.38464608017192,1,True,True,46,False,12326,3896,45872485,174586837,45872534,174586754,0,0,1666149192,432845,distance_to_pickup,BATCH,hungarian,0,0,order,1
1666582037,352295,3745,96.38464608017192,1,True,True,2162,False,12326,3896,45882306,174565556,45882269,174565645,0,0,1666149402,432635,distance_to_pickup,BATCH,hungarian,0,0,order,1
1666582037,316388,2498,91.21403400793103,1,True,True,1404,False,12326,3896,45869625,174575239,45869569,174575311,0,0,1666149609,432428,distance_to_pickup,BATCH,hungarian,0,0,order,1
1666582037,20168,2212,72.78049189171504,1,True,True,835,False,12326,3896,45911894,174529244,45911965,174529260,0,0,1666149727,432310,distance_to_pickup,BATCH,hungarian,0,0,order,1
1666582037,556431,2017,99.53893710503444,1,True,True,549,False,12326,3896,45905800,174531250,45905892,174531288,0,0,1666149853,432184,distance_to_pickup,BATCH,hungarian,0,0,order,1
1666582037,296714,4610,26.92582403567252,1,True,True,2743,False,12326,3896,45892850,174552390,45892864,174552367,0,0,1666149853,432184,distance_to_pickup,BATCH,hungarian,0,0,order,1
1666582037,561653,31,63.655321851358195,1,True,True,592,False,12326,3896,46043709,174939650,46043753,174939604,0,0,1666149871,432166,distance_to_pickup,BATCH,hungarian,0,0,order,1
1666582037,533229,639,68.09552114493287,1,True,True,462,False,12326,3896,46051552,174958551,46051611,174958517,0,0,1666149880,432157,distance_to_pickup,BATCH,hungarian,0,0,order,1
1666582037,313678,358,79.47955712005447,1,True,True,2411,False,12326,3896,45878035,174578011,45878006,174578085,0,0,1666149886,432151,distance_to_pickup,BATCH,hungarian,0,0,order,1
1666582037,222256,2314,54.08326913195984,1,True,True,2027,False,12326,3896,45861655,174583536,45861610,174583506,0,0,1666149929,432108,distance_to_pickup,BATCH,hungarian,0,0,order,1
1666582037,293930,944,72.27724399837061,1,True,True,384,False,12326,3896,45858336,174577501,45858354,174577571,0,0,1666149987,432050,distance_to_pickup,BATCH,hungarian,0,0,order,1
1666582037,363444,2611,78.81624198095213,1,True,True,1119,False,12326,3896,45901461,174585861,45901507,174585797,0,0,1666149990,432047,distance_to_pickup,BATCH,hungarian,0,0,order,1
1666582037,80601,459,81.74350127074322,1,True,True,1614,False,12326,3896,46052232,174943727,46052253,174943806,0,0,1666149991,432046,distance_to_pickup,BATCH,hungarian,0,0,order,1
1666582037,29726,238,87.5728268357257,1,True,True,1918,False,12326,3896,45885886,174563236,45885799,174563226,0,0,1666149992,432045,distance_to_pickup,BATCH,hungarian,0,0,order,1
1666582037,245435,1780,23.600847442411894,1,True,True,4606,False,12326,3896,45911703,174525672,45911684,174525658,0,0,1666149995,432042,distance_to_pickup,BATCH,hungarian,0,0,order,1
1666582037,20171,4680,83.64807230295268,1,True,True,2280,False,12326,3896,45856486,174600043,45856447,174599969,0,0,1666149995,432042,distance_to_pickup,BATCH,hungarian,0,0,order,1
1666582037,825,412,29.017236257093817,1,True,True,723,False,12326,3896,45898317,174553837,45898346,174553836,0,0,1666150159,431878,distance_to_pickup,BATCH,hungarian,0,0,order,1
1666582037,108256,3437,87.96590248499699,1,True,True,1080,False,12326,3896,45876508,174545953,45876441,174545896,0,0,1666150159,431878,distance_to_pickup,BATCH,hungarian,0,0,order,1
1666582037,288306,911,41.88078318274385,1,True,True,1778,False,12326,3896,45906843,174571930,45906866,174571965,0,0,1666150166,431871,distance_to_pickup,BATCH,hungarian,0,0,order,1
1666582037,256956,2094,92.02173656261873,1,True,True,2134,False,12326,3896,45871286,174609005,45871354,174608943,0,0,1666150171,431866,distance_to_pickup,BATCH,hungarian,0,0,order,1
1666582037,80889,4505,26.92582403567252,1,True,True,1546,False,12326,3896,45865230,174583102,45865207,174583088,0,0,1666165807,416230,distance_to_pickup,BATCH,hungarian,0,0,order,1
1666582037,108614,2771,94.76286192385707,1,True,True,5,False,12326,3896,45919543,174542267,45919477,174542335,0,0,1666235417,346620,distance_to_pickup,BATCH,hungarian,0,0,order,1
1666582037,157085,4055,99.46356116689167,1,True,True,1972,False,12326,3896,45885010,174520190,45885107,174520212,0,0,1666235557,346480,distance_to_pickup,BATCH,hungarian,0,0,order,1
1666582037,291394,1811,30.886890422961002,1,True,True,325,False,12326,3896,45898317,174553837,45898302,174553864,0,0,1666235675,346362,distance_to_pickup,BATCH,hungarian,0,0,order,1
1666582037,114727,739,86.35392289873113,1,True,True,2276,False,12326,3896,45870553,174547266,45870512,174547342,0,0,1666235716,346321,distance_to_pickup,BATCH,hungarian,0,0,order,1
1666582037,396450,379,98.2496819333274,1,True,True,3603,False,12326,3896,45840017,174551254,45840024,174551352,0,0,1666235903,346134,distance_to_pickup,BATCH,hungarian,0,0,order,1
1666582037,30072,1837,53.150729063673246,1,True,True,995,False,12326,3896,45874660,174647685,45874671,174647737,0,0,1666235987,346050,distance_to_pickup,BATCH,hungarian,0,0,order,1
1666582037,68250,1737,5.0,1,True,True,1566,False,12326,3896,45883537,174592777,45883541,174592774,0,0,1666236032,346005,distance_to_pickup,BATCH,hungarian,0,0,order,1
1666582037,283020,2811,52.69724850502159,1,True,True,775,False,12326,3896,45879648,174648076,45879619,174648032,0,0,1666236072,345965,distance_to_pickup,BATCH,hungarian,0,0,order,1
1666582037,299878,2768,47.634021455258214,1,True,True,1298,False,12326,3896,45877540,174579160,45877503,174579130,0,0,1666236092,345945,distance_to_pickup,BATCH,hungarian,0,0,order,1
1666582037,316734,3739,97.082439194738,1,True,True,441,False,12326,3896,45894566,174589368,45894562,174589271,0,0,1666236176,345861,distance_to_pickup,BATCH,hungarian,0,0,order,1
1666582037,257330,502,82.38931969618392,1,True,True,1437,False,12326,3896,45866523,174578800,45866605,174578808,0,0,1666236188,345849,distance_to_pickup,BATCH,hungarian,0,0,order,1
1666582037,444646,3486,70.60453243241541,1,True,True,4030,False,12326,3896,45905899,174526998,45905843,174527041,0,0,1666236202,345835,distance_to_pickup,BATCH,hungarian,0,0,order,1
1666582037,23783,1390,94.13288479590966,1,True,True,2731,False,12326,3896,45879690,174648000,45879596,174647995,0,0,1666236295,345742,distance_to_pickup,BATCH,hungarian,0,0,order,1
1666582037,210834,324,92.84934033152847,1,True,True,1650,False,12326,3896,45879848,174648286,45879778,174648225,0,0,1666236331,345706,distance_to_pickup,BATCH,hungarian,0,0,order,1
1666582037,216808,4233,94.81033698917012,1,True,True,1756,False,12326,3896,45898690,174578080,45898765,174578138,0,0,1666236377,345660,distance_to_pickup,BATCH,hungarian,0,0,order,1
1666582037,84033,293,26.92582403567252,1,True,True,120,False,12326,3896,46052348,174943286,46052323,174943276,0,0,1666236391,345646,distance_to_pickup,BATCH,hungarian,0,0,order,1
1666582037,181311,2556,14.142135623730951,1,True,True,868,False,12326,3896,45895603,174555740,45895617,174555742,0,0,1666236457,345580,distance_to_pickup,BATCH,hungarian,0,0,order,1
1666582037,151454,1971,62.76941930590086,1,True,True,106,False,12326,3896,45822976,174546904,45823034,174546880,0,0,1666318694,263343,distance_to_pickup,BATCH,hungarian,0,0,order,1
1666582037,99984,2924,87.46427842267951,1,True,True,1999,False,12326,3896,45898362,174553325,45898287,174553280,0,0,1666321233,260804,distance_to_pickup,BATCH,hungarian,0,0,order,1
1666582037,160548,2468,49.193495504995376,1,True,True,2322,False,12326,3896,45865238,174556784,45865216,174556740,0,0,1666321859,260178,distance_to_pickup,BATCH,hungarian,0,0,order,1
1666582037,567307,1772,28.442925306655784,1,True,True,892,False,12326,3896,45879944,174648470,45879916,174648475,0,0,1666322425,259612,distance_to_pickup,BATCH,hungarian,0,0,order,1
1666582037,481757,676,33.24154027718932,1,True,True,1736,False,12326,3896,45864108,174582488,45864117,174582456,0,0,1666322488,259549,distance_to_pickup,BATCH,hungarian,0,0,order,1
1666582037,396793,891,90.13878188659973,1,True,True,41,False,12326,3896,45866440,174556210,45866530,174556205,0,0,1666322582,259455,distance_to_pickup,BATCH,hungarian,0,0,order,1
1666582037,249106,4684,65.55150646628954,1,True,True,2889,False,12326,3896,45909538,174542581,45909599,174542605,0,0,1666322666,259371,distance_to_pickup,BATCH,hungarian,0,0,order,1
1666582037,439584,994,52.23983154643591,1,True,True,1373,False,12326,3896,45887812,174556789,45887807,174556841,0,0,1666322667,259370,distance_to_pickup,BATCH,hungarian,0,0,order,1
1666582037,399529,24,90.47098982546837,1,True,True,1777,False,12326,3896,45879921,174546626,45879957,174546543,0,0,1666322668,259369,distance_to_pickup,BATCH,hungarian,0,0,order,1
1666582037,103058,764,59.90826320300064,1,True,True,1997,False,12326,3896,45906462,174573218,45906512,174573251,0,0,1666322774,259263,distance_to_pickup,BATCH,hungarian,0,0,order,1
1666582037,169591,353,72.67048919609665,1,True,True,1573,False,12326,3896,45768767,174566837,45768707,174566878,0,0,1666322787,259250,distance_to_pickup,BATCH,hungarian,0,0,order,1
1666582037,105992,1425,72.24956747275377,1,True,True,220,False,12326,3896,45875200,174650265,45875272,174650259,0,0,1666322802,259235,distance_to_pickup,BATCH,hungarian,0,0,order,1
1666582037,263421,142,85.56284240252891,1,True,True,1688,False,12326,3896,45858919,174566661,45858858,174566721,0,0,1666322909,259128,distance_to_pickup,BATCH,hungarian,0,0,order,1
1666582037,492396,3771,29.0,1,True,True,968,False,12326,3896,45875003,174650396,45874982,174650376,0,0,1666406771,175266,distance_to_pickup,BATCH,hungarian,0,0,order,1
1666582037,115429,364,65.7419196555744,1,True,True,2458,False,12326,3896,45865623,174581146,45865652,174581205,0,0,1666407932,174105,distance_to_pickup,BATCH,hungarian,0,0,order,1
1666582037,202596,869,26.627053911388696,1,True,True,3235,False,12326,3896,45880173,174546649,45880158,174546627,0,0,1666408684,173353,distance_to_pickup,BATCH,hungarian,0,0,order,1
1666582037,320217,3899,17.0,1,True,True,2699,False,12326,3896,45870486,174595427,45870486,174595410,0,0,1666408721,173316,distance_to_pickup,BATCH,hungarian,0,0,order,1
1666582037,375488,2040,52.55473337388365,1,True,True,3955,False,12326,3896,45890444,174572525,45890493,174572506,0,0,1666408736,173301,distance_to_pickup,BATCH,hungarian,0,0,order,1
1666582037,164016,170,52.773099207835045,1,True,True,1677,False,12326,3896,45862637,174575984,45862689,174575975,0,0,1666408758,173279,distance_to_pickup,BATCH,hungarian,0,0,order,1
1666582037,252281,1826,24.0,1,True,True,1585,False,12326,3896,45894758,174555339,45894758,174555315,0,0,1666408854,173183,distance_to_pickup,BATCH,hungarian,0,0,order,1
1666582037,292089,2776,37.94733192202055,1,True,True,3998,False,12326,3896,45870486,174595427,45870474,174595463,0,0,1666408993,173044,distance_to_pickup,BATCH,hungarian,0,0,order,1
1666582037,190816,2704,45.967379738244816,1,True,True,2559,False,12326,3896,45865731,174582471,45865763,174582504,0,0,1666409104,172933,distance_to_pickup,BATCH,hungarian,0,0,order,1
1666582037,208568,2592,57.697486947006624,1,True,True,1042,False,12326,3896,45889986,174545204,45890011,174545256,0,0,1666409133,172904,distance_to_pickup,BATCH,hungarian,0,0,order,1
1666582037,325704,3911,20.12461179749811,1,True,True,821,False,12326,3896,45880118,174547076,45880127,174547094,0,0,1666409174,172863,distance_to_pickup,BATCH,hungarian,0,0,order,1
1666582037,103461,385,95.524865872714,1,True,True,2660,False,12326,3896,45920947,174542656,45920882,174542726,0,0,1666409175,172862,distance_to_pickup,BATCH,hungarian,0,0,order,1
1666582037,62786,746,61.0,1,True,True,1592,False,12326,3896,45865290,174556710,45865230,174556699,0,0,1666409190,172847,distance_to_pickup,BATCH,hungarian,0,0,order,1
1666582037,202595,1963,61.18823416311342,1,True,True,3345,False,12326,3896,45909302,174525369,45909242,174525357,0,0,1666409196,172841,distance_to_pickup,BATCH,hungarian,0,0,order,1
1666582037,8455,4140,82.02438661763951,1,True,True,2420,False,12326,3896,45870933,174595486,45870851,174595488,0,0,1666409202,172835,distance_to_pickup,BATCH,hungarian,0,0,order,1
1666582037,303377,381,13.416407864998739,1,True,True,436,False,12326,3896,45879217,174648910,45879211,174648898,0,0,1666409359,172678,distance_to_pickup,BATCH,hungarian,0,0,order,1
1666582037,136724,519,89.19641248391103,1,True,True,2810,False,12326,3896,45871385,174543563,45871325,174543629,0,0,1666409401,172636,distance_to_pickup,BATCH,hungarian,0,0,order,1
1666582037,445626,63,8.602325267042627,1,True,True,1195,False,12326,3896,45896150,174555690,45896145,174555683,0,0,1666494914,87123,distance_to_pickup,BATCH,hungarian,0,0,order,1
1666582037,317733,758,90.79647570252934,1,True,True,1500,False,12326,3896,45896150,174555690,45896162,174555600,0,0,1666494965,87072,distance_to_pickup,BATCH,hungarian,0,0,order,1
1666582037,286950,4553,83.7615663654877,1,True,True,1369,False,12326,3896,45846432,174587366,45846362,174587412,0,0,1666495005,87032,distance_to_pickup,BATCH,hungarian,0,0,order,1
1666582037,235327,871,35.34119409414458,1,True,True,104,False,12326,3896,45861805,174582434,45861837,174582419,0,0,1666495019,87018,distance_to_pickup,BATCH,hungarian,0,0,order,1
1666582037,69471,1084,85.98255637046388,1,True,True,2302,False,12326,3896,45896150,174555690,45896197,174555618,0,0,1666495101,86936,distance_to_pickup,BATCH,hungarian,0,0,order,1
1666582037,200059,1228,18.027756377319946,1,True,True,2509,False,12326,3896,45871385,174543563,45871384,174543581,0,0,1666495134,86903,distance_to_pickup,BATCH,hungarian,0,0,order,1
1666582037,78974,643,90.62008607367353,1,True,True,1058,False,12326,3896,45879517,174634520,45879483,174634604,0,0,1666495290,86747,distance_to_pickup,BATCH,hungarian,0,0,order,1
1666582037,552635,1048,18.0,1,True,True,1740,False,12326,3896,45896150,174555690,45896150,174555672,0,0,1666495358,86679,distance_to_pickup,BATCH,hungarian,0,0,order,1
1666582037,373116,3983,96.04165762834376,1,True,True,3333,False,12326,3896,45921142,174542028,45921060,174542078,0,0,1666495395,86642,distance_to_pickup,BATCH,hungarian,0,0,order,1
1666582037,179487,2413,35.12833614050059,1,True,True,3330,False,12326,3896,45892766,174568390,45892763,174568425,0,0,1666495414,86623,distance_to_pickup,BATCH,hungarian,0,0,order,1
1666582037,364893,1636,86.31338250816034,1,True,True,3064,False,12326,3896,45894039,174584286,45893980,174584349,0,0,1666495427,86610,distance_to_pickup,BATCH,hungarian,0,0,order,1
1666582037,137115,1460,96.79876032264049,1,True,True,442,False,12326,3896,45890450,174529300,45890369,174529247,0,0,1666495473,86564,distance_to_pickup,BATCH,hungarian,0,0,order,1
1666582037,306592,2564,96.62815324738438,1,True,True,519,False,12326,3896,45873270,174545902,45873281,174545806,0,0,1666495486,86551,distance_to_pickup,BATCH,hungarian,0,0,order,1
1666582037,552636,4594,38.07886552931954,1,True,True,4228,False,12326,3896,45919818,174542251,45919809,174542214,0,0,1666495505,86532,distance_to_pickup,BATCH,hungarian,0,0,order,1
1666582037,238212,466,27.784887978899608,1,True,True,1347,False,12326,3896,45867747,174566888,45867733,174566864,0,0,1666495512,86525,distance_to_pickup,BATCH,hungarian,0,0,order,1
1666582037,197090,1200,28.653097563788805,1,True,True,1487,False,12326,3896,45870242,174595530,45870228,174595505,0,0,1666495516,86521,distance_to_pickup,BATCH,hungarian,0,0,order,1
1666582037,400262,589,68.59300255857006,1,True,True,1595,False,12326,3896,45879887,174546555,45879935,174546506,0,0,1666495520,86517,distance_to_pickup,BATCH,hungarian,0,0,order,1
1666582037,69483,1746,27.85677655436824,1,True,True,2677,False,12326,3896,45905781,174531306,45905755,174531296,0,0,1666495598,86439,distance_to_pickup,BATCH,hungarian,0,0,order,1
1666582037,226616,3370,65.21502894272147,1,True,True,3724,False,12326,3896,45879833,174546530,45879886,174546492,0,0,1666495604,86433,distance_to_pickup,BATCH,hungarian,0,0,order,1
1666582037,115870,306,57.8013840664737,1,True,True,2123,False,12326,3896,45885892,174563248,45885863,174563298,0,0,1666495639,86398,distance_to_pickup,BATCH,hungarian,0,0,order,1
1666582037,312273,3433,84.11896337925236,1,True,True,3470,False,12326,3896,45857078,174575708,45857152,174575668,0,0,1666495663,86374,distance_to_pickup,BATCH,hungarian,0,0,order,1
1666582037,34585,2545,30.23243291566195,1,True,True,3263,False,12326,3896,46052423,174941977,46052448,174941960,0,0,1666495755,86282,distance_to_pickup,BATCH,hungarian,0,0,order,1
1666582037,567977,299,86.95401083331349,1,True,True,1789,False,12326,3896,46045870,174938788,46045914,174938863,0,0,1666495774,86263,distance_to_pickup,BATCH,hungarian,0,0,order,1
1666582037,158275,1608,9.219544457292887,1,True,True,1494,False,12326,3896,45874700,174648200,45874706,174648193,0,0,1666495776,86261,distance_to_pickup,BATCH,hungarian,0,0,order,1
1666582037,342647,1278,67.72001181334805,1,True,True,1424,False,12326,3896,45890020,174544960,45890001,174545025,0,0,1666495777,86260,distance_to_pickup,BATCH,hungarian,0,0,order,1
1666582037,477253,3291,51.86520991955976,1,True,True,364,False,12326,3896,45865499,174581170,45865456,174581141,0,0,1666495778,86259,distance_to_pickup,BATCH,hungarian,0,0,order,1
1666582037,383886,366,53.600373133029585,1,True,True,1683,False,12326,3896,45869309,174575128,45869322,174575180,0,0,1666495782,86255,distance_to_pickup,BATCH,hungarian,0,0,order,1
1666582037,326073,692,81.02468759581859,1,True,True,3337,False,12326,3896,45859685,174606244,45859764,174606262,0,0,1666495785,86252,distance_to_pickup,BATCH,hungarian,0,0,order,1
1666582037,12544,2860,12.083045973594572,1,True,True,4203,False,12326,3896,45885520,174583087,45885515,174583076,0,0,1666580667,1370,distance_to_pickup,BATCH,hungarian,0,0,order,1
1666582037,563190,1298,46.22769732530488,1,True,True,1736,False,12326,3896,45864638,174583106,45864674,174583135,0,0,1666580867,1170,distance_to_pickup,BATCH,hungarian,0,0,order,1
1666582037,550345,2174,73.824115301167,1,True,True,2040,False,12326,3896,45885981,174563308,45885970,174563235,0,0,1666580925,1112,distance_to_pickup,BATCH,hungarian,0,0,order,1
1666582037,406010,35,44.01136216933077,1,True,True,1486,False,12326,3896,45905921,174530450,45905937,174530491,0,0,1666581413,624,distance_to_pickup,BATCH,hungarian,0,0,order,1
1666582037,76178,2512,71.47027354082255,1,True,True,620,False,12326,3896,45884377,174582167,45884355,174582235,0,0,1666581661,376,distance_to_pickup,BATCH,hungarian,0,0,order,1
1666582037,281697,448,82.03657720797473,1,True,True,2101,False,12326,3896,45871180,174595520,45871099,174595533,0,0,1666581841,196,distance_to_pickup,BATCH,hungarian,0,0,order,1
1666582037,258811,2383,98.47842403288143,1,True,True,2278,False,12326,3896,45880118,174547076,45880135,174547173,0,0,1666581857,180,distance_to_pickup,BATCH,hungarian,0,0,order,1
1666582037,250232,831,47.12748667179272,1,True,True,1067,False,12326,3896,46054592,174946503,46054606,174946458,0,0,1666581875,162,distance_to_pickup,BATCH,hungarian,0,0,order,1
1666582037,212348,3317,71.02112361825881,1,True,True,3279,False,12326,3896,45895331,174566202,45895401,174566190,0,0,1666581881,156,distance_to_pickup,BATCH,hungarian,0,0,order,1
1666582037,41385,500,85.0235261559999,1,True,True,1975,False,12326,3896,46054592,174946503,46054677,174946501,0,0,1666581881,156,distance_to_pickup,BATCH,hungarian,0,0,order,1
1666582037,474998,734,98.84331034521254,1,True,True,3279,False,12326,3896,45895331,174566202,45895428,174566221,0,0,1666581883,154,distance_to_pickup,BATCH,hungarian,0,0,order,1
1666582037,482789,2127,62.6418390534633,1,True,True,2730,False,12326,3896,45880118,174547076,45880136,174547016,0,0,1666581885,152,distance_to_pickup,BATCH,hungarian,0,0,order,1
1666582037,552943,1542,80.77747210701756,1,True,True,1645,False,12326,3896,45890535,174574685,45890610,174574655,0,0,1666581903,134,distance_to_pickup,BATCH,hungarian,0,0,order,1
1666582037,179899,3597,47.41307836451879,1,True,True,1517,False,12326,3896,45868780,174606590,45868802,174606632,0,0,1666581904,133,distance_to_pickup,BATCH,hungarian,0,0,order,1
1666582037,31768,376,80.2807573457052,1,True,True,3769,False,12326,3896,45880190,174546645,45880209,174546567,0,0,1666581642,395,distance_to_pickup,BATCH,hungarian,0,0,order,1
1666582037,451385,3057,91.19758768739445,1,True,True,1091,False,12326,3896,45867835,174566940,45867926,174566946,0,0,1666575967,6070,distance_to_pickup,BATCH,hungarian,0,0,order,1
1666582037,411318,375,94.86832980505137,1,True,True,2043,False,12326,3896,45873312,174545813,45873234,174545759,0,0,1666581125,912,distance_to_pickup,BATCH,hungarian,0,0,order,1
1666582037,395094,1572,73.92563831310488,1,True,True,3685,False,12326,3896,45870910,174595859,45870939,174595927,0,0,1666581798,239,distance_to_pickup,BATCH,hungarian,0,0,order,1
1666582037,427252,1631,10.198039027185569,1,True,True,318,False,12326,3896,45860748,174572540,45860750,174572550,0,0,1666581697,340,distance_to_pickup,BATCH,hungarian,0,0,order,1
1666582037,537600,80,92.07062506576133,1,True,True,1317,False,12326,3896,45822188,174523363,45822097,174523349,0,0,1666581998,39,distance_to_pickup,BATCH,hungarian,0,0,order,1
1666582037,298484,1932,41.0,1,True,True,697,False,12326,3896,45880055,174634856,45880046,174634816,0,0,1666581993,44,distance_to_pickup,BATCH,hungarian,0,0,order,1
1666582037,367967,3008,40.85339643163099,1,True,True,3231,False,12326,3896,45866961,174601021,45866999,174601006,0,0,1666581588,449,distance_to_pickup,BATCH,hungarian,0,0,order,1
1666582037,218298,3924,86.83893136145792,1,True,True,209,False,12326,3896,46051299,174947789,46051349,174947718,0,0,1666581776,261,distance_to_pickup,BATCH,hungarian,0,0,order,1
1666582037,88750,2633,28.460498941515414,1,True,True,392,False,12326,3896,45870242,174595530,45870269,174595521,0,0,1666581823,214,distance_to_pickup,BATCH,hungarian,0,0,order,1
1666582037,343041,2876,67.26812023536856,1,True,True,1377,False,12326,3896,45879819,174546573,45879753,174546560,0,0,1666582005,32,distance_to_pickup,BATCH,hungarian,0,0,order,1
1666582037,191635,2260,32.38826948140329,1,True,True,1150,False,12326,3896,45912023,174529261,45912055,174529256,0,0,1666581871,166,distance_to_pickup,BATCH,hungarian,0,0,order,1
1666582037,278846,3205,96.77293009927931,1,True,True,1260,False,12326,3896,45763005,174566289,45762916,174566327,0,0,1666581993,44,distance_to_pickup,BATCH,hungarian,0,0,order,1
1666582037,568342,1199,43.18564576337837,1,True,True,308,False,12326,3896,45871345,174543296,45871377,174543267,0,0,1666581980,57,distance_to_pickup,BATCH,hungarian,0,0,order,1
1666582037,2877,3753,82.365041127896,1,True,True,914,False,12326,3896,45894757,174555382,45894685,174555422,0,0,1666581949,88,distance_to_pickup,BATCH,hungarian,0,0,order,1
1666582037,493444,2301,45.31004303683677,1,True,False,1838,False,12326,3896,45902179,174584739,45902221,174584756,0,0,1665976905,605132,distance_to_pickup,BATCH,hungarian,0,0,order,1
1666582037,480561,3185,43.278170016764804,1,True,False,1862,False,12326,3896,45920023,174542736,45920051,174542769,0,0,1665976969,605068,distance_to_pickup,BATCH,hungarian,0,0,order,1
1666582037,212740,151,59.481089431852205,1,True,False,2027,False,12326,3896,45873880,174576720,45873907,174576773,0,0,1665977197,604840,distance_to_pickup,BATCH,hungarian,0,0,order,1
1666582037,532904,998,62.93647591023825,1,True,False,86,False,12326,3896,45894842,174555253,45894782,174555234,0,0,1666063251,518786,distance_to_pickup,BATCH,hungarian,0,0,order,1
1666582037,13317,99,52.49761899362675,1,True,False,423,False,12326,3896,45886610,174551440,45886660,174551456,0,0,1666063336,518701,distance_to_pickup,BATCH,hungarian,0,0,order,1
1666582037,417308,180,96.87620966986684,1,True,False,1747,False,12326,3896,45894303,174566613,45894371,174566544,0,0,1666063754,518283,distance_to_pickup,BATCH,hungarian,0,0,order,1
1666582037,296369,1319,65.80273550544841,1,True,False,2500,False,12326,3896,45879856,174634533,45879895,174634480,0,0,1666063772,518265,distance_to_pickup,BATCH,hungarian,0,0,order,1
1666582037,74155,3774,85.27602242131137,1,True,False,2671,False,12326,3896,45820365,174535907,45820419,174535973,0,0,1666149238,432799,distance_to_pickup,BATCH,hungarian,0,0,order,1
1666582037,36126,3111,89.28605714219886,1,True,False,1186,False,12326,3896,45880360,174531050,45880336,174531136,0,0,1666149414,432623,distance_to_pickup,BATCH,hungarian,0,0,order,1
1666582037,271246,71,58.412327466040935,1,True,False,1555,False,12326,3896,46043478,174939239,46043524,174939275,0,0,1666149994,432043,distance_to_pickup,BATCH,hungarian,0,0,order,1
1666582037,181285,3488,99.62429422585637,1,True,False,2818,False,12326,3896,45876130,174591527,45876225,174591497,0,0,1666235533,346504,distance_to_pickup,BATCH,hungarian,0,0,order,1
1666582037,491786,4061,37.21558813185679,1,True,False,2183,False,12326,3896,45856330,174579593,45856326,174579556,0,0,1666236031,346006,distance_to_pickup,BATCH,hungarian,0,0,order,1
1666582037,23777,507,76.55063683601855,1,True,False,527,False,12326,3896,45879636,174648191,45879700,174648149,0,0,1666236117,345920,distance_to_pickup,BATCH,hungarian,0,0,order,1
1666582037,512950,1353,26.476404589747453,1,True,False,4101,False,12326,3896,45820029,174523122,45820055,174523117,0,0,1666319593,262444,distance_to_pickup,BATCH,hungarian,0,0,order,1
1666582037,515564,927,36.05551275463989,1,True,False,393,False,12326,3896,45920023,174542736,45919987,174542738,0,0,1666321990,260047,distance_to_pickup,BATCH,hungarian,0,0,order,1
1666582037,124085,183,95.46203433826454,1,True,False,134,False,12326,3896,45853870,174592240,45853937,174592172,0,0,1666322493,259544,distance_to_pickup,BATCH,hungarian,0,0,order,1
1666582037,319821,285,71.58910531638176,1,True,False,4175,False,12326,3896,45875751,174545368,45875688,174545334,0,0,1666322529,259508,distance_to_pickup,BATCH,hungarian,0,0,order,1
1666582037,567312,224,45.221676218380054,1,True,False,1342,False,12326,3896,45867053,174606581,45867090,174606555,0,0,1666322969,259068,distance_to_pickup,BATCH,hungarian,0,0,order,1
1666582037,500185,1006,78.77182237323191,1,True,False,772,False,12326,3896,45888057,174533306,45888126,174533268,0,0,1666408883,173154,distance_to_pickup,BATCH,hungarian,0,0,order,1
1666582037,364489,3800,35.608987629529715,1,True,False,1673,False,12326,3896,45870933,174595486,45870905,174595508,0,0,1666409274,172763,distance_to_pickup,BATCH,hungarian,0,0,order,1
1666582037,495357,1159,70.7248188403477,1,True,False,3558,False,12326,3896,45879962,174634733,45879913,174634784,0,0,1666494997,87040,distance_to_pickup,BATCH,hungarian,0,0,order,1
1666582037,400260,962,10.816653826391969,1,True,False,1539,False,12326,3896,45868629,174606647,45868623,174606638,0,0,1666495406,86631,distance_to_pickup,BATCH,hungarian,0,0,order,1
1666582037,173416,2146,53.36665625650534,1,True,False,1740,False,12326,3896,45898349,174553149,45898361,174553097,0,0,1666495663,86374,distance_to_pickup,BATCH,hungarian,0,0,order,1
1666582037,359620,778,61.220911460055866,1,True,False,690,False,12326,3896,45845547,174552747,45845595,174552785,0,0,1666580565,1472,distance_to_pickup,BATCH,hungarian,0,0,order,1
1666582217,122638,155,76.40026177965623,1,True,True,1551,False,12777,3744,45767581,174570726,45767642,174570772,0,0,1665975437,606780,distance_to_pickup,BATCH,hungarian,0,0,order,1
1666582217,535218,1894,60.92618484691127,1,True,True,624,False,12777,3744,45885544,174543242,45885568,174543186,0,0,1665976115,606102,distance_to_pickup,BATCH,hungarian,0,0,order,1
1666582217,67184,1877,25.079872407968907,1,True,True,2062,False,12777,3744,45865868,174565807,45865891,174565817,0,0,1665976601,605616,distance_to_pickup,BATCH,hungarian,0,0,order,1
1666582217,122663,3266,52.23983154643591,1,True,True,278,False,12777,3744,45898320,174550193,45898325,174550245,0,0,1665977070,605147,distance_to_pickup,BATCH,hungarian,0,0,order,1
1666582217,171198,2374,70.43436661176133,1,True,True,4537,False,12777,3744,45877759,174578692,45877704,174578648,0,0,1665977077,605140,distance_to_pickup,BATCH,hungarian,0,0,order,1
1666582217,529982,3185,47.095647357266465,1,True,True,2002,False,12777,3744,45920114,174542742,45920111,174542695,0,0,1665977081,605136,distance_to_pickup,BATCH,hungarian,0,0,order,1
1666582217,203749,1195,91.706052144883,1,True,True,57,False,12777,3744,45861464,174530911,45861435,174530998,0,0,1665977101,605116,distance_to_pickup,BATCH,hungarian,0,0,order,1
1666582217,408981,2836,60.08327554319921,1,True,True,3950,False,12777,3744,45892955,174568390,45892898,174568409,0,0,1665977317,604900,distance_to_pickup,BATCH,hungarian,0,0,order,1
1666582217,362773,1265,98.812954616285,1,True,True,171,False,12777,3744,45856856,174575762,45856776,174575704,0,0,1665977375,604842,distance_to_pickup,BATCH,hungarian,0,0,order,1
1666582217,310494,104,90.93404203047393,1,True,True,3650,False,12777,3744,45862879,174581321,45862866,174581411,0,0,1666059837,522380,distance_to_pickup,BATCH,hungarian,0,0,order,1
1666582217,233362,1999,91.67878707749138,1,True,True,2746,False,12777,3744,45898320,174550193,45898231,174550215,0,0,1666063008,519209,distance_to_pickup,BATCH,hungarian,0,0,order,1
1666582217,498921,1712,42.579337712087536,1,True,True,1163,False,12777,3744,45907759,174546285,45907766,174546327,0,0,1666063155,519062,distance_to_pickup,BATCH,hungarian,0,0,order,1
1666582217,265146,2971,56.302753041036986,1,True,True,425,False,12777,3744,45907759,174546285,45907728,174546238,0,0,1666063198,519019,distance_to_pickup,BATCH,hungarian,0,0,order,1
1666582217,198142,125,22.47220505424423,1,True,True,1527,False,12777,3744,45860061,174579184,45860042,174579172,0,0,1666063206,519011,distance_to_pickup,BATCH,hungarian,0,0,order,1
1666582217,435975,1219,24.08318915758459,1,True,True,3167,False,12777,3744,45895620,174555818,45895644,174555820,0,0,1666063288,518929,distance_to_pickup,BATCH,hungarian,0,0,order,1
1666582217,548436,78,61.61168720299745,1,True,True,1201,False,12777,3744,45851399,174554321,45851385,174554261,0,0,1666063438,518779,distance_to_pickup,BATCH,hungarian,0,0,order,1
1666582217,329756,661,52.81098370604357,1,True,True,3372,False,12777,3744,45868992,174606599,45869042,174606616,0,0,1666063461,518756,distance_to_pickup,BATCH,hungarian,0,0,order,1
1666582217,343710,1632,71.17583859709698,1,True,True,1756,False,12777,3744,45912464,174588132,45912529,174588161,0,0,1666063465,518752,distance_to_pickup,BATCH,hungarian,0,0,order,1
1666582217,61231,1901,75.0,1,True,True,578,False,12777,3744,45865320,174556750,45865260,174556705,0,0,1666063559,518658,distance_to_pickup,BATCH,hungarian,0,0,order,1
1666582217,371398,2919,40.70626487409524,1,True,True,546,False,12777,3744,45889956,174528082,45889992,174528063,0,0,1666063581,518636,distance_to_pickup,BATCH,hungarian,0,0,order,1
1666582217,454558,2555,94.53041838477179,1,True,True,3015,False,12777,3744,45859277,174579627,45859371,174579617,0,0,1666063582,518635,distance_to_pickup,BATCH,hungarian,0,0,order,1
1666582217,316059,161,41.677331968349414,1,True,True,161,True,12777,3744,45877682,174539771,45877661,174539807,0,0,1666063591,518626,distance_to_pickup,BATCH,hungarian,0,0,order,1
1666582217,395774,1775,61.84658438426491,1,True,True,2165,False,12777,3744,45907047,174573121,45907032,174573181,0,0,1666063594,518623,distance_to_pickup,BATCH,hungarian,0,0,order,1
1666582217,387660,664,37.57658845611187,1,True,True,1301,False,12777,3744,45898786,174565946,45898802,174565980,0,0,1666063696,518521,distance_to_pickup,BATCH,hungarian,0,0,order,1
1666582217,114049,1735,88.23831367382311,1,True,True,3055,False,12777,3744,46049566,174941858,46049621,174941789,0,0,1666063746,518471,distance_to_pickup,BATCH,hungarian,0,0,order,1
1666582217,417308,180,86.37708029332781,1,True,True,1747,False,12777,3744,45894303,174566613,45894384,174566643,0,0,1666063754,518463,distance_to_pickup,BATCH,hungarian,0,0,order,1
1666582217,481139,244,88.63972021616495,1,True,True,189,False,12777,3744,45847796,174583688,45847832,174583769,0,0,1666147809,434408,distance_to_pickup,BATCH,hungarian,0,0,order,1
1666582217,144735,1915,63.0317380372777,1,True,True,2019,False,12777,3744,45886315,174563478,45886252,174563476,0,0,1666149590,432627,distance_to_pickup,BATCH,hungarian,0,0,order,1
1666582217,344034,1892,15.811388300841896,1,True,True,1189,False,12777,3744,45912289,174526370,45912276,174526379,0,0,1666149639,432578,distance_to_pickup,BATCH,hungarian,0,0,order,1
1666582217,360646,2153,46.647615158762406,1,True,True,4186,False,12777,3744,45869364,174570875,45869404,174570899,0,0,1666149642,432575,distance_to_pickup,BATCH,hungarian,0,0,order,1
1666582217,102337,1263,64.07807737440318,1,True,True,2470,False,12777,3744,45896168,174555742,45896109,174555767,0,0,1666149699,432518,distance_to_pickup,BATCH,hungarian,0,0,order,1
1666582217,522716,210,13.341664064126334,1,True,True,3235,False,12777,3744,45885618,174541076,45885621,174541063,0,0,1666149743,432474,distance_to_pickup,BATCH,hungarian,0,0,order,1
1666582217,307985,2239,69.6419413859206,1,True,True,1631,False,12777,3744,45861509,174583077,45861574,174583052,0,0,1666149752,432465,distance_to_pickup,BATCH,hungarian,0,0,order,1
1666582217,425627,4516,70.83784299369935,1,True,True,276,False,12777,3744,45859277,174579627,45859210,174579604,0,0,1666149872,432345,distance_to_pickup,BATCH,hungarian,0,0,order,1
1666582217,302316,3157,68.11754546370561,1,True,True,3679,False,12777,3744,45867072,174602180,45867028,174602232,0,0,1666149875,432342,distance_to_pickup,BATCH,hungarian,0,0,order,1
1666582217,225098,1006,56.79788728465171,1,True,True,210,False,12777,3744,45887997,174533308,45888022,174533257,0,0,1666149880,432337,distance_to_pickup,BATCH,hungarian,0,0,order,1
1666582217,259855,1091,76.21679604916491,1,True,True,912,False,12777,3744,45863417,174583636,45863345,174583661,0,0,1666149886,432331,distance_to_pickup,BATCH,hungarian,0,0,order,1
1666582217,71043,3190,65.7875368135941,1,True,True,412,False,12777,3744,45897803,174552932,45897741,174552910,0,0,1666149887,432330,distance_to_pickup,BATCH,hungarian,0,0,order,1
1666582217,414922,2674,89.15716460273958,1,True,True,233,False,12777,3744,45871989,174587756,45872024,174587838,0,0,1666149897,432320,distance_to_pickup,BATCH,hungarian,0,0,order,1
1666582217,430927,1757,19.1049731745428,1,True,True,585,False,12777,3744,46043504,174939521,46043502,174939502,0,0,1666149955,432262,distance_to_pickup,BATCH,hungarian,0,0,order,1
1666582217,488850,2150,61.326992425847855,1,True,True,1674,False,12777,3744,45905846,174530737,45905902,174530712,0,0,1666149987,432230,distance_to_pickup,BATCH,hungarian,0,0,order,1
1666582217,355093,873,52.3450093132096,1,True,True,3679,False,12777,3744,45866326,174602374,45866362,174602336,0,0,1666149989,432228,distance_to_pickup,BATCH,hungarian,0,0,order,1
1666582217,420277,2329,35.35533905932738,1,True,True,3283,False,12777,3744,45866830,174606620,45866835,174606585,0,0,1666150022,432195,distance_to_pickup,BATCH,hungarian,0,0,order,1
1666582217,20173,573,93.03762679690406,1,True,True,793,False,12777,3744,46051327,174947882,46051287,174947798,0,0,1666150179,432038,distance_to_pickup,BATCH,hungarian,0,0,order,1
1666582217,483684,3680,13.038404810405298,1,True,True,2212,False,12777,3744,45912088,174529069,45912077,174529062,0,0,1666150179,432038,distance_to_pickup,BATCH,hungarian,0,0,order,1
1666582217,514967,463,92.76313923105448,1,True,True,2887,False,12777,3744,45856224,174575122,45856155,174575184,0,0,1666150181,432036,distance_to_pickup,BATCH,hungarian,0,0,order,1
1666582217,102663,817,6.4031242374328485,1,True,True,1825,False,12777,3744,45912607,174588126,45912603,174588121,0,0,1666235052,347165,distance_to_pickup,BATCH,hungarian,0,0,order,1
1666582217,417978,848,81.98780397107853,1,True,True,1986,False,12777,3744,45879350,174634810,45879391,174634739,0,0,1666235728,346489,distance_to_pickup,BATCH,hungarian,0,0,order,1
1666582217,49443,1423,97.52948272189288,1,True,True,844,False,12777,3744,45862354,174564276,45862440,174564322,0,0,1666235893,346324,distance_to_pickup,BATCH,hungarian,0,0,order,1
1666582217,178259,2663,17.11724276862369,1,True,True,1810,False,12777,3744,45859196,174548153,45859179,174548151,0,0,1666235928,346289,distance_to_pickup,BATCH,hungarian,0,0,order,1
1666582217,1229,1455,86.7294644281861,1,True,True,1035,False,12777,3744,45862520,174579394,45862439,174579425,0,0,1666235966,346251,distance_to_pickup,BATCH,hungarian,0,0,order,1
1666582217,491786,2077,33.421549934136806,1,True,True,2183,False,12777,3744,45856330,174579593,45856356,174579572,0,0,1666236031,346186,distance_to_pickup,BATCH,hungarian,0,0,order,1
1666582217,99563,2970,82.73451516749222,1,True,True,3852,False,12777,3744,45851335,174555897,45851298,174555971,0,0,1666236040,346177,distance_to_pickup,BATCH,hungarian,0,0,order,1
1666582217,175240,750,97.082439194738,1,True,True,1425,False,12777,3744,45874647,174648227,45874559,174648268,0,0,1666236070,346147,distance_to_pickup,BATCH,hungarian,0,0,order,1
1666582217,308380,1070,94.64142856064674,1,True,True,2509,False,12777,3744,45887304,174545246,45887398,174545257,0,0,1666236131,346086,distance_to_pickup,BATCH,hungarian,0,0,order,1
1666582217,17334,2810,74.54528824815154,1,True,True,2246,False,12777,3744,45866359,174536720,45866368,174536646,0,0,1666236210,346007,distance_to_pickup,BATCH,hungarian,0,0,order,1
1666582217,138992,989,78.587530817554,1,True,True,370,False,12777,3744,45876580,174545960,45876656,174545940,0,0,1666236215,346002,distance_to_pickup,BATCH,hungarian,0,0,order,1
1666582217,444647,741,60.41522986797286,1,True,True,2733,False,12777,3744,45857789,174567827,45857760,174567880,0,0,1666236260,345957,distance_to_pickup,BATCH,hungarian,0,0,order,1
1666582217,484019,3088,85.00588214941364,1,True,True,434,False,12777,3744,45865101,174562972,45865016,174562971,0,0,1666236267,345950,distance_to_pickup,BATCH,hungarian,0,0,order,1
1666582217,237104,2380,21.02379604162864,1,True,True,2984,False,12777,3744,45896012,174554857,45895993,174554848,0,0,1666236268,345949,distance_to_pickup,BATCH,hungarian,0,0,order,1
1666582217,23794,2827,65.06919393998976,1,True,True,906,False,12777,3744,45896168,174555742,45896103,174555739,0,0,1666236270,345947,distance_to_pickup,BATCH,hungarian,0,0,order,1
1666582217,237100,4126,28.861739379323623,1,True,True,2516,False,12777,3744,45892879,174567270,45892907,174567277,0,0,1666236272,345945,distance_to_pickup,BATCH,hungarian,0,0,order,1
1666582217,439257,1385,87.69264507357501,1,True,True,2791,False,12777,3744,45861532,174595201,45861619,174595212,0,0,1666236272,345945,distance_to_pickup,BATCH,hungarian,0,0,order,1
1666582217,460434,3060,7.0710678118654755,1,True,True,517,False,12777,3744,45902763,174586284,45902768,174586289,0,0,1666236280,345937,distance_to_pickup,BATCH,hungarian,0,0,order,1
1666582217,123738,1350,29.068883707497267,1,True,True,699,False,12777,3744,45874811,174648380,45874830,174648358,0,0,1666236308,345909,distance_to_pickup,BATCH,hungarian,0,0,order,1
1666582217,251563,1695,53.03772242470448,1,True,True,3714,False,12777,3744,46047194,174938821,46047192,174938874,0,0,1666236379,345838,distance_to_pickup,BATCH,hungarian,0,0,order,1
1666582217,65179,4416,70.76722405181653,1,True,True,1159,False,12777,3744,45886884,174562531,45886836,174562583,0,0,1666236391,345826,distance_to_pickup,BATCH,hungarian,0,0,order,1
1666582217,433934,1639,51.478150704935004,1,True,True,1345,False,12777,3744,46052333,174932853,46052380,174932874,0,0,1666236395,345822,distance_to_pickup,BATCH,hungarian,0,0,order,1
1666582217,360972,3912,89.27485648266257,1,True,True,1909,False,12777,3744,45874660,174647685,45874667,174647774,0,0,1666236395,345822,distance_to_pickup,BATCH,hungarian,0,0,order,1
1666582217,476258,2232,42.579337712087536,1,True,True,2289,False,12777,3744,45860459,174561905,45860501,174561898,0,0,1666236562,345655,distance_to_pickup,BATCH,hungarian,0,0,order,1
1666582217,277587,3729,75.61084578286372,1,True,True,1238,False,12777,3744,45876868,174545787,45876842,174545858,0,0,1666320345,261872,distance_to_pickup,BATCH,hungarian,0,0,order,1
1666582217,330778,1444,34.23448553724738,1,True,True,2031,False,12777,3744,45870386,174606490,45870390,174606524,0,0,1666321593,260624,distance_to_pickup,BATCH,hungarian,0,0,order,1
1666582217,8025,2780,70.9365914038728,1,True,True,3221,False,12777,3744,45860907,174525837,45860853,174525883,0,0,1666322268,259949,distance_to_pickup,BATCH,hungarian,0,0,order,1
1666582217,396791,3841,40.24922359499622,1,True,True,2600,False,12777,3744,45869010,174572742,45868992,174572706,0,0,1666322385,259832,distance_to_pickup,BATCH,hungarian,0,0,order,1
1666582217,289015,3156,58.69412236331676,1,True,True,3449,False,12777,3744,45907630,174567904,45907572,174567913,0,0,1666322445,259772,distance_to_pickup,BATCH,hungarian,0,0,order,1
1666582217,71832,2364,90.08884503644167,1,True,True,1541,False,12777,3744,45859254,174579529,45859250,174579439,0,0,1666322464,259753,distance_to_pickup,BATCH,hungarian,0,0,order,1
1666582217,344684,1623,54.3415126767741,1,True,True,1199,False,12777,3744,45870851,174548314,45870839,174548367,0,0,1666322540,259677,distance_to_pickup,BATCH,hungarian,0,0,order,1
1666582217,355738,724,78.74642849044012,1,True,True,2183,False,12777,3744,45879153,174595684,45879228,174595660,0,0,1666322546,259671,distance_to_pickup,BATCH,hungarian,0,0,order,1
1666582217,484321,2814,7.810249675906654,1,True,True,1704,False,12777,3744,45864108,174582488,45864113,174582494,0,0,1666322654,259563,distance_to_pickup,BATCH,hungarian,0,0,order,1
1666582217,407635,1110,78.85429601486528,1,True,True,1816,False,12777,3744,46053446,174953728,46053369,174953711,0,0,1666322672,259545,distance_to_pickup,BATCH,hungarian,0,0,order,1
1666582217,46653,2804,72.18032973047436,1,True,True,1740,False,12777,3744,45897087,174552977,45897034,174552928,0,0,1666322686,259531,distance_to_pickup,BATCH,hungarian,0,0,order,1
1666582217,407637,2169,25.0,1,True,True,3575,False,12777,3744,45879592,174635015,45879616,174635022,0,0,1666322696,259521,distance_to_pickup,BATCH,hungarian,0,0,order,1
1666582217,442247,387,94.92101980067429,1,True,True,182,False,12777,3744,45879921,174546626,45879940,174546533,0,0,1666322789,259428,distance_to_pickup,BATCH,hungarian,0,0,order,1
1666582217,410270,1704,76.10519036176179,1,True,True,4772,False,12777,3744,45864108,174582488,45864112,174582564,0,0,1666322828,259389,distance_to_pickup,BATCH,hungarian,0,0,order,1
1666582217,531228,2176,77.89736837660179,1,True,True,2428,False,12777,3744,45864320,174520310,45864262,174520362,0,0,1666322851,259366,distance_to_pickup,BATCH,hungarian,0,0,order,1
1666582217,217164,3384,86.00581375697809,1,True,True,1486,False,12777,3744,45905041,174525396,45904962,174525430,0,0,1666322971,259246,distance_to_pickup,BATCH,hungarian,0,0,order,1
1666582217,412985,576,33.1058907144937,1,True,True,1761,False,12777,3744,45870386,174606490,45870356,174606476,0,0,1666322974,259243,distance_to_pickup,BATCH,hungarian,0,0,order,1
1666582217,263754,1366,49.040799340956916,1,True,True,1492,False,12777,3744,45896133,174555014,45896086,174555028,0,0,1666407714,174503,distance_to_pickup,BATCH,hungarian,0,0,order,1
1666582217,508039,3174,83.00602387778854,1,True,True,2706,False,12777,3744,45859969,174536490,45859902,174536539,0,0,1666408542,173675,distance_to_pickup,BATCH,hungarian,0,0,order,1
1666582217,342243,196,59.033888572581766,1,True,True,1316,False,12777,3744,45879098,174596017,45879087,174596075,0,0,1666408686,173531,distance_to_pickup,BATCH,hungarian,0,0,order,1
1666582217,508040,1750,26.90724809414742,1,True,True,2750,False,12777,3744,45874643,174648159,45874623,174648141,0,0,1666408735,173482,distance_to_pickup,BATCH,hungarian,0,0,order,1
1666582217,303354,3533,99.04544411531506,1,True,True,3789,False,12777,3744,45879420,174632710,45879423,174632611,0,0,1666408785,173432,distance_to_pickup,BATCH,hungarian,0,0,order,1
1666582217,269463,1215,95.85405573057407,1,True,True,2913,False,12777,3744,45890444,174572525,45890532,174572487,0,0,1666408795,173422,distance_to_pickup,BATCH,hungarian,0,0,order,1
1666582217,11701,167,97.45255255764212,1,True,True,2913,False,12777,3744,45890444,174572525,45890520,174572586,0,0,1666408816,173401,distance_to_pickup,BATCH,hungarian,0,0,order,1
1666582217,151852,2551,83.2946576918352,1,True,True,4100,False,12777,3744,45880173,174546649,45880180,174546566,0,0,1666408871,173346,distance_to_pickup,BATCH,hungarian,0,0,order,1
1666582217,18133,3644,90.4267659490264,1,True,True,1964,False,12777,3744,45872640,174626140,45872684,174626219,0,0,1666408943,173274,distance_to_pickup,BATCH,hungarian,0,0,order,1
1666582217,322944,3868,26.92582403567252,1,True,True,3858,False,12777,3744,45861161,174563871,45861168,174563845,0,0,1666408972,173245,distance_to_pickup,BATCH,hungarian,0,0,order,1
1666582217,223294,3522,81.21576201698781,1,True,True,549,False,12777,3744,45920336,174546846,45920400,174546896,0,0,1666408973,173244,distance_to_pickup,BATCH,hungarian,0,0,order,1
1666582217,18138,3599,95.56673061269805,1,True,True,3785,False,12777,3744,45892721,174544868,45892628,174544846,0,0,1666409042,173175,distance_to_pickup,BATCH,hungarian,0,0,order,1
1666582217,394434,30,55.362442142665635,1,True,True,241,False,12777,3744,46052380,174943268,46052433,174943252,0,0,1666409071,173146,distance_to_pickup,BATCH,hungarian,0,0,order,1
1666582217,91018,1990,85.70297544426332,1,True,True,875,False,12777,3744,45865850,174581540,45865921,174581492,0,0,1666409072,173145,distance_to_pickup,BATCH,hungarian,0,0,order,1
1666582217,333921,811,83.09632964216891,1,True,True,1563,False,12777,3744,45886306,174544774,45886253,174544838,0,0,1666409084,173133,distance_to_pickup,BATCH,hungarian,0,0,order,1
1666582217,252291,2722,66.64082832618455,1,True,True,4099,False,12777,3744,45883537,174592777,45883566,174592837,0,0,1666409148,173069,distance_to_pickup,BATCH,hungarian,0,0,order,1
1666582217,43826,1820,54.74486277268398,1,True,True,2846,False,12777,3744,45863303,174559942,45863357,174559933,0,0,1666409158,173059,distance_to_pickup,BATCH,hungarian,0,0,order,1
1666582217,75347,2701,64.53681120105021,1,True,True,469,False,12777,3744,45820098,174521905,45820035,174521919,0,0,1666409185,173032,distance_to_pickup,BATCH,hungarian,0,0,order,1
1666582217,391673,2006,77.79460135510689,1,True,True,4407,False,12777,3744,45851778,174556439,45851754,174556513,0,0,1666409190,173027,distance_to_pickup,BATCH,hungarian,0,0,order,1
1666582217,328395,2819,92.57429448826494,1,True,True,2395,False,12777,3744,46048736,174947932,46048819,174947973,0,0,1666409194,173023,distance_to_pickup,BATCH,hungarian,0,0,order,1
1666582217,106342,2953,22.80350850198276,1,True,True,2030,False,12777,3744,46052380,174943268,46052374,174943246,0,0,1666409218,172999,distance_to_pickup,BATCH,hungarian,0,0,order,1
1666582217,364489,3331,32.89376840679705,1,True,True,1673,False,12777,3744,45870933,174595486,45870922,174595517,0,0,1666409274,172943,distance_to_pickup,BATCH,hungarian,0,0,order,1
1666582217,66380,1749,94.25497334358543,1,True,True,3620,False,12777,3744,45870933,174595486,45870843,174595514,0,0,1666494646,87571,distance_to_pickup,BATCH,hungarian,0,0,order,1
1666582217,25021,2914,90.52071586106685,1,True,True,1163,False,12777,3744,45910860,174539665,45910795,174539602,0,0,1666494981,87236,distance_to_pickup,BATCH,hungarian,0,0,order,1
1666582217,286951,2541,36.05551275463989,1,True,True,723,False,12777,3744,45894935,174555158,45894937,174555194,0,0,1666495072,87145,distance_to_pickup,BATCH,hungarian,0,0,order,1
1666582217,50679,1090,75.39230729988306,1,True,True,2093,False,12777,3744,45838183,174574557,45838155,174574627,0,0,1666495180,87037,distance_to_pickup,BATCH,hungarian,0,0,order,1
1666582217,205969,3216,77.05841939723393,1,True,True,3280,False,12777,3744,45870933,174595486,45870856,174595483,0,0,1666495293,86924,distance_to_pickup,BATCH,hungarian,0,0,order,1
1666582217,400260,1670,88.11923740024082,1,True,True,1539,False,12777,3744,45868629,174606647,45868542,174606661,0,0,1666495406,86811,distance_to_pickup,BATCH,hungarian,0,0,order,1
1666582217,400261,3701,89.89994438263018,1,True,True,486,False,12777,3744,45865305,174581206,45865266,174581125,0,0,1666495453,86764,distance_to_pickup,BATCH,hungarian,0,0,order,1
1666582217,127956,1715,54.74486277268398,1,True,True,1559,False,12777,3744,45897597,174552952,45897606,174552898,0,0,1666495474,86743,distance_to_pickup,BATCH,hungarian,0,0,order,1
1666582217,402927,287,27.65863337187866,1,True,True,821,False,12777,3744,45896150,174555690,45896177,174555696,0,0,1666495513,86704,distance_to_pickup,BATCH,hungarian,0,0,order,1
1666582217,47527,1331,50.35871324805669,1,True,True,2566,False,12777,3744,45894039,174584286,45894045,174584236,0,0,1666495581,86636,distance_to_pickup,BATCH,hungarian,0,0,order,1
1666582217,8899,4199,59.481089431852205,1,True,True,272,False,12777,3744,45912447,174526496,45912430,174526439,0,0,1666495589,86628,distance_to_pickup,BATCH,hungarian,0,0,order,1
1666582217,170820,3690,56.859475903318,1,True,True,858,False,12777,3744,45867017,174556827,45867049,174556874,0,0,1666576498,5719,distance_to_pickup,BATCH,hungarian,0,0,order,1
1666582217,161823,1561,94.36630754670864,1,True,True,1408,False,12777,3744,45865184,174556784,45865200,174556691,0,0,1666581440,777,distance_to_pickup,BATCH,hungarian,0,0,order,1
1666582217,247362,1994,97.0051545022222,1,True,True,1605,False,12777,3744,45861805,174582434,45861902,174582433,0,0,1666581556,661,distance_to_pickup,BATCH,hungarian,0,0,order,1
1666582217,467124,3545,65.21502894272147,1,True,True,3545,True,12777,3744,45856696,174583763,45856734,174583710,0,0,1666581557,660,distance_to_pickup,BATCH,hungarian,0,0,order,1
1666582217,73057,1890,87.80091115700337,1,True,True,1056,False,12777,3744,45866523,174578800,45866501,174578715,0,0,1666581633,584,distance_to_pickup,BATCH,hungarian,0,0,order,1
1666582217,182861,2544,77.87810988975015,1,True,True,4463,False,12777,3744,45895872,174555845,45895840,174555916,0,0,1666581716,501,distance_to_pickup,BATCH,hungarian,0,0,order,1
1666582217,218297,2403,91.7877987534291,1,True,True,4830,False,12777,3744,45884366,174581911,45884329,174581995,0,0,1666581739,478,distance_to_pickup,BATCH,hungarian,0,0,order,1
1666582217,232725,433,38.118237105091836,1,True,True,433,True,12777,3744,45884892,174635297,45884895,174635259,0,0,1666581875,342,distance_to_pickup,BATCH,hungarian,0,0,order,1
1666582217,500917,2330,83.02409288875127,1,True,True,776,False,12777,3744,45865381,174556304,45865368,174556222,0,0,1666581958,259,distance_to_pickup,BATCH,hungarian,0,0,order,1
1666582217,57368,996,50.99019513592785,1,True,True,3364,False,12777,3744,45905921,174530450,45905931,174530500,0,0,1666581979,238,distance_to_pickup,BATCH,hungarian,0,0,order,1
1666582217,38160,205,82.00609733428362,1,True,True,235,False,12777,3744,45851352,174555309,45851302,174555244,0,0,1666581986,231,distance_to_pickup,BATCH,hungarian,0,0,order,1
1666582217,406024,2230,52.61178575186362,1,True,True,2201,False,12777,3744,45871385,174543563,45871333,174543571,0,0,1666581998,219,distance_to_pickup,BATCH,hungarian,0,0,order,1
1666582217,560705,2552,47.01063709417264,1,True,True,2201,False,12777,3744,45871385,174543563,45871344,174543540,0,0,1666582178,39,distance_to_pickup,BATCH,hungarian,0,0,order,1
1666582217,116272,749,60.4648658313239,1,True,True,2496,False,12777,3744,45865332,174581152,45865382,174581186,0,0,1666581078,1139,distance_to_pickup,BATCH,hungarian,0,0,order,1
1666582217,191627,471,72.09022125087424,1,True,True,3161,False,12777,3744,45874742,174650123,45874676,174650152,0,0,1666581937,280,distance_to_pickup,BATCH,hungarian,0,0,order,1
1666582217,275915,2638,84.11896337925236,1,True,True,570,False,12777,3744,45879637,174648216,45879611,174648296,0,0,1666582080,137,distance_to_pickup,BATCH,hungarian,0,0,order,1
1666582217,498286,3383,68.81860213634101,1,True,True,3383,True,12777,3744,45873312,174545813,45873256,174545773,0,0,1666582042,175,distance_to_pickup,BATCH,hungarian,0,0,order,1
1666582217,128363,1053,13.341664064126334,1,True,True,2850,False,12777,3744,45912621,174588027,45912618,174588014,0,0,1666582177,40,distance_to_pickup,BATCH,hungarian,0,0,order,1
1666582217,400637,3391,95.0789145920377,1,True,True,3597,False,12777,3744,45870208,174606540,45870120,174606504,0,0,1666582003,214,distance_to_pickup,BATCH,hungarian,0,0,order,1
1666582217,167808,1502,54.45181356024793,1,True,True,633,False,12777,3744,45870996,174595448,45871035,174595486,0,0,1666582080,137,distance_to_pickup,BATCH,hungarian,0,0,order,1
1666582217,12564,736,93.74433316206373,1,True,True,4597,False,12777,3744,45879991,174546599,45880069,174546547,0,0,1666581500,717,distance_to_pickup,BATCH,hungarian,0,0,order,1
1666582217,164835,1124,38.01315561749642,1,True,True,2488,False,12777,3744,45880118,174547076,45880140,174547045,0,0,1666581501,716,distance_to_pickup,BATCH,hungarian,0,0,order,1
1666582217,250584,4009,12.041594578792296,1,True,False,2115,False,12777,3744,45898382,174566097,45898383,174566085,0,0,1665977075,605142,distance_to_pickup,BATCH,hungarian,0,0,order,1
1666582217,13317,99,61.85466837676846,1,True,False,423,False,12777,3744,45886610,174551440,45886661,174551475,0,0,1666063336,518881,distance_to_pickup,BATCH,hungarian,0,0,order,1
1666582217,462663,4096,70.21395872616783,1,True,False,3385,False,12777,3744,45898999,174566316,45898978,174566249,0,0,1666083922,498295,distance_to_pickup,BATCH,hungarian,0,0,order,1
1666582217,74155,3774,85.27602242131137,1,True,False,2671,False,12777,3744,45820365,174535907,45820419,174535973,0,0,1666149238,432979,distance_to_pickup,BATCH,hungarian,0,0,order,1
1666582217,210486,2335,86.68333173107735,1,True,False,2459,False,12777,3744,45914781,174588306,45914714,174588251,0,0,1666150157,432060,distance_to_pickup,BATCH,hungarian,0,0,order,1
1666582217,344385,3058,88.52683209061533,1,True,False,1350,False,12777,3744,45874660,174647685,45874681,174647771,0,0,1666236331,345886,distance_to_pickup,BATCH,hungarian,0,0,order,1
1666582217,103035,1377,56.515484603779164,1,True,False,941,False,12777,3744,45885670,174551052,45885657,174550997,0,0,1666322095,260122,distance_to_pickup,BATCH,hungarian,0,0,order,1
1666582217,361312,3427,86.28441342444185,1,True,False,576,False,12777,3744,45879316,174595424,45879402,174595417,0,0,1666322787,259430,distance_to_pickup,BATCH,hungarian,0,0,order,1
1666582217,402202,613,40.496913462633174,1,True,False,1688,False,12777,3744,45858919,174566661,45858881,174566647,0,0,1666322936,259281,distance_to_pickup,BATCH,hungarian,0,0,order,1
1666582217,18131,4877,39.20459156782532,1,True,False,1787,False,12777,3744,45834881,174574125,45834857,174574094,0,0,1666408895,173322,distance_to_pickup,BATCH,hungarian,0,0,order,1
1666582217,565402,1159,95.56673061269805,1,True,False,471,False,12777,3744,45879702,174634266,45879795,174634244,0,0,1666495249,86968,distance_to_pickup,BATCH,hungarian,0,0,order,1
1666582217,487585,1647,30.4138126514911,1,True,False,716,False,12777,3744,45879060,174634370,45879039,174634348,0,0,1666495785,86432,distance_to_pickup,BATCH,hungarian,0,0,order,1
1666582217,562925,1838,86.02325267042627,1,True,False,1208,False,12777,3744,45899103,174576680,45899017,174576682,0,0,1666495787,86430,distance_to_pickup,BATCH,hungarian,0,0,order,1
1666582217,381530,64,71.69379331573968,1,True,False,2842,False,12777,3744,45850677,174566927,45850713,174566865,0,0,1666581574,643,distance_to_pickup,BATCH,hungarian,0,0,order,1
1666582217,524387,4856,29.017236257093817,1,True,False,2132,False,12777,3744,45860664,174572467,45860635,174572466,0,0,1666581831,386,distance_to_pickup,BATCH,hungarian,0,0,order,1
1666582217,469717,2385,26.1725046566048,1,True,False,1056,False,12777,3744,45860748,174572540,45860729,174572558,0,0,1666581821,396,distance_to_pickup,BATCH,hungarian,0,0,order,1
1666582217,534930,2929,81.78630692236935,1,True,False,2849,False,12777,3744,46058276,174951885,46058259,174951965,0,0,1666582176,41,distance_to_pickup,BATCH,hungarian,0,0,order,1
