dispatch_time,order_id,baseline_assigned_courier_id,baseline_cost,baseline_courier_rank_by_cost,is_assigned_by_baseline,was_accepted,actual_assigned_courier_id,is_match_with_actual,num_orders_in_batch,num_couriers_in_pool,order_pickup_lat,order_pickup_lng,baseline_courier_lat,baseline_courier_lng,actual_courier_lat,actual_courier_lng,platform_order_time,wait_for_assignment_seconds,cost_function,mode,strategy_key,bundling_on,micro_batch_sec,unit_type,bundle_size
1665977114,522093,4694,1763.8939877441614,1,True,True,611,False,658,802,45862054,174581041,45862155,174582802,0,0,1665976830,284,distance_to_pickup,BATCH,hungarian,0,0,order,1
1665977114,64002,2980,779.1001219355571,1,True,True,1620,False,658,802,45863030,174564980,45862256,174565069,0,0,1665976843,271,distance_to_pickup,BATCH,hungarian,0,0,order,1
1665977114,85993,387,303.71368095625854,1,True,True,905,False,658,802,45880173,174546649,45879904,174546508,0,0,1665976876,238,distance_to_pickup,BATCH,hungarian,0,0,order,1
1665977114,215713,3647,130.60245020672468,1,True,True,2038,False,658,802,45859352,174579486,45859393,174579610,0,0,1665976707,407,distance_to_pickup,BATCH,hungarian,0,0,order,1
1665977114,3214,47,1218.4424483741527,1,True,True,1061,False,658,802,45886802,174544898,45885731,174544317,0,0,1665976132,982,distance_to_pickup,BATCH,hungarian,0,0,order,1
1665977114,395445,1620,2224.3965473808844,1,True,True,84,False,658,802,45867766,174566793,45866398,174565039,0,0,1665977032,82,distance_to_pickup,BATCH,hungarian,0,0,order,1
1665977114,293224,3026,1854.1418500211896,1,True,True,81,False,658,802,45905899,174526998,45906248,174528819,0,0,1665976681,433,distance_to_pickup,BATCH,hungarian,0,0,order,1
1665977114,432901,2463,2506.4726210353865,1,True,True,981,False,658,802,45867403,174569758,45865276,174568432,0,0,1665976614,500,distance_to_pickup,BATCH,hungarian,0,0,order,1
1665977114,307304,114,2410.089002505924,1,True,True,330,False,658,802,45911894,174529244,45909554,174529821,0,0,1665977085,29,distance_to_pickup,BATCH,hungarian,0,0,order,1
1665977114,134860,4347,240.3018934590404,1,True,True,407,False,658,802,45895728,174555530,45895932,174555657,0,0,1665976889,225,distance_to_pickup,BATCH,hungarian,0,0,order,1
1665977114,329449,535,1454.4706941014658,1,True,True,3474,False,658,802,45830427,174573700,45831881,174573737,0,0,1665976896,218,distance_to_pickup,BATCH,hungarian,0,0,order,1
1665977114,147009,3774,1245.4834402753013,1,True,True,1700,False,658,802,45820232,174523174,45819805,174522004,0,0,1665977049,65,distance_to_pickup,BATCH,hungarian,0,0,order,1
1665977114,250552,2636,9923.467992592106,1,True,True,4891,False,658,802,45882550,174555124,45873301,174558720,0,0,1665975963,1151,distance_to_pickup,BATCH,hungarian,0,0,order,1
1665977114,25815,249,480.227029643272,1,True,True,4019,False,658,802,45897008,174553031,45897481,174552948,0,0,1665976161,953,distance_to_pickup,BATCH,hungarian,0,0,order,1
1665977114,558419,4775,5939.846799371176,1,True,True,168,False,658,802,45894980,174554750,45889496,174557032,0,0,1665976783,331,distance_to_pickup,BATCH,hungarian,0,0,order,1
1665977114,365592,4154,3492.6701819668,1,True,True,2054,False,658,802,45853197,174599400,45851016,174596672,0,0,1665976916,198,distance_to_pickup,BATCH,hungarian,0,0,order,1
1665977114,3218,1744,2922.0412385864784,1,True,True,2054,False,658,802,45852942,174591757,45850652,174589942,0,0,1665977017,97,distance_to_pickup,BATCH,hungarian,0,0,order,1
1665977114,183218,3237,2911.934065187603,1,True,True,1703,False,658,802,45853197,174599400,45853765,174596544,0,0,1665976966,148,distance_to_pickup,BATCH,hungarian,0,0,order,1
1665977114,230204,2184,3145.7789178516664,1,True,True,857,False,658,802,45851787,174617479,45849313,174619422,0,0,1665976961,153,distance_to_pickup,BATCH,hungarian,0,0,order,1
1665977114,110597,1385,1241.8264774113975,1,True,True,1703,False,658,802,45855591,174605363,45854413,174604970,0,0,1665976868,246,distance_to_pickup,BATCH,hungarian,0,0,order,1
1665977114,128718,93,63.97655820689325,1,True,True,3233,False,658,802,45895612,174555734,45895639,174555792,0,0,1665976877,237,distance_to_pickup,BATCH,hungarian,0,0,order,1
1665977114,304465,3342,440.1136216933077,1,True,True,1941,False,658,802,45821950,174527737,45822222,174528083,0,0,1665977097,17,distance_to_pickup,BATCH,hungarian,0,0,order,1
1665977114,206680,2100,1557.5573825705428,1,True,True,3750,False,658,802,45856330,174579593,45856611,174578061,0,0,1665976736,378,distance_to_pickup,BATCH,hungarian,0,0,order,1
1665977114,540428,922,212.22865028077618,1,True,True,596,False,658,802,45863303,174559942,45863374,174560142,0,0,1665976852,262,distance_to_pickup,BATCH,hungarian,0,0,order,1
1665977114,6485,2903,67.89698078707183,1,True,True,875,False,658,802,45860664,174572467,45860597,174572478,0,0,1665976986,128,distance_to_pickup,BATCH,hungarian,0,0,order,1
1665977114,177189,877,1354.1344098722254,1,True,True,2065,False,658,802,45861700,174583580,45862572,174584616,0,0,1665976952,162,distance_to_pickup,BATCH,hungarian,0,0,order,1
1665977114,98378,1866,2073.9944551517005,1,True,True,1688,False,658,802,45863303,174559942,45861546,174558840,0,0,1665976780,334,distance_to_pickup,BATCH,hungarian,0,0,order,1
1665977114,296029,1231,1953.6924015821937,1,True,True,1610,False,658,802,45867462,174566858,45865879,174565713,0,0,1665976748,366,distance_to_pickup,BATCH,hungarian,0,0,order,1
1665977114,73398,2862,224.66419385384935,1,True,True,227,False,658,802,45863946,174582310,45864061,174582503,0,0,1665976820,294,distance_to_pickup,BATCH,hungarian,0,0,order,1
1665977114,406339,1884,309.00647242412253,1,True,True,218,False,658,802,45867880,174573167,45867958,174573466,0,0,1665976684,430,distance_to_pickup,BATCH,hungarian,0,0,order,1
1665977114,387333,2411,551.7435998722596,1,True,True,1259,False,658,802,45858283,174576801,45857813,174577090,0,0,1665976852,262,distance_to_pickup,BATCH,hungarian,0,0,order,1
1665977114,318433,58,268.57587382339466,1,True,True,330,False,658,802,45911894,174529244,45912071,174529446,0,0,1665976933,181,distance_to_pickup,BATCH,hungarian,0,0,order,1
1665977114,25840,1664,200.39211561336438,1,True,True,2793,False,658,802,45886610,174551440,45886461,174551574,0,0,1665977069,45,distance_to_pickup,BATCH,hungarian,0,0,order,1
1665977114,334972,3748,4031.5015812969737,1,True,True,391,False,658,802,45896259,174552883,45895305,174548966,0,0,1665976865,249,distance_to_pickup,BATCH,hungarian,0,0,order,1
1665977114,483066,1198,1936.9793493994716,1,True,True,2836,False,658,802,45898392,174553042,45898807,174551150,0,0,1665976746,368,distance_to_pickup,BATCH,hungarian,0,0,order,1
1665977114,273389,1457,6112.378260546381,1,True,True,925,False,658,802,45895620,174555818,45895688,174561930,0,0,1665976805,309,distance_to_pickup,BATCH,hungarian,0,0,order,1
1665977114,159039,2374,647.6858806551213,1,True,True,4393,False,658,802,45896190,174554821,45896121,174555465,0,0,1665976900,214,distance_to_pickup,BATCH,hungarian,0,0,order,1
1665977114,532606,2342,454.58772530722825,1,True,True,875,False,658,802,45859810,174579420,45860227,174579601,0,0,1665977105,9,distance_to_pickup,BATCH,hungarian,0,0,order,1
1665977114,51479,1175,68.8839603971781,1,True,True,3283,False,658,802,45860164,174572482,45860103,174572514,0,0,1665976910,204,distance_to_pickup,BATCH,hungarian,0,0,order,1
1665977114,287655,4753,8169.451633983765,1,True,True,230,False,658,802,45877759,174578692,45872735,174585134,0,0,1665976916,198,distance_to_pickup,BATCH,hungarian,0,0,order,1
1665977114,373801,171,3332.417890961456,1,True,True,83,False,658,802,45870564,174546942,45868364,174549445,0,0,1665976998,116,distance_to_pickup,BATCH,hungarian,0,0,order,1
1665977114,116621,920,3075.8902776269506,1,True,True,2032,False,658,802,45855637,174569692,45858712,174569618,0,0,1665976536,578,distance_to_pickup,BATCH,hungarian,0,0,order,1
1665977114,12973,4311,361.4484748895754,1,True,True,3718,False,658,802,45862946,174583985,45863243,174584191,0,0,1665976875,239,distance_to_pickup,BATCH,hungarian,0,0,order,1
1665977114,89,1273,5964.493775669483,1,True,True,83,False,658,802,45870564,174546942,45867889,174552273,0,0,1665976227,887,distance_to_pickup,BATCH,hungarian,0,0,order,1
1665977114,22582,94,1550.4944372683185,1,True,True,1543,False,658,802,45877890,174578340,45876678,174579307,0,0,1665976785,329,distance_to_pickup,BATCH,hungarian,0,0,order,1
1665977114,480559,1414,189.274932307477,1,True,True,538,False,658,802,45879921,174546626,45879749,174546547,0,0,1665976504,610,distance_to_pickup,BATCH,hungarian,0,0,order,1
1665977114,88,1894,2317.5711423816097,1,True,True,1620,False,658,802,45863030,174564980,45862150,174567124,0,0,1665976740,374,distance_to_pickup,BATCH,hungarian,0,0,order,1
1665977114,162151,726,1724.1244154642668,1,True,True,1105,False,658,802,45892908,174566908,45891210,174566609,0,0,1665976864,250,distance_to_pickup,BATCH,hungarian,0,0,order,1
1665977114,357227,1632,10449.35404702128,1,True,True,3840,False,658,802,45892888,174567981,45890646,174578187,0,0,1665976302,812,distance_to_pickup,BATCH,hungarian,0,0,order,1
1665977114,392759,2835,69.57010852370435,1,True,True,2742,False,658,802,45886884,174562531,45886862,174562597,0,0,1665977075,39,distance_to_pickup,BATCH,hungarian,0,0,order,1
1665977114,267686,513,2464.5360618177206,1,True,True,130,False,658,802,45848681,174583880,45846218,174583967,0,0,1665976905,209,distance_to_pickup,BATCH,hungarian,0,0,order,1
1665977114,253371,2738,576.0555528766301,1,True,True,1941,False,658,802,45820104,174523236,45819536,174523140,0,0,1665977013,101,distance_to_pickup,BATCH,hungarian,0,0,order,1
1665977114,165207,2723,1732.769459564659,1,True,True,1941,False,658,802,45819784,174525705,45820045,174527418,0,0,1665977076,38,distance_to_pickup,BATCH,hungarian,0,0,order,1
1665977114,376533,368,1030.73808506332,1,True,True,2208,False,658,802,45832424,174540670,45833454,174540709,0,0,1665976542,572,distance_to_pickup,BATCH,hungarian,0,0,order,1
1665977114,550663,4258,2562.1485124793217,1,True,True,4130,False,658,802,45896047,174554578,45895460,174552084,0,0,1665976875,239,distance_to_pickup,BATCH,hungarian,0,0,order,1
1665977114,110606,2518,53.33854141237835,1,True,True,1102,False,658,802,45892958,174566355,45892952,174566408,0,0,1665977085,29,distance_to_pickup,BATCH,hungarian,0,0,order,1
1665977114,480562,4294,7213.983157729162,1,True,True,1266,False,658,802,45885886,174563236,45880258,174567749,0,0,1665977074,40,distance_to_pickup,BATCH,hungarian,0,0,order,1
1665977114,174195,236,1324.3715490752586,1,True,True,369,False,658,802,45902806,174555734,45901940,174556736,0,0,1665977079,35,distance_to_pickup,BATCH,hungarian,0,0,order,1
1665977114,177190,1694,12223.392082396767,1,True,True,2696,False,658,802,45902806,174555734,45909089,174545249,0,0,1665976949,165,distance_to_pickup,BATCH,hungarian,0,0,order,1
1665977114,168121,309,25.317977802344327,1,True,True,1105,False,658,802,45892908,174566908,45892883,174566912,0,0,1665976638,476,distance_to_pickup,BATCH,hungarian,0,0,order,1
1665977114,140945,4696,3725.5808943035986,1,True,True,2742,False,658,802,45886884,174562531,45890427,174563683,0,0,1665976893,221,distance_to_pickup,BATCH,hungarian,0,0,order,1
1665977114,537895,2018,5118.364777934453,1,True,True,1754,False,658,802,45894980,174554750,45890343,174556917,0,0,1665976726,388,distance_to_pickup,BATCH,hungarian,0,0,order,1
1665977114,384548,3001,5597.58028079991,1,True,True,723,False,658,802,45884568,174549661,45879892,174546584,0,0,1665976967,147,distance_to_pickup,BATCH,hungarian,0,0,order,1
1665977114,165208,2728,6546.274436654791,1,True,True,4378,False,658,802,45887243,174550790,45882078,174546768,0,0,1665976889,225,distance_to_pickup,BATCH,hungarian,0,0,order,1
1665977114,472659,4002,130.11533345459327,1,True,True,868,False,658,802,45898786,174565946,45898803,174566075,0,0,1665976836,278,distance_to_pickup,BATCH,hungarian,0,0,order,1
1665977114,477934,634,6714.877288528808,1,True,True,2921,False,658,802,45919951,174516559,45919027,174523210,0,0,1665977104,10,distance_to_pickup,BATCH,hungarian,0,0,order,1
1665977114,403629,1204,5246.3447275222015,1,True,True,1071,False,658,802,45920072,174552641,45921290,174547538,0,0,1665976932,182,distance_to_pickup,BATCH,hungarian,0,0,order,1
1665977114,435627,1235,6281.024916365162,1,True,True,1720,False,658,802,45900860,174579410,45904917,174584205,0,0,1665977084,30,distance_to_pickup,BATCH,hungarian,0,0,order,1
1665977114,440996,2459,781.3609921156801,1,True,True,1119,False,658,802,45901193,174587577,45901086,174588351,0,0,1665977093,21,distance_to_pickup,BATCH,hungarian,0,0,order,1
1665977114,159019,144,664.8308055437865,1,True,True,2573,False,658,802,45912464,174588132,45913124,174588052,0,0,1665976939,175,distance_to_pickup,BATCH,hungarian,0,0,order,1
1665977114,422236,473,3237.3237403756825,1,True,True,1731,False,658,802,45902274,174589909,45905090,174588312,0,0,1665977064,50,distance_to_pickup,BATCH,hungarian,0,0,order,1
1665977114,390033,2178,7931.721124699229,1,True,True,1368,False,658,802,45897332,174552722,45898018,174544820,0,0,1665976741,373,distance_to_pickup,BATCH,hungarian,0,0,order,1
1665977114,334973,3114,8722.887423324917,1,True,True,915,False,658,802,45889647,174545036,45892660,174536850,0,0,1665976961,153,distance_to_pickup,BATCH,hungarian,0,0,order,1
1665977114,449043,1724,3702.298340220572,1,True,True,26,False,658,802,45895743,174547743,45895941,174544046,0,0,1665977051,63,distance_to_pickup,BATCH,hungarian,0,0,order,1
1665977114,153048,583,4608.5817775103005,1,True,True,3426,False,658,802,45885909,174536379,45888258,174532414,0,0,1665976936,178,distance_to_pickup,BATCH,hungarian,0,0,order,1
1665977114,89106,3211,3160.8587440757296,1,True,True,1362,False,658,802,45885970,174526360,45883752,174524108,0,0,1665976203,911,distance_to_pickup,BATCH,hungarian,0,0,order,1
1665977114,174193,3720,3679.0543621968945,1,True,True,268,False,658,802,45907759,174546285,45909734,174543181,0,0,1665976741,373,distance_to_pickup,BATCH,hungarian,0,0,order,1
1665977114,456864,3909,4550.013626353222,1,True,True,369,False,658,802,45902806,174555734,45907274,174556594,0,0,1665976823,291,distance_to_pickup,BATCH,hungarian,0,0,order,1
1665977114,454280,158,3444.2139887062767,1,True,True,268,False,658,802,45907759,174546285,45909628,174543392,0,0,1665977052,62,distance_to_pickup,BATCH,hungarian,0,0,order,1
1665977114,89135,454,521.7853964993654,1,True,True,3150,False,658,802,45912289,174526370,45912451,174526866,0,0,1665977013,101,distance_to_pickup,BATCH,hungarian,0,0,order,1
1665977114,177195,101,86.83317338436964,1,True,True,1831,False,658,802,45875792,174574232,45875750,174574308,0,0,1665976816,298,distance_to_pickup,BATCH,hungarian,0,0,order,1
1665977114,313018,4325,2162.4823698703303,1,True,True,2065,False,658,802,45861700,174583580,45863247,174585091,0,0,1665976868,246,distance_to_pickup,BATCH,hungarian,0,0,order,1
1665977114,279195,400,5931.088011486594,1,True,True,425,False,658,802,45887481,174555696,45882435,174558813,0,0,1665976983,131,distance_to_pickup,BATCH,hungarian,0,0,order,1
1665977114,156047,2080,4873.103733761472,1,True,True,2742,False,658,802,45885886,174563236,45882304,174566540,0,0,1665976658,456,distance_to_pickup,BATCH,hungarian,0,0,order,1
1665977114,215710,941,4230.011820314454,1,True,True,4275,False,658,802,45892850,174552390,45894784,174548628,0,0,1665976991,123,distance_to_pickup,BATCH,hungarian,0,0,order,1
1665977114,174196,412,136.06616037795732,1,True,True,407,False,658,802,45897008,174553031,45897025,174552896,0,0,1665977066,48,distance_to_pickup,BATCH,hungarian,0,0,order,1
1665977114,282034,741,19185.023455810526,1,True,True,3185,False,658,802,45885886,174563236,45866701,174563206,0,0,1665977059,55,distance_to_pickup,BATCH,hungarian,0,0,order,1
1665977114,451738,3980,11287.51894793537,1,True,True,565,False,658,802,45898300,174553788,45906080,174545610,0,0,1665976876,238,distance_to_pickup,BATCH,hungarian,0,0,order,1
1665977114,16099,2311,184.58873205046942,1,True,True,2773,False,658,802,45896150,174555690,45896017,174555818,0,0,1665976831,283,distance_to_pickup,BATCH,hungarian,0,0,order,1
1665977114,236055,2743,743.7882763259986,1,True,True,749,False,658,802,45892850,174552390,45892736,174553125,0,0,1665976527,587,distance_to_pickup,BATCH,hungarian,0,0,order,1
1665977114,472664,469,2197.7700061653404,1,True,True,1700,False,658,802,45819784,174525705,45819991,174527893,0,0,1665976833,281,distance_to_pickup,BATCH,hungarian,0,0,order,1
1665977114,247693,3360,438.7710108929258,1,True,True,4843,False,658,802,45894980,174554750,45894954,174555188,0,0,1665976693,421,distance_to_pickup,BATCH,hungarian,0,0,order,1
1665977114,293214,1076,1202.2383291178169,1,True,True,611,False,658,802,45862520,174576340,45861564,174577069,0,0,1665976750,364,distance_to_pickup,BATCH,hungarian,0,0,order,1
1665977114,542950,723,5236.142186763075,1,True,True,3483,False,658,802,45884568,174549661,45880244,174546708,0,0,1665976841,273,distance_to_pickup,BATCH,hungarian,0,0,order,1
1665977114,230205,1126,14981.57925587286,1,True,True,425,False,658,802,45887481,174555696,45872987,174559487,0,0,1665976869,245,distance_to_pickup,BATCH,hungarian,0,0,order,1
1665977114,376539,1880,5181.971150054775,1,True,True,2270,False,658,802,45919660,174549308,45921372,174544417,0,0,1665976187,927,distance_to_pickup,BATCH,hungarian,0,0,order,1
1665977114,125700,3872,750.483177692878,1,True,True,1579,False,658,802,45860307,174548890,45860575,174548189,0,0,1665976890,224,distance_to_pickup,BATCH,hungarian,0,0,order,1
1665977114,236060,2799,4221.469530862446,1,True,True,3107,False,658,802,45841850,174559905,45845972,174558994,0,0,1665977015,99,distance_to_pickup,BATCH,hungarian,0,0,order,1
1665977114,524710,3984,3350.6126305498224,1,True,True,1725,False,658,802,45838570,174574635,45835239,174574273,0,0,1665976733,381,distance_to_pickup,BATCH,hungarian,0,0,order,1
1665977114,186096,1179,1190.1701559020878,1,True,True,4573,False,658,802,45850931,174497166,45852040,174497598,0,0,1665976961,153,distance_to_pickup,BATCH,hungarian,0,0,order,1
1665977114,194870,4731,2633.3098944104545,1,True,True,2176,False,658,802,45853252,174530042,45855037,174528106,0,0,1665976779,335,distance_to_pickup,BATCH,hungarian,0,0,order,1
1665977114,293213,680,5035.951747187417,1,True,True,844,False,658,802,45860907,174525837,45856290,174527848,0,0,1665976736,378,distance_to_pickup,BATCH,hungarian,0,0,order,1
1665977114,3219,2243,1651.8020462513055,1,True,True,2055,False,658,802,45887481,174555696,45885896,174556161,0,0,1665976875,239,distance_to_pickup,BATCH,hungarian,0,0,order,1
1665977114,348811,1693,8941.139804297884,1,True,True,3185,False,658,802,45887481,174555696,45878716,174557462,0,0,1665977060,54,distance_to_pickup,BATCH,hungarian,0,0,order,1
1665977114,379180,4095,14334.939762691714,1,True,True,1693,False,658,802,45885675,174551319,45873328,174558602,0,0,1665976744,370,distance_to_pickup,BATCH,hungarian,0,0,order,1
1665977114,19402,4130,75.8023746329889,1,True,True,1587,False,658,802,45897008,174553031,45897019,174552956,0,0,1665977005,109,distance_to_pickup,BATCH,hungarian,0,0,order,1
1665977114,424980,1970,769.605093538238,1,True,True,1016,False,658,802,45887243,174550790,45886779,174551404,0,0,1665976878,236,distance_to_pickup,BATCH,hungarian,0,0,order,1
1665977114,200772,1568,2235.58068519121,1,True,True,3801,False,658,802,45860803,174537004,45859253,174538615,0,0,1665977087,27,distance_to_pickup,BATCH,hungarian,0,0,order,1
1665977114,490851,1920,1656.8056615065027,1,True,True,1920,True,658,802,45894297,174589367,45892655,174589146,0,0,1665977022,92,distance_to_pickup,BATCH,hungarian,0,0,order,1
1665977114,490826,240,12192.08288193613,1,True,True,2303,False,658,802,45856607,174536801,45844449,174537712,0,0,1665975913,1201,distance_to_pickup,BATCH,hungarian,0,0,order,1
1665977114,224392,2884,3457.470896479101,1,True,True,675,False,658,802,45862134,174526400,45865390,174525237,0,0,1665976604,510,distance_to_pickup,BATCH,hungarian,0,0,order,1
1665977114,168124,4279,985.7920673245449,1,True,True,4342,False,658,802,45868335,174545710,45867530,174545141,0,0,1665976754,360,distance_to_pickup,BATCH,hungarian,0,0,order,1
1665977114,150000,3307,5039.595420269369,1,True,True,2297,False,658,802,45864617,174511544,45860388,174514285,0,0,1665977044,70,distance_to_pickup,BATCH,hungarian,0,0,order,1
1665977114,57727,2685,2189.7810392822385,1,True,True,50,False,658,802,45865154,174557054,45865408,174559229,0,0,1665976761,353,distance_to_pickup,BATCH,hungarian,0,0,order,1
1665977114,337718,3330,1963.7377625334805,1,True,True,88,False,658,802,45866450,174536750,45868271,174537485,0,0,1665976782,332,distance_to_pickup,BATCH,hungarian,0,0,order,1
1665977114,174199,4218,1677.528241192976,1,True,True,747,False,658,802,45874074,174536705,45873800,174538360,0,0,1665976926,188,distance_to_pickup,BATCH,hungarian,0,0,order,1
1665977114,16100,3747,1328.4968949907259,1,True,True,1567,False,658,802,45876251,174545467,45877481,174544965,0,0,1665977070,44,distance_to_pickup,BATCH,hungarian,0,0,order,1
1665977114,32119,4651,1610.4164057783316,1,True,True,604,False,658,802,45873329,174545627,45874869,174545156,0,0,1665977098,16,distance_to_pickup,BATCH,hungarian,0,0,order,1
1665977114,95405,1418,10173.946382795617,1,True,True,266,False,658,802,45877890,174578340,45878089,174588512,0,0,1665976825,289,distance_to_pickup,BATCH,hungarian,0,0,order,1
1665977114,524706,4308,1799.0133406953935,1,True,True,4170,False,658,802,45912080,174529170,45912537,174527430,0,0,1665976770,344,distance_to_pickup,BATCH,hungarian,0,0,order,1
1665977114,256232,207,138.13037319865606,1,True,True,1543,False,658,802,45878123,174577620,45878045,174577506,0,0,1665976869,245,distance_to_pickup,BATCH,hungarian,0,0,order,1
1665977114,144001,1220,1017.0452300659986,1,True,True,2740,False,658,802,45866351,174556191,45867196,174556757,0,0,1665976988,126,distance_to_pickup,BATCH,hungarian,0,0,order,1
1665977114,315752,4003,871.9231617522269,1,True,True,2037,False,658,802,45876860,174545700,45877539,174545153,0,0,1665976915,199,distance_to_pickup,BATCH,hungarian,0,0,order,1
1665977114,561034,1274,1742.4729553137977,1,True,True,1622,False,658,802,45872960,174545650,45873636,174544044,0,0,1665977028,86,distance_to_pickup,BATCH,hungarian,0,0,order,1
1665977114,503897,2861,3554.562279662575,1,True,True,604,False,658,802,45872518,174545918,45873726,174549261,0,0,1665976895,219,distance_to_pickup,BATCH,hungarian,0,0,order,1
1665977114,107542,2931,801.1753865415487,1,True,True,434,False,658,802,45880110,174548040,45879311,174547981,0,0,1665976913,201,distance_to_pickup,BATCH,hungarian,0,0,order,1
1665977114,101606,4175,1290.25966378865,1,True,True,3573,False,658,802,45876580,174545960,45877577,174545141,0,0,1665976900,214,distance_to_pickup,BATCH,hungarian,0,0,order,1
1665977114,509050,1708,724.1167033013394,1,True,True,434,False,658,802,45880110,174548040,45880097,174547316,0,0,1665976961,153,distance_to_pickup,BATCH,hungarian,0,0,order,1
1665977114,529982,835,577.0684534784414,1,True,True,2002,False,658,802,45920114,174542742,45919642,174542410,0,0,1665977081,33,distance_to_pickup,BATCH,hungarian,0,0,order,1
1665977114,206677,1771,5375.752412453535,1,True,True,3524,False,658,802,45927565,174521517,45923150,174524584,0,0,1665976974,140,distance_to_pickup,BATCH,hungarian,0,0,order,1
1665977114,104582,2134,229.53866776645717,1,True,True,2034,False,658,802,45874701,174571605,45874489,174571517,0,0,1665976613,501,distance_to_pickup,BATCH,hungarian,0,0,order,1
1665977114,191940,2887,1342.490968312264,1,True,True,2065,False,658,802,45864785,174580827,45863634,174580136,0,0,1665976797,317,distance_to_pickup,BATCH,hungarian,0,0,order,1
1665977114,79833,3874,2370.6338814755854,1,True,True,1126,False,658,802,45866523,174578800,45864355,174577841,0,0,1665976401,713,distance_to_pickup,BATCH,hungarian,0,0,order,1
1665977114,524698,4155,2443.108061465968,1,True,True,2038,False,658,802,45856856,174575762,45858572,174574023,0,0,1665976290,824,distance_to_pickup,BATCH,hungarian,0,0,order,1
1665977114,206672,1810,4961.3229082574335,1,True,True,981,False,658,802,45869364,174570875,45864738,174569082,0,0,1665976805,309,distance_to_pickup,BATCH,hungarian,0,0,order,1
1665977114,310174,695,2813.60587147525,1,True,True,2779,False,658,802,45875922,174572196,45873269,174571259,0,0,1665976813,301,distance_to_pickup,BATCH,hungarian,0,0,order,1
1665977114,244726,4429,921.39133922563,1,True,True,4036,False,658,802,45859959,174581509,45860768,174581950,0,0,1665976277,837,distance_to_pickup,BATCH,hungarian,0,0,order,1
1665977114,153051,1276,2023.7186069214267,1,True,True,101,False,658,802,45877890,174578340,45878584,174580241,0,0,1665976467,647,distance_to_pickup,BATCH,hungarian,0,0,order,1
1665977114,177186,4539,4845.0372547587285,1,True,True,3951,False,658,802,45865723,174573423,45860954,174572568,0,0,1665976732,382,distance_to_pickup,BATCH,hungarian,0,0,order,1
1665977114,143995,2441,279.1003403795846,1,True,True,1625,False,658,802,45862946,174583985,45863182,174584134,0,0,1665976856,258,distance_to_pickup,BATCH,hungarian,0,0,order,1
1665977114,48305,2113,9739.107402631927,1,True,True,101,False,658,802,45877890,174578340,45878467,174588062,0,0,1665977087,27,distance_to_pickup,BATCH,hungarian,0,0,order,1
1665977114,12967,418,2251.9347237431193,1,True,True,100,False,658,802,45865368,174580855,45865219,174583102,0,0,1665977068,46,distance_to_pickup,BATCH,hungarian,0,0,order,1
1665977114,45053,2761,5961.344311478746,1,True,True,976,False,658,802,45927565,174521517,45928516,174527402,0,0,1665976957,157,distance_to_pickup,BATCH,hungarian,0,0,order,1
1665977114,224394,2428,1073.8836063559215,1,True,True,4079,False,658,802,45897720,174529815,45898375,174528964,0,0,1665976774,340,distance_to_pickup,BATCH,hungarian,0,0,order,1
1665977114,177183,3823,2760.8000651984926,1,True,True,281,False,658,802,45896370,174524880,45899046,174525559,0,0,1665976577,537,distance_to_pickup,BATCH,hungarian,0,0,order,1
1665977114,38504,2852,9328.308796346742,1,True,True,3823,False,658,802,45896370,174524880,45904217,174519836,0,0,1665976849,265,distance_to_pickup,BATCH,hungarian,0,0,order,1
1665977114,427557,4172,4983.798751956182,1,True,True,3570,False,658,802,45893272,174535152,45898227,174535687,0,0,1665977056,58,distance_to_pickup,BATCH,hungarian,0,0,order,1
1665977114,456862,4087,1188.5272399065998,1,True,True,1693,False,658,802,45885356,174542714,45884862,174541633,0,0,1665977025,89,distance_to_pickup,BATCH,hungarian,0,0,order,1
1665977114,101,2067,1013.8500875376004,1,True,True,100,False,658,802,45865368,174580855,45865604,174581841,0,0,1665976303,811,distance_to_pickup,BATCH,hungarian,0,0,order,1
1665977114,35370,4556,7121.615898095039,1,True,True,666,False,658,802,45889630,174546285,45882652,174544862,0,0,1665976979,135,distance_to_pickup,BATCH,hungarian,0,0,order,1
1665977114,203738,1424,6888.561896361242,1,True,True,2126,False,658,802,45890990,174546350,45896713,174542516,0,0,1665976856,258,distance_to_pickup,BATCH,hungarian,0,0,order,1
1665977114,162147,1965,3302.527819716285,1,True,True,762,False,658,802,45895346,174532388,45896729,174529389,0,0,1665976851,263,distance_to_pickup,BATCH,hungarian,0,0,order,1
1665977114,365591,2056,6070.8823905590525,1,True,True,762,False,658,802,45895346,174532388,45900333,174528926,0,0,1665976659,455,distance_to_pickup,BATCH,hungarian,0,0,order,1
1665977114,270511,3425,717.9310551856634,1,True,True,1582,False,658,802,45866836,174581477,45866388,174580916,0,0,1665976931,183,distance_to_pickup,BATCH,hungarian,0,0,order,1
1665977114,89127,572,510.7680491181883,1,True,True,3536,False,658,802,45858466,174584141,45857988,174584321,0,0,1665976915,199,distance_to_pickup,BATCH,hungarian,0,0,order,1
1665977114,561021,2399,3189.668634827135,1,True,True,3380,False,658,802,45885010,174520190,45886491,174517365,0,0,1665976130,984,distance_to_pickup,BATCH,hungarian,0,0,order,1
1665977114,38512,3572,4591.526979121434,1,True,True,3103,False,658,802,45877759,174578692,45875945,174582910,0,0,1665977019,95,distance_to_pickup,BATCH,hungarian,0,0,order,1
1665977114,82941,1515,351.7627041060493,1,True,True,2403,False,658,802,45867880,174573167,45868229,174573211,0,0,1665976677,437,distance_to_pickup,BATCH,hungarian,0,0,order,1
1665977114,146967,3423,766.5070123619222,1,True,True,1562,False,658,802,45851335,174555897,45851252,174556659,0,0,1665972686,4428,distance_to_pickup,BATCH,hungarian,0,0,order,1
1665977114,247687,2460,1861.5934035121634,1,True,True,2063,False,658,802,45867462,174566858,45865945,174565779,0,0,1665976809,305,distance_to_pickup,BATCH,hungarian,0,0,order,1
1665977114,48301,372,35.0,1,True,True,538,False,658,802,45879921,174546626,45879900,174546598,0,0,1665976904,210,distance_to_pickup,BATCH,hungarian,0,0,order,1
1665977114,509048,3881,1007.0491547089447,1,True,True,972,False,658,802,45867851,174574247,45868643,174573625,0,0,1665976821,293,distance_to_pickup,BATCH,hungarian,0,0,order,1
1665977114,90,553,117.5967686630887,1,True,True,84,False,658,802,45867766,174566793,45867668,174566858,0,0,1665976772,342,distance_to_pickup,BATCH,hungarian,0,0,order,1
1665977114,28939,1922,2666.6145203234755,1,True,True,2032,False,658,802,45855637,174569692,45857765,174568085,0,0,1665976930,184,distance_to_pickup,BATCH,hungarian,0,0,order,1
1665977114,456856,2663,9314.35580166444,1,True,True,90,False,658,802,45873748,174550525,45868766,174558395,0,0,1665976800,314,distance_to_pickup,BATCH,hungarian,0,0,order,1
1665977114,212731,1976,1651.588629168898,1,True,True,227,False,658,802,45861844,174579248,45860251,174579684,0,0,1665976720,394,distance_to_pickup,BATCH,hungarian,0,0,order,1
1665977114,73399,3428,3369.0094983540785,1,True,True,119,False,658,802,45873329,174545627,45876561,174544676,0,0,1665976067,1047,distance_to_pickup,BATCH,hungarian,0,0,order,1
1665977114,191944,865,637.8855696753141,1,True,True,428,False,658,802,45854334,174566846,45854197,174567469,0,0,1665976804,310,distance_to_pickup,BATCH,hungarian,0,0,order,1
1665977114,408973,3852,313.765836253726,1,True,True,1283,False,658,802,45850935,174552690,45851200,174552858,0,0,1665976971,143,distance_to_pickup,BATCH,hungarian,0,0,order,1
1665977114,89121,871,602.4699162613848,1,True,True,1017,False,658,802,45869057,174574903,45868796,174574360,0,0,1665976889,225,distance_to_pickup,BATCH,hungarian,0,0,order,1
1665977114,206676,4504,2693.2369000888134,1,True,True,3223,False,658,802,45892888,174524550,45890447,174525688,0,0,1665976911,203,distance_to_pickup,BATCH,hungarian,0,0,order,1
1665977114,307299,3933,185.27007313648906,1,True,True,3053,False,658,802,45846823,174586799,45846669,174586902,0,0,1665976763,351,distance_to_pickup,BATCH,hungarian,0,0,order,1
1665977114,545548,1690,974.6240300751875,1,True,True,1362,False,658,802,45889549,174535543,45888845,174536217,0,0,1665976910,204,distance_to_pickup,BATCH,hungarian,0,0,order,1
1665977114,79837,891,3995.529752110476,1,True,True,691,False,658,802,45874164,174536556,45877707,174534709,0,0,1665977006,108,distance_to_pickup,BATCH,hungarian,0,0,order,1
1665977114,279196,1546,465.2418725781247,1,True,True,3718,False,658,802,45864785,174580827,45864422,174580536,0,0,1665976547,567,distance_to_pickup,BATCH,hungarian,0,0,order,1
1665977114,153049,4899,5852.580371084194,1,True,True,691,False,658,802,45874164,174536556,45868868,174534065,0,0,1665976210,904,distance_to_pickup,BATCH,hungarian,0,0,order,1
1665977114,48304,227,688.448981406756,1,True,True,1704,False,658,802,45863396,174583501,45863295,174584182,0,0,1665977042,72,distance_to_pickup,BATCH,hungarian,0,0,order,1
1665977114,304459,763,548.2955407442231,1,True,True,2100,False,658,802,45859748,174579158,45860296,174579140,0,0,1665976861,253,distance_to_pickup,BATCH,hungarian,0,0,order,1
1665977114,25842,2705,5135.838879871525,1,True,True,1117,False,658,802,45865723,174573423,45862552,174569383,0,0,1665977021,93,distance_to_pickup,BATCH,hungarian,0,0,order,1
1665977114,348808,620,1822.4469813961666,1,True,True,1325,False,658,802,45892700,174568290,45892133,174570022,0,0,1665976940,174,distance_to_pickup,BATCH,hungarian,0,0,order,1
1665977114,253374,1166,5658.9575895212365,1,True,True,442,False,658,802,45889647,174545036,45886723,174540191,0,0,1665977050,64,distance_to_pickup,BATCH,hungarian,0,0,order,1
1665977114,351610,4036,1007.5098014411572,1,True,True,3298,False,658,802,45856521,174587350,45856771,174586374,0,0,1665976777,337,distance_to_pickup,BATCH,hungarian,0,0,order,1
1665977114,70310,537,23648.107175839676,1,True,True,391,False,658,802,45898300,174553788,45905887,174531390,0,0,1665976873,241,distance_to_pickup,BATCH,hungarian,0,0,order,1
1665977114,427559,289,9387.326829294909,1,True,True,3239,False,658,802,45830737,174561329,45832713,174552152,0,0,1665977079,35,distance_to_pickup,BATCH,hungarian,0,0,order,1
1665977114,398151,546,83.60023923410746,1,True,True,305,False,658,802,45885839,174536161,45885889,174536094,0,0,1665976282,832,distance_to_pickup,BATCH,hungarian,0,0,order,1
1665977114,387335,493,1199.7766458803906,1,True,True,1790,False,658,802,45897286,174566670,45898216,174567428,0,0,1665977002,112,distance_to_pickup,BATCH,hungarian,0,0,order,1
1665977114,329454,2407,378.60929729735903,1,True,True,1884,False,658,802,45867880,174573167,45868172,174573408,0,0,1665976451,663,distance_to_pickup,BATCH,hungarian,0,0,order,1
1665977114,128720,534,1271.4515326979633,1,True,True,2173,False,658,802,45894039,174584286,45893322,174585336,0,0,1665977094,20,distance_to_pickup,BATCH,hungarian,0,0,order,1
1665977114,310171,1314,643.386353601007,1,True,True,1905,False,658,802,45884295,174582147,45884790,174582558,0,0,1665976548,566,distance_to_pickup,BATCH,hungarian,0,0,order,1
1665977114,563516,1805,4949.471587957648,1,True,True,1643,False,658,802,45895360,174576670,45891305,174579508,0,0,1665976546,568,distance_to_pickup,BATCH,hungarian,0,0,order,1
1665977114,22580,3391,2301.8344857960574,1,True,True,2136,False,658,802,45902158,174585237,45904439,174585546,0,0,1665976683,431,distance_to_pickup,BATCH,hungarian,0,0,order,1
1665977114,501222,495,7776.722510158119,1,True,True,3206,False,658,802,45895360,174576670,45894482,174584397,0,0,1665976796,318,distance_to_pickup,BATCH,hungarian,0,0,order,1
1665977114,63996,2249,1030.2465724281735,1,True,True,1876,False,658,802,45884468,174592977,45883480,174592685,0,0,1665976869,245,distance_to_pickup,BATCH,hungarian,0,0,order,1
1665977114,73408,2735,1626.7962380089277,1,True,True,2744,False,658,802,45884437,174581933,45885512,174583154,0,0,1665976878,236,distance_to_pickup,BATCH,hungarian,0,0,order,1
1665977114,270517,2040,44.40720662234904,1,True,True,2040,True,658,802,45890444,174572525,45890488,174572519,0,0,1665976537,577,distance_to_pickup,BATCH,hungarian,0,0,order,1
1665977114,256234,591,4286.168685434581,1,True,True,3438,False,658,802,45887530,174576520,45886019,174580531,0,0,1665977057,57,distance_to_pickup,BATCH,hungarian,0,0,order,1
1665977114,321239,255,8009.56709192201,1,True,True,748,False,658,802,45895360,174576670,45893326,174584417,0,0,1665975880,1234,distance_to_pickup,BATCH,hungarian,0,0,order,1
1665977114,180226,1831,960.0130207450313,1,True,True,3591,False,658,802,45884295,174582147,45885060,174582727,0,0,1665976769,345,distance_to_pickup,BATCH,hungarian,0,0,order,1
1665977114,296038,758,6478.874747979004,1,True,True,3438,False,658,802,45887530,174576520,45885483,174582667,0,0,1665977002,112,distance_to_pickup,BATCH,hungarian,0,0,order,1
1665977114,293207,370,403.4067426308093,1,True,True,4626,False,658,802,45884046,174582459,45884090,174582860,0,0,1665976567,547,distance_to_pickup,BATCH,hungarian,0,0,order,1
1665977114,168112,3064,2017.2000396589328,1,True,True,327,False,658,802,45887530,174576520,45886320,174578134,0,0,1665976357,757,distance_to_pickup,BATCH,hungarian,0,0,order,1
1665977114,95398,797,1992.467063717742,1,True,True,2189,False,658,802,45875142,174590607,45873588,174589360,0,0,1665976830,284,distance_to_pickup,BATCH,hungarian,0,0,order,1
1665977114,48299,1743,3930.438397939853,1,True,True,1425,False,658,802,45874288,174647503,45871427,174644808,0,0,1665976639,475,distance_to_pickup,BATCH,hungarian,0,0,order,1
1665977114,67178,2169,431.7927743721518,1,True,True,2204,False,658,802,45873015,174626148,45873141,174626561,0,0,1665976288,826,distance_to_pickup,BATCH,hungarian,0,0,order,1
1665977114,488207,2192,367.83963897328954,1,True,True,3178,False,658,802,45900986,174582830,45901211,174582539,0,0,1665976928,186,distance_to_pickup,BATCH,hungarian,0,0,order,1
1665977114,76560,3835,658.1101731473234,1,True,True,1451,False,658,802,45869765,174595640,45870375,174595393,0,0,1665977034,80,distance_to_pickup,BATCH,hungarian,0,0,order,1
1665977114,273386,17,2013.4023442918706,1,True,True,3266,False,658,802,45907170,174569840,45907287,174571850,0,0,1665976968,146,distance_to_pickup,BATCH,hungarian,0,0,order,1
1665977114,85994,1342,19984.950462785742,1,True,True,2204,False,658,802,45873015,174626148,45868456,174606690,0,0,1665977045,69,distance_to_pickup,BATCH,hungarian,0,0,order,1
1665977114,337726,4185,4437.779737661615,1,True,True,4185,True,658,802,45899430,174590080,45896863,174593700,0,0,1665977026,88,distance_to_pickup,BATCH,hungarian,0,0,order,1
1665977114,48300,3160,8557.50413379976,1,True,True,3071,False,658,802,45871427,174624974,45866046,174618320,0,0,1665976901,213,distance_to_pickup,BATCH,hungarian,0,0,order,1
1665977114,35362,3181,1669.6209150582656,1,True,True,1926,False,658,802,45866326,174602374,45866091,174600721,0,0,1665976845,269,distance_to_pickup,BATCH,hungarian,0,0,order,1
1665977114,22588,4701,978.840640758239,1,True,True,3408,False,658,802,45867072,174602180,45867012,174601203,0,0,1665971623,5491,distance_to_pickup,BATCH,hungarian,0,0,order,1
1665977114,454276,2798,3194.3996306035347,1,True,True,2593,False,658,802,45882640,174597842,45884998,174599997,0,0,1665976914,200,distance_to_pickup,BATCH,hungarian,0,0,order,1
1665977114,279194,3071,2347.2647911984704,1,True,True,1777,False,658,802,45868994,174597121,45871038,174595967,0,0,1665977075,39,distance_to_pickup,BATCH,hungarian,0,0,order,1
1665977114,419678,2571,155.05160431288675,1,True,True,4398,False,658,802,45879848,174648286,45879852,174648131,0,0,1665976865,249,distance_to_pickup,BATCH,hungarian,0,0,order,1
1665977114,12969,1772,201.63581031156147,1,True,True,1425,False,658,802,45874288,174647503,45874272,174647302,0,0,1665976090,1024,distance_to_pickup,BATCH,hungarian,0,0,order,1
1665977114,337729,3004,913.1188312591083,1,True,True,73,False,658,802,45884468,174592977,45885273,174593408,0,0,1665976964,150,distance_to_pickup,BATCH,hungarian,0,0,order,1
1665977114,376546,1838,4522.2721059219775,1,True,True,1086,False,658,802,45897498,174588194,45892979,174588366,0,0,1665977077,37,distance_to_pickup,BATCH,hungarian,0,0,order,1
1665977114,516887,1865,1269.4695742710812,1,True,True,4054,False,658,802,45890563,174573599,45890435,174574862,0,0,1665975661,1453,distance_to_pickup,BATCH,hungarian,0,0,order,1
1665977114,171188,1279,1989.5587450487608,1,True,True,167,False,658,802,45907518,174567959,45907068,174569897,0,0,1665976821,293,distance_to_pickup,BATCH,hungarian,0,0,order,1
1665977114,284884,2744,2457.1756143995894,1,True,True,1086,False,658,802,45897498,174588194,45897422,174585738,0,0,1665977024,90,distance_to_pickup,BATCH,hungarian,0,0,order,1
1665977114,296034,775,1206.5077703852553,1,True,True,1354,False,658,802,45875997,174650469,45875962,174649263,0,0,1665976897,217,distance_to_pickup,BATCH,hungarian,0,0,order,1
1665977114,310177,2005,9143.141254514227,1,True,True,3815,False,658,802,45889193,174615514,45894527,174608088,0,0,1665976903,211,distance_to_pickup,BATCH,hungarian,0,0,order,1
1665977114,134863,329,346.71602212761957,1,True,True,587,False,658,802,45870770,174595580,45871024,174595816,0,0,1665977086,28,distance_to_pickup,BATCH,hungarian,0,0,order,1
1665977114,197827,187,6008.647934435833,1,True,True,1425,False,658,802,45875776,174650671,45870615,174653748,0,0,1665976365,749,distance_to_pickup,BATCH,hungarian,0,0,order,1
1665977114,498606,1319,4699.71956610179,1,True,True,2990,False,658,802,45879753,174634491,45876311,174631291,0,0,1665976561,553,distance_to_pickup,BATCH,hungarian,0,0,order,1
1665977114,92243,335,4835.1642164460145,1,True,True,3170,False,658,802,45874747,174650152,45871430,174646634,0,0,1665976364,750,distance_to_pickup,BATCH,hungarian,0,0,order,1
1665977114,540434,2898,3115.093096522157,1,True,True,484,False,658,802,45897160,174590150,45894099,174589572,0,0,1665977062,52,distance_to_pickup,BATCH,hungarian,0,0,order,1
1665977114,501220,3184,1042.9137068808714,1,True,True,2192,False,658,802,45902763,174586284,45903698,174586746,0,0,1665976723,391,distance_to_pickup,BATCH,hungarian,0,0,order,1
1665977114,28937,2797,2732.0184845641143,1,True,True,3170,False,658,802,45875866,174650314,45875761,174647584,0,0,1665976870,244,distance_to_pickup,BATCH,hungarian,0,0,order,1
1665977114,218639,3827,6419.409630176283,1,True,True,3119,False,658,802,45859514,174606372,45865782,174607758,0,0,1665977074,40,distance_to_pickup,BATCH,hungarian,0,0,order,1
1665977114,41711,470,4621.237280209706,1,True,True,2937,False,658,802,45884761,174635144,45880214,174634319,0,0,1665972656,4458,distance_to_pickup,BATCH,hungarian,0,0,order,1
1665977114,566064,3298,3153.860491524633,1,True,True,2666,False,658,802,45856330,174579593,45854710,174582299,0,0,1665976955,159,distance_to_pickup,BATCH,hungarian,0,0,order,1
1665977114,529974,1094,224.96444163467257,1,True,True,3160,False,658,802,45864213,174615211,45864085,174615396,0,0,1665976704,410,distance_to_pickup,BATCH,hungarian,0,0,order,1
1665977114,535233,1673,17456.581137210116,1,True,True,2937,False,658,802,45884761,174635144,45876221,174619919,0,0,1665976614,500,distance_to_pickup,BATCH,hungarian,0,0,order,1
1665977114,104580,3668,9049.770660077525,1,True,True,259,False,658,802,45859397,174606289,45868440,174606639,0,0,1665976979,135,distance_to_pickup,BATCH,hungarian,0,0,order,1
1665977114,92257,1169,2870.9319044519325,1,True,True,1703,False,658,802,45852846,174602424,45850339,174601025,0,0,1665977025,89,distance_to_pickup,BATCH,hungarian,0,0,order,1
1665977114,368308,1909,108.72442227944924,1,True,True,3694,False,658,802,45874757,174650325,45874847,174650264,0,0,1665976754,360,distance_to_pickup,BATCH,hungarian,0,0,order,1
1665977114,89113,3552,20.0,1,True,True,483,False,658,802,45880013,174634613,45880013,174634633,0,0,1665976122,992,distance_to_pickup,BATCH,hungarian,0,0,order,1
1665977114,287656,614,20992.874338689307,1,True,True,1779,False,658,802,45884225,174633972,45876343,174614515,0,0,1665977011,103,distance_to_pickup,BATCH,hungarian,0,0,order,1
1665977114,359993,3620,185.15128949051368,1,True,True,1451,False,658,802,45870996,174595448,45871161,174595364,0,0,1665976899,215,distance_to_pickup,BATCH,hungarian,0,0,order,1
1665977114,438284,2751,29374.833378250845,1,True,True,1304,False,658,802,45884742,174633571,45886536,174604251,0,0,1665977032,82,distance_to_pickup,BATCH,hungarian,0,0,order,1
1665977114,76558,2285,7826.976747122736,1,True,True,433,False,658,802,45873040,174625865,45874754,174618228,0,0,1665976959,155,distance_to_pickup,BATCH,hungarian,0,0,order,1
1665977114,12963,4208,13573.619745668433,1,True,True,2676,False,658,802,45872691,174625967,45864148,174615419,0,0,1665976956,158,distance_to_pickup,BATCH,hungarian,0,0,order,1
1665977114,104572,186,514.2334100386711,1,True,True,3694,False,658,802,45875400,174648139,45875556,174647649,0,0,1665976526,588,distance_to_pickup,BATCH,hungarian,0,0,order,1
1665977114,406334,1837,591.3307027374784,1,True,True,791,False,658,802,45879636,174648191,45879102,174647937,0,0,1665976936,178,distance_to_pickup,BATCH,hungarian,0,0,order,1
1665977114,186097,2237,12576.16038383735,1,True,True,1319,False,658,802,45879856,174634533,45867497,174636860,0,0,1665977023,91,distance_to_pickup,BATCH,hungarian,0,0,order,1
1665977114,32104,832,113.14592347937243,1,True,True,3708,False,658,802,45879933,174650744,45880034,174650795,0,0,1665976731,383,distance_to_pickup,BATCH,hungarian,0,0,order,1
1665977114,462105,196,2236.7004716769743,1,True,True,540,False,658,802,45881191,174596618,45879018,174596088,0,0,1665976952,162,distance_to_pickup,BATCH,hungarian,0,0,order,1
1665977114,218638,2123,740.0006756753672,1,True,True,972,False,658,802,45873171,174577055,45873911,174577054,0,0,1665977067,47,distance_to_pickup,BATCH,hungarian,0,0,order,1
1665977114,408974,963,39.408120990476064,1,True,True,2733,False,658,802,45858344,174577760,45858376,174577783,0,0,1665977053,61,distance_to_pickup,BATCH,hungarian,0,0,order,1
1665977114,456858,1160,306.80449801135575,1,True,True,1562,False,658,802,45851420,174554680,45851280,174554407,0,0,1665976904,210,distance_to_pickup,BATCH,hungarian,0,0,order,1
1665977114,128716,1986,621.4378488634242,1,True,True,702,False,658,802,45861811,174593153,45861622,174593745,0,0,1665976795,319,distance_to_pickup,BATCH,hungarian,0,0,order,1
1665977114,467442,2081,824.5459356518593,1,True,True,972,False,658,802,45856817,174571067,45857641,174571037,0,0,1665976991,123,distance_to_pickup,BATCH,hungarian,0,0,order,1
1665977114,373805,2177,6706.482908350696,1,True,True,3527,False,658,802,45872058,174580832,45867985,174586160,0,0,1665977078,36,distance_to_pickup,BATCH,hungarian,0,0,order,1
1665977114,315754,1901,723.5316164480996,1,True,True,235,False,658,802,45863367,174559783,45864084,174559686,0,0,1665976965,149,distance_to_pickup,BATCH,hungarian,0,0,order,1
1665977114,373797,4554,1060.509783076045,1,True,True,1781,False,658,802,45872485,174586837,45871994,174587777,0,0,1665976839,275,distance_to_pickup,BATCH,hungarian,0,0,order,1
1665977114,6488,2674,332.9624603465081,1,True,True,494,False,658,802,45859570,174562510,45859890,174562418,0,0,1665977103,11,distance_to_pickup,BATCH,hungarian,0,0,order,1
1665977114,490831,2058,724.5916091150932,1,True,True,996,False,658,802,45906017,174528217,45906065,174528940,0,0,1665976259,855,distance_to_pickup,BATCH,hungarian,0,0,order,1
1665977114,485673,1916,23888.95110715412,1,True,True,269,False,658,802,46050899,174947569,46045331,174970800,0,0,1665977080,34,distance_to_pickup,BATCH,hungarian,0,0,order,1
1665977114,221540,574,595.363754355268,1,True,True,777,False,658,802,46051728,174940222,46051675,174939629,0,0,1665976975,139,distance_to_pickup,BATCH,hungarian,0,0,order,1
1665977114,332271,1018,8905.029702364838,1,True,True,4557,False,658,802,46043232,174940147,46041659,174948912,0,0,1665977097,17,distance_to_pickup,BATCH,hungarian,0,0,order,1
1665977114,215714,472,323473.21899192827,1,True,True,1975,False,658,802,46043162,174939975,45874461,174663977,0,0,1665977094,20,distance_to_pickup,BATCH,hungarian,0,0,order,1
1665977114,57728,44,4271.9768257798405,1,True,True,457,False,658,802,46042316,174954242,46039697,174957617,0,0,1665977103,11,distance_to_pickup,BATCH,hungarian,0,0,order,1
1665977114,516911,184,27.730849247724095,1,True,True,2485,False,658,802,46062288,174947094,46062263,174947106,0,0,1665977094,20,distance_to_pickup,BATCH,hungarian,0,0,order,1
1665977114,264847,1745,39136.31543719976,1,True,True,2159,False,658,802,46052464,174930471,46064545,174893246,0,0,1665977098,16,distance_to_pickup,BATCH,hungarian,0,0,order,1
1665977114,307300,1550,6170.669007490193,1,True,True,777,False,658,802,46051597,174947220,46051357,174953386,0,0,1665976842,272,distance_to_pickup,BATCH,hungarian,0,0,order,1
1665977114,470047,4543,328839.58704055083,1,True,True,317,False,658,802,46043478,174939239,45901376,174642688,0,0,1665977023,91,distance_to_pickup,BATCH,hungarian,0,0,order,1
1665977114,498614,3410,1031.1207494760251,1,True,True,2159,False,658,802,46052393,174932299,46052832,174931366,0,0,1665977098,16,distance_to_pickup,BATCH,hungarian,0,0,order,1
1665977114,113669,3532,1559.4896601132052,1,True,True,958,False,658,802,45920123,174542534,45921265,174541472,0,0,1665976939,175,distance_to_pickup,BATCH,hungarian,0,0,order,1
1665977114,451740,2697,278.21754078418564,1,True,True,3346,False,658,802,45920947,174542656,45921225,174542667,0,0,1665977092,22,distance_to_pickup,BATCH,hungarian,0,0,order,1
1665977114,357225,3090,3004.8509114430285,1,True,True,214,False,658,802,45905669,174544560,45908389,174543283,0,0,1665977068,46,distance_to_pickup,BATCH,hungarian,0,0,order,1
1665977114,524713,2011,5913.037290597786,1,True,True,830,False,658,802,45907200,174556440,45913113,174556461,0,0,1665977089,25,distance_to_pickup,BATCH,hungarian,0,0,order,1
1665977114,82936,2478,2470.3202221574434,1,True,True,446,False,658,802,45768655,174566775,45766224,174567214,0,0,1665977032,82,distance_to_pickup,BATCH,hungarian,0,0,order,1
1665977114,503901,1759,176.07100840286,1,True,True,1759,True,658,802,45764668,174569944,45764844,174569939,0,0,1665977013,101,distance_to_pickup,BATCH,hungarian,0,0,order,1
1665977114,147010,3006,4121.446954650757,1,True,True,2352,False,658,802,45767476,174566349,45763378,174565910,0,0,1665977082,32,distance_to_pickup,BATCH,hungarian,0,0,order,1
1665977114,45056,1551,7822.270897891482,1,True,True,1041,False,658,802,45765111,174571328,45764970,174579149,0,0,1665977082,32,distance_to_pickup,BATCH,hungarian,0,0,order,1
1665977114,203743,1183,6718.302538588151,1,True,True,2487,False,658,802,45769653,174578806,45772788,174584748,0,0,1665977066,48,distance_to_pickup,BATCH,hungarian,0,0,order,1
1665977114,490843,637,2557.8588702272064,1,True,True,996,False,658,802,45908534,174530923,45906043,174530342,0,0,1665976772,342,distance_to_pickup,BATCH,hungarian,0,0,order,1
1665977114,12966,1784,1488.919406818247,1,True,True,3395,False,658,802,45911110,174530490,45909655,174530806,0,0,1665977058,56,distance_to_pickup,BATCH,hungarian,0,0,order,1
1665977114,107543,1559,915.1633733929697,1,True,True,407,False,658,802,45898300,174553788,45898010,174552920,0,0,1665977075,39,distance_to_pickup,BATCH,hungarian,0,0,order,1
1665977114,32120,4495,4468.430820769188,1,True,True,1632,False,658,802,45895979,174575393,45892636,174578358,0,0,1665977063,51,distance_to_pickup,BATCH,hungarian,0,0,order,1
1665977114,16088,3965,1365.6430719628024,1,True,True,1693,False,658,802,45887697,174556801,45886456,174557371,0,0,1665976545,569,distance_to_pickup,BATCH,hungarian,0,0,order,1
1665977114,85998,2984,2576.0438660861346,1,True,True,1726,False,658,802,45874835,174545439,45877284,174544640,0,0,1665976721,393,distance_to_pickup,BATCH,hungarian,0,0,order,1
1665977114,529983,3950,5067.768147814183,1,True,True,1117,False,658,802,45865723,174573423,45860698,174572766,0,0,1665976875,239,distance_to_pickup,BATCH,hungarian,0,0,order,1
1665977114,553219,2436,915.1568171630478,1,True,True,78,False,658,802,45845467,174552526,45846293,174552920,0,0,1665976940,174,distance_to_pickup,BATCH,hungarian,0,0,order,1
1665977114,373804,1180,3684.836495694212,1,True,True,78,False,658,802,45849298,174548682,45847074,174551620,0,0,1665977013,101,distance_to_pickup,BATCH,hungarian,0,0,order,1
1665977114,332219,984,454.25213263120736,1,True,True,1795,False,658,802,45846475,174587390,45846899,174587553,0,0,1665960615,16499,distance_to_pickup,BATCH,hungarian,0,0,order,1
1665977114,16103,2558,4301.88853876992,1,True,True,2400,False,658,802,45866653,174574425,45862531,174575656,0,0,1665976976,138,distance_to_pickup,BATCH,hungarian,0,0,order,1
1665977114,28941,4426,182.22239159883728,1,True,True,352,False,658,802,45880110,174548040,45879932,174548079,0,0,1665977074,40,distance_to_pickup,BATCH,hungarian,0,0,order,1
1665977114,137864,3608,1182.5130020426836,1,True,True,1571,False,658,802,45856220,174583459,45857336,174583850,0,0,1665976992,122,distance_to_pickup,BATCH,hungarian,0,0,order,1
1665977114,550661,1140,10346.744657137335,1,True,True,369,False,658,802,45902813,174555825,45903003,174566170,0,0,1665976763,351,distance_to_pickup,BATCH,hungarian,0,0,order,1
1665977114,162150,2046,598.4145720150872,1,True,True,1862,False,658,802,45920114,174542742,45919702,174542308,0,0,1665977031,83,distance_to_pickup,BATCH,hungarian,0,0,order,1
1665977114,456845,987,1046.885858152645,1,True,True,2921,False,658,802,45912017,174526299,45912330,174525300,0,0,1665976341,773,distance_to_pickup,BATCH,hungarian,0,0,order,1
1665977114,67179,1931,6142.364121411234,1,True,True,3524,False,658,802,45927565,174521517,45922539,174525048,0,0,1665977074,40,distance_to_pickup,BATCH,hungarian,0,0,order,1
1665977114,79834,927,181.12150617748296,1,True,True,1862,False,658,802,45921088,174542209,45921169,174542371,0,0,1665976912,202,distance_to_pickup,BATCH,hungarian,0,0,order,1
1665977114,424987,4837,4784.317401678112,1,True,True,2976,False,658,802,45867140,174551189,45866137,174555867,0,0,1665977035,79,distance_to_pickup,BATCH,hungarian,0,0,order,1
1665977114,212728,3099,2457.3410426719365,1,True,True,3434,False,658,802,45871867,174544242,45869553,174545069,0,0,1665976866,248,distance_to_pickup,BATCH,hungarian,0,0,order,1
1665977114,362768,2534,1452.9432198128047,1,True,True,2355,False,658,802,45861490,174545510,45860770,174546772,0,0,1665976414,700,distance_to_pickup,BATCH,hungarian,0,0,order,1
1665977114,459487,3919,2581.0705143409004,1,True,True,557,False,658,802,45865154,174557054,45863971,174559348,0,0,1665976824,290,distance_to_pickup,BATCH,hungarian,0,0,order,1
1665977114,125707,670,4103.4690202315405,1,True,True,3473,False,658,802,45867140,174551189,45866153,174555172,0,0,1665976561,553,distance_to_pickup,BATCH,hungarian,0,0,order,1
1665977114,273390,2330,994.0890302181189,1,True,True,50,False,658,802,45865852,174556038,45865125,174556716,0,0,1665977062,52,distance_to_pickup,BATCH,hungarian,0,0,order,1
1665977114,529972,908,11234.94014225265,1,True,True,4573,False,658,802,45865463,174482601,45876121,174479047,0,0,1665976654,460,distance_to_pickup,BATCH,hungarian,0,0,order,1
1665977114,134864,3567,6239.716740365703,1,True,True,404,False,658,802,45893552,174543169,45898039,174538833,0,0,1665977076,38,distance_to_pickup,BATCH,hungarian,0,0,order,1
1665977114,282035,4023,604.9371868219047,1,True,True,1179,False,658,802,45853157,174526317,45852827,174526824,0,0,1665977002,112,distance_to_pickup,BATCH,hungarian,0,0,order,1
1665977114,493446,4017,5486.941042147255,1,True,True,753,False,658,802,45885269,174525154,45881588,174521085,0,0,1665977072,42,distance_to_pickup,BATCH,hungarian,0,0,order,1
1665977114,340505,1412,12555.529817574406,1,True,True,3557,False,658,802,45890376,174545817,45898031,174535865,0,0,1665976460,654,distance_to_pickup,BATCH,hungarian,0,0,order,1
1665977114,323978,666,833.8465086573187,1,True,True,1362,False,658,802,45891276,174536223,45892046,174535903,0,0,1665977082,32,distance_to_pickup,BATCH,hungarian,0,0,order,1
1665977114,227332,4379,837.0005973713519,1,True,True,3807,False,658,802,45854960,174528670,45855353,174527931,0,0,1665976900,214,distance_to_pickup,BATCH,hungarian,0,0,order,1
1665977114,96,4133,13918.416361066369,1,True,True,162,False,658,802,45868335,174545710,45859850,174556743,0,0,1665976627,487,distance_to_pickup,BATCH,hungarian,0,0,order,1
1665977114,101612,1960,12605.167591111194,1,True,True,593,False,658,802,45900979,174542411,45905928,174530818,0,0,1665977002,112,distance_to_pickup,BATCH,hungarian,0,0,order,1
1665977114,548089,3744,1527.367015487764,1,True,True,4204,False,658,802,45912080,174529170,45912745,174527795,0,0,1665976614,500,distance_to_pickup,BATCH,hungarian,0,0,order,1
1665977114,25829,3121,255.82806726393412,1,True,True,1000,False,658,802,45910563,174526358,45910761,174526196,0,0,1665976769,345,distance_to_pickup,BATCH,hungarian,0,0,order,1
1665977114,189066,1012,2897.116670070434,1,True,True,4170,False,658,802,45910030,174526320,45907728,174524561,0,0,1665977075,39,distance_to_pickup,BATCH,hungarian,0,0,order,1
1665977114,542955,4024,19603.285974550286,1,True,True,703,False,658,802,45902806,174555734,45915791,174541048,0,0,1665977075,39,distance_to_pickup,BATCH,hungarian,0,0,order,1
1665977114,427552,3165,886.4682735439549,1,True,True,1831,False,658,802,45869364,174570875,45868515,174570620,0,0,1665976821,293,distance_to_pickup,BATCH,hungarian,0,0,order,1
1665977114,424982,2132,89.87213138676528,1,True,True,3750,False,658,802,45859811,174572316,45859745,174572255,0,0,1665976879,235,distance_to_pickup,BATCH,hungarian,0,0,order,1
1665977114,284883,3198,8179.968031722374,1,True,True,2793,False,658,802,45887243,174550790,45880229,174546581,0,0,1665977013,101,distance_to_pickup,BATCH,hungarian,0,0,order,1
1665977114,35360,3279,1183.184262910896,1,True,True,1212,False,658,802,45898380,174554072,45898885,174555142,0,0,1665976881,233,distance_to_pickup,BATCH,hungarian,0,0,order,1
1665977114,422239,3162,1592.0078517394315,1,True,True,766,False,658,802,45897803,174552932,45898095,174551367,0,0,1665976812,302,distance_to_pickup,BATCH,hungarian,0,0,order,1
1665977114,125694,122,423.265873890159,1,True,True,397,False,658,802,45875792,174574232,45875369,174574217,0,0,1665976665,449,distance_to_pickup,BATCH,hungarian,0,0,order,1
1665977114,116620,1685,6946.902691127896,1,True,True,1211,False,658,802,45877696,174531930,45881280,174525979,0,0,1665976924,190,distance_to_pickup,BATCH,hungarian,0,0,order,1
1665977114,19403,1726,1727.2232050317064,1,True,True,2984,False,658,802,45875946,174545679,45877516,174544959,0,0,1665976838,276,distance_to_pickup,BATCH,hungarian,0,0,order,1
1665977114,6489,250,1662.174479409427,1,True,True,2557,False,658,802,45911894,174529244,45910312,174528734,0,0,1665976873,241,distance_to_pickup,BATCH,hungarian,0,0,order,1
1665977114,57729,1628,11310.266663523014,1,True,True,2827,False,658,802,45898300,174553788,45903816,174543914,0,0,1665976328,786,distance_to_pickup,BATCH,hungarian,0,0,order,1
1665977114,371049,2383,8375.362559316462,1,True,True,689,False,658,802,45887243,174550790,45881550,174544647,0,0,1665976999,115,distance_to_pickup,BATCH,hungarian,0,0,order,1
1665977114,57730,1999,840.7008980606598,1,True,True,2057,False,658,802,45895683,174554863,45896036,174555626,0,0,1665977071,43,distance_to_pickup,BATCH,hungarian,0,0,order,1
1665977114,462109,226,1023.6312812727051,1,True,True,2921,False,658,802,45912289,174526370,45912014,174527356,0,0,1665976949,165,distance_to_pickup,BATCH,hungarian,0,0,order,1
1665977114,98381,910,5265.210062286214,1,True,True,4170,False,658,802,45910030,174526320,45906109,174529834,0,0,1665976811,303,distance_to_pickup,BATCH,hungarian,0,0,order,1
1665977114,498615,328,841.7244204607587,1,True,True,2435,False,658,802,45867880,174573167,45868716,174573069,0,0,1665976877,237,distance_to_pickup,BATCH,hungarian,0,0,order,1
1665977114,236070,640,6261.192618024142,1,True,True,4079,False,658,802,45895346,174532388,45900563,174528926,0,0,1665977076,38,distance_to_pickup,BATCH,hungarian,0,0,order,1
1665977114,233028,1346,1063.0380990350252,1,True,True,875,False,658,802,45859855,174571035,45859846,174572098,0,0,1665976818,296,distance_to_pickup,BATCH,hungarian,0,0,order,1
1665977114,273388,3369,1446.6737711039073,1,True,True,1034,False,658,802,45855737,174570545,45854328,174570873,0,0,1665976912,202,distance_to_pickup,BATCH,hungarian,0,0,order,1
1665977114,41763,3674,3832.64347415723,1,True,True,1117,False,658,802,45865723,174573423,45861913,174573007,0,0,1665977075,39,distance_to_pickup,BATCH,hungarian,0,0,order,1
1665977114,212679,4034,395.05062966662894,1,True,True,1739,False,658,802,45873444,174547688,45873493,174548080,0,0,1665973336,3778,distance_to_pickup,BATCH,hungarian,0,0,order,1
1665977114,373800,1599,419.23382497122054,1,True,True,946,False,658,802,45849895,174566798,45849476,174566784,0,0,1665976982,132,distance_to_pickup,BATCH,hungarian,0,0,order,1
1665977114,440997,402,578.013840664737,1,True,True,352,False,658,802,45880110,174548040,45879952,174547484,0,0,1665977000,114,distance_to_pickup,BATCH,hungarian,0,0,order,1
1665977114,313015,1417,639.4137940332536,1,True,True,2358,False,658,802,45847307,174550841,45846710,174551070,0,0,1665976538,576,distance_to_pickup,BATCH,hungarian,0,0,order,1
1665977114,527294,1131,24.331050121192877,1,True,True,2773,False,658,802,45894842,174555253,45894866,174555249,0,0,1665976854,260,distance_to_pickup,BATCH,hungarian,0,0,order,1
1665977114,550656,3273,5783.949602131747,1,True,True,1102,False,658,802,45884894,174566023,45882562,174571316,0,0,1665976611,503,distance_to_pickup,BATCH,hungarian,0,0,order,1
1665977114,348809,2318,316.6654385941099,1,True,True,689,False,658,802,45885675,174551319,45885716,174551005,0,0,1665976981,133,distance_to_pickup,BATCH,hungarian,0,0,order,1
1665977114,351612,973,2671.2633715154334,1,True,True,414,False,658,802,45893090,174566900,45890798,174568272,0,0,1665976866,248,distance_to_pickup,BATCH,hungarian,0,0,order,1
1665977114,365588,4275,289.0155705148081,1,True,True,2742,False,658,802,45887505,174553677,45887508,174553966,0,0,1665976618,496,distance_to_pickup,BATCH,hungarian,0,0,order,1
1665977114,424988,278,770.5692700854349,1,True,True,3245,False,658,802,45889662,174545698,45890053,174545034,0,0,1665977077,37,distance_to_pickup,BATCH,hungarian,0,0,order,1
1665977114,171193,3857,10891.116793056624,1,True,True,4079,False,658,802,45895346,174532388,45905951,174529908,0,0,1665976678,436,distance_to_pickup,BATCH,hungarian,0,0,order,1
1665977114,408978,4707,2543.330493663771,1,True,True,227,False,658,802,45863040,174581550,45863269,174584083,0,0,1665976867,247,distance_to_pickup,BATCH,hungarian,0,0,order,1
1665977114,290390,859,101.92153844992725,1,True,True,2827,False,658,802,45896150,174555690,45896122,174555788,0,0,1665977002,112,distance_to_pickup,BATCH,hungarian,0,0,order,1
1665977114,32106,3276,7380.599027179298,1,True,True,3565,False,658,802,45894842,174555253,45890501,174561222,0,0,1665976843,271,distance_to_pickup,BATCH,hungarian,0,0,order,1
1665977114,446259,3131,6441.496177131521,1,True,True,1940,False,658,802,45861460,174532407,45856328,174528514,0,0,1665976750,364,distance_to_pickup,BATCH,hungarian,0,0,order,1
1665977114,493447,1305,1480.3475943169562,1,True,True,2400,False,658,802,45866653,174574425,45867676,174575495,0,0,1665977074,40,distance_to_pickup,BATCH,hungarian,0,0,order,1
1665977114,212734,283,3935.4453369345633,1,True,True,37,False,658,802,45877682,174539771,45873841,174540628,0,0,1665977082,32,distance_to_pickup,BATCH,hungarian,0,0,order,1
1665977114,400939,1302,441.1008954876424,1,True,True,161,False,658,802,45877161,174545529,45877538,174545300,0,0,1665977048,66,distance_to_pickup,BATCH,hungarian,0,0,order,1
1665977114,270516,2787,14008.675383490046,1,True,True,2976,False,658,802,45868335,174545710,45859390,174556491,0,0,1665977076,38,distance_to_pickup,BATCH,hungarian,0,0,order,1
1665977114,253377,1579,2634.248469677832,1,True,True,140,False,658,802,45853590,174551680,45851247,174552884,0,0,1665977069,45,distance_to_pickup,BATCH,hungarian,0,0,order,1
1665977114,57724,2870,8702.585018257507,1,True,True,3473,False,658,802,45867140,174551189,45861359,174557694,0,0,1665976437,677,distance_to_pickup,BATCH,hungarian,0,0,order,1
1665977114,387339,1322,4750.684687495056,1,True,True,2355,False,658,802,45861490,174545510,45856824,174546403,0,0,1665977070,44,distance_to_pickup,BATCH,hungarian,0,0,order,1
1665977114,262061,2423,1013.1939597135388,1,True,True,2976,False,658,802,45868335,174545710,45868656,174544749,0,0,1665976540,574,distance_to_pickup,BATCH,hungarian,0,0,order,1
1665977114,116619,584,1718.3006139788229,1,True,True,2976,False,658,802,45868335,174545710,45866729,174545099,0,0,1665976930,184,distance_to_pickup,BATCH,hungarian,0,0,order,1
1665977114,147011,2739,115.43396380615195,1,True,True,2186,False,658,802,45871167,174595947,45871069,174595886,0,0,1665977069,45,distance_to_pickup,BATCH,hungarian,0,0,order,1
1665977114,85995,1119,2647.4245976042453,1,True,True,4044,False,658,802,45894347,174586087,45892983,174588356,0,0,1665977064,50,distance_to_pickup,BATCH,hungarian,0,0,order,1
1665977114,376534,3708,3419.1592533837907,1,True,True,2009,False,658,802,45879721,174647791,45878732,174644518,0,0,1665976593,521,distance_to_pickup,BATCH,hungarian,0,0,order,1
1665977114,384546,3870,79.2464510246358,1,True,True,3708,False,658,802,45874800,174648440,45874878,174648426,0,0,1665976837,277,distance_to_pickup,BATCH,hungarian,0,0,order,1
1665977114,323977,3409,20007.618873819043,1,True,True,126,False,658,802,45873015,174626148,45868442,174606670,0,0,1665977064,50,distance_to_pickup,BATCH,hungarian,0,0,order,1
1665977114,422238,1444,20044.51096934021,1,True,True,126,False,658,802,45873015,174626148,45868451,174606630,0,0,1665976970,144,distance_to_pickup,BATCH,hungarian,0,0,order,1
1665977114,125698,1449,3763.838997619319,1,True,True,1154,False,658,802,45874819,174607415,45871159,174606537,0,0,1665977032,82,distance_to_pickup,BATCH,hungarian,0,0,order,1
1665977114,180228,4092,2841.9774805582115,1,True,True,3391,False,658,802,45901660,174579130,45904370,174579986,0,0,1665976318,796,distance_to_pickup,BATCH,hungarian,0,0,order,1
1665977114,307289,1306,572.2420816402793,1,True,True,1494,False,658,802,45874320,174648050,45873926,174647635,0,0,1665976209,905,distance_to_pickup,BATCH,hungarian,0,0,order,1
1665977114,137868,1756,1218.2532577424122,1,True,True,1020,False,658,802,45898281,174578532,45899366,174579086,0,0,1665977073,41,distance_to_pickup,BATCH,hungarian,0,0,order,1
1665977114,376545,2073,277.70848024502243,1,True,True,2898,False,658,802,45898742,174578266,45898811,174578535,0,0,1665977045,69,distance_to_pickup,BATCH,hungarian,0,0,order,1
1665977114,16104,1558,58.463663928973865,1,True,True,697,False,658,802,45879648,174648076,45879635,174648019,0,0,1665976702,412,distance_to_pickup,BATCH,hungarian,0,0,order,1
1665977114,296037,3130,379.3323081415555,1,True,True,2781,False,658,802,45886081,174590587,45885738,174590425,0,0,1665976946,168,distance_to_pickup,BATCH,hungarian,0,0,order,1
1665977114,548091,3925,1289.0942556694604,1,True,True,4626,False,658,802,45884516,174581843,45885458,174582723,0,0,1665976668,446,distance_to_pickup,BATCH,hungarian,0,0,order,1
1665977114,119649,2617,4642.086276664836,1,True,True,440,False,658,802,45887639,174579160,45886040,174583518,0,0,1665976596,518,distance_to_pickup,BATCH,hungarian,0,0,order,1
1665977114,215711,3049,172.01162751395617,1,True,True,2606,False,658,802,45875002,174650109,45874844,174650041,0,0,1665977007,107,distance_to_pickup,BATCH,hungarian,0,0,order,1
1665977114,381833,220,228.114006584427,1,True,True,3440,False,658,802,45879175,174650529,45878981,174650409,0,0,1665976744,370,distance_to_pickup,BATCH,hungarian,0,0,order,1
1665977114,165210,3963,5854.1299097303945,1,True,True,2371,False,658,802,45859397,174606289,45856223,174611208,0,0,1665977074,40,distance_to_pickup,BATCH,hungarian,0,0,order,1
1665977114,98345,1957,297.3213749463701,1,True,True,1864,False,658,802,45885650,174591307,45885562,174591023,0,0,1665972999,4115,distance_to_pickup,BATCH,hungarian,0,0,order,1
1665977114,241881,1755,4874.108431292845,1,True,True,3572,False,658,802,45890563,174573599,45889625,174578382,0,0,1665977073,41,distance_to_pickup,BATCH,hungarian,0,0,order,1
1665977114,19406,1425,3671.409810958183,1,True,True,3708,False,658,802,45875769,174650415,45875636,174646746,0,0,1665976935,179,distance_to_pickup,BATCH,hungarian,0,0,order,1
1665977114,122649,3009,299.3659967330959,1,True,True,2106,False,658,802,45907167,174525685,45907101,174525393,0,0,1665976302,812,distance_to_pickup,BATCH,hungarian,0,0,order,1
1665977114,387340,3375,2025.5024068117027,1,True,True,3118,False,658,802,46047111,174940175,46045959,174941841,0,0,1665977075,39,distance_to_pickup,BATCH,hungarian,0,0,order,1
1665977114,48306,3311,5406.586353698607,1,True,True,1893,False,658,802,46043134,174959153,46042204,174964479,0,0,1665977075,39,distance_to_pickup,BATCH,hungarian,0,0,order,1
1665977114,351615,930,2666.1292166734906,1,True,True,2819,False,658,802,46052240,174936640,46049927,174935314,0,0,1665977077,37,distance_to_pickup,BATCH,hungarian,0,0,order,1
1665977114,550665,1345,1534.4070516000636,1,True,True,2298,False,658,802,46047111,174940175,46045688,174940749,0,0,1665977071,43,distance_to_pickup,BATCH,hungarian,0,0,order,1
1665977114,194875,1545,377.0331550407736,1,True,True,320,False,658,802,46053038,174946253,46053373,174946080,0,0,1665977071,43,distance_to_pickup,BATCH,hungarian,0,0,order,1
1665977114,92259,3147,3535.893946373392,1,True,True,3147,True,658,802,45770776,174560969,45767801,174562880,0,0,1665977067,47,distance_to_pickup,BATCH,hungarian,0,0,order,1
1665977114,206681,3272,15002.776543026961,1,True,True,1804,False,658,802,45769293,174566824,45782895,174573154,0,0,1665977081,33,distance_to_pickup,BATCH,hungarian,0,0,order,1
1665977114,171194,131,4536.371237013126,1,True,True,1975,False,658,802,46052348,174943286,46055398,174946644,0,0,1665977073,41,distance_to_pickup,BATCH,hungarian,0,0,order,1
1665977114,221544,629,7388.973677040675,1,True,True,862,False,658,802,46049566,174941858,46045990,174948324,0,0,1665977080,34,distance_to_pickup,BATCH,hungarian,0,0,order,1
1665977114,387341,2087,3016.1432326731433,1,True,True,1893,False,658,802,46050125,174941512,46047129,174941164,0,0,1665977073,41,distance_to_pickup,BATCH,hungarian,0,0,order,1
1665977114,168127,1002,313683.67886295903,1,True,True,1065,False,658,802,46043190,174939130,45885542,174667939,0,0,1665977079,35,distance_to_pickup,BATCH,hungarian,0,0,order,1
1665977114,304466,3444,156.4736399525492,1,True,True,632,False,658,802,46043414,174940828,46043324,174940956,0,0,1665977080,34,distance_to_pickup,BATCH,hungarian,0,0,order,1
1665977114,119647,1716,280.84515306481615,1,True,True,1341,False,658,802,46046384,174938708,46046291,174938973,0,0,1665977054,60,distance_to_pickup,BATCH,hungarian,0,0,order,1
1665977114,12968,120,6107.577015478397,1,True,True,2417,False,658,802,46055371,174942904,46061372,174941768,0,0,1665977069,45,distance_to_pickup,BATCH,hungarian,0,0,order,1
1665977114,247695,136,490.9185268453412,1,True,True,3454,False,658,802,45863395,174583590,45863319,174584075,0,0,1665976763,351,distance_to_pickup,BATCH,hungarian,0,0,order,1
1665977114,79831,2160,1476.1856251840418,1,True,True,4694,False,658,802,45861655,174583536,45861873,174584996,0,0,1665976917,197,distance_to_pickup,BATCH,hungarian,0,0,order,1
1665977114,32109,1929,5978.752796361462,1,True,True,1894,False,658,802,45878123,174577620,45873477,174581383,0,0,1665976893,221,distance_to_pickup,BATCH,hungarian,0,0,order,1
1665977114,329455,2234,1369.1329373001001,1,True,True,1017,False,658,802,45869422,174571363,45868884,174572622,0,0,1665976994,120,distance_to_pickup,BATCH,hungarian,0,0,order,1
1665977114,496028,313,6397.578995213737,1,True,True,3103,False,658,802,45878123,174577620,45873147,174581641,0,0,1665976926,188,distance_to_pickup,BATCH,hungarian,0,0,order,1
1665977114,262064,3536,970.9788875150684,1,True,True,977,False,658,802,45863719,174582514,45863375,174583422,0,0,1665976878,236,distance_to_pickup,BATCH,hungarian,0,0,order,1
1665977114,137870,646,1182.1945694343212,1,True,True,1726,False,658,802,45872959,174545634,45873187,174544474,0,0,1665976929,185,distance_to_pickup,BATCH,hungarian,0,0,order,1
1665977114,542954,4708,2104.1171545329885,1,True,True,3750,False,658,802,45857849,174581004,45859446,174579634,0,0,1665977092,22,distance_to_pickup,BATCH,hungarian,0,0,order,1
1665977114,54612,2513,1802.8338803117717,1,True,True,1259,False,658,802,45857807,174581892,45858344,174583613,0,0,1665976965,149,distance_to_pickup,BATCH,hungarian,0,0,order,1
1665977114,81,442,3228.142809728219,1,True,True,2968,False,658,802,45898320,174550193,45898611,174546978,0,0,1665976529,585,distance_to_pickup,BATCH,hungarian,0,0,order,1
1665977114,76562,409,9163.171939890684,1,True,True,3801,False,658,802,45860803,174537004,45856157,174544902,0,0,1665977082,32,distance_to_pickup,BATCH,hungarian,0,0,order,1
1665977114,298823,2788,1985.1188881273586,1,True,True,2961,False,658,802,45864228,174536685,45863624,174534794,0,0,1665977076,38,distance_to_pickup,BATCH,hungarian,0,0,order,1
1665977114,9736,2139,5406.610213433182,1,True,True,1858,False,658,802,45861610,174531528,45857163,174528453,0,0,1665977059,55,distance_to_pickup,BATCH,hungarian,0,0,order,1
1665977114,28936,1574,2468.928917567292,1,True,True,2355,False,658,802,45863248,174541890,45863419,174544353,0,0,1665976855,259,distance_to_pickup,BATCH,hungarian,0,0,order,1
1665977114,475321,2856,4283.295927203723,1,True,True,749,False,658,802,45896259,174552883,45896427,174548603,0,0,1665977068,46,distance_to_pickup,BATCH,hungarian,0,0,order,1
1665977114,70327,405,1581.0581899474794,1,True,True,1666,False,658,802,45898300,174553788,45898131,174552216,0,0,1665977026,88,distance_to_pickup,BATCH,hungarian,0,0,order,1
1665977114,101600,2129,7689.907151585122,1,True,True,2971,False,658,802,45919951,174516559,45921667,174524055,0,0,1665976721,393,distance_to_pickup,BATCH,hungarian,0,0,order,1
1665977114,490842,2269,390.4663877979768,1,True,True,79,False,658,802,45894861,174555310,45894621,174555618,0,0,1665976599,515,distance_to_pickup,BATCH,hungarian,0,0,order,1
1665977114,16105,1903,1744.5678547995776,1,True,True,3565,False,658,802,45895612,174555834,45894546,174557215,0,0,1665977077,37,distance_to_pickup,BATCH,hungarian,0,0,order,1
1665977114,60888,4484,904.1952222833297,1,True,True,3565,False,658,802,45895612,174555834,45895525,174556734,0,0,1665976905,209,distance_to_pickup,BATCH,hungarian,0,0,order,1
1665977114,147015,3793,167.83920876839238,1,True,True,693,False,658,802,45896150,174555690,45895997,174555759,0,0,1665977012,102,distance_to_pickup,BATCH,hungarian,0,0,order,1
1665977114,51476,3535,8862.206102320122,1,True,True,2454,False,658,802,45892879,174567270,45885783,174572579,0,0,1665977077,37,distance_to_pickup,BATCH,hungarian,0,0,order,1
1665977114,262059,2919,2556.09115643398,1,True,True,2311,False,658,802,45896259,174552883,45895350,174550494,0,0,1665977083,31,distance_to_pickup,BATCH,hungarian,0,0,order,1
1665977114,371033,1721,4861.947860683,1,True,True,4003,False,658,802,45877682,174539771,45877778,174544632,0,0,1665976305,809,distance_to_pickup,BATCH,hungarian,0,0,order,1
1665977114,264842,1423,1811.842432442733,1,True,True,1584,False,658,802,45861509,174583077,45863031,174584060,0,0,1665976902,212,distance_to_pickup,BATCH,hungarian,0,0,order,1
1665977114,282025,3991,1257.289942694206,1,True,True,2045,False,658,802,45905669,174544560,45906722,174543873,0,0,1665976595,519,distance_to_pickup,BATCH,hungarian,0,0,order,1
1665977114,346096,3175,632.0268981617792,1,True,True,1113,False,658,802,45854870,174575810,45855007,174575193,0,0,1665976899,215,distance_to_pickup,BATCH,hungarian,0,0,order,1
1665977114,82943,2072,1395.2727331959154,1,True,True,1605,False,658,802,45862950,174564010,45861565,174563841,0,0,1665977077,37,distance_to_pickup,BATCH,hungarian,0,0,order,1
1665977114,35369,266,9740.312315321311,1,True,True,3103,False,658,802,45877770,174578770,45877848,174588510,0,0,1665976650,464,distance_to_pickup,BATCH,hungarian,0,0,order,1
1665977114,301604,4050,1397.533899409957,1,True,True,1584,False,658,802,45862631,174579111,45863701,174578212,0,0,1665932960,44154,distance_to_pickup,BATCH,hungarian,0,0,order,1
1665977114,276282,2972,7460.57826177033,1,True,True,857,False,658,802,45855787,174605657,45852859,174612519,0,0,1665976676,438,distance_to_pickup,BATCH,hungarian,0,0,order,1
1665977114,140927,4020,1514.4824198385402,1,True,True,1706,False,658,802,45862354,174564276,45860855,174564060,0,0,1665976335,779,distance_to_pickup,BATCH,hungarian,0,0,order,1
1665977114,89126,564,6935.336545547015,1,True,True,1251,False,658,802,45889630,174546285,45885632,174540618,0,0,1665977089,25,distance_to_pickup,BATCH,hungarian,0,0,order,1
1665977114,45044,2985,1632.5198314262525,1,True,True,3825,False,658,802,45885327,174536696,45883847,174536007,0,0,1665976603,511,distance_to_pickup,BATCH,hungarian,0,0,order,1
1665977114,25832,3520,868.7398920275274,1,True,True,2592,False,658,802,45889748,174535576,45890418,174536129,0,0,1665976395,719,distance_to_pickup,BATCH,hungarian,0,0,order,1
1665977114,95400,618,1910.2005130352154,1,True,True,2592,False,658,802,45889748,174535576,45891619,174535961,0,0,1665976505,609,distance_to_pickup,BATCH,hungarian,0,0,order,1
1665977114,67174,1475,307.23443817384793,1,True,True,1985,False,658,802,45883121,174541663,45882814,174541675,0,0,1665976803,311,distance_to_pickup,BATCH,hungarian,0,0,order,1
1665977114,435615,2260,573.149195236284,1,True,True,2253,False,658,802,45905690,174525746,45906260,174525686,0,0,1665976618,496,distance_to_pickup,BATCH,hungarian,0,0,order,1
1665977114,70306,388,434.8436500628703,1,True,True,149,False,658,802,45905905,174526537,45905813,174526112,0,0,1665976976,138,distance_to_pickup,BATCH,hungarian,0,0,order,1
1665977114,443680,1214,6822.141892397138,1,True,True,2806,False,658,802,45912320,174519710,45916378,174525194,0,0,1665977067,47,distance_to_pickup,BATCH,hungarian,0,0,order,1
1665977114,241865,4216,2328.5654382043895,1,True,True,3282,False,658,802,45905669,174544560,45907920,174543964,0,0,1665976267,847,distance_to_pickup,BATCH,hungarian,0,0,order,1
1665977114,408975,474,16035.580095525076,1,True,True,1185,False,658,802,45905340,174559520,45918490,174568697,0,0,1665977073,41,distance_to_pickup,BATCH,hungarian,0,0,order,1
1665977114,215717,2454,6816.539077860553,1,True,True,1102,False,658,802,45895200,174566810,45898823,174572584,0,0,1665977076,38,distance_to_pickup,BATCH,hungarian,0,0,order,1
1665977114,496022,3422,472.2075814723859,1,True,True,1423,False,658,802,45864785,174580827,45864399,174580555,0,0,1665976604,510,distance_to_pickup,BATCH,hungarian,0,0,order,1
1665977114,259147,1773,179.38784797192923,1,True,True,1061,False,658,802,45886802,174544898,45886636,174544830,0,0,1665977077,37,distance_to_pickup,BATCH,hungarian,0,0,order,1
1665977114,293221,52,5769.486805600651,1,True,True,737,False,658,802,45889158,174535054,45891031,174529597,0,0,1665976890,224,distance_to_pickup,BATCH,hungarian,0,0,order,1
1665977114,456860,1236,1676.2589298792714,1,True,True,4694,False,658,802,45861655,174583536,45863195,174584198,0,0,1665976915,199,distance_to_pickup,BATCH,hungarian,0,0,order,1
1665977114,307305,2841,1414.2764934764348,1,True,True,2110,False,658,802,45895200,174566810,45895773,174565517,0,0,1665977074,40,distance_to_pickup,BATCH,hungarian,0,0,order,1
1665977114,247694,1168,1367.6860019755998,1,True,True,3731,False,658,802,45893261,174549184,45894558,174548750,0,0,1665976753,361,distance_to_pickup,BATCH,hungarian,0,0,order,1
1665977114,41765,2555,1144.2923577477916,1,True,True,1149,False,658,802,45868654,174556359,45867936,174557250,0,0,1665977078,36,distance_to_pickup,BATCH,hungarian,0,0,order,1
1665977114,16101,2221,4388.88425456858,1,True,True,3758,False,658,802,45819086,174556431,45818222,174560734,0,0,1665977111,3,distance_to_pickup,BATCH,hungarian,0,0,order,1
1665977114,462107,306,1917.7969131271434,1,True,True,2878,False,658,802,45886802,174544898,45884886,174544815,0,0,1665977005,109,distance_to_pickup,BATCH,hungarian,0,0,order,1
1665977114,177214,928,2599.89076693618,1,True,True,2968,False,658,802,45898320,174550193,45898686,174547619,0,0,1665976356,758,distance_to_pickup,BATCH,hungarian,0,0,order,1
1665977114,522089,1027,46.95742752749558,1,True,True,2730,False,658,802,45879771,174546630,45879750,174546588,0,0,1665976612,502,distance_to_pickup,BATCH,hungarian,0,0,order,1
1665977114,212732,2127,2628.5556870646665,1,True,True,1476,False,658,802,45874835,174545439,45877414,174544931,0,0,1665977008,106,distance_to_pickup,BATCH,hungarian,0,0,order,1
1665977114,334978,1775,6530.65693479607,1,True,True,1920,False,658,802,45896298,174578827,45897840,174585173,0,0,1665977069,45,distance_to_pickup,BATCH,hungarian,0,0,order,1
1665977114,427561,1111,38.2099463490856,1,True,True,2850,False,658,802,45912621,174588027,45912649,174588053,0,0,1665977079,35,distance_to_pickup,BATCH,hungarian,0,0,order,1
1665977114,273391,1159,2022.2415780514455,1,True,True,2593,False,658,802,45882640,174597842,45884535,174597136,0,0,1665977069,45,distance_to_pickup,BATCH,hungarian,0,0,order,1
1665977114,262062,2171,10147.352462588457,1,True,True,1354,False,658,802,45874703,174650344,45864562,174649985,0,0,1665977008,106,distance_to_pickup,BATCH,hungarian,0,0,order,1
1665977114,313016,3178,2050.3331436622684,1,True,True,1760,False,658,802,45906263,174574373,45906558,174576402,0,0,1665976795,319,distance_to_pickup,BATCH,hungarian,0,0,order,1
1665977114,264848,4094,6341.943629519266,1,True,True,1494,False,658,802,45876088,174650428,45875931,174644088,0,0,1665977075,39,distance_to_pickup,BATCH,hungarian,0,0,order,1
1665977114,85996,1657,2409.256316791553,1,True,True,2371,False,658,802,45854218,174605010,45851922,174604280,0,0,1665977070,44,distance_to_pickup,BATCH,hungarian,0,0,order,1
1665977114,45058,273,365.4093594860427,1,True,True,18,False,658,802,45854218,174605010,45853900,174604830,0,0,1665977075,39,distance_to_pickup,BATCH,hungarian,0,0,order,1
1665977114,480553,3511,1856.795088317502,1,True,True,1494,False,658,802,45875732,174650419,45874470,174649057,0,0,1665976705,409,distance_to_pickup,BATCH,hungarian,0,0,order,1
1665977114,212717,3220,864.153921474641,1,True,True,1494,False,658,802,45879830,174648436,45879081,174648867,0,0,1665976378,736,distance_to_pickup,BATCH,hungarian,0,0,order,1
1665977114,177196,561,39.11521443121589,1,True,True,1643,False,658,802,45893543,174584356,45893564,174584323,0,0,1665977081,33,distance_to_pickup,BATCH,hungarian,0,0,order,1
1665977114,398167,1905,6668.691775753322,1,True,True,2053,False,658,802,45887530,174576520,45885599,174582903,0,0,1665977072,42,distance_to_pickup,BATCH,hungarian,0,0,order,1
1665977114,390041,3254,360.8171281965422,1,True,True,2053,False,658,802,45887530,174576520,45887645,174576862,0,0,1665976945,169,distance_to_pickup,BATCH,hungarian,0,0,order,1
1665977114,550615,4390,1053.9316865907392,1,True,True,2666,False,658,802,45856856,174575762,45857890,174575558,0,0,1665971802,5312,distance_to_pickup,BATCH,hungarian,0,0,order,1
1665977114,73397,4099,141.315250415516,1,True,True,1133,False,658,802,45870996,174595448,45871117,174595521,0,0,1665976905,209,distance_to_pickup,BATCH,hungarian,0,0,order,1
1665977114,381842,1964,3345.190726998985,1,True,True,2593,False,658,802,45882640,174597842,45884939,174595412,0,0,1665977008,106,distance_to_pickup,BATCH,hungarian,0,0,order,1
1665977114,501217,686,801.3395035813472,1,True,True,445,False,658,802,45873007,174626168,45872384,174626672,0,0,1665976613,501,distance_to_pickup,BATCH,hungarian,0,0,order,1
1665977114,555819,2531,2059.3285313421948,1,True,True,3708,False,658,802,45875735,174650359,45874740,174648556,0,0,1665976468,646,distance_to_pickup,BATCH,hungarian,0,0,order,1
1665977114,340511,1767,12212.984975017369,1,True,True,2676,False,658,802,45884742,174633571,45889493,174622320,0,0,1665976729,385,distance_to_pickup,BATCH,hungarian,0,0,order,1
1665977114,79835,3525,1606.1372917655576,1,True,True,2329,False,658,802,45866830,174606620,45868436,174606641,0,0,1665977082,32,distance_to_pickup,BATCH,hungarian,0,0,order,1
1665977114,522100,471,9638.56109593128,1,True,True,483,False,658,802,45879942,174634576,45870556,174636768,0,0,1665977069,45,distance_to_pickup,BATCH,hungarian,0,0,order,1
1665977114,427562,3005,3516.966448517813,1,True,True,2662,False,658,802,45907759,174546285,45909386,174543167,0,0,1665977078,36,distance_to_pickup,BATCH,hungarian,0,0,order,1
1665977114,200773,558,109.29318368498559,1,True,True,2187,False,658,802,45909170,174543120,45909229,174543028,0,0,1665977073,41,distance_to_pickup,BATCH,hungarian,0,0,order,1
1665977114,446268,529,635.0590523722971,1,True,True,228,False,658,802,45919710,174542209,45919630,174541579,0,0,1665977071,43,distance_to_pickup,BATCH,hungarian,0,0,order,1
1665977114,416990,2826,3383.088677525317,1,True,True,1523,False,658,802,45769491,174578329,45772824,174578909,0,0,1665977071,43,distance_to_pickup,BATCH,hungarian,0,0,order,1
1665977114,424990,1029,1281.009757964396,1,True,True,622,False,658,802,45766070,174570302,45764801,174570127,0,0,1665977026,88,distance_to_pickup,BATCH,hungarian,0,0,order,1
1665977114,147012,446,1654.2433315567573,1,True,True,980,False,658,802,45767644,174568016,45766164,174567277,0,0,1665977068,46,distance_to_pickup,BATCH,hungarian,0,0,order,1
1665977114,527300,357,7294.09877915017,1,True,True,2825,False,658,802,45924613,174557214,45925787,174564413,0,0,1665977077,37,distance_to_pickup,BATCH,hungarian,0,0,order,1
1665977114,32121,2159,288.4874347350331,1,True,True,269,False,658,802,46052240,174936640,46052115,174936380,0,0,1665977069,45,distance_to_pickup,BATCH,hungarian,0,0,order,1
1665977114,162152,462,10696.20381256827,1,True,True,2993,False,658,802,46050966,174946024,46043992,174954134,0,0,1665977082,32,distance_to_pickup,BATCH,hungarian,0,0,order,1
1665977114,113674,1415,17515.894324869627,1,True,True,1290,False,658,802,46053952,174948831,46054129,174966346,0,0,1665977082,32,distance_to_pickup,BATCH,hungarian,0,0,order,1
1665977114,315755,299,455.0703242357163,1,True,True,840,False,658,802,46052403,174942944,46052620,174942544,0,0,1665977068,46,distance_to_pickup,BATCH,hungarian,0,0,order,1
1665977114,194876,3754,153.0261415575783,1,True,True,3731,False,658,802,45895683,174554863,45895544,174554927,0,0,1665977070,44,distance_to_pickup,BATCH,hungarian,0,0,order,1
1665977114,304467,1538,5715.501465313433,1,True,True,2270,False,658,802,45919660,174549308,45919529,174543594,0,0,1665977077,37,distance_to_pickup,BATCH,hungarian,0,0,order,1
1665977114,276286,4502,3754.7922712182094,1,True,True,946,False,658,802,45849895,174566798,45847736,174569870,0,0,1665977069,45,distance_to_pickup,BATCH,hungarian,0,0,order,1
1665977114,293212,2089,1386.9625085055472,1,True,True,1158,False,658,802,45842552,174575176,45841263,174575688,0,0,1665976712,402,distance_to_pickup,BATCH,hungarian,0,0,order,1
1665977114,19404,2472,1892.3015087453691,1,True,True,1584,False,658,802,45863946,174582310,45863435,174584132,0,0,1665976940,174,distance_to_pickup,BATCH,hungarian,0,0,order,1
1665977114,125697,709,5950.437714992066,1,True,True,4315,False,658,802,45859196,174548153,45855274,174552628,0,0,1665976683,431,distance_to_pickup,BATCH,hungarian,0,0,order,1
1665977114,259128,3012,1682.3355788902522,1,True,True,2471,False,658,802,45865778,174572103,45865300,174570490,0,0,1665976282,832,distance_to_pickup,BATCH,hungarian,0,0,order,1
1665977114,45059,1089,63.00793600809346,1,True,True,278,False,658,802,45898320,174550193,45898371,174550156,0,0,1665976892,222,distance_to_pickup,BATCH,hungarian,0,0,order,1
1665977114,28943,519,13677.31450248915,1,True,True,941,False,658,802,45882550,174555124,45869894,174560310,0,0,1665977040,74,distance_to_pickup,BATCH,hungarian,0,0,order,1
1665977114,537887,2083,9702.13177605829,1,True,True,4782,False,658,802,45874046,174535364,45873406,174525683,0,0,1665976623,491,distance_to_pickup,BATCH,hungarian,0,0,order,1
1665977114,315757,1760,80.30566605165541,1,True,True,2086,False,658,802,45907047,174573121,45906967,174573128,0,0,1665977082,32,distance_to_pickup,BATCH,hungarian,0,0,order,1
1665977114,454283,764,6479.73039562604,1,True,True,764,True,658,802,45902274,174589909,45901029,174596268,0,0,1665977055,59,distance_to_pickup,BATCH,hungarian,0,0,order,1
1665977114,522102,238,8528.862174991456,1,True,True,3084,False,658,802,45894980,174554750,45889971,174561653,0,0,1665976715,399,distance_to_pickup,BATCH,hungarian,0,0,order,1
1665977114,532608,7,4867.564996997986,1,True,True,1362,False,658,802,45885583,174537087,45885278,174532229,0,0,1665977072,42,distance_to_pickup,BATCH,hungarian,0,0,order,1
1665977114,498616,4221,1800.7270753781652,1,True,True,1784,False,658,802,45900444,174539926,45901181,174538283,0,0,1665977059,55,distance_to_pickup,BATCH,hungarian,0,0,order,1
1665977114,315753,243,1299.4191009832048,1,True,True,2965,False,658,802,45882724,174541741,45881971,174540682,0,0,1665976904,210,distance_to_pickup,BATCH,hungarian,0,0,order,1
1665977114,241877,917,4080.332461944737,1,True,True,814,False,658,802,45893881,174533468,45892493,174529631,0,0,1665976686,428,distance_to_pickup,BATCH,hungarian,0,0,order,1
1665977114,212735,1410,2002.588824496931,1,True,True,400,False,658,802,45889660,174545030,45890519,174543221,0,0,1665977072,42,distance_to_pickup,BATCH,hungarian,0,0,order,1
1665977114,22591,3604,8799.056767631404,1,True,True,95,False,658,802,45896231,174555803,45900881,174563273,0,0,1665976351,763,distance_to_pickup,BATCH,hungarian,0,0,order,1
1665977114,122663,2774,1339.7122825442782,1,True,True,278,False,658,802,45898320,174550193,45898122,174548868,0,0,1665977070,44,distance_to_pickup,BATCH,hungarian,0,0,order,1
1665977114,25833,287,1500.6465273341355,1,True,True,95,False,658,802,45896231,174555803,45897357,174556795,0,0,1665976778,336,distance_to_pickup,BATCH,hungarian,0,0,order,1
1665977114,51477,1367,268.9014689435519,1,True,True,1238,False,658,802,45898317,174553837,45898585,174553859,0,0,1665976720,394,distance_to_pickup,BATCH,hungarian,0,0,order,1
1665977114,537933,3197,10227.97149976475,1,True,True,2288,False,658,802,45898320,174550193,45900795,174540269,0,0,1665974152,2962,distance_to_pickup,BATCH,hungarian,0,0,order,1
1665977114,371042,4332,10006.459363830945,1,True,True,75,False,658,802,45898351,174553300,45900924,174543630,0,0,1665976865,249,distance_to_pickup,BATCH,hungarian,0,0,order,1
1665977114,57732,1616,226.92069099136816,1,True,True,287,False,658,802,45894929,174555394,45894866,174555612,0,0,1665977075,39,distance_to_pickup,BATCH,hungarian,0,0,order,1
1665977114,19393,183,8068.8364092971915,1,True,True,2043,False,658,802,45859196,174548153,45853256,174553614,0,0,1665976653,461,distance_to_pickup,BATCH,hungarian,0,0,order,1
1665977114,168128,4223,8562.958016947181,1,True,True,3437,False,658,802,45894980,174554750,45888711,174560583,0,0,1665976721,393,distance_to_pickup,BATCH,hungarian,0,0,order,1
1665977114,60882,3171,322.8188346425902,1,True,True,1585,False,658,802,45898786,174565946,45898852,174566262,0,0,1665976938,176,distance_to_pickup,BATCH,hungarian,0,0,order,1
1665977114,203736,331,14311.841321087933,1,True,True,115,False,658,802,45898300,174553788,45908421,174543669,0,0,1665976673,441,distance_to_pickup,BATCH,hungarian,0,0,order,1
1665977114,427563,117,183.50476833041697,1,True,True,1693,False,658,802,45886650,174551414,45886807,174551509,0,0,1665977082,32,distance_to_pickup,BATCH,hungarian,0,0,order,1
1665977114,392747,2196,4532.916500444278,1,True,True,1149,False,658,802,45866351,174556191,45867127,174560657,0,0,1665976377,737,distance_to_pickup,BATCH,hungarian,0,0,order,1
1665977114,45051,4932,1351.3330455516877,1,True,True,171,False,658,802,45860925,174555679,45860015,174556678,0,0,1665976896,218,distance_to_pickup,BATCH,hungarian,0,0,order,1
1665977114,35371,888,11524.682945747358,1,True,True,103,False,658,802,45902806,174555734,45913872,174552515,0,0,1665976986,128,distance_to_pickup,BATCH,hungarian,0,0,order,1
1665977114,147013,1896,4380.380120491828,1,True,True,1589,False,658,802,45920232,174542120,45921381,174537893,0,0,1665977075,39,distance_to_pickup,BATCH,hungarian,0,0,order,1
1665977114,116618,2068,7602.862947600726,1,True,True,3697,False,658,802,45860307,174548890,45857245,174555849,0,0,1665976978,136,distance_to_pickup,BATCH,hungarian,0,0,order,1
1665977114,488203,2509,1620.320955860289,1,True,True,723,False,658,802,45879720,174547850,45878108,174548014,0,0,1665976566,548,distance_to_pickup,BATCH,hungarian,0,0,order,1
1665977114,446269,4729,2587.3793691687347,1,True,True,322,False,658,802,45821950,174527737,45820166,174529611,0,0,1665977082,32,distance_to_pickup,BATCH,hungarian,0,0,order,1
1665977114,522101,900,4293.738813668107,1,True,True,80,False,658,802,45840017,174551254,45841954,174547422,0,0,1665977067,47,distance_to_pickup,BATCH,hungarian,0,0,order,1
1665977114,122662,554,4216.5028163159095,1,True,True,1866,False,658,802,45856328,174549215,45852192,174548395,0,0,1665977078,36,distance_to_pickup,BATCH,hungarian,0,0,order,1
1665977114,301697,173,3504.5606001323476,1,True,True,2038,False,658,802,45856330,174579593,45854703,174582697,0,0,1665976862,252,distance_to_pickup,BATCH,hungarian,0,0,order,1
1665977114,98375,2263,612.4516307431959,1,True,True,1160,False,658,802,45851052,174551377,45851193,174551973,0,0,1665976658,456,distance_to_pickup,BATCH,hungarian,0,0,order,1
1665977114,28940,1704,2276.8849334123147,1,True,True,4319,False,658,802,45864620,174583120,45863663,174585186,0,0,1665977066,48,distance_to_pickup,BATCH,hungarian,0,0,order,1
1665977114,35363,2715,818.1912979248801,1,True,True,78,False,658,802,45849940,174550490,45849354,174551061,0,0,1665976900,214,distance_to_pickup,BATCH,hungarian,0,0,order,1
1665977114,454281,3804,2178.7377079400817,1,True,True,2309,False,658,802,45839765,174551620,45837728,174550847,0,0,1665977052,62,distance_to_pickup,BATCH,hungarian,0,0,order,1
1665977114,159026,265,573.1710041514661,1,True,True,2309,False,658,802,45839765,174551620,45839912,174551066,0,0,1665977072,42,distance_to_pickup,BATCH,hungarian,0,0,order,1
1665977114,244728,413,8499.084303617656,1,True,True,2480,False,658,802,45857992,174606072,45852795,174612797,0,0,1665977069,45,distance_to_pickup,BATCH,hungarian,0,0,order,1
1665977114,171195,263,138.10141201305655,1,True,True,959,False,658,802,45876782,174545911,45876918,174545887,0,0,1665977074,40,distance_to_pickup,BATCH,hungarian,0,0,order,1
1665977114,16090,2842,2325.6743108182623,1,True,True,916,False,658,802,45842552,174575176,45844808,174574611,0,0,1665976695,419,distance_to_pickup,BATCH,hungarian,0,0,order,1
1665977114,403633,4367,7705.966130213654,1,True,True,1043,False,658,802,45849071,174527541,45852536,174520658,0,0,1665976626,488,distance_to_pickup,BATCH,hungarian,0,0,order,1
1665977114,206682,3111,371.23173355735634,1,True,True,4194,False,658,802,45885356,174542714,45885498,174543057,0,0,1665977064,50,distance_to_pickup,BATCH,hungarian,0,0,order,1
1665977114,153047,43,561.0080213330288,1,True,True,32,False,658,802,45874800,174648440,45874803,174647879,0,0,1665976935,179,distance_to_pickup,BATCH,hungarian,0,0,order,1
1665977114,197824,4022,705.4622597984956,1,True,True,121,False,658,802,45898678,174578044,45899212,174578505,0,0,1665976638,476,distance_to_pickup,BATCH,hungarian,0,0,order,1
1665977114,244691,3559,387.9304061297593,1,True,True,112,False,658,802,45863417,174579658,45863490,174579277,0,0,1665973572,3542,distance_to_pickup,BATCH,hungarian,0,0,order,1
1665977114,558416,3,675.2962312940892,1,True,True,3408,False,658,802,45866961,174601021,45866297,174600898,0,0,1665976649,465,distance_to_pickup,BATCH,hungarian,0,0,order,1
1665977114,563528,3771,971.2888344874557,1,True,True,570,False,658,802,45880251,174649827,45880392,174650788,0,0,1665976965,149,distance_to_pickup,BATCH,hungarian,0,0,order,1
1665977114,435628,3408,369.0121949204389,1,True,True,2189,False,658,802,45870770,174595580,45871139,174595577,0,0,1665977067,47,distance_to_pickup,BATCH,hungarian,0,0,order,1
1665977114,107539,3170,15748.81763815938,1,True,True,3058,False,658,802,45871022,174644091,45856873,174637175,0,0,1665976644,470,distance_to_pickup,BATCH,hungarian,0,0,order,1
1665977114,63978,1332,284.07921430474283,1,True,True,1190,False,658,802,45852183,174556342,45852108,174556616,0,0,1665976217,897,distance_to_pickup,BATCH,hungarian,0,0,order,1
1665977114,241885,3548,853.2836574082502,1,True,True,1314,False,658,802,45885478,174592525,45885860,174593288,0,0,1665976761,353,distance_to_pickup,BATCH,hungarian,0,0,order,1
1665977114,67172,316,223.1882613400624,1,True,True,720,False,658,802,45886780,174581795,45886677,174581993,0,0,1665976677,437,distance_to_pickup,BATCH,hungarian,0,0,order,1
1665977114,459489,3271,249.27494860093742,1,True,True,720,False,658,802,45887576,174581297,45887473,174581524,0,0,1665977074,40,distance_to_pickup,BATCH,hungarian,0,0,order,1
1665977114,427564,451,253.51331325987596,1,True,True,4054,False,658,802,45883093,174592612,45883330,174592702,0,0,1665977070,44,distance_to_pickup,BATCH,hungarian,0,0,order,1
1665977114,359999,2844,543.6699366343518,1,True,True,875,False,658,802,45860600,174576756,45860179,174576412,0,0,1665977074,40,distance_to_pickup,BATCH,hungarian,0,0,order,1
1665977114,555829,2498,86.97700845625813,1,True,True,2063,False,658,802,45869487,174570705,45869405,174570734,0,0,1665977077,37,distance_to_pickup,BATCH,hungarian,0,0,order,1
1665977114,392760,875,291.6779045454078,1,True,True,1292,False,658,802,45857789,174567827,45857515,174567727,0,0,1665977066,48,distance_to_pickup,BATCH,hungarian,0,0,order,1
1665977114,392744,1618,3515.0738256827553,1,True,True,3440,False,658,802,45879400,174647910,45878588,174644490,0,0,1665976372,742,distance_to_pickup,BATCH,hungarian,0,0,order,1
1665977114,236059,1813,262.43475379606264,1,True,True,2186,False,658,802,45870933,174595486,45871187,174595552,0,0,1665977003,111,distance_to_pickup,BATCH,hungarian,0,0,order,1
1665977114,368319,1041,2081.3726240152196,1,True,True,1564,False,658,802,45766076,174566855,45764020,174567179,0,0,1665977062,52,distance_to_pickup,BATCH,hungarian,0,0,order,1
1665977114,203744,3453,2009.6218549767018,1,True,True,740,False,658,802,45763899,174566859,45762485,174568287,0,0,1665977075,39,distance_to_pickup,BATCH,hungarian,0,0,order,1
1665977114,6492,1804,52.839379254491625,1,True,True,2003,False,658,802,45766245,174567179,45766199,174567205,0,0,1665977072,42,distance_to_pickup,BATCH,hungarian,0,0,order,1
1665977114,483073,3315,877.0410480701573,1,True,True,1339,False,658,802,45919710,174542209,45919215,174541485,0,0,1665977079,35,distance_to_pickup,BATCH,hungarian,0,0,order,1
1665977114,41767,459,3358.6981108757004,1,True,True,120,False,658,802,46062472,174946061,46063470,174949268,0,0,1665977020,94,distance_to_pickup,BATCH,hungarian,0,0,order,1
1665977114,432911,2150,105.94810050208545,1,True,True,63,False,658,802,45920280,174542065,45920315,174541965,0,0,1665977078,36,distance_to_pickup,BATCH,hungarian,0,0,order,1
1665977114,334979,2895,149.57606760441325,1,True,True,820,False,658,802,45905809,174529038,45905856,174529180,0,0,1665977072,42,distance_to_pickup,BATCH,hungarian,0,0,order,1
1665977114,524715,1067,1671.8998175728113,1,True,True,3549,False,658,802,46043232,174940147,46042700,174941732,0,0,1665977068,46,distance_to_pickup,BATCH,hungarian,0,0,order,1
1665977114,419685,1498,7942.100729655851,1,True,True,1054,False,658,802,46048736,174947932,46042726,174953124,0,0,1665977073,41,distance_to_pickup,BATCH,hungarian,0,0,order,1
1665977114,446270,904,339821.0932255383,1,True,True,21,False,658,802,46045145,174938665,45899769,174631510,0,0,1665977071,43,distance_to_pickup,BATCH,hungarian,0,0,order,1
1665977114,259151,342,16947.672465562933,1,True,True,3446,False,658,802,46058867,174947322,46060276,174964211,0,0,1665977074,40,distance_to_pickup,BATCH,hungarian,0,0,order,1
1665977114,379186,831,3272.7549556910003,1,True,True,3555,False,658,802,46051686,174940992,46054841,174941862,0,0,1665977078,36,distance_to_pickup,BATCH,hungarian,0,0,order,1
1665977114,406340,2885,12568.950831314442,1,True,True,1217,False,658,802,46052333,174932853,46060514,174923311,0,0,1665977071,43,distance_to_pickup,BATCH,hungarian,0,0,order,1
1665977114,483072,2993,1614.006815351162,1,True,True,269,False,658,802,46050732,174942316,46052345,174942259,0,0,1665977065,49,distance_to_pickup,BATCH,hungarian,0,0,order,1
1665977114,506461,3886,342635.2962787109,1,True,True,1757,False,658,802,46045390,174938695,45899874,174628495,0,0,1665977082,32,distance_to_pickup,BATCH,hungarian,0,0,order,1
1665977114,218641,3274,375.6660751252367,1,True,True,1601,False,658,802,45920811,174542956,45921146,174542786,0,0,1665977082,32,distance_to_pickup,BATCH,hungarian,0,0,order,1
1665977114,310178,991,13591.173606425606,1,True,True,3725,False,658,802,45901279,174543589,45905959,174530829,0,0,1665977072,42,distance_to_pickup,BATCH,hungarian,0,0,order,1
1665977114,259150,2803,8295.691713172568,1,True,True,2993,False,658,802,46051728,174940222,46059873,174941796,0,0,1665977067,47,distance_to_pickup,BATCH,hungarian,0,0,order,1
1665977114,119650,323,312238.2472936331,1,True,True,2849,False,658,802,46042834,174939970,45872666,174678177,0,0,1665977071,43,distance_to_pickup,BATCH,hungarian,0,0,order,1
1665977114,85999,501,1634.726276781529,1,True,True,2144,False,658,802,45910030,174526320,45910649,174524807,0,0,1665977077,37,distance_to_pickup,BATCH,hungarian,0,0,order,1
1665977114,259146,2554,307.09281984442424,1,True,False,75,False,658,802,45895789,174555609,45895954,174555868,0,0,1665976964,150,distance_to_pickup,BATCH,hungarian,0,0,order,1
1665977114,321260,2181,604.4145928086118,1,True,False,2921,False,658,802,45919951,174516559,45920432,174516925,0,0,1665976748,366,distance_to_pickup,BATCH,hungarian,0,0,order,1
1665977114,12964,180,10007.589120262683,1,True,False,339,False,658,802,45902660,174556330,45902392,174566334,0,0,1665976986,128,distance_to_pickup,BATCH,hungarian,0,0,order,1
1665977114,140944,1689,8762.33587578107,1,True,False,3840,False,658,802,45892888,174567981,45890931,174576522,0,0,1665977072,42,distance_to_pickup,BATCH,hungarian,0,0,order,1
1665977114,180222,1215,4734.827979979843,1,True,False,1105,False,658,802,45892700,174568290,45890514,174572490,0,0,1665976817,297,distance_to_pickup,BATCH,hungarian,0,0,order,1
1665977114,76554,2431,23936.263054202926,1,True,False,1040,False,658,802,45898371,174553499,45905979,174530804,0,0,1665976833,281,distance_to_pickup,BATCH,hungarian,0,0,order,1
1665977114,113670,1719,5069.79220481471,1,True,False,1117,False,658,802,45865723,174573423,45860735,174572516,0,0,1665976568,546,distance_to_pickup,BATCH,hungarian,0,0,order,1
1665977114,159024,1400,411.254179310071,1,True,False,925,False,658,802,45895728,174555530,45895939,174555883,0,0,1665976884,230,distance_to_pickup,BATCH,hungarian,0,0,order,1
1665977114,454279,1455,413.73421420037283,1,True,False,1831,False,658,802,45862950,174564010,45862676,174564320,0,0,1665977011,103,distance_to_pickup,BATCH,hungarian,0,0,order,1
1665977114,496025,681,1212.5860794186942,1,True,False,1276,False,658,802,45880733,174580196,45879727,174580873,0,0,1665976888,226,distance_to_pickup,BATCH,hungarian,0,0,order,1
1665977114,137869,4752,9460.545544523318,1,True,False,1811,False,658,802,45896917,174551954,45896746,174542495,0,0,1665976866,248,distance_to_pickup,BATCH,hungarian,0,0,order,1
1665977114,209744,3829,11433.485295394401,1,True,False,42,False,658,802,45924573,174557435,45920154,174567980,0,0,1665976556,558,distance_to_pickup,BATCH,hungarian,0,0,order,1
1665977114,273387,4030,817.2056044839634,1,True,False,279,False,658,802,45905899,174526998,45905839,174527813,0,0,1665976968,146,distance_to_pickup,BATCH,hungarian,0,0,order,1
1665977114,45035,488,10279.725336797672,1,True,False,3090,False,658,802,45905669,174544560,45910301,174535383,0,0,1665976196,918,distance_to_pickup,BATCH,hungarian,0,0,order,1
1665977114,516904,1658,293.6153946917634,1,True,False,1272,False,658,802,45861427,174575615,45861236,174575838,0,0,1665976484,630,distance_to_pickup,BATCH,hungarian,0,0,order,1
1665977114,519413,967,3983.500470691575,1,True,False,689,False,658,802,45885892,174563248,45883768,174566618,0,0,1665977032,82,distance_to_pickup,BATCH,hungarian,0,0,order,1
1665977114,122659,3670,133.5440002396214,1,True,False,3721,False,658,802,45897597,174552952,45897512,174552849,0,0,1665976969,145,distance_to_pickup,BATCH,hungarian,0,0,order,1
1665977114,233013,2880,8863.755637425933,1,True,False,4019,False,658,802,45897008,174553031,45897266,174544171,0,0,1665975929,1185,distance_to_pickup,BATCH,hungarian,0,0,order,1
1665977114,224396,2851,1162.9006836355372,1,True,False,1281,False,658,802,45906263,174574373,45906600,174573260,0,0,1665977038,76,distance_to_pickup,BATCH,hungarian,0,0,order,1
1665977114,94,88,99.4786409235671,1,True,False,88,False,658,802,45866450,174536750,45866400,174536664,0,0,1665977098,16,distance_to_pickup,BATCH,hungarian,0,0,order,1
1665977114,70312,3265,3618.6181064047087,1,True,False,4342,False,658,802,45868335,174545710,45864756,174545176,0,0,1665977014,100,distance_to_pickup,BATCH,hungarian,0,0,order,1
1665977114,177197,4368,5061.200252904443,1,True,False,262,False,658,802,45859122,174540364,45857290,174545082,0,0,1665976592,522,distance_to_pickup,BATCH,hungarian,0,0,order,1
1665977114,443679,3259,1409.2792484103354,1,True,False,161,False,658,802,45874046,174535364,45873724,174533992,0,0,1665977102,12,distance_to_pickup,BATCH,hungarian,0,0,order,1
1665977114,189068,3568,1015.986220378997,1,True,False,266,False,658,802,45880733,174580196,45879971,174580868,0,0,1665976557,557,distance_to_pickup,BATCH,hungarian,0,0,order,1
1665977114,290374,4317,1038.9927814956175,1,True,False,981,False,658,802,45862111,174564163,45861136,174563804,0,0,1665976541,573,distance_to_pickup,BATCH,hungarian,0,0,order,1
1665977114,209754,748,5255.624130395932,1,True,False,266,False,658,802,45877890,174578340,45874251,174582132,0,0,1665976977,137,distance_to_pickup,BATCH,hungarian,0,0,order,1
1665977114,262053,1655,3453.38239990882,1,True,False,2126,False,658,802,45890990,174546350,45893913,174544511,0,0,1665976931,183,distance_to_pickup,BATCH,hungarian,0,0,order,1
1665977114,548095,1070,1383.1286997239267,1,True,False,404,False,658,802,45887304,174545246,45885938,174545029,0,0,1665976780,334,distance_to_pickup,BATCH,hungarian,0,0,order,1
1665977114,6491,3911,289.0847626562147,1,True,False,905,False,658,802,45880173,174546649,45879956,174546458,0,0,1665976980,134,distance_to_pickup,BATCH,hungarian,0,0,order,1
1665977114,259148,1938,1133.044129767239,1,True,False,2716,False,658,802,45889630,174546285,45890235,174545327,0,0,1665977093,21,distance_to_pickup,BATCH,hungarian,0,0,order,1
1665977114,509053,4044,2832.371621097768,1,True,False,1325,False,658,802,45890977,174577191,45890550,174579991,0,0,1665977038,76,distance_to_pickup,BATCH,hungarian,0,0,order,1
1665977114,92249,876,9402.781981945556,1,True,False,1250,False,658,802,45895360,174576670,45890295,174584592,0,0,1665976572,542,distance_to_pickup,BATCH,hungarian,0,0,order,1
1665977114,22586,2347,601.295268566118,1,True,False,1451,False,658,802,45869765,174595640,45870355,174595524,0,0,1665976790,324,distance_to_pickup,BATCH,hungarian,0,0,order,1
1665977114,206667,1737,752.2898377620157,1,True,False,196,False,658,802,45878269,174600078,45878145,174600820,0,0,1665976620,494,distance_to_pickup,BATCH,hungarian,0,0,order,1
1665977114,98382,2486,106.88779163215975,1,True,False,4398,False,658,802,45874664,174648154,45874644,174648049,0,0,1665976544,570,distance_to_pickup,BATCH,hungarian,0,0,order,1
1665977114,511729,3087,920.4390256828532,1,True,False,3087,False,658,802,45879039,174649978,45879241,174649080,0,0,1665977041,73,distance_to_pickup,BATCH,hungarian,0,0,order,1
1665977114,548098,1237,637.6362599476288,1,True,False,1319,False,658,802,45879923,174634741,45879375,174635067,0,0,1665976906,208,distance_to_pickup,BATCH,hungarian,0,0,order,1
1665977114,203733,40,369.47665690811914,1,True,False,1319,False,658,802,45879942,174634576,45879615,174634748,0,0,1665976750,364,distance_to_pickup,BATCH,hungarian,0,0,order,1
1665977114,351614,2786,187.25650856512306,1,True,False,224,False,658,802,45870386,174606490,45870205,174606442,0,0,1665977104,10,distance_to_pickup,BATCH,hungarian,0,0,order,1
1665977114,221500,2687,257.1633721975196,1,True,False,1095,False,658,802,45863946,174582310,45864084,174582527,0,0,1665972217,4897,distance_to_pickup,BATCH,hungarian,0,0,order,1
1665977114,459457,78,315.9303720758737,1,True,False,1699,False,658,802,45850935,174552690,45851239,174552776,0,0,1665974381,2733,distance_to_pickup,BATCH,hungarian,0,0,order,1
1665977114,171191,1241,590.8113065945844,1,True,False,20,False,658,802,45859852,174565050,45859655,174565607,0,0,1665977064,50,distance_to_pickup,BATCH,hungarian,0,0,order,1
1665977114,276287,3491,6244.400451604622,1,True,False,31,False,658,802,46045870,174938788,46043241,174933124,0,0,1665977052,62,distance_to_pickup,BATCH,hungarian,0,0,order,1
1665977114,304464,1523,7668.924370470738,1,True,False,1786,False,658,802,45774990,174561220,45778066,174568245,0,0,1665977097,17,distance_to_pickup,BATCH,hungarian,0,0,order,1
1665977114,298821,740,4507.77605921146,1,True,False,980,False,658,802,45767217,174569826,45762964,174568332,0,0,1665977097,17,distance_to_pickup,BATCH,hungarian,0,0,order,1
1665977114,194872,2289,1581.5157286603253,1,True,False,852,False,658,802,45872453,174584718,45872299,174586292,0,0,1665976825,289,distance_to_pickup,BATCH,hungarian,0,0,order,1
1665977114,215706,2057,7480.817401861911,1,True,False,830,False,658,802,45914350,174561390,45918248,174567775,0,0,1665976833,281,distance_to_pickup,BATCH,hungarian,0,0,order,1
1665977114,12970,3267,221.46105752479374,1,True,False,1061,False,658,802,45889986,174545204,45890123,174545030,0,0,1665977046,68,distance_to_pickup,BATCH,hungarian,0,0,order,1
1665977114,67180,99,324.35320254315354,1,True,False,2295,False,658,802,45861574,174545446,45861252,174545485,0,0,1665977079,35,distance_to_pickup,BATCH,hungarian,0,0,order,1
1665977114,247681,2659,122.98373876248843,1,True,False,2332,False,658,802,45896070,174555813,45895960,174555868,0,0,1665976572,542,distance_to_pickup,BATCH,hungarian,0,0,order,1
1665977114,414282,4139,4389.808651866275,1,True,False,95,False,658,802,45894980,174554750,45891394,174557282,0,0,1665970950,6164,distance_to_pickup,BATCH,hungarian,0,0,order,1
1665977114,19408,759,2521.6552103727427,1,True,False,1211,False,658,802,45877696,174531930,45875468,174530749,0,0,1665977067,47,distance_to_pickup,BATCH,hungarian,0,0,order,1
1665977114,477932,162,2767.4753838110287,1,True,False,2793,False,658,802,45885675,174551319,45883361,174552837,0,0,1665976886,228,distance_to_pickup,BATCH,hungarian,0,0,order,1
1665977114,171178,783,2169.2885930645557,1,True,False,783,False,658,802,45817053,174564463,45815191,174563350,0,0,1665976158,956,distance_to_pickup,BATCH,hungarian,0,0,order,1
1665977114,334974,2473,1985.9116294538385,1,True,False,3087,False,658,802,45875750,174650344,45874892,174648553,0,0,1665977023,91,distance_to_pickup,BATCH,hungarian,0,0,order,1
1665977114,368317,2497,2785.0403946801202,1,True,False,1494,False,658,802,45876088,174650428,45876073,174647643,0,0,1665977074,40,distance_to_pickup,BATCH,hungarian,0,0,order,1
1665977114,119648,3246,952.1181649354244,1,True,False,1831,False,658,802,45878050,174576479,45877330,174575856,0,0,1665977071,43,distance_to_pickup,BATCH,hungarian,0,0,order,1
1665977114,522099,509,3319.4969498404425,1,True,False,20,False,658,802,45870123,174570701,45869349,174567473,0,0,1665977079,35,distance_to_pickup,BATCH,hungarian,0,0,order,1
1665977114,191945,855,7146.013853890853,1,True,False,3572,False,658,802,45887530,174576520,45885847,174583465,0,0,1665977070,44,distance_to_pickup,BATCH,hungarian,0,0,order,1
1665977114,329452,1448,8094.026068650879,1,True,False,4315,False,658,802,45860307,174548890,45858230,174556713,0,0,1665976964,150,distance_to_pickup,BATCH,hungarian,0,0,order,1
1665977114,456867,566,344.0058139043583,1,True,False,2788,False,658,802,45866359,174536720,45866105,174536952,0,0,1665976934,180,distance_to_pickup,BATCH,hungarian,0,0,order,1
1665977114,419684,2357,6732.042929156052,1,True,False,2806,False,658,802,45912320,174519710,45916851,174524689,0,0,1665976548,566,distance_to_pickup,BATCH,hungarian,0,0,order,1
1665977114,304463,1042,72.53275122315436,1,True,False,3825,False,658,802,45887997,174533308,45888067,174533289,0,0,1665977096,18,distance_to_pickup,BATCH,hungarian,0,0,order,1
1665977114,403635,373,460.9772228646444,1,True,False,2773,False,658,802,45894842,174555253,45894590,174555639,0,0,1665976850,264,distance_to_pickup,BATCH,hungarian,0,0,order,1
1665977114,373806,3134,9879.094341082082,1,True,False,3731,False,658,802,45895683,174554863,45890662,174563371,0,0,1665977062,52,distance_to_pickup,BATCH,hungarian,0,0,order,1
1665977114,51465,371,694.8417085926837,1,True,False,2938,False,658,802,45890769,174546558,45891231,174547077,0,0,1665976453,661,distance_to_pickup,BATCH,hungarian,0,0,order,1
1665977114,191949,465,3780.2417912085994,1,True,False,693,False,658,802,45896047,174554578,45894985,174550950,0,0,1665977083,31,distance_to_pickup,BATCH,hungarian,0,0,order,1
1665977114,82942,3266,5493.296642272288,1,True,False,1281,False,658,802,45904394,174568575,45907556,174573067,0,0,1665977082,32,distance_to_pickup,BATCH,hungarian,0,0,order,1
1665977114,128725,2066,2625.146472103985,1,True,False,2454,False,658,802,45892879,174567270,45890866,174568955,0,0,1665976532,582,distance_to_pickup,BATCH,hungarian,0,0,order,1
1665977114,477926,39,7399.106027081921,1,True,False,1585,False,658,802,45895360,174576670,45894147,174583969,0,0,1665976615,499,distance_to_pickup,BATCH,hungarian,0,0,order,1
1665977114,440995,1794,230.67292862405853,1,True,False,1033,False,658,802,45874776,174648428,45874607,174648271,0,0,1665977047,67,distance_to_pickup,BATCH,hungarian,0,0,order,1
1665977114,95403,1098,5420.082840695334,1,True,False,3359,False,658,802,45884761,174635144,45879774,174633021,0,0,1665977080,34,distance_to_pickup,BATCH,hungarian,0,0,order,1
1665977114,290385,4833,2072.2965521372657,1,True,False,139,False,658,802,45909538,174542581,45909781,174540523,0,0,1665977083,31,distance_to_pickup,BATCH,hungarian,0,0,order,1
1665977114,107545,113,1993.9849548078341,1,True,False,818,False,658,802,46047194,174938821,46047068,174936831,0,0,1665977009,105,distance_to_pickup,BATCH,hungarian,0,0,order,1
1665977114,542956,1792,6754.2254922381735,1,True,False,446,False,658,802,45769703,174567541,45775204,174571460,0,0,1665977062,52,distance_to_pickup,BATCH,hungarian,0,0,order,1
1665977114,424991,3648,335627.3783498599,1,True,False,2225,False,658,802,46043190,174939130,45896857,174637083,0,0,1665977068,46,distance_to_pickup,BATCH,hungarian,0,0,order,1
1665977114,89131,2030,48044.420799922234,1,True,False,840,False,658,802,46052554,174946860,46054861,174994849,0,0,1665977058,56,distance_to_pickup,BATCH,hungarian,0,0,order,1
1665977114,419686,1224,19116.241053094094,1,True,False,3185,False,658,802,45885886,174563236,45866770,174563332,0,0,1665977073,41,distance_to_pickup,BATCH,hungarian,0,0,order,1
1665977114,168142,4014,10182.134353857251,1,True,False,1238,False,658,802,45898317,174553837,45905865,174547003,0,0,1665977076,38,distance_to_pickup,BATCH,hungarian,0,0,order,1
1665977114,57725,559,333.6180450755025,1,True,False,672,False,658,802,45864630,174582800,45864679,174583130,0,0,1665976984,130,distance_to_pickup,BATCH,hungarian,0,0,order,1
1665977114,561037,1445,1874.014407628714,1,True,False,1941,False,658,802,45820457,174535806,45819784,174534057,0,0,1665977082,32,distance_to_pickup,BATCH,hungarian,0,0,order,1
1665977114,162154,1282,10600.23778035191,1,True,False,103,False,658,802,45902806,174555734,45907466,174546213,0,0,1665977070,44,distance_to_pickup,BATCH,hungarian,0,0,order,1
1665977114,171189,4108,7206.057521280273,1,True,False,29,False,658,802,45857373,174602526,45860937,174596263,0,0,1665976937,177,distance_to_pickup,BATCH,hungarian,0,0,order,1
1665977114,548101,151,322.0062111202205,1,True,False,848,False,658,802,45870386,174606490,45870064,174606492,0,0,1665977078,36,distance_to_pickup,BATCH,hungarian,0,0,order,1
1665977114,323980,2506,272.8387802347753,1,True,False,720,False,658,802,45887576,174581297,45887736,174581518,0,0,1665976267,847,distance_to_pickup,BATCH,hungarian,0,0,order,1
1665977114,32122,980,137.78606605894515,1,True,False,1041,False,658,802,45767591,174571467,45767540,174571595,0,0,1665977076,38,distance_to_pickup,BATCH,hungarian,0,0,order,1
1665977114,253378,2264,115.83609109426992,1,True,False,1759,False,658,802,45772747,174569973,45772850,174570026,0,0,1665977071,43,distance_to_pickup,BATCH,hungarian,0,0,order,1
1665977114,472666,697,322087.11475779343,1,True,False,1975,False,658,802,46043162,174939975,45873820,174665998,0,0,1665977077,37,distance_to_pickup,BATCH,hungarian,0,0,order,1
1665977114,140946,1814,265.42418879973997,1,True,False,332,False,658,802,46044917,174938628,46044770,174938849,0,0,1665976973,141,distance_to_pickup,BATCH,hungarian,0,0,order,1
1665977114,191947,1152,14050.07558698529,1,True,False,2993,False,658,802,46050966,174946024,46041166,174956092,0,0,1665977082,32,distance_to_pickup,BATCH,hungarian,0,0,order,1
1665977234,171178,1135,9106.724218949425,1,True,True,783,False,714,314,45817053,174564463,45817428,174573562,0,0,1665976158,1076,distance_to_pickup,BATCH,hungarian,0,0,order,1
1665977234,516904,1527,3536.799259217294,1,True,True,1272,False,714,314,45861427,174575615,45859809,174572470,0,0,1665976484,750,distance_to_pickup,BATCH,hungarian,0,0,order,1
1665977234,290374,3745,1526.699053513822,1,True,True,981,False,714,314,45862111,174564163,45860960,174563160,0,0,1665976541,693,distance_to_pickup,BATCH,hungarian,0,0,order,1
1665977234,98382,2497,13215.95857287696,1,True,True,4398,False,714,314,45874664,174648154,45876789,174635110,0,0,1665976544,690,distance_to_pickup,BATCH,hungarian,0,0,order,1
1665977234,189068,3568,404.8357691706601,1,True,True,266,False,714,314,45880733,174580196,45880759,174580600,0,0,1665976557,677,distance_to_pickup,BATCH,hungarian,0,0,order,1
1665977234,113670,1117,5434.326545212387,1,True,True,1117,True,714,314,45865723,174573423,45860419,174572240,0,0,1665976568,666,distance_to_pickup,BATCH,hungarian,0,0,order,1
1665977234,247681,3670,79.05694150420949,1,True,True,2332,False,714,314,45896070,174555813,45895991,174555816,0,0,1665976572,662,distance_to_pickup,BATCH,hungarian,0,0,order,1
1665977234,206667,2770,3511.755828641849,1,True,True,196,False,714,314,45878269,174600078,45880842,174597688,0,0,1665976620,614,distance_to_pickup,BATCH,hungarian,0,0,order,1
1665977234,321260,2181,3862.1413749369663,1,True,True,2921,False,714,314,45919951,174516559,45919645,174520409,0,0,1665976748,486,distance_to_pickup,BATCH,hungarian,0,0,order,1
1665977234,203733,1098,1564.048912278641,1,True,True,1319,False,714,314,45879942,174634576,45879774,174633021,0,0,1665976750,484,distance_to_pickup,BATCH,hungarian,0,0,order,1
1665977234,22586,2347,581.4989251924719,1,True,True,1451,False,714,314,45869765,174595640,45870336,174595530,0,0,1665976790,444,distance_to_pickup,BATCH,hungarian,0,0,order,1
1665977234,180222,2066,1950.8411006537667,1,True,True,1105,False,714,314,45892700,174568290,45890866,174568955,0,0,1665976817,417,distance_to_pickup,BATCH,hungarian,0,0,order,1
1665977234,194872,3069,5790.946468410842,1,True,True,852,False,714,314,45872453,174584718,45871459,174590423,0,0,1665976825,409,distance_to_pickup,BATCH,hungarian,0,0,order,1
1665977234,215706,380,314.58703088334715,1,True,True,830,False,714,314,45914350,174561390,45914108,174561189,0,0,1665976833,401,distance_to_pickup,BATCH,hungarian,0,0,order,1
1665977234,137869,693,2821.5758008602215,1,True,True,1811,False,714,314,45896917,174551954,45895284,174549653,0,0,1665976866,368,distance_to_pickup,BATCH,hungarian,0,0,order,1
1665977234,548098,40,1541.3776305629974,1,True,True,1319,False,714,314,45879923,174634741,45879469,174636214,0,0,1665976906,328,distance_to_pickup,BATCH,hungarian,0,0,order,1
1665977234,456867,566,122.80065146407001,1,True,True,2788,False,714,314,45866359,174536720,45866325,174536838,0,0,1665976934,300,distance_to_pickup,BATCH,hungarian,0,0,order,1
1665977234,171189,4412,3779.118018797508,1,True,True,29,False,714,314,45857373,174602526,45854206,174604588,0,0,1665976937,297,distance_to_pickup,BATCH,hungarian,0,0,order,1
1665977234,273387,3722,5765.8987157250685,1,True,True,279,False,714,314,45905899,174526998,45905687,174521236,0,0,1665976968,266,distance_to_pickup,BATCH,hungarian,0,0,order,1
1665977234,57725,297,7846.875811429667,1,True,True,672,False,714,314,45864630,174582800,45869096,174589252,0,0,1665976984,250,distance_to_pickup,BATCH,hungarian,0,0,order,1
1665977234,454279,1129,4478.503879645523,1,True,True,1831,False,714,314,45862950,174564010,45864181,174568316,0,0,1665977011,223,distance_to_pickup,BATCH,hungarian,0,0,order,1
1665977234,70312,99,256.4995126701024,1,True,True,4342,False,714,314,45868335,174545710,45868351,174545454,0,0,1665977014,220,distance_to_pickup,BATCH,hungarian,0,0,order,1
1665977234,224396,2179,2091.759068344153,1,True,True,1281,False,714,314,45906263,174574373,45906443,174576457,0,0,1665977038,196,distance_to_pickup,BATCH,hungarian,0,0,order,1
1665977234,440995,2473,172.29045243425418,1,True,True,1033,False,714,314,45874776,174648428,45874948,174648418,0,0,1665977047,187,distance_to_pickup,BATCH,hungarian,0,0,order,1
1665977234,171191,1241,731.1538825719248,1,True,True,20,False,714,314,45859852,174565050,45859571,174565725,0,0,1665977064,170,distance_to_pickup,BATCH,hungarian,0,0,order,1
1665977234,19408,691,2359.620732236433,1,True,True,1211,False,714,314,45877696,174531930,45875987,174533557,0,0,1665977067,167,distance_to_pickup,BATCH,hungarian,0,0,order,1
1665977234,424991,3491,780.2473966633917,1,True,True,2225,False,714,314,46043190,174939130,46042715,174938511,0,0,1665977068,166,distance_to_pickup,BATCH,hungarian,0,0,order,1
1665977234,119648,3246,952.1181649354244,1,True,True,1831,False,714,314,45878050,174576479,45877330,174575856,0,0,1665977071,163,distance_to_pickup,BATCH,hungarian,0,0,order,1
1665977234,140944,1689,2060.0468441275793,1,True,True,3840,False,714,314,45892888,174567981,45890831,174567869,0,0,1665977072,162,distance_to_pickup,BATCH,hungarian,0,0,order,1
1665977234,548101,2280,6030.838167286534,1,True,True,848,False,714,314,45870386,174606490,45870201,174600462,0,0,1665977078,156,distance_to_pickup,BATCH,hungarian,0,0,order,1
1665977234,67180,4342,2213.6237259299514,1,True,True,2295,False,714,314,45861574,174545446,45863445,174544263,0,0,1665977079,155,distance_to_pickup,BATCH,hungarian,0,0,order,1
1665977234,95403,2462,510.2910933967004,1,True,True,3359,False,714,314,45884761,174635144,45884287,174635333,0,0,1665977080,154,distance_to_pickup,BATCH,hungarian,0,0,order,1
1665977234,561037,106,9652.522261046592,1,True,True,1941,False,714,314,45820457,174535806,45815582,174527475,0,0,1665977082,152,distance_to_pickup,BATCH,hungarian,0,0,order,1
1665977234,290385,488,3932.653048515722,1,True,True,139,False,714,314,45909538,174542581,45911422,174539129,0,0,1665977083,151,distance_to_pickup,BATCH,hungarian,0,0,order,1
1665977234,304463,1042,11.704699910719626,1,True,True,3825,False,714,314,45887997,174533308,45888008,174533304,0,0,1665977096,138,distance_to_pickup,BATCH,hungarian,0,0,order,1
1665977234,298821,980,257.62957904712727,1,True,True,980,True,714,314,45767217,174569826,45767474,174569844,0,0,1665977097,137,distance_to_pickup,BATCH,hungarian,0,0,order,1
1665977234,351614,151,4515.6799045105045,1,True,True,224,False,714,314,45870386,174606490,45871539,174602124,0,0,1665977104,130,distance_to_pickup,BATCH,hungarian,0,0,order,1
1665977234,194877,2880,741.6906363167867,1,True,True,2336,False,714,314,45893138,174543617,45892719,174544229,0,0,1665977194,40,distance_to_pickup,BATCH,hungarian,0,0,order,1
1665977234,35356,2554,130.59862173851607,1,True,True,2827,False,714,314,45896070,174555813,45895954,174555873,0,0,1665976660,574,distance_to_pickup,BATCH,hungarian,0,0,order,1
1665977234,25847,2689,361.178626167164,1,True,True,965,False,714,314,45896190,174554821,45896539,174554728,0,0,1665977163,71,distance_to_pickup,BATCH,hungarian,0,0,order,1
1665977234,107544,373,181.8130908378162,1,True,True,693,False,714,314,45894760,174555551,45894644,174555691,0,0,1665977150,84,distance_to_pickup,BATCH,hungarian,0,0,order,1
1665977234,32114,221,11541.13534276416,1,True,True,1423,False,714,314,45862946,174583985,45855439,174592751,0,0,1665976972,262,distance_to_pickup,BATCH,hungarian,0,0,order,1
1665977234,177198,2659,151.81897114655993,1,True,True,4542,False,714,314,45897087,174552977,45896967,174552884,0,0,1665977209,25,distance_to_pickup,BATCH,hungarian,0,0,order,1
1665977234,60881,509,644.7891128113129,1,True,True,2400,False,714,314,45869364,174570875,45869161,174570263,0,0,1665976912,322,distance_to_pickup,BATCH,hungarian,0,0,order,1
1665977234,60877,4803,4037.997647349488,1,True,True,1347,False,714,314,45862879,174581321,45860559,174578016,0,0,1665976687,547,distance_to_pickup,BATCH,hungarian,0,0,order,1
1665977234,38498,3951,3875.8743529686303,1,True,True,2596,False,714,314,45862990,174575360,45860431,174572449,0,0,1665976677,557,distance_to_pickup,BATCH,hungarian,0,0,order,1
1665977234,101597,3750,210.7225664232476,1,True,True,2038,False,714,314,45859909,174572340,45859707,174572280,0,0,1665976687,547,distance_to_pickup,BATCH,hungarian,0,0,order,1
1665977234,555822,148,714.8825078290838,1,True,True,1581,False,714,314,45860696,174563613,45860065,174563949,0,0,1665976669,565,distance_to_pickup,BATCH,hungarian,0,0,order,1
1665977234,390042,627,728.3323417231999,1,True,True,2573,False,714,314,45912385,174588064,45913113,174588042,0,0,1665977228,6,distance_to_pickup,BATCH,hungarian,0,0,order,1
1665977234,535226,3322,11070.078229172548,1,True,True,292,False,714,314,45885007,174521596,45882733,174510762,0,0,1665976670,564,distance_to_pickup,BATCH,hungarian,0,0,order,1
1665977234,276279,800,6434.255978743774,1,True,True,2846,False,714,314,45839765,174551620,45840110,174558045,0,0,1665976483,751,distance_to_pickup,BATCH,hungarian,0,0,order,1
1665977234,270520,406,13391.37707631295,1,True,True,844,False,714,314,45853755,174527370,45852143,174514076,0,0,1665977223,11,distance_to_pickup,BATCH,hungarian,0,0,order,1
1665977234,519399,1304,5904.6642580251755,1,True,True,266,False,714,314,45879281,174580549,45877143,174586053,0,0,1665976302,932,distance_to_pickup,BATCH,hungarian,0,0,order,1
1665977234,122658,1870,2372.8314310123255,1,True,True,1292,False,714,314,45863106,174563647,45865366,174564370,0,0,1665976972,262,distance_to_pickup,BATCH,hungarian,0,0,order,1
1665977234,9716,2357,5733.154280149803,1,True,True,1510,False,714,314,45912295,174530150,45914498,174535443,0,0,1665975936,1298,distance_to_pickup,BATCH,hungarian,0,0,order,1
1665977234,215718,3911,2007.1395068604475,1,True,True,2984,False,714,314,45880376,174546956,45882256,174547659,0,0,1665977203,31,distance_to_pickup,BATCH,hungarian,0,0,order,1
1665977234,256236,2848,203.9730374338726,1,True,True,875,False,714,314,45857789,174567827,45857740,174568025,0,0,1665977208,26,distance_to_pickup,BATCH,hungarian,0,0,order,1
1665977234,253379,3127,952.1607007223098,1,True,True,1958,False,714,314,45858252,174567353,45858741,174568170,0,0,1665977194,40,distance_to_pickup,BATCH,hungarian,0,0,order,1
1665977234,323982,3318,4965.640039310139,1,True,True,1618,False,714,314,45879933,174650744,45878624,174655534,0,0,1665976901,333,distance_to_pickup,BATCH,hungarian,0,0,order,1
1665977234,250582,3540,1185.504533943249,1,True,True,1191,False,714,314,45878745,174634478,45877990,174635392,0,0,1665977150,84,distance_to_pickup,BATCH,hungarian,0,0,order,1
1665977234,323981,4108,7982.8434157260035,1,True,True,3008,False,714,314,45868994,174597121,45861064,174596204,0,0,1665977152,82,distance_to_pickup,BATCH,hungarian,0,0,order,1
1665977234,326750,4267,2176.0599716000474,1,True,True,2009,False,714,314,45880329,174649743,45880538,174647577,0,0,1665977147,87,distance_to_pickup,BATCH,hungarian,0,0,order,1
1665977234,67153,2786,1216.1291049884464,1,True,True,2739,False,714,314,45870933,174595486,45871254,174596659,0,0,1665975990,1244,distance_to_pickup,BATCH,hungarian,0,0,order,1
1665977234,403632,3203,183.69812192834198,1,True,True,854,False,714,314,45868992,174606599,45868823,174606527,0,0,1665977224,10,distance_to_pickup,BATCH,hungarian,0,0,order,1
1665977234,153050,4276,136.194713553794,1,True,True,3030,False,714,314,45871180,174595520,45871198,174595655,0,0,1665977158,76,distance_to_pickup,BATCH,hungarian,0,0,order,1
1665977234,480563,2777,121.8031198286809,1,True,True,3280,False,714,314,45870386,174606490,45870446,174606596,0,0,1665977219,15,distance_to_pickup,BATCH,hungarian,0,0,order,1
1665977234,165198,3634,10158.173310197066,1,True,True,1314,False,714,314,45886063,174587132,45877824,174593074,0,0,1665976656,578,distance_to_pickup,BATCH,hungarian,0,0,order,1
1665977234,215721,782,3573.020151076677,1,True,True,674,False,714,314,45886081,174590587,45888094,174593539,0,0,1665976909,325,distance_to_pickup,BATCH,hungarian,0,0,order,1
1665977234,376544,2990,1690.3623871821096,1,True,True,848,False,714,314,45874819,174607415,45876150,174606373,0,0,1665977051,183,distance_to_pickup,BATCH,hungarian,0,0,order,1
1665977234,45042,29,7555.0724682163045,1,True,True,18,False,714,314,45852846,174602424,45848394,174608528,0,0,1665976449,785,distance_to_pickup,BATCH,hungarian,0,0,order,1
1665977234,158982,1152,5646.82397458961,1,True,True,128,False,714,314,46048736,174947932,46043131,174948618,0,0,1665975158,2076,distance_to_pickup,BATCH,hungarian,0,0,order,1
1665977234,241884,2144,472.2975756871932,1,True,True,2466,False,714,314,45923859,174522059,45923736,174522515,0,0,1665977216,18,distance_to_pickup,BATCH,hungarian,0,0,order,1
1665977234,3215,2039,11225.825804812757,1,True,True,2052,False,714,314,45920938,174542134,45926687,174532492,0,0,1665976739,495,distance_to_pickup,BATCH,hungarian,0,0,order,1
1665977234,540437,2264,962.5559723984886,1,True,True,169,False,714,314,45774170,174567780,45773225,174567963,0,0,1665977191,43,distance_to_pickup,BATCH,hungarian,0,0,order,1
1665977234,276288,2431,1899.1392787260233,1,True,True,489,False,714,314,45905781,174531306,45905804,174533205,0,0,1665977162,72,distance_to_pickup,BATCH,hungarian,0,0,order,1
1665977234,183208,1282,2190.5289315596815,1,True,True,3725,False,714,314,45907759,174546285,45908755,174544334,0,0,1665976369,865,distance_to_pickup,BATCH,hungarian,0,0,order,1
1665977234,493450,4833,4638.596447202537,1,True,True,489,False,714,314,45905781,174531306,45909745,174533715,0,0,1665977205,29,distance_to_pickup,BATCH,hungarian,0,0,order,1
1665977234,92256,3140,156.6780137734711,1,True,True,1096,False,714,314,45905850,174529930,45906002,174529892,0,0,1665976999,235,distance_to_pickup,BATCH,hungarian,0,0,order,1
1665977234,162156,371,3902.483440067363,1,True,True,2696,False,714,314,45892850,174552390,45894146,174548709,0,0,1665976946,288,distance_to_pickup,BATCH,hungarian,0,0,order,1
1665977234,84,2041,130.41855696180662,1,True,True,78,False,714,314,45851375,174554560,45851350,174554688,0,0,1665976696,538,distance_to_pickup,BATCH,hungarian,0,0,order,1
1665977234,430255,4674,975.2727823537372,1,True,True,68,False,714,314,45878035,174578011,45877129,174577650,0,0,1665977034,200,distance_to_pickup,BATCH,hungarian,0,0,order,1
1665977234,555825,3015,2708.1539838052045,1,True,True,130,False,714,314,45846545,174587961,45843842,174587794,0,0,1665977006,228,distance_to_pickup,BATCH,hungarian,0,0,order,1
1665977234,230207,783,1092.2536335485454,1,True,True,1711,False,714,314,45816820,174564467,45815733,174564360,0,0,1665977195,39,distance_to_pickup,BATCH,hungarian,0,0,order,1
1665977234,70303,633,9183.023739487991,1,True,True,4205,False,714,314,45832673,174539284,45831419,174530187,0,0,1665976878,356,distance_to_pickup,BATCH,hungarian,0,0,order,1
1665977234,411677,2556,11706.393680378258,1,True,True,1383,False,714,314,45907047,174573121,45917064,174579179,0,0,1665977202,32,distance_to_pickup,BATCH,hungarian,0,0,order,1
1665977234,368320,3266,2272.201575564985,1,True,True,1383,False,714,314,45906843,174571930,45908599,174573372,0,0,1665977185,49,distance_to_pickup,BATCH,hungarian,0,0,order,1
1665977234,493448,715,22117.4931897808,1,True,True,18,False,714,314,45855591,174605363,45840123,174621172,0,0,1665977141,93,distance_to_pickup,BATCH,hungarian,0,0,order,1
1665977234,485675,162,2429.128444524908,1,True,True,2055,False,714,314,45884568,174549661,45882307,174548773,0,0,1665977202,32,distance_to_pickup,BATCH,hungarian,0,0,order,1
1665977234,9733,1702,8072.885791338807,1,True,True,140,False,714,314,45852904,174549538,45846886,174544157,0,0,1665976552,682,distance_to_pickup,BATCH,hungarian,0,0,order,1
1665977234,430260,748,4260.840292712225,1,True,True,734,False,714,314,45874736,174577874,45874162,174582096,0,0,1665977196,38,distance_to_pickup,BATCH,hungarian,0,0,order,1
1665977234,348807,4421,7343.847765306686,1,True,True,2358,False,714,314,45847390,174551830,45845984,174559038,0,0,1665976940,294,distance_to_pickup,BATCH,hungarian,0,0,order,1
1665977234,326751,552,4830.157450849817,1,True,True,937,False,714,314,45863303,174559942,45858473,174559981,0,0,1665976899,335,distance_to_pickup,BATCH,hungarian,0,0,order,1
1665977234,168129,4555,9942.898219332228,1,True,True,78,False,714,314,45850935,174552690,45845938,174561286,0,0,1665977178,56,distance_to_pickup,BATCH,hungarian,0,0,order,1
1665977234,82944,1156,8464.88304703615,1,True,True,977,False,714,314,45866142,174578749,45860495,174572443,0,0,1665977176,58,distance_to_pickup,BATCH,hungarian,0,0,order,1
1665977234,171196,4752,2167.070834098415,1,True,True,1784,False,714,314,45897763,174541033,45896963,174543047,0,0,1665977198,36,distance_to_pickup,BATCH,hungarian,0,0,order,1
1665977234,218634,475,7146.940604202612,1,True,True,1000,False,714,314,45911894,174529244,45916508,174534702,0,0,1665976593,641,distance_to_pickup,BATCH,hungarian,0,0,order,1
1665977234,64008,1323,23164.480568318384,1,True,True,80,False,714,314,45840017,174551254,45819799,174539948,0,0,1665977195,39,distance_to_pickup,BATCH,hungarian,0,0,order,1
1665977234,340515,1936,4084.6096508724063,1,True,True,1783,False,714,314,45850935,174552690,45851129,174556770,0,0,1665977182,52,distance_to_pickup,BATCH,hungarian,0,0,order,1
1665977234,365596,4026,893.5882720806043,1,True,True,2985,False,714,314,45877839,174533529,45878729,174533609,0,0,1665977202,32,distance_to_pickup,BATCH,hungarian,0,0,order,1
1665977234,451742,2784,4611.901668509423,1,True,True,73,False,714,314,45883480,174592800,45879466,174595071,0,0,1665977132,102,distance_to_pickup,BATCH,hungarian,0,0,order,1
1665977234,548099,4320,5103.602649109745,1,True,True,474,False,714,314,45907083,174574096,45911169,174577154,0,0,1665976955,279,distance_to_pickup,BATCH,hungarian,0,0,order,1
1665977234,119654,876,1004.0567713032964,1,True,True,1542,False,714,314,45893081,174584158,45893984,174584597,0,0,1665977191,43,distance_to_pickup,BATCH,hungarian,0,0,order,1
1665977234,284888,2219,4010.694204249434,1,True,True,355,False,714,314,45858252,174567353,45858900,174571311,0,0,1665977195,39,distance_to_pickup,BATCH,hungarian,0,0,order,1
1665977234,137866,2574,843.6735150518831,1,True,True,2307,False,714,314,45879192,174649067,45879421,174648255,0,0,1665977113,121,distance_to_pickup,BATCH,hungarian,0,0,order,1
1665977234,315751,337,208.86598574205422,1,True,True,974,False,714,314,45875142,174590607,45875282,174590762,0,0,1665976828,406,distance_to_pickup,BATCH,hungarian,0,0,order,1
1665977234,522103,2038,5674.674440000942,1,True,True,790,False,714,314,45857882,174577642,45852931,174574869,0,0,1665977202,32,distance_to_pickup,BATCH,hungarian,0,0,order,1
1665977234,527301,170,2108.8681798538287,1,True,True,74,False,714,314,45858951,174566601,45859133,174568702,0,0,1665977188,46,distance_to_pickup,BATCH,hungarian,0,0,order,1
1665977234,379183,3958,5238.7224587679775,1,True,True,2669,False,714,314,45884468,174592977,45881531,174597315,0,0,1665977016,218,distance_to_pickup,BATCH,hungarian,0,0,order,1
1665977234,140920,1727,7565.898823008407,1,True,True,2145,False,714,314,45854218,174605010,45848346,174609781,0,0,1665976208,1026,distance_to_pickup,BATCH,hungarian,0,0,order,1
1665977234,189065,3442,1409.3150818748802,1,True,True,2237,False,714,314,45879940,174634580,45878952,174635585,0,0,1665977064,170,distance_to_pickup,BATCH,hungarian,0,0,order,1
1665977234,411675,1794,454.7669732951152,1,True,True,2448,False,714,314,45875705,174650492,45875263,174650385,0,0,1665977134,100,distance_to_pickup,BATCH,hungarian,0,0,order,1
1665977234,32117,1164,12889.126735353331,1,True,True,3708,False,714,314,45874726,174648194,45877714,174635656,0,0,1665977069,165,distance_to_pickup,BATCH,hungarian,0,0,order,1
1665977234,51478,4446,16705.393141138582,1,True,True,1319,False,714,314,45884892,174635297,45900104,174628393,0,0,1665977186,48,distance_to_pickup,BATCH,hungarian,0,0,order,1
1665977234,488213,1071,5326.843155190511,1,True,True,4634,False,714,314,45920509,174542823,45921236,174548100,0,0,1665977194,40,distance_to_pickup,BATCH,hungarian,0,0,order,1
1665977234,548103,740,1796.2739212046697,1,True,True,446,False,714,314,45764674,174568882,45762964,174568332,0,0,1665977181,53,distance_to_pickup,BATCH,hungarian,0,0,order,1
1665977234,212738,113,200.24984394500785,1,True,True,1152,False,714,314,46043750,174938854,46043904,174938726,0,0,1665977185,49,distance_to_pickup,BATCH,hungarian,0,0,order,1
1665977234,73389,1070,517.6040958106881,1,True,True,2126,False,714,314,45885544,174543242,45885519,174543759,0,0,1665976401,833,distance_to_pickup,BATCH,hungarian,0,0,order,1
1665977234,430209,1334,26686.4503446974,1,True,True,3239,False,714,314,45830770,174561358,45815024,174582904,0,0,1665972710,4524,distance_to_pickup,BATCH,hungarian,0,0,order,1
1665977234,267679,1153,7058.081609049304,1,True,True,57,False,714,314,45858376,174534230,45852922,174529750,0,0,1665976569,665,distance_to_pickup,BATCH,hungarian,0,0,order,1
1665977234,92252,3380,38902.031052375656,1,True,True,2428,False,714,314,45892442,174524992,45880588,174487940,0,0,1665976703,531,distance_to_pickup,BATCH,hungarian,0,0,order,1
1665977234,376549,761,2997.268756718356,1,True,True,761,True,714,314,45840017,174551254,45837071,174550702,0,0,1665977202,32,distance_to_pickup,BATCH,hungarian,0,0,order,1
1665977234,315759,2289,5631.17341235377,1,True,True,1543,False,714,314,45869838,174579770,45871155,174585245,0,0,1665976999,235,distance_to_pickup,BATCH,hungarian,0,0,order,1
1665977234,48295,2851,1320.1049200726434,1,True,True,3178,False,714,314,45903168,174575807,45904487,174575861,0,0,1665976674,560,distance_to_pickup,BATCH,hungarian,0,0,order,1
1665977234,365595,2658,6834.034386802571,1,True,True,1007,False,714,314,45849895,174566798,45845840,174561297,0,0,1665977140,94,distance_to_pickup,BATCH,hungarian,0,0,order,1
1665977234,110608,3053,270.6325922722539,1,True,True,130,False,714,314,45846823,174586799,45846604,174586958,0,0,1665977203,31,distance_to_pickup,BATCH,hungarian,0,0,order,1
1665977234,537893,159,8702.39650900831,1,True,True,84,False,714,314,45869364,174570875,45860705,174571743,0,0,1665976976,258,distance_to_pickup,BATCH,hungarian,0,0,order,1
1665977234,440991,1725,12205.649060988113,1,True,True,3176,False,714,314,45849647,174566845,45838257,174571232,0,0,1665976793,441,distance_to_pickup,BATCH,hungarian,0,0,order,1
1665977234,398166,2687,45.79301256742124,1,True,True,2090,False,714,314,45864108,174582488,45864084,174582527,0,0,1665976974,260,distance_to_pickup,BATCH,hungarian,0,0,order,1
1665977234,189071,1719,8233.863005904337,1,True,True,1336,False,714,314,45868799,174574282,45860755,174572524,0,0,1665977096,138,distance_to_pickup,BATCH,hungarian,0,0,order,1
1665977234,67183,631,5860.44648469722,1,True,True,3238,False,714,314,45863190,174577346,45860213,174572298,0,0,1665976453,781,distance_to_pickup,BATCH,hungarian,0,0,order,1
1665977234,332275,2300,5426.884281058516,1,True,True,3238,False,714,314,45863190,174577346,45860542,174572609,0,0,1665977193,41,distance_to_pickup,BATCH,hungarian,0,0,order,1
1665977234,282030,716,3927.056149331201,1,True,True,4647,False,714,314,45859227,174576074,45859248,174572147,0,0,1665976913,321,distance_to_pickup,BATCH,hungarian,0,0,order,1
1665977234,119640,1953,5527.618293623394,1,True,True,76,False,714,314,45842390,174575013,45840382,174580163,0,0,1665976717,517,distance_to_pickup,BATCH,hungarian,0,0,order,1
1665977234,462104,4704,6220.427316511302,1,True,True,681,False,714,314,45885570,174596500,45889470,174601346,0,0,1665976902,332,distance_to_pickup,BATCH,hungarian,0,0,order,1
1665977234,191950,356,991.4761721796444,1,True,True,2751,False,714,314,45885025,174593601,45885970,174593301,0,0,1665977202,32,distance_to_pickup,BATCH,hungarian,0,0,order,1
1665977234,563512,479,104.80935072788114,1,True,True,1190,False,714,314,45852183,174556342,45852131,174556433,0,0,1665976320,914,distance_to_pickup,BATCH,hungarian,0,0,order,1
1665977234,419687,4317,1544.7527310220235,1,True,True,1311,False,714,314,45860440,174563526,45859615,174562220,0,0,1665977186,48,distance_to_pickup,BATCH,hungarian,0,0,order,1
1665977234,270521,78,633.2282368940918,1,True,True,171,False,714,314,45850935,174552690,45850918,174552057,0,0,1665977202,32,distance_to_pickup,BATCH,hungarian,0,0,order,1
1665977234,183221,4128,4918.744758574082,1,True,True,1292,False,714,314,45858344,174577760,45854183,174575137,0,0,1665977192,42,distance_to_pickup,BATCH,hungarian,0,0,order,1
1665977234,290387,3093,3275.763422471165,1,True,True,1311,False,714,314,45860440,174563526,45858385,174560975,0,0,1665977194,40,distance_to_pickup,BATCH,hungarian,0,0,order,1
1665977234,440998,1224,285.0438562747845,1,True,True,1646,False,714,314,45866511,174563245,45866776,174563350,0,0,1665977201,33,distance_to_pickup,BATCH,hungarian,0,0,order,1
1665977234,296039,1641,4083.8072922213164,1,True,True,2307,False,714,314,45880013,174648313,45879582,174644252,0,0,1665977167,67,distance_to_pickup,BATCH,hungarian,0,0,order,1
1665977234,376547,2486,932.5974479913614,1,True,True,1033,False,714,314,45875690,174650269,45874783,174650052,0,0,1665977141,93,distance_to_pickup,BATCH,hungarian,0,0,order,1
1665977234,343390,720,510.2166206622438,1,True,True,2891,False,714,314,45885303,174582680,45885563,174583119,0,0,1665977097,137,distance_to_pickup,BATCH,hungarian,0,0,order,1
1665977234,48302,2283,4297.854930078492,1,True,True,232,False,714,314,45889913,174596658,45891267,174600737,0,0,1665976913,321,distance_to_pickup,BATCH,hungarian,0,0,order,1
1665977234,537898,3558,2021.3342128406177,1,True,True,3372,False,714,314,45870659,174606674,45871303,174604758,0,0,1665977200,34,distance_to_pickup,BATCH,hungarian,0,0,order,1
1665977234,501226,786,178.07021087200408,1,True,True,1356,False,714,314,45876130,174591527,45876300,174591474,0,0,1665977196,38,distance_to_pickup,BATCH,hungarian,0,0,order,1
1665977234,279190,717,1904.7209769412423,1,True,True,2972,False,714,314,45871050,174595451,45871169,174593550,0,0,1665976788,446,distance_to_pickup,BATCH,hungarian,0,0,order,1
1665977234,73403,2367,32.802438933713454,1,True,True,2005,False,714,314,45885789,174597626,45885815,174597646,0,0,1665976745,489,distance_to_pickup,BATCH,hungarian,0,0,order,1
1665977234,432908,4417,7431.73209958486,1,True,True,3008,False,714,314,45867072,174602180,45860133,174599519,0,0,1665976869,365,distance_to_pickup,BATCH,hungarian,0,0,order,1
1665977234,110603,1308,27.459060435491963,1,True,True,2972,False,714,314,45870933,174595486,45870948,174595463,0,0,1665976739,495,distance_to_pickup,BATCH,hungarian,0,0,order,1
1665977234,555831,2024,408.7701065391157,1,True,True,1638,False,714,314,45880151,174634388,45880528,174634546,0,0,1665977197,37,distance_to_pickup,BATCH,hungarian,0,0,order,1
1665977234,159025,4628,6018.695041285943,1,True,True,1033,False,714,314,45875564,174647464,45876633,174641541,0,0,1665977140,94,distance_to_pickup,BATCH,hungarian,0,0,order,1
1665977234,548104,3570,375.0306654128433,1,True,True,1593,False,714,314,45900944,174525819,45900846,174525457,0,0,1665977201,33,distance_to_pickup,BATCH,hungarian,0,0,order,1
1665977234,522104,1609,5742.884379821694,1,True,True,3446,False,714,314,46052240,174936640,46056580,174940401,0,0,1665977184,50,distance_to_pickup,BATCH,hungarian,0,0,order,1
1665977234,493445,98,12526.35737155858,1,True,True,2038,False,714,314,45856330,174579593,45843807,174579883,0,0,1665976984,250,distance_to_pickup,BATCH,hungarian,0,0,order,1
1665977234,99,2141,7881.226363961386,1,True,True,92,False,714,314,45920248,174541838,45924313,174535086,0,0,1665976946,288,distance_to_pickup,BATCH,hungarian,0,0,order,1
1665977234,156048,1862,236.81427321848656,1,True,True,419,False,714,314,45921142,174542028,45921282,174541837,0,0,1665977132,102,distance_to_pickup,BATCH,hungarian,0,0,order,1
1665977234,430244,3134,271.4479692316743,1,True,True,473,False,714,314,45890484,174561508,45890406,174561768,0,0,1665976399,835,distance_to_pickup,BATCH,hungarian,0,0,order,1
1665977234,384551,2054,6755.783448276003,1,True,True,1499,False,714,314,45856379,174586795,45850378,174589898,0,0,1665977107,127,distance_to_pickup,BATCH,hungarian,0,0,order,1
1665977234,159017,1037,3004.099865184245,1,True,True,2846,False,714,314,45839765,174551620,45836855,174552366,0,0,1665976876,358,distance_to_pickup,BATCH,hungarian,0,0,order,1
1665977234,144003,1445,8439.970675304507,1,True,True,4206,False,714,314,45819086,174556431,45819214,174547992,0,0,1665977139,95,distance_to_pickup,BATCH,hungarian,0,0,order,1
1665977234,416992,180,3375.0592587390224,1,True,True,2689,False,714,314,45898999,174566316,45901854,174564516,0,0,1665977187,47,distance_to_pickup,BATCH,hungarian,0,0,order,1
1665977234,535235,545,5561.822093522949,1,True,True,4207,False,714,314,45863190,174577346,45860401,174572534,0,0,1665977194,40,distance_to_pickup,BATCH,hungarian,0,0,order,1
1665977234,233019,4030,85.47514258543241,1,True,True,4483,False,714,314,45905814,174527696,45905823,174527781,0,0,1665976646,588,distance_to_pickup,BATCH,hungarian,0,0,order,1
1665977234,351602,3518,3483.298723911,1,True,True,1336,False,714,314,45879281,174580549,45879454,174584028,0,0,1665976395,839,distance_to_pickup,BATCH,hungarian,0,0,order,1
1665977234,93,702,11770.446083305424,1,True,True,87,False,714,314,45862946,174583985,45855271,174592909,0,0,1665977073,161,distance_to_pickup,BATCH,hungarian,0,0,order,1
1665977234,501221,759,10.816653826391969,1,True,True,2345,False,714,314,45877486,174529889,45877495,174529883,0,0,1665976794,440,distance_to_pickup,BATCH,hungarian,0,0,order,1
1665977234,270510,4573,46178.13790095915,1,True,True,1256,False,714,314,45860907,174525837,45850043,174480955,0,0,1665976824,410,distance_to_pickup,BATCH,hungarian,0,0,order,1
1665977234,215701,233,12019.766428679053,1,True,True,4674,False,714,314,45861845,174583822,45852094,174590850,0,0,1665976411,823,distance_to_pickup,BATCH,hungarian,0,0,order,1
1665977234,236068,3523,3099.0850262617837,1,True,True,1292,False,714,314,45856483,174575047,45853421,174574569,0,0,1665977189,45,distance_to_pickup,BATCH,hungarian,0,0,order,1
1665977234,134870,1448,6988.0560959397,1,True,True,1220,False,714,314,45865184,174556784,45858196,174556812,0,0,1665977116,118,distance_to_pickup,BATCH,hungarian,0,0,order,1
1665977234,315758,3454,2242.2731769345146,1,True,True,1543,False,714,314,45864620,174583120,45864585,174585362,0,0,1665977193,41,distance_to_pickup,BATCH,hungarian,0,0,order,1
1665977234,301701,2596,2474.794941000163,1,True,True,2183,False,714,314,45869055,174573267,45866662,174572636,0,0,1665977041,193,distance_to_pickup,BATCH,hungarian,0,0,order,1
1665977234,276290,4082,2864.7165653865304,1,True,True,168,False,714,314,45896168,174555742,45898692,174557097,0,0,1665976901,333,distance_to_pickup,BATCH,hungarian,0,0,order,1
1665977234,177193,2057,6241.760008202815,1,True,True,3266,False,714,314,45907518,174567959,45913510,174566211,0,0,1665976986,248,distance_to_pickup,BATCH,hungarian,0,0,order,1
1665977234,104583,3091,12132.22275595037,1,True,True,1733,False,714,314,45907150,174570600,45917040,174577627,0,0,1665977215,19,distance_to_pickup,BATCH,hungarian,0,0,order,1
1665977234,70298,3373,253.45019234555733,1,True,True,2972,False,714,314,45871124,174595611,45871185,174595857,0,0,1665976749,485,distance_to_pickup,BATCH,hungarian,0,0,order,1
1665977234,493451,3628,1016.020669081097,1,True,True,1311,False,714,314,45860440,174563526,45859563,174564039,0,0,1665977187,47,distance_to_pickup,BATCH,hungarian,0,0,order,1
1665977234,509057,1455,2100.6153860238196,1,True,True,1190,False,714,314,45860696,174563613,45859888,174561674,0,0,1665977187,47,distance_to_pickup,BATCH,hungarian,0,0,order,1
1665977234,122665,4029,5227.0098526786805,1,True,True,963,False,714,314,45860440,174563526,45856764,174559810,0,0,1665977192,42,distance_to_pickup,BATCH,hungarian,0,0,order,1
1665977234,524718,2157,20947.8690563026,1,True,True,2581,False,714,314,45859277,174579627,45838494,174582250,0,0,1665977196,38,distance_to_pickup,BATCH,hungarian,0,0,order,1
1665977234,354439,194,911.8113840043893,1,True,True,2134,False,714,314,45871049,174595452,45871295,174596330,0,0,1665977075,159,distance_to_pickup,BATCH,hungarian,0,0,order,1
1665977234,6480,4635,154.042202009709,1,True,True,2972,False,714,314,45871124,174595611,45871176,174595756,0,0,1665976753,481,distance_to_pickup,BATCH,hungarian,0,0,order,1
1665977234,326723,855,873.3870848598575,1,True,True,1977,False,714,314,45884468,174592977,45885314,174593194,0,0,1665975557,1677,distance_to_pickup,BATCH,hungarian,0,0,order,1
1665977234,73406,1215,727.8743023352315,1,True,True,1645,False,714,314,45890960,174573070,45890515,174572494,0,0,1665977196,38,distance_to_pickup,BATCH,hungarian,0,0,order,1
1665977234,28933,3455,3624.9884137745876,1,True,True,570,False,714,314,45879400,174647910,45879570,174644289,0,0,1665976770,464,distance_to_pickup,BATCH,hungarian,0,0,order,1
1665977234,197831,2940,1861.1740918033433,1,True,True,2922,False,714,314,45883675,174630948,45881863,174631373,0,0,1665977200,34,distance_to_pickup,BATCH,hungarian,0,0,order,1
1665977234,203746,628,2792.6664677329445,1,True,True,628,True,714,314,45772626,174581064,45772881,174583845,0,0,1665977184,50,distance_to_pickup,BATCH,hungarian,0,0,order,1
1665977234,373808,2030,37949.431642647825,1,True,True,2883,False,714,314,46051835,174951074,46051654,174989023,0,0,1665977199,35,distance_to_pickup,BATCH,hungarian,0,0,order,1
1665977234,22590,2389,354.76471075911707,1,True,True,623,False,714,314,45859987,174593971,45860300,174594138,0,0,1665977185,49,distance_to_pickup,BATCH,hungarian,0,0,order,1
1665977234,376550,3779,12204.877877307908,1,True,True,1037,False,714,314,45839765,174551620,45827925,174548658,0,0,1665977125,109,distance_to_pickup,BATCH,hungarian,0,0,order,1
1665977234,365550,163,23168.01815002742,1,True,True,3290,False,714,314,45830770,174561358,45816071,174579266,0,0,1665972796,4438,distance_to_pickup,BATCH,hungarian,0,0,order,1
1665977234,180231,3479,7722.933445265471,1,True,True,1037,False,714,314,45839765,174551620,45832291,174549675,0,0,1665977195,39,distance_to_pickup,BATCH,hungarian,0,0,order,1
1665977234,326753,3265,1259.9162670590454,1,True,True,1274,False,714,314,45871107,174543976,45870437,174545043,0,0,1665977183,51,distance_to_pickup,BATCH,hungarian,0,0,order,1
1665977234,203749,1869,23011.006170960885,1,True,True,57,False,714,314,45861464,174530911,45851930,174509968,0,0,1665977101,133,distance_to_pickup,BATCH,hungarian,0,0,order,1
1665977234,279200,4501,10425.28469635242,1,True,True,3519,False,714,314,45856010,174564151,45845979,174561311,0,0,1665977202,32,distance_to_pickup,BATCH,hungarian,0,0,order,1
1665977234,360003,4624,7436.433352084856,1,True,True,4095,False,714,314,45859277,174579627,45859423,174572192,0,0,1665977197,37,distance_to_pickup,BATCH,hungarian,0,0,order,1
1665977234,119642,3508,186.60117898877274,1,True,True,536,False,714,314,45860748,174572540,45860570,174572484,0,0,1665976920,314,distance_to_pickup,BATCH,hungarian,0,0,order,1
1665977234,100,4139,2605.42894740962,1,True,True,93,False,714,314,45901257,174555664,45899091,174557112,0,0,1665977189,45,distance_to_pickup,BATCH,hungarian,0,0,order,1
1665977234,137873,420,2261.1999027065253,1,True,True,487,False,714,314,45864620,174583120,45864976,174585353,0,0,1665977196,38,distance_to_pickup,BATCH,hungarian,0,0,order,1
1665977234,395444,1147,8595.179637447958,1,True,True,84,False,714,314,45869364,174570875,45860796,174571558,0,0,1665977012,222,distance_to_pickup,BATCH,hungarian,0,0,order,1
1665977234,315749,3817,243.82165613415063,1,True,True,2244,False,714,314,45820029,174523122,45820272,174523142,0,0,1665976789,445,distance_to_pickup,BATCH,hungarian,0,0,order,1
1665977234,298825,2246,6740.5116274656775,1,True,True,782,False,714,314,45897513,174590710,45891714,174594146,0,0,1665977139,95,distance_to_pickup,BATCH,hungarian,0,0,order,1
1665977234,12976,1400,484.83089835529256,1,True,True,4542,False,714,314,45896567,174552813,45896097,174552932,0,0,1665976803,431,distance_to_pickup,BATCH,hungarian,0,0,order,1
1665977234,60889,465,2746.45243905661,1,True,True,4542,False,714,314,45896567,174552813,45895066,174550513,0,0,1665977196,38,distance_to_pickup,BATCH,hungarian,0,0,order,1
1665977234,287658,4817,14159.707624100152,1,True,True,606,False,714,314,45860020,174580680,45847342,174586986,0,0,1665977195,39,distance_to_pickup,BATCH,hungarian,0,0,order,1
1665977234,92262,4329,5407.568862252241,1,True,True,4318,False,714,314,45857425,174567864,45852910,174570840,0,0,1665977214,20,distance_to_pickup,BATCH,hungarian,0,0,order,1
1665977234,301700,1795,14072.064311962193,1,True,True,1113,False,714,314,45860020,174580680,45847233,174586555,0,0,1665977202,32,distance_to_pickup,BATCH,hungarian,0,0,order,1
1665977234,107548,1382,722.3807860124741,1,True,True,4483,False,714,314,45905886,174530604,45906083,174529909,0,0,1665977202,32,distance_to_pickup,BATCH,hungarian,0,0,order,1
1665977234,107,1658,3556.182363152936,1,True,True,100,False,714,314,45862631,174579111,45861238,174575839,0,0,1665977121,113,distance_to_pickup,BATCH,hungarian,0,0,order,1
1665977234,236061,2363,1151.4638509306317,1,True,True,1336,False,714,314,45872453,174584718,45871391,174585163,0,0,1665977080,154,distance_to_pickup,BATCH,hungarian,0,0,order,1
1665977234,137872,3724,34797.350603170926,1,True,True,2510,False,714,314,45853618,174528210,45820290,174518205,0,0,1665977018,216,distance_to_pickup,BATCH,hungarian,0,0,order,1
1665977234,529979,2062,562.0053380529406,1,True,True,1184,False,714,314,45867334,174556652,45867849,174556877,0,0,1665977011,223,distance_to_pickup,BATCH,hungarian,0,0,order,1
1665977234,334977,2465,749.1862251803619,1,True,True,2132,False,714,314,45857789,174567827,45857877,174568571,0,0,1665977134,100,distance_to_pickup,BATCH,hungarian,0,0,order,1
1665977234,334983,756,8824.72719125073,1,True,True,844,False,714,314,45853618,174528210,45847089,174522273,0,0,1665977188,46,distance_to_pickup,BATCH,hungarian,0,0,order,1
1665977234,159029,3398,15637.949290108341,1,True,True,2510,False,714,314,45853618,174528210,45838005,174529093,0,0,1665977196,38,distance_to_pickup,BATCH,hungarian,0,0,order,1
1665977234,318423,138,968.9385945455987,1,True,True,1516,False,714,314,45860680,174544680,45861621,174544911,0,0,1665976494,740,distance_to_pickup,BATCH,hungarian,0,0,order,1
1665977234,360002,978,13628.351184204199,1,True,True,3119,False,714,314,45859514,174606372,45849614,174615738,0,0,1665977138,96,distance_to_pickup,BATCH,hungarian,0,0,order,1
1665977234,227336,926,1507.0461174098157,1,True,True,4191,False,714,314,45885478,174592525,45886616,174593513,0,0,1665977198,36,distance_to_pickup,BATCH,hungarian,0,0,order,1
1665977234,472653,2506,76.92203845452875,1,True,True,2900,False,714,314,45887808,174581517,45887734,174581538,0,0,1665976547,687,distance_to_pickup,BATCH,hungarian,0,0,order,1
1665977234,51472,967,3392.58382357754,1,True,True,3167,False,714,314,45890444,174572525,45887415,174570997,0,0,1665976809,425,distance_to_pickup,BATCH,hungarian,0,0,order,1
1665977234,162144,4187,5953.404572175487,1,True,True,4626,False,714,314,45888173,174591288,45891158,174596439,0,0,1665976782,452,distance_to_pickup,BATCH,hungarian,0,0,order,1
1665977234,493444,2667,10558.131700258336,1,True,True,1838,False,714,314,45902179,174584739,45912627,174583218,0,0,1665976905,329,distance_to_pickup,BATCH,hungarian,0,0,order,1
1665977234,529984,2415,3685.951980153838,1,True,True,690,False,714,314,45846251,174554751,45846060,174558432,0,0,1665977203,31,distance_to_pickup,BATCH,hungarian,0,0,order,1
1665977234,212739,1989,5533.52193453681,1,True,True,3619,False,714,314,45873015,174626148,45876826,174630160,0,0,1665977198,36,distance_to_pickup,BATCH,hungarian,0,0,order,1
1665977234,395449,2480,1102.0653338164666,1,True,True,3119,False,714,314,45854218,174605010,45853270,174604448,0,0,1665977053,181,distance_to_pickup,BATCH,hungarian,0,0,order,1
1665977234,387345,39,334.89252007173883,1,True,True,2173,False,714,314,45894039,174584286,45894147,174583969,0,0,1665977193,41,distance_to_pickup,BATCH,hungarian,0,0,order,1
1665977234,296041,3955,867.6278003844736,1,True,True,1554,False,714,314,45878066,174592040,45877763,174592853,0,0,1665977198,36,distance_to_pickup,BATCH,hungarian,0,0,order,1
1665977234,307293,2839,3742.4719103822276,1,True,True,2088,False,714,314,45858421,174577792,45858641,174574056,0,0,1665976522,712,distance_to_pickup,BATCH,hungarian,0,0,order,1
1665977234,392750,178,4399.000113662194,1,True,True,3117,False,714,314,45859277,174579627,45855216,174577936,0,0,1665976682,552,distance_to_pickup,BATCH,hungarian,0,0,order,1
1665977234,209759,2291,2866.5972859821104,1,True,True,377,False,714,314,45879339,174647396,45879217,174644532,0,0,1665977180,54,distance_to_pickup,BATCH,hungarian,0,0,order,1
1665977234,247697,1138,8129.5021372775345,1,True,True,1962,False,714,314,45868705,174574372,45860786,174572534,0,0,1665977196,38,distance_to_pickup,BATCH,hungarian,0,0,order,1
1665977234,256239,111,16798.60976390606,1,True,True,3619,False,714,314,45873015,174626148,45889338,174622179,0,0,1665976994,240,distance_to_pickup,BATCH,hungarian,0,0,order,1
1665977234,403636,2149,8976.842429273223,1,True,True,454,False,714,314,45923690,174524047,45926824,174532459,0,0,1665977189,45,distance_to_pickup,BATCH,hungarian,0,0,order,1
1665977234,550670,1792,5103.912616806836,1,True,True,2274,False,714,314,45775885,174568013,45778603,174572333,0,0,1665977193,41,distance_to_pickup,BATCH,hungarian,0,0,order,1
1665977234,340519,1814,15769.955865505775,1,True,True,1848,False,714,314,46049380,174954119,46036672,174963457,0,0,1665977199,35,distance_to_pickup,BATCH,hungarian,0,0,order,1
1665977234,416981,4368,1117.6770553250165,1,True,True,1205,False,714,314,45857152,174546198,45857291,174545089,0,0,1665976524,710,distance_to_pickup,BATCH,hungarian,0,0,order,1
1665977234,472668,4014,3635.9639712186367,1,True,True,835,False,714,314,45907759,174546285,45910764,174544238,0,0,1665976970,264,distance_to_pickup,BATCH,hungarian,0,0,order,1
1665977234,137874,2339,1120.165166392885,1,True,True,4694,False,714,314,45859654,174579641,45860457,174578860,0,0,1665977187,47,distance_to_pickup,BATCH,hungarian,0,0,order,1
1665977234,430253,3289,6263.896949982494,1,True,True,3682,False,714,314,45885239,174521472,45884670,174515234,0,0,1665976873,361,distance_to_pickup,BATCH,hungarian,0,0,order,1
1665977234,435630,1742,9778.334469632342,1,True,True,1077,False,714,314,45849161,174550781,45842625,174543508,0,0,1665977194,40,distance_to_pickup,BATCH,hungarian,0,0,order,1
1665977234,159027,3930,13641.53547075988,1,True,True,919,False,714,314,45860020,174580680,45847329,174585683,0,0,1665977195,39,distance_to_pickup,BATCH,hungarian,0,0,order,1
1665977234,371050,4001,1135.0845783464772,1,True,True,2112,False,714,314,45867462,174566858,45866391,174566482,0,0,1665977178,56,distance_to_pickup,BATCH,hungarian,0,0,order,1
1665977234,186099,4465,20782.597648032355,1,True,True,4694,False,714,314,45860020,174580680,45840129,174586702,0,0,1665977202,32,distance_to_pickup,BATCH,hungarian,0,0,order,1
1665977234,304438,2059,200.8830505542964,1,True,True,536,False,714,314,45859780,174572470,45859685,174572293,0,0,1665976098,1136,distance_to_pickup,BATCH,hungarian,0,0,order,1
1665977234,519411,766,3047.5570544290063,1,True,True,2836,False,714,314,45898320,174550193,45900822,174548453,0,0,1665976957,277,distance_to_pickup,BATCH,hungarian,0,0,order,1
1665977234,259154,3976,35167.721848308574,1,True,True,2510,False,714,314,45853618,174528210,45820270,174517044,0,0,1665977073,161,distance_to_pickup,BATCH,hungarian,0,0,order,1
1665977234,441001,2753,4217.234401832557,1,True,True,1605,False,714,314,45862783,174564553,45860328,174567982,0,0,1665976827,407,distance_to_pickup,BATCH,hungarian,0,0,order,1
1665977234,247698,2229,1947.0120698136413,1,True,True,552,False,714,314,45864643,174560225,45866433,174559459,0,0,1665977108,126,distance_to_pickup,BATCH,hungarian,0,0,order,1
1665977234,480554,2467,10206.181705221596,1,True,True,3536,False,714,314,45861811,174582680,45852163,174586009,0,0,1665976728,506,distance_to_pickup,BATCH,hungarian,0,0,order,1
1665977234,340521,2244,42343.70942654883,1,True,True,2510,False,714,314,45853618,174528210,45820566,174501742,0,0,1665977193,41,distance_to_pickup,BATCH,hungarian,0,0,order,1
1665977234,45067,559,900.6225624533287,1,True,True,286,False,714,314,45865368,174580855,45866204,174580520,0,0,1665977180,54,distance_to_pickup,BATCH,hungarian,0,0,order,1
1665977234,307307,969,4225.6688228019,1,True,True,552,False,714,314,45865238,174556784,45861039,174557258,0,0,1665976626,608,distance_to_pickup,BATCH,hungarian,0,0,order,1
1665977234,194878,3509,2317.8000345154887,1,True,True,1597,False,714,314,45818756,174525699,45820147,174523845,0,0,1665977183,51,distance_to_pickup,BATCH,hungarian,0,0,order,1
1665977234,535229,1213,22746.960851946795,1,True,True,3115,False,714,314,45860907,174525837,45865579,174503575,0,0,1665976865,369,distance_to_pickup,BATCH,hungarian,0,0,order,1
1665977234,159005,143,11744.04640658406,1,True,True,2687,False,714,314,45862946,174583985,45854997,174592630,0,0,1665976298,936,distance_to_pickup,BATCH,hungarian,0,0,order,1
1665977234,28949,1938,400.5358910260103,1,True,True,398,False,714,314,45893156,174543777,45893111,174544175,0,0,1665977191,43,distance_to_pickup,BATCH,hungarian,0,0,order,1
1665977234,449044,1655,1576.9641720724032,1,True,True,442,False,714,314,45893552,174543169,45894148,174544629,0,0,1665977191,43,distance_to_pickup,BATCH,hungarian,0,0,order,1
1665977234,318435,4309,1209.9971074345592,1,True,True,2753,False,714,314,45855384,174572020,45854931,174570898,0,0,1665976719,515,distance_to_pickup,BATCH,hungarian,0,0,order,1
1665977234,224398,1362,15419.625546685626,1,True,True,3094,False,714,314,45880388,174529896,45881082,174514492,0,0,1665977195,39,distance_to_pickup,BATCH,hungarian,0,0,order,1
1665977234,253372,3259,3278.995577917116,1,True,True,1895,False,714,314,45874016,174535366,45873552,174532120,0,0,1665977026,208,distance_to_pickup,BATCH,hungarian,0,0,order,1
1665977234,45064,599,15936.47341791778,1,True,True,2368,False,714,314,45846470,174586320,45830911,174589768,0,0,1665977193,41,distance_to_pickup,BATCH,hungarian,0,0,order,1
1665977234,298829,2754,12968.03674424159,1,True,True,3283,False,714,314,45859277,174579627,45846368,174580863,0,0,1665977085,149,distance_to_pickup,BATCH,hungarian,0,0,order,1
1665977234,273396,2496,16054.986297097857,1,True,True,136,False,714,314,45861655,174583536,45847047,174590197,0,0,1665977129,105,distance_to_pickup,BATCH,hungarian,0,0,order,1
1665977234,212741,3718,9912.169540519371,1,True,True,1704,False,714,314,45863450,174583210,45864739,174593038,0,0,1665977200,34,distance_to_pickup,BATCH,hungarian,0,0,order,1
1665977234,122666,172,424.1238026803023,1,True,True,717,False,714,314,45876366,174604891,45876051,174605175,0,0,1665977197,37,distance_to_pickup,BATCH,hungarian,0,0,order,1
1665977234,301703,3648,2465.2180430947687,1,True,True,381,False,714,314,45884892,174635297,45882674,174636373,0,0,1665977199,35,distance_to_pickup,BATCH,hungarian,0,0,order,1
1665977234,107549,2541,265.0,1,True,True,2237,False,714,314,45884975,174634436,45884711,174634413,0,0,1665977020,214,distance_to_pickup,BATCH,hungarian,0,0,order,1
1665977234,134871,2588,5452.201023439983,1,True,True,381,False,714,314,45884892,174635297,45890328,174635717,0,0,1665977047,187,distance_to_pickup,BATCH,hungarian,0,0,order,1
1665977234,113680,1737,4659.3289216366775,1,True,True,717,False,714,314,45876366,174604891,45878251,174600630,0,0,1665976449,785,distance_to_pickup,BATCH,hungarian,0,0,order,1
1665977234,535234,2388,18770.578680477596,1,True,True,2556,False,714,314,45907083,174574096,45922615,174584636,0,0,1665977067,167,distance_to_pickup,BATCH,hungarian,0,0,order,1
1665977234,519414,1387,4825.07751233076,1,True,True,1020,False,714,314,45902093,174580095,45906280,174577697,0,0,1665977092,142,distance_to_pickup,BATCH,hungarian,0,0,order,1
1665977234,236069,3679,3906.708205126152,1,True,True,4276,False,714,314,45868994,174597121,45865182,174597976,0,0,1665976965,269,distance_to_pickup,BATCH,hungarian,0,0,order,1
1665977234,12959,1676,273.8923146055763,1,True,True,1191,False,714,314,45879753,174634491,45879517,174634630,0,0,1665976811,423,distance_to_pickup,BATCH,hungarian,0,0,order,1
1665977234,16113,4147,151.17208737065187,1,True,True,1002,False,714,314,45879830,174648436,45879748,174648309,0,0,1665974234,3000,distance_to_pickup,BATCH,hungarian,0,0,order,1
1665977234,411678,3337,10324.093761681943,1,True,True,1343,False,714,314,45856220,174583459,45846936,174587975,0,0,1665977191,43,distance_to_pickup,BATCH,hungarian,0,0,order,1
1665977234,98383,3008,1573.4118977559563,1,True,True,852,False,714,314,45870533,174595497,45871305,174596868,0,0,1665977192,42,distance_to_pickup,BATCH,hungarian,0,0,order,1
1665977234,416994,671,3860.5421899002736,1,True,True,781,False,714,314,45855857,174553570,45853582,174556689,0,0,1665977197,37,distance_to_pickup,BATCH,hungarian,0,0,order,1
1665977234,177201,4044,1984.1501959277175,1,True,True,1643,False,714,314,45889306,174578183,45890632,174579659,0,0,1665977194,40,distance_to_pickup,BATCH,hungarian,0,0,order,1
1665977234,416993,2644,25380.7971703018,1,True,True,2237,False,714,314,45884975,174634436,45907647,174623027,0,0,1665977189,45,distance_to_pickup,BATCH,hungarian,0,0,order,1
1665977234,483076,1523,902.0088691359969,1,True,True,446,False,714,314,45767013,174566844,45767905,174566978,0,0,1665977190,44,distance_to_pickup,BATCH,hungarian,0,0,order,1
1665977234,464714,499,11668.874710099513,1,True,True,65,False,714,314,45773139,174575700,45773728,174587354,0,0,1665977181,53,distance_to_pickup,BATCH,hungarian,0,0,order,1
1665977234,284891,271,7879.773156633381,1,True,True,1551,False,714,314,45765855,174572901,45767419,174580624,0,0,1665977143,91,distance_to_pickup,BATCH,hungarian,0,0,order,1
1665977234,446273,336,45288.05990545411,1,True,True,1961,False,714,314,45773139,174575700,45811336,174600031,0,0,1665977185,49,distance_to_pickup,BATCH,hungarian,0,0,order,1
1665977234,459457,4375,9071.302662793256,1,True,False,1699,False,714,314,45850935,174552690,45846101,174560366,0,0,1665974381,2853,distance_to_pickup,BATCH,hungarian,0,0,order,1
1665977234,209744,3829,11832.026580429914,1,True,False,42,False,714,314,45924573,174557435,45920335,174568482,0,0,1665976556,678,distance_to_pickup,BATCH,hungarian,0,0,order,1
1665977234,511729,3087,641.9501538281613,1,True,False,3087,False,714,314,45879039,174649978,45879245,174649370,0,0,1665977041,193,distance_to_pickup,BATCH,hungarian,0,0,order,1
1665977234,12970,3267,99.35793878699377,1,True,False,1061,False,714,314,45889986,174545204,45889922,174545128,0,0,1665977046,188,distance_to_pickup,BATCH,hungarian,0,0,order,1
1665977234,171185,884,8540.026346563574,1,True,False,2596,False,714,314,45868789,174574279,45860456,174572410,0,0,1665976658,576,distance_to_pickup,BATCH,hungarian,0,0,order,1
1665977234,153053,916,6290.0,1,True,False,136,False,714,314,45853104,174578614,45846850,174579286,0,0,1665975830,1404,distance_to_pickup,BATCH,hungarian,0,0,order,1
1665977234,191942,88,14.317821063276353,1,True,False,162,False,714,314,45866359,174536720,45866353,174536707,0,0,1665977013,221,distance_to_pickup,BATCH,hungarian,0,0,order,1
1665977234,156033,4483,3244.015413033668,1,True,False,1382,False,714,314,45905939,174537499,45908445,174535439,0,0,1665976378,856,distance_to_pickup,BATCH,hungarian,0,0,order,1
1665977234,3223,1751,160.11246047700348,1,True,False,3140,False,714,314,45906017,174528217,45906023,174528057,0,0,1665977081,153,distance_to_pickup,BATCH,hungarian,0,0,order,1
1665977234,253380,4842,5514.639154106097,1,True,False,357,False,714,314,45897160,174590150,45892274,174592707,0,0,1665977078,156,distance_to_pickup,BATCH,hungarian,0,0,order,1
1665977234,57733,1237,891.5228544462559,1,True,False,2237,False,714,314,45879938,174634579,45879216,174635102,0,0,1665977211,23,distance_to_pickup,BATCH,hungarian,0,0,order,1
1665977234,368313,3862,8835.429248202941,1,True,False,394,False,714,314,45833341,174582070,45824578,174580941,0,0,1665976917,317,distance_to_pickup,BATCH,hungarian,0,0,order,1
1665977234,346091,1063,145.49914089093448,1,True,False,1670,False,714,314,45868629,174606647,45868502,174606576,0,0,1665976700,534,distance_to_pickup,BATCH,hungarian,0,0,order,1
1665977234,550659,681,1318.0971132659383,1,True,False,720,False,714,314,45884046,174582459,45882982,174583237,0,0,1665976722,512,distance_to_pickup,BATCH,hungarian,0,0,order,1
1665977234,307306,2860,434.0011520722036,1,True,False,2891,False,714,314,45885303,174582680,45885469,174583081,0,0,1665977195,39,distance_to_pickup,BATCH,hungarian,0,0,order,1
1665977234,221547,3561,13292.848942194445,1,True,False,2466,False,714,314,45924121,174521831,45937049,174518738,0,0,1665977201,33,distance_to_pickup,BATCH,hungarian,0,0,order,1
1665977234,395448,4678,9962.644478249738,1,True,False,1962,False,714,314,45854381,174578422,45845194,174574568,0,0,1665977183,51,distance_to_pickup,BATCH,hungarian,0,0,order,1
1665977234,54613,909,33080.73531528584,1,True,False,4528,False,714,314,45871427,174624974,45838395,174623179,0,0,1665977190,44,distance_to_pickup,BATCH,hungarian,0,0,order,1
1665977234,514349,1764,2719.3414643990554,1,True,False,2134,False,714,314,45870486,174595427,45871083,174592774,0,0,1665977174,60,distance_to_pickup,BATCH,hungarian,0,0,order,1
1665977234,509052,1864,1257.6553581963542,1,True,False,2751,False,714,314,45885082,174594249,45886323,174594453,0,0,1665977034,200,distance_to_pickup,BATCH,hungarian,0,0,order,1
1665977234,392762,2970,2356.089132439603,1,True,False,1180,False,714,314,45851399,174554321,45852065,174556581,0,0,1665977201,33,distance_to_pickup,BATCH,hungarian,0,0,order,1
1665977234,373810,3603,1893.8637754601043,1,True,False,3603,False,714,314,45818389,174562610,45818305,174564502,0,0,1665977194,40,distance_to_pickup,BATCH,hungarian,0,0,order,1
1665977234,427556,1482,1452.083330942133,1,True,False,485,False,714,314,45884295,174582147,45885406,174583082,0,0,1665977023,211,distance_to_pickup,BATCH,hungarian,0,0,order,1
1665977234,357224,3557,2734.485143495938,1,True,False,689,False,714,314,45887505,174553677,45890105,174552830,0,0,1665977059,175,distance_to_pickup,BATCH,hungarian,0,0,order,1
1665977234,376551,4353,4899.142169808914,1,True,False,2211,False,714,314,45847390,174551830,45844927,174556065,0,0,1665977065,169,distance_to_pickup,BATCH,hungarian,0,0,order,1
1665977234,483075,692,4060.4876554423854,1,True,False,4276,False,714,314,45868994,174597121,45865152,174595807,0,0,1665977196,38,distance_to_pickup,BATCH,hungarian,0,0,order,1
1665977234,48311,697,7860.0901394322445,1,True,False,1618,False,714,314,45869949,174653681,45874845,174659830,0,0,1665976942,292,distance_to_pickup,BATCH,hungarian,0,0,order,1
1665977234,256240,1105,2317.4608950314564,1,True,False,383,False,714,314,45884084,174582375,45881804,174582790,0,0,1665977193,41,distance_to_pickup,BATCH,hungarian,0,0,order,1
1665977234,215725,1927,3806.4419081341566,1,True,False,1927,False,714,314,45769546,174573558,45769604,174577364,0,0,1665977193,41,distance_to_pickup,BATCH,hungarian,0,0,order,1
1665977414,529930,827,115.10864433221339,1,True,True,3029,False,1063,80,45897803,174552932,45897708,174552867,0,0,1665970940,6474,distance_to_pickup,BATCH,hungarian,0,0,order,1
1665977414,153053,916,7453.5828297537555,1,True,True,136,False,1063,80,45853104,174578614,45847013,174574318,0,0,1665975830,1584,distance_to_pickup,BATCH,hungarian,0,0,order,1
1665977414,403613,824,194.12624758130983,1,True,True,391,False,1063,80,45895724,174555827,45895846,174555978,0,0,1665976286,1128,distance_to_pickup,BATCH,hungarian,0,0,order,1
1665977414,346091,1063,56.00892785976178,1,True,True,1670,False,1063,80,45868629,174606647,45868573,174606646,0,0,1665976700,714,distance_to_pickup,BATCH,hungarian,0,0,order,1
1665977414,357219,934,3055.8602716747373,1,True,True,981,False,1063,80,45874701,174571605,45874400,174568564,0,0,1665976795,619,distance_to_pickup,BATCH,hungarian,0,0,order,1
1665977414,524708,2438,4488.238852824123,1,True,True,1105,False,1063,80,45890760,174573332,45886748,174571320,0,0,1665976798,616,distance_to_pickup,BATCH,hungarian,0,0,order,1
1665977414,540433,3557,2561.1030826579395,1,True,True,3370,False,1063,80,45892850,174552390,45890318,174552775,0,0,1665976997,417,distance_to_pickup,BATCH,hungarian,0,0,order,1
1665977414,73409,956,3198.301111527806,1,True,True,720,False,1063,80,45886780,174581795,45886363,174584966,0,0,1665977017,397,distance_to_pickup,BATCH,hungarian,0,0,order,1
1665977414,509052,4191,1047.7222914494089,1,True,True,2751,False,1063,80,45885082,174594249,45885991,174594770,0,0,1665977034,380,distance_to_pickup,BATCH,hungarian,0,0,order,1
1665977414,511729,3087,276.55740814521675,1,True,True,3087,True,1063,80,45879039,174649978,45879089,174649706,0,0,1665977041,373,distance_to_pickup,BATCH,hungarian,0,0,order,1
1665977414,12970,3267,80.77747210701756,1,True,True,1061,False,1063,80,45889986,174545204,45890016,174545129,0,0,1665977046,368,distance_to_pickup,BATCH,hungarian,0,0,order,1
1665977414,373809,4483,191.66898549321954,1,True,True,820,False,1063,80,45905959,174530746,45905943,174530937,0,0,1665977182,232,distance_to_pickup,BATCH,hungarian,0,0,order,1
1665977414,313021,1816,30723.724139498452,1,True,True,1935,False,1063,80,46043190,174939130,46017819,174921802,0,0,1665977188,226,distance_to_pickup,BATCH,hungarian,0,0,order,1
1665977414,54613,363,7907.029404270607,1,True,True,4528,False,1063,80,45871427,174624974,45872822,174617191,0,0,1665977190,224,distance_to_pickup,BATCH,hungarian,0,0,order,1
1665977414,60893,1105,1046.0635735938806,1,True,True,4054,False,1063,80,45887639,174579160,45887559,174578117,0,0,1665977193,221,distance_to_pickup,BATCH,hungarian,0,0,order,1
1665977414,373810,3603,552.5305421422421,1,True,True,3603,True,1063,80,45818389,174562610,45818650,174562123,0,0,1665977194,220,distance_to_pickup,BATCH,hungarian,0,0,order,1
1665977414,307306,1482,435.4400073488884,1,True,True,2891,False,1063,80,45885303,174582680,45885425,174583098,0,0,1665977195,219,distance_to_pickup,BATCH,hungarian,0,0,order,1
1665977414,221547,3561,13014.334558478202,1,True,True,2466,False,1063,80,45924121,174521831,45936831,174519033,0,0,1665977201,213,distance_to_pickup,BATCH,hungarian,0,0,order,1
1665977414,509055,1927,54.70831746635972,1,True,True,1927,True,1063,80,45769607,174568239,45769654,174568267,0,0,1665977202,212,distance_to_pickup,BATCH,hungarian,0,0,order,1
1665977414,555830,602,316.3558123379433,1,True,True,4406,False,1063,80,45862879,174581321,45862864,174581637,0,0,1665977225,189,distance_to_pickup,BATCH,hungarian,0,0,order,1
1665977414,162153,3464,3856.9424418832077,1,True,True,322,False,1063,80,45819916,174522889,45821197,174519251,0,0,1665977156,258,distance_to_pickup,BATCH,hungarian,0,0,order,1
1665977414,227329,182,170.01764614298128,1,True,True,520,False,1063,80,45887697,174556801,45887532,174556760,0,0,1665976798,616,distance_to_pickup,BATCH,hungarian,0,0,order,1
1665977414,64009,1352,302.95214143491376,1,True,True,1870,False,1063,80,45866440,174556210,45866184,174556372,0,0,1665977268,146,distance_to_pickup,BATCH,hungarian,0,0,order,1
1665977414,298826,4842,595.6257214056492,1,True,True,3178,False,1063,80,45902017,174582368,45902426,174581935,0,0,1665977400,14,distance_to_pickup,BATCH,hungarian,0,0,order,1
1665977414,488211,4678,2712.1550471903333,1,True,True,136,False,1063,80,45856266,174575029,45853554,174575000,0,0,1665977223,191,distance_to_pickup,BATCH,hungarian,0,0,order,1
1665977414,398168,3325,2711.3380460577023,1,True,True,716,False,1063,80,45858252,174567353,45859107,174569926,0,0,1665977389,25,distance_to_pickup,BATCH,hungarian,0,0,order,1
1665977414,406338,655,1190.7753776426518,1,True,True,3984,False,1063,80,45859820,174571190,45859755,174572379,0,0,1665977015,399,distance_to_pickup,BATCH,hungarian,0,0,order,1
1665977414,215720,3829,2398.407179775778,1,True,True,2610,False,1063,80,45921904,174566668,45920335,174568482,0,0,1665977243,171,distance_to_pickup,BATCH,hungarian,0,0,order,1
1665977414,284890,3619,2900.223439668054,1,True,True,2200,False,1063,80,45878778,174633418,45875878,174633454,0,0,1665977346,68,distance_to_pickup,BATCH,hungarian,0,0,order,1
1665977414,262050,4528,728.2266130813952,1,True,True,433,False,1063,80,45873007,174626168,45872462,174625685,0,0,1665976858,556,distance_to_pickup,BATCH,hungarian,0,0,order,1
1665977414,516875,2061,1384.2658704165178,1,True,True,1706,False,1063,80,45860696,174563613,45862020,174564017,0,0,1665974071,3343,distance_to_pickup,BATCH,hungarian,0,0,order,1
1665977414,411670,2265,1138.9899033793056,1,True,True,2915,False,1063,80,45851052,174551377,45851759,174550484,0,0,1665976881,533,distance_to_pickup,BATCH,hungarian,0,0,order,1
1665977414,563530,664,2385.8518394904577,1,True,True,664,True,1063,80,45890910,174568050,45891077,174570430,0,0,1665977127,287,distance_to_pickup,BATCH,hungarian,0,0,order,1
1665977414,224395,727,280.0,1,True,True,536,False,1063,80,45859909,174572340,45860133,174572508,0,0,1665976937,477,distance_to_pickup,BATCH,hungarian,0,0,order,1
1665977414,174194,3839,10850.735090306094,1,True,True,2921,False,1063,80,45919951,174516559,45920957,174505755,0,0,1665977073,341,distance_to_pickup,BATCH,hungarian,0,0,order,1
1665977414,537894,884,345.3983207834109,1,True,True,227,False,1063,80,45860748,174572540,45860414,174572452,0,0,1665977011,403,distance_to_pickup,BATCH,hungarian,0,0,order,1
1665977414,459495,3331,320.0390601161052,1,True,True,126,False,1063,80,45872996,174625648,45872679,174625604,0,0,1665977217,197,distance_to_pickup,BATCH,hungarian,0,0,order,1
1665977414,376553,2747,306.4914354431458,1,True,True,2005,False,1063,80,45885512,174582807,45885551,174583111,0,0,1665976186,1228,distance_to_pickup,BATCH,hungarian,0,0,order,1
1665977414,403637,3286,5375.4926285876345,1,True,True,2989,False,1063,80,45879336,174595824,45884311,174597860,0,0,1665977380,34,distance_to_pickup,BATCH,hungarian,0,0,order,1
1665977414,293227,88,92.64987857520376,1,True,True,3685,False,1063,80,45866388,174536921,45866410,174537011,0,0,1665977276,138,distance_to_pickup,BATCH,hungarian,0,0,order,1
1665977414,381844,909,26013.301559010153,1,True,True,1835,False,1063,80,45857992,174606072,45838395,174623179,0,0,1665977325,89,distance_to_pickup,BATCH,hungarian,0,0,order,1
1665977414,262036,3654,6587.579601037091,1,True,True,942,False,1063,80,45822976,174546904,45816435,174546122,0,0,1665975531,1883,distance_to_pickup,BATCH,hungarian,0,0,order,1
1665977414,503908,2443,2113.715685706098,1,True,True,764,False,1063,80,45897659,174590703,45895894,174591866,0,0,1665977381,33,distance_to_pickup,BATCH,hungarian,0,0,order,1
1665977414,113676,4375,6938.896526105574,1,True,True,900,False,1063,80,45851819,174556435,45846101,174560366,0,0,1665977276,138,distance_to_pickup,BATCH,hungarian,0,0,order,1
1665977414,186101,4305,724.0441975459786,1,True,True,1145,False,1063,80,45870533,174595497,45871117,174595925,0,0,1665976462,952,distance_to_pickup,BATCH,hungarian,0,0,order,1
1665977414,392756,2860,528.5574708581839,1,True,True,440,False,1063,80,45885386,174582559,45885469,174583081,0,0,1665976904,510,distance_to_pickup,BATCH,hungarian,0,0,order,1
1665977414,168136,2308,8897.864912438265,1,True,True,1912,False,1063,80,45861721,174510844,45866381,174503264,0,0,1665977357,57,distance_to_pickup,BATCH,hungarian,0,0,order,1
1665977414,435624,4010,8368.02945740513,1,True,True,1923,False,1063,80,45862120,174513830,45866006,174506419,0,0,1665976951,463,distance_to_pickup,BATCH,hungarian,0,0,order,1
1665977414,558422,1516,2436.318739409932,1,True,True,1516,True,1063,80,45861372,174545171,45861517,174542739,0,0,1665976929,485,distance_to_pickup,BATCH,hungarian,0,0,order,1
1665977414,566062,1023,638.3744982375157,1,True,True,2400,False,1063,80,45869010,174572742,45869119,174572113,0,0,1665976934,480,distance_to_pickup,BATCH,hungarian,0,0,order,1
1665977414,532607,1751,196.16319736382766,1,True,True,2852,False,1063,80,45906431,174527915,45906243,174527859,0,0,1665977118,296,distance_to_pickup,BATCH,hungarian,0,0,order,1
1665977414,89125,1864,2120.779102122614,1,True,True,926,False,1063,80,45885478,174592525,45885788,174590427,0,0,1665977051,363,distance_to_pickup,BATCH,hungarian,0,0,order,1
1665977414,64016,2064,141.79210133149166,1,True,True,1133,False,1063,80,45871046,174595564,45871185,174595592,0,0,1665977380,34,distance_to_pickup,BATCH,hungarian,0,0,order,1
1665977414,279206,1764,993.0181267227704,1,True,True,1404,False,1063,80,45875142,174590607,45874344,174590016,0,0,1665977361,53,distance_to_pickup,BATCH,hungarian,0,0,order,1
1665977414,67181,681,688.7452359181876,1,True,True,1876,False,1063,80,45886081,174590587,45885724,174589998,0,0,1665977190,224,distance_to_pickup,BATCH,hungarian,0,0,order,1
1665977414,110610,2970,266.30809225406574,1,True,True,863,False,1063,80,45851335,174555897,45851269,174555639,0,0,1665977372,42,distance_to_pickup,BATCH,hungarian,0,0,order,1
1665977414,390038,3488,1563.7678855891625,1,True,True,2004,False,1063,80,45865187,174562755,45865280,174564316,0,0,1665976919,495,distance_to_pickup,BATCH,hungarian,0,0,order,1
1665977414,411681,942,7156.469800117932,1,True,True,289,False,1063,80,45831121,174549513,45824165,174547831,0,0,1665977347,67,distance_to_pickup,BATCH,hungarian,0,0,order,1
1665977414,267700,1829,74.96665925596525,1,True,True,3565,False,1063,80,45896070,174555813,45896016,174555865,0,0,1665976976,438,distance_to_pickup,BATCH,hungarian,0,0,order,1
1665977414,522067,3065,11996.495196514688,1,True,True,2850,False,1063,80,45912607,174588126,45922068,174580750,0,0,1665975060,2354,distance_to_pickup,BATCH,hungarian,0,0,order,1
1665977414,503906,290,1295.457448162617,1,True,True,208,False,1063,80,45853870,174592240,45855151,174592433,0,0,1665977371,43,distance_to_pickup,BATCH,hungarian,0,0,order,1
1665977414,408988,1378,3859.7436443370175,1,True,True,2122,False,1063,80,45883232,174592571,45885721,174589621,0,0,1665977368,46,distance_to_pickup,BATCH,hungarian,0,0,order,1
1665977414,156040,1237,1492.161184322927,1,True,True,2500,False,1063,80,45879350,174634810,45877954,174635337,0,0,1665976707,707,distance_to_pickup,BATCH,hungarian,0,0,order,1
1665977414,177203,1120,655.1831804922956,1,True,True,852,False,1063,80,45870533,174595497,45871117,174595794,0,0,1665977369,45,distance_to_pickup,BATCH,hungarian,0,0,order,1
1665977414,209762,601,181.69479904499192,1,True,True,836,False,1063,80,45905951,174543445,45906104,174543543,0,0,1665977373,41,distance_to_pickup,BATCH,hungarian,0,0,order,1
1665977414,519413,1521,184.2199772011711,1,True,False,689,False,1063,80,45885892,174563248,45885901,174563432,0,0,1665977032,382,distance_to_pickup,BATCH,hungarian,0,0,order,1
1665977414,256238,3029,1620.4252528271707,1,True,False,3384,False,1063,80,45901279,174543589,45902882,174543352,0,0,1665977201,213,distance_to_pickup,BATCH,hungarian,0,0,order,1
1665977414,400944,3018,2380.248936561048,1,True,False,1950,False,1063,80,45868758,174548560,45866799,174549912,0,0,1665977267,147,distance_to_pickup,BATCH,hungarian,0,0,order,1
1665977414,282019,4021,2810.6700268797117,1,True,False,963,False,1063,80,45857425,174567864,45855396,174565919,0,0,1665976395,1019,distance_to_pickup,BATCH,hungarian,0,0,order,1
1665977414,60884,1270,88.86506625215557,1,True,False,1270,False,1063,80,45860150,174572502,45860234,174572531,0,0,1665976941,473,distance_to_pickup,BATCH,hungarian,0,0,order,1
1665977414,279202,4353,4139.50588838813,1,True,False,1702,False,1063,80,45846011,174552089,45844866,174556067,0,0,1665977345,69,distance_to_pickup,BATCH,hungarian,0,0,order,1
1665977414,209750,697,1584.0268305808459,1,True,False,1432,False,1063,80,45875400,174648139,45876946,174648484,0,0,1665976896,518,distance_to_pickup,BATCH,hungarian,0,0,order,1
1665977414,424992,692,2762.9862467989233,1,True,False,2547,False,1063,80,45866961,174601021,45869678,174600519,0,0,1665977172,242,distance_to_pickup,BATCH,hungarian,0,0,order,1
1665977414,200777,3358,1981.020191719408,1,True,False,3358,False,1063,80,45888536,174591533,45887756,174593354,0,0,1665977115,299,distance_to_pickup,BATCH,hungarian,0,0,order,1
1665977414,540431,906,15099.740958042956,1,True,False,555,False,1063,80,45853826,174528216,45852102,174513215,0,0,1665976928,486,distance_to_pickup,BATCH,hungarian,0,0,order,1
1665977414,95404,3862,7791.109099479996,1,True,False,394,False,1063,80,45832112,174582926,45824578,174580941,0,0,1665977164,250,distance_to_pickup,BATCH,hungarian,0,0,order,1
1665977414,6501,3685,1691.0047309218269,1,True,False,2551,False,1063,80,45874164,174536556,45872500,174536255,0,0,1665977370,44,distance_to_pickup,BATCH,hungarian,0,0,order,1
1665977414,475325,1897,1759.957101749926,1,True,False,487,False,1063,80,45864620,174583120,45864752,174584875,0,0,1665977341,73,distance_to_pickup,BATCH,hungarian,0,0,order,1
1665977414,558427,2214,988.1280281421026,1,True,False,4191,False,1063,80,45885478,174592525,45885939,174593399,0,0,1665977373,41,distance_to_pickup,BATCH,hungarian,0,0,order,1
1665977414,542949,487,4319.597434946919,1,True,False,2095,False,1063,80,45872485,174586837,45868226,174586116,0,0,1665976789,625,distance_to_pickup,BATCH,hungarian,0,0,order,1
1666063506,212729,4200,3.0,1,True,True,50,False,1708,3132,45865238,174556784,45865241,174556784,0,0,1665976872,86634,distance_to_pickup,BATCH,hungarian,0,0,order,1
1666063506,417299,872,9.055385138137417,1,True,True,1803,False,1708,3132,45870933,174595486,45870942,174595487,0,0,1666063369,137,distance_to_pickup,BATCH,hungarian,0,0,order,1
1666063626,119635,1967,7.0710678118654755,1,True,True,2189,False,2351,3153,45864785,174580827,45864790,174580832,0,0,1665976410,87216,distance_to_pickup,BATCH,hungarian,0,0,order,1
1666063626,82935,3449,6.708203932499369,1,True,True,2696,False,2351,3153,45894861,174555310,45894867,174555307,0,0,1665976825,86801,distance_to_pickup,BATCH,hungarian,0,0,order,1
1666063626,233033,137,5.830951894845301,1,True,True,1115,False,2351,3153,45860020,174580680,45860023,174580685,0,0,1665977358,86268,distance_to_pickup,BATCH,hungarian,0,0,order,1
1666063626,186443,386,9.486832980505138,1,True,True,611,False,2351,3153,45867403,174569758,45867412,174569761,0,0,1666063029,597,distance_to_pickup,BATCH,hungarian,0,0,order,1
1666063626,537889,406,9.899494936611665,1,True,False,2740,False,2351,3153,45865320,174556750,45865327,174556743,0,0,1665976746,86880,distance_to_pickup,BATCH,hungarian,0,0,order,1
1666063806,101599,2032,8.0,1,True,True,977,False,2962,3177,45864785,174580827,45864785,174580819,0,0,1665976707,87099,distance_to_pickup,BATCH,hungarian,0,0,order,1
1666063806,284886,3642,7.615773105863909,1,True,True,672,False,2962,3177,45861655,174583536,45861648,174583539,0,0,1665977223,86583,distance_to_pickup,BATCH,hungarian,0,0,order,1
1666063806,351954,286,6.708203932499369,1,True,True,671,False,2962,3177,45864073,174582024,45864067,174582021,0,0,1666063282,524,distance_to_pickup,BATCH,hungarian,0,0,order,1
1666063806,334982,1584,7.810249675906654,1,True,False,1499,False,2962,3177,45861752,174582541,45861747,174582547,0,0,1665977274,86532,distance_to_pickup,BATCH,hungarian,0,0,order,1
1666063806,120032,1242,1.4142135623730951,1,True,False,3039,False,2962,3177,45907630,174567904,45907629,174567905,0,0,1666063106,700,distance_to_pickup,BATCH,hungarian,0,0,order,1
1666149913,519747,2773,5.0,1,True,True,4019,False,3674,3420,45896012,174554857,45896009,174554853,0,0,1666063393,86520,distance_to_pickup,BATCH,hungarian,0,0,order,1
1666149913,76961,1647,2.0,1,True,True,1432,False,3674,3420,45880689,174650819,45880687,174650819,0,0,1666063764,86149,distance_to_pickup,BATCH,hungarian,0,0,order,1
1666149913,64777,4135,9.219544457292887,1,True,True,1272,False,3674,3420,45865320,174556750,45865326,174556743,0,0,1666149263,650,distance_to_pickup,BATCH,hungarian,0,0,order,1
1666149913,192650,2999,9.486832980505138,1,True,True,1606,False,3674,3420,45769703,174567541,45769700,174567532,0,0,1666149871,42,distance_to_pickup,BATCH,hungarian,0,0,order,1
1666149913,120032,1242,1.4142135623730951,1,True,False,3039,False,3674,3420,45907630,174567904,45907629,174567905,0,0,1666063106,86807,distance_to_pickup,BATCH,hungarian,0,0,order,1
1666150033,156365,1877,7.0710678118654755,1,True,True,1987,False,4391,3432,45865177,174556709,45865178,174556716,0,0,1666062451,87582,distance_to_pickup,BATCH,hungarian,0,0,order,1
1666150033,120032,1242,1.4142135623730951,1,True,True,3039,False,4391,3432,45907630,174567904,45907629,174567905,0,0,1666063106,86927,distance_to_pickup,BATCH,hungarian,0,0,order,1
1666150033,417295,2688,7.810249675906654,1,True,True,4053,False,4391,3432,45896150,174555690,45896156,174555685,0,0,1666063191,86842,distance_to_pickup,BATCH,hungarian,0,0,order,1
1666150033,98775,579,10.0,1,True,True,287,False,4391,3432,45896150,174555690,45896144,174555682,0,0,1666063705,86328,distance_to_pickup,BATCH,hungarian,0,0,order,1
1666150033,310501,1792,9.848857801796104,1,True,False,1564,False,4391,3432,45766245,174567179,45766241,174567188,0,0,1666063769,86264,distance_to_pickup,BATCH,hungarian,0,0,order,1
1666150213,348815,2257,6.082762530298219,1,True,True,666,False,5025,3447,45894760,174555551,45894754,174555552,0,0,1665977189,173024,distance_to_pickup,BATCH,hungarian,0,0,order,1
1666150213,414617,3541,7.615773105863909,1,True,True,1354,False,5025,3447,45874742,174650123,45874739,174650116,0,0,1666063591,86622,distance_to_pickup,BATCH,hungarian,0,0,order,1
1666150213,183566,2518,6.082762530298219,1,True,True,422,False,5025,3447,45896148,174555744,45896147,174555750,0,0,1666063765,86448,distance_to_pickup,BATCH,hungarian,0,0,order,1
1666150213,186751,879,3.605551275463989,1,True,True,3392,False,5025,3447,45859736,174548392,45859734,174548389,0,0,1666146737,3476,distance_to_pickup,BATCH,hungarian,0,0,order,1
1666150213,319140,800,9.433981132056603,1,True,True,4076,False,5025,3447,45860060,174572270,45860065,174572262,0,0,1666149591,622,distance_to_pickup,BATCH,hungarian,0,0,order,1
1666150213,433591,1915,10.0,1,True,True,558,False,5025,3447,45885892,174563248,45885898,174563256,0,0,1666150146,67,distance_to_pickup,BATCH,hungarian,0,0,order,1
1666150213,86768,3568,6.4031242374328485,1,True,True,1918,False,5025,3447,45885512,174582807,45885507,174582803,0,0,1666148908,1305,distance_to_pickup,BATCH,hungarian,0,0,order,1
1666150213,245436,3528,7.615773105863909,1,True,True,472,False,5025,3447,45874747,174650084,45874744,174650077,0,0,1666150157,56,distance_to_pickup,BATCH,hungarian,0,0,order,1
1666236312,183559,1827,6.324555320336759,1,True,True,1777,False,5660,3609,45880249,174546573,45880243,174546571,0,0,1666063264,173048,distance_to_pickup,BATCH,hungarian,0,0,order,1
1666236312,144369,4154,7.0710678118654755,1,True,True,1688,False,5660,3609,45861161,174563871,45861156,174563866,0,0,1666063581,172731,distance_to_pickup,BATCH,hungarian,0,0,order,1
1666236312,253735,1181,6.324555320336759,1,True,True,287,False,5660,3609,45896150,174555690,45896156,174555692,0,0,1666063735,172577,distance_to_pickup,BATCH,hungarian,0,0,order,1
1666236312,147705,480,6.324555320336759,1,True,True,2369,False,5660,3609,45865623,174581146,45865621,174581152,0,0,1666148944,87368,distance_to_pickup,BATCH,hungarian,0,0,order,1
1666236312,117354,3769,7.211102550927978,1,True,True,3004,False,5660,3609,45879964,174546543,45879970,174546539,0,0,1666149211,87101,distance_to_pickup,BATCH,hungarian,0,0,order,1
1666236312,259503,1497,8.54400374531753,1,True,False,2686,False,5660,3609,45859352,174579486,45859349,174579478,0,0,1666063766,172546,distance_to_pickup,BATCH,hungarian,0,0,order,1
1666236432,456873,74,9.0,1,True,True,790,False,6342,3623,45856330,174579593,45856321,174579593,0,0,1665977375,259057,distance_to_pickup,BATCH,hungarian,0,0,order,1
1666236432,488838,1543,6.4031242374328485,1,True,True,409,False,6342,3623,45860748,174572540,45860753,174572536,0,0,1666149492,86940,distance_to_pickup,BATCH,hungarian,0,0,order,1
1666236432,302320,2755,9.433981132056603,1,True,True,500,False,6342,3623,46053446,174953728,46053454,174953733,0,0,1666149831,86601,distance_to_pickup,BATCH,hungarian,0,0,order,1
1666236612,162469,832,9.219544457292887,1,True,True,1354,False,7030,3625,45874747,174650084,45874753,174650077,0,0,1666063448,173164,distance_to_pickup,BATCH,hungarian,0,0,order,1
1666236612,528235,758,10.0,1,True,True,2901,False,7030,3625,45885520,174583087,45885528,174583081,0,0,1666232763,3849,distance_to_pickup,BATCH,hungarian,0,0,order,1
1666236612,522414,2059,9.219544457292887,1,True,False,1631,False,7030,3625,45856330,174579593,45856339,174579591,0,0,1666063402,173210,distance_to_pickup,BATCH,hungarian,0,0,order,1
1666236612,73757,1425,9.486832980505138,1,True,False,1350,False,7030,3625,45874643,174648159,45874646,174648150,0,0,1666063690,172922,distance_to_pickup,BATCH,hungarian,0,0,order,1
1666236612,156735,683,9.219544457292887,1,True,False,1666,False,7030,3625,45889986,174545204,45889988,174545195,0,0,1666149677,86935,distance_to_pickup,BATCH,hungarian,0,0,order,1
1666322707,348810,943,5.0990195135927845,1,True,True,672,False,7761,3753,45861817,174582376,45861816,174582381,0,0,1665976982,345725,distance_to_pickup,BATCH,hungarian,0,0,order,1
1666322707,298820,1937,6.708203932499369,1,True,True,1704,False,7761,3753,45861700,174583580,45861697,174583574,0,0,1665977019,345688,distance_to_pickup,BATCH,hungarian,0,0,order,1
1666322707,212745,1371,8.54400374531753,1,True,True,3176,False,7761,3753,45849647,174566845,45849655,174566848,0,0,1665977373,345334,distance_to_pickup,BATCH,hungarian,0,0,order,1
1666322707,116983,3712,8.602325267042627,1,True,True,3779,False,7761,3753,45860696,174563613,45860691,174563620,0,0,1666063117,259590,distance_to_pickup,BATCH,hungarian,0,0,order,1
1666322707,493758,4038,5.656854249492381,1,True,True,76,False,7761,3753,45849644,174599543,45849648,174599539,0,0,1666063199,259508,distance_to_pickup,BATCH,hungarian,0,0,order,1
1666322707,307651,1707,7.810249675906654,1,True,True,925,False,7761,3753,45912320,174519710,45912325,174519704,0,0,1666063523,259184,distance_to_pickup,BATCH,hungarian,0,0,order,1
1666322707,543863,3966,5.0,1,True,True,2022,False,7761,3753,45894844,174555275,45894844,174555280,0,0,1666236272,86435,distance_to_pickup,BATCH,hungarian,0,0,order,1
1666322707,280554,3431,8.54400374531753,1,True,True,3238,False,7761,3753,45859122,174540364,45859130,174540367,0,0,1666322419,288,distance_to_pickup,BATCH,hungarian,0,0,order,1
1666322707,192279,1964,7.0710678118654755,1,True,False,1193,False,7761,3753,45907630,174567904,45907629,174567911,0,0,1666063321,259386,distance_to_pickup,BATCH,hungarian,0,0,order,1
1666322827,498914,3976,10.0,1,True,True,3976,True,8437,3751,45820038,174523159,45820046,174523153,0,0,1666063114,259713,distance_to_pickup,BATCH,hungarian,0,0,order,1
1666322827,509390,1693,7.211102550927978,1,True,True,4772,False,8437,3751,45859227,174576074,45859221,174576078,0,0,1666063587,259240,distance_to_pickup,BATCH,hungarian,0,0,order,1
1666322827,61596,3440,3.1622776601683795,1,True,True,799,False,8437,3751,45874664,174648154,45874665,174648157,0,0,1666149343,173484,distance_to_pickup,BATCH,hungarian,0,0,order,1
1666322827,288293,2183,8.54400374531753,1,True,True,487,False,8437,3751,45864638,174583106,45864646,174583103,0,0,1666149765,173062,distance_to_pickup,BATCH,hungarian,0,0,order,1
1666322827,52246,1829,2.0,1,True,True,391,False,8437,3751,45897597,174552952,45897595,174552952,0,0,1666150176,172651,distance_to_pickup,BATCH,hungarian,0,0,order,1
1666322827,160202,2103,6.708203932499369,1,True,True,396,False,8437,3751,45883445,174599735,45883448,174599729,0,0,1666235709,87118,distance_to_pickup,BATCH,hungarian,0,0,order,1
1666323007,26207,759,9.848857801796104,1,True,True,1166,False,9094,3751,45880173,174546649,45880164,174546653,0,0,1666062901,260106,distance_to_pickup,BATCH,hungarian,0,0,order,1
1666323007,501528,3095,9.486832980505138,1,True,True,568,False,9094,3751,45892850,174552390,45892853,174552399,0,0,1666063135,259872,distance_to_pickup,BATCH,hungarian,0,0,order,1
1666323007,58504,1414,6.4031242374328485,1,True,True,1261,False,9094,3751,45880039,174546529,45880034,174546525,0,0,1666149212,173795,distance_to_pickup,BATCH,hungarian,0,0,order,1
1666323007,42558,4272,8.54400374531753,1,True,True,1852,False,9094,3751,45879848,174648286,45879840,174648289,0,0,1666150032,172975,distance_to_pickup,BATCH,hungarian,0,0,order,1
1666323007,242556,1209,3.1622776601683795,1,True,False,3724,False,9094,3751,45877161,174545529,45877164,174545528,0,0,1666150013,172994,distance_to_pickup,BATCH,hungarian,0,0,order,1
1666409110,76571,3140,2.8284271247461903,1,True,True,3191,False,9790,3891,45879887,174546555,45879885,174546553,0,0,1665976992,432118,distance_to_pickup,BATCH,hungarian,0,0,order,1
1666409110,101949,478,7.280109889280518,1,True,True,2901,False,9790,3891,45883537,174592777,45883535,174592770,0,0,1666062987,346123,distance_to_pickup,BATCH,hungarian,0,0,order,1
1666409110,39281,4145,8.06225774829855,1,True,True,503,False,9790,3891,45879989,174546500,45879997,174546501,0,0,1666149362,259748,distance_to_pickup,BATCH,hungarian,0,0,order,1
1666409110,13704,3008,1.4142135623730951,1,True,True,2366,False,9790,3891,45871124,174595611,45871125,174595612,0,0,1666149428,259682,distance_to_pickup,BATCH,hungarian,0,0,order,1
1666409110,26604,479,10.0,1,True,True,1764,False,9790,3891,45857479,174567630,45857485,174567638,0,0,1666150150,258960,distance_to_pickup,BATCH,hungarian,0,0,order,1
1666409110,369267,811,5.0,1,True,True,1462,False,9790,3891,45879819,174546573,45879814,174546573,0,0,1666235940,173170,distance_to_pickup,BATCH,hungarian,0,0,order,1
1666409230,259477,1634,9.433981132056603,1,True,True,513,False,10456,3890,45868629,174606647,45868634,174606655,0,0,1666062671,346559,distance_to_pickup,BATCH,hungarian,0,0,order,1
1666409230,214161,1688,6.708203932499369,1,True,True,2386,False,10456,3890,45871180,174595520,45871183,174595526,0,0,1666322613,86617,distance_to_pickup,BATCH,hungarian,0,0,order,1
1666409410,242207,496,7.810249675906654,1,True,True,2643,False,11088,3897,45870242,174595530,45870237,174595524,0,0,1666063345,346065,distance_to_pickup,BATCH,hungarian,0,0,order,1
1666409410,360973,3901,8.06225774829855,1,True,True,3901,True,11088,3897,45832060,174583001,45832052,174583002,0,0,1666236461,172949,distance_to_pickup,BATCH,hungarian,0,0,order,1
1666409410,2055,3485,4.47213595499958,1,True,True,1493,False,11088,3897,45912005,174528762,45912003,174528758,0,0,1666409047,363,distance_to_pickup,BATCH,hungarian,0,0,order,1
1666409410,274059,2477,6.708203932499369,1,True,False,99,False,11088,3897,45866307,174536758,45866313,174536755,0,0,1666149961,259449,distance_to_pickup,BATCH,hungarian,0,0,order,1
1666495519,451749,325,9.055385138137417,1,True,True,93,False,11719,3996,45898300,174553788,45898299,174553797,0,0,1665977190,518329,distance_to_pickup,BATCH,hungarian,0,0,order,1
1666495519,60887,994,8.246211251235321,1,True,True,3038,False,11719,3996,45894861,174555310,45894859,174555302,0,0,1665977198,518321,distance_to_pickup,BATCH,hungarian,0,0,order,1
1666495519,132191,4404,7.211102550927978,1,True,True,170,False,11719,3996,45864638,174583106,45864634,174583100,0,0,1666063238,432281,distance_to_pickup,BATCH,hungarian,0,0,order,1
1666495519,248393,1377,6.082762530298219,1,True,True,3175,False,11719,3996,45898349,174553149,45898343,174553150,0,0,1666149316,346203,distance_to_pickup,BATCH,hungarian,0,0,order,1
1666495519,239645,2482,5.0,1,True,True,1148,False,11719,3996,45889630,174546285,45889625,174546285,0,0,1666149624,345895,distance_to_pickup,BATCH,hungarian,0,0,order,1
1666495519,564130,2389,9.0,1,True,True,3053,False,11719,3996,45849644,174599543,45849653,174599543,0,0,1666149984,345535,distance_to_pickup,BATCH,hungarian,0,0,order,1
1666495519,276954,1563,6.082762530298219,1,True,True,2434,False,11719,3996,45885627,174540503,45885633,174540504,0,0,1666150180,345339,distance_to_pickup,BATCH,hungarian,0,0,order,1
1666495519,74547,3053,9.433981132056603,1,True,True,610,False,11719,3996,45849644,174599543,45849636,174599538,0,0,1666235934,259585,distance_to_pickup,BATCH,hungarian,0,0,order,1
1666495519,500568,878,5.385164807134504,1,True,True,2577,False,11719,3996,45912023,174529261,45912025,174529266,0,0,1666495237,282,distance_to_pickup,BATCH,hungarian,0,0,order,1
1666495519,274059,2477,6.708203932499369,1,True,False,99,False,11719,3996,45866307,174536758,45866313,174536755,0,0,1666149961,345558,distance_to_pickup,BATCH,hungarian,0,0,order,1
1666495639,107556,2382,7.211102550927978,1,True,True,4001,False,12301,3996,45867117,174556837,45867111,174556833,0,0,1665977373,518266,distance_to_pickup,BATCH,hungarian,0,0,order,1
1666495639,371397,2509,5.385164807134504,1,True,True,2268,False,12301,3996,45864844,174536664,45864846,174536659,0,0,1666063593,432046,distance_to_pickup,BATCH,hungarian,0,0,order,1
1666495639,274059,2477,6.708203932499369,1,True,True,99,False,12301,3996,45866307,174536758,45866313,174536755,0,0,1666149961,345678,distance_to_pickup,BATCH,hungarian,0,0,order,1
1666495639,77343,2352,6.324555320336759,1,True,True,2185,False,12301,3996,45767858,174560883,45767856,174560889,0,0,1666149965,345674,distance_to_pickup,BATCH,hungarian,0,0,order,1
1666495639,330800,938,6.324555320336759,1,True,True,1767,False,12301,3996,45879237,174648050,45879239,174648044,0,0,1666322667,172972,distance_to_pickup,BATCH,hungarian,0,0,order,1
1666495639,20934,133,8.246211251235321,1,True,True,1290,False,12301,3996,46052385,174946069,46052383,174946061,0,0,1666322960,172679,distance_to_pickup,BATCH,hungarian,0,0,order,1
1666495639,192279,1279,7.615773105863909,1,True,False,1193,False,12301,3996,45907630,174567904,45907627,174567911,0,0,1666063321,432318,distance_to_pickup,BATCH,hungarian,0,0,order,1
1666495819,284821,2132,1595.1338501831124,1,True,True,1426,False,12964,3994,45865187,174562755,45866043,174561409,0,0,1665941715,554104,distance_to_pickup,BATCH,hungarian,0,0,order,1
1666495819,183148,420,820.8154481977055,1,True,True,602,False,12964,3994,45859959,174581509,45860666,174581926,0,0,1665958774,537045,distance_to_pickup,BATCH,hungarian,0,0,order,1
1666495819,227285,3313,106.78014796768171,1,True,True,50,False,12964,3994,45866440,174556210,45866529,174556151,0,0,1665964884,530935,distance_to_pickup,BATCH,hungarian,0,0,order,1
1666495819,221500,4318,97.082439194738,1,True,True,1095,False,12964,3994,45863946,174582310,45864034,174582351,0,0,1665972217,523602,distance_to_pickup,BATCH,hungarian,0,0,order,1
1666495819,298789,272,143.42245291445826,1,True,True,3725,False,12964,3994,45906017,174528217,45906028,174528360,0,0,1665972892,522927,distance_to_pickup,BATCH,hungarian,0,0,order,1
1666495819,264849,32,1444.001385040887,1,True,True,2588,False,12964,3994,45880592,174633877,45879666,174632769,0,0,1665973405,522414,distance_to_pickup,BATCH,hungarian,0,0,order,1
1666495819,122620,4000,3211.8905647608854,1,True,True,2343,False,12964,3994,45821903,174523242,45823343,174520371,0,0,1665973460,522359,distance_to_pickup,BATCH,hungarian,0,0,order,1
1666495819,362732,538,114.86513831445988,1,True,True,1337,False,12964,3994,45898742,174578266,45898817,174578179,0,0,1665973635,522184,distance_to_pickup,BATCH,hungarian,0,0,order,1
1666495819,495996,89,2380.2067137120675,1,True,True,4369,False,12964,3994,45857881,174547008,45858259,174544658,0,0,1665973863,521956,distance_to_pickup,BATCH,hungarian,0,0,order,1
1666495819,529945,2385,121.24768039018313,1,True,True,1254,False,12964,3994,45851399,174554321,45851300,174554391,0,0,1665974050,521769,distance_to_pickup,BATCH,hungarian,0,0,order,1
1666495819,459457,3228,270.325729445053,1,True,True,1699,False,12964,3994,45850935,174552690,45851009,174552430,0,0,1665974381,521438,distance_to_pickup,BATCH,hungarian,0,0,order,1
1666495819,54571,1547,86.6083136886985,1,True,True,1366,False,12964,3994,45898786,174565946,45898831,174566020,0,0,1665974562,521257,distance_to_pickup,BATCH,hungarian,0,0,order,1
1666495819,270482,15,326.2177187094533,1,True,True,1632,False,12964,3994,45901666,174579152,45901929,174579345,0,0,1665975047,520772,distance_to_pickup,BATCH,hungarian,0,0,order,1
1666495819,340527,1010,104.86181383134664,1,True,True,3527,False,12964,3994,45865332,174581152,45865272,174581066,0,0,1665975234,520585,distance_to_pickup,BATCH,hungarian,0,0,order,1
1666495819,32077,222,501.000998002998,1,True,True,717,False,12964,3994,45874819,174607415,45874820,174606914,0,0,1665975409,520410,distance_to_pickup,BATCH,hungarian,0,0,order,1
1666495819,57,404,1107.3761781797548,1,True,True,52,False,12964,3994,45896370,174524880,45895301,174525169,0,0,1665975611,520208,distance_to_pickup,BATCH,hungarian,0,0,order,1
1666495819,264825,2650,239.5349661322956,1,True,True,3147,False,12964,3994,45765106,174572219,45765147,174571983,0,0,1665975978,519841,distance_to_pickup,BATCH,hungarian,0,0,order,1
1666495819,535218,441,206.6712365086153,1,True,True,624,False,12964,3994,45885544,174543242,45885731,174543154,0,0,1665976115,519704,distance_to_pickup,BATCH,hungarian,0,0,order,1
1666495819,45035,63,576.8994713119436,1,True,True,3090,False,12964,3994,45905669,174544560,45905986,174544078,0,0,1665976196,519623,distance_to_pickup,BATCH,hungarian,0,0,order,1
1666495819,323980,3438,235.03191272676142,1,True,True,720,False,12964,3994,45887576,174581297,45887810,174581275,0,0,1665976267,519552,distance_to_pickup,BATCH,hungarian,0,0,order,1
1666495819,116610,1396,558.5158905528114,1,True,True,2938,False,12964,3994,45889814,174545604,45890372,174545628,0,0,1665976277,519542,distance_to_pickup,BATCH,hungarian,0,0,order,1
1666495819,45040,1269,323.9891973507759,1,True,True,92,False,12964,3994,45919700,174542450,45919455,174542662,0,0,1665976294,519525,distance_to_pickup,BATCH,hungarian,0,0,order,1
1666495819,32112,411,51.19570294468082,1,True,True,278,False,12964,3994,45898300,174553788,45898250,174553777,0,0,1665976308,519511,distance_to_pickup,BATCH,hungarian,0,0,order,1
1666495819,553218,624,174.34735443934903,1,True,True,728,False,12964,3994,45900779,174568225,45900745,174568396,0,0,1665976339,519480,distance_to_pickup,BATCH,hungarian,0,0,order,1
1666495819,282019,2054,22.20360331117452,1,True,True,963,False,12964,3994,45857425,174567864,45857422,174567886,0,0,1665976395,519424,distance_to_pickup,BATCH,hungarian,0,0,order,1
1666495819,51465,2484,302.2002647252315,1,True,True,2938,False,12964,3994,45890769,174546558,45890588,174546316,0,0,1665976453,519366,distance_to_pickup,BATCH,hungarian,0,0,order,1
1666495819,107533,1360,169.01183390520322,1,True,True,847,False,12964,3994,45880750,174579924,45880884,174580027,0,0,1665976462,519357,distance_to_pickup,BATCH,hungarian,0,0,order,1
1666495819,459484,4320,1359.30055543283,1,True,True,4556,False,12964,3994,45885544,174543242,45884847,174544409,0,0,1665976463,519356,distance_to_pickup,BATCH,hungarian,0,0,order,1
1666495819,337715,1084,112.16059914247963,1,True,True,941,False,12964,3994,45882550,174555124,45882446,174555166,0,0,1665976470,519349,distance_to_pickup,BATCH,hungarian,0,0,order,1
1666495819,189051,3114,1672.0765532714104,1,True,True,1728,False,12964,3994,45890990,174546350,45892662,174546334,0,0,1665976476,519343,distance_to_pickup,BATCH,hungarian,0,0,order,1
1666495819,241871,1133,215.7127719909046,1,True,True,3579,False,12964,3994,45867072,174602180,45867008,174602386,0,0,1665976479,519340,distance_to_pickup,BATCH,hungarian,0,0,order,1
1666495819,301692,4289,1817.5480736420702,1,True,True,1071,False,12964,3994,45919700,174542450,45918260,174543559,0,0,1665976481,519338,distance_to_pickup,BATCH,hungarian,0,0,order,1
1666495819,256229,2815,233.3452377915607,1,True,True,4053,False,12964,3994,45890484,174561508,45890517,174561739,0,0,1665976521,519298,distance_to_pickup,BATCH,hungarian,0,0,order,1
1666495819,140933,3670,2555.753509241453,1,True,True,2876,False,12964,3994,45907759,174546285,45909685,174547965,0,0,1665976522,519297,distance_to_pickup,BATCH,hungarian,0,0,order,1
1666495819,128725,2836,53.2634959423431,1,True,True,2454,False,12964,3994,45892879,174567270,45892838,174567236,0,0,1665976532,519287,distance_to_pickup,BATCH,hungarian,0,0,order,1
1666495819,279207,3358,2207.7828244643993,1,True,True,4275,False,12964,3994,45890091,174546640,45889679,174548809,0,0,1665976540,519279,distance_to_pickup,BATCH,hungarian,0,0,order,1
1666495819,419684,2150,79.2464510246358,1,True,True,2806,False,12964,3994,45912320,174519710,45912334,174519788,0,0,1665976548,519271,distance_to_pickup,BATCH,hungarian,0,0,order,1
1666495819,209744,1642,12399.578420252843,1,True,True,42,False,12964,3994,45924573,174557435,45927357,174569518,0,0,1665976556,519263,distance_to_pickup,BATCH,hungarian,0,0,order,1
1666495819,41760,161,279.7320146139873,1,True,True,3179,False,12964,3994,45872960,174545650,45872845,174545905,0,0,1665976590,519229,distance_to_pickup,BATCH,hungarian,0,0,order,1
1666495819,270504,2856,25.942243542145693,1,True,True,736,False,12964,3994,45893090,174566900,45893102,174566877,0,0,1665976591,519228,distance_to_pickup,BATCH,hungarian,0,0,order,1
1666495819,177197,4454,349.09167850293994,1,True,True,262,False,12964,3994,45859122,174540364,45858773,174540372,0,0,1665976592,519227,distance_to_pickup,BATCH,hungarian,0,0,order,1
1666495819,348820,1297,24.08318915758459,1,True,True,2291,False,12964,3994,45879957,174647898,45879975,174647914,0,0,1665976599,519220,distance_to_pickup,BATCH,hungarian,0,0,order,1
1666495819,180219,1773,188.2179587605816,1,True,True,3557,False,12964,3994,45891768,174544917,45891917,174544802,0,0,1665976600,519219,distance_to_pickup,BATCH,hungarian,0,0,order,1
1666495819,477926,2552,204.89265482198232,1,True,True,1585,False,12964,3994,45895360,174576670,45895515,174576536,0,0,1665976615,519204,distance_to_pickup,BATCH,hungarian,0,0,order,1
1666495819,519424,1306,107.37783756436893,1,True,True,34,False,12964,3994,45874757,174650325,45874848,174650268,0,0,1665976618,519201,distance_to_pickup,BATCH,hungarian,0,0,order,1
1666495819,403620,1945,4850.5068807290645,1,True,True,2635,False,12964,3994,45882550,174555124,45878219,174557308,0,0,1665976621,519198,distance_to_pickup,BATCH,hungarian,0,0,order,1
1666495819,384543,1042,437.41284846241086,1,True,True,62,False,12964,3994,45885578,174542014,45885825,174542375,0,0,1665976628,519191,distance_to_pickup,BATCH,hungarian,0,0,order,1
1666495819,435623,110,106.56922632730333,1,True,True,998,False,12964,3994,45898300,174553788,45898311,174553682,0,0,1665976654,519165,distance_to_pickup,BATCH,hungarian,0,0,order,1
1666495819,177199,1778,252.60443384865596,1,True,True,370,False,12964,3994,45894009,174578058,45893837,174578243,0,0,1665976659,519160,distance_to_pickup,BATCH,hungarian,0,0,order,1
1666495819,262047,3933,426.1854056628406,1,True,True,370,False,12964,3994,45891027,174576620,45890612,174576717,0,0,1665976659,519160,distance_to_pickup,BATCH,hungarian,0,0,order,1
1666495819,149995,656,623.7082651368346,1,True,True,2878,False,12964,3994,45889450,174539866,45890024,174540110,0,0,1665976676,519143,distance_to_pickup,BATCH,hungarian,0,0,order,1
1666495819,387329,1990,357.01260481949373,1,True,True,175,False,12964,3994,45872608,174577278,45872611,174577635,0,0,1665976680,519139,distance_to_pickup,BATCH,hungarian,0,0,order,1
1666495819,416984,2210,904.0796425094418,1,True,True,4782,False,12964,3994,45874046,174535364,45874418,174534540,0,0,1665976682,519137,distance_to_pickup,BATCH,hungarian,0,0,order,1
1666495819,153042,1784,732.1666476970936,1,True,True,1166,False,12964,3994,45893272,174535152,45893734,174535720,0,0,1665976690,519129,distance_to_pickup,BATCH,hungarian,0,0,order,1
1666495819,384547,2144,162.87418457201866,1,True,True,835,False,12964,3994,45920023,174542736,45919875,174542668,0,0,1665976693,519126,distance_to_pickup,BATCH,hungarian,0,0,order,1
1666495819,250579,4093,108.24047302187847,1,True,True,608,False,12964,3994,46035894,174949942,46035944,174950038,0,0,1665976693,519126,distance_to_pickup,BATCH,hungarian,0,0,order,1
1666495819,144005,776,50.08991914547278,1,True,True,723,False,12964,3994,45879887,174546555,45879884,174546505,0,0,1665976700,519119,distance_to_pickup,BATCH,hungarian,0,0,order,1
1666495819,435617,733,2451.558891807415,1,True,True,262,False,12964,3994,45857881,174547008,45858046,174544562,0,0,1665976714,519105,distance_to_pickup,BATCH,hungarian,0,0,order,1
1666495819,483065,4775,973.1269187521225,1,True,True,160,False,12964,3994,45876470,174545430,45876994,174544610,0,0,1665976714,519105,distance_to_pickup,BATCH,hungarian,0,0,order,1
1666495819,548093,228,386.33922917560415,1,True,True,1593,False,12964,3994,45907167,174525685,45906904,174525402,0,0,1665976716,519103,distance_to_pickup,BATCH,hungarian,0,0,order,1
1666495819,472657,2092,526.0237637217543,1,True,True,1157,False,12964,3994,45897763,174541033,45897989,174540558,0,0,1665976724,519095,distance_to_pickup,BATCH,hungarian,0,0,order,1
1666495819,542948,3259,298.7072145094591,1,True,True,1892,False,12964,3994,45875751,174545368,45876000,174545203,0,0,1665976728,519091,distance_to_pickup,BATCH,hungarian,0,0,order,1
1666495819,137859,1777,54.147945482723536,1,True,True,400,False,12964,3994,45890707,174546805,45890653,174546801,0,0,1665976731,519088,distance_to_pickup,BATCH,hungarian,0,0,order,1
1666495819,67185,1694,234.6763729053268,1,True,True,4088,False,12964,3994,45898382,174566097,45898615,174566125,0,0,1665976738,519081,distance_to_pickup,BATCH,hungarian,0,0,order,1
1666495819,221534,1690,2847.319089951107,1,True,True,156,False,12964,3994,45885313,174542977,45883262,174544952,0,0,1665976754,519065,distance_to_pickup,BATCH,hungarian,0,0,order,1
1666495819,548095,3751,31.25699921617557,1,True,True,404,False,12964,3994,45887304,174545246,45887335,174545250,0,0,1665976780,519039,distance_to_pickup,BATCH,hungarian,0,0,order,1
1666495819,542949,1349,768.7190644182048,1,True,True,2095,False,12964,3994,45872485,174586837,45871950,174586285,0,0,1665976789,519030,distance_to_pickup,BATCH,hungarian,0,0,order,1
1666495819,212725,2919,121.49897118905987,1,True,True,3520,False,12964,3994,45893410,174534952,45893289,174534941,0,0,1665976791,519028,distance_to_pickup,BATCH,hungarian,0,0,order,1
1666495819,159016,1071,924.8999945940102,1,True,True,2042,False,12964,3994,45910563,174526358,45910387,174525450,0,0,1665976792,519027,distance_to_pickup,BATCH,hungarian,0,0,order,1
1666495819,140948,108,276.24083695210595,1,True,True,1322,False,12964,3994,45860650,174556550,45860728,174556815,0,0,1665976798,519021,distance_to_pickup,BATCH,hungarian,0,0,order,1
1666495819,95415,1752,108.04165863221463,1,True,True,4001,False,12964,3994,45867117,174556837,45867120,174556729,0,0,1665976805,519014,distance_to_pickup,BATCH,hungarian,0,0,order,1
1666495819,113663,231,440.2465218488387,1,True,True,981,False,12964,3994,45874701,174571605,45874640,174571169,0,0,1665976807,519012,distance_to_pickup,BATCH,hungarian,0,0,order,1
1666495819,392752,4618,95.38343671728336,1,True,True,3909,False,12964,3994,45898317,174553837,45898270,174553920,0,0,1665976811,519008,distance_to_pickup,BATCH,hungarian,0,0,order,1
1666495819,545546,3959,4202.03438824577,1,True,True,230,False,12964,3994,45875909,174572304,45880086,174571846,0,0,1665976818,519001,distance_to_pickup,BATCH,hungarian,0,0,order,1
1666495819,387331,3238,1250.613449471898,1,True,True,1361,False,12964,3994,45838183,174574557,45836936,174574462,0,0,1665976828,518991,distance_to_pickup,BATCH,hungarian,0,0,order,1
1666495819,256231,851,48.82622246293481,1,True,True,1093,False,12964,3994,45901824,174570459,45901784,174570487,0,0,1665976831,518988,distance_to_pickup,BATCH,hungarian,0,0,order,1
1666495819,107546,1781,1305.4730943225143,1,True,True,4342,False,12964,3994,45860443,174548874,45861275,174549880,0,0,1665976834,518985,distance_to_pickup,BATCH,hungarian,0,0,order,1
1666495819,424993,3266,1325.745073534124,1,True,True,93,False,12964,3994,45901257,174555664,45900517,174556764,0,0,1665976840,518979,distance_to_pickup,BATCH,hungarian,0,0,order,1
1666495819,470042,2423,97.49358953285082,1,True,True,2730,False,12964,3994,45879711,174547190,45879728,174547286,0,0,1665976854,518965,distance_to_pickup,BATCH,hungarian,0,0,order,1
1666495819,334971,1219,1309.2784272262336,1,True,True,666,False,12964,3994,45893048,174548293,45891765,174548032,0,0,1665976859,518960,distance_to_pickup,BATCH,hungarian,0,0,order,1
1666495819,134859,1255,126.53062870309307,1,True,True,3245,False,12964,3994,45885313,174542977,45885194,174543020,0,0,1665976863,518956,distance_to_pickup,BATCH,hungarian,0,0,order,1
1666495819,95410,2725,657.225227756817,1,True,True,1965,False,12964,3994,45890707,174546805,45890430,174547401,0,0,1665976878,518941,distance_to_pickup,BATCH,hungarian,0,0,order,1
1666495819,149997,1225,288.22560607968194,1,True,True,1712,False,12964,3994,45924567,174557421,45924852,174557378,0,0,1665976883,518936,distance_to_pickup,BATCH,hungarian,0,0,order,1
1666495819,159024,1040,225.94247055390008,1,True,True,925,False,12964,3994,45895728,174555530,45895633,174555325,0,0,1665976884,518935,distance_to_pickup,BATCH,hungarian,0,0,order,1
1666495819,496025,1831,666.934779419997,1,True,True,1276,False,12964,3994,45880733,174580196,45880094,174580387,0,0,1665976888,518931,distance_to_pickup,BATCH,hungarian,0,0,order,1
1666495819,535238,3265,191.41577782408638,1,True,True,4108,False,12964,3994,45867880,174573167,45867844,174573355,0,0,1665976890,518929,distance_to_pickup,BATCH,hungarian,0,0,order,1
1666495819,209750,971,201.79197209007103,1,True,True,1432,False,12964,3994,45875400,174648139,45875528,174648295,0,0,1665976896,518923,distance_to_pickup,BATCH,hungarian,0,0,order,1
1666495819,354444,2782,143.20963654726592,1,True,True,1486,False,12964,3994,45905950,174530458,45906072,174530383,0,0,1665976902,518917,distance_to_pickup,BATCH,hungarian,0,0,order,1
1666495819,422245,3125,19.72308292331602,1,True,True,877,False,12964,3994,45862879,174581321,45862889,174581338,0,0,1665976903,518916,distance_to_pickup,BATCH,hungarian,0,0,order,1
1666495819,435633,4292,1512.915067014669,1,True,True,792,False,12964,3994,45877610,174586280,45878586,174587436,0,0,1665976904,518915,distance_to_pickup,BATCH,hungarian,0,0,order,1
1666495819,304460,286,1454.847071000935,1,True,True,413,False,12964,3994,45875538,174607081,45876154,174608399,0,0,1665976905,518914,distance_to_pickup,BATCH,hungarian,0,0,order,1
1666495819,296036,1771,3997.969609689398,1,True,True,2129,False,12964,3994,45919951,174516559,45918991,174520440,0,0,1665976906,518913,distance_to_pickup,BATCH,hungarian,0,0,order,1
1666495819,368312,842,1511.6877984557525,1,True,True,68,False,12964,3994,45877540,174579160,45876056,174578872,0,0,1665976908,518911,distance_to_pickup,BATCH,hungarian,0,0,order,1
1666495819,467446,3923,308.11036983522644,1,True,True,212,False,12964,3994,45870123,174570701,45870429,174570737,0,0,1665976915,518904,distance_to_pickup,BATCH,hungarian,0,0,order,1
1666495819,527296,455,754.3328177933133,1,True,True,2115,False,12964,3994,45901824,174570459,45901117,174570196,0,0,1665976915,518904,distance_to_pickup,BATCH,hungarian,0,0,order,1
1666495819,511734,372,3318.71842734511,1,True,True,776,False,12964,3994,45880493,174529817,45879407,174526681,0,0,1665976915,518904,distance_to_pickup,BATCH,hungarian,0,0,order,1
1666495819,368313,3084,1095.0433781362271,1,True,True,394,False,12964,3994,45833341,174582070,45832253,174582194,0,0,1665976917,518902,distance_to_pickup,BATCH,hungarian,0,0,order,1
1666495819,472661,2797,274.5906043549196,1,True,True,643,False,12964,3994,45879175,174650529,45878905,174650479,0,0,1665976922,518897,distance_to_pickup,BATCH,hungarian,0,0,order,1
1666495819,67175,2053,2048.6878727614903,1,True,True,347,False,12964,3994,45892410,174566257,45890371,174566456,0,0,1665976924,518895,distance_to_pickup,BATCH,hungarian,0,0,order,1
1666495819,76557,1478,836.0293057064447,1,True,True,504,False,12964,3994,45885618,174541376,45886387,174541704,0,0,1665976931,518888,distance_to_pickup,BATCH,hungarian,0,0,order,1
1666495819,194873,2985,309.7418279793674,1,True,True,3115,False,12964,3994,45862134,174526400,45861918,174526178,0,0,1665976933,518886,distance_to_pickup,BATCH,hungarian,0,0,order,1
1666495819,321256,3737,760.6161975661576,1,True,True,2063,False,12964,3994,45874701,174571605,45875365,174571234,0,0,1665976933,518886,distance_to_pickup,BATCH,hungarian,0,0,order,1
1666495819,159022,1465,84.50443775329198,1,True,True,2291,False,12964,3994,45879091,174649190,45879026,174649136,0,0,1665976939,518880,distance_to_pickup,BATCH,hungarian,0,0,order,1
1666495819,290386,2771,1096.496694021464,1,True,True,2428,False,12964,3994,45897720,174529815,45897192,174530776,0,0,1665976940,518879,distance_to_pickup,BATCH,hungarian,0,0,order,1
1666495819,532604,658,150.28306624500314,1,True,True,2055,False,12964,3994,45885701,174551895,45885845,174551852,0,0,1665976940,518879,distance_to_pickup,BATCH,hungarian,0,0,order,1
1666495819,60884,4766,82.80700453464067,1,True,True,1270,False,12964,3994,45860150,174572502,45860206,174572441,0,0,1665976941,518878,distance_to_pickup,BATCH,hungarian,0,0,order,1
1666495819,48311,2497,1421.3296591572273,1,True,True,1618,False,12964,3994,45869949,174653681,45870946,174652668,0,0,1665976942,518877,distance_to_pickup,BATCH,hungarian,0,0,order,1
1666495819,516906,1098,517.7692536255895,1,True,True,3668,False,12964,3994,45871272,174607058,45871750,174607257,0,0,1665976948,518871,distance_to_pickup,BATCH,hungarian,0,0,order,1
1666495819,38507,3003,66.03029607687671,1,True,True,1145,False,12964,3994,45868629,174606647,45868563,174606649,0,0,1665976948,518871,distance_to_pickup,BATCH,hungarian,0,0,order,1
1666495819,189073,1367,144.30869689661813,1,True,True,1585,False,12964,3994,45892725,174568194,45892858,174568250,0,0,1665976950,518869,distance_to_pickup,BATCH,hungarian,0,0,order,1
1666495819,503898,2282,34.88552708502482,1,True,True,85,False,12964,3994,45894861,174555310,45894892,174555294,0,0,1665976959,518860,distance_to_pickup,BATCH,hungarian,0,0,order,1
1666495819,41758,3574,1007.5916831732982,1,True,True,2382,False,12964,3994,45859575,174549142,45858571,174549227,0,0,1665976959,518860,distance_to_pickup,BATCH,hungarian,0,0,order,1
1666495819,381841,2666,339.2889623904674,1,True,True,10,False,12964,3994,45862990,174575360,45862976,174575021,0,0,1665976961,518858,distance_to_pickup,BATCH,hungarian,0,0,order,1
1666495819,329452,4076,435.454934522506,1,True,True,4315,False,12964,3994,45860307,174548890,45860172,174549304,0,0,1665976964,518855,distance_to_pickup,BATCH,hungarian,0,0,order,1
1666495819,329453,2773,155.7562197795003,1,True,True,579,False,12964,3994,45895725,174554599,45895691,174554447,0,0,1665976964,518855,distance_to_pickup,BATCH,hungarian,0,0,order,1
1666495819,92255,4610,22.47220505424423,1,True,True,2836,False,12964,3994,45898317,174553837,45898305,174553856,0,0,1665976965,518854,distance_to_pickup,BATCH,hungarian,0,0,order,1
1666495819,424985,718,543.5154091651864,1,True,True,930,False,12964,3994,46047647,174935250,46047219,174934915,0,0,1665976971,518848,distance_to_pickup,BATCH,hungarian,0,0,order,1
1666495819,140946,3555,300.9601302498389,1,True,True,332,False,12964,3994,46044917,174938628,46044628,174938712,0,0,1665976973,518846,distance_to_pickup,BATCH,hungarian,0,0,order,1
1666495819,64003,1408,3116.743171966532,1,True,True,4342,False,12964,3994,45860443,174548874,45861425,174551832,0,0,1665976973,518846,distance_to_pickup,BATCH,hungarian,0,0,order,1
1666495819,209754,227,113.74093370462545,1,True,True,266,False,12964,3994,45877890,174578340,45877834,174578439,0,0,1665976977,518842,distance_to_pickup,BATCH,hungarian,0,0,order,1
1666495819,390045,249,852.5502917716937,1,True,True,2836,False,12964,3994,45898320,174550193,45898051,174549384,0,0,1665976978,518841,distance_to_pickup,BATCH,hungarian,0,0,order,1
1666495819,419681,3170,108.11567878897121,1,True,True,1432,False,12964,3994,45874811,174648380,45874919,174648385,0,0,1665976978,518841,distance_to_pickup,BATCH,hungarian,0,0,order,1
1666495819,104585,2451,249.0461804565571,1,True,True,503,False,12964,3994,45886802,174544898,45886620,174544728,0,0,1665976979,518840,distance_to_pickup,BATCH,hungarian,0,0,order,1
1666495819,555824,2188,248.0020161208372,1,True,True,4674,False,12964,3994,45877540,174579160,45877541,174579408,0,0,1665976980,518839,distance_to_pickup,BATCH,hungarian,0,0,order,1
1666495819,76566,4116,287.67342595380615,1,True,True,734,False,12964,3994,45874736,174577874,45874546,174578090,0,0,1665976983,518836,distance_to_pickup,BATCH,hungarian,0,0,order,1
1666495819,156045,2079,132.23085872821065,1,True,True,1585,False,12964,3994,45898786,174565946,45898804,174566077,0,0,1665976985,518834,distance_to_pickup,BATCH,hungarian,0,0,order,1
1666495819,159021,990,23.021728866442675,1,True,True,3476,False,12964,3994,45877540,174579160,45877517,174579161,0,0,1665976985,518834,distance_to_pickup,BATCH,hungarian,0,0,order,1
1666495819,12964,927,796.9799244648513,1,True,True,339,False,12964,3994,45902660,174556330,45901951,174556694,0,0,1665976986,518833,distance_to_pickup,BATCH,hungarian,0,0,order,1
1666495819,472662,2572,179.71366113904642,1,True,True,2397,False,12964,3994,45898786,174565946,45898770,174566125,0,0,1665976986,518833,distance_to_pickup,BATCH,hungarian,0,0,order,1
1666495819,480564,1520,146.44111444536333,1,True,True,755,False,12964,3994,45870123,174570701,45870042,174570579,0,0,1665976987,518832,distance_to_pickup,BATCH,hungarian,0,0,order,1
1666495819,424984,2045,417.6421913552317,1,True,True,3537,False,12964,3994,45890760,174573332,45890980,174573687,0,0,1665976990,518829,distance_to_pickup,BATCH,hungarian,0,0,order,1
1666495819,131843,467,901.7061605645156,1,True,True,429,False,12964,3994,45877540,174579160,45876647,174579285,0,0,1665976991,518828,distance_to_pickup,BATCH,hungarian,0,0,order,1
1666495819,54610,1546,348.26426747514597,1,True,True,4207,False,12964,3994,45864785,174580827,45864467,174580685,0,0,1665976992,518827,distance_to_pickup,BATCH,hungarian,0,0,order,1
1666495819,104581,3276,2193.6973355501896,1,True,True,593,False,12964,3994,45898016,174539265,45900204,174539107,0,0,1665976996,518823,distance_to_pickup,BATCH,hungarian,0,0,order,1
1666495819,343386,562,286.5257405539684,1,True,True,178,False,12964,3994,45863195,174580823,45863404,174581019,0,0,1665976999,518820,distance_to_pickup,BATCH,hungarian,0,0,order,1
1666495819,400938,1658,270.37936311782374,1,True,True,1056,False,12964,3994,45861427,174575615,45861340,174575871,0,0,1665977002,518817,distance_to_pickup,BATCH,hungarian,0,0,order,1
1666495819,156046,1121,381.0682353594957,1,True,True,2428,False,12964,3994,45889549,174535543,45889627,174535916,0,0,1665977004,518815,distance_to_pickup,BATCH,hungarian,0,0,order,1
1666495819,110602,2182,2226.02268631746,1,True,True,756,False,12964,3994,45854960,174528670,45857176,174528881,0,0,1665977004,518815,distance_to_pickup,BATCH,hungarian,0,0,order,1
1666495819,107545,184,90.50966799187809,1,True,True,818,False,12964,3994,46047194,174938821,46047130,174938757,0,0,1665977009,518810,distance_to_pickup,BATCH,hungarian,0,0,order,1
1666495819,446266,3512,5554.583872802715,1,True,True,1352,False,12964,3994,45867334,174556652,45872883,174556403,0,0,1665977009,518810,distance_to_pickup,BATCH,hungarian,0,0,order,1
1666495819,357222,3009,27.202941017470888,1,True,True,1205,False,12964,3994,45859196,174548153,45859222,174548145,0,0,1665977012,518807,distance_to_pickup,BATCH,hungarian,0,0,order,1
1666495819,191942,825,78.00640999302557,1,True,True,162,False,12964,3994,45866359,174536720,45866360,174536642,0,0,1665977013,518806,distance_to_pickup,BATCH,hungarian,0,0,order,1
1666495819,60886,2456,176.63804799646084,1,True,True,178,False,12964,3994,45864785,174580827,45864960,174580803,0,0,1665977013,518806,distance_to_pickup,BATCH,hungarian,0,0,order,1
1666495819,462108,1443,212.20037700249262,1,True,True,1229,False,12964,3994,45873126,174626333,45873328,174626398,0,0,1665977019,518800,distance_to_pickup,BATCH,hungarian,0,0,order,1
1666495819,101609,2635,61.465437442517235,1,True,True,2689,False,12964,3994,45898786,174565946,45898809,174566003,0,0,1665977020,518799,distance_to_pickup,BATCH,hungarian,0,0,order,1
1666495819,427556,2512,106.50821564555478,1,True,True,485,False,12964,3994,45884295,174582147,45884355,174582235,0,0,1665977023,518796,distance_to_pickup,BATCH,hungarian,0,0,order,1
1666495819,516912,253,8168.6293219854215,1,True,True,2556,False,12964,3994,45907083,174574096,45914232,174578048,0,0,1665977027,518792,distance_to_pickup,BATCH,hungarian,0,0,order,1
1666495819,519413,111,191.51240168720145,1,True,True,689,False,12964,3994,45885892,174563248,45885906,174563439,0,0,1665977032,518787,distance_to_pickup,BATCH,hungarian,0,0,order,1
1666495819,51475,2073,245.52189311749777,1,True,True,1760,False,12964,3994,45907357,174569034,45907137,174568925,0,0,1665977032,518787,distance_to_pickup,BATCH,hungarian,0,0,order,1
1666495819,435626,4183,60.74537019394976,1,True,True,2995,False,12964,3994,45893777,174533800,45893810,174533749,0,0,1665977034,518785,distance_to_pickup,BATCH,hungarian,0,0,order,1
1666495819,509053,575,413.88524979757375,1,True,True,1325,False,12964,3994,45890977,174577191,45890651,174576936,0,0,1665977038,518781,distance_to_pickup,BATCH,hungarian,0,0,order,1
1666495819,323976,1070,1961.8147211191988,1,True,True,2836,False,12964,3994,45898320,174550193,45899491,174548619,0,0,1665977041,518778,distance_to_pickup,BATCH,hungarian,0,0,order,1
1666495819,238942,3876,256.3201123595259,1,True,True,3424,False,12964,3994,45880188,174530388,45880260,174530142,0,0,1665977043,518776,distance_to_pickup,BATCH,hungarian,0,0,order,1
1666495819,262057,2289,838.6191030497696,1,True,True,4311,False,12964,3994,45869364,174570875,45868543,174570704,0,0,1665977046,518773,distance_to_pickup,BATCH,hungarian,0,0,order,1
1666495819,22587,2735,239.75404063331237,1,True,True,866,False,12964,3994,45886780,174581795,45886851,174582024,0,0,1665977052,518767,distance_to_pickup,BATCH,hungarian,0,0,order,1
1666495819,128722,514,1382.9916847183138,1,True,True,49,False,12964,3994,45775310,174567990,45776689,174567885,0,0,1665977053,518766,distance_to_pickup,BATCH,hungarian,0,0,order,1
1666495819,304487,4548,229.9652147608416,1,True,True,60,False,12964,3994,45876300,174545760,45876330,174545988,0,0,1665977056,518763,distance_to_pickup,BATCH,hungarian,0,0,order,1
1666495819,238943,57,444.1733895676327,1,True,True,959,False,12964,3994,45872128,174544388,45872415,174544727,0,0,1665977059,518760,distance_to_pickup,BATCH,hungarian,0,0,order,1
1666495819,542956,446,69.0,1,True,True,446,True,12964,3994,45769703,174567541,45769772,174567541,0,0,1665977062,518757,distance_to_pickup,BATCH,hungarian,0,0,order,1
1666495819,82940,375,164.7604321431575,1,True,True,46,False,12964,3994,45867022,174574102,45866861,174574067,0,0,1665977064,518755,distance_to_pickup,BATCH,hungarian,0,0,order,1
1666495819,150002,1203,257.8158257361251,1,True,True,2976,False,12964,3994,45868335,174545710,45868373,174545965,0,0,1665977065,518754,distance_to_pickup,BATCH,hungarian,0,0,order,1
1666495819,191945,1574,1592.0533910645083,1,True,True,3572,False,12964,3994,45887530,174576520,45886027,174575995,0,0,1665977070,518749,distance_to_pickup,BATCH,hungarian,0,0,order,1
1666495819,203742,816,641.1060754664551,1,True,True,1521,False,12964,3994,45884894,174566023,45885238,174566564,0,0,1665977070,518749,distance_to_pickup,BATCH,hungarian,0,0,order,1
1666495819,490852,196,556.0323731582541,1,True,True,2869,False,12964,3994,45879420,174632710,45879606,174632186,0,0,1665977070,518749,distance_to_pickup,BATCH,hungarian,0,0,order,1
1666495819,238944,1499,63.387695966961914,1,True,True,2568,False,12964,3994,45861460,174532407,45861467,174532344,0,0,1665977072,518747,distance_to_pickup,BATCH,hungarian,0,0,order,1
1666495819,419686,238,384.50617680344226,1,True,True,3185,False,12964,3994,45885886,174563236,45885920,174562853,0,0,1665977073,518746,distance_to_pickup,BATCH,hungarian,0,0,order,1
1666495819,32122,1522,111.5437134042076,1,True,True,1041,False,12964,3994,45767591,174571467,45767580,174571578,0,0,1665977076,518743,distance_to_pickup,BATCH,hungarian,0,0,order,1
1666495819,6505,2554,244.2642012248213,1,True,True,167,False,12964,3994,45892956,174566372,45893148,174566523,0,0,1665977076,518743,distance_to_pickup,BATCH,hungarian,0,0,order,1
1666495819,253380,1235,812.841928052435,1,True,True,357,False,12964,3994,45897160,174590150,45896366,174590324,0,0,1665977078,518741,distance_to_pickup,BATCH,hungarian,0,0,order,1
1666495819,506460,2658,488.0184422744698,1,True,True,2253,False,12964,3994,45904363,174536924,45904762,174536643,0,0,1665977078,518741,distance_to_pickup,BATCH,hungarian,0,0,order,1
1666495819,191947,2929,794.927040677319,1,True,True,2993,False,12964,3994,46050966,174946024,46051381,174945346,0,0,1665977082,518737,distance_to_pickup,BATCH,hungarian,0,0,order,1
1666495819,368316,3279,691.3089034577813,1,True,True,1016,False,12964,3994,45887243,174550790,45887421,174551458,0,0,1665977084,518735,distance_to_pickup,BATCH,hungarian,0,0,order,1
1666495819,241883,2470,70.03570517957252,1,True,True,988,False,12964,3994,45896150,174555690,45896219,174555678,0,0,1665977088,518731,distance_to_pickup,BATCH,hungarian,0,0,order,1
1666495819,524714,7,1236.0408569298993,1,True,True,1965,False,12964,3994,45891633,174536172,45892607,174536933,0,0,1665977090,518729,distance_to_pickup,BATCH,hungarian,0,0,order,1
1666495819,472665,1318,331.84333653096,1,True,True,2984,False,12964,3994,45872128,174544388,45871982,174544686,0,0,1665977091,518728,distance_to_pickup,BATCH,hungarian,0,0,order,1
1666495819,259148,2356,23.259406699226016,1,True,True,2716,False,12964,3994,45889630,174546285,45889640,174546306,0,0,1665977093,518726,distance_to_pickup,BATCH,hungarian,0,0,order,1
1666495819,165209,376,2437.0002051702827,1,True,True,296,False,12964,3994,45880733,174580196,45879666,174582387,0,0,1665977097,518722,distance_to_pickup,BATCH,hungarian,0,0,order,1
1666495819,94,2931,206.90335908341362,1,True,True,88,False,12964,3994,45866450,174536750,45866565,174536922,0,0,1665977098,518721,distance_to_pickup,BATCH,hungarian,0,0,order,1
1666495819,171192,2794,450.99889135118724,1,True,True,3991,False,12964,3994,45887438,174553952,45887060,174554198,0,0,1665977098,518721,distance_to_pickup,BATCH,hungarian,0,0,order,1
1666495819,451741,207,2120.362233204506,1,True,True,926,False,12964,3994,45889913,174596658,45891257,174595018,0,0,1665977098,518721,distance_to_pickup,BATCH,hungarian,0,0,order,1
1666495819,464707,1149,4089.6241881131327,1,True,True,1514,False,12964,3994,45883773,174566833,45882274,174570638,0,0,1665977099,518720,distance_to_pickup,BATCH,hungarian,0,0,order,1
1666495819,464708,920,255.16269319788896,1,True,True,1905,False,12964,3994,45887570,174581300,45887478,174581538,0,0,1665977099,518720,distance_to_pickup,BATCH,hungarian,0,0,order,1
1666495819,16102,1951,223.4390297150433,1,True,True,3115,False,12964,3994,45863470,174531360,45863300,174531505,0,0,1665977101,518718,distance_to_pickup,BATCH,hungarian,0,0,order,1
1666495819,443679,352,883.2445867368789,1,True,True,161,False,12964,3994,45874046,174535364,45874331,174534528,0,0,1665977102,518717,distance_to_pickup,BATCH,hungarian,0,0,order,1
1666495819,159023,1698,203.29781110479277,1,True,True,664,False,12964,3994,45897426,174566319,45897313,174566488,0,0,1665977104,518715,distance_to_pickup,BATCH,hungarian,0,0,order,1
1666495819,259156,3057,996.0451796981902,1,True,True,2229,False,12964,3994,45865154,174557054,45864395,174557699,0,0,1665977106,518713,distance_to_pickup,BATCH,hungarian,0,0,order,1
1666495819,215715,4123,484.23547990621256,1,True,True,227,False,12964,3994,45859748,174579158,45859438,174578786,0,0,1665977113,518706,distance_to_pickup,BATCH,hungarian,0,0,order,1
1666495819,206679,4376,89.55445270895244,1,True,True,2178,False,12964,3994,45892766,174568390,45892810,174568468,0,0,1665977115,518704,distance_to_pickup,BATCH,hungarian,0,0,order,1
1666495819,270515,3336,122.00409829181969,1,True,True,1228,False,12964,3994,45860307,174548890,45860308,174549012,0,0,1665977124,518695,distance_to_pickup,BATCH,hungarian,0,0,order,1
1666495819,168135,2298,358.2764295903374,1,True,True,1609,False,12964,3994,46047132,174937970,46047051,174938319,0,0,1665977124,518695,distance_to_pickup,BATCH,hungarian,0,0,order,1
1666495819,310180,1500,71.25307010929424,1,True,True,1595,False,12964,3994,45895724,174555827,45895718,174555898,0,0,1665977131,518688,distance_to_pickup,BATCH,hungarian,0,0,order,1
1666495819,553222,1938,1388.9456432848624,1,True,True,3223,False,12964,3994,45890252,174534554,45890733,174533251,0,0,1665977132,518687,distance_to_pickup,BATCH,hungarian,0,0,order,1
1666495819,545556,670,1285.245501840018,1,True,True,973,False,12964,3994,45890901,174559510,45890785,174558230,0,0,1665977135,518684,distance_to_pickup,BATCH,hungarian,0,0,order,1
1666495819,262063,138,71.50524456289902,1,True,True,1061,False,12964,3994,45892850,174552390,45892802,174552443,0,0,1665977144,518675,distance_to_pickup,BATCH,hungarian,0,0,order,1
1666495819,60890,2609,52.20153254455275,1,True,True,2027,False,12964,3994,45873880,174576720,45873895,174576770,0,0,1665977148,518671,distance_to_pickup,BATCH,hungarian,0,0,order,1
1666495819,218645,3115,120.83045973594572,1,True,True,376,False,12964,3994,45880454,174530314,45880348,174530372,0,0,1665977151,518668,distance_to_pickup,BATCH,hungarian,0,0,order,1
1666495819,259149,2202,408.4421623681865,1,True,True,1704,False,12964,3994,45862946,174583985,45863261,174584245,0,0,1665977154,518665,distance_to_pickup,BATCH,hungarian,0,0,order,1
1666495819,22593,1351,14.560219778561036,1,True,True,407,False,12964,3994,45896150,174555690,45896164,174555686,0,0,1665977155,518664,distance_to_pickup,BATCH,hungarian,0,0,order,1
1666495819,368318,2965,498.23087017967885,1,True,True,1387,False,12964,3994,45906263,174574373,45906718,174574576,0,0,1665977157,518662,distance_to_pickup,BATCH,hungarian,0,0,order,1
1666495819,233034,129,328.1249761904753,1,True,True,2030,False,12964,3994,46063936,174949451,46063631,174949330,0,0,1665977159,518660,distance_to_pickup,BATCH,hungarian,0,0,order,1
1666495819,128727,4485,163.8169710378018,1,True,True,2285,False,12964,3994,45866698,174606413,45866648,174606569,0,0,1665977161,518658,distance_to_pickup,BATCH,hungarian,0,0,order,1
1666495819,326757,1623,240.18742681497713,1,True,True,1685,False,12964,3994,45883446,174535886,45883683,174535925,0,0,1665977162,518657,distance_to_pickup,BATCH,hungarian,0,0,order,1
1666495819,95404,3822,3092.847555247429,1,True,True,394,False,12964,3994,45832112,174582926,45829287,174581667,0,0,1665977164,518655,distance_to_pickup,BATCH,hungarian,0,0,order,1
1666495819,360001,1435,19130.378590085456,1,True,True,2831,False,12964,3994,45765204,174560738,45747847,174552694,0,0,1665977166,518653,distance_to_pickup,BATCH,hungarian,0,0,order,1
1666495819,16108,1722,766.6452895570415,1,True,True,1499,False,12964,3994,45856220,174583459,45855704,174582892,0,0,1665977166,518653,distance_to_pickup,BATCH,hungarian,0,0,order,1
1666495819,3224,3714,550.66232847363,1,True,True,897,False,12964,3994,46052690,174946920,46052455,174947418,0,0,1665977167,518652,distance_to_pickup,BATCH,hungarian,0,0,order,1
1666495819,462115,3979,554.1849871658379,1,True,True,3623,False,12964,3994,45901161,174554743,45901400,174554243,0,0,1665977168,518651,distance_to_pickup,BATCH,hungarian,0,0,order,1
1666495819,310181,1708,516.6207506479003,1,True,True,1891,False,12964,3994,45868335,174545710,45868411,174545199,0,0,1665977170,518649,distance_to_pickup,BATCH,hungarian,0,0,order,1
1666495819,270518,815,850.8965859609498,1,True,True,2070,False,12964,3994,45899979,174569978,45899363,174569391,0,0,1665977172,518647,distance_to_pickup,BATCH,hungarian,0,0,order,1
1666495819,424992,4276,43.41658669218482,1,True,True,2547,False,12964,3994,45866961,174601021,45866982,174600983,0,0,1665977172,518647,distance_to_pickup,BATCH,hungarian,0,0,order,1
1666495819,134866,210,33.06055050963308,1,True,True,1681,False,12964,3994,45887997,174533308,45888030,174533310,0,0,1665977176,518643,distance_to_pickup,BATCH,hungarian,0,0,order,1
1666495819,438290,2117,146.27713423498562,1,True,True,4170,False,12964,3994,45912088,174529069,45911942,174529078,0,0,1665977176,518643,distance_to_pickup,BATCH,hungarian,0,0,order,1
1666495819,403634,1421,389.85253622363416,1,True,True,2993,False,12964,3994,46050732,174942316,46050835,174941940,0,0,1665977177,518642,distance_to_pickup,BATCH,hungarian,0,0,order,1
1666495819,183219,1080,1827.043787105279,1,True,True,1567,False,12964,3994,45878191,174546698,45878699,174544943,0,0,1665977180,518639,distance_to_pickup,BATCH,hungarian,0,0,order,1
1666495819,443683,378,324.01388859121454,1,True,True,4759,False,12964,3994,46063936,174949451,46063675,174949259,0,0,1665977182,518637,distance_to_pickup,BATCH,hungarian,0,0,order,1
1666495819,414311,585,148.18906842274163,1,True,True,2993,False,12964,3994,46053092,174946214,46053230,174946268,0,0,1665977183,518636,distance_to_pickup,BATCH,hungarian,0,0,order,1
1666495819,395448,781,1720.5188171013997,1,True,True,1962,False,12964,3994,45854381,174578422,45854552,174576710,0,0,1665977183,518636,distance_to_pickup,BATCH,hungarian,0,0,order,1
1666495819,371051,1078,25.96150997149434,1,True,True,19,False,12964,3994,45889788,174545522,45889813,174545529,0,0,1665977185,518634,distance_to_pickup,BATCH,hungarian,0,0,order,1
1666495819,483074,1166,1089.6591210098688,1,True,True,156,False,12964,3994,45886643,174540024,45887029,174539005,0,0,1665977185,518634,distance_to_pickup,BATCH,hungarian,0,0,order,1
1666495819,524717,69,727.0687725380592,1,True,True,2178,False,12964,3994,45895612,174555834,45895602,174556561,0,0,1665977186,518633,distance_to_pickup,BATCH,hungarian,0,0,order,1
1666495819,119655,2737,662.07703479278,1,True,True,580,False,12964,3994,45877696,174531930,45877441,174531319,0,0,1665977187,518632,distance_to_pickup,BATCH,hungarian,0,0,order,1
1666495819,256237,1629,756.3345820468611,1,True,True,1904,False,12964,3994,46053452,174945383,46053801,174944712,0,0,1665977188,518631,distance_to_pickup,BATCH,hungarian,0,0,order,1
1666495819,488214,3715,733.4009817282766,1,True,True,19,False,12964,3994,45890057,174537490,45890498,174538076,0,0,1665977189,518630,distance_to_pickup,BATCH,hungarian,0,0,order,1
1666495819,451747,2556,510.42139453592654,1,True,True,4053,False,12964,3994,45892958,174566355,45893465,174566414,0,0,1665977189,518630,distance_to_pickup,BATCH,hungarian,0,0,order,1
1666495819,511732,1339,235.4591259645716,1,True,True,3557,False,12964,3994,45889986,174545204,45890082,174545419,0,0,1665977190,518629,distance_to_pickup,BATCH,hungarian,0,0,order,1
1666495819,250585,628,183.34939323597447,1,True,True,1961,False,12964,3994,45775310,174567990,45775159,174568094,0,0,1665977190,518629,distance_to_pickup,BATCH,hungarian,0,0,order,1
1666495819,19411,2678,2605.207477342256,1,True,True,2119,False,12964,3994,45889647,174545036,45890156,174542481,0,0,1665977190,518629,distance_to_pickup,BATCH,hungarian,0,0,order,1
1666495819,545552,551,756.5024785154375,1,True,True,3223,False,12964,3994,45892182,174529633,45891932,174530347,0,0,1665977190,518629,distance_to_pickup,BATCH,hungarian,0,0,order,1
1666495819,550668,3431,153.0294089382822,1,True,True,2961,False,12964,3994,45860937,174535200,45860940,174535047,0,0,1665977191,518628,distance_to_pickup,BATCH,hungarian,0,0,order,1
1666495819,343389,131,88.76936408468859,1,True,True,129,False,12964,3994,46050349,174942423,46050435,174942401,0,0,1665977192,518627,distance_to_pickup,BATCH,hungarian,0,0,order,1
1666495819,76567,1288,939.2534269301337,1,True,True,3272,False,12964,3994,45775310,174567990,45775504,174567071,0,0,1665977192,518627,distance_to_pickup,BATCH,hungarian,0,0,order,1
1666495819,435629,2004,214.46211786700232,1,True,True,1466,False,12964,3994,45873270,174545902,45873375,174546089,0,0,1665977192,518627,distance_to_pickup,BATCH,hungarian,0,0,order,1
1666495819,514350,2631,235.1871595134394,1,True,True,2885,False,12964,3994,46052464,174930471,46052697,174930439,0,0,1665977193,518626,distance_to_pickup,BATCH,hungarian,0,0,order,1
1666495819,464712,1441,153.7172729396407,1,True,True,2110,False,12964,3994,45895200,174566810,45895302,174566925,0,0,1665977193,518626,distance_to_pickup,BATCH,hungarian,0,0,order,1
1666495819,256240,4725,112.00892821556681,1,True,True,383,False,12964,3994,45884084,174582375,45884045,174582270,0,0,1665977193,518626,distance_to_pickup,BATCH,hungarian,0,0,order,1
1666495819,215725,1183,892.9081699704623,1,True,True,1927,False,12964,3994,45769546,174573558,45769115,174572776,0,0,1665977193,518626,distance_to_pickup,BATCH,hungarian,0,0,order,1
1666495819,38515,802,657.657965815058,1,True,True,3018,False,12964,3994,45865852,174556038,45865419,174555543,0,0,1665977194,518625,distance_to_pickup,BATCH,hungarian,0,0,order,1
1666495819,110609,3099,319.363429340305,1,True,True,1955,False,12964,3994,45875471,174545336,45875323,174545053,0,0,1665977194,518625,distance_to_pickup,BATCH,hungarian,0,0,order,1
1666495819,177202,2478,335.20292361493506,1,True,True,1606,False,12964,3994,45767858,174560883,45768127,174560683,0,0,1665977194,518625,distance_to_pickup,BATCH,hungarian,0,0,order,1
1666495819,379196,535,956.7026706349261,1,True,True,4678,False,12964,3994,45858466,174584141,45857578,174583785,0,0,1665977194,518625,distance_to_pickup,BATCH,hungarian,0,0,order,1
1666495819,86000,1091,2025.0293825028812,1,True,True,1543,False,12964,3994,45869838,174579770,45868988,174581608,0,0,1665977195,518624,distance_to_pickup,BATCH,hungarian,0,0,order,1
1666495819,101611,168,1843.5414288808374,1,True,True,1102,False,12964,3994,45885075,174565745,45886778,174566451,0,0,1665977195,518624,distance_to_pickup,BATCH,hungarian,0,0,order,1
1666495819,553221,2522,136.74063039199433,1,True,True,2097,False,12964,3994,45890505,174528240,45890428,174528127,0,0,1665977195,518624,distance_to_pickup,BATCH,hungarian,0,0,order,1
1666495819,218644,798,568.5701363947987,1,True,True,1274,False,12964,3994,45868424,174540142,45868110,174540616,0,0,1665977195,518624,distance_to_pickup,BATCH,hungarian,0,0,order,1
1666495819,156050,2968,2622.0762765411687,1,True,True,835,False,12964,3994,45907759,174546285,45909219,174544107,0,0,1665977195,518624,distance_to_pickup,BATCH,hungarian,0,0,order,1
1666495819,408982,1310,165.07574019219177,1,True,True,121,False,12964,3994,45884295,174582147,45884244,174582304,0,0,1665977195,518624,distance_to_pickup,BATCH,hungarian,0,0,order,1
1666495819,282037,2161,149.9333185119305,1,True,True,1789,False,12964,3994,46044930,174938660,46044954,174938808,0,0,1665977195,518624,distance_to_pickup,BATCH,hungarian,0,0,order,1
1666495819,483075,2078,3597.0023630795686,1,True,True,4276,False,12964,3994,45868994,174597121,45871195,174599966,0,0,1665977196,518623,distance_to_pickup,BATCH,hungarian,0,0,order,1
1666495819,227334,1460,2660.71512943419,1,True,True,1681,False,12964,3994,45882724,174541741,45882266,174544362,0,0,1665977196,518623,distance_to_pickup,BATCH,hungarian,0,0,order,1
1666495819,376548,1366,207.4246851269154,1,True,True,1212,False,12964,3994,45896677,174552896,45896513,174553023,0,0,1665977197,518622,distance_to_pickup,BATCH,hungarian,0,0,order,1
1666495819,400940,2159,915.3562148147572,1,True,True,2631,False,12964,3994,46058867,174947322,46058028,174947688,0,0,1665977197,518622,distance_to_pickup,BATCH,hungarian,0,0,order,1
1666495819,488212,903,161.4465855941215,1,True,True,378,False,12964,3994,46045145,174938665,46045117,174938824,0,0,1665977198,518621,distance_to_pickup,BATCH,hungarian,0,0,order,1
1666495819,498617,2236,264.1968962724581,1,True,True,376,False,12964,3994,45880454,174530314,45880420,174530576,0,0,1665977198,518621,distance_to_pickup,BATCH,hungarian,0,0,order,1
1666495819,480566,2854,6519.929447471039,1,True,True,3726,False,12964,3994,45924573,174557435,45925907,174563817,0,0,1665977198,518621,distance_to_pickup,BATCH,hungarian,0,0,order,1
1666495819,48308,3456,151.82226450688975,1,True,True,2976,False,12964,3994,45868335,174545710,45868380,174545855,0,0,1665977199,518620,distance_to_pickup,BATCH,hungarian,0,0,order,1
1666495819,506463,891,611.7720163590355,1,True,True,2062,False,12964,3994,45865852,174556038,45865615,174555474,0,0,1665977199,518620,distance_to_pickup,BATCH,hungarian,0,0,order,1
1666495819,456869,1137,374.4569401146145,1,True,True,3223,False,12964,3994,45892305,174529484,45892662,174529597,0,0,1665977199,518620,distance_to_pickup,BATCH,hungarian,0,0,order,1
1666495819,408985,1068,18.110770276274835,1,True,True,4674,False,12964,3994,45877631,174578794,45877629,174578776,0,0,1665977199,518620,distance_to_pickup,BATCH,hungarian,0,0,order,1
1666495819,189070,2611,594.9394927217389,1,True,True,3381,False,12964,3994,45905478,174561382,45905990,174561079,0,0,1665977200,518619,distance_to_pickup,BATCH,hungarian,0,0,order,1
1666495819,493452,618,1558.2069823999634,1,True,True,1728,False,12964,3994,45885546,174539618,45884061,174539146,0,0,1665977200,518619,distance_to_pickup,BATCH,hungarian,0,0,order,1
1666495819,553224,71,730.5922255266613,1,True,True,2107,False,12964,3994,46042359,174941150,46041853,174940623,0,0,1665977200,518619,distance_to_pickup,BATCH,hungarian,0,0,order,1
1666495819,485676,343,1069.5442954828939,1,True,True,897,False,12964,3994,46051835,174951074,46050769,174951161,0,0,1665977200,518619,distance_to_pickup,BATCH,hungarian,0,0,order,1
1666495819,459494,2392,1357.4424481354633,1,True,True,2417,False,12964,3994,46051835,174951074,46050630,174950449,0,0,1665977200,518619,distance_to_pickup,BATCH,hungarian,0,0,order,1
1666495819,221546,1262,796.8952252335309,1,True,True,737,False,12964,3994,45888863,174535502,45888162,174535123,0,0,1665977201,518618,distance_to_pickup,BATCH,hungarian,0,0,order,1
1666495819,256238,4194,708.2548976180822,1,True,True,3384,False,12964,3994,45901279,174543589,45901298,174544297,0,0,1665977201,518618,distance_to_pickup,BATCH,hungarian,0,0,order,1
1666495819,419689,174,66.48308055437865,1,True,True,1348,False,12964,3994,45920123,174542534,45920099,174542472,0,0,1665977201,518618,distance_to_pickup,BATCH,hungarian,0,0,order,1
1666495819,227338,68,2581.0548231294893,1,True,True,161,False,12964,3994,45877682,174539771,45876352,174541983,0,0,1665977202,518617,distance_to_pickup,BATCH,hungarian,0,0,order,1
1666495819,162158,3006,67.80117993073571,1,True,True,271,False,12964,3994,45767013,174566844,45766959,174566885,0,0,1665977202,518617,distance_to_pickup,BATCH,hungarian,0,0,order,1
1666495819,48309,3589,135.28118864054971,1,True,True,477,False,12964,3994,45863619,174577800,45863709,174577699,0,0,1665977202,518617,distance_to_pickup,BATCH,hungarian,0,0,order,1
1666495819,459491,533,932.8772695269191,1,True,True,2452,False,12964,3994,45880733,174580196,45879849,174580494,0,0,1665977202,518617,distance_to_pickup,BATCH,hungarian,0,0,order,1
1666495819,238946,1693,3240.644997527498,1,True,True,2689,False,12964,3994,45888220,174563322,45888506,174566550,0,0,1665977203,518616,distance_to_pickup,BATCH,hungarian,0,0,order,1
1666495819,89132,3350,458.21610622063474,1,True,True,2285,False,12964,3994,45867690,174605419,45867851,174604990,0,0,1665977203,518616,distance_to_pickup,BATCH,hungarian,0,0,order,1
1666495819,144000,2563,3094.583978501795,1,True,True,802,False,12964,3994,45858376,174534230,45857935,174531167,0,0,1665977208,518611,distance_to_pickup,BATCH,hungarian,0,0,order,1
1666495819,351616,1875,1992.0251002434684,1,True,True,2428,False,12964,3994,45897720,174529815,45898590,174528023,0,0,1665977209,518610,distance_to_pickup,BATCH,hungarian,0,0,order,1
1666495819,19407,3874,198.9572818471342,1,True,True,1010,False,12964,3994,45860080,174579970,45860180,174579798,0,0,1665977209,518610,distance_to_pickup,BATCH,hungarian,0,0,order,1
1666495819,488210,1742,160.11246047700348,1,True,True,747,False,12964,3994,45877682,174539771,45877788,174539891,0,0,1665977211,518608,distance_to_pickup,BATCH,hungarian,0,0,order,1
1666495819,548102,1867,75.76938695805846,1,True,True,3245,False,12964,3994,45885670,174551052,45885740,174551023,0,0,1665977212,518607,distance_to_pickup,BATCH,hungarian,0,0,order,1
1666495819,360004,1712,6050.29561261266,1,True,True,268,False,12964,3994,45907759,174546285,45913460,174544259,0,0,1665977215,518604,distance_to_pickup,BATCH,hungarian,0,0,order,1
1666495819,509054,30,2292.405941363789,1,True,True,2248,False,12964,3994,46063936,174949451,46062478,174951220,0,0,1665977216,518603,distance_to_pickup,BATCH,hungarian,0,0,order,1
1666495819,441002,36,977.615466326101,1,True,True,2773,False,12964,3994,45892873,174551683,45891997,174551249,0,0,1665977219,518600,distance_to_pickup,BATCH,hungarian,0,0,order,1
1666495819,337732,1493,198.64037857394453,1,True,True,2466,False,12964,3994,45912099,174528707,45912052,174528514,0,0,1665977219,518600,distance_to_pickup,BATCH,hungarian,0,0,order,1
1666495819,89133,897,102.08329931972223,1,True,True,2485,False,12964,3994,46064751,174949153,46064701,174949242,0,0,1665977221,518598,distance_to_pickup,BATCH,hungarian,0,0,order,1
1666495819,236072,447,372.6902198877776,1,True,True,94,False,12964,3994,45862946,174583985,45863249,174584202,0,0,1665977222,518597,distance_to_pickup,BATCH,hungarian,0,0,order,1
1666495819,236065,406,378.375474892335,1,True,True,2062,False,12964,3994,45865852,174556038,45865940,174555670,0,0,1665977223,518596,distance_to_pickup,BATCH,hungarian,0,0,order,1
1666495819,348813,2024,1977.2571911615341,1,True,True,4449,False,12964,3994,45846797,174542676,45846086,174540831,0,0,1665977226,518593,distance_to_pickup,BATCH,hungarian,0,0,order,1
1666495819,387342,997,1597.3042916113386,1,True,True,1167,False,12964,3994,45868335,174545710,45866760,174545444,0,0,1665977227,518592,distance_to_pickup,BATCH,hungarian,0,0,order,1
1666495819,545551,319,826.0278445669976,1,True,True,782,False,12964,3994,45897891,174578367,45897242,174578878,0,0,1665977231,518588,distance_to_pickup,BATCH,hungarian,0,0,order,1
1666495819,98,621,124.48293055676348,1,True,True,88,False,12964,3994,45866359,174536720,45866409,174536606,0,0,1665977231,518588,distance_to_pickup,BATCH,hungarian,0,0,order,1
1666495819,119653,1577,410.9111826173632,1,True,True,4116,False,12964,3994,45859987,174593971,45860339,174594183,0,0,1665977234,518585,distance_to_pickup,BATCH,hungarian,0,0,order,1
1666495819,79846,2814,147.648230602334,1,True,True,2991,False,12964,3994,45861517,174577081,45861387,174577011,0,0,1665977237,518582,distance_to_pickup,BATCH,hungarian,0,0,order,1
1666495819,35372,4803,152.0855022676389,1,True,True,877,False,12964,3994,45866788,174574112,45866845,174574253,0,0,1665977238,518581,distance_to_pickup,BATCH,hungarian,0,0,order,1
1666495819,101610,1646,996.8680955873751,1,True,True,4036,False,12964,3994,45861655,174583536,45860694,174583801,0,0,1665977241,518578,distance_to_pickup,BATCH,hungarian,0,0,order,1
1666495819,387344,1540,1477.2572558630402,1,True,True,94,False,12964,3994,45862946,174583985,45862113,174585205,0,0,1665977244,518575,distance_to_pickup,BATCH,hungarian,0,0,order,1
1666495819,183220,755,236.76359517459605,1,True,True,877,False,12964,3994,45862946,174583985,45863095,174584169,0,0,1665977249,518570,distance_to_pickup,BATCH,hungarian,0,0,order,1
1666495819,247700,3406,249.8739682319869,1,True,True,296,False,12964,3994,45869825,174570774,45869696,174570560,0,0,1665977258,518561,distance_to_pickup,BATCH,hungarian,0,0,order,1
1666495819,122668,2759,109.80892495603443,1,True,True,4201,False,12964,3994,45877949,174577975,45877882,174578062,0,0,1665977263,518556,distance_to_pickup,BATCH,hungarian,0,0,order,1
1666495819,301705,258,184.8053029542172,1,True,True,2551,False,12964,3994,45874164,174536556,45874311,174536444,0,0,1665977265,518554,distance_to_pickup,BATCH,hungarian,0,0,order,1
1666495819,400944,3635,313.6000637755037,1,True,True,1950,False,12964,3994,45868758,174548560,45868457,174548648,0,0,1665977267,518552,distance_to_pickup,BATCH,hungarian,0,0,order,1
1666495819,92264,4410,451.9568563480368,1,True,True,2291,False,12964,3994,45879217,174648910,45878806,174648722,0,0,1665977270,518549,distance_to_pickup,BATCH,hungarian,0,0,order,1
1666495819,334985,127,825.4750147642266,1,True,True,1573,False,12964,3994,45769711,174579550,45770536,174579522,0,0,1665977273,518546,distance_to_pickup,BATCH,hungarian,0,0,order,1
1666495819,334982,2498,26.30589287593181,1,True,True,1499,False,12964,3994,45861752,174582541,45861756,174582567,0,0,1665977274,518545,distance_to_pickup,BATCH,hungarian,0,0,order,1
1666495819,480569,715,153.83432646844463,1,True,True,2455,False,12964,3994,45868657,174606433,45868525,174606512,0,0,1665977278,518541,distance_to_pickup,BATCH,hungarian,0,0,order,1
1666495819,171197,1494,998.6395746213947,1,True,True,324,False,12964,3994,45875400,174648139,45876375,174648355,0,0,1665977280,518539,distance_to_pickup,BATCH,hungarian,0,0,order,1
1666495819,253384,3726,1685.698074982587,1,True,True,2270,False,12964,3994,45919660,174549308,45921303,174549685,0,0,1665977280,518539,distance_to_pickup,BATCH,hungarian,0,0,order,1
1666495819,144002,3122,1380.9055000252552,1,True,True,874,False,12964,3994,45880110,174548040,45881490,174548090,0,0,1665977281,518538,distance_to_pickup,BATCH,hungarian,0,0,order,1
1666495819,462110,2109,73.49829930005184,1,True,True,1764,False,12964,3994,45864108,174582488,45864089,174582417,0,0,1665977284,518535,distance_to_pickup,BATCH,hungarian,0,0,order,1
1666495819,362770,2481,288.6468430452687,1,True,True,1140,False,12964,3994,45906677,174565981,45906398,174565907,0,0,1665977295,518524,distance_to_pickup,BATCH,hungarian,0,0,order,1
1666495819,273395,1653,123.4382436686459,1,True,True,3215,False,12964,3994,45856486,174600043,45856540,174600154,0,0,1665977295,518524,distance_to_pickup,BATCH,hungarian,0,0,order,1
1666495819,503903,105,440.95464619391413,1,True,True,1154,False,12964,3994,45874819,174607415,45874790,174606975,0,0,1665977296,518523,distance_to_pickup,BATCH,hungarian,0,0,order,1
1666495819,218643,3898,77.02596964660685,1,True,True,2939,False,12964,3994,45907357,174569034,45907359,174568957,0,0,1665977296,518523,distance_to_pickup,BATCH,hungarian,0,0,order,1
1666495819,542958,3801,803.8812101299544,1,True,True,409,False,12964,3994,45859969,174536490,45860569,174535955,0,0,1665977302,518517,distance_to_pickup,BATCH,hungarian,0,0,order,1
1666495819,159031,545,935.5982043591148,1,True,True,233,False,12964,3994,45859352,174579486,45858940,174578646,0,0,1665977313,518506,distance_to_pickup,BATCH,hungarian,0,0,order,1
1666495819,532610,2312,1303.9436337510913,1,True,True,4866,False,12964,3994,45861920,174536340,45860845,174535602,0,0,1665977314,518505,distance_to_pickup,BATCH,hungarian,0,0,order,1
1666495819,215726,3196,722.1744941494403,1,True,True,284,False,12964,3994,45920001,174534775,45919945,174534055,0,0,1665977324,518495,distance_to_pickup,BATCH,hungarian,0,0,order,1
1666495819,70315,2155,197.34234213670416,1,True,True,2674,False,12964,3994,45858464,174556898,45858276,174556838,0,0,1665977324,518495,distance_to_pickup,BATCH,hungarian,0,0,order,1
1666495819,446271,970,136.03308421115798,1,True,True,3262,False,12964,3994,45849298,174548682,45849382,174548575,0,0,1665977325,518494,distance_to_pickup,BATCH,hungarian,0,0,order,1
1666495819,321265,2462,400.3610870202048,1,True,True,324,False,12964,3994,45879217,174648910,45878850,174648750,0,0,1665977326,518493,distance_to_pickup,BATCH,hungarian,0,0,order,1
1666495819,387346,934,38.600518131237564,1,True,True,1704,False,12964,3994,45861655,174583536,45861632,174583567,0,0,1665977326,518493,distance_to_pickup,BATCH,hungarian,0,0,order,1
1666495819,165211,1214,125.39936203984452,1,True,True,2852,False,12964,3994,45905787,174526585,45905870,174526679,0,0,1665977332,518487,distance_to_pickup,BATCH,hungarian,0,0,order,1
1666495819,104587,1160,359.8847037594124,1,True,True,1702,False,12964,3994,45847307,174550841,45846961,174550742,0,0,1665977337,518482,distance_to_pickup,BATCH,hungarian,0,0,order,1
1666495819,503910,687,128.69343417595164,1,True,True,2882,False,12964,3994,45764668,174569944,45764759,174570035,0,0,1665977337,518482,distance_to_pickup,BATCH,hungarian,0,0,order,1
1666495819,493453,2850,951.6012820504184,1,True,True,2459,False,12964,3994,45895021,174589519,45895333,174588620,0,0,1665977339,518480,distance_to_pickup,BATCH,hungarian,0,0,order,1
1666495819,51481,951,867.6203086604186,1,True,True,4817,False,12964,3994,45846470,174586320,45847272,174585989,0,0,1665977341,518478,distance_to_pickup,BATCH,hungarian,0,0,order,1
1666495819,475325,2323,34.20526275297414,1,True,True,487,False,12964,3994,45864620,174583120,45864587,174583111,0,0,1665977341,518478,distance_to_pickup,BATCH,hungarian,0,0,order,1
1666495819,427565,1237,6436.819478593446,1,True,True,791,False,12964,3994,45879956,174650807,45877750,174656854,0,0,1665977342,518477,distance_to_pickup,BATCH,hungarian,0,0,order,1
1666495819,550671,3444,223.78784596130328,1,True,True,718,False,12964,3994,46047194,174938821,46047114,174939030,0,0,1665977345,518474,distance_to_pickup,BATCH,hungarian,0,0,order,1
1666495819,279202,1283,904.7413995170111,1,True,True,1702,False,12964,3994,45846011,174552089,45846422,174551283,0,0,1665977345,518474,distance_to_pickup,BATCH,hungarian,0,0,order,1
1666495819,416997,3592,1878.1576078700105,1,True,True,2635,False,12964,3994,45885589,174552748,45883963,174553688,0,0,1665977346,518473,distance_to_pickup,BATCH,hungarian,0,0,order,1
1666495819,174200,1169,1616.596733882634,1,True,True,4038,False,12964,3994,45849644,174599543,45850336,174601004,0,0,1665977347,518472,distance_to_pickup,BATCH,hungarian,0,0,order,1
1666495819,45062,2270,1228.316734397118,1,True,True,1712,False,12964,3994,45922878,174552100,45924097,174552251,0,0,1665977347,518472,distance_to_pickup,BATCH,hungarian,0,0,order,1
1666495819,38518,3,114.47707194019246,1,True,True,848,False,12964,3994,45876516,174606113,45876488,174606224,0,0,1665977349,518470,distance_to_pickup,BATCH,hungarian,0,0,order,1
1666495819,203752,3139,47.53945729601885,1,True,True,1562,False,12964,3994,45851819,174556435,45851831,174556481,0,0,1665977350,518469,distance_to_pickup,BATCH,hungarian,0,0,order,1
1666495819,290389,1134,1192.748925801235,1,True,True,2615,False,12964,3994,45867126,174536219,45867293,174535038,0,0,1665977351,518468,distance_to_pickup,BATCH,hungarian,0,0,order,1
1666495819,16112,53,560.6085978648562,1,True,True,3369,False,12964,3994,45873310,174576994,45873629,174577455,0,0,1665977352,518467,distance_to_pickup,BATCH,hungarian,0,0,order,1
1666495819,262067,438,82.60750571225353,1,True,True,2897,False,12964,3994,45857051,174537281,45857061,174537363,0,0,1665977352,518467,distance_to_pickup,BATCH,hungarian,0,0,order,1
1666495819,542961,1731,615.3251173160413,1,True,True,526,False,12964,3994,45899326,174587129,45898725,174586997,0,0,1665977353,518466,distance_to_pickup,BATCH,hungarian,0,0,order,1
1666495819,76572,721,1560.762954455288,1,True,True,128,False,12964,3994,46042645,174951253,46044011,174952008,0,0,1665977354,518465,distance_to_pickup,BATCH,hungarian,0,0,order,1
1666495819,368321,777,1291.4321507535733,1,True,True,718,False,12964,3994,46047150,174936770,46046084,174936041,0,0,1665977355,518464,distance_to_pickup,BATCH,hungarian,0,0,order,1
1666495819,540438,1877,3353.9970184840654,1,True,True,3062,False,12964,3994,45865852,174556038,45863912,174553302,0,0,1665977357,518462,distance_to_pickup,BATCH,hungarian,0,0,order,1
1666495819,89136,1514,742.8714559060672,1,True,True,290,False,12964,3994,45855564,174590648,45855821,174589951,0,0,1665977357,518462,distance_to_pickup,BATCH,hungarian,0,0,order,1
1666495819,456872,224,1319.059134383292,1,True,True,2777,False,12964,3994,45866830,174606620,45865796,174607439,0,0,1665977357,518462,distance_to_pickup,BATCH,hungarian,0,0,order,1
1666495819,334984,1921,2722.9032300102035,1,True,True,3453,False,12964,3994,45763219,174567015,45761898,174569396,0,0,1665977358,518461,distance_to_pickup,BATCH,hungarian,0,0,order,1
1666495819,284895,4702,1085.613651351161,1,True,True,4641,False,12964,3994,45908534,174530923,45909563,174530577,0,0,1665977359,518460,distance_to_pickup,BATCH,hungarian,0,0,order,1
1666495819,441006,1497,134.8332303254654,1,True,True,4201,False,12964,3994,45877949,174577975,45877901,174578101,0,0,1665977359,518460,distance_to_pickup,BATCH,hungarian,0,0,order,1
1666495819,449046,740,4421.936792854462,1,True,True,1523,False,12964,3994,45772626,174581064,45776764,174582623,0,0,1665977361,518458,distance_to_pickup,BATCH,hungarian,0,0,order,1
1666495819,98386,3815,458.0174669158372,1,True,True,1350,False,12964,3994,45875400,174648139,45875806,174647927,0,0,1665977361,518458,distance_to_pickup,BATCH,hungarian,0,0,order,1
1666495819,326760,1257,623.6024374551466,1,True,True,3273,False,12964,3994,45858252,174567353,45858608,174567865,0,0,1665977361,518458,distance_to_pickup,BATCH,hungarian,0,0,order,1
1666495819,498618,1136,237.30360300678117,1,True,True,494,False,12964,3994,45860696,174563613,45860933,174563625,0,0,1665977363,518456,distance_to_pickup,BATCH,hungarian,0,0,order,1
1666495819,253383,3754,1453.3224005704997,1,True,True,2708,False,12964,3994,45893261,174549184,45894600,174549749,0,0,1665977363,518456,distance_to_pickup,BATCH,hungarian,0,0,order,1
1666495819,400947,1622,4730.446596252832,1,True,True,776,False,12964,3994,45880493,174529817,45880003,174525112,0,0,1665977363,518456,distance_to_pickup,BATCH,hungarian,0,0,order,1
1666495819,215724,513,1015.0359599541289,1,True,True,3842,False,12964,3994,45846177,174582946,45846430,174583929,0,0,1665977366,518453,distance_to_pickup,BATCH,hungarian,0,0,order,1
1666495819,390046,827,283.0194339616981,1,True,True,2258,False,12964,3994,45902660,174556330,45902900,174556480,0,0,1665977366,518453,distance_to_pickup,BATCH,hungarian,0,0,order,1
1666495819,162160,1716,1733.4027229700546,1,True,True,1223,False,12964,3994,46056174,174935326,46056848,174936923,0,0,1665977367,518452,distance_to_pickup,BATCH,hungarian,0,0,order,1
1666495819,432915,867,1233.911260990838,1,True,True,2675,False,12964,3994,45830427,174573700,45829248,174573336,0,0,1665977367,518452,distance_to_pickup,BATCH,hungarian,0,0,order,1
1666495819,357231,4146,157.54681843820268,1,True,True,730,False,12964,3994,45907157,174570142,45907246,174570012,0,0,1665977368,518451,distance_to_pickup,BATCH,hungarian,0,0,order,1
1666495819,406342,4078,1697.8483442286592,1,True,True,1110,False,12964,3994,46056174,174935326,46056666,174936951,0,0,1665977368,518451,distance_to_pickup,BATCH,hungarian,0,0,order,1
1666495819,456875,2791,239.88538930080756,1,True,True,702,False,12964,3994,45864220,174594845,45864044,174594682,0,0,1665977368,518451,distance_to_pickup,BATCH,hungarian,0,0,order,1
1666495819,477936,1463,1214.9971193381489,1,True,True,2938,False,12964,3994,45885248,174535609,45885525,174534426,0,0,1665977369,518450,distance_to_pickup,BATCH,hungarian,0,0,order,1
1666495819,379193,662,472.0381340527479,1,True,True,1754,False,12964,3994,45898432,174553759,45898870,174553935,0,0,1665977369,518450,distance_to_pickup,BATCH,hungarian,0,0,order,1
1666495819,168140,1663,15.132745950421556,1,True,True,2492,False,12964,3994,45896148,174555744,45896133,174555742,0,0,1665977369,518450,distance_to_pickup,BATCH,hungarian,0,0,order,1
1666495819,116629,2989,87.28115489611719,1,True,True,4052,False,12964,3994,45879590,174635020,45879583,174635107,0,0,1665977369,518450,distance_to_pickup,BATCH,hungarian,0,0,order,1
1666495819,113677,1999,3135.6857304264404,1,True,True,2806,False,12964,3994,45912917,174528744,45915842,174527614,0,0,1665977370,518449,distance_to_pickup,BATCH,hungarian,0,0,order,1
1666495819,6501,2897,2094.604974690932,1,True,True,2551,False,12964,3994,45874164,174536556,45872087,174536285,0,0,1665977370,518449,distance_to_pickup,BATCH,hungarian,0,0,order,1
1666495819,443685,2507,536.2881688047947,1,True,True,2146,False,12964,3994,45897683,174587254,45897185,174587453,0,0,1665977370,518449,distance_to_pickup,BATCH,hungarian,0,0,order,1
1666495819,144008,4360,12170.678288411045,1,True,True,3345,False,12964,3994,45924613,174557214,45936482,174554521,0,0,1665977370,518449,distance_to_pickup,BATCH,hungarian,0,0,order,1
1666495819,332280,2005,623.9847754552991,1,True,True,3726,False,12964,3994,45905276,174543687,45904687,174543893,0,0,1665977370,518449,distance_to_pickup,BATCH,hungarian,0,0,order,1
1666495819,561044,1287,3191.935463006732,1,True,True,2157,False,12964,3994,45840739,174581995,45842825,174584411,0,0,1665977371,518448,distance_to_pickup,BATCH,hungarian,0,0,order,1
1666495819,503907,462,660.60351194949,1,True,True,132,False,12964,3994,46054215,174946851,46054261,174947510,0,0,1665977371,518448,distance_to_pickup,BATCH,hungarian,0,0,order,1
1666495819,19413,2411,202.00247523235947,1,True,True,707,False,12964,3994,45864213,174615211,45864212,174615413,0,0,1665977371,518448,distance_to_pickup,BATCH,hungarian,0,0,order,1
1666495819,326758,3430,1509.5128353213827,1,True,True,272,False,12964,3994,45905918,174544828,45907391,174544498,0,0,1665977371,518448,distance_to_pickup,BATCH,hungarian,0,0,order,1
1666495819,233037,2424,342.81190177705327,1,True,True,761,False,12964,3994,45840017,174551254,45839733,174551062,0,0,1665977371,518448,distance_to_pickup,BATCH,hungarian,0,0,order,1
1666495819,156054,2905,1197.9686974207632,1,True,True,2701,False,12964,3994,45831851,174549283,45832856,174549935,0,0,1665977371,518448,distance_to_pickup,BATCH,hungarian,0,0,order,1
1666495819,227340,3244,972.6751770246838,1,True,True,3685,False,12964,3994,45860605,174537014,45859809,174537573,0,0,1665977371,518448,distance_to_pickup,BATCH,hungarian,0,0,order,1
1666495819,183225,999,295.2033197645311,1,True,True,2132,False,12964,3994,45859810,174579420,45859986,174579657,0,0,1665977371,518448,distance_to_pickup,BATCH,hungarian,0,0,order,1
1666495819,48312,292,65.76473218982953,1,True,True,4183,False,12964,3994,45871385,174543563,45871338,174543517,0,0,1665977371,518448,distance_to_pickup,BATCH,hungarian,0,0,order,1
1666495819,16111,3158,320.4777683397087,1,True,True,2939,False,12964,3994,45907520,174568226,45907829,174568311,0,0,1665977372,518447,distance_to_pickup,BATCH,hungarian,0,0,order,1
1666495819,408987,1385,2975.144030126945,1,True,True,854,False,12964,3994,45866830,174606620,45865441,174609251,0,0,1665977372,518447,distance_to_pickup,BATCH,hungarian,0,0,order,1
1666495819,346104,1122,344.9884056022753,1,True,True,1441,False,12964,3994,45895200,174566810,45895416,174566541,0,0,1665977372,518447,distance_to_pickup,BATCH,hungarian,0,0,order,1
1666495819,140953,4135,468.08653046205035,1,True,True,4253,False,12964,3994,45865852,174556038,45865483,174555750,0,0,1665977372,518447,distance_to_pickup,BATCH,hungarian,0,0,order,1
1666495819,156051,4557,10172.521467168304,1,True,True,2130,False,12964,3994,46052464,174930471,46043337,174925979,0,0,1665977372,518447,distance_to_pickup,BATCH,hungarian,0,0,order,1
1666495819,241888,2165,476.8983120121102,1,True,True,1337,False,12964,3994,45898967,174578284,45899113,174578738,0,0,1665977372,518447,distance_to_pickup,BATCH,hungarian,0,0,order,1
1666495819,443684,1236,1325.250542350389,1,True,True,3553,False,12964,3994,45849298,174548682,45849003,174547390,0,0,1665977372,518447,distance_to_pickup,BATCH,hungarian,0,0,order,1
1666495819,194880,52,302.47644536393244,1,True,True,2428,False,12964,3994,45896370,174524880,45896124,174525056,0,0,1665977373,518446,distance_to_pickup,BATCH,hungarian,0,0,order,1
1666495819,230208,599,1294.4531663988466,1,True,True,101,False,12964,3994,45877643,174586160,45878663,174586957,0,0,1665977373,518446,distance_to_pickup,BATCH,hungarian,0,0,order,1
1666495819,25846,132,4287.169928985787,1,True,True,343,False,12964,3994,46042359,174941150,46041494,174945349,0,0,1665977373,518446,distance_to_pickup,BATCH,hungarian,0,0,order,1
1666495819,408986,4091,778.4972703869937,1,True,True,1632,False,12964,3994,45902093,174580095,45902620,174579522,0,0,1665977373,518446,distance_to_pickup,BATCH,hungarian,0,0,order,1
1666495819,140952,1247,1195.3451384432865,1,True,True,2121,False,12964,3994,45884568,174549661,45885701,174549280,0,0,1665977373,518446,distance_to_pickup,BATCH,hungarian,0,0,order,1
1666495819,200778,4237,328.3534680797509,1,True,True,2579,False,12964,3994,45769293,174566824,45769583,174566978,0,0,1665977373,518446,distance_to_pickup,BATCH,hungarian,0,0,order,1
1666495819,354446,1975,374.4142091320787,1,True,True,3446,False,12964,3994,46048279,174935518,46048634,174935399,0,0,1665977373,518446,distance_to_pickup,BATCH,hungarian,0,0,order,1
1666495819,171201,1114,1768.1911661356075,1,True,True,1951,False,12964,3994,45865502,174536162,45865528,174534394,0,0,1665977373,518446,distance_to_pickup,BATCH,hungarian,0,0,order,1
1666495819,70318,3190,94.04786015641186,1,True,True,278,False,12964,3994,45895217,174555165,45895150,174555099,0,0,1665977373,518446,distance_to_pickup,BATCH,hungarian,0,0,order,1
1666495819,9741,2081,1152.2660283111709,1,True,True,1356,False,12964,3994,45879336,174595824,45880377,174596318,0,0,1665977373,518446,distance_to_pickup,BATCH,hungarian,0,0,order,1
1666495819,137877,2487,100.84145972763385,1,True,True,147,False,12964,3994,45769864,174565664,45769764,174565677,0,0,1665977373,518446,distance_to_pickup,BATCH,hungarian,0,0,order,1
1666495819,503905,2701,857.9609548225374,1,True,True,1283,False,12964,3994,45850078,174549408,45850317,174548584,0,0,1665977374,518445,distance_to_pickup,BATCH,hungarian,0,0,order,1
1666495819,168137,2241,1136.2944160735808,1,True,True,505,False,12964,3994,45872578,174577102,45871575,174576568,0,0,1665977374,518445,distance_to_pickup,BATCH,hungarian,0,0,order,1
1666495819,197833,27,332.77319603597886,1,True,True,862,False,12964,3994,46049236,174941963,46048923,174941850,0,0,1665977374,518445,distance_to_pickup,BATCH,hungarian,0,0,order,1
1666495819,485677,993,341.0527818388233,1,True,True,1401,False,12964,3994,45923690,174524047,45923356,174523978,0,0,1665977374,518445,distance_to_pickup,BATCH,hungarian,0,0,order,1
1666495819,475324,1003,893.2244958575643,1,True,True,723,False,12964,3994,45887638,174547108,45887827,174546235,0,0,1665977374,518445,distance_to_pickup,BATCH,hungarian,0,0,order,1
1666495819,238951,1786,100.65783625729296,1,True,True,531,False,12964,3994,45769877,174578087,45769953,174578153,0,0,1665977374,518445,distance_to_pickup,BATCH,hungarian,0,0,order,1
1666495819,168139,3225,4843.053995156362,1,True,True,941,False,12964,3994,45882550,174555124,45878184,174557220,0,0,1665977374,518445,distance_to_pickup,BATCH,hungarian,0,0,order,1
1666495819,70314,3565,114.97825881443848,1,True,True,1109,False,12964,3994,45885239,174521472,45885327,174521398,0,0,1665977374,518445,distance_to_pickup,BATCH,hungarian,0,0,order,1
1666495819,435634,1724,340.02646955788606,1,True,True,3567,False,12964,3994,45905886,174530604,45906203,174530727,0,0,1665977374,518445,distance_to_pickup,BATCH,hungarian,0,0,order,1
1666495819,92268,395,173.34935823359717,1,True,True,3395,False,12964,3994,45912621,174528981,45912766,174529076,0,0,1665977374,518445,distance_to_pickup,BATCH,hungarian,0,0,order,1
1666495819,446277,689,3176.0297542686844,1,True,True,2689,False,12964,3994,45888220,174563322,45889254,174566325,0,0,1665977374,518445,distance_to_pickup,BATCH,hungarian,0,0,order,1
1666495819,92270,4728,2383.8055709306495,1,True,True,3322,False,12964,3994,45881725,174512645,45881545,174510268,0,0,1665977374,518445,distance_to_pickup,BATCH,hungarian,0,0,order,1
1666495819,41769,40,3387.5018819182965,1,True,True,699,False,12964,3994,45871022,174644091,45870207,174647379,0,0,1665977374,518445,distance_to_pickup,BATCH,hungarian,0,0,order,1
1666495819,293231,518,353.78665887791755,1,True,True,667,False,12964,3994,45767154,174570252,45766840,174570415,0,0,1665977374,518445,distance_to_pickup,BATCH,hungarian,0,0,order,1
1666495819,41768,2304,630.7138812488591,1,True,True,1205,False,12964,3994,45857016,174545368,45857046,174544738,0,0,1665977375,518444,distance_to_pickup,BATCH,hungarian,0,0,order,1
1666495819,35378,3652,1959.7522802640133,1,True,True,181,False,12964,3994,45866830,174606620,45865557,174608110,0,0,1665977375,518444,distance_to_pickup,BATCH,hungarian,0,0,order,1
1666495819,189075,1299,108.46197490364999,1,True,True,996,False,12964,3994,45919660,174549308,45919618,174549408,0,0,1665977375,518444,distance_to_pickup,BATCH,hungarian,0,0,order,1
1666495819,64014,1454,1160.6687727340648,1,True,True,1343,False,12964,3994,45856220,174583459,45857376,174583563,0,0,1665977375,518444,distance_to_pickup,BATCH,hungarian,0,0,order,1
1666495819,362773,3113,117.04699910719626,1,True,True,171,False,12964,3994,45856856,174575762,45856744,174575728,0,0,1665977375,518444,distance_to_pickup,BATCH,hungarian,0,0,order,1
1666495819,162161,1355,576.5769679756554,1,True,True,997,False,12964,3994,45862248,174578298,45862328,174577727,0,0,1665977375,518444,distance_to_pickup,BATCH,hungarian,0,0,order,1
1666495819,54614,1920,356.21622646926124,1,True,True,1838,False,12964,3994,45897627,174589712,45897968,174589609,0,0,1665977376,518443,distance_to_pickup,BATCH,hungarian,0,0,order,1
1666495819,516914,463,2350.3161489467752,1,True,True,1265,False,12964,3994,45878269,174600078,45876444,174598597,0,0,1665977376,518443,distance_to_pickup,BATCH,hungarian,0,0,order,1
1666495819,70313,4179,254.2833065696606,1,True,True,2170,False,12964,3994,45909170,174543120,45909422,174543086,0,0,1665977376,518443,distance_to_pickup,BATCH,hungarian,0,0,order,1
1666495819,186103,3380,10617.65190614196,1,True,True,444,False,12964,3994,45881004,174511537,45872490,174505193,0,0,1665977376,518443,distance_to_pickup,BATCH,hungarian,0,0,order,1
1666495819,483078,2806,3939.2146425398046,1,True,True,1189,False,12964,3994,45907759,174546285,45910775,174543751,0,0,1665977376,518443,distance_to_pickup,BATCH,hungarian,0,0,order,1
1666495819,256243,1187,83.73768566183328,1,True,True,2531,False,12964,3994,45874811,174648380,45874875,174648326,0,0,1665977376,518443,distance_to_pickup,BATCH,hungarian,0,0,order,1
1666495819,411679,271,190.76687343456672,1,True,True,2487,False,12964,3994,45766884,174567285,45766978,174567119,0,0,1665977377,518442,distance_to_pickup,BATCH,hungarian,0,0,order,1
1666495819,284893,1239,578.6752111504345,1,True,True,3549,False,12964,3994,46043190,174939130,46042702,174938819,0,0,1665977377,518442,distance_to_pickup,BATCH,hungarian,0,0,order,1
1666495819,454287,2299,447.3075004960234,1,True,True,1965,False,12964,3994,45886610,174551440,45886480,174551868,0,0,1665977377,518442,distance_to_pickup,BATCH,hungarian,0,0,order,1
1666495819,432916,822,1667.9598316506306,1,True,True,580,False,12964,3994,45877486,174529889,45877879,174528268,0,0,1665977378,518441,distance_to_pickup,BATCH,hungarian,0,0,order,1
1666495819,451751,960,4266.14404351283,1,True,True,818,False,12964,3994,46044381,174941835,46042670,174945743,0,0,1665977378,518441,distance_to_pickup,BATCH,hungarian,0,0,order,1
1666495819,441007,3128,2940.6164319747654,1,True,True,786,False,12964,3994,45894297,174589367,45891745,174587906,0,0,1665977378,518441,distance_to_pickup,BATCH,hungarian,0,0,order,1
1666495819,137876,1104,1014.9059069687199,1,True,True,503,False,12964,3994,45887243,174550790,45888246,174550635,0,0,1665977378,518441,distance_to_pickup,BATCH,hungarian,0,0,order,1
1666495819,203750,1822,2770.5351468624253,1,True,True,2737,False,12964,3994,45876504,174545248,45877981,174542904,0,0,1665977379,518440,distance_to_pickup,BATCH,hungarian,0,0,order,1
1666495819,373811,500,255.1960031034969,1,True,True,342,False,12964,3994,46051597,174947220,46051516,174946978,0,0,1665977379,518440,distance_to_pickup,BATCH,hungarian,0,0,order,1
1666495819,493454,3873,2782.3835105894373,1,True,True,2227,False,12964,3994,45839377,174580415,45840474,174577858,0,0,1665977379,518440,distance_to_pickup,BATCH,hungarian,0,0,order,1
1666495819,527305,269,597.9715712306063,1,True,True,241,False,12964,3994,46048740,174960005,46048221,174960302,0,0,1665977379,518440,distance_to_pickup,BATCH,hungarian,0,0,order,1
1666495819,45065,2160,338.940997815254,1,True,True,2109,False,12964,3994,45859810,174579420,45860001,174579700,0,0,1665977380,518439,distance_to_pickup,BATCH,hungarian,0,0,order,1
1666495819,95407,3206,184.83776670366908,1,True,True,370,False,12964,3994,45890977,174577191,45890888,174577029,0,0,1665977380,518439,distance_to_pickup,BATCH,hungarian,0,0,order,1
1666495819,332278,1683,1317.135148722408,1,True,True,1554,False,12964,3994,45877560,174595910,45876349,174595392,0,0,1665977380,518439,distance_to_pickup,BATCH,hungarian,0,0,order,1
1666495819,224400,3163,385.0,1,True,True,1965,False,12964,3994,45887243,174550790,45886935,174550559,0,0,1665977380,518439,distance_to_pickup,BATCH,hungarian,0,0,order,1
1666495819,107551,289,1289.8530924101397,1,True,True,2723,False,12964,3994,45839765,174551620,45838576,174551120,0,0,1665977381,518438,distance_to_pickup,BATCH,hungarian,0,0,order,1
1666495819,38519,3337,4579.111813441555,1,True,True,259,False,12964,3994,45864213,174615211,45864245,174610632,0,0,1665977381,518438,distance_to_pickup,BATCH,hungarian,0,0,order,1
1666495819,354445,801,990.1641278091223,1,True,True,19,False,12964,3994,45889943,174537587,45890266,174538523,0,0,1665977381,518438,distance_to_pickup,BATCH,hungarian,0,0,order,1
1666495819,191952,2886,242.00206610688264,1,True,True,2130,False,12964,3994,46052464,174930471,46052687,174930565,0,0,1665977381,518438,distance_to_pickup,BATCH,hungarian,0,0,order,1
1666495819,3229,457,13852.538395543252,1,True,True,209,False,12964,3994,46043134,174959153,46035658,174970815,0,0,1665977381,518438,distance_to_pickup,BATCH,hungarian,0,0,order,1
1666495819,381847,2513,1836.8042900646765,1,True,True,1684,False,12964,3994,45862248,174578298,45860633,174577423,0,0,1665977381,518438,distance_to_pickup,BATCH,hungarian,0,0,order,1
1666495819,116624,2264,2954.560542618817,1,True,True,65,False,12964,3994,45769877,174578087,45767495,174576339,0,0,1665977382,518437,distance_to_pickup,BATCH,hungarian,0,0,order,1
1666495819,212742,421,1176.4034172000693,1,True,True,2106,False,12964,3994,45900825,174525684,45899680,174525414,0,0,1665977382,518437,distance_to_pickup,BATCH,hungarian,0,0,order,1
1666495819,60894,2684,23.323807579381203,1,True,True,1113,False,12964,3994,45860020,174580680,45860040,174580668,0,0,1665977382,518437,distance_to_pickup,BATCH,hungarian,0,0,order,1
1666495819,174201,66,140.92906016858268,1,True,True,429,False,12964,3994,45877893,174577737,45877998,174577831,0,0,1665977382,518437,distance_to_pickup,BATCH,hungarian,0,0,order,1
1666495819,116626,1132,15198.06204751119,1,True,True,342,False,12964,3994,46050976,174959782,46052337,174974919,0,0,1665977382,518437,distance_to_pickup,BATCH,hungarian,0,0,order,1
1666495819,16114,2118,547.3298822465297,1,True,True,3257,False,12964,3994,45903168,174575807,45902719,174576120,0,0,1665977382,518437,distance_to_pickup,BATCH,hungarian,0,0,order,1
1666495819,422244,2193,235.05318547086316,1,True,True,644,False,12964,3994,46051835,174951074,46051690,174951259,0,0,1665977382,518437,distance_to_pickup,BATCH,hungarian,0,0,order,1
1666495819,563535,320,494.2165517260627,1,True,True,1217,False,12964,3994,46054487,174946433,46054260,174945994,0,0,1665977382,518437,distance_to_pickup,BATCH,hungarian,0,0,order,1
1666495819,343394,1229,1449.2515309634832,1,True,True,2547,False,12964,3994,45870386,174606490,45871277,174605347,0,0,1665977382,518437,distance_to_pickup,BATCH,hungarian,0,0,order,1
1666495819,180233,3435,126.11502686040232,1,True,True,2222,False,12964,3994,45924613,174557214,45924489,174557191,0,0,1665977382,518437,distance_to_pickup,BATCH,hungarian,0,0,order,1
1666495819,519416,552,486.0390930779128,1,True,True,716,False,12964,3994,45861220,174557270,45861323,174557745,0,0,1665977382,518437,distance_to_pickup,BATCH,hungarian,0,0,order,1
1666495819,60896,517,459.7934318800128,1,True,True,2350,False,12964,3994,45895550,174577020,45895901,174576723,0,0,1665977383,518436,distance_to_pickup,BATCH,hungarian,0,0,order,1
1666495819,19415,4298,283.1342437784593,1,True,True,2995,False,12964,3994,45891025,174536144,45891107,174535873,0,0,1665977383,518436,distance_to_pickup,BATCH,hungarian,0,0,order,1
1666495819,119660,3185,3450.9773977816776,1,True,True,1601,False,12964,3994,45921241,174541506,45921540,174538068,0,0,1665977383,518436,distance_to_pickup,BATCH,hungarian,0,0,order,1
1666495819,19412,266,2694.430180947356,1,True,True,1891,False,12964,3994,45868335,174545710,45865808,174544775,0,0,1665977387,518432,distance_to_pickup,BATCH,hungarian,0,0,order,1
1666495819,456871,859,122.06555615733703,1,True,True,693,False,12964,3994,45896123,174555589,45896239,174555551,0,0,1665977387,518432,distance_to_pickup,BATCH,hungarian,0,0,order,1
1666495819,89138,219,423.24933549859236,1,True,True,2935,False,12964,3994,45896298,174578827,45896120,174578443,0,0,1665977388,518431,distance_to_pickup,BATCH,hungarian,0,0,order,1
1666495819,64013,1475,475.93697061690847,1,True,True,3044,False,12964,3994,45909143,174526110,45908713,174525906,0,0,1665977388,518431,distance_to_pickup,BATCH,hungarian,0,0,order,1
1666495819,561043,1249,423.49144029130036,1,True,True,3950,False,12964,3994,45878050,174576479,45878177,174576075,0,0,1665977389,518430,distance_to_pickup,BATCH,hungarian,0,0,order,1
1666495819,35385,548,34.438350715445125,1,True,True,1486,False,12964,3994,45905950,174530458,45905981,174530443,0,0,1665977391,518428,distance_to_pickup,BATCH,hungarian,0,0,order,1
1666495819,35377,3824,760.4064702512729,1,True,True,750,False,12964,3994,45871022,174644091,45871335,174644784,0,0,1665977392,518427,distance_to_pickup,BATCH,hungarian,0,0,order,1
1666495819,267694,3305,91.92388155425118,1,True,True,1459,False,12964,3994,45873171,174577055,45873124,174577134,0,0,1665977394,518425,distance_to_pickup,BATCH,hungarian,0,0,order,1
1666495819,326754,804,586.7827536661247,1,True,True,1765,False,12964,3994,45907471,174568784,45908046,174568667,0,0,1665977395,518424,distance_to_pickup,BATCH,hungarian,0,0,order,1
1666495819,340523,937,73.87827826905551,1,True,True,3018,False,12964,3994,45865351,174556338,45865294,174556385,0,0,1665977395,518424,distance_to_pickup,BATCH,hungarian,0,0,order,1
1666495819,566069,555,7436.88678144289,1,True,True,2738,False,12964,3994,45837043,174538297,45843797,174535184,0,0,1665977398,518421,distance_to_pickup,BATCH,hungarian,0,0,order,1
1666495819,279204,4115,186.60117898877274,1,True,True,2895,False,12964,3994,45905814,174527696,45905990,174527634,0,0,1665977399,518420,distance_to_pickup,BATCH,hungarian,0,0,order,1
1666495819,346103,2947,162.49615380063616,1,True,True,3487,False,12964,3994,45889986,174545204,45890008,174545043,0,0,1665977405,518414,distance_to_pickup,BATCH,hungarian,0,0,order,1
1666495819,337973,3541,567.1684053259667,1,True,True,4404,False,12964,3994,45879420,174632710,45879664,174632198,0,0,1666013710,482109,distance_to_pickup,BATCH,hungarian,0,0,order,1
1666495819,337982,1358,961.0332980703635,1,True,True,2350,False,12964,3994,45860664,174572467,45861428,174571884,0,0,1666050231,445588,distance_to_pickup,BATCH,hungarian,0,0,order,1
1666495819,472938,1909,610.2368392681648,1,True,True,2246,False,12964,3994,45874819,174607415,45874802,174608025,0,0,1666051891,443928,distance_to_pickup,BATCH,hungarian,0,0,order,1
1666495819,16451,1862,535.5109709427063,1,True,True,1931,False,12964,3994,45906094,174527376,45906548,174527092,0,0,1666052889,442930,distance_to_pickup,BATCH,hungarian,0,0,order,1
1666495819,475547,136,135.67977004697494,1,True,True,2339,False,12964,3994,45864108,174582488,45864223,174582416,0,0,1666054912,440907,distance_to_pickup,BATCH,hungarian,0,0,order,1
1666495819,335246,331,552.4825789108648,1,True,True,1024,False,12964,3994,45895200,174566810,45895726,174566641,0,0,1666055321,440498,distance_to_pickup,BATCH,hungarian,0,0,order,1
1666495819,435925,2434,275.77164466275354,1,True,True,3825,False,12964,3994,45898016,174539265,45897977,174538992,0,0,1666055764,440055,distance_to_pickup,BATCH,hungarian,0,0,order,1
1666495819,548394,1164,367.535032343857,1,True,True,3620,False,12964,3994,45865061,174598052,45865130,174597691,0,0,1666056994,438825,distance_to_pickup,BATCH,hungarian,0,0,order,1
1666495819,398456,1336,3060.2071825286603,1,True,True,63,False,12964,3994,45895035,174540894,45891997,174540526,0,0,1666058418,437401,distance_to_pickup,BATCH,hungarian,0,0,order,1
1666495819,307593,1467,347.7269043372974,1,True,True,3254,False,12964,3994,45885650,174591307,45885483,174591612,0,0,1666058639,437180,distance_to_pickup,BATCH,hungarian,0,0,order,1
1666495819,376887,148,127.61269529321916,1,True,True,3569,False,12964,3994,45871310,174544013,45871388,174543912,0,0,1666058841,436978,distance_to_pickup,BATCH,hungarian,0,0,order,1
1666495819,548399,3247,8402.805364876662,1,True,True,2247,False,12964,3994,45816837,174564509,45814184,174572482,0,0,1666059021,436798,distance_to_pickup,BATCH,hungarian,0,0,order,1
1666495819,519689,4584,298.3990616607231,1,True,True,1674,False,12964,3994,45921241,174541506,45921452,174541295,0,0,1666059022,436797,distance_to_pickup,BATCH,hungarian,0,0,order,1
1666495819,524983,41,276.82666056577716,1,True,True,852,False,12964,3994,45867462,174566858,45867234,174566701,0,0,1666059090,436729,distance_to_pickup,BATCH,hungarian,0,0,order,1
1666495819,213006,1682,482.4106134819175,1,True,True,1944,False,12964,3994,45902158,174585237,45902542,174585529,0,0,1666059117,436702,distance_to_pickup,BATCH,hungarian,0,0,order,1
1666495819,512021,3774,716.1319710779571,1,True,True,4101,False,12964,3994,45821449,174525577,45821743,174526230,0,0,1666059125,436694,distance_to_pickup,BATCH,hungarian,0,0,order,1
1666495819,110922,3024,963.683039178339,1,True,True,2012,False,12964,3994,45895200,174566810,45896138,174566589,0,0,1666059586,436233,distance_to_pickup,BATCH,hungarian,0,0,order,1
1666495819,153364,1248,5773.25228965442,1,True,True,892,False,12964,3994,45869949,174653681,45874820,174656780,0,0,1666059697,436122,distance_to_pickup,BATCH,hungarian,0,0,order,1
1666495819,310494,1675,72.56031973468694,1,True,True,3650,False,12964,3994,45862879,174581321,45862843,174581384,0,0,1666059837,435982,distance_to_pickup,BATCH,hungarian,0,0,order,1
1666495819,98704,1989,15087.554407524103,1,True,True,2343,False,12964,3994,45817032,174564562,45814219,174579385,0,0,1666060272,435547,distance_to_pickup,BATCH,hungarian,0,0,order,1
1666495819,156342,928,1151.1081617293833,1,True,True,729,False,12964,3994,45860863,174572580,45861958,174572935,0,0,1666060581,435238,distance_to_pickup,BATCH,hungarian,0,0,order,1
1666495819,61258,3162,192.75113488641253,1,True,True,4087,False,12964,3994,45896567,174552813,45896395,174552900,0,0,1666060598,435221,distance_to_pickup,BATCH,hungarian,0,0,order,1
1666495819,54943,1802,159.47727110782904,1,True,True,729,False,12964,3994,45868634,174575022,45868546,174574889,0,0,1666060665,435154,distance_to_pickup,BATCH,hungarian,0,0,order,1
1666495819,371352,3181,172.80046296234278,1,True,True,1058,False,12964,3994,45880041,174634830,45880207,174634878,0,0,1666060749,435070,distance_to_pickup,BATCH,hungarian,0,0,order,1
1666495819,335267,33,2348.1405409387235,1,True,True,1253,False,12964,3994,45887126,174589381,45885806,174587439,0,0,1666060771,435048,distance_to_pickup,BATCH,hungarian,0,0,order,1
1666495819,425296,554,1234.91376217127,1,True,True,2,False,12964,3994,45852904,174549538,45852298,174548462,0,0,1666060787,435032,distance_to_pickup,BATCH,hungarian,0,0,order,1
1666495819,522391,877,944.5575683885022,1,True,True,877,True,12964,3994,45862946,174583985,45862551,174584843,0,0,1666060961,434858,distance_to_pickup,BATCH,hungarian,0,0,order,1
1666495819,98713,2672,700.0642827626617,1,True,True,487,False,12964,3994,45874701,174571605,45875320,174571278,0,0,1666061143,434676,distance_to_pickup,BATCH,hungarian,0,0,order,1
1666495819,307604,3107,191.94269978303421,1,True,True,2915,False,12964,3994,45849548,174566661,45849697,174566782,0,0,1666061175,434644,distance_to_pickup,BATCH,hungarian,0,0,order,1
1666495819,501501,3725,145.86637720873168,1,True,True,820,False,12964,3994,45905828,174530847,45905942,174530938,0,0,1666061514,434305,distance_to_pickup,BATCH,hungarian,0,0,order,1
1666495819,80203,3029,1308.1242295745462,1,True,True,1218,False,12964,3994,45909538,174542581,45909755,174541291,0,0,1666061575,434244,distance_to_pickup,BATCH,hungarian,0,0,order,1
1666495819,204063,1175,327.566787083184,1,True,True,3237,False,12964,3994,45865755,174581016,45866075,174581086,0,0,1666061617,434202,distance_to_pickup,BATCH,hungarian,0,0,order,1
1666495819,446573,4406,1121.3103941371453,1,True,True,1201,False,12964,3994,45851293,174552842,45852329,174552413,0,0,1666061675,434144,distance_to_pickup,BATCH,hungarian,0,0,order,1
1666495819,532928,2396,73.16419889536138,1,True,True,3113,False,12964,3994,45862879,174581321,45862951,174581334,0,0,1666061740,434079,distance_to_pickup,BATCH,hungarian,0,0,order,1
1666495819,218980,1400,366.23080154459973,1,True,True,516,False,12964,3994,45854870,174554808,45854739,174555150,0,0,1666061750,434069,distance_to_pickup,BATCH,hungarian,0,0,order,1
1666495819,548415,1544,257.1536505671269,1,True,True,2509,False,12964,3994,45877682,174539771,45877750,174539523,0,0,1666061864,433955,distance_to_pickup,BATCH,hungarian,0,0,order,1
1666495819,462407,3452,2714.826882141843,1,True,True,2211,False,12964,3994,45857881,174547008,45859563,174544877,0,0,1666061924,433895,distance_to_pickup,BATCH,hungarian,0,0,order,1
1666495819,296361,426,78.74642849044012,1,True,True,170,False,12964,3994,45864620,174583120,45864569,174583060,0,0,1666061963,433856,distance_to_pickup,BATCH,hungarian,0,0,order,1
1666495819,144337,728,163.95426191471816,1,True,True,2962,False,12964,3994,45893484,174577992,45893524,174578151,0,0,1666062015,433804,distance_to_pickup,BATCH,hungarian,0,0,order,1
1666495819,165541,3150,143.0034964607509,1,True,True,141,False,12964,3994,45895035,174540894,45895178,174540895,0,0,1666062126,433693,distance_to_pickup,BATCH,hungarian,0,0,order,1
1666495819,219013,432,248.67046467162118,1,True,True,1673,False,12964,3994,45872833,174624652,45872947,174624873,0,0,1666062208,433611,distance_to_pickup,BATCH,hungarian,0,0,order,1
1666495819,558720,4281,265.13581425375185,1,True,True,1794,False,12964,3994,45880013,174634613,45880269,174634682,0,0,1666062243,433576,distance_to_pickup,BATCH,hungarian,0,0,order,1
1666495819,401242,1425,252.6064132202506,1,True,True,2777,False,12964,3994,45866961,174601021,45867030,174601264,0,0,1666062261,433558,distance_to_pickup,BATCH,hungarian,0,0,order,1
1666495819,265117,3004,54.42425929675111,1,True,True,530,False,12964,3994,45870851,174548314,45870800,174548333,0,0,1666062293,433526,distance_to_pickup,BATCH,hungarian,0,0,order,1
1666495819,563814,1238,238.64827675891564,1,True,True,2855,False,12964,3994,45872562,174545688,45872374,174545541,0,0,1666062305,433514,distance_to_pickup,BATCH,hungarian,0,0,order,1
1666495819,144340,3402,391.09206077341946,1,True,True,3711,False,12964,3994,45862990,174575360,45862662,174575573,0,0,1666062316,433503,distance_to_pickup,BATCH,hungarian,0,0,order,1
1666495819,83278,2326,747.6309249890617,1,True,True,1673,False,12964,3994,45872833,174624652,45873079,174623946,0,0,1666062348,433471,distance_to_pickup,BATCH,hungarian,0,0,order,1
1666495819,512039,1531,51.088159097779204,1,True,True,654,False,12964,3994,45870933,174595486,45870882,174595483,0,0,1666062357,433462,distance_to_pickup,BATCH,hungarian,0,0,order,1
1666495819,321582,1196,1050.5132079131608,1,True,True,1949,False,12964,3994,45872833,174624652,45872056,174623945,0,0,1666062369,433450,distance_to_pickup,BATCH,hungarian,0,0,order,1
1666495819,478238,1974,1232.9971613917041,1,True,True,1253,False,12964,3994,45878561,174594510,45878002,174593411,0,0,1666062393,433426,distance_to_pickup,BATCH,hungarian,0,0,order,1
1666495819,80230,2055,1153.7018679017556,1,True,True,164,False,12964,3994,45874736,174577874,45875714,174578486,0,0,1666062408,433411,distance_to_pickup,BATCH,hungarian,0,0,order,1
1666495819,70637,3568,143.55835050598765,1,True,True,943,False,12964,3994,45893488,174584303,45893385,174584403,0,0,1666062438,433381,distance_to_pickup,BATCH,hungarian,0,0,order,1
1666495819,519728,2104,381.1312110021954,1,True,True,1694,False,12964,3994,45898432,174553759,45898813,174553769,0,0,1666062482,433337,distance_to_pickup,BATCH,hungarian,0,0,order,1
1666495819,496270,4248,1099.6931390165166,1,True,True,1253,False,12964,3994,45878561,174594510,45877796,174593720,0,0,1666062488,433331,distance_to_pickup,BATCH,hungarian,0,0,order,1
1666495819,259471,2259,194.48650338776724,1,True,True,487,False,12964,3994,45874701,174571605,45874893,174571574,0,0,1666062490,433329,distance_to_pickup,BATCH,hungarian,0,0,order,1
1666495819,174576,3239,853.2338483674918,1,True,True,487,False,12964,3994,45874736,174577874,45875378,174578436,0,0,1666062526,433293,distance_to_pickup,BATCH,hungarian,0,0,order,1
1666495819,6885,1489,402.2747817102136,1,True,True,1002,False,12964,3994,45879039,174649978,45879182,174649602,0,0,1666062537,433282,distance_to_pickup,BATCH,hungarian,0,0,order,1
1666495819,95762,142,1099.0323016181098,1,True,True,891,False,12964,3994,45868335,174545710,45867759,174544774,0,0,1666062557,433262,distance_to_pickup,BATCH,hungarian,0,0,order,1
1666495819,123068,3649,1314.8311678690918,1,True,True,211,False,12964,3994,45886098,174559375,45885743,174558109,0,0,1666062563,433256,distance_to_pickup,BATCH,hungarian,0,0,order,1
1666495819,488520,46,231.10170921046864,1,True,True,164,False,12964,3994,45869010,174572742,45868918,174572954,0,0,1666062582,433237,distance_to_pickup,BATCH,hungarian,0,0,order,1
1666495819,318765,789,1481.4266772270573,1,True,True,2691,False,12964,3994,45895035,174540894,45895234,174542362,0,0,1666062590,433229,distance_to_pickup,BATCH,hungarian,0,0,order,1
1666495819,563817,2362,3950.0992392596922,1,True,True,2397,False,12964,3994,45919951,174516559,45919923,174520509,0,0,1666062592,433227,distance_to_pickup,BATCH,hungarian,0,0,order,1
1666495819,198133,384,82.73451516749222,1,True,True,456,False,12964,3994,45856856,174575762,45856797,174575704,0,0,1666062596,433223,distance_to_pickup,BATCH,hungarian,0,0,order,1
1666495819,253741,4609,538.5396921304873,1,True,True,2112,False,12964,3994,45865852,174556038,45865504,174555627,0,0,1666062601,433218,distance_to_pickup,BATCH,hungarian,0,0,order,1
1666495819,19765,2912,382.4604554721965,1,True,True,1412,False,12964,3994,45872959,174545634,45873029,174545258,0,0,1666062611,433208,distance_to_pickup,BATCH,hungarian,0,0,order,1
1666495819,6875,431,209.00239233080563,1,True,True,1881,False,12964,3994,45859959,174581509,45859960,174581300,0,0,1666062613,433206,distance_to_pickup,BATCH,hungarian,0,0,order,1
1666495819,38892,4307,571.0429055683994,1,True,True,2117,False,12964,3994,45919951,174516559,45920412,174516896,0,0,1666062639,433180,distance_to_pickup,BATCH,hungarian,0,0,order,1
1666495819,338022,2496,290.0362046365936,1,True,True,2339,False,12964,3994,45862946,174583985,45863166,174584174,0,0,1666062641,433178,distance_to_pickup,BATCH,hungarian,0,0,order,1
1666495819,525032,1641,186.76188047886004,1,True,True,1423,False,12964,3994,45870910,174595859,45871038,174595723,0,0,1666062644,433175,distance_to_pickup,BATCH,hungarian,0,0,order,1
1666495819,183541,3167,160.20611723651504,1,True,True,563,False,12964,3994,45897597,174552952,45897502,174552823,0,0,1666062653,433166,distance_to_pickup,BATCH,hungarian,0,0,order,1
1666495819,427859,3777,3028.9055779274468,1,True,True,551,False,12964,3994,45898341,174541514,45898031,174544527,0,0,1666062668,433151,distance_to_pickup,BATCH,hungarian,0,0,order,1
1666495819,76978,1685,4001.4927214728255,1,True,True,3708,False,12964,3994,45873799,174624643,45876161,174621413,0,0,1666062671,433148,distance_to_pickup,BATCH,hungarian,0,0,order,1
1666495819,186436,1379,2905.5018499391804,1,True,True,445,False,12964,3994,45873799,174624643,45876254,174626197,0,0,1666062688,433131,distance_to_pickup,BATCH,hungarian,0,0,order,1
1666495819,256593,614,61.5223536610881,1,True,True,3597,False,12964,3994,45866698,174606413,45866706,174606474,0,0,1666062708,433111,distance_to_pickup,BATCH,hungarian,0,0,order,1
1666495819,129080,961,1656.0003019323397,1,True,True,219,False,12964,3994,45868335,174545710,45868336,174544054,0,0,1666062709,433110,distance_to_pickup,BATCH,hungarian,0,0,order,1
1666495819,287953,173,63.150613615387776,1,True,True,584,False,12964,3994,45896148,174555744,45896086,174555732,0,0,1666062714,433105,distance_to_pickup,BATCH,hungarian,0,0,order,1
1666495819,32514,3326,1454.5325709656693,1,True,True,891,False,12964,3994,45868335,174545710,45867302,174544686,0,0,1666062720,433099,distance_to_pickup,BATCH,hungarian,0,0,order,1
1666495819,290700,4386,89.1403387922662,1,True,True,3046,False,12964,3994,45896148,174555744,45896059,174555749,0,0,1666062724,433095,distance_to_pickup,BATCH,hungarian,0,0,order,1
1666495819,354749,1926,326.744548539069,1,True,True,2153,False,12964,3994,45872485,174586837,45872546,174586516,0,0,1666062724,433095,distance_to_pickup,BATCH,hungarian,0,0,order,1
1666495819,135222,281,523.6993412254783,1,True,True,1874,False,12964,3994,45895346,174532388,45895740,174532733,0,0,1666062725,433094,distance_to_pickup,BATCH,hungarian,0,0,order,1
1666495819,26217,2616,149.6562728387955,1,True,True,328,False,12964,3994,45869422,174571363,45869273,174571349,0,0,1666062735,433084,distance_to_pickup,BATCH,hungarian,0,0,order,1
1666495819,475601,2043,362.7244132947216,1,True,True,974,False,12964,3994,45887697,174556801,45887385,174556986,0,0,1666062736,433083,distance_to_pickup,BATCH,hungarian,0,0,order,1
1666495819,141290,472,139.17614738165446,1,True,True,1425,False,12964,3994,45880013,174648313,45880144,174648266,0,0,1666062737,433082,distance_to_pickup,BATCH,hungarian,0,0,order,1
1666495819,218996,1728,437.12355232817185,1,True,True,26,False,12964,3994,45893138,174543617,45892964,174544018,0,0,1666062742,433077,distance_to_pickup,BATCH,hungarian,0,0,order,1
1666495819,401246,56,341.0131962256006,1,True,True,3650,False,12964,3994,45860061,174579184,45860310,174578951,0,0,1666062746,433073,distance_to_pickup,BATCH,hungarian,0,0,order,1
1666495819,80238,2268,74.09453421137081,1,True,True,3249,False,12964,3994,45870553,174547266,45870592,174547329,0,0,1666062768,433051,distance_to_pickup,BATCH,hungarian,0,0,order,1
1666495819,22971,3608,122.10241602851272,1,True,True,122,False,12964,3994,45893488,174584303,45893378,174584356,0,0,1666062773,433046,distance_to_pickup,BATCH,hungarian,0,0,order,1
1666495819,558708,3552,19.697715603592208,1,True,True,3528,False,12964,3994,45879237,174648050,45879229,174648068,0,0,1666062774,433045,distance_to_pickup,BATCH,hungarian,0,0,order,1
1666495819,189385,3370,268.49581002317336,1,True,True,403,False,12964,3994,45874835,174545439,45874898,174545178,0,0,1666062777,433042,distance_to_pickup,BATCH,hungarian,0,0,order,1
1666495819,174559,4333,2438.201181198959,1,True,True,1732,False,12964,3994,45885313,174542977,45883361,174544438,0,0,1666062789,433030,distance_to_pickup,BATCH,hungarian,0,0,order,1
1666495819,543250,2994,157.42934923323543,1,True,True,1949,False,12964,3994,45872833,174624652,45872905,174624792,0,0,1666062793,433026,distance_to_pickup,BATCH,hungarian,0,0,order,1
1666495819,449352,3949,73.92563831310488,1,True,True,2674,False,12964,3994,45856856,174575762,45856819,174575826,0,0,1666062793,433026,distance_to_pickup,BATCH,hungarian,0,0,order,1
1666495819,406605,1846,2352.7515805966427,1,True,True,176,False,12964,3994,45843025,174581271,45844761,174579683,0,0,1666062793,433026,distance_to_pickup,BATCH,hungarian,0,0,order,1
1666495819,242211,541,2132.4185799228067,1,True,True,481,False,12964,3994,45898320,174550193,45898592,174548078,0,0,1666062796,433023,distance_to_pickup,BATCH,hungarian,0,0,order,1
1666495819,114028,2677,1154.248673380221,1,True,True,228,False,12964,3994,45911550,174525433,45911921,174524340,0,0,1666062796,433023,distance_to_pickup,BATCH,hungarian,0,0,order,1
1666495819,61227,4190,57.8013840664737,1,True,True,3729,False,12964,3994,45880388,174529896,45880353,174529942,0,0,1666062797,433022,distance_to_pickup,BATCH,hungarian,0,0,order,1
1666495819,540732,134,1111.9109676588319,1,True,True,221,False,12964,3994,45861045,174600084,45859934,174600039,0,0,1666062798,433021,distance_to_pickup,BATCH,hungarian,0,0,order,1
1666495819,340845,1085,232.0021551624036,1,True,True,3566,False,12964,3994,45872996,174625648,45873219,174625712,0,0,1666062801,433018,distance_to_pickup,BATCH,hungarian,0,0,order,1
1666495819,210110,2300,82.85529554590944,1,True,True,2037,False,12964,3994,45877861,174554744,45877820,174554816,0,0,1666062803,433016,distance_to_pickup,BATCH,hungarian,0,0,order,1
1666495819,354750,2476,2547.488370925371,1,True,True,2671,False,12964,3994,45893410,174534952,45895766,174535921,0,0,1666062811,433008,distance_to_pickup,BATCH,hungarian,0,0,order,1
1666495819,332603,1672,35.805027579936315,1,True,True,1186,False,12964,3994,45897597,174552952,45897576,174552923,0,0,1666062821,432998,distance_to_pickup,BATCH,hungarian,0,0,order,1
1666495819,401247,2022,939.5408453068977,1,True,True,287,False,12964,3994,45895743,174547743,45895534,174548659,0,0,1666062821,432998,distance_to_pickup,BATCH,hungarian,0,0,order,1
1666495819,282362,1296,54.91812087098393,1,True,True,4205,False,12964,3994,45853755,174527370,45853765,174527424,0,0,1666062841,432978,distance_to_pickup,BATCH,hungarian,0,0,order,1
1666495819,459786,1053,588.9864175004378,1,True,True,316,False,12964,3994,45893488,174584303,45893044,174584690,0,0,1666062842,432977,distance_to_pickup,BATCH,hungarian,0,0,order,1
1666495819,114029,4351,465.83366129982494,1,True,True,316,False,12964,3994,45893488,174584303,45893763,174584679,0,0,1666062842,432977,distance_to_pickup,BATCH,hungarian,0,0,order,1
1666495819,16505,3427,1137.2462354301288,1,True,True,164,False,12964,3994,45874736,174577874,45875716,174578451,0,0,1666062843,432976,distance_to_pickup,BATCH,hungarian,0,0,order,1
1666495819,259493,2860,388.06829295885535,1,True,True,3684,False,12964,3994,45885303,174582680,45885432,174583046,0,0,1666062843,432976,distance_to_pickup,BATCH,hungarian,0,0,order,1
1666495819,189387,2407,38.8329756778952,1,True,True,102,False,12964,3994,45865177,174556709,45865155,174556741,0,0,1666062845,432974,distance_to_pickup,BATCH,hungarian,0,0,order,1
1666495819,186441,2198,395.03164430207363,1,True,True,1951,False,12964,3994,45866359,174536720,45866354,174536325,0,0,1666062855,432964,distance_to_pickup,BATCH,hungarian,0,0,order,1
1666495819,504210,116,6291.086392667009,1,True,True,2184,False,12964,3994,45850798,174613138,45850460,174619420,0,0,1666062857,432962,distance_to_pickup,BATCH,hungarian,0,0,order,1
1666495819,351945,2907,2230.245053800142,1,True,True,1294,False,12964,3994,45908667,174566558,45907784,174564510,0,0,1666062867,432952,distance_to_pickup,BATCH,hungarian,0,0,order,1
1666495819,566356,3697,388.10565571761515,1,True,True,3807,False,12964,3994,45862134,174526400,45862435,174526155,0,0,1666062871,432948,distance_to_pickup,BATCH,hungarian,0,0,order,1
1666495819,414602,1359,239.77072381756702,1,True,True,2231,False,12964,3994,45862827,174526256,45863034,174526135,0,0,1666062875,432944,distance_to_pickup,BATCH,hungarian,0,0,order,1
1666495819,371384,139,941.1593913891526,1,True,True,2050,False,12964,3994,45924098,174522105,45924608,174522896,0,0,1666062888,432931,distance_to_pickup,BATCH,hungarian,0,0,order,1
1666495819,242201,699,1823.9758770334656,1,True,True,2291,False,12964,3994,45879721,174647791,45880563,174646173,0,0,1666062893,432926,distance_to_pickup,BATCH,hungarian,0,0,order,1
1666495819,76954,2303,1543.148081034351,1,True,True,2063,False,12964,3994,45867140,174551189,45866799,174552694,0,0,1666062900,432919,distance_to_pickup,BATCH,hungarian,0,0,order,1
1666495819,13323,2534,373.2505860678587,1,True,True,2568,False,12964,3994,45867140,174551189,45866794,174551049,0,0,1666062907,432912,distance_to_pickup,BATCH,hungarian,0,0,order,1
1666495819,427867,2663,43.32435804486894,1,True,True,4205,False,12964,3994,45853755,174527370,45853769,174527329,0,0,1666062913,432906,distance_to_pickup,BATCH,hungarian,0,0,order,1
1666495819,110960,4629,642.6647648657892,1,True,True,2998,False,12964,3994,45879420,174632710,45879703,174632133,0,0,1666062916,432903,distance_to_pickup,BATCH,hungarian,0,0,order,1
1666495819,299118,4736,1115.1188277488636,1,True,True,2566,False,12964,3994,45893488,174584303,45893267,174585396,0,0,1666062916,432903,distance_to_pickup,BATCH,hungarian,0,0,order,1
1666495819,89495,747,140.089257261219,1,True,True,2753,False,12964,3994,45858900,174567237,45858812,174567346,0,0,1666062937,432882,distance_to_pickup,BATCH,hungarian,0,0,order,1
1666495819,553520,4465,1756.966704294649,1,True,True,3642,False,12964,3994,45869838,174579770,45868092,174579574,0,0,1666062942,432877,distance_to_pickup,BATCH,hungarian,0,0,order,1
1666495819,398493,4163,238.89118861942146,1,True,True,1159,False,12964,3994,45866307,174536758,45866169,174536953,0,0,1666062942,432877,distance_to_pickup,BATCH,hungarian,0,0,order,1
1666495819,86382,707,6780.698784048735,1,True,True,394,False,12964,3994,45838275,174623439,45835951,174617069,0,0,1666062943,432876,distance_to_pickup,BATCH,hungarian,0,0,order,1
1666495819,438591,1937,6424.10437337377,1,True,True,50,False,12964,3994,45839621,174581329,45837002,174587195,0,0,1666062946,432873,distance_to_pickup,BATCH,hungarian,0,0,order,1
1666495819,290703,4716,23.53720459187964,1,True,True,3936,False,12964,3994,45895690,174554670,45895667,174554665,0,0,1666062947,432872,distance_to_pickup,BATCH,hungarian,0,0,order,1
1666495819,45496,2051,117.78370006074695,1,True,True,4058,False,12964,3994,45863946,174582310,45863993,174582418,0,0,1666062948,432871,distance_to_pickup,BATCH,hungarian,0,0,order,1
1666495819,472984,358,743.1318860067842,1,True,True,876,False,12964,3994,45889950,174571920,45890519,174571442,0,0,1666062949,432870,distance_to_pickup,BATCH,hungarian,0,0,order,1
1666495819,192262,117,318.54983911469805,1,True,True,3278,False,12964,3994,45909538,174542581,45909663,174542874,0,0,1666062949,432870,distance_to_pickup,BATCH,hungarian,0,0,order,1
1666495819,318798,3188,10049.70352796539,1,True,True,3552,False,12964,3994,45884259,174630935,45889534,174622381,0,0,1666062950,432869,distance_to_pickup,BATCH,hungarian,0,0,order,1
1666495819,296347,1501,1208.9735315547648,1,True,True,3642,False,12964,3994,45865230,174583102,45865621,174584246,0,0,1666062953,432866,distance_to_pickup,BATCH,hungarian,0,0,order,1
1666495819,195257,3076,350.34411654828745,1,True,True,2230,False,12964,3994,45904417,174570519,45904071,174570464,0,0,1666062956,432863,distance_to_pickup,BATCH,hungarian,0,0,order,1
1666495819,83305,2261,103.47946656221224,1,True,True,1613,False,12964,3994,45886884,174562531,45886816,174562609,0,0,1666062959,432860,distance_to_pickup,BATCH,hungarian,0,0,order,1
1666495819,80224,2433,277.4310725207254,1,True,True,3503,False,12964,3994,45905690,174525746,45905948,174525644,0,0,1666062959,432860,distance_to_pickup,BATCH,hungarian,0,0,order,1
1666495819,360310,1422,153.20900756809309,1,True,True,1072,False,12964,3994,45855857,174553570,45855865,174553723,0,0,1666062961,432858,distance_to_pickup,BATCH,hungarian,0,0,order,1
1666495819,26215,3618,1304.4404930850621,1,True,True,414,False,12964,3994,45893484,174577992,45892215,174578294,0,0,1666062962,432857,distance_to_pickup,BATCH,hungarian,0,0,order,1
1666495819,438593,2125,246.4000811688178,1,True,True,420,False,12964,3994,45862990,174575360,45863073,174575128,0,0,1666062963,432856,distance_to_pickup,BATCH,hungarian,0,0,order,1
1666495819,76937,4680,117.63077828527702,1,True,True,3579,False,12964,3994,45870754,174595569,45870805,174595463,0,0,1666062964,432855,distance_to_pickup,BATCH,hungarian,0,0,order,1
1666495819,201133,1143,2738.3297829151256,1,True,True,1943,False,12964,3994,45855750,174541130,45853481,174542663,0,0,1666062964,432855,distance_to_pickup,BATCH,hungarian,0,0,order,1
1666495819,126056,2219,294.25329225006135,1,True,True,2888,False,12964,3994,45842390,174575013,45842571,174574781,0,0,1666062969,432850,distance_to_pickup,BATCH,hungarian,0,0,order,1
1666495819,409316,956,407.89459422747933,1,True,True,2283,False,12964,3994,45885520,174592236,45885493,174591829,0,0,1666062979,432840,distance_to_pickup,BATCH,hungarian,0,0,order,1
1666495819,268009,2149,349.0057306119772,1,True,True,2677,False,12964,3994,45923858,174522165,45924024,174522472,0,0,1666062981,432838,distance_to_pickup,BATCH,hungarian,0,0,order,1
1666495819,371385,2614,510.29599253766435,1,True,True,566,False,12964,3994,45894848,174556609,45894709,174557100,0,0,1666062985,432834,distance_to_pickup,BATCH,hungarian,0,0,order,1
1666495819,491141,1117,3030.3605396058074,1,True,True,2847,False,12964,3994,45905669,174544560,45903055,174546093,0,0,1666062993,432826,distance_to_pickup,BATCH,hungarian,0,0,order,1
1666495819,550993,4595,595.6676925937817,1,True,True,2243,False,12964,3994,45887697,174556801,45887263,174557209,0,0,1666062997,432822,distance_to_pickup,BATCH,hungarian,0,0,order,1
1666495819,192260,3904,1069.467157045975,1,True,True,449,False,12964,3994,45867140,174551189,45868028,174550593,0,0,1666063010,432809,distance_to_pickup,BATCH,hungarian,0,0,order,1
1666495819,395758,356,471.93431746377587,1,True,True,2438,False,12964,3994,45887639,174579160,45887538,174579621,0,0,1666063014,432805,distance_to_pickup,BATCH,hungarian,0,0,order,1
1666495819,48647,523,397.2165656162895,1,True,True,3170,False,12964,3994,45869817,174606464,45869426,174606394,0,0,1666063016,432803,distance_to_pickup,BATCH,hungarian,0,0,order,1
1666495819,198140,2610,120.10412149464314,1,True,True,2224,False,12964,3994,45898248,174553674,45898180,174553575,0,0,1666063017,432802,distance_to_pickup,BATCH,hungarian,0,0,order,1
1666495819,340852,1014,667.2608185709693,1,True,True,2610,False,12964,3994,45899739,174548368,45900365,174548599,0,0,1666063017,432802,distance_to_pickup,BATCH,hungarian,0,0,order,1
1666495819,250902,4053,71.42128534267638,1,True,True,4620,False,12964,3994,45890444,174572525,45890495,174572475,0,0,1666063019,432800,distance_to_pickup,BATCH,hungarian,0,0,order,1
1666495819,504212,216,311.26355392175293,1,True,True,2507,False,12964,3994,45907150,174570600,45907207,174570906,0,0,1666063020,432799,distance_to_pickup,BATCH,hungarian,0,0,order,1
1666495819,387657,1102,4001.907170337663,1,True,True,4233,False,12964,3994,45896231,174555803,45897250,174559673,0,0,1666063021,432798,distance_to_pickup,BATCH,hungarian,0,0,order,1
1666495819,120015,2278,346.4390278245221,1,True,True,3712,False,12964,3994,45872712,174532279,45872788,174531941,0,0,1666063025,432794,distance_to_pickup,BATCH,hungarian,0,0,order,1
1666495819,95755,828,203.22647465327935,1,True,True,1235,False,12964,3994,45907471,174568784,45907645,174568679,0,0,1666063028,432791,distance_to_pickup,BATCH,hungarian,0,0,order,1
1666495819,558715,2015,405.43556824728637,1,True,True,1163,False,12964,3994,45905276,174543687,45905409,174543304,0,0,1666063030,432789,distance_to_pickup,BATCH,hungarian,0,0,order,1
1666495819,101940,1087,107.07007051459338,1,True,True,4099,False,12964,3994,45880750,174579924,45880660,174579866,0,0,1666063031,432788,distance_to_pickup,BATCH,hungarian,0,0,order,1
1666495819,19780,1602,2506.277119554021,1,True,True,4089,False,12964,3994,45846251,174554751,45846331,174557256,0,0,1666063032,432787,distance_to_pickup,BATCH,hungarian,0,0,order,1
1666495819,210125,4430,907.3588044428731,1,True,True,3935,False,12964,3994,45882640,174597842,45883120,174598612,0,0,1666063034,432785,distance_to_pickup,BATCH,hungarian,0,0,order,1
1666495819,553521,4407,7039.219985197224,1,True,True,3473,False,12964,3994,45853146,174526278,45851009,174519571,0,0,1666063034,432785,distance_to_pickup,BATCH,hungarian,0,0,order,1
1666495819,150371,4188,1214.562060991533,1,True,True,2753,False,12964,3994,45867403,174569758,45868543,174569339,0,0,1666063035,432784,distance_to_pickup,BATCH,hungarian,0,0,order,1
1666495819,299123,915,380.44710539048657,1,True,True,1227,False,12964,3994,45889986,174545204,45890258,174545470,0,0,1666063041,432778,distance_to_pickup,BATCH,hungarian,0,0,order,1
1666495819,512057,958,451.3501966322824,1,True,True,753,False,12964,3994,45900944,174525819,45901375,174525953,0,0,1666063045,432774,distance_to_pickup,BATCH,hungarian,0,0,order,1
1666495819,519756,863,3890.9823952313122,1,True,True,367,False,12964,3994,45838156,174541721,45841968,174542501,0,0,1666063046,432773,distance_to_pickup,BATCH,hungarian,0,0,order,1
1666495819,32502,866,458.3993891793487,1,True,True,572,False,12964,3994,45889913,174596658,45890322,174596865,0,0,1666063051,432768,distance_to_pickup,BATCH,hungarian,0,0,order,1
1666495819,195242,1444,66.76076692189807,1,True,True,1275,False,12964,3994,45868629,174606647,45868565,174606628,0,0,1666063055,432764,distance_to_pickup,BATCH,hungarian,0,0,order,1
1666495819,374134,4843,112.72089424769483,1,True,True,859,False,12964,3994,45894758,174555339,45894717,174555234,0,0,1666063062,432757,distance_to_pickup,BATCH,hungarian,0,0,order,1
1666495819,433263,279,922.4364476753941,1,True,True,2503,False,12964,3994,45912781,174525450,45913401,174524767,0,0,1666063068,432751,distance_to_pickup,BATCH,hungarian,0,0,order,1
1666495819,227659,3930,2639.641074085642,1,True,True,1158,False,12964,3994,45832112,174582926,45829589,174582150,0,0,1666063069,432750,distance_to_pickup,BATCH,hungarian,0,0,order,1
1666495819,561330,2571,76.10519036176179,1,True,True,1191,False,12964,3994,45879559,174647850,45879555,174647926,0,0,1666063071,432748,distance_to_pickup,BATCH,hungarian,0,0,order,1
1666495819,150380,1342,73.97972695272672,1,True,True,3328,False,12964,3994,45868629,174606647,45868557,174606664,0,0,1666063071,432748,distance_to_pickup,BATCH,hungarian,0,0,order,1
1666495819,156384,1185,2867.597077694145,1,True,True,1301,False,12964,3994,45892680,174567570,45890003,174566542,0,0,1666063073,432746,distance_to_pickup,BATCH,hungarian,0,0,order,1
1666495819,338048,984,2627.1086768537,1,True,True,4377,False,12964,3994,45838980,174580650,45836578,174581714,0,0,1666063077,432742,distance_to_pickup,BATCH,hungarian,0,0,order,1
1666495819,230521,2137,91.44397191723465,1,True,True,2498,False,12964,3994,45863250,174580555,45863161,174580534,0,0,1666063078,432741,distance_to_pickup,BATCH,hungarian,0,0,order,1
1666495819,89496,2135,1780.5327854324953,1,True,True,2648,False,12964,3994,45878269,174600078,45876705,174599227,0,0,1666063081,432738,distance_to_pickup,BATCH,hungarian,0,0,order,1
1666495819,177508,2153,355.10561809129405,1,True,True,3950,False,12964,3994,45869838,174579770,45869648,174580070,0,0,1666063082,432737,distance_to_pickup,BATCH,hungarian,0,0,order,1
1666495819,210117,931,569.5507001136949,1,True,True,1911,False,12964,3994,45857992,174606072,45858560,174606114,0,0,1666063084,432735,distance_to_pickup,BATCH,hungarian,0,0,order,1
1666495819,80236,3485,106.01886624558857,1,True,True,1096,False,12964,3994,45911894,174529244,45912000,174529242,0,0,1666063090,432729,distance_to_pickup,BATCH,hungarian,0,0,order,1
1666495819,427865,884,1046.4845913820232,1,True,True,3483,False,12964,3994,45873748,174550525,45872707,174550418,0,0,1666063096,432723,distance_to_pickup,BATCH,hungarian,0,0,order,1
1666495819,296351,2441,1404.2820229569272,1,True,True,328,False,12964,3994,45861700,174583580,45861118,174584858,0,0,1666063101,432718,distance_to_pickup,BATCH,hungarian,0,0,order,1
1666495819,543262,3803,309.1876452900407,1,True,True,3948,False,12964,3994,45896133,174555014,45895922,174555240,0,0,1666063104,432715,distance_to_pickup,BATCH,hungarian,0,0,order,1
1666495819,180577,4139,2955.0783407551144,1,True,True,3842,False,12964,3994,45866511,174563245,45869409,174562667,0,0,1666063104,432715,distance_to_pickup,BATCH,hungarian,0,0,order,1
1666495819,368641,3282,436.9359220755373,1,True,True,420,False,12964,3994,45869716,174575286,45869523,174575678,0,0,1666063105,432714,distance_to_pickup,BATCH,hungarian,0,0,order,1
1666495819,259485,3947,281.78892810044897,1,True,True,1156,False,12964,3994,45863955,174576924,45864189,174577081,0,0,1666063107,432712,distance_to_pickup,BATCH,hungarian,0,0,order,1
1666495819,22985,1785,2117.9294133657995,1,True,True,1943,False,12964,3994,45855750,174541130,45853905,174542170,0,0,1666063108,432711,distance_to_pickup,BATCH,hungarian,0,0,order,1
1666495819,566352,530,237.12443990445186,1,True,True,246,False,12964,3994,45890760,174573332,45890912,174573150,0,0,1666063110,432709,distance_to_pickup,BATCH,hungarian,0,0,order,1
1666495819,535551,1976,337.8905148121208,1,True,True,2549,False,12964,3994,45860061,174579184,45860278,174579443,0,0,1666063112,432707,distance_to_pickup,BATCH,hungarian,0,0,order,1
1666495819,10136,1215,91.26883367283708,1,True,True,684,False,12964,3994,45890444,174572525,45890535,174572518,0,0,1666063113,432706,distance_to_pickup,BATCH,hungarian,0,0,order,1
1666495819,233361,2835,3665.491099429925,1,True,True,999,False,12964,3994,45865230,174583102,45867477,174585998,0,0,1666063117,432702,distance_to_pickup,BATCH,hungarian,0,0,order,1
1666495819,92635,734,243.35365211970827,1,True,True,51,False,12964,3994,45899716,174565883,45899931,174565997,0,0,1666063119,432700,distance_to_pickup,BATCH,hungarian,0,0,order,1
1666495819,514641,3246,863.2108664746986,1,True,True,207,False,12964,3994,45875792,174574232,45876550,174574645,0,0,1666063120,432699,distance_to_pickup,BATCH,hungarian,0,0,order,1
1666495819,177513,1311,541.8533011803103,1,True,True,78,False,12964,3994,45849161,174550781,45849002,174550263,0,0,1666063124,432695,distance_to_pickup,BATCH,hungarian,0,0,order,1
1666495819,459792,2449,5151.08687560208,1,True,True,3954,False,12964,3994,45876450,174553800,45875386,174558840,0,0,1666063125,432694,distance_to_pickup,BATCH,hungarian,0,0,order,1
1666495819,403958,1404,1775.5846924323266,1,True,True,2084,False,12964,3994,45858376,174534230,45856602,174534155,0,0,1666063125,432694,distance_to_pickup,BATCH,hungarian,0,0,order,1
1666495819,159380,2151,78.23042886243178,1,True,True,859,False,12964,3994,45894758,174555339,45894752,174555261,0,0,1666063127,432692,distance_to_pickup,BATCH,hungarian,0,0,order,1
1666495819,116994,2747,381.3200755271088,1,True,True,3684,False,12964,3994,45885303,174582680,45885437,174583037,0,0,1666063132,432687,distance_to_pickup,BATCH,hungarian,0,0,order,1
1666495819,265150,125,72.62231062146122,1,True,True,2445,False,12964,3994,45839765,174551620,45839708,174551575,0,0,1666063132,432687,distance_to_pickup,BATCH,hungarian,0,0,order,1
1666495819,216074,711,111.64676439557037,1,True,True,1076,False,12964,3994,45859909,174572340,45859921,174572229,0,0,1666063134,432685,distance_to_pickup,BATCH,hungarian,0,0,order,1
1666495819,452069,586,194.82556300444764,1,True,True,1270,False,12964,3994,45860804,174548317,45860658,174548188,0,0,1666063136,432683,distance_to_pickup,BATCH,hungarian,0,0,order,1
1666495819,216075,4652,536.2210365138615,1,True,True,1466,False,12964,3994,45876917,174545592,45877160,174545114,0,0,1666063138,432681,distance_to_pickup,BATCH,hungarian,0,0,order,1
1666495819,403960,925,393.51365922925726,1,True,True,3807,False,12964,3994,45862134,174526400,45861992,174526033,0,0,1666063139,432680,distance_to_pickup,BATCH,hungarian,0,0,order,1
1666495819,384848,4019,106.30145812734649,1,True,True,4175,False,12964,3994,45875471,174545336,45875391,174545266,0,0,1666063141,432678,distance_to_pickup,BATCH,hungarian,0,0,order,1
1666495819,553541,3503,194.60986614249546,1,True,True,4155,False,12964,3994,45897938,174552992,45898070,174552849,0,0,1666063143,432676,distance_to_pickup,BATCH,hungarian,0,0,order,1
1666495819,32509,3546,864.6461704072944,1,True,True,61,False,12964,3994,45819086,174556431,45818979,174557289,0,0,1666063146,432673,distance_to_pickup,BATCH,hungarian,0,0,order,1
1666495819,250904,448,95.524865872714,1,True,True,413,False,12964,3994,45871050,174595451,45871099,174595533,0,0,1666063146,432673,distance_to_pickup,BATCH,hungarian,0,0,order,1
1666495819,285189,3474,109.03669107231748,1,True,True,176,False,12964,3994,45839377,174580415,45839362,174580307,0,0,1666063150,432669,distance_to_pickup,BATCH,hungarian,0,0,order,1
1666495819,452062,943,480.8918797401345,1,True,True,1581,False,12964,3994,45855384,174572020,45854965,174572256,0,0,1666063152,432667,distance_to_pickup,BATCH,hungarian,0,0,order,1
1666495819,22996,3692,518.7957208767243,1,True,True,4032,False,12964,3994,45874835,174545439,45874725,174544932,0,0,1666063155,432664,distance_to_pickup,BATCH,hungarian,0,0,order,1
1666495819,498921,2162,3105.1389662944234,1,True,True,1163,False,12964,3994,45907759,174546285,45908987,174543433,0,0,1666063155,432664,distance_to_pickup,BATCH,hungarian,0,0,order,1
1666495819,390348,313,68.73136110975832,1,True,True,2663,False,12964,3994,45859196,174548153,45859264,174548143,0,0,1666063157,432662,distance_to_pickup,BATCH,hungarian,0,0,order,1
1666495819,550995,2894,6948.861849252725,1,True,True,2893,False,12964,3994,45910612,174531037,45911287,174537953,0,0,1666063158,432661,distance_to_pickup,BATCH,hungarian,0,0,order,1
1666495819,126061,2981,272.31048455760936,1,True,True,3552,False,12964,3994,45884626,174635063,45884429,174635251,0,0,1666063160,432659,distance_to_pickup,BATCH,hungarian,0,0,order,1
1666495819,273716,2829,53.16013544000805,1,True,True,246,False,12964,3994,45892879,174567270,45892894,174567321,0,0,1666063161,432658,distance_to_pickup,BATCH,hungarian,0,0,order,1
1666495819,219004,493,329.9696955782455,1,True,True,692,False,12964,3994,45887697,174556801,45887529,174557085,0,0,1666063164,432655,distance_to_pickup,BATCH,hungarian,0,0,order,1
1666495819,29344,294,214.17049283222934,1,True,True,2709,False,12964,3994,45924567,174557421,45924505,174557626,0,0,1666063166,432653,distance_to_pickup,BATCH,hungarian,0,0,order,1
1666495819,174574,2063,309.9193443462347,1,True,True,2063,True,12964,3994,45867140,174551189,45867235,174550894,0,0,1666063166,432653,distance_to_pickup,BATCH,hungarian,0,0,order,1
1666495819,150377,4012,32.38826948140329,1,True,True,2343,False,12964,3994,45817661,174564467,45817629,174564462,0,0,1666063166,432653,distance_to_pickup,BATCH,hungarian,0,0,order,1
1666495819,168471,4217,609.8278445594298,1,True,True,3982,False,12964,3994,45878745,174634478,45878142,174634387,0,0,1666063166,432653,distance_to_pickup,BATCH,hungarian,0,0,order,1
1666495819,301992,234,725.6479862853614,1,True,True,1605,False,12964,3994,45859785,174572002,45859064,174572084,0,0,1666063168,432651,distance_to_pickup,BATCH,hungarian,0,0,order,1
1666495819,493750,2962,53.48831648126533,1,True,True,1314,False,12964,3994,45895459,174577390,45895509,174577371,0,0,1666063168,432651,distance_to_pickup,BATCH,hungarian,0,0,order,1
1666495819,123033,4007,4643.406077439276,1,True,True,1958,False,12964,3994,45849208,174548426,45847672,174544044,0,0,1666063169,432650,distance_to_pickup,BATCH,hungarian,0,0,order,1
1666495819,26211,524,1462.9866711627963,1,True,True,3954,False,12964,3994,45876450,174553800,45875151,174554473,0,0,1666063173,432646,distance_to_pickup,BATCH,hungarian,0,0,order,1
1666495819,273701,1889,1422.5786445747033,1,True,True,3528,False,12964,3994,45879721,174647791,45879788,174646370,0,0,1666063173,432646,distance_to_pickup,BATCH,hungarian,0,0,order,1
1666495819,86393,1285,3304.676988753969,1,True,True,1301,False,12964,3994,45892680,174567570,45889553,174566501,0,0,1666063174,432645,distance_to_pickup,BATCH,hungarian,0,0,order,1
1666495819,168486,450,110.60289327137876,1,True,True,2641,False,12964,3994,45896370,174524880,45896398,174524987,0,0,1666063174,432645,distance_to_pickup,BATCH,hungarian,0,0,order,1
1666495819,236406,287,191.3765920900464,1,True,True,859,False,12964,3994,45894758,174555339,45894578,174555404,0,0,1666063180,432639,distance_to_pickup,BATCH,hungarian,0,0,order,1
1666495819,126044,4283,2164.6221379261556,1,True,True,1474,False,12964,3994,45863030,174564980,45862397,174567050,0,0,1666063185,432634,distance_to_pickup,BATCH,hungarian,0,0,order,1
1666495819,195259,1016,36.87817782917155,1,True,True,2836,False,12964,3994,45894757,174555382,45894729,174555406,0,0,1666063185,432634,distance_to_pickup,BATCH,hungarian,0,0,order,1
1666495819,10139,3229,35.510561809129406,1,True,True,2084,False,12964,3994,45858376,174534230,45858370,174534195,0,0,1666063188,432631,distance_to_pickup,BATCH,hungarian,0,0,order,1
1666495819,485991,4405,6955.632106430012,1,True,True,2303,False,12964,3994,45838570,174574635,45841717,174568432,0,0,1666063192,432627,distance_to_pickup,BATCH,hungarian,0,0,order,1
1666495819,335296,2740,510.4076801930002,1,True,True,1868,False,12964,3994,45903274,174552989,45903684,174552685,0,0,1666063193,432626,distance_to_pickup,BATCH,hungarian,0,0,order,1
1666495819,6879,2629,3800.8485894599908,1,True,True,2189,False,12964,3994,45868994,174597121,45871409,174600056,0,0,1666063193,432626,distance_to_pickup,BATCH,hungarian,0,0,order,1
1666495819,120031,3869,444.1103466482176,1,True,True,1142,False,12964,3994,45856947,174585917,45856552,174586120,0,0,1666063193,432626,distance_to_pickup,BATCH,hungarian,0,0,order,1
1666495819,504214,1250,101.21264743103995,1,True,True,4620,False,12964,3994,45890444,174572525,45890532,174572475,0,0,1666063196,432623,distance_to_pickup,BATCH,hungarian,0,0,order,1
1666495819,219005,3784,24.515301344262525,1,True,True,624,False,12964,3994,45860600,174572406,45860624,174572411,0,0,1666063197,432622,distance_to_pickup,BATCH,hungarian,0,0,order,1
1666495819,265146,237,3251.36402145315,1,True,True,425,False,12964,3994,45907759,174546285,45905077,174548123,0,0,1666063198,432621,distance_to_pickup,BATCH,hungarian,0,0,order,1
1666495819,144360,2097,432.0416646574726,1,True,True,987,False,12964,3994,45901279,174543589,45901477,174543973,0,0,1666063199,432620,distance_to_pickup,BATCH,hungarian,0,0,order,1
1666495819,10148,1167,707.6793059006318,1,True,True,3965,False,12964,3994,45873444,174547688,45873101,174548307,0,0,1666063199,432620,distance_to_pickup,BATCH,hungarian,0,0,order,1
1666495819,180590,2320,784.3328375122388,1,True,True,50,False,12964,3994,45862096,174580996,45861989,174580219,0,0,1666063199,432620,distance_to_pickup,BATCH,hungarian,0,0,order,1
1666495819,296352,4498,4229.316729685777,1,True,True,729,False,12964,3994,45866836,174581477,45870088,174584181,0,0,1666063200,432619,distance_to_pickup,BATCH,hungarian,0,0,order,1
1666495819,493753,638,981.1340377338868,1,True,True,89,False,12964,3994,45847363,174551461,45846531,174550941,0,0,1666063200,432619,distance_to_pickup,BATCH,hungarian,0,0,order,1
1666495819,485994,2280,3430.6047571820336,1,True,True,1247,False,12964,3994,45865230,174583102,45867150,174585945,0,0,1666063200,432619,distance_to_pickup,BATCH,hungarian,0,0,order,1
1666495819,98763,1585,443.9909908995902,1,True,True,468,False,12964,3994,45892958,174566355,45893400,174566313,0,0,1666063202,432617,distance_to_pickup,BATCH,hungarian,0,0,order,1
1666495819,532903,38,538.0752735445107,1,True,True,2740,False,12964,3994,45890075,174525738,45890370,174525288,0,0,1666063202,432617,distance_to_pickup,BATCH,hungarian,0,0,order,1
1666495819,198142,912,514.9310633473184,1,True,True,1527,False,12964,3994,45860061,174579184,45860416,174578811,0,0,1666063206,432613,distance_to_pickup,BATCH,hungarian,0,0,order,1
1666495819,285191,2531,255.53864678361276,1,True,True,3528,False,12964,3994,45879175,174650529,45878921,174650501,0,0,1666063207,432612,distance_to_pickup,BATCH,hungarian,0,0,order,1
1666495819,38889,1518,244.3215094910802,1,True,True,2350,False,12964,3994,45863320,174579382,45863502,174579219,0,0,1666063208,432611,distance_to_pickup,BATCH,hungarian,0,0,order,1
1666495819,310493,2220,2830.282671395209,1,True,True,3644,False,12964,3994,45877249,174596278,45874913,174597876,0,0,1666063209,432610,distance_to_pickup,BATCH,hungarian,0,0,order,1
1666495819,76962,3899,212.13203435596427,1,True,True,1636,False,12964,3994,45891238,174600888,45891268,174601098,0,0,1666063209,432610,distance_to_pickup,BATCH,hungarian,0,0,order,1
1666495819,403965,368,2118.4791714812777,1,True,True,290,False,12964,3994,45857448,174593441,45857021,174595516,0,0,1666063216,432603,distance_to_pickup,BATCH,hungarian,0,0,order,1
1666495819,189399,225,386.63807365545364,1,True,True,3857,False,12964,3994,45912279,174528007,45912599,174528224,0,0,1666063218,432601,distance_to_pickup,BATCH,hungarian,0,0,order,1
1666495819,201140,1616,542.2739160239961,1,True,True,2271,False,12964,3994,45887812,174556789,45887922,174557320,0,0,1666063218,432601,distance_to_pickup,BATCH,hungarian,0,0,order,1
1666495819,61219,2134,3286.953148433972,1,True,True,227,False,12964,3994,45853197,174599400,45854066,174596230,0,0,1666063218,432601,distance_to_pickup,BATCH,hungarian,0,0,order,1
1666495819,316051,2807,670.5825825355145,1,True,True,3090,False,12964,3994,45886884,174562531,45887500,174562796,0,0,1666063219,432600,distance_to_pickup,BATCH,hungarian,0,0,order,1
1666495819,561333,4176,90.21086409075129,1,True,True,3982,False,12964,3994,45879511,174634292,45879464,174634215,0,0,1666063219,432600,distance_to_pickup,BATCH,hungarian,0,0,order,1
1666495819,454554,3921,60.67124524847005,1,True,True,4580,False,12964,3994,45879847,174634806,45879838,174634746,0,0,1666063220,432599,distance_to_pickup,BATCH,hungarian,0,0,order,1
1666495819,285195,4501,204.9780476051033,1,True,True,1236,False,12964,3994,45869081,174575168,45869061,174575372,0,0,1666063222,432597,distance_to_pickup,BATCH,hungarian,0,0,order,1
1666495819,177505,701,3325.9135587083438,1,True,True,637,False,12964,3994,45919180,174541680,45915981,174540770,0,0,1666063222,432597,distance_to_pickup,BATCH,hungarian,0,0,order,1
1666495819,318786,651,728.156576568529,1,True,True,892,False,12964,3994,45875400,174648139,45876126,174648195,0,0,1666063222,432597,distance_to_pickup,BATCH,hungarian,0,0,order,1
1666495819,329745,1901,556.410819449083,1,True,True,3616,False,12964,3994,45874736,174577874,45874963,174578382,0,0,1666063223,432596,distance_to_pickup,BATCH,hungarian,0,0,order,1
1666495819,307647,753,527.4438358725979,1,True,True,3769,False,12964,3994,45871272,174543061,45870753,174543155,0,0,1666063225,432594,distance_to_pickup,BATCH,hungarian,0,0,order,1
1666495819,120019,422,2197.9228830875754,1,True,True,289,False,12964,3994,45840017,174551254,45842128,174551866,0,0,1666063225,432594,distance_to_pickup,BATCH,hungarian,0,0,order,1
1666495819,189409,1272,498.5107822304348,1,True,True,1987,False,12964,3994,45867117,174556837,45867505,174557150,0,0,1666063226,432593,distance_to_pickup,BATCH,hungarian,0,0,order,1
1666495819,480860,20,3615.0027662506704,1,True,True,29,False,12964,3994,45849548,174566661,45846405,174564875,0,0,1666063227,432592,distance_to_pickup,BATCH,hungarian,0,0,order,1
1666495819,422603,1704,1772.1120167754634,1,True,True,788,False,12964,3994,45873444,174547688,45873974,174549379,0,0,1666063228,432591,distance_to_pickup,BATCH,hungarian,0,0,order,1
1666495819,216076,2938,58.008620049092706,1,True,True,2522,False,12964,3994,45893156,174543777,45893190,174543824,0,0,1666063230,432589,distance_to_pickup,BATCH,hungarian,0,0,order,1
1666495819,462428,681,3289.3649843092817,1,True,True,1167,False,12964,3994,45881430,174551718,45878141,174551767,0,0,1666063232,432587,distance_to_pickup,BATCH,hungarian,0,0,order,1
1666495819,114037,675,94.76286192385707,1,True,True,546,False,12964,3994,45892888,174524550,45892876,174524456,0,0,1666063234,432585,distance_to_pickup,BATCH,hungarian,0,0,order,1
1666495819,403963,1180,87.36704184073076,1,True,True,1954,False,12964,3994,45849298,174548682,45849346,174548609,0,0,1666063234,432585,distance_to_pickup,BATCH,hungarian,0,0,order,1
1666495819,472993,2082,145.89036979869508,1,True,True,3335,False,12964,3994,45911703,174525672,45911783,174525794,0,0,1666063235,432584,distance_to_pickup,BATCH,hungarian,0,0,order,1
1666495819,467777,3159,658.902875999187,1,True,True,149,False,12964,3994,45905899,174526998,45906552,174527086,0,0,1666063235,432584,distance_to_pickup,BATCH,hungarian,0,0,order,1
1666495819,566354,3757,5478.179442113958,1,True,True,757,False,12964,3994,45912295,174530150,45914878,174534981,0,0,1666063237,432582,distance_to_pickup,BATCH,hungarian,0,0,order,1
1666495819,48662,1660,5123.378963145318,1,True,True,3429,False,12964,3994,45891238,174600888,45889122,174605554,0,0,1666063238,432581,distance_to_pickup,BATCH,hungarian,0,0,order,1
1666495819,195244,4221,1018.9136371646028,1,True,True,229,False,12964,3994,45860730,174568920,45861599,174568388,0,0,1666063239,432580,distance_to_pickup,BATCH,hungarian,0,0,order,1
1666495819,250913,2682,721.2489168102785,1,True,True,1874,False,12964,3994,45895346,174532388,45895856,174532898,0,0,1666063241,432578,distance_to_pickup,BATCH,hungarian,0,0,order,1
1666495819,110973,371,3658.6703869028706,1,True,True,1587,False,12964,3994,45897451,174565965,45895701,174562752,0,0,1666063241,432578,distance_to_pickup,BATCH,hungarian,0,0,order,1
1666495819,221892,1271,1342.0707879989043,1,True,True,3565,False,12964,3994,45861460,174532407,45861035,174533680,0,0,1666063241,432578,distance_to_pickup,BATCH,hungarian,0,0,order,1
1666495819,509384,478,2135.1875795817095,1,True,True,1793,False,12964,3994,45889913,174596658,45891328,174595059,0,0,1666063243,432576,distance_to_pickup,BATCH,hungarian,0,0,order,1
1666495819,110965,3322,4414.934880606961,1,True,True,2509,False,12964,3994,45880493,174529817,45878184,174526054,0,0,1666063244,432575,distance_to_pickup,BATCH,hungarian,0,0,order,1
1666495819,262384,631,335.542843762164,1,True,True,2078,False,12964,3994,45859404,174571414,45859087,174571304,0,0,1666063244,432575,distance_to_pickup,BATCH,hungarian,0,0,order,1
1666495819,224738,2243,2143.965018371335,1,True,True,1918,False,12964,3994,45886242,174574272,45884511,174573007,0,0,1666063244,432575,distance_to_pickup,BATCH,hungarian,0,0,order,1
1666495819,470333,22,216.0,1,True,True,3428,False,12964,3994,45867880,174573167,45867880,174573383,0,0,1666063245,432574,distance_to_pickup,BATCH,hungarian,0,0,order,1
1666495819,236404,1263,177.53872816937718,1,True,True,4099,False,12964,3994,45880748,174580196,45880920,174580152,0,0,1666063248,432571,distance_to_pickup,BATCH,hungarian,0,0,order,1
1666495819,290708,2620,934.16540291321,1,True,True,771,False,12964,3994,45902660,174556330,45903312,174556999,0,0,1666063250,432569,distance_to_pickup,BATCH,hungarian,0,0,order,1
1666495819,276584,180,1773.1342306774184,1,True,True,3820,False,12964,3994,45899570,174535990,45901236,174536597,0,0,1666063250,432569,distance_to_pickup,BATCH,hungarian,0,0,order,1
1666495819,483362,2714,2203.0145255989573,1,True,True,1185,False,12964,3994,45895471,174568358,45895463,174570561,0,0,1666063252,432567,distance_to_pickup,BATCH,hungarian,0,0,order,1
1666495819,282374,2604,399.0050124998432,1,True,True,541,False,12964,3994,45885655,174542919,45885718,174542525,0,0,1666063253,432566,distance_to_pickup,BATCH,hungarian,0,0,order,1
1666495819,379483,3695,386.8281272089712,1,True,True,1186,False,12964,3994,45894848,174556609,45894558,174556865,0,0,1666063255,432564,distance_to_pickup,BATCH,hungarian,0,0,order,1
1666495819,338049,490,468.21042278018547,1,True,True,882,False,12964,3994,45855637,174569692,45855287,174570003,0,0,1666063257,432562,distance_to_pickup,BATCH,hungarian,0,0,order,1
1666495819,138202,2538,2897.817109480859,1,True,True,2703,False,12964,3994,45907759,174546285,45908459,174543473,0,0,1666063257,432562,distance_to_pickup,BATCH,hungarian,0,0,order,1
1666495819,548432,120,342.9125252888847,1,True,True,2885,False,12964,3994,46048279,174935518,46048569,174935335,0,0,1666063259,432560,distance_to_pickup,BATCH,hungarian,0,0,order,1
1666495819,250921,2269,193.18643844742311,1,True,True,937,False,12964,3994,45867880,174573167,45867920,174573356,0,0,1666063259,432560,distance_to_pickup,BATCH,hungarian,0,0,order,1
1666495819,92654,694,486.7627758980754,1,True,True,1470,False,12964,3994,45883445,174599735,45883852,174600002,0,0,1666063259,432560,distance_to_pickup,BATCH,hungarian,0,0,order,1
1666495819,478258,557,746.452945603405,1,True,True,1224,False,12964,3994,45863081,174558161,45862707,174558807,0,0,1666063260,432559,distance_to_pickup,BATCH,hungarian,0,0,order,1
1666495819,357519,4866,129.38701635017324,1,True,True,3751,False,12964,3994,45860803,174537004,45860793,174536875,0,0,1666063260,432559,distance_to_pickup,BATCH,hungarian,0,0,order,1
1666495819,135225,2047,100.65783625729296,1,True,True,75,False,12964,3994,45885438,174582607,45885402,174582701,0,0,1666063263,432556,distance_to_pickup,BATCH,hungarian,0,0,order,1
1666495819,16513,3833,999.1716569238741,1,True,True,1795,False,12964,3994,45847510,174589140,45848472,174588870,0,0,1666063266,432553,distance_to_pickup,BATCH,hungarian,0,0,order,1
1666495819,132196,741,357.0014005574768,1,True,True,1142,False,12964,3994,45861509,174583077,45861866,174583078,0,0,1666063268,432551,distance_to_pickup,BATCH,hungarian,0,0,order,1
1666495819,451,613,115.73245007343446,1,True,True,420,False,12964,3994,45863946,174582310,45863921,174582423,0,0,1666063270,432549,distance_to_pickup,BATCH,hungarian,0,0,order,1
1666495819,338040,1556,1352.423750161169,1,True,True,1556,True,12964,3994,45912447,174526496,45913774,174526235,0,0,1666063272,432547,distance_to_pickup,BATCH,hungarian,0,0,order,1
1666495819,141311,3373,226.00884938426637,1,True,True,1499,False,12964,3994,45866326,174602374,45866328,174602148,0,0,1666063272,432547,distance_to_pickup,BATCH,hungarian,0,0,order,1
1666495819,10146,1844,985.4567468945555,1,True,True,1156,False,12964,3994,45859785,174572002,45859015,174571387,0,0,1666063273,432546,distance_to_pickup,BATCH,hungarian,0,0,order,1
1666495819,168484,1765,2894.2494709336997,1,True,True,3537,False,12964,3994,45887808,174581517,45890282,174583019,0,0,1666063274,432545,distance_to_pickup,BATCH,hungarian,0,0,order,1
1666495819,563826,3382,1181.881973802799,1,True,True,1727,False,12964,3994,45855919,174592858,45854812,174593272,0,0,1666063274,432545,distance_to_pickup,BATCH,hungarian,0,0,order,1
1666495819,147352,4031,6618.545006268371,1,True,True,2586,False,12964,3994,45881725,174512645,45887132,174508828,0,0,1666063275,432544,distance_to_pickup,BATCH,hungarian,0,0,order,1
1666495819,540742,2457,516.8761940735905,1,True,True,415,False,12964,3994,45901824,174570459,45902324,174570590,0,0,1666063275,432544,distance_to_pickup,BATCH,hungarian,0,0,order,1
1666495819,86406,688,405.8780605058618,1,True,True,4895,False,12964,3994,45867017,174556827,45866978,174556423,0,0,1666063275,432544,distance_to_pickup,BATCH,hungarian,0,0,order,1
1666495819,462429,1184,513.0350865194309,1,True,True,29,False,12964,3994,45849895,174566798,45850408,174566792,0,0,1666063276,432543,distance_to_pickup,BATCH,hungarian,0,0,order,1
1666495819,22982,1897,1159.5145535955985,1,True,True,611,False,12964,3994,45862946,174583985,45863141,174585128,0,0,1666063276,432543,distance_to_pickup,BATCH,hungarian,0,0,order,1
1666495819,384851,1354,14130.02140833481,1,True,True,582,False,12964,3994,45869978,174653819,45869739,174667947,0,0,1666063278,432541,distance_to_pickup,BATCH,hungarian,0,0,order,1
1666495819,177506,1245,220.51077071199947,1,True,True,682,False,12964,3994,45872712,174532279,45872527,174532159,0,0,1666063278,432541,distance_to_pickup,BATCH,hungarian,0,0,order,1
1666495819,10156,2891,340.2425605358624,1,True,True,2804,False,12964,3994,45887481,174555696,45887808,174555790,0,0,1666063278,432541,distance_to_pickup,BATCH,hungarian,0,0,order,1
1666495819,493754,3768,2712.9800957618545,1,True,True,2918,False,12964,3994,45903168,174575807,45903649,174573137,0,0,1666063279,432540,distance_to_pickup,BATCH,hungarian,0,0,order,1
1666495819,171557,4242,2284.8216560598335,1,True,True,1581,False,12964,3994,45855384,174572020,45853343,174573047,0,0,1666063282,432537,distance_to_pickup,BATCH,hungarian,0,0,order,1
1666495819,95764,4233,194.48650338776724,1,True,True,2633,False,12964,3994,45858466,174584141,45858650,174584204,0,0,1666063282,432537,distance_to_pickup,BATCH,hungarian,0,0,order,1
1666495819,16525,1286,129.0271289303145,1,True,True,3946,False,12964,3994,45869716,174575286,45869674,174575408,0,0,1666063283,432536,distance_to_pickup,BATCH,hungarian,0,0,order,1
1666495819,538193,1452,2751.987827007961,1,True,True,1064,False,12964,3994,45906263,174574373,45905762,174577079,0,0,1666063284,432535,distance_to_pickup,BATCH,hungarian,0,0,order,1
1666495819,467781,1703,1045.6500370582885,1,True,True,523,False,12964,3994,45858466,174584141,45857536,174583663,0,0,1666063285,432534,distance_to_pickup,BATCH,hungarian,0,0,order,1
1666495819,230518,2181,1550.296100749789,1,True,True,2397,False,12964,3994,45927565,174521517,45926068,174521114,0,0,1666063286,432533,distance_to_pickup,BATCH,hungarian,0,0,order,1
1666495819,324325,2822,1206.0717225770613,1,True,True,487,False,12964,3994,45874736,174577874,45875716,174578577,0,0,1666063286,432533,distance_to_pickup,BATCH,hungarian,0,0,order,1
1666495819,16526,2549,176.70880000724355,1,True,True,3169,False,12964,3994,45859736,174548428,45859591,174548327,0,0,1666063290,432529,distance_to_pickup,BATCH,hungarian,0,0,order,1
1666495819,250909,3296,1193.551423274255,1,True,True,4089,False,12964,3994,45849161,174550781,45850067,174551558,0,0,1666063291,432528,distance_to_pickup,BATCH,hungarian,0,0,order,1
1666495819,64390,2141,793.2950270863923,1,True,True,2503,False,12964,3994,45900944,174525819,45901598,174526268,0,0,1666063292,432527,distance_to_pickup,BATCH,hungarian,0,0,order,1
1666495819,195263,373,1107.0650387398205,1,True,True,1314,False,12964,3994,45901824,174570459,45900717,174570447,0,0,1666063293,432526,distance_to_pickup,BATCH,hungarian,0,0,order,1
1666495819,327064,1113,1201.2743233749734,1,True,True,60,False,12964,3994,45874835,174545439,45874013,174544563,0,0,1666063294,432525,distance_to_pickup,BATCH,hungarian,0,0,order,1
1666495819,129077,4186,1055.5401460863532,1,True,True,1940,False,12964,3994,45867403,174569758,45868354,174570216,0,0,1666063294,432525,distance_to_pickup,BATCH,hungarian,0,0,order,1
1666495819,162464,1069,171.89822570346675,1,True,True,2776,False,12964,3994,45887576,174581297,45887694,174581172,0,0,1666063297,432522,distance_to_pickup,BATCH,hungarian,0,0,order,1
1666495819,488530,483,8039.816726766849,1,True,True,2540,False,12964,3994,45874819,174607415,45876776,174615213,0,0,1666063297,432522,distance_to_pickup,BATCH,hungarian,0,0,order,1
1666495819,329752,2869,1640.74891436807,1,True,True,3769,False,12964,3994,45879701,174546507,45879505,174544878,0,0,1666063298,432521,distance_to_pickup,BATCH,hungarian,0,0,order,1
1666495819,395768,4709,169.49926253526885,1,True,True,3615,False,12964,3994,45860006,174572522,45860145,174572619,0,0,1666063298,432521,distance_to_pickup,BATCH,hungarian,0,0,order,1
1666495819,19801,3965,1337.7122261532934,1,True,True,2728,False,12964,3994,45871272,174543061,45869965,174542776,0,0,1666063299,432520,distance_to_pickup,BATCH,hungarian,0,0,order,1
1666495819,129078,3308,1139.3129508611758,1,True,True,41,False,12964,3994,45884894,174566023,45885947,174566458,0,0,1666063300,432519,distance_to_pickup,BATCH,hungarian,0,0,order,1
1666495819,465056,1240,1309.5972663380144,1,True,True,549,False,12964,3994,45927565,174521517,45928707,174520876,0,0,1666063301,432518,distance_to_pickup,BATCH,hungarian,0,0,order,1
1666495819,195247,785,3810.845837868543,1,True,True,1339,False,12964,3994,45877486,174529889,45873681,174530100,0,0,1666063301,432518,distance_to_pickup,BATCH,hungarian,0,0,order,1
1666495819,245060,1241,4284.616435575068,1,True,True,3591,False,12964,3994,45867334,174556652,45871571,174557289,0,0,1666063302,432517,distance_to_pickup,BATCH,hungarian,0,0,order,1
1666495819,110968,3679,36.87817782917155,1,True,True,56,False,12964,3994,45866079,174600663,45866055,174600635,0,0,1666063306,432513,distance_to_pickup,BATCH,hungarian,0,0,order,1
1666495819,422609,1356,383.80333505585907,1,True,True,1259,False,12964,3994,45876516,174606113,45876140,174606190,0,0,1666063307,432512,distance_to_pickup,BATCH,hungarian,0,0,order,1
1666495819,318787,4856,71.0,1,True,True,1156,False,12964,3994,45860664,174572467,45860593,174572467,0,0,1666063308,432511,distance_to_pickup,BATCH,hungarian,0,0,order,1
1666495819,195260,2180,14395.952278331573,1,True,True,3552,False,12964,3994,45885150,174634595,45899409,174636576,0,0,1666063308,432511,distance_to_pickup,BATCH,hungarian,0,0,order,1
1666495819,446592,4539,46.389654018972806,1,True,True,208,False,12964,3994,45860156,174572564,45860162,174572610,0,0,1666063310,432509,distance_to_pickup,BATCH,hungarian,0,0,order,1
1666495819,279545,2893,600.6146851351539,1,True,True,621,False,12964,3994,45892272,174526214,45891789,174525857,0,0,1666063311,432508,distance_to_pickup,BATCH,hungarian,0,0,order,1
1666495819,236419,516,772.1094482001888,1,True,True,3748,False,12964,3994,45874016,174535366,45873864,174534609,0,0,1666063311,432508,distance_to_pickup,BATCH,hungarian,0,0,order,1
1666495819,80232,2751,127.91403363196706,1,True,True,2856,False,12964,3994,45883480,174592800,45883381,174592719,0,0,1666063311,432508,distance_to_pickup,BATCH,hungarian,0,0,order,1
1666495819,10143,2337,1541.3127521693966,1,True,True,801,False,12964,3994,45883446,174535886,45881908,174535987,0,0,1666063311,432508,distance_to_pickup,BATCH,hungarian,0,0,order,1
1666495819,239296,3830,275.2180953353177,1,True,True,972,False,12964,3994,45869487,174570705,45869299,174570504,0,0,1666063312,432507,distance_to_pickup,BATCH,hungarian,0,0,order,1
1666495819,363092,335,192.7615106809448,1,True,True,2291,False,12964,3994,45879848,174648286,45879954,174648125,0,0,1666063317,432502,distance_to_pickup,BATCH,hungarian,0,0,order,1
1666495819,374133,600,941.5630621471936,1,True,True,516,False,12964,3994,45855857,174553570,45855172,174552924,0,0,1666063319,432500,distance_to_pickup,BATCH,hungarian,0,0,order,1
1666495819,467784,3968,48.91829923454004,1,True,True,934,False,12964,3994,45875329,174574032,45875361,174574069,0,0,1666063319,432500,distance_to_pickup,BATCH,hungarian,0,0,order,1
1666495819,192279,484,27.16615541441225,1,True,True,1193,False,12964,3994,45907630,174567904,45907627,174567931,0,0,1666063321,432498,distance_to_pickup,BATCH,hungarian,0,0,order,1
1666495819,566355,64,907.5064738061101,1,True,True,1156,False,12964,3994,45860664,174572467,45861416,174571959,0,0,1666063323,432496,distance_to_pickup,BATCH,hungarian,0,0,order,1
1666495819,73748,3221,546.3231644365815,1,True,True,434,False,12964,3994,45862134,174526400,45862597,174526690,0,0,1666063323,432496,distance_to_pickup,BATCH,hungarian,0,0,order,1
1666495819,318794,2003,682.432414236018,1,True,True,2882,False,12964,3994,45764594,174563817,45764849,174564450,0,0,1666063324,432495,distance_to_pickup,BATCH,hungarian,0,0,order,1
1666495819,174571,3881,263.6380093992518,1,True,True,451,False,12964,3994,45888295,174571869,45888091,174571702,0,0,1666063325,432494,distance_to_pickup,BATCH,hungarian,0,0,order,1
1666495819,114039,3995,81.25269226308751,1,True,True,2498,False,12964,3994,45863396,174583501,45863377,174583422,0,0,1666063326,432493,distance_to_pickup,BATCH,hungarian,0,0,order,1
1666495819,107907,4096,964.8860036294443,1,True,True,2123,False,12964,3994,45892958,174566355,45892595,174565461,0,0,1666063326,432493,distance_to_pickup,BATCH,hungarian,0,0,order,1
1666495819,480864,2463,97.26767191621273,1,True,True,4376,False,12964,3994,45902763,174586284,45902738,174586378,0,0,1666063327,432492,distance_to_pickup,BATCH,hungarian,0,0,order,1
1666495819,147354,4127,5358.914535612599,1,True,True,3901,False,12964,3994,45819086,174556431,45818987,174551073,0,0,1666063328,432491,distance_to_pickup,BATCH,hungarian,0,0,order,1
1666495819,401263,4468,5817.249951652413,1,True,True,2523,False,12964,3994,45865463,174482601,45866129,174488380,0,0,1666063330,432489,distance_to_pickup,BATCH,hungarian,0,0,order,1
1666495819,35739,415,1054.340552193645,1,True,True,1087,False,12964,3994,45896231,174555803,45896478,174556828,0,0,1666063331,432488,distance_to_pickup,BATCH,hungarian,0,0,order,1
1666495819,346406,3516,1956.9427687083748,1,True,True,1785,False,12964,3994,45867835,174566940,45869670,174567620,0,0,1666063332,432487,distance_to_pickup,BATCH,hungarian,0,0,order,1
1666495819,253729,430,167.2423391369542,1,True,True,3684,False,12964,3994,45883513,174582364,45883680,174582373,0,0,1666063332,432487,distance_to_pickup,BATCH,hungarian,0,0,order,1
1666495819,270861,3058,2683.271510674982,1,True,True,471,False,12964,3994,45879721,174647791,45879376,174645130,0,0,1666063332,432487,distance_to_pickup,BATCH,hungarian,0,0,order,1
1666495819,207054,318,1982.6267929189296,1,True,True,4269,False,12964,3994,45851434,174605726,45850194,174604179,0,0,1666063332,432487,distance_to_pickup,BATCH,hungarian,0,0,order,1
1666495819,144364,940,851.2678779326752,1,True,True,254,False,12964,3994,45877540,174579160,45876696,174579049,0,0,1666063335,432484,distance_to_pickup,BATCH,hungarian,0,0,order,1
1666495819,13317,2804,162.1141573089778,1,True,True,423,False,12964,3994,45886610,174551440,45886490,174551549,0,0,1666063336,432483,distance_to_pickup,BATCH,hungarian,0,0,order,1
1666495819,387658,636,2331.983919327061,1,True,True,64,False,12964,3994,45871068,174595314,45871323,174592996,0,0,1666063336,432483,distance_to_pickup,BATCH,hungarian,0,0,order,1
1666495819,107900,748,43.04648650006177,1,True,True,3948,False,12964,3994,45895872,174555845,45895915,174555847,0,0,1666063337,432482,distance_to_pickup,BATCH,hungarian,0,0,order,1
1666495819,38891,3354,43.32435804486894,1,True,True,496,False,12964,3994,45860664,174572467,45860623,174572453,0,0,1666063338,432481,distance_to_pickup,BATCH,hungarian,0,0,order,1
1666495819,6869,2664,258.42793966597344,1,True,True,3427,False,12964,3994,45874736,174577874,45874812,174578121,0,0,1666063342,432477,distance_to_pickup,BATCH,hungarian,0,0,order,1
1666495819,485988,48,4844.751799628129,1,True,True,2566,False,12964,3994,45891238,174600888,45886670,174602502,0,0,1666063342,432477,distance_to_pickup,BATCH,hungarian,0,0,order,1
1666495819,141302,2042,333.2041416309227,1,True,True,149,False,12964,3994,45905850,174529930,45906003,174529634,0,0,1666063342,432477,distance_to_pickup,BATCH,hungarian,0,0,order,1
1666495819,250915,2218,1115.557259848189,1,True,True,3965,False,12964,3994,45873444,174547688,45873962,174548676,0,0,1666063343,432476,distance_to_pickup,BATCH,hungarian,0,0,order,1
1666495819,346407,3360,1335.1591665415776,1,True,True,122,False,12964,3994,45889913,174596658,45891144,174597175,0,0,1666063347,432472,distance_to_pickup,BATCH,hungarian,0,0,order,1
1666495819,32507,2862,289.25421345245775,1,True,True,987,False,12964,3994,45905690,174525746,45905832,174525494,0,0,1666063347,432472,distance_to_pickup,BATCH,hungarian,0,0,order,1
1666495819,107902,3886,2649.954339229263,1,True,True,1354,False,12964,3994,45879721,174647791,45879344,174645168,0,0,1666063349,432470,distance_to_pickup,BATCH,hungarian,0,0,order,1
1666495819,13316,296,1034.1760004950802,1,True,True,487,False,12964,3994,45871711,174571755,45870759,174572159,0,0,1666063351,432468,distance_to_pickup,BATCH,hungarian,0,0,order,1
1666495819,349145,1599,2231.328079866338,1,True,True,1906,False,12964,3994,45873528,174606238,45872661,174604182,0,0,1666063354,432465,distance_to_pickup,BATCH,hungarian,0,0,order,1
1666495819,268017,1930,2689.9630108981055,1,True,True,2355,False,12964,3994,45855750,174541130,45853140,174541781,0,0,1666063355,432464,distance_to_pickup,BATCH,hungarian,0,0,order,1
1666495819,138208,2060,962.6801130178186,1,True,True,1367,False,12964,3994,45899814,174566664,45899261,174567452,0,0,1666063360,432459,distance_to_pickup,BATCH,hungarian,0,0,order,1
1666495819,10151,3637,533.2541607901433,1,True,True,1889,False,12964,3994,45875560,174633370,45875702,174633884,0,0,1666063362,432457,distance_to_pickup,BATCH,hungarian,0,0,order,1
1666495819,346408,1915,130.41855696180662,1,True,True,1377,False,12964,3994,45885886,174563236,45885758,174563261,0,0,1666063364,432455,distance_to_pickup,BATCH,hungarian,0,0,order,1
1666495819,441314,3713,167.4305826305338,1,True,True,838,False,12964,3994,45859352,174579486,45859455,174579618,0,0,1666063364,432455,distance_to_pickup,BATCH,hungarian,0,0,order,1
1666495819,120023,1852,667.1401651826998,1,True,True,2237,False,12964,3994,45873015,174626148,45873589,174625808,0,0,1666063365,432454,distance_to_pickup,BATCH,hungarian,0,0,order,1
1666495819,67550,2820,271.15493725912495,1,True,True,3039,False,12964,3994,45907630,174567904,45907893,174567838,0,0,1666063365,432454,distance_to_pickup,BATCH,hungarian,0,0,order,1
1666495819,221895,2686,231.82105167564055,1,True,True,611,False,12964,3994,45862946,174583985,45862876,174584206,0,0,1666063369,432450,distance_to_pickup,BATCH,hungarian,0,0,order,1
1666495819,454557,3089,2254.191651124633,1,True,True,425,False,12964,3994,45907759,174546285,45905847,174547479,0,0,1666063370,432449,distance_to_pickup,BATCH,hungarian,0,0,order,1
1666495819,126050,232,595.1688835952364,1,True,True,275,False,12964,3994,45882640,174597842,45882865,174598393,0,0,1666063372,432447,distance_to_pickup,BATCH,hungarian,0,0,order,1
1666495819,13328,1986,3792.706289709236,1,True,True,2189,False,12964,3994,45868994,174597121,45871308,174600126,0,0,1666063372,432447,distance_to_pickup,BATCH,hungarian,0,0,order,1
1666495819,180584,1948,1134.829062017712,1,True,True,2703,False,12964,3994,45907759,174546285,45908458,174545391,0,0,1666063374,432445,distance_to_pickup,BATCH,hungarian,0,0,order,1
1666495819,430562,4687,377.41356626385334,1,True,True,2484,False,12964,3994,45889332,174534851,45889103,174534551,0,0,1666063374,432445,distance_to_pickup,BATCH,hungarian,0,0,order,1
1666495819,470332,4044,167.3349933516597,1,True,True,1042,False,12964,3994,45890505,174528240,45890554,174528080,0,0,1666063374,432445,distance_to_pickup,BATCH,hungarian,0,0,order,1
1666495819,132207,1173,3494.752924027677,1,True,True,2728,False,12964,3994,45871272,174543061,45873615,174540468,0,0,1666063374,432445,distance_to_pickup,BATCH,hungarian,0,0,order,1
1666495819,525026,4707,3305.612348718464,1,True,True,1605,False,12964,3994,45849895,174566798,45851487,174563901,0,0,1666063374,432445,distance_to_pickup,BATCH,hungarian,0,0,order,1
1666495819,92642,2674,768.5863646982036,1,True,True,1315,False,12964,3994,45854334,174566846,45854271,174567612,0,0,1666063376,432443,distance_to_pickup,BATCH,hungarian,0,0,order,1
1666495819,458,3275,4161.752755750875,1,True,True,425,False,12964,3994,45907759,174546285,45911378,174544230,0,0,1666063376,432443,distance_to_pickup,BATCH,hungarian,0,0,order,1
1666495819,3610,1159,686.5602668375152,1,True,True,3946,False,12964,3994,45869716,174575286,45870062,174575879,0,0,1666063377,432442,distance_to_pickup,BATCH,hungarian,0,0,order,1
1666495819,153421,593,11112.480596158537,1,True,True,1193,False,12964,3994,45907630,174567904,45918619,174569556,0,0,1666063377,432442,distance_to_pickup,BATCH,hungarian,0,0,order,1
1666495819,80247,364,1794.6244732533878,1,True,True,545,False,12964,3994,45856156,174586786,45854827,174585580,0,0,1666063378,432441,distance_to_pickup,BATCH,hungarian,0,0,order,1
1666495819,512062,2493,204.74862636901864,1,True,True,2050,False,12964,3994,45920509,174542823,45920350,174542952,0,0,1666063379,432440,distance_to_pickup,BATCH,hungarian,0,0,order,1
1666495819,186449,634,1684.0371136052793,1,True,True,4108,False,12964,3994,45894745,174555643,45893611,174556888,0,0,1666063380,432439,distance_to_pickup,BATCH,hungarian,0,0,order,1
1666495819,19793,1783,573.5817291371824,1,True,True,1603,False,12964,3994,45830737,174561329,45830801,174560759,0,0,1666063380,432439,distance_to_pickup,BATCH,hungarian,0,0,order,1
1666495819,379491,542,2281.4506350127326,1,True,True,154,False,12964,3994,45890841,174529501,45890165,174531680,0,0,1666063382,432437,distance_to_pickup,BATCH,hungarian,0,0,order,1
1666495819,475608,3937,73.43023900274328,1,True,True,1301,False,12964,3994,45892890,174567149,45892826,174567185,0,0,1666063383,432436,distance_to_pickup,BATCH,hungarian,0,0,order,1
1666495819,296354,2691,276.0036231646244,1,True,True,2484,False,12964,3994,45887492,174535687,45887649,174535914,0,0,1666063383,432436,distance_to_pickup,BATCH,hungarian,0,0,order,1
1666495819,290712,3523,2728.8021181463487,1,True,True,3298,False,12964,3994,45856318,174574158,45853598,174574377,0,0,1666063383,432436,distance_to_pickup,BATCH,hungarian,0,0,order,1
1666495819,387652,1126,571.9877621068479,1,True,True,2799,False,12964,3994,45895293,174577615,45895550,174578126,0,0,1666063384,432435,distance_to_pickup,BATCH,hungarian,0,0,order,1
1666495819,123032,2598,2772.946627686873,1,True,True,2998,False,12964,3994,45877817,174635740,45876280,174638048,0,0,1666063386,432433,distance_to_pickup,BATCH,hungarian,0,0,order,1
1666495819,6868,2562,322.8513589873829,1,True,True,2032,False,12964,3994,45857590,174582796,45857902,174582879,0,0,1666063386,432433,distance_to_pickup,BATCH,hungarian,0,0,order,1
1666495819,250916,1962,2006.0638075594704,1,True,True,3125,False,12964,3994,45882191,174564363,45882537,174562387,0,0,1666063387,432432,distance_to_pickup,BATCH,hungarian,0,0,order,1
1666495819,527609,2232,522.7666783566068,1,True,True,863,False,12964,3994,45851052,174551377,45850893,174551875,0,0,1666063388,432431,distance_to_pickup,BATCH,hungarian,0,0,order,1
1666495819,338045,3686,302.3177136722227,1,True,True,1693,False,12964,3994,45862946,174583985,45863082,174584255,0,0,1666063390,432429,distance_to_pickup,BATCH,hungarian,0,0,order,1
1666495819,338046,2998,523.3096597617896,1,True,True,3328,False,12964,3994,45878269,174600078,45878251,174600601,0,0,1666063391,432428,distance_to_pickup,BATCH,hungarian,0,0,order,1
1666495819,446597,3531,659.840132153236,1,True,True,748,False,12964,3994,45902093,174580095,45902610,174579685,0,0,1666063391,432428,distance_to_pickup,BATCH,hungarian,0,0,order,1
1666495819,530286,4159,536.9478559413382,1,True,True,432,False,12964,3994,45879721,174647791,45880158,174647479,0,0,1666063392,432427,distance_to_pickup,BATCH,hungarian,0,0,order,1
1666495819,6870,2508,342.70687183072357,1,True,True,660,False,12964,3994,45886081,174590587,45885779,174590425,0,0,1666063393,432426,distance_to_pickup,BATCH,hungarian,0,0,order,1
1666495819,393094,1954,602.5885826996724,1,True,True,426,False,12964,3994,45858319,174577805,45858036,174578337,0,0,1666063393,432426,distance_to_pickup,BATCH,hungarian,0,0,order,1
1666495819,296362,3051,259.4937378820537,1,True,True,1049,False,12964,3994,45880041,174634830,45880300,174634846,0,0,1666063395,432424,distance_to_pickup,BATCH,hungarian,0,0,order,1
1666495819,467780,1445,1838.1256757904232,1,True,True,2694,False,12964,3994,45838980,174580650,45837489,174581725,0,0,1666063399,432420,distance_to_pickup,BATCH,hungarian,0,0,order,1
1666495819,550999,1061,127.31457104353767,1,True,True,3731,False,12964,3994,45885675,174551319,45885747,174551424,0,0,1666063399,432420,distance_to_pickup,BATCH,hungarian,0,0,order,1
1666495819,379486,4421,3169.8182913220753,1,True,True,2967,False,12964,3994,45842814,174559323,45845952,174559771,0,0,1666063400,432419,distance_to_pickup,BATCH,hungarian,0,0,order,1
1666495819,522414,1955,502.6658930144356,1,True,True,1631,False,12964,3994,45856330,174579593,45856762,174579336,0,0,1666063402,432417,distance_to_pickup,BATCH,hungarian,0,0,order,1
1666495819,335299,629,413.6326872963499,1,True,True,31,False,12964,3994,46053244,174941567,46052910,174941323,0,0,1666063403,432416,distance_to_pickup,BATCH,hungarian,0,0,order,1
1666495819,147357,3339,80.8084154033477,1,True,True,3729,False,12964,3994,45880388,174529896,45880335,174529835,0,0,1666063404,432415,distance_to_pickup,BATCH,hungarian,0,0,order,1
1666495819,10150,3771,124.45481107614924,1,True,True,2364,False,12964,3994,45874747,174650084,45874867,174650051,0,0,1666063404,432415,distance_to_pickup,BATCH,hungarian,0,0,order,1
1666495819,138209,381,3102.995327099285,1,True,True,2189,False,12964,3994,45868994,174597121,45871258,174599243,0,0,1666063404,432415,distance_to_pickup,BATCH,hungarian,0,0,order,1
1666495819,29345,88,602.1627686929838,1,True,True,2568,False,12964,3994,45867140,174551189,45866958,174550615,0,0,1666063407,432412,distance_to_pickup,BATCH,hungarian,0,0,order,1
1666495819,318800,189,3343.3571451461776,1,True,True,857,False,12964,3994,45851434,174605726,45848113,174605340,0,0,1666063411,432408,distance_to_pickup,BATCH,hungarian,0,0,order,1
1666495819,89509,1857,2352.0520827566725,1,True,True,1225,False,12964,3994,45904790,174525480,45904608,174523135,0,0,1666063412,432407,distance_to_pickup,BATCH,hungarian,0,0,order,1
1666495819,371393,1220,1526.5061414878094,1,True,True,384,False,12964,3994,45856303,174570803,45857817,174570608,0,0,1666063414,432405,distance_to_pickup,BATCH,hungarian,0,0,order,1
1666495819,514650,4293,211.12318678913502,1,True,True,3000,False,12964,3994,45898016,174539265,45898074,174539062,0,0,1666063414,432405,distance_to_pickup,BATCH,hungarian,0,0,order,1
1666495819,406617,4048,997.7098776698565,1,True,True,877,False,12964,3994,45862946,174583985,45863266,174584930,0,0,1666063416,432403,distance_to_pickup,BATCH,hungarian,0,0,order,1
1666495819,545850,2754,287.43347056318964,1,True,True,3625,False,12964,3994,45885010,174520190,45885203,174520403,0,0,1666063418,432401,distance_to_pickup,BATCH,hungarian,0,0,order,1
1666495819,138207,2848,497.32584891597986,1,True,True,2206,False,12964,3994,45864552,174564010,45864334,174564457,0,0,1666063418,432401,distance_to_pickup,BATCH,hungarian,0,0,order,1
1666495819,156387,3372,570.2718649907252,1,True,True,273,False,12964,3994,45876516,174606113,45876099,174606502,0,0,1666063420,432399,distance_to_pickup,BATCH,hungarian,0,0,order,1
1666495819,307644,324,165.72265988693277,1,True,True,750,False,12964,3994,45879039,174649978,45879089,174649820,0,0,1666063420,432399,distance_to_pickup,BATCH,hungarian,0,0,order,1
1666495819,501533,244,408.3968658057992,1,True,True,3494,False,12964,3994,45850078,174549408,45850006,174549810,0,0,1666063421,432398,distance_to_pickup,BATCH,hungarian,0,0,order,1
1666495819,296355,680,1464.0262975780183,1,True,True,1525,False,12964,3994,45868424,174540142,45868347,174541604,0,0,1666063422,432397,distance_to_pickup,BATCH,hungarian,0,0,order,1
1666495819,343709,2518,929.9946236403736,1,True,True,2612,False,12964,3994,45895612,174555834,45895655,174556763,0,0,1666063423,432396,distance_to_pickup,BATCH,hungarian,0,0,order,1
1666495819,83299,3858,2335.4400013701916,1,True,True,1315,False,12964,3994,45862744,174564558,45862266,174566844,0,0,1666063424,432395,distance_to_pickup,BATCH,hungarian,0,0,order,1
1666495819,480866,2540,725.0744789330266,1,True,True,1762,False,12964,3994,45885150,174634595,45885792,174634932,0,0,1666063425,432394,distance_to_pickup,BATCH,hungarian,0,0,order,1
1666495819,42155,759,170.49633427144408,1,True,True,1199,False,12964,3994,45872490,174545997,45872327,174545947,0,0,1666063426,432393,distance_to_pickup,BATCH,hungarian,0,0,order,1
1666495819,472991,564,426.31091940038317,1,True,True,2854,False,12964,3994,45911550,174525433,45911921,174525223,0,0,1666063427,432392,distance_to_pickup,BATCH,hungarian,0,0,order,1
1666495819,10153,4553,1051.3572180757594,1,True,True,1292,False,12964,3994,45857292,174567241,45856246,174567347,0,0,1666063428,432391,distance_to_pickup,BATCH,hungarian,0,0,order,1
1666495819,296356,856,314.38193332314756,1,True,True,801,False,12964,3994,45888941,174525234,45889241,174525328,0,0,1666063430,432389,distance_to_pickup,BATCH,hungarian,0,0,order,1
1666495819,42157,4576,773.0355748605623,1,True,True,487,False,12964,3994,45871989,174587756,45871261,174588016,0,0,1666063430,432389,distance_to_pickup,BATCH,hungarian,0,0,order,1
1666495819,95771,3245,2791.757152762396,1,True,True,3911,False,12964,3994,45896370,174524880,45893702,174524058,0,0,1666063433,432386,distance_to_pickup,BATCH,hungarian,0,0,order,1
1666495819,242210,1931,544.4777314087327,1,True,True,1556,False,12964,3994,45909143,174526110,45909573,174525776,0,0,1666063434,432385,distance_to_pickup,BATCH,hungarian,0,0,order,1
1666495819,248054,725,97.41663102366043,1,True,True,1378,False,12964,3994,45883232,174592571,45883181,174592654,0,0,1666063434,432385,distance_to_pickup,BATCH,hungarian,0,0,order,1
1666495819,174577,2217,215.7127719909046,1,True,True,3178,False,12964,3994,45903350,174577040,45903144,174576976,0,0,1666063436,432383,distance_to_pickup,BATCH,hungarian,0,0,order,1
1666495819,250928,2944,912.3710867843193,1,True,True,3012,False,12964,3994,45865723,174573423,45864812,174573473,0,0,1666063437,432382,distance_to_pickup,BATCH,hungarian,0,0,order,1
1666495819,273711,2365,2382.423346091118,1,True,True,1317,False,12964,3994,45830371,174573974,45830786,174576320,0,0,1666063438,432381,distance_to_pickup,BATCH,hungarian,0,0,order,1
1666495819,183557,311,972.0298349330642,1,True,True,1792,False,12964,3994,45776846,174561217,45775935,174560878,0,0,1666063443,432376,distance_to_pickup,BATCH,hungarian,0,0,order,1
1666495819,354761,4635,47.43416490252569,1,True,True,389,False,12964,3994,45871225,174595752,45871186,174595725,0,0,1666063445,432374,distance_to_pickup,BATCH,hungarian,0,0,order,1
1666495819,430564,191,952.1228912278078,1,True,True,1362,False,12964,3994,45895743,174547743,45895320,174548596,0,0,1666063446,432373,distance_to_pickup,BATCH,hungarian,0,0,order,1
1666495819,354762,1382,211.68136431911054,1,True,True,2557,False,12964,3994,45905850,174529930,45906053,174529990,0,0,1666063447,432372,distance_to_pickup,BATCH,hungarian,0,0,order,1
1666495819,183555,3961,5788.411267351345,1,True,True,2231,False,12964,3994,45859694,174510976,45853906,174510907,0,0,1666063447,432372,distance_to_pickup,BATCH,hungarian,0,0,order,1
1666495819,86396,2709,8777.689958069834,1,True,True,4675,False,12964,3994,45927565,174521517,45934965,174516796,0,0,1666063448,432371,distance_to_pickup,BATCH,hungarian,0,0,order,1
1666495819,248059,3040,65.80273550544841,1,True,True,4207,False,12964,3994,45865184,174556784,45865121,174556765,0,0,1666063448,432371,distance_to_pickup,BATCH,hungarian,0,0,order,1
1666495819,313333,659,88.23264701911646,1,True,True,1288,False,12964,3994,45762760,174566324,45762811,174566396,0,0,1666063449,432370,distance_to_pickup,BATCH,hungarian,0,0,order,1
1666495819,171558,3494,808.4757262899116,1,True,True,1870,False,12964,3994,45871107,174543976,45870724,174544688,0,0,1666063451,432368,distance_to_pickup,BATCH,hungarian,0,0,order,1
1666495819,86397,2613,505.9377432056241,1,True,True,1958,False,12964,3994,45852183,174556342,45852246,174555840,0,0,1666063452,432367,distance_to_pickup,BATCH,hungarian,0,0,order,1
1666495819,104950,329,179.17868176767013,1,True,True,1794,False,12964,3994,45875568,174632418,45875560,174632597,0,0,1666063452,432367,distance_to_pickup,BATCH,hungarian,0,0,order,1
1666495819,411989,941,942.3868632361128,1,True,True,2388,False,12964,3994,45900759,174587987,45900546,174588905,0,0,1666063454,432365,distance_to_pickup,BATCH,hungarian,0,0,order,1
1666495819,165569,1601,2261.249654505225,1,True,True,2397,False,12964,3994,45927565,174521517,45929720,174520832,0,0,1666063454,432365,distance_to_pickup,BATCH,hungarian,0,0,order,1
1666495819,395771,667,755.8438992278762,1,True,True,3457,False,12964,3994,45769889,174573428,45770569,174573758,0,0,1666063456,432363,distance_to_pickup,BATCH,hungarian,0,0,order,1
1666495819,401266,3487,669.295151633418,1,True,True,618,False,12964,3994,45885327,174536696,45885643,174537286,0,0,1666063456,432363,distance_to_pickup,BATCH,hungarian,0,0,order,1
1666495819,321593,1676,340.6024075076393,1,True,True,3439,False,12964,3994,45878269,174600078,45878302,174600417,0,0,1666063456,432363,distance_to_pickup,BATCH,hungarian,0,0,order,1
1666495819,92644,418,707.5485849042453,1,True,True,276,False,12964,3994,45848717,174584003,45848909,174584684,0,0,1666063457,432362,distance_to_pickup,BATCH,hungarian,0,0,order,1
1666495819,365905,3032,692.5445834023973,1,True,True,1562,False,12964,3994,45846011,174552089,45846658,174551842,0,0,1666063457,432362,distance_to_pickup,BATCH,hungarian,0,0,order,1
1666495819,530290,2975,627.1594693536883,1,True,True,1963,False,12964,3994,45905654,174548445,45905029,174548497,0,0,1666063458,432361,distance_to_pickup,BATCH,hungarian,0,0,order,1
1666495819,55011,750,91.4166286842826,1,True,True,1772,False,12964,3994,45874673,174648146,45874627,174648067,0,0,1666063458,432361,distance_to_pickup,BATCH,hungarian,0,0,order,1
1666495819,55004,1726,401.6179776852625,1,True,True,2977,False,12964,3994,45877696,174531930,45878015,174531686,0,0,1666063459,432360,distance_to_pickup,BATCH,hungarian,0,0,order,1
1666495819,230522,2821,1155.692433132622,1,True,True,1380,False,12964,3994,45867334,174556652,45868401,174557096,0,0,1666063459,432360,distance_to_pickup,BATCH,hungarian,0,0,order,1
1666495819,189406,3614,3094.6374585724902,1,True,True,2701,False,12964,3994,45821950,174527737,45821800,174530828,0,0,1666063459,432360,distance_to_pickup,BATCH,hungarian,0,0,order,1
1666495819,558723,2201,1010.9648856414351,1,True,True,219,False,12964,3994,45868424,174540142,45868487,174541151,0,0,1666063459,432360,distance_to_pickup,BATCH,hungarian,0,0,order,1
1666495819,192271,3690,1390.9439241033408,1,True,True,1199,False,12964,3994,45881004,174511537,45881546,174510256,0,0,1666063460,432359,distance_to_pickup,BATCH,hungarian,0,0,order,1
1666495819,417303,328,641.8263004894704,1,True,True,1454,False,12964,3994,45856330,174579593,45855705,174579447,0,0,1666063460,432359,distance_to_pickup,BATCH,hungarian,0,0,order,1
1666495819,435983,2355,2386.0033528895133,1,True,True,2897,False,12964,3994,45861610,174531528,45861606,174529142,0,0,1666063460,432359,distance_to_pickup,BATCH,hungarian,0,0,order,1
1666495819,19795,2128,127.22421153223941,1,True,True,1318,False,12964,3994,45864228,174536685,45864347,174536730,0,0,1666063461,432358,distance_to_pickup,BATCH,hungarian,0,0,order,1
1666495819,548437,543,258.6426105652354,1,True,True,1315,False,12964,3994,45857330,174567860,45857166,174567660,0,0,1666063461,432358,distance_to_pickup,BATCH,hungarian,0,0,order,1
1666495819,67546,2933,564.7831442244005,1,True,True,3615,False,12964,3994,45858951,174566601,45859007,174566039,0,0,1666063461,432358,distance_to_pickup,BATCH,hungarian,0,0,order,1
1666495819,427872,3689,1611.7630098745908,1,True,True,1190,False,12964,3994,45866511,174563245,45867163,174561771,0,0,1666063461,432358,distance_to_pickup,BATCH,hungarian,0,0,order,1
1666495819,401265,1021,7029.442652159558,1,True,True,322,False,12964,3994,45820098,174521905,45816708,174515747,0,0,1666063461,432358,distance_to_pickup,BATCH,hungarian,0,0,order,1
1666495819,299135,3134,1486.0689755189696,1,True,True,1868,False,12964,3994,45903274,174552989,45904634,174552390,0,0,1666063461,432358,distance_to_pickup,BATCH,hungarian,0,0,order,1
1666495819,73752,2473,2112.933979091633,1,True,True,1705,False,12964,3994,45874202,174647525,45872183,174646902,0,0,1666063463,432356,distance_to_pickup,BATCH,hungarian,0,0,order,1
1666495819,73753,2359,511.2582517671475,1,True,True,368,False,12964,3994,45861334,174558423,45861518,174558900,0,0,1666063463,432356,distance_to_pickup,BATCH,hungarian,0,0,order,1
1666495819,545855,852,1117.939622698829,1,True,True,4258,False,12964,3994,45877839,174533529,45877706,174534639,0,0,1666063463,432356,distance_to_pickup,BATCH,hungarian,0,0,order,1
1666495819,384853,3195,954.706761262326,1,True,True,757,False,12964,3994,45910280,174530820,45909688,174530071,0,0,1666063463,432356,distance_to_pickup,BATCH,hungarian,0,0,order,1
1666495819,553529,3569,3693.0989697001082,1,True,True,3163,False,12964,3994,45871272,174543061,45873640,174540227,0,0,1666063463,432356,distance_to_pickup,BATCH,hungarian,0,0,order,1
1666495819,104949,1891,703.4912934784624,1,True,True,297,False,12964,3994,45861334,174558423,45862034,174558493,0,0,1666063464,432355,distance_to_pickup,BATCH,hungarian,0,0,order,1
1666495819,236416,261,583.0308739680944,1,True,True,1067,False,12964,3994,46052380,174934080,46052211,174934638,0,0,1666063464,432355,distance_to_pickup,BATCH,hungarian,0,0,order,1
1666495819,504220,3731,2032.1269645374032,1,True,True,1404,False,12964,3994,45885075,174565745,45886853,174566729,0,0,1666063465,432354,distance_to_pickup,BATCH,hungarian,0,0,order,1
1666495819,51854,74,167.14664220378464,1,True,True,2498,False,12964,3994,45859277,174579627,45859444,174579634,0,0,1666063465,432354,distance_to_pickup,BATCH,hungarian,0,0,order,1
1666495819,147359,1711,159.66214329013624,1,True,True,2062,False,12964,3994,45851956,174556426,45851990,174556582,0,0,1666063465,432354,distance_to_pickup,BATCH,hungarian,0,0,order,1
1666495819,273705,1115,1578.0956878465893,1,True,True,3476,False,12964,3994,45856330,174579593,45856061,174578038,0,0,1666063465,432354,distance_to_pickup,BATCH,hungarian,0,0,order,1
1666495819,485992,1816,41.23105625617661,1,True,True,2395,False,12964,3994,46051681,174941750,46051641,174941740,0,0,1666063466,432353,distance_to_pickup,BATCH,hungarian,0,0,order,1
1666495819,512064,2739,1597.786594010602,1,True,True,782,False,12964,3994,45894297,174589367,45892716,174589136,0,0,1666063466,432353,distance_to_pickup,BATCH,hungarian,0,0,order,1
1666495819,19796,2370,193.62076334938874,1,True,True,1951,False,12964,3994,45871310,174544013,45871285,174543821,0,0,1666063466,432353,distance_to_pickup,BATCH,hungarian,0,0,order,1
1666495819,221898,4837,1992.9016533687757,1,True,True,1877,False,12964,3994,45863248,174541890,45863664,174543839,0,0,1666063467,432352,distance_to_pickup,BATCH,hungarian,0,0,order,1
1666495819,276588,99,1281.7768916625078,1,True,True,3260,False,12964,3994,45868089,174544241,45868463,174543015,0,0,1666063467,432352,distance_to_pickup,BATCH,hungarian,0,0,order,1
1666495819,61223,1529,94.64142856064674,1,True,True,3302,False,12964,3994,45867290,174556705,45867199,174556679,0,0,1666063467,432352,distance_to_pickup,BATCH,hungarian,0,0,order,1
1666495819,236414,2087,650.246107254784,1,True,True,2107,False,12964,3994,46065360,174941677,46065846,174942109,0,0,1666063467,432352,distance_to_pickup,BATCH,hungarian,0,0,order,1
1666495819,168483,3215,2704.4498516334147,1,True,True,451,False,12964,3994,45893081,174584158,45890688,174582898,0,0,1666063467,432352,distance_to_pickup,BATCH,hungarian,0,0,order,1
1666495819,435981,1620,1015.3920425136293,1,True,True,3090,False,12964,3994,45885891,174555900,45886121,174554911,0,0,1666063468,432351,distance_to_pickup,BATCH,hungarian,0,0,order,1
1666495819,153416,1486,269.31394319641157,1,True,True,1593,False,12964,3994,45905669,174544560,45905656,174544291,0,0,1666063469,432350,distance_to_pickup,BATCH,hungarian,0,0,order,1
1666495819,156388,1037,135.29966740535616,1,True,True,2358,False,12964,3994,45839765,174551620,45839756,174551485,0,0,1666063469,432350,distance_to_pickup,BATCH,hungarian,0,0,order,1
1666495819,527615,738,13230.292702733375,1,True,True,3552,False,12964,3994,45885150,174634595,45898052,174637524,0,0,1666063469,432350,distance_to_pickup,BATCH,hungarian,0,0,order,1
1666495819,354766,2409,8740.623318734197,1,True,True,1993,False,12964,3994,45836666,174540849,45844230,174536469,0,0,1666063470,432349,distance_to_pickup,BATCH,hungarian,0,0,order,1
1666495819,144366,2568,4464.1426948519465,1,True,True,289,False,12964,3994,45839765,174551620,45839664,174556083,0,0,1666063471,432348,distance_to_pickup,BATCH,hungarian,0,0,order,1
1666495819,462431,461,1420.6241586007186,1,True,True,1281,False,12964,3994,45897513,174590710,45897255,174592107,0,0,1666063472,432347,distance_to_pickup,BATCH,hungarian,0,0,order,1
1666495819,313329,2233,460.7168327725828,1,True,True,1396,False,12964,3994,45885546,174539618,45885138,174539404,0,0,1666063472,432347,distance_to_pickup,BATCH,hungarian,0,0,order,1
1666495819,195254,592,118.18629362155326,1,True,True,1054,False,12964,3994,46053609,174946500,46053561,174946392,0,0,1666063472,432347,distance_to_pickup,BATCH,hungarian,0,0,order,1
1666495819,409309,424,2822.008681772613,1,True,True,2360,False,12964,3994,45857448,174593441,45854626,174593448,0,0,1666063472,432347,distance_to_pickup,BATCH,hungarian,0,0,order,1
1666495819,153418,4204,764.0320673898445,1,True,True,2854,False,12964,3994,45911550,174525433,45910789,174525365,0,0,1666063472,432347,distance_to_pickup,BATCH,hungarian,0,0,order,1
1666495819,382157,23,940.1494562036399,1,True,True,2384,False,12964,3994,46052240,174936640,46052024,174937555,0,0,1666063472,432347,distance_to_pickup,BATCH,hungarian,0,0,order,1
1666495819,403967,2589,92.43916918709297,1,True,True,1246,False,12964,3994,45853618,174528210,45853609,174528302,0,0,1666063472,432347,distance_to_pickup,BATCH,hungarian,0,0,order,1
1666495819,236412,1256,1021.0044074341697,1,True,True,1209,False,12964,3994,45868670,174545730,45868667,174544709,0,0,1666063473,432346,distance_to_pickup,BATCH,hungarian,0,0,order,1
1666495819,224739,2671,1081.8364016800322,1,True,True,1362,False,12964,3994,45892850,174547740,45891787,174547941,0,0,1666063473,432346,distance_to_pickup,BATCH,hungarian,0,0,order,1
1666495819,144367,2173,106.23088063270491,1,True,True,451,False,12964,3994,45887469,174577555,45887575,174577562,0,0,1666063473,432346,distance_to_pickup,BATCH,hungarian,0,0,order,1
1666495819,514649,3728,271.6210595664482,1,True,True,57,False,12964,3994,45865296,174536889,45865409,174536642,0,0,1666063473,432346,distance_to_pickup,BATCH,hungarian,0,0,order,1
1666495819,290717,968,292.8975930252756,1,True,True,1889,False,12964,3994,45880151,174634388,45880316,174634630,0,0,1666063473,432346,distance_to_pickup,BATCH,hungarian,0,0,order,1
1666495819,485993,1266,605.6153895006302,1,True,True,2851,False,12964,3994,45898418,174584604,45899005,174584455,0,0,1666063473,432346,distance_to_pickup,BATCH,hungarian,0,0,order,1
1666495819,168481,3049,175.0028571195339,1,True,True,2531,False,12964,3994,45879690,174648000,45879865,174648001,0,0,1666063473,432346,distance_to_pickup,BATCH,hungarian,0,0,order,1
1666495819,335297,1223,730.5785378725548,1,True,True,342,False,12964,3994,46052393,174932299,46052561,174931588,0,0,1666063474,432345,distance_to_pickup,BATCH,hungarian,0,0,order,1
1666495819,135226,199,4845.700465361019,1,True,True,3731,False,12964,3994,45882550,174555124,45878172,174557201,0,0,1666063474,432345,distance_to_pickup,BATCH,hungarian,0,0,order,1
1666495819,168482,879,445.1842315266793,1,True,True,2088,False,12964,3994,45851491,174554617,45851776,174554959,0,0,1666063474,432345,distance_to_pickup,BATCH,hungarian,0,0,order,1
1666495819,279541,4349,2974.8144479950342,1,True,True,438,False,12964,3994,45863156,174539190,45865056,174541479,0,0,1666063474,432345,distance_to_pickup,BATCH,hungarian,0,0,order,1
1666495819,171562,4261,66.57326790837296,1,True,True,770,False,12964,3994,45921142,174542028,45921198,174542064,0,0,1666063474,432345,distance_to_pickup,BATCH,hungarian,0,0,order,1
1666495819,159383,2826,148.12157169028418,1,True,True,446,False,12964,3994,45779719,174562941,45779725,174563089,0,0,1666063475,432344,distance_to_pickup,BATCH,hungarian,0,0,order,1
1666495819,29346,4325,406.07881008493905,1,True,True,4427,False,12964,3994,45859845,174556288,45859439,174556296,0,0,1666063476,432343,distance_to_pickup,BATCH,hungarian,0,0,order,1
1666495819,147366,3219,1309.4922680184102,1,True,True,1346,False,12964,3994,45876039,174572038,45877236,174571507,0,0,1666063477,432342,distance_to_pickup,BATCH,hungarian,0,0,order,1
1666495819,538194,1903,41.10960958218893,1,True,True,3499,False,12964,3994,45896150,174555690,45896109,174555687,0,0,1666063477,432342,distance_to_pickup,BATCH,hungarian,0,0,order,1
1666495819,3605,744,310.35785796399614,1,True,True,1731,False,12964,3994,45901998,174586185,45901827,174585926,0,0,1666063479,432340,distance_to_pickup,BATCH,hungarian,0,0,order,1
1666495819,250919,1575,1055.0980997044778,1,True,True,2230,False,12964,3994,45904417,174570519,45903841,174571403,0,0,1666063480,432339,distance_to_pickup,BATCH,hungarian,0,0,order,1
1666495819,501534,2495,1286.4960163171902,1,True,True,749,False,12964,3994,45878050,174576479,45878214,174575203,0,0,1666063480,432339,distance_to_pickup,BATCH,hungarian,0,0,order,1
1666495819,186448,639,400.3198721022977,1,True,True,1480,False,12964,3994,46044304,174941850,46043904,174941834,0,0,1666063481,432338,distance_to_pickup,BATCH,hungarian,0,0,order,1
1666495819,563831,87,118.71394189394942,1,True,True,104,False,12964,3994,45864073,174582024,45864140,174581926,0,0,1666063481,432338,distance_to_pickup,BATCH,hungarian,0,0,order,1
1666495819,472992,861,2161.0853754537325,1,True,True,1877,False,12964,3994,45863248,174541890,45863527,174544033,0,0,1666063482,432337,distance_to_pickup,BATCH,hungarian,0,0,order,1
1666495819,467782,96,707.2941396618525,1,True,True,3769,False,12964,3994,45875452,174545643,45875344,174546342,0,0,1666063482,432337,distance_to_pickup,BATCH,hungarian,0,0,order,1
1666495819,153422,2390,591.4406140940948,1,True,True,1613,False,12964,3994,45886884,174562531,45886645,174561990,0,0,1666063482,432337,distance_to_pickup,BATCH,hungarian,0,0,order,1
1666495819,16519,595,1016.7698854706506,1,True,True,2207,False,12964,3994,45819086,174556431,45818147,174556041,0,0,1666063484,432335,distance_to_pickup,BATCH,hungarian,0,0,order,1
1666495819,478255,1812,328.4158948650324,1,True,True,3284,False,12964,3994,46043284,174940156,46043573,174940000,0,0,1666063485,432334,distance_to_pickup,BATCH,hungarian,0,0,order,1
1666495819,517229,3315,113.01769772916099,1,True,True,1556,False,12964,3994,45909302,174525369,45909300,174525482,0,0,1666063486,432333,distance_to_pickup,BATCH,hungarian,0,0,order,1
1666495819,506749,4092,4007.4362128423204,1,True,True,4012,False,12964,3994,45821771,174547259,45818440,174549487,0,0,1666063486,432333,distance_to_pickup,BATCH,hungarian,0,0,order,1
1666495819,475609,3747,3837.7786543780767,1,True,True,3337,False,12964,3994,45848717,174584003,45852374,174585167,0,0,1666063487,432332,distance_to_pickup,BATCH,hungarian,0,0,order,1
1666495819,493763,1870,126.73200069437868,1,True,True,1143,False,12964,3994,45853749,174510466,45853664,174510372,0,0,1666063487,432332,distance_to_pickup,BATCH,hungarian,0,0,order,1
1666495819,351956,445,8099.434548164458,1,True,True,2638,False,12964,3994,45870109,174653873,45874767,174660499,0,0,1666063487,432332,distance_to_pickup,BATCH,hungarian,0,0,order,1
1666495819,299132,4840,406.53290149752945,1,True,True,262,False,12964,3994,45881480,174529588,45881743,174529898,0,0,1666063487,432332,distance_to_pickup,BATCH,hungarian,0,0,order,1
1666495819,61222,2429,48.38388161361178,1,True,True,1300,False,12964,3994,45889570,174545110,45889555,174545064,0,0,1666063487,432332,distance_to_pickup,BATCH,hungarian,0,0,order,1
1666495819,110972,3694,415.9146547069483,1,True,True,1772,False,12964,3994,45874828,174648754,45874967,174649146,0,0,1666063488,432331,distance_to_pickup,BATCH,hungarian,0,0,order,1
1666495819,301998,4329,343.80372307466365,1,True,True,2186,False,12964,3994,45861140,174600630,45861191,174600290,0,0,1666063489,432330,distance_to_pickup,BATCH,hungarian,0,0,order,1
1666495819,250927,2583,912.1754217254486,1,True,True,3013,False,12964,3994,45855857,174553570,45855177,174552962,0,0,1666063491,432328,distance_to_pickup,BATCH,hungarian,0,0,order,1
1666495819,273717,2420,2177.185568572417,1,True,True,2777,False,12964,3994,45871068,174595314,45871232,174593143,0,0,1666063491,432328,distance_to_pickup,BATCH,hungarian,0,0,order,1
1666495819,89508,2704,1597.9127009946444,1,True,True,119,False,12964,3994,45843237,174560398,45844722,174560988,0,0,1666063492,432327,distance_to_pickup,BATCH,hungarian,0,0,order,1
1666495819,73751,4280,936.3359439859179,1,True,True,1605,False,12964,3994,45849895,174566798,45850830,174566848,0,0,1666063493,432326,distance_to_pickup,BATCH,hungarian,0,0,order,1
1666495819,532909,566,148.4082207965583,1,True,True,2498,False,12964,3994,45860440,174563526,45860429,174563378,0,0,1666063496,432323,distance_to_pickup,BATCH,hungarian,0,0,order,1
1666495819,268018,3780,562.8001421463929,1,True,True,3375,False,12964,3994,46051214,174948303,46050704,174948541,0,0,1666063497,432322,distance_to_pickup,BATCH,hungarian,0,0,order,1
1666495819,296359,3454,381.40791811392694,1,True,True,70,False,12964,3994,45860440,174563526,45860064,174563462,0,0,1666063500,432319,distance_to_pickup,BATCH,hungarian,0,0,order,1
1666495819,198152,2260,589.8152253036538,1,True,True,4504,False,12964,3994,45890075,174525738,45890664,174525769,0,0,1666063502,432317,distance_to_pickup,BATCH,hungarian,0,0,order,1
1666495819,104948,3272,230.21728866442677,1,True,True,1847,False,12964,3994,45767338,174570557,45767148,174570427,0,0,1666063503,432316,distance_to_pickup,BATCH,hungarian,0,0,order,1
1666495819,58107,3616,4063.0168594284714,1,True,True,234,False,12964,3994,45849548,174566661,45846263,174564270,0,0,1666063504,432315,distance_to_pickup,BATCH,hungarian,0,0,order,1
1666495819,556121,2391,1991.4662939653285,1,True,True,3039,False,12964,3994,45907630,174567904,45909497,174567211,0,0,1666063504,432315,distance_to_pickup,BATCH,hungarian,0,0,order,1
1666495819,86398,2687,335.4519339637201,1,True,True,671,False,12964,3994,45862946,174583985,45863278,174584033,0,0,1666063504,432315,distance_to_pickup,BATCH,hungarian,0,0,order,1
1666495819,335298,2731,458.3143026352112,1,True,True,2797,False,12964,3994,45879192,174649067,45879238,174649523,0,0,1666063508,432311,distance_to_pickup,BATCH,hungarian,0,0,order,1
1666495819,376884,2959,1830.8470717129817,1,True,True,2128,False,12964,3994,45860907,174525837,45860708,174524017,0,0,1666063510,432309,distance_to_pickup,BATCH,hungarian,0,0,order,1
1666495819,236426,3307,2455.2902068798303,1,True,True,3911,False,12964,3994,45896370,174524880,45893935,174525195,0,0,1666063510,432309,distance_to_pickup,BATCH,hungarian,0,0,order,1
1666495819,472994,1224,517.6330746774205,1,True,True,2112,False,12964,3994,45865342,174565861,45864980,174565491,0,0,1666063512,432307,distance_to_pickup,BATCH,hungarian,0,0,order,1
1666495819,414622,3217,604.12581471081,1,True,True,753,False,12964,3994,45907695,174525727,45907197,174525385,0,0,1666063516,432303,distance_to_pickup,BATCH,hungarian,0,0,order,1
1666495819,488531,3533,90.2551937563706,1,True,True,873,False,12964,3994,45879962,174634733,45880051,174634718,0,0,1666063521,432298,distance_to_pickup,BATCH,hungarian,0,0,order,1
1666495819,123044,3386,3676.7046386676207,1,True,True,2233,False,12964,3994,45876450,174553800,45876309,174557474,0,0,1666063521,432298,distance_to_pickup,BATCH,hungarian,0,0,order,1
1666495819,395770,4102,365.5680511204446,1,True,True,39,False,12964,3994,45862946,174583985,45863292,174584103,0,0,1666063522,432297,distance_to_pickup,BATCH,hungarian,0,0,order,1
1666495819,398498,580,164.26807358704855,1,True,True,3569,False,12964,3994,45872490,174545997,45872380,174545875,0,0,1666063522,432297,distance_to_pickup,BATCH,hungarian,0,0,order,1
1666495819,195255,2033,1032.5589571545056,1,True,True,873,False,12964,3994,45877817,174635740,45876790,174635847,0,0,1666063522,432297,distance_to_pickup,BATCH,hungarian,0,0,order,1
1666495819,321602,162,165.24527224704494,1,True,True,2534,False,12964,3994,45865154,174557054,45865319,174557045,0,0,1666063523,432296,distance_to_pickup,BATCH,hungarian,0,0,order,1
1666495819,86399,3368,1869.3849255838136,1,True,True,1279,False,12964,3994,45906263,174574373,45906429,174576235,0,0,1666063526,432293,distance_to_pickup,BATCH,hungarian,0,0,order,1
1666495819,563832,4451,1479.9527019469238,1,True,True,3486,False,12964,3994,45921904,174566668,45923132,174567494,0,0,1666063527,432292,distance_to_pickup,BATCH,hungarian,0,0,order,1
1666495819,29347,840,302.59213472924245,1,True,True,1480,False,12964,3994,46044304,174941850,46044003,174941819,0,0,1666063528,432291,distance_to_pickup,BATCH,hungarian,0,0,order,1
1666495819,126059,3962,4466.888178586968,1,True,True,1129,False,12964,3994,45868267,174559566,45872674,174560295,0,0,1666063528,432291,distance_to_pickup,BATCH,hungarian,0,0,order,1
1666495819,16524,442,1172.2307793263235,1,True,True,2461,False,12964,3994,45892634,174524449,45893085,174523367,0,0,1666063529,432290,distance_to_pickup,BATCH,hungarian,0,0,order,1
1666495819,470334,220,99.45853407325085,1,True,True,1494,False,12964,3994,45874746,174650130,45874842,174650156,0,0,1666063529,432290,distance_to_pickup,BATCH,hungarian,0,0,order,1
1666495819,73761,1673,92.65527507918802,1,True,True,73,False,12964,3994,45870933,174595486,45871021,174595515,0,0,1666063530,432289,distance_to_pickup,BATCH,hungarian,0,0,order,1
1666495819,80241,340,165.4962235218677,1,True,True,429,False,12964,3994,45861845,174583822,45861787,174583977,0,0,1666063530,432289,distance_to_pickup,BATCH,hungarian,0,0,order,1
1666495819,221900,726,2612.3158308290367,1,True,True,1720,False,12964,3994,45895979,174575393,45893904,174573806,0,0,1666063531,432288,distance_to_pickup,BATCH,hungarian,0,0,order,1
1666495819,419966,895,328.5681055732586,1,True,True,1976,False,12964,3994,45862946,174583985,45863272,174584026,0,0,1666063531,432288,distance_to_pickup,BATCH,hungarian,0,0,order,1
1666495819,465060,1628,1692.9134650064073,1,True,True,537,False,12964,3994,45919180,174541680,45917970,174540496,0,0,1666063542,432277,distance_to_pickup,BATCH,hungarian,0,0,order,1
1666495819,177510,397,46.647615158762406,1,True,True,427,False,12964,3994,45892851,174567077,45892827,174567117,0,0,1666063545,432274,distance_to_pickup,BATCH,hungarian,0,0,order,1
1666495819,76952,773,84.970583144992,1,True,True,2743,False,12964,3994,45876890,174545776,45876966,174545814,0,0,1666063550,432269,distance_to_pickup,BATCH,hungarian,0,0,order,1
1666495819,363098,2787,226.22555116520326,1,True,True,1270,False,12964,3994,45860804,174548317,45860671,174548134,0,0,1666063551,432268,distance_to_pickup,BATCH,hungarian,0,0,order,1
1666495819,540750,291,213.71476317746513,1,True,True,1072,False,12964,3994,45860804,174548317,45860647,174548172,0,0,1666063553,432266,distance_to_pickup,BATCH,hungarian,0,0,order,1
1666495819,201147,3408,45.967379738244816,1,True,True,981,False,12964,3994,45870242,174595530,45870209,174595498,0,0,1666063555,432264,distance_to_pickup,BATCH,hungarian,0,0,order,1
1666495819,10154,1667,1124.0111209414256,1,True,True,425,False,12964,3994,45895346,174532388,45895351,174533512,0,0,1666063555,432264,distance_to_pickup,BATCH,hungarian,0,0,order,1
1666495819,287966,3293,359.63453671748493,1,True,True,1253,False,12964,3994,45886081,174590587,45885772,174590403,0,0,1666063557,432262,distance_to_pickup,BATCH,hungarian,0,0,order,1
1666495819,313330,3742,711.036567273442,1,True,True,226,False,12964,3994,45901491,174545975,45901378,174546677,0,0,1666063558,432261,distance_to_pickup,BATCH,hungarian,0,0,order,1
1666495819,61225,464,3004.3834642069246,1,True,True,2691,False,12964,3994,45898267,174541486,45897855,174544462,0,0,1666063558,432261,distance_to_pickup,BATCH,hungarian,0,0,order,1
1666495819,265152,2133,272.2223356008834,1,True,True,4127,False,12964,3994,45867880,174573167,45867891,174573439,0,0,1666063559,432260,distance_to_pickup,BATCH,hungarian,0,0,order,1
1666495819,120028,3606,19.235384061671343,1,True,True,4508,False,12964,3994,45920023,174542736,45920040,174542727,0,0,1666063560,432259,distance_to_pickup,BATCH,hungarian,0,0,order,1
1666495819,98774,2436,171.40011668607463,1,True,True,3169,False,12964,3994,45859736,174548428,45859599,174548325,0,0,1666063560,432259,distance_to_pickup,BATCH,hungarian,0,0,order,1
1666495819,76953,177,2391.6766085739937,1,True,True,373,False,12964,3994,45885130,174594367,45887156,174595638,0,0,1666063563,432256,distance_to_pickup,BATCH,hungarian,0,0,order,1
1666495819,61228,145,336.34060117684277,1,True,True,1794,False,12964,3994,45880151,174634388,45880401,174634613,0,0,1666063564,432255,distance_to_pickup,BATCH,hungarian,0,0,order,1
1666495819,61226,1864,764.9483642704258,1,True,True,414,False,12964,3994,45895017,174573203,45894356,174572818,0,0,1666063564,432255,distance_to_pickup,BATCH,hungarian,0,0,order,1
1666495819,527613,2439,2169.60572454997,1,True,True,2944,False,12964,3994,45853080,174525260,45852735,174523118,0,0,1666063564,432255,distance_to_pickup,BATCH,hungarian,0,0,order,1
1666495819,22988,1006,3323.6162534203613,1,True,True,1491,False,12964,3994,45892958,174566355,45893625,174563099,0,0,1666063566,432253,distance_to_pickup,BATCH,hungarian,0,0,order,1
1666495819,236417,2205,3716.5313129314545,1,True,True,2352,False,12964,3994,45767729,174559061,45767995,174555354,0,0,1666063567,432252,distance_to_pickup,BATCH,hungarian,0,0,order,1
1666495819,540748,393,665.0360892462904,1,True,True,2042,False,12964,3994,45920509,174542823,45920302,174543455,0,0,1666063568,432251,distance_to_pickup,BATCH,hungarian,0,0,order,1
1666495819,419969,297,663.2721914870244,1,True,True,2153,False,12964,3994,45865491,174568754,45864834,174568845,0,0,1666063569,432250,distance_to_pickup,BATCH,hungarian,0,0,order,1
1666495819,92648,3796,3832.566372549861,1,True,True,88,False,12964,3994,45869167,174551798,45872134,174554224,0,0,1666063569,432250,distance_to_pickup,BATCH,hungarian,0,0,order,1
1666495819,227667,558,498.4706611225981,1,True,True,3134,False,12964,3994,45890276,174562960,45890729,174562752,0,0,1666063570,432249,distance_to_pickup,BATCH,hungarian,0,0,order,1
1666495819,150385,3656,1016.7438222089181,1,True,True,2897,False,12964,3994,45864228,174536685,45864506,174537663,0,0,1666063570,432249,distance_to_pickup,BATCH,hungarian,0,0,order,1
1666495819,156390,1560,1468.5955876278533,1,True,True,3136,False,12964,3994,45857919,174575648,45858606,174574350,0,0,1666063570,432249,distance_to_pickup,BATCH,hungarian,0,0,order,1
1666495819,120030,4363,634.7353779331983,1,True,True,1390,False,12964,3994,45872806,174625553,45873361,174625245,0,0,1666063572,432247,distance_to_pickup,BATCH,hungarian,0,0,order,1
1666495819,438601,4399,102.39628899525607,1,True,True,1618,False,12964,3994,45879721,174647791,45879619,174647782,0,0,1666063573,432246,distance_to_pickup,BATCH,hungarian,0,0,order,1
1666495819,19803,2728,75.64390259630977,1,True,True,313,False,12964,3994,45871274,174573804,45871205,174573835,0,0,1666063573,432246,distance_to_pickup,BATCH,hungarian,0,0,order,1
1666495819,16522,898,1350.5380409303546,1,True,True,1536,False,12964,3994,45856856,174575762,45856633,174577094,0,0,1666063574,432245,distance_to_pickup,BATCH,hungarian,0,0,order,1
1666495819,467783,4287,990.5957803261631,1,True,True,4619,False,12964,3994,45846470,174586320,45845506,174586092,0,0,1666063575,432244,distance_to_pickup,BATCH,hungarian,0,0,order,1
1666495819,256604,1105,3212.365172267935,1,True,True,537,False,12964,3994,45919660,174549308,45917181,174551351,0,0,1666063575,432244,distance_to_pickup,BATCH,hungarian,0,0,order,1
1666495819,371402,3172,120.20815280171308,1,True,True,3125,False,12964,3994,45885886,174563236,45885773,174563277,0,0,1666063575,432244,distance_to_pickup,BATCH,hungarian,0,0,order,1
1666495819,393100,4484,1163.3988997759968,1,True,True,801,False,12964,3994,45890252,174534554,45891343,174534958,0,0,1666063576,432243,distance_to_pickup,BATCH,hungarian,0,0,order,1
1666495819,250923,607,636.2342335964012,1,True,True,537,False,12964,3994,45920811,174542956,45921316,174543343,0,0,1666063576,432243,distance_to_pickup,BATCH,hungarian,0,0,order,1
1666495819,525034,4275,5246.265433620377,1,True,True,4413,False,12964,3994,45882550,174555124,45877860,174557475,0,0,1666063576,432243,distance_to_pickup,BATCH,hungarian,0,0,order,1
1666495819,553538,2870,831.7331302767733,1,True,True,2173,False,12964,3994,45893081,174584158,45892289,174584412,0,0,1666063576,432243,distance_to_pickup,BATCH,hungarian,0,0,order,1
1666495819,29348,981,2350.5286639392425,1,True,True,2195,False,12964,3994,45862795,174600184,45861299,174598371,0,0,1666063578,432241,distance_to_pickup,BATCH,hungarian,0,0,order,1
1666495819,488533,1757,703.1820532408375,1,True,True,3714,False,12964,3994,46051728,174940222,46051712,174939519,0,0,1666063579,432240,distance_to_pickup,BATCH,hungarian,0,0,order,1
1666495819,201152,2774,267.9440240050149,1,True,True,1468,False,12964,3994,45877959,174535961,45877834,174536198,0,0,1666063579,432240,distance_to_pickup,BATCH,hungarian,0,0,order,1
1666495819,457175,3878,102.41581909060729,1,True,True,2388,False,12964,3994,45901461,174585861,45901506,174585769,0,0,1666063579,432240,distance_to_pickup,BATCH,hungarian,0,0,order,1
1666495819,393101,246,15335.701157756042,1,True,True,590,False,12964,3994,45885342,174634048,45899725,174628727,0,0,1666063579,432240,distance_to_pickup,BATCH,hungarian,0,0,order,1
1666495819,501537,2169,193.02331465395574,1,True,True,1618,False,12964,3994,45875003,174650396,45874926,174650219,0,0,1666063580,432239,distance_to_pickup,BATCH,hungarian,0,0,order,1
1666495819,444002,2761,670.3200728010463,1,True,True,1282,False,12964,3994,45905669,174544560,45906121,174544065,0,0,1666063580,432239,distance_to_pickup,BATCH,hungarian,0,0,order,1
1666495819,417307,3277,1048.6143237625547,1,True,True,42,False,12964,3994,45854334,174566846,45854000,174567840,0,0,1666063580,432239,distance_to_pickup,BATCH,hungarian,0,0,order,1
1666495819,357526,1639,31.144823004794873,1,True,True,1609,False,12964,3994,46051762,174941526,46051785,174941547,0,0,1666063580,432239,distance_to_pickup,BATCH,hungarian,0,0,order,1
1666495819,19797,1755,284.31144894288025,1,True,True,1446,False,12964,3994,45885478,174592525,45885370,174592262,0,0,1666063580,432239,distance_to_pickup,BATCH,hungarian,0,0,order,1
1666495819,371398,4504,2418.687453971678,1,True,True,546,False,12964,3994,45889956,174528082,45888136,174529675,0,0,1666063581,432238,distance_to_pickup,BATCH,hungarian,0,0,order,1
1666495819,250925,159,845.8138092984767,1,True,True,4772,False,12964,3994,45856817,174571067,45857657,174571166,0,0,1666063581,432238,distance_to_pickup,BATCH,hungarian,0,0,order,1
1666495819,514651,906,5288.738696513565,1,True,True,1179,False,12964,3994,45858376,174534230,45853095,174533944,0,0,1666063581,432238,distance_to_pickup,BATCH,hungarian,0,0,order,1
1666495819,409312,980,184.94593804677083,1,True,True,2826,False,12964,3994,45766970,174566720,45767151,174566682,0,0,1666063582,432237,distance_to_pickup,BATCH,hungarian,0,0,order,1
1666495819,276589,769,149.34523762075577,1,True,True,472,False,12964,3994,45874747,174650084,45874895,174650104,0,0,1666063582,432237,distance_to_pickup,BATCH,hungarian,0,0,order,1
1666495819,76956,4507,450.45421520949276,1,True,True,2985,False,12964,3994,45862134,174526400,45861889,174526778,0,0,1666063582,432237,distance_to_pickup,BATCH,hungarian,0,0,order,1
1666495819,535555,2799,2223.1034613800593,1,True,True,334,False,12964,3994,45867977,174566869,45870147,174567352,0,0,1666063582,432237,distance_to_pickup,BATCH,hungarian,0,0,order,1
1666495819,268021,2679,1245.128507424033,1,True,True,925,False,12964,3994,45912320,174519710,45913507,174520086,0,0,1666063582,432237,distance_to_pickup,BATCH,hungarian,0,0,order,1
1666495819,89518,2438,3470.4743191673383,1,True,True,461,False,12964,3994,45890960,174573070,45894364,174572394,0,0,1666063583,432236,distance_to_pickup,BATCH,hungarian,0,0,order,1
1666495819,132206,3068,1778.8906655553624,1,True,True,128,False,12964,3994,46043344,174954315,46045050,174953811,0,0,1666063584,432235,distance_to_pickup,BATCH,hungarian,0,0,order,1
1666495819,472999,1089,11.661903789690601,1,True,True,3384,False,12964,3994,45920795,174542499,45920785,174542493,0,0,1666063584,432235,distance_to_pickup,BATCH,hungarian,0,0,order,1
1666495819,259500,4138,1506.6947268773458,1,True,True,2716,False,12964,3994,45895743,174547743,45894863,174548966,0,0,1666063584,432235,distance_to_pickup,BATCH,hungarian,0,0,order,1
1666495819,262389,3948,2783.836381686251,1,True,True,3997,False,12964,3994,45889647,174545036,45890271,174542323,0,0,1666063584,432235,distance_to_pickup,BATCH,hungarian,0,0,order,1
1666495819,245069,4279,167.28717822953436,1,True,True,2243,False,12964,3994,45883773,174566833,45883721,174566674,0,0,1666063584,432235,distance_to_pickup,BATCH,hungarian,0,0,order,1
1666495819,86403,264,658.1101731473234,1,True,True,2496,False,12964,3994,45862248,174578298,45862858,174578051,0,0,1666063584,432235,distance_to_pickup,BATCH,hungarian,0,0,order,1
1666495819,45490,135,297.12118739665806,1,True,True,2040,False,12964,3994,45890886,174577438,45890970,174577723,0,0,1666063584,432235,distance_to_pickup,BATCH,hungarian,0,0,order,1
1666495819,138215,2877,140.92906016858268,1,True,True,382,False,12964,3994,45850310,174589392,45850205,174589486,0,0,1666063584,432235,distance_to_pickup,BATCH,hungarian,0,0,order,1
1666495819,522416,1615,269.7869529832753,1,True,True,373,False,12964,3994,45885082,174594249,45884849,174594385,0,0,1666063584,432235,distance_to_pickup,BATCH,hungarian,0,0,order,1
1666495819,290719,3055,157.54364474646383,1,True,True,930,False,12964,3994,46049988,174948019,46050042,174947871,0,0,1666063585,432234,distance_to_pickup,BATCH,hungarian,0,0,order,1
1666495819,525029,2579,3072.972827735384,1,True,True,3205,False,12964,3994,45785458,174572831,45782397,174573102,0,0,1666063585,432234,distance_to_pickup,BATCH,hungarian,0,0,order,1
1666495819,210127,2993,847.8071714723815,1,True,True,1290,False,12964,3994,46053421,174946827,46053690,174947631,0,0,1666063585,432234,distance_to_pickup,BATCH,hungarian,0,0,order,1
1666495819,566361,2861,2714.7694193061775,1,True,True,2211,False,12964,3994,45857881,174547008,45857159,174544391,0,0,1666063585,432234,distance_to_pickup,BATCH,hungarian,0,0,order,1
1666495819,183560,2996,25.96150997149434,1,True,True,4485,False,12964,3994,45868878,174606619,45868871,174606644,0,0,1666063585,432234,distance_to_pickup,BATCH,hungarian,0,0,order,1
1666495819,95769,3634,630.8422940799071,1,True,True,1762,False,12964,3994,45884225,174633972,45884114,174634593,0,0,1666063585,432234,distance_to_pickup,BATCH,hungarian,0,0,order,1
1666495819,135228,1030,741.7661356519318,1,True,True,2935,False,12964,3994,45894347,174586087,45893608,174586151,0,0,1666063586,432233,distance_to_pickup,BATCH,hungarian,0,0,order,1
1666495819,42161,1748,116.70903992407786,1,True,True,1344,False,12964,3994,45857789,174567827,45857679,174567788,0,0,1666063586,432233,distance_to_pickup,BATCH,hungarian,0,0,order,1
1666495819,382161,2803,812.4586143306009,1,True,True,3263,False,12964,3994,46042359,174941150,46041676,174940710,0,0,1666063586,432233,distance_to_pickup,BATCH,hungarian,0,0,order,1
1666495819,460,4158,149.27156460625713,1,True,True,254,False,12964,3994,45885886,174563236,45885737,174563245,0,0,1666063586,432233,distance_to_pickup,BATCH,hungarian,0,0,order,1
1666495819,19804,2633,164.7573974060042,1,True,True,2989,False,12964,3994,45869064,174606679,45869227,174606655,0,0,1666063586,432233,distance_to_pickup,BATCH,hungarian,0,0,order,1
1666495819,452065,3263,3966.0364345275498,1,True,True,201,False,12964,3994,46044381,174941835,46042719,174945436,0,0,1666063587,432232,distance_to_pickup,BATCH,hungarian,0,0,order,1
1666495819,120029,1819,2455.799055297481,1,True,True,660,False,12964,3994,45878269,174600078,45876526,174598348,0,0,1666063587,432232,distance_to_pickup,BATCH,hungarian,0,0,order,1
1666495819,198151,2474,226.2675407565124,1,True,True,161,False,12964,3994,45874164,174536556,45874390,174536545,0,0,1666063587,432232,distance_to_pickup,BATCH,hungarian,0,0,order,1
1666495819,403970,3260,330.9380606699689,1,True,True,3565,False,12964,3994,45866435,174537395,45866199,174537163,0,0,1666063587,432232,distance_to_pickup,BATCH,hungarian,0,0,order,1
1666495819,189410,1804,486.74120433758225,1,True,True,2205,False,12964,3994,45777619,174561473,45778060,174561267,0,0,1666063587,432232,distance_to_pickup,BATCH,hungarian,0,0,order,1
1666495819,58112,3599,1620.7220613047753,1,True,True,2984,False,12964,3994,45905340,174559520,45906786,174558788,0,0,1666063587,432232,distance_to_pickup,BATCH,hungarian,0,0,order,1
1666495819,156391,4626,586.9352604844933,1,True,True,1596,False,12964,3994,45885025,174593601,45885502,174593259,0,0,1666063588,432231,distance_to_pickup,BATCH,hungarian,0,0,order,1
1666495819,548440,1398,103.71113729971339,1,True,True,825,False,12964,3994,45868962,174572641,45869042,174572575,0,0,1666063588,432231,distance_to_pickup,BATCH,hungarian,0,0,order,1
1666495819,114047,4444,2132.726189645544,1,True,True,1325,False,12964,3994,45885070,174594530,45883809,174596250,0,0,1666063589,432230,distance_to_pickup,BATCH,hungarian,0,0,order,1
1666495819,95768,474,393.10303992719264,1,True,True,1593,False,12964,3994,45909538,174542581,45909529,174542974,0,0,1666063590,432229,distance_to_pickup,BATCH,hungarian,0,0,order,1
1666495819,390359,181,2257.526301064951,1,True,True,1356,False,12964,3994,45879336,174595824,45881091,174597244,0,0,1666063590,432229,distance_to_pickup,BATCH,hungarian,0,0,order,1
1666495819,496288,685,2854.8250384217945,1,True,True,893,False,12964,3994,45769464,174573831,45767529,174575930,0,0,1666063590,432229,distance_to_pickup,BATCH,hungarian,0,0,order,1
1666495819,233370,3395,200.08997975910736,1,True,True,1965,False,12964,3994,45906047,174531089,45906053,174530889,0,0,1666063590,432229,distance_to_pickup,BATCH,hungarian,0,0,order,1
1666495819,168485,2431,1424.816128488164,1,True,True,2082,False,12964,3994,45918980,174542580,45917581,174542850,0,0,1666063590,432229,distance_to_pickup,BATCH,hungarian,0,0,order,1
1666495819,104952,2056,486.7134680692532,1,True,True,439,False,12964,3994,45895200,174566810,45895383,174566359,0,0,1666063590,432229,distance_to_pickup,BATCH,hungarian,0,0,order,1
1666495819,556119,1788,171.67993476233616,1,True,True,42,False,12964,3994,45854334,174566846,45854191,174566751,0,0,1666063590,432229,distance_to_pickup,BATCH,hungarian,0,0,order,1
1666495819,80244,209,705.2694520536105,1,True,True,2159,False,12964,3994,46051273,174947114,46050654,174946776,0,0,1666063591,432228,distance_to_pickup,BATCH,hungarian,0,0,order,1
1666495819,138206,2593,11784.791046089871,1,True,True,1762,False,12964,3994,45883675,174630948,45888423,174620162,0,0,1666063592,432227,distance_to_pickup,BATCH,hungarian,0,0,order,1
1666495819,207050,730,11869.492027883924,1,True,True,3130,False,12964,3994,45912488,174587958,45922192,174581123,0,0,1666063593,432226,distance_to_pickup,BATCH,hungarian,0,0,order,1
1666495819,13325,1988,392.13518077316144,1,True,True,3778,False,12964,3994,45896200,174554756,45896571,174554629,0,0,1666063593,432226,distance_to_pickup,BATCH,hungarian,0,0,order,1
1666495819,92647,1002,3090.0001618122933,1,True,True,582,False,12964,3994,45875705,174650492,45875354,174653562,0,0,1666063593,432226,distance_to_pickup,BATCH,hungarian,0,0,order,1
1666495819,302000,3106,129.0658746532173,1,True,True,3985,False,12964,3994,45880110,174548040,45879983,174548063,0,0,1666063593,432226,distance_to_pickup,BATCH,hungarian,0,0,order,1
1666495819,395774,3941,48.104053883222775,1,True,True,2165,False,12964,3994,45907047,174573121,45907064,174573166,0,0,1666063594,432225,distance_to_pickup,BATCH,hungarian,0,0,order,1
1666495819,55005,3062,42.05948168962618,1,True,True,3958,False,12964,3994,45870851,174548314,45870891,174548301,0,0,1666063594,432225,distance_to_pickup,BATCH,hungarian,0,0,order,1
1666495819,501539,1034,326.8470590352619,1,True,True,384,False,12964,3994,45857789,174567827,45858091,174567952,0,0,1666063594,432225,distance_to_pickup,BATCH,hungarian,0,0,order,1
1666495819,213052,791,1900.1392054268024,1,True,True,2731,False,12964,3994,45871022,174644091,45872874,174643666,0,0,1666063594,432225,distance_to_pickup,BATCH,hungarian,0,0,order,1
1666495819,310498,143,3031.043549670641,1,True,True,1343,False,12964,3994,45856280,174588530,45859156,174589487,0,0,1666063594,432225,distance_to_pickup,BATCH,hungarian,0,0,order,1
1666495819,548442,550,3270.4213795778674,1,True,True,987,False,12964,3994,45905939,174537499,45909205,174537669,0,0,1666063594,432225,distance_to_pickup,BATCH,hungarian,0,0,order,1
1666495819,324330,2833,2181.574660652255,1,True,True,628,False,12964,3994,45769464,174573831,45768082,174575519,0,0,1666063594,432225,distance_to_pickup,BATCH,hungarian,0,0,order,1
1666495819,98770,282,34.9857113690718,1,True,True,930,False,12964,3994,46048736,174947932,46048718,174947902,0,0,1666063594,432225,distance_to_pickup,BATCH,hungarian,0,0,order,1
1666495819,296364,2435,529.974527689775,1,True,True,70,False,12964,3994,45869487,174570705,45869055,174570398,0,0,1666063594,432225,distance_to_pickup,BATCH,hungarian,0,0,order,1
1666495819,89510,3682,1086.69130851406,1,True,True,2641,False,12964,3994,45900750,174526090,45899803,174525557,0,0,1666063595,432224,distance_to_pickup,BATCH,hungarian,0,0,order,1
1666495819,248057,2625,99.04039579888602,1,True,True,2184,False,12964,3994,45853271,174605450,45853251,174605547,0,0,1666063596,432223,distance_to_pickup,BATCH,hungarian,0,0,order,1
1666495819,86401,1399,11263.161057181062,1,True,True,1217,False,12964,3994,46043134,174959153,46036128,174967972,0,0,1666063597,432222,distance_to_pickup,BATCH,hungarian,0,0,order,1
1666495819,132203,1483,107.91200118615167,1,True,True,1394,False,12964,3994,45864108,174582488,45864055,174582394,0,0,1666063598,432221,distance_to_pickup,BATCH,hungarian,0,0,order,1
1666495819,10157,355,875.8687116229236,1,True,True,3484,False,12964,3994,45871376,174593799,45871337,174592924,0,0,1666063599,432220,distance_to_pickup,BATCH,hungarian,0,0,order,1
1666495819,368644,3848,1848.1406872854675,1,True,True,1119,False,12964,3994,45906905,174574828,45907395,174576610,0,0,1666063600,432219,distance_to_pickup,BATCH,hungarian,0,0,order,1
1666495819,299142,3463,225.88713996153035,1,True,True,1045,False,12964,3994,45843185,174542162,45843221,174541939,0,0,1666063603,432216,distance_to_pickup,BATCH,hungarian,0,0,order,1
1666495819,189408,4449,2189.262204488078,1,True,True,3066,False,12964,3994,45867117,174556837,45868779,174558262,0,0,1666063604,432215,distance_to_pickup,BATCH,hungarian,0,0,order,1
1666495819,126052,3927,1320.3666157548819,1,True,True,1317,False,12964,3994,45838514,174574896,45839812,174574654,0,0,1666063608,432211,distance_to_pickup,BATCH,hungarian,0,0,order,1
1666495819,517231,986,114.27160627207444,1,True,True,2894,False,12964,3994,45875471,174545336,45875358,174545353,0,0,1666063610,432209,distance_to_pickup,BATCH,hungarian,0,0,order,1
1666495819,126054,3633,444.7606097666474,1,True,True,3090,False,12964,3994,45885966,174562316,45885992,174562760,0,0,1666063613,432206,distance_to_pickup,BATCH,hungarian,0,0,order,1
1666495819,548438,77,208.6935552430884,1,True,True,3424,False,12964,3994,45860907,174525837,45860890,174525629,0,0,1666063617,432202,distance_to_pickup,BATCH,hungarian,0,0,order,1
1666495819,42165,1517,142.04576727238302,1,True,True,463,False,12964,3994,45874819,174607415,45874778,174607279,0,0,1666063622,432197,distance_to_pickup,BATCH,hungarian,0,0,order,1
1666495819,545856,1063,246.73872821265817,1,True,True,750,False,12964,3994,45875366,174647864,45875602,174647792,0,0,1666063630,432189,distance_to_pickup,BATCH,hungarian,0,0,order,1
1666495819,387662,1882,4774.377027424625,1,True,True,2445,False,12964,3994,45839765,174551620,45839705,174556394,0,0,1666063631,432188,distance_to_pickup,BATCH,hungarian,0,0,order,1
1666495819,201150,786,2208.420249861878,1,True,True,1636,False,12964,3994,45889913,174596658,45891337,174594970,0,0,1666063637,432182,distance_to_pickup,BATCH,hungarian,0,0,order,1
1666495819,532910,532,21.633307652783937,1,True,True,2085,False,12964,3994,45921142,174542028,45921160,174542016,0,0,1666063638,432181,distance_to_pickup,BATCH,hungarian,0,0,order,1
1666495819,198156,212,2908.8150508411495,1,True,True,143,False,12964,3994,45870996,174595448,45871195,174592546,0,0,1666063649,432170,distance_to_pickup,BATCH,hungarian,0,0,order,1
1666495819,58111,26,1470.719551784092,1,True,True,117,False,12964,3994,45890710,174551290,45889260,174551044,0,0,1666063652,432167,distance_to_pickup,BATCH,hungarian,0,0,order,1
1666495819,438603,829,3741.8927028978264,1,True,True,1605,False,12964,3994,45849895,174566798,45849776,174570538,0,0,1666063670,432149,distance_to_pickup,BATCH,hungarian,0,0,order,1
1666495819,446600,2251,111.32834320154055,1,True,True,2198,False,12964,3994,45858376,174534230,45858481,174534193,0,0,1666063671,432148,distance_to_pickup,BATCH,hungarian,0,0,order,1
1666495819,498919,1073,112.44998888394787,1,True,True,1350,False,12964,3994,45879237,174648050,45879126,174648068,0,0,1666063672,432147,distance_to_pickup,BATCH,hungarian,0,0,order,1
1666495819,307658,4637,4513.624929034312,1,True,True,2233,False,12964,3994,45876450,174553800,45874099,174557653,0,0,1666063675,432144,distance_to_pickup,BATCH,hungarian,0,0,order,1
1666495819,73757,4431,118.1905241548577,1,True,True,1350,False,12964,3994,45874643,174648159,45874543,174648096,0,0,1666063690,432129,distance_to_pickup,BATCH,hungarian,0,0,order,1
1666495819,332615,2515,2927.7563081650082,1,True,True,809,False,12964,3994,45880733,174580196,45880067,174583047,0,0,1666063695,432124,distance_to_pickup,BATCH,hungarian,0,0,order,1
1666495819,462,1023,1581.39495383032,1,True,True,428,False,12964,3994,45856266,174575029,45854687,174574942,0,0,1666063711,432108,distance_to_pickup,BATCH,hungarian,0,0,order,1
1666495819,253736,103,34.785054261852174,1,True,True,2697,False,12964,3994,45896150,174555690,45896117,174555701,0,0,1666063714,432105,distance_to_pickup,BATCH,hungarian,0,0,order,1
1666495819,324327,34,666.0818268050856,1,True,True,1350,False,12964,3994,45874828,174648754,45875491,174648818,0,0,1666063717,432102,distance_to_pickup,BATCH,hungarian,0,0,order,1
1666495819,19802,3074,1077.4878189566691,1,True,True,1747,False,12964,3994,45889150,174571920,45888946,174572978,0,0,1666063725,432094,distance_to_pickup,BATCH,hungarian,0,0,order,1
1666495819,354770,596,114.93476410555685,1,True,True,611,False,12964,3994,45869057,174574903,45869006,174575006,0,0,1666063729,432090,distance_to_pickup,BATCH,hungarian,0,0,order,1
1666495819,470337,3365,356.85431200981725,1,True,True,4208,False,12964,3994,45853114,174591978,45853345,174591706,0,0,1666063731,432088,distance_to_pickup,BATCH,hungarian,0,0,order,1
1666495819,177516,4253,1139.7863834947318,1,True,True,175,False,12964,3994,45863367,174559783,45864244,174559055,0,0,1666063734,432085,distance_to_pickup,BATCH,hungarian,0,0,order,1
1666495819,101956,3243,370.1351104664349,1,True,True,269,False,12964,3994,46052333,174932853,46052323,174933223,0,0,1666063734,432085,distance_to_pickup,BATCH,hungarian,0,0,order,1
1666495819,55009,1329,71.00704190430693,1,True,True,501,False,12964,3994,45912546,174526808,45912617,174526807,0,0,1666063735,432084,distance_to_pickup,BATCH,hungarian,0,0,order,1
1666495819,363099,3773,1487.0685929035014,1,True,True,2554,False,12964,3994,45894745,174555643,45893983,174556920,0,0,1666063739,432080,distance_to_pickup,BATCH,hungarian,0,0,order,1
1666495819,116997,1581,119.01680553602503,1,True,True,741,False,12964,3994,45857425,174567864,45857498,174567770,0,0,1666063740,432079,distance_to_pickup,BATCH,hungarian,0,0,order,1
1666495819,321601,3755,1393.0585055912045,1,True,True,3779,False,12964,3994,45863367,174559783,45864343,174558789,0,0,1666063743,432076,distance_to_pickup,BATCH,hungarian,0,0,order,1
1666495819,19807,2577,585.1196458844977,1,True,True,2252,False,12964,3994,45912502,174527074,45911924,174527165,0,0,1666063743,432076,distance_to_pickup,BATCH,hungarian,0,0,order,1
1666495819,55010,2460,1622.9559451815073,1,True,True,2232,False,12964,3994,45866511,174563245,45867230,174561790,0,0,1666063744,432075,distance_to_pickup,BATCH,hungarian,0,0,order,1
1666495819,496292,72,17687.229856594276,1,True,True,573,False,12964,3994,46061425,174935342,46071765,174920992,0,0,1666063744,432075,distance_to_pickup,BATCH,hungarian,0,0,order,1
1666495819,493769,58,3181.076075795736,1,True,True,2577,False,12964,3994,45912320,174519710,45912298,174516529,0,0,1666063750,432069,distance_to_pickup,BATCH,hungarian,0,0,order,1
1666495819,401271,1094,2867.0549349463117,1,True,True,126,False,12964,3994,45866931,174606684,45865531,174609186,0,0,1666063750,432069,distance_to_pickup,BATCH,hungarian,0,0,order,1
1666495819,519754,2895,19678.47110422962,1,True,True,2523,False,12964,3994,45865463,174482601,45880923,174494776,0,0,1666063750,432069,distance_to_pickup,BATCH,hungarian,0,0,order,1
1666495819,219012,1100,477.0513599184054,1,True,True,3684,False,12964,3994,45884516,174581843,45884993,174581836,0,0,1666063750,432069,distance_to_pickup,BATCH,hungarian,0,0,order,1
1666495819,371404,1555,322.89936512789865,1,True,True,1848,False,12964,3994,46043210,174939639,46042920,174939497,0,0,1666063751,432068,distance_to_pickup,BATCH,hungarian,0,0,order,1
1666495819,376893,865,1578.294015701764,1,True,True,2297,False,12964,3994,45854879,174528011,45855735,174526685,0,0,1666063751,432068,distance_to_pickup,BATCH,hungarian,0,0,order,1
1666495819,227673,2002,71.84705978674423,1,True,True,1214,False,12964,3994,45921241,174541506,45921170,174541517,0,0,1666063751,432068,distance_to_pickup,BATCH,hungarian,0,0,order,1
1666495819,417308,344,142.0774436706967,1,True,True,1747,False,12964,3994,45894303,174566613,45894172,174566558,0,0,1666063754,432065,distance_to_pickup,BATCH,hungarian,0,0,order,1
1666495819,162476,2421,1470.1731190577523,1,True,True,1396,False,12964,3994,45885248,174535609,45885508,174534162,0,0,1666063755,432064,distance_to_pickup,BATCH,hungarian,0,0,order,1
1666495819,563835,4206,171.73234989366446,1,True,True,2227,False,12964,3994,45817661,174564467,45817705,174564633,0,0,1666063755,432064,distance_to_pickup,BATCH,hungarian,0,0,order,1
1666495819,561340,113,288.9221348391293,1,True,True,3444,False,12964,3994,46043694,174948585,46043954,174948459,0,0,1666063756,432063,distance_to_pickup,BATCH,hungarian,0,0,order,1
1666495819,357529,3318,124.33824833895642,1,True,True,3504,False,12964,3994,45871427,174624974,45871373,174624862,0,0,1666063756,432063,distance_to_pickup,BATCH,hungarian,0,0,order,1
1666495819,227671,836,4676.4253442132485,1,True,True,2170,False,12964,3994,45905951,174543445,45909024,174539920,0,0,1666063756,432063,distance_to_pickup,BATCH,hungarian,0,0,order,1
1666495819,475613,65,1279.406893837922,1,True,True,3205,False,12964,3994,45785458,174572831,45784589,174573770,0,0,1666063757,432062,distance_to_pickup,BATCH,hungarian,0,0,order,1
1666495819,29349,122,3783.9455598620866,1,True,True,3030,False,12964,3994,45876179,174591689,45878009,174588377,0,0,1666063758,432061,distance_to_pickup,BATCH,hungarian,0,0,order,1
1666495819,393102,1842,1263.7535360979214,1,True,True,3664,False,12964,3994,45874592,174590556,45873864,174589523,0,0,1666063758,432061,distance_to_pickup,BATCH,hungarian,0,0,order,1
1666495819,80246,3439,767.3389081755206,1,True,True,276,False,12964,3994,45846475,174587390,45846947,174587995,0,0,1666063758,432061,distance_to_pickup,BATCH,hungarian,0,0,order,1
1666495819,491149,1879,10568.928895588237,1,True,True,3758,False,12964,3994,45822976,174546904,45812773,174544147,0,0,1666063759,432060,distance_to_pickup,BATCH,hungarian,0,0,order,1
1666495819,522420,1570,369.8229306032821,1,True,True,251,False,12964,3994,45902158,174585237,45901898,174585500,0,0,1666063759,432060,distance_to_pickup,BATCH,hungarian,0,0,order,1
1666495819,498922,419,780.3057093216735,1,True,True,501,False,12964,3994,45923748,174522754,45923847,174523528,0,0,1666063760,432059,distance_to_pickup,BATCH,hungarian,0,0,order,1
1666495819,485996,3199,1304.655126843872,1,True,True,1452,False,12964,3994,45898281,174578532,45898107,174579825,0,0,1666063760,432059,distance_to_pickup,BATCH,hungarian,0,0,order,1
1666495819,51859,1969,124.53513560437472,1,True,True,402,False,12964,3994,45886884,174562531,45886859,174562653,0,0,1666063760,432059,distance_to_pickup,BATCH,hungarian,0,0,order,1
1666495819,419972,1670,26.1725046566048,1,True,True,48,False,12964,3994,45870659,174606674,45870641,174606693,0,0,1666063760,432059,distance_to_pickup,BATCH,hungarian,0,0,order,1
1666495819,411999,1825,590.4786194266478,1,True,True,2086,False,12964,3994,45915796,174584856,45915992,174584299,0,0,1666063760,432059,distance_to_pickup,BATCH,hungarian,0,0,order,1
1666495819,273718,1279,135.29966740535616,1,True,True,1775,False,12964,3994,45907520,174568226,45907655,174568217,0,0,1666063760,432059,distance_to_pickup,BATCH,hungarian,0,0,order,1
1666495819,210132,2846,1100.0818151392195,1,True,True,297,False,12964,3994,45859933,174565467,45860335,174566491,0,0,1666063761,432058,distance_to_pickup,BATCH,hungarian,0,0,order,1
1666495819,454561,118,2887.0124696647918,1,True,True,1094,False,12964,3994,45864213,174615211,45865984,174612931,0,0,1666063761,432058,distance_to_pickup,BATCH,hungarian,0,0,order,1
1666495819,162475,4846,80.36168241145776,1,True,True,3456,False,12964,3994,45870851,174548314,45870828,174548391,0,0,1666063762,432057,distance_to_pickup,BATCH,hungarian,0,0,order,1
1666495819,446602,1552,2461.6630557409762,1,True,True,627,False,12964,3994,45880249,174546573,45882013,174544856,0,0,1666063762,432057,distance_to_pickup,BATCH,hungarian,0,0,order,1
1666495819,22993,2801,781.1945980355983,1,True,True,3572,False,12964,3994,45893081,174584158,45892317,174583995,0,0,1666063763,432056,distance_to_pickup,BATCH,hungarian,0,0,order,1
1666495819,42163,4094,10036.998007372524,1,True,True,1762,False,12964,3994,45884021,174630377,45889694,174622097,0,0,1666063763,432056,distance_to_pickup,BATCH,hungarian,0,0,order,1
1666495819,150390,3809,1552.4999194847,1,True,True,2211,False,12964,3994,45857881,174547008,45857097,174545668,0,0,1666063763,432056,distance_to_pickup,BATCH,hungarian,0,0,order,1
1666495819,457178,3184,8211.612813570791,1,True,True,3435,False,12964,3994,45924613,174557214,45932777,174556331,0,0,1666063763,432056,distance_to_pickup,BATCH,hungarian,0,0,order,1
1666495819,509391,719,438.3811127318329,1,True,True,272,False,12964,3994,45900944,174525819,45901287,174525546,0,0,1666063763,432056,distance_to_pickup,BATCH,hungarian,0,0,order,1
1666495819,327073,510,140.63072210580447,1,True,True,1795,False,12964,3994,45846823,174586799,45846952,174586855,0,0,1666063763,432056,distance_to_pickup,BATCH,hungarian,0,0,order,1
1666495819,3612,317,408.8324840322745,1,True,True,2107,False,12964,3994,46051214,174948303,46051576,174948493,0,0,1666063764,432055,distance_to_pickup,BATCH,hungarian,0,0,order,1
1666495819,293581,2297,7739.682487027488,1,True,True,3221,False,12964,3994,45861721,174510844,45864158,174503498,0,0,1666063764,432055,distance_to_pickup,BATCH,hungarian,0,0,order,1
1666495819,262390,402,162.01234520862909,1,True,True,2243,False,12964,3994,45886608,174551437,45886530,174551295,0,0,1666063764,432055,distance_to_pickup,BATCH,hungarian,0,0,order,1
1666495819,22989,2653,2082.0067242926953,1,True,True,2523,False,12964,3994,45866115,174503617,45866511,174501573,0,0,1666063764,432055,distance_to_pickup,BATCH,hungarian,0,0,order,1
1666495819,384855,2343,263.97348351681086,1,True,True,315,False,12964,3994,45840017,174551254,45839966,174550995,0,0,1666063764,432055,distance_to_pickup,BATCH,hungarian,0,0,order,1
1666495819,522419,2191,4996.616855433284,1,True,True,2677,False,12964,3994,45923858,174522165,45919034,174523467,0,0,1666063764,432055,distance_to_pickup,BATCH,hungarian,0,0,order,1
1666495819,354772,4483,4933.574160788505,1,True,True,1216,False,12964,3994,45923858,174522165,45918981,174522910,0,0,1666063765,432054,distance_to_pickup,BATCH,hungarian,0,0,order,1
1666495819,462440,2381,1551.3207276382277,1,True,True,3037,False,12964,3994,46047164,174935275,46045614,174935339,0,0,1666063765,432054,distance_to_pickup,BATCH,hungarian,0,0,order,1
1666495819,213060,2403,343.09328177625395,1,True,True,1936,False,12964,3994,45858333,174577003,45858521,174576716,0,0,1666063765,432054,distance_to_pickup,BATCH,hungarian,0,0,order,1
1666495819,123040,1505,1229.15458751127,1,True,True,3091,False,12964,3994,45900971,174567339,45900785,174568554,0,0,1666063766,432053,distance_to_pickup,BATCH,hungarian,0,0,order,1
1666495819,379495,1807,218.49713956937742,1,True,True,1810,False,12964,3994,45850993,174552713,45851148,174552559,0,0,1666063766,432053,distance_to_pickup,BATCH,hungarian,0,0,order,1
1666495819,3614,4752,2940.3919806719646,1,True,True,987,False,12964,3994,45905276,174543687,45903077,174541735,0,0,1666063766,432053,distance_to_pickup,BATCH,hungarian,0,0,order,1
1666495819,265153,417,76.40026177965623,1,True,True,4019,False,12964,3994,45896148,174555744,45896074,174555763,0,0,1666063766,432053,distance_to_pickup,BATCH,hungarian,0,0,order,1
1666495819,259505,767,72.89718787443039,1,True,True,2243,False,12964,3994,45886608,174551437,45886543,174551404,0,0,1666063766,432053,distance_to_pickup,BATCH,hungarian,0,0,order,1
1666495819,259503,3643,130.4837154590564,1,True,True,2686,False,12964,3994,45859352,174579486,45859437,174579585,0,0,1666063766,432053,distance_to_pickup,BATCH,hungarian,0,0,order,1
1666495819,83312,2101,102.59142264341595,1,True,True,2047,False,12964,3994,45871167,174595947,45871149,174595846,0,0,1666063766,432053,distance_to_pickup,BATCH,hungarian,0,0,order,1
1666495819,454563,576,863.8807788115209,1,True,True,48,False,12964,3994,45866698,174606413,45865835,174606452,0,0,1666063766,432053,distance_to_pickup,BATCH,hungarian,0,0,order,1
1666495819,324332,1997,1008.2623666486813,1,True,True,3762,False,12964,3994,45895086,174589967,45894573,174590835,0,0,1666063767,432052,distance_to_pickup,BATCH,hungarian,0,0,order,1
1666495819,318799,2957,1339.3823203253057,1,True,True,2068,False,12964,3994,45866543,174566296,45865714,174567348,0,0,1666063767,432052,distance_to_pickup,BATCH,hungarian,0,0,order,1
1666495819,61229,2120,173.35801106380978,1,True,True,2079,False,12964,3994,45895418,174554509,45895536,174554382,0,0,1666063768,432051,distance_to_pickup,BATCH,hungarian,0,0,order,1
1666495819,478259,1231,996.6528984556259,1,True,True,690,False,12964,3994,45864551,174569411,45864657,174570402,0,0,1666063768,432051,distance_to_pickup,BATCH,hungarian,0,0,order,1
1666495819,304818,3963,89.88882021697692,1,True,True,2547,False,12964,3994,45868780,174606590,45868748,174606506,0,0,1666063768,432051,distance_to_pickup,BATCH,hungarian,0,0,order,1
1666495819,310501,1847,258.0096897405212,1,True,True,1564,False,12964,3994,45766245,174567179,45766082,174566979,0,0,1666063769,432050,distance_to_pickup,BATCH,hungarian,0,0,order,1
1666495819,327072,4516,70.02856560004639,1,True,True,2118,False,12964,3994,45901998,174586185,45902068,174586187,0,0,1666063769,432050,distance_to_pickup,BATCH,hungarian,0,0,order,1
1666495819,401274,2596,1397.5292483522483,1,True,True,513,False,12964,3994,45866326,174602374,45865318,174603342,0,0,1666063769,432050,distance_to_pickup,BATCH,hungarian,0,0,order,1
1666495819,351964,1598,6445.564211145523,1,True,True,1353,False,12964,3994,45821449,174525577,45825926,174530214,0,0,1666063770,432049,distance_to_pickup,BATCH,hungarian,0,0,order,1
1666495819,183564,83,637.5586247554024,1,True,True,730,False,12964,3994,45900971,174567339,45901386,174567823,0,0,1666063770,432049,distance_to_pickup,BATCH,hungarian,0,0,order,1
1666495819,201161,676,2216.186364004616,1,True,True,1764,False,12964,3994,45842193,174580633,45841934,174578432,0,0,1666063770,432049,distance_to_pickup,BATCH,hungarian,0,0,order,1
1666495819,478261,1324,1258.420041162727,1,True,True,2278,False,12964,3994,45873952,174525559,45872897,174524873,0,0,1666063771,432048,distance_to_pickup,BATCH,hungarian,0,0,order,1
1666495819,156396,2670,4333.156470749701,1,True,True,2184,False,12964,3994,45859514,174606372,45859921,174610686,0,0,1666063771,432048,distance_to_pickup,BATCH,hungarian,0,0,order,1
1666495819,287973,1171,419.65938569273055,1,True,True,1848,False,12964,3994,46044381,174941835,46044656,174941518,0,0,1666063771,432048,distance_to_pickup,BATCH,hungarian,0,0,order,1
1666495819,433275,661,284.29737951659,1,True,True,48,False,12964,3994,45872538,174606450,45872269,174606542,0,0,1666063771,432048,distance_to_pickup,BATCH,hungarian,0,0,order,1
1666495819,195264,1967,68.6804193347711,1,True,True,2047,False,12964,3994,45870933,174595486,45870914,174595420,0,0,1666063771,432048,distance_to_pickup,BATCH,hungarian,0,0,order,1
1666495819,433274,221,1952.4103052381176,1,True,True,2041,False,12964,3994,45872485,174586837,45870700,174587628,0,0,1666063772,432047,distance_to_pickup,BATCH,hungarian,0,0,order,1
1666495819,296369,1304,47.4236228055175,1,True,True,2500,False,12964,3994,45879856,174634533,45879899,174634513,0,0,1666063772,432047,distance_to_pickup,BATCH,hungarian,0,0,order,1
1666495819,141316,1567,5412.779138298551,1,True,True,1468,False,12964,3994,45877486,174529889,45872663,174527432,0,0,1666063772,432047,distance_to_pickup,BATCH,hungarian,0,0,order,1
1666495819,398504,2234,95.1892851112981,1,True,True,598,False,12964,3994,45874456,174575808,45874506,174575889,0,0,1666063772,432047,distance_to_pickup,BATCH,hungarian,0,0,order,1
1666495819,153429,4124,476.07247347436504,1,True,True,1891,False,12964,3994,45865852,174556038,45865506,174555711,0,0,1666063773,432046,distance_to_pickup,BATCH,hungarian,0,0,order,1
1666495819,299138,2685,32.69556544854363,1,True,True,235,False,12964,3994,45857937,174568139,45857907,174568152,0,0,1666063773,432046,distance_to_pickup,BATCH,hungarian,0,0,order,1
1666495819,198153,433,162.4438364481706,1,True,True,2531,False,12964,3994,45874747,174650084,45874909,174650096,0,0,1666063773,432046,distance_to_pickup,BATCH,hungarian,0,0,order,1
1666495819,227670,1964,511.0772935672255,1,True,True,1505,False,12964,3994,45896298,174578827,45895826,174578631,0,0,1666063773,432046,distance_to_pickup,BATCH,hungarian,0,0,order,1
1666495819,110979,4113,1412.3009594275577,1,True,True,2744,False,12964,3994,45857016,174545368,45856561,174544031,0,0,1666063774,432045,distance_to_pickup,BATCH,hungarian,0,0,order,1
1666495819,444005,2178,31.04834939252005,1,True,True,2047,False,12964,3994,45874534,174590221,45874564,174590213,0,0,1666063774,432045,distance_to_pickup,BATCH,hungarian,0,0,order,1
1666495819,285198,2095,749.4431265946736,1,True,True,2498,False,12964,3994,45860440,174563526,45859812,174563935,0,0,1666063774,432045,distance_to_pickup,BATCH,hungarian,0,0,order,1
1666495819,135229,2447,3738.9929125367435,1,True,True,180,False,12964,3994,45898789,174565755,45897861,174562133,0,0,1666063774,432045,distance_to_pickup,BATCH,hungarian,0,0,order,1
1666495819,452070,1549,9320.38223465111,1,True,True,2213,False,12964,3994,45832550,174539074,45831220,174529849,0,0,1666063774,432045,distance_to_pickup,BATCH,hungarian,0,0,order,1
1666495819,16528,1803,165.7045563646335,1,True,True,3756,False,12964,3994,45871167,174595947,45871324,174596000,0,0,1666063775,432044,distance_to_pickup,BATCH,hungarian,0,0,order,1
1666495819,493768,4218,3194.605609461049,1,True,True,690,False,12964,3994,45854391,174579922,45852579,174582553,0,0,1666063776,432043,distance_to_pickup,BATCH,hungarian,0,0,order,1
1666495819,307650,1270,154.17522498767434,1,True,True,1631,False,12964,3994,45857898,174580631,45858005,174580742,0,0,1666063778,432041,distance_to_pickup,BATCH,hungarian,0,0,order,1
1666495819,376890,826,348.30446451344835,1,True,True,404,False,12964,3994,45883263,174541692,45883609,174541652,0,0,1666063778,432041,distance_to_pickup,BATCH,hungarian,0,0,order,1
1666495819,273714,2012,168.24089871371942,1,True,True,2801,False,12964,3994,45898967,174578284,45898958,174578116,0,0,1666063779,432040,distance_to_pickup,BATCH,hungarian,0,0,order,1
1666495819,430571,862,3620.245433668828,1,True,True,252,False,12964,3994,46047725,174935274,46047046,174931718,0,0,1666063781,432038,distance_to_pickup,BATCH,hungarian,0,0,order,1
1666495819,485995,3426,120.07497657713701,1,True,True,1148,False,12964,3994,45893272,174535152,45893299,174535269,0,0,1666063782,432037,distance_to_pickup,BATCH,hungarian,0,0,order,1
1666495819,395777,1593,2187.499028571213,1,True,True,1096,False,12964,3994,45912320,174519710,45912096,174517534,0,0,1666063783,432036,distance_to_pickup,BATCH,hungarian,0,0,order,1
1666495819,379494,4678,1057.491371123188,1,True,True,40,False,12964,3994,45879590,174635020,45880158,174635912,0,0,1666063785,432034,distance_to_pickup,BATCH,hungarian,0,0,order,1
1666495819,58114,2580,626.422381464775,1,True,True,408,False,12964,3994,45899979,174569978,45900530,174570276,0,0,1666063785,432034,distance_to_pickup,BATCH,hungarian,0,0,order,1
1666495819,132209,1838,1567.6023092608661,1,True,True,782,False,12964,3994,45895086,174589967,45894815,174591511,0,0,1666063787,432032,distance_to_pickup,BATCH,hungarian,0,0,order,1
1666495819,216082,2541,432.40374651475906,1,True,True,2977,False,12964,3994,45879880,174535820,45879587,174536138,0,0,1666063790,432029,distance_to_pickup,BATCH,hungarian,0,0,order,1
1666495819,126319,2960,281.5759222660915,1,True,True,118,False,12964,3994,45865230,174583102,45865016,174582919,0,0,1666080534,415285,distance_to_pickup,BATCH,hungarian,0,0,order,1
1666495819,462663,4137,170.98830369355676,1,True,True,3385,False,12964,3994,45898999,174566316,45898853,174566227,0,0,1666083922,411897,distance_to_pickup,BATCH,hungarian,0,0,order,1
1666495819,276865,686,3698.722076609704,1,True,True,187,False,12964,3994,45884742,174633571,45886741,174630459,0,0,1666101807,394012,distance_to_pickup,BATCH,hungarian,0,0,order,1
1666495819,404196,677,5155.07487821467,1,True,True,1321,False,12964,3994,45860907,174525837,45858776,174521143,0,0,1666102981,392838,distance_to_pickup,BATCH,hungarian,0,0,order,1
1666495819,449617,37,540.2314318882233,1,True,True,2201,False,12964,3994,45867450,174536210,45867831,174535827,0,0,1666105471,390348,distance_to_pickup,BATCH,hungarian,0,0,order,1
1666495819,433521,2445,7560.494494409741,1,True,True,783,False,12964,3994,45832415,174584714,45825464,174587688,0,0,1666108759,387060,distance_to_pickup,BATCH,hungarian,0,0,order,1
1666495819,135532,2041,475.7078935649481,1,True,True,1512,False,12964,3994,45866280,174578700,45866713,174578503,0,0,1666114566,381253,distance_to_pickup,BATCH,hungarian,0,0,order,1
1666495819,83611,1363,937.3606563111127,1,True,True,2480,False,12964,3994,45861606,174574612,45862445,174574194,0,0,1666131884,363935,distance_to_pickup,BATCH,hungarian,0,0,order,1
1666495819,499193,2291,442.3980108454377,1,True,True,2690,False,12964,3994,45874660,174647685,45875100,174647731,0,0,1666143345,352474,distance_to_pickup,BATCH,hungarian,0,0,order,1
1666495819,441587,1335,247.0,1,True,True,1049,False,12964,3994,45879590,174635020,45879685,174635248,0,0,1666144144,351675,distance_to_pickup,BATCH,hungarian,0,0,order,1
1666495819,499194,4029,216.6887168266959,1,True,True,1045,False,12964,3994,45861334,174558423,45861209,174558246,0,0,1666144362,351457,distance_to_pickup,BATCH,hungarian,0,0,order,1
1666495819,338344,2070,370.25936855129,1,True,True,1250,False,12964,3994,45890444,174572525,45890810,174572581,0,0,1666145411,350408,distance_to_pickup,BATCH,hungarian,0,0,order,1
1666495819,346690,2203,1131.2364916320548,1,True,True,2488,False,12964,3994,45868603,174546158,45868339,174547258,0,0,1666145497,350322,distance_to_pickup,BATCH,hungarian,0,0,order,1
1666495819,433555,466,698.5649576095268,1,True,True,997,False,12964,3994,45880733,174580196,45880106,174580504,0,0,1666145507,350312,distance_to_pickup,BATCH,hungarian,0,0,order,1
1666495819,514912,1680,6542.587408663334,1,True,True,595,False,12964,3994,45822976,174546904,45818889,174541795,0,0,1666145526,350293,distance_to_pickup,BATCH,hungarian,0,0,order,1
1666495819,80545,2888,1185.118137571103,1,True,True,486,False,12964,3994,45860863,174572580,45861980,174572976,0,0,1666145654,350165,distance_to_pickup,BATCH,hungarian,0,0,order,1
1666495819,135553,383,2606.978519282428,1,True,True,1073,False,12964,3994,45889193,174615514,45891789,174615753,0,0,1666145672,350147,distance_to_pickup,BATCH,hungarian,0,0,order,1
1666495819,433558,42,492.44796679446245,1,True,True,783,False,12964,3994,45816807,174564475,45816315,174564454,0,0,1666145872,349947,distance_to_pickup,BATCH,hungarian,0,0,order,1
1666495819,165888,2338,4326.254384568711,1,True,True,2244,False,12964,3994,45819784,174525705,45820170,174530014,0,0,1666145900,349919,distance_to_pickup,BATCH,hungarian,0,0,order,1
1666495819,541021,2062,892.7183206364704,1,True,True,3342,False,12964,3994,45840017,174551254,45840856,174551559,0,0,1666146186,349633,distance_to_pickup,BATCH,hungarian,0,0,order,1
1666495819,7224,101,388.75313503559045,1,True,True,2496,False,12964,3994,45877726,174579213,45877561,174579565,0,0,1666146609,349210,distance_to_pickup,BATCH,hungarian,0,0,order,1
1666495819,99154,158,406.00492607848986,1,True,True,3086,False,12964,3994,45871989,174587756,45871891,174588150,0,0,1666146920,348899,distance_to_pickup,BATCH,hungarian,0,0,order,1
1666495819,454837,3911,2260.587976611395,1,True,True,2716,False,12964,3994,45889943,174537587,45890450,174539790,0,0,1666147545,348274,distance_to_pickup,BATCH,hungarian,0,0,order,1
1666495819,566641,4412,510.88648445618526,1,True,True,1800,False,12964,3994,45857120,174606081,45856717,174606395,0,0,1666147584,348235,distance_to_pickup,BATCH,hungarian,0,0,order,1
1666495819,481139,2157,1040.7535731382334,1,True,True,189,False,12964,3994,45847796,174583688,45846824,174584060,0,0,1666147809,348010,distance_to_pickup,BATCH,hungarian,0,0,order,1
1666495819,177850,1727,6158.482361751148,1,True,True,702,False,12964,3994,45857120,174606081,45855612,174612052,0,0,1666147963,347856,distance_to_pickup,BATCH,hungarian,0,0,order,1
1666495819,305120,2142,171.54008277950666,1,True,True,809,False,12964,3994,45867455,174605518,45867604,174605603,0,0,1666148281,347538,distance_to_pickup,BATCH,hungarian,0,0,order,1
1666495819,49025,4155,702.8356849221587,1,True,True,741,False,12964,3994,45865491,174568754,45864854,174568457,0,0,1666148377,347442,distance_to_pickup,BATCH,hungarian,0,0,order,1
1666495819,507079,1448,5136.755396162056,1,True,True,513,False,12964,3994,45853104,174578614,45850124,174574430,0,0,1666148434,347385,distance_to_pickup,BATCH,hungarian,0,0,order,1
1666495819,29690,2018,34.655446902326915,1,True,True,1113,False,12964,3994,45860156,174572564,45860180,174572589,0,0,1666148518,347301,distance_to_pickup,BATCH,hungarian,0,0,order,1
1666495819,821,3479,3289.325918786401,1,True,True,101,False,12964,3994,45878105,174577045,45881261,174576118,0,0,1666148529,347290,distance_to_pickup,BATCH,hungarian,0,0,order,1
1666495819,195625,3018,725.5522034974465,1,True,True,1509,False,12964,3994,45855857,174553570,45856208,174554205,0,0,1666148537,347282,distance_to_pickup,BATCH,hungarian,0,0,order,1
1666495819,213416,3946,126.30122723077555,1,True,True,2328,False,12964,3994,45857898,174580631,45857922,174580507,0,0,1666148586,347233,distance_to_pickup,BATCH,hungarian,0,0,order,1
1666495819,239625,3026,194.03092537015846,1,True,True,3315,False,12964,3994,45905850,174529930,45906042,174529958,0,0,1666148591,347228,distance_to_pickup,BATCH,hungarian,0,0,order,1
1666495819,204417,540,72.42237223399962,1,True,True,296,False,12964,3994,45875792,174574232,45875750,174574291,0,0,1666148596,347223,distance_to_pickup,BATCH,hungarian,0,0,order,1
1666495819,332913,4117,451.7875606963963,1,True,True,3237,False,12964,3994,45855737,174570545,45855313,174570701,0,0,1666148688,347131,distance_to_pickup,BATCH,hungarian,0,0,order,1
1666495819,460087,1218,234.54637068179076,1,True,True,1541,False,12964,3994,45865177,174556709,45864943,174556693,0,0,1666148693,347126,distance_to_pickup,BATCH,hungarian,0,0,order,1
1666495819,256950,2115,1652.5159605885808,1,True,True,4382,False,12964,3994,45867106,174600746,45868746,174600543,0,0,1666148699,347120,distance_to_pickup,BATCH,hungarian,0,0,order,1
1666495819,509703,3413,14230.529048492892,1,True,True,4151,False,12964,3994,45832197,174583138,45817971,174582779,0,0,1666148783,347036,distance_to_pickup,BATCH,hungarian,0,0,order,1
1666495819,332908,3935,1772.1650600325015,1,True,True,1615,False,12964,3994,45882640,174597842,45883828,174599157,0,0,1666148784,347035,distance_to_pickup,BATCH,hungarian,0,0,order,1
1666495819,80572,1794,910.6662396289872,1,True,True,3577,False,12964,3994,45883675,174630948,45884043,174630115,0,0,1666148785,347034,distance_to_pickup,BATCH,hungarian,0,0,order,1
1666495819,123398,1416,130.0,1,True,True,3560,False,12964,3994,45865177,174556709,45865227,174556589,0,0,1666148862,346957,distance_to_pickup,BATCH,hungarian,0,0,order,1
1666495819,321915,4032,181.89282558693733,1,True,True,746,False,12964,3994,45860804,174548317,45860623,174548299,0,0,1666148865,346954,distance_to_pickup,BATCH,hungarian,0,0,order,1
1666495819,501843,188,3856.442531660494,1,True,True,1803,False,12964,3994,45878269,174600078,45874987,174598053,0,0,1666148889,346930,distance_to_pickup,BATCH,hungarian,0,0,order,1
1666495819,271217,2276,292.64312737530673,1,True,True,1857,False,12964,3994,45879807,174547174,45879929,174547440,0,0,1666148917,346902,distance_to_pickup,BATCH,hungarian,0,0,order,1
1666495819,126377,2592,2735.295962048714,1,True,True,3580,False,12964,3994,45872441,174544200,45874229,174542130,0,0,1666148918,346901,distance_to_pickup,BATCH,hungarian,0,0,order,1
1666495819,401540,690,599.9208281098432,1,True,True,584,False,12964,3994,45869623,174557514,45870211,174557633,0,0,1666148966,346853,distance_to_pickup,BATCH,hungarian,0,0,order,1
1666495819,92997,2374,1407.2743158318494,1,True,True,1889,False,12964,3994,45883731,174631022,45882386,174631436,0,0,1666148974,346845,distance_to_pickup,BATCH,hungarian,0,0,order,1
1666495819,566674,1442,652.8705844193013,1,True,True,3374,False,12964,3994,45901660,174579130,45901468,174578506,0,0,1666148982,346837,distance_to_pickup,BATCH,hungarian,0,0,order,1
1666495819,520038,150,76.60939890117922,1,True,True,2861,False,12964,3994,45871310,174544013,45871372,174544058,0,0,1666148989,346830,distance_to_pickup,BATCH,hungarian,0,0,order,1
1666495819,417639,2698,721.6120841560236,1,True,True,369,False,12964,3994,45890484,174561508,45890752,174562178,0,0,1666149025,346794,distance_to_pickup,BATCH,hungarian,0,0,order,1
1666495819,144718,4673,4337.800594771503,1,True,True,355,False,12964,3994,45858952,174561840,45854627,174561507,0,0,1666149028,346791,distance_to_pickup,BATCH,hungarian,0,0,order,1
1666495819,219355,3174,710.4400045042509,1,True,True,3929,False,12964,3994,45839621,174581329,45840174,174580883,0,0,1666149043,346776,distance_to_pickup,BATCH,hungarian,0,0,order,1
1666495819,213421,394,1148.4128177619752,1,True,True,3337,False,12964,3994,45846633,174615138,45845579,174615594,0,0,1666149043,346776,distance_to_pickup,BATCH,hungarian,0,0,order,1
1666495819,23382,3109,1532.222568689027,1,True,True,1839,False,12964,3994,45867117,174556837,45868312,174557796,0,0,1666149085,346734,distance_to_pickup,BATCH,hungarian,0,0,order,1
1666495819,548751,1515,2686.3478925857685,1,True,True,2627,False,12964,3994,45891238,174600888,45889350,174602799,0,0,1666149103,346716,distance_to_pickup,BATCH,hungarian,0,0,order,1
1666495819,468066,3117,2146.801574435793,1,True,True,2996,False,12964,3994,45874592,174590556,45873306,174588837,0,0,1666149103,346716,distance_to_pickup,BATCH,hungarian,0,0,order,1
1666495819,327379,2214,822.9003584881951,1,True,True,2901,False,12964,3994,45885478,174592525,45885852,174593258,0,0,1666149103,346716,distance_to_pickup,BATCH,hungarian,0,0,order,1
1666495819,153789,1123,987.943318212133,1,True,True,359,False,12964,3994,45905669,174544560,45906305,174543804,0,0,1666149124,346695,distance_to_pickup,BATCH,hungarian,0,0,order,1
1666495819,530592,2265,2192.806649023119,1,True,True,3164,False,12964,3994,45841850,174559905,45842395,174557781,0,0,1666149133,346686,distance_to_pickup,BATCH,hungarian,0,0,order,1
1666495819,132551,2184,4833.191905976836,1,True,True,2670,False,12964,3994,45850798,174613138,45847486,174616658,0,0,1666149144,346675,distance_to_pickup,BATCH,hungarian,0,0,order,1
1666495819,473313,691,210.61813787041228,1,True,True,1462,False,12964,3994,45887697,174556801,45887591,174556619,0,0,1666149152,346667,distance_to_pickup,BATCH,hungarian,0,0,order,1
1666495819,504529,4229,10596.510557726067,1,True,True,670,False,12964,3994,45927610,174521620,45929366,174532070,0,0,1666149165,346654,distance_to_pickup,BATCH,hungarian,0,0,order,1
1666495819,341184,2008,3638.270193374868,1,True,True,3328,False,12964,3994,45851726,174617410,45852369,174620991,0,0,1666149188,346631,distance_to_pickup,BATCH,hungarian,0,0,order,1
1666495819,460102,2798,80.02499609497022,1,True,True,46,False,12964,3994,45872485,174586837,45872487,174586757,0,0,1666149192,346627,distance_to_pickup,BATCH,hungarian,0,0,order,1
1666495819,541033,868,3658.430811153875,1,True,True,771,False,12964,3994,45895612,174555834,45895432,174559488,0,0,1666149213,346606,distance_to_pickup,BATCH,hungarian,0,0,order,1
1666495819,387991,3175,1718.599720702875,1,True,True,25,False,12964,3994,45867117,174556837,45868476,174557889,0,0,1666149215,346604,distance_to_pickup,BATCH,hungarian,0,0,order,1
1666495819,248382,967,131.13733259449805,1,True,True,4126,False,12964,3994,45885757,174583286,45885751,174583417,0,0,1666149218,346601,distance_to_pickup,BATCH,hungarian,0,0,order,1
1666495819,430928,2119,339.7793401606401,1,True,True,3111,False,12964,3994,45886325,174535736,45886348,174536075,0,0,1666149228,346591,distance_to_pickup,BATCH,hungarian,0,0,order,1
1666495819,74155,1597,6873.895329432941,1,True,True,2671,False,12964,3994,45820365,174535907,45816094,174541293,0,0,1666149238,346581,distance_to_pickup,BATCH,hungarian,0,0,order,1
1666495819,126393,3488,929.4492993165361,1,True,True,981,False,12964,3994,45861700,174583580,45861620,174584506,0,0,1666149252,346567,distance_to_pickup,BATCH,hungarian,0,0,order,1
1666495819,189769,1273,1763.2526761641395,1,True,True,3176,False,12964,3994,45867140,174551189,45867004,174552947,0,0,1666149255,346564,distance_to_pickup,BATCH,hungarian,0,0,order,1
1666495819,210469,1274,3737.933653771827,1,True,True,3634,False,12964,3994,45873188,174570382,45875856,174567764,0,0,1666149261,346558,distance_to_pickup,BATCH,hungarian,0,0,order,1
1666495819,491451,3953,2135.4774641751665,1,True,True,2397,False,12964,3994,45865954,174526117,45868012,174526687,0,0,1666149268,346551,distance_to_pickup,BATCH,hungarian,0,0,order,1
1666495819,368956,4319,705.819381995139,1,True,True,3527,False,12964,3994,45859227,174576074,45858522,174576040,0,0,1666149272,346547,distance_to_pickup,BATCH,hungarian,0,0,order,1
1666495819,291064,1984,151.19854496654392,1,True,True,2403,False,12964,3994,45870744,174548337,45870594,174548318,0,0,1666149275,346544,distance_to_pickup,BATCH,hungarian,0,0,order,1
1666495819,141631,526,8666.47708125972,1,True,True,528,False,12964,3994,45926591,174593915,45926431,174585250,0,0,1666149285,346534,distance_to_pickup,BATCH,hungarian,0,0,order,1
1666495819,398846,2921,2144.565690297222,1,True,True,1963,False,12964,3994,45912781,174525450,45914440,174524091,0,0,1666149294,346525,distance_to_pickup,BATCH,hungarian,0,0,order,1
1666495819,71026,2145,5850.53442003378,1,True,True,702,False,12964,3994,45850798,174613138,45847021,174617606,0,0,1666149295,346524,distance_to_pickup,BATCH,hungarian,0,0,order,1
1666495819,374467,2072,427.1440038207256,1,True,True,2469,False,12964,3994,45859558,174565479,45859282,174565805,0,0,1666149297,346522,distance_to_pickup,BATCH,hungarian,0,0,order,1
1666495819,494056,2594,129.55307792561317,1,True,True,2546,False,12964,3994,45857898,174580631,45857918,174580759,0,0,1666149309,346510,distance_to_pickup,BATCH,hungarian,0,0,order,1
1666495819,74148,2206,1869.0663444618547,1,True,True,1839,False,12964,3994,45867117,174556837,45868670,174557877,0,0,1666149327,346492,distance_to_pickup,BATCH,hungarian,0,0,order,1
1666495819,355094,998,1165.3686112127784,1,True,True,4053,False,12964,3994,45918844,174566876,45917822,174567436,0,0,1666149328,346491,distance_to_pickup,BATCH,hungarian,0,0,order,1
1666495819,39270,4463,4398.255335925826,1,True,True,4053,False,12964,3994,45914255,174560861,45912600,174556786,0,0,1666149341,346478,distance_to_pickup,BATCH,hungarian,0,0,order,1
1666495819,338391,2197,1506.7740374721088,1,True,True,802,False,12964,3994,45867117,174556837,45868425,174557585,0,0,1666149341,346478,distance_to_pickup,BATCH,hungarian,0,0,order,1
1666495819,379762,2048,4094.128600813609,1,True,True,205,False,12964,3994,45865230,174583102,45868338,174585767,0,0,1666149346,346473,distance_to_pickup,BATCH,hungarian,0,0,order,1
1666495819,436264,1810,343.0976537372414,1,True,True,1108,False,12964,3994,45862637,174575984,45862297,174576030,0,0,1666149349,346470,distance_to_pickup,BATCH,hungarian,0,0,order,1
1666495819,305156,3561,3548.677781935125,1,True,True,3829,False,12964,3994,45923690,174524047,45920295,174525080,0,0,1666149349,346470,distance_to_pickup,BATCH,hungarian,0,0,order,1
1666495819,64771,1476,1069.5723444442642,1,True,True,168,False,12964,3994,45901257,174555664,45900976,174556696,0,0,1666149357,346462,distance_to_pickup,BATCH,hungarian,0,0,order,1
1666495819,546163,1526,494.91918532220996,1,True,True,2785,False,12964,3994,45895293,174577615,45895454,174578083,0,0,1666149357,346462,distance_to_pickup,BATCH,hungarian,0,0,order,1
1666495819,398861,1919,32.64965543462902,1,True,True,2312,False,12964,3994,45867657,174567005,45867632,174567026,0,0,1666149363,346456,distance_to_pickup,BATCH,hungarian,0,0,order,1
1666495819,80586,2466,147.95945390545344,1,True,True,549,False,12964,3994,45904363,174536924,45904329,174536780,0,0,1666149364,346455,distance_to_pickup,BATCH,hungarian,0,0,order,1
1666495819,357869,4368,3730.3128555122557,1,True,True,746,False,12964,3994,45860804,174548317,45862549,174545020,0,0,1666149376,346443,distance_to_pickup,BATCH,hungarian,0,0,order,1
1666495819,268356,1212,66.70832032063167,1,True,True,492,False,12964,3994,45898392,174553042,45898331,174553015,0,0,1666149381,346438,distance_to_pickup,BATCH,hungarian,0,0,order,1
1666495819,299485,2311,50.44799302251776,1,True,True,1040,False,12964,3994,45896070,174555813,45896031,174555781,0,0,1666149387,346432,distance_to_pickup,BATCH,hungarian,0,0,order,1
1666495819,465386,1671,283.5507009337131,1,True,True,2140,False,12964,3994,45853011,174600213,45852946,174600489,0,0,1666149390,346429,distance_to_pickup,BATCH,hungarian,0,0,order,1
1666495819,159787,563,2535.8331964070508,1,True,True,464,False,12964,3994,45905669,174544560,45903134,174544495,0,0,1666149391,346428,distance_to_pickup,BATCH,hungarian,0,0,order,1
1666495819,460114,3711,1488.3322881668596,1,True,True,1582,False,12964,3994,45857919,174575648,45858581,174574315,0,0,1666149401,346418,distance_to_pickup,BATCH,hungarian,0,0,order,1
1666495819,414911,2350,280.72228269234347,1,True,True,85,False,12964,3994,45895418,174554509,45895457,174554231,0,0,1666149401,346418,distance_to_pickup,BATCH,hungarian,0,0,order,1
1666495819,352295,3964,109.04127658827184,1,True,True,2162,False,12964,3994,45882306,174565556,45882327,174565663,0,0,1666149402,346417,distance_to_pickup,BATCH,hungarian,0,0,order,1
1666495819,141657,1947,1871.8172987767796,1,True,True,1534,False,12964,3994,45922878,174552100,45924738,174552310,0,0,1666149407,346412,distance_to_pickup,BATCH,hungarian,0,0,order,1
1666495819,291056,2483,1738.11507098926,1,True,True,1529,False,12964,3994,45858970,174561280,45857508,174560340,0,0,1666149408,346411,distance_to_pickup,BATCH,hungarian,0,0,order,1
1666495819,460125,3489,117.27318534089538,1,True,True,1534,False,12964,3994,45920696,174542576,45920744,174542683,0,0,1666149408,346411,distance_to_pickup,BATCH,hungarian,0,0,order,1
1666495819,52227,1321,623.2984838742992,1,True,True,3782,False,12964,3994,45877696,174531930,45877897,174531340,0,0,1666149423,346396,distance_to_pickup,BATCH,hungarian,0,0,order,1
1666495819,262716,2681,237.69938998659632,1,True,True,3429,False,12964,3994,45854218,174605010,45854019,174604880,0,0,1666149425,346394,distance_to_pickup,BATCH,hungarian,0,0,order,1
1666495819,216445,186,612.3536559864732,1,True,True,3318,False,12964,3994,45875400,174648139,45876009,174648203,0,0,1666149426,346393,distance_to_pickup,BATCH,hungarian,0,0,order,1
1666495819,207402,3748,2673.0067339982515,1,True,True,1087,False,12964,3994,45895612,174555834,45895618,174558507,0,0,1666149429,346390,distance_to_pickup,BATCH,hungarian,0,0,order,1
1666495819,102312,3404,257.84685377176896,1,True,True,1343,False,12964,3994,45857120,174606081,45856878,174605992,0,0,1666149435,346384,distance_to_pickup,BATCH,hungarian,0,0,order,1
1666495819,177885,2492,2790.931206604706,1,True,True,3437,False,12964,3994,45877822,174554837,45877271,174557573,0,0,1666149438,346381,distance_to_pickup,BATCH,hungarian,0,0,order,1
1666495819,248394,2634,1219.2477188824264,1,True,True,1726,False,12964,3994,45877696,174531930,45877809,174530716,0,0,1666149439,346380,distance_to_pickup,BATCH,hungarian,0,0,order,1
1666495819,64770,4014,1105.8485429750315,1,True,True,2297,False,12964,3994,45853017,174510547,45851968,174510197,0,0,1666149439,346380,distance_to_pickup,BATCH,hungarian,0,0,order,1
1666495819,189761,749,511.3755958197458,1,True,True,1525,False,12964,3994,45858090,174555310,45857934,174555797,0,0,1666149443,346376,distance_to_pickup,BATCH,hungarian,0,0,order,1
1666495819,335602,2832,563.7730039652484,1,True,True,2314,False,12964,3994,45877540,174579160,45876996,174579308,0,0,1666149444,346375,distance_to_pickup,BATCH,hungarian,0,0,order,1
1666495819,357867,766,309.7256850827842,1,True,True,2317,False,12964,3994,45893272,174535152,45893313,174535459,0,0,1666149448,346371,distance_to_pickup,BATCH,hungarian,0,0,order,1
1666495819,204436,2603,3896.5138264864404,1,True,True,829,False,12964,3994,45866511,174563245,45870393,174563581,0,0,1666149448,346371,distance_to_pickup,BATCH,hungarian,0,0,order,1
1666495819,153795,3560,1278.5683399803079,1,True,True,883,False,12964,3994,45868333,174538277,45868252,174539553,0,0,1666149456,346363,distance_to_pickup,BATCH,hungarian,0,0,order,1
1666495819,39272,2256,4775.804120773799,1,True,True,3189,False,12964,3994,45857120,174606081,45856256,174610778,0,0,1666149462,346357,distance_to_pickup,BATCH,hungarian,0,0,order,1
1666495819,527951,2112,187.2591786802452,1,True,True,4113,False,12964,3994,45847500,174551097,45847679,174551152,0,0,1666149463,346356,distance_to_pickup,BATCH,hungarian,0,0,order,1
1666495819,195646,187,1822.7764536552472,1,True,True,4068,False,12964,3994,45875400,174648139,45877195,174648456,0,0,1666149464,346355,distance_to_pickup,BATCH,hungarian,0,0,order,1
1666495819,147731,1868,100.89598604503551,1,True,True,547,False,12964,3994,45897938,174552992,45898002,174552914,0,0,1666149466,346353,distance_to_pickup,BATCH,hungarian,0,0,order,1
1666495819,285536,4241,1062.4170555859878,1,True,True,2517,False,12964,3994,45910612,174531037,45909651,174531490,0,0,1666149468,346351,distance_to_pickup,BATCH,hungarian,0,0,order,1
1666495819,496571,2322,63.06346010171025,1,True,True,1603,False,12964,3994,45849487,174566808,45849471,174566747,0,0,1666149488,346331,distance_to_pickup,BATCH,hungarian,0,0,order,1
1666495819,265487,1835,785.4279088496919,1,True,True,25,False,12964,3994,45867140,174551189,45867636,174550580,0,0,1666149492,346327,distance_to_pickup,BATCH,hungarian,0,0,order,1
1666495819,507095,3280,711.9417110971937,1,True,True,2972,False,12964,3994,45865902,174600697,45865217,174600503,0,0,1666149494,346325,distance_to_pickup,BATCH,hungarian,0,0,order,1
1666495819,192649,4296,2183.6155797209362,1,True,True,2101,False,12964,3994,45878269,174600078,45876118,174600454,0,0,1666149501,346318,distance_to_pickup,BATCH,hungarian,0,0,order,1
1666495819,132566,757,289.77404990785493,1,True,True,325,False,12964,3994,45905850,174529930,45906137,174529970,0,0,1666149503,346316,distance_to_pickup,BATCH,hungarian,0,0,order,1
1666495819,86755,440,173.216627377397,1,True,True,244,False,12964,3994,45880750,174579924,45880890,174580026,0,0,1666149506,346313,distance_to_pickup,BATCH,hungarian,0,0,order,1
1666495819,239642,4379,2389.052113286774,1,True,True,2725,False,12964,3994,45893272,174535152,45895351,174536329,0,0,1666149507,346312,distance_to_pickup,BATCH,hungarian,0,0,order,1
1666495819,449676,308,4384.50590146712,1,True,True,3782,False,12964,3994,45877696,174531930,45873682,174530166,0,0,1666149508,346311,distance_to_pickup,BATCH,hungarian,0,0,order,1
1666495819,406951,1079,607.8198746339248,1,True,True,2288,False,12964,3994,45889986,174545204,45890544,174545445,0,0,1666149508,346311,distance_to_pickup,BATCH,hungarian,0,0,order,1
1666495819,393412,3267,381.4944298413805,1,True,True,3267,True,12964,3994,45895807,174533887,45895484,174533684,0,0,1666149509,346310,distance_to_pickup,BATCH,hungarian,0,0,order,1
1666495819,123386,3061,5315.9460117649805,1,True,True,4466,False,12964,3994,45846475,174587390,45844416,174592291,0,0,1666149510,346309,distance_to_pickup,BATCH,hungarian,0,0,order,1
1666495819,123387,2059,60.29925372672534,1,True,True,2869,False,12964,3994,45860748,174572540,45860808,174572534,0,0,1666149514,346305,distance_to_pickup,BATCH,hungarian,0,0,order,1
1666495819,150733,4152,2859.1573933590994,1,True,True,2440,False,12964,3994,45865954,174526117,45868813,174526087,0,0,1666149515,346304,distance_to_pickup,BATCH,hungarian,0,0,order,1
1666495819,355084,615,434.77005416656743,1,True,True,3605,False,12964,3994,45905153,174560579,45905321,174560178,0,0,1666149517,346302,distance_to_pickup,BATCH,hungarian,0,0,order,1
1666495819,379772,1595,1814.3571864437279,1,True,True,2504,False,12964,3994,45880110,174548040,45881924,174548076,0,0,1666149518,346301,distance_to_pickup,BATCH,hungarian,0,0,order,1
1666495819,274056,285,720.8217532788533,1,True,True,135,False,12964,3994,45886315,174563478,45885887,174564058,0,0,1666149522,346297,distance_to_pickup,BATCH,hungarian,0,0,order,1
1666495819,302314,3290,2331.0763608256166,1,True,True,1395,False,12964,3994,45839260,174550980,45836954,174550639,0,0,1666149526,346293,distance_to_pickup,BATCH,hungarian,0,0,order,1
1666495819,330100,2621,2583.844035540845,1,True,True,1357,False,12964,3994,45860907,174525837,45859682,174523562,0,0,1666149527,346292,distance_to_pickup,BATCH,hungarian,0,0,order,1
1666495819,425628,2194,157.0636813525011,1,True,True,1010,False,12964,3994,45863158,174579571,45863020,174579646,0,0,1666149528,346291,distance_to_pickup,BATCH,hungarian,0,0,order,1
1666495819,77335,2520,2378.420694494563,1,True,True,4244,False,12964,3994,45897720,174529815,45895407,174529261,0,0,1666149529,346290,distance_to_pickup,BATCH,hungarian,0,0,order,1
1666495819,180931,235,434.35584490138956,1,True,True,513,False,12964,3994,45854870,174575810,45855019,174576218,0,0,1666149538,346281,distance_to_pickup,BATCH,hungarian,0,0,order,1
1666495819,460126,4450,831.2262026668793,1,True,True,2976,False,12964,3994,45861490,174545510,45861701,174544706,0,0,1666149538,346281,distance_to_pickup,BATCH,hungarian,0,0,order,1
1666495819,45889,3297,4082.7805476170283,1,True,True,4115,False,12964,3994,45923690,174524047,45920986,174527106,0,0,1666149540,346279,distance_to_pickup,BATCH,hungarian,0,0,order,1
1666495819,561644,3723,3344.010316969731,1,True,True,3223,False,12964,3994,45889061,174525829,45885779,174526470,0,0,1666149543,346276,distance_to_pickup,BATCH,hungarian,0,0,order,1
1666495819,52247,390,1836.7498468762697,1,True,True,1594,False,12964,3994,45896231,174555803,45896420,174557630,0,0,1666149544,346275,distance_to_pickup,BATCH,hungarian,0,0,order,1
1666495819,449673,2689,369.0663896916109,1,True,True,1193,False,12964,3994,45900971,174567339,45900604,174567300,0,0,1666149545,346274,distance_to_pickup,BATCH,hungarian,0,0,order,1
1666495819,99139,3017,77.79460135510689,1,True,True,827,False,12964,3994,45898380,174554072,45898306,174554048,0,0,1666149548,346271,distance_to_pickup,BATCH,hungarian,0,0,order,1
1666495819,409635,645,644.1816513996654,1,True,True,902,False,12964,3994,45865852,174556038,45866189,174555489,0,0,1666149550,346269,distance_to_pickup,BATCH,hungarian,0,0,order,1
1666495819,478591,1327,1623.14170669107,1,True,True,595,False,12964,3994,45822976,174546904,45823218,174545299,0,0,1666149550,346269,distance_to_pickup,BATCH,hungarian,0,0,order,1
1666495819,174891,1470,548.3365754716714,1,True,True,4270,False,12964,3994,45851335,174555897,45851083,174556384,0,0,1666149554,346265,distance_to_pickup,BATCH,hungarian,0,0,order,1
1666495819,111345,2313,603.7391820977002,1,True,True,314,False,12964,3994,45871470,174571449,45871669,174570879,0,0,1666149556,346263,distance_to_pickup,BATCH,hungarian,0,0,order,1
1666495819,271244,3271,414.6757769631595,1,True,True,633,False,12964,3994,45885303,174582680,45885469,174583060,0,0,1666149558,346261,distance_to_pickup,BATCH,hungarian,0,0,order,1
1666495819,259850,2922,412.58696053074675,1,True,True,2491,False,12964,3994,45878745,174634478,45878333,174634500,0,0,1666149560,346259,distance_to_pickup,BATCH,hungarian,0,0,order,1
1666495819,180939,170,610.9991816688464,1,True,True,578,False,12964,3994,45861427,174575615,45861505,174576221,0,0,1666149562,346257,distance_to_pickup,BATCH,hungarian,0,0,order,1
1666495819,126389,3625,78.2368199762746,1,True,True,3211,False,12964,3994,45893843,174533685,45893779,174533640,0,0,1666149565,346254,distance_to_pickup,BATCH,hungarian,0,0,order,1
1666495819,406953,1206,1574.9873015361109,1,True,True,1087,False,12964,3994,45895612,174555834,45894759,174557158,0,0,1666149566,346253,distance_to_pickup,BATCH,hungarian,0,0,order,1
1666495819,204442,2373,19.209372712298546,1,True,True,1042,False,12964,3994,45880249,174546573,45880234,174546561,0,0,1666149569,346250,distance_to_pickup,BATCH,hungarian,0,0,order,1
1666495819,262726,1221,666.3482572949373,1,True,True,340,False,12964,3994,45869364,174570875,45868768,174570577,0,0,1666149572,346247,distance_to_pickup,BATCH,hungarian,0,0,order,1
1666495819,36130,3363,409.4532940397476,1,True,True,544,False,12964,3994,45904363,174536924,45904027,174537158,0,0,1666149572,346247,distance_to_pickup,BATCH,hungarian,0,0,order,1
1666495819,452335,3744,1559.5694918790891,1,True,True,1582,False,12964,3994,45857919,174575648,45858598,174574244,0,0,1666149576,346243,distance_to_pickup,BATCH,hungarian,0,0,order,1
1666495819,153796,1753,6310.87188904988,1,True,True,2440,False,12964,3994,45865954,174526117,45872206,174526977,0,0,1666149577,346242,distance_to_pickup,BATCH,hungarian,0,0,order,1
1666495819,189765,1798,1980.4709035984347,1,True,True,4292,False,12964,3994,45849895,174566798,45851396,174565506,0,0,1666149580,346239,distance_to_pickup,BATCH,hungarian,0,0,order,1
1666495819,132571,3492,521.7671894628868,1,True,True,2394,False,12964,3994,45854334,174566846,45854199,174567350,0,0,1666149584,346235,distance_to_pickup,BATCH,hungarian,0,0,order,1
1666495819,102316,1944,36.68787265568828,1,True,True,356,False,12964,3994,45900986,174582830,45900951,174582819,0,0,1666149584,346235,distance_to_pickup,BATCH,hungarian,0,0,order,1
1666495819,307982,2428,2896.2475722907393,1,True,True,2589,False,12964,3994,45860907,174525837,45861942,174523132,0,0,1666149588,346231,distance_to_pickup,BATCH,hungarian,0,0,order,1
1666495819,291059,4087,94.03190947758107,1,True,True,989,False,12964,3994,45886544,174540112,45886493,174540191,0,0,1666149589,346230,distance_to_pickup,BATCH,hungarian,0,0,order,1
1666495819,144735,3094,854.625649041731,1,True,True,2019,False,12964,3994,45886315,174563478,45885932,174564242,0,0,1666149590,346229,distance_to_pickup,BATCH,hungarian,0,0,order,1
1666495819,204444,3653,330.3891644712338,1,True,True,1722,False,12964,3994,45830737,174561329,45830823,174561010,0,0,1666149590,346229,distance_to_pickup,BATCH,hungarian,0,0,order,1
1666495819,23384,3579,543.8235007794349,1,True,True,3968,False,12964,3994,45864213,174615211,45864701,174615451,0,0,1666149595,346224,distance_to_pickup,BATCH,hungarian,0,0,order,1
1666495819,438910,300,1591.6221285217166,1,True,True,1739,False,12964,3994,45867334,174556652,45868840,174556137,0,0,1666149600,346219,distance_to_pickup,BATCH,hungarian,0,0,order,1
1666495819,114372,1996,361.53561373673824,1,True,True,1451,False,12964,3994,45852904,174549538,45853252,174549636,0,0,1666149601,346218,distance_to_pickup,BATCH,hungarian,0,0,order,1
1666495819,16930,1195,532.124045688597,1,True,True,811,False,12964,3994,45895612,174555834,45895482,174556350,0,0,1666149604,346215,distance_to_pickup,BATCH,hungarian,0,0,order,1
1666495819,42553,1655,205.9368835347374,1,True,True,216,False,12964,3994,45894929,174555394,45894876,174555593,0,0,1666149605,346214,distance_to_pickup,BATCH,hungarian,0,0,order,1
1666495819,344035,4605,1703.5222334915386,1,True,True,1203,False,12964,3994,45852983,174578066,45853055,174576364,0,0,1666149606,346213,distance_to_pickup,BATCH,hungarian,0,0,order,1
1666495819,517518,4328,8756.51494602733,1,True,True,1317,False,12964,3994,45836666,174540849,45844281,174536526,0,0,1666149610,346209,distance_to_pickup,BATCH,hungarian,0,0,order,1
1666495819,7270,1170,1181.259074039222,1,True,True,3094,False,12964,3994,45886315,174563478,45885832,174564556,0,0,1666149613,346206,distance_to_pickup,BATCH,hungarian,0,0,order,1
1666495819,114373,2372,426.46570788282617,1,True,True,4765,False,12964,3994,45886081,174590587,45885693,174590410,0,0,1666149615,346204,distance_to_pickup,BATCH,hungarian,0,0,order,1
1666495819,313669,1125,691.2307863514183,1,True,True,2722,False,12964,3994,45869364,174570875,45868826,174570441,0,0,1666149620,346199,distance_to_pickup,BATCH,hungarian,0,0,order,1
1666495819,499219,2279,1202.9505392991018,1,True,True,674,False,12964,3994,45924613,174557214,45923934,174556221,0,0,1666149620,346199,distance_to_pickup,BATCH,hungarian,0,0,order,1
1666495819,541045,5,4334.569067392975,1,True,True,3093,False,12964,3994,45923858,174522165,45919878,174523882,0,0,1666149621,346198,distance_to_pickup,BATCH,hungarian,0,0,order,1
1666495819,371701,468,990.576599763996,1,True,True,1105,False,12964,3994,45887530,174576520,45886551,174576369,0,0,1666149628,346191,distance_to_pickup,BATCH,hungarian,0,0,order,1
1666495819,39289,589,460.4693257970611,1,True,True,85,False,12964,3994,45897890,174565950,45897954,174566406,0,0,1666149630,346189,distance_to_pickup,BATCH,hungarian,0,0,order,1
1666495819,551295,2336,544.0082719959321,1,True,True,2288,False,12964,3994,45889986,174545204,45890530,174545201,0,0,1666149630,346189,distance_to_pickup,BATCH,hungarian,0,0,order,1
1666495819,23383,653,67.47592163134935,1,True,True,428,False,12964,3994,45860150,174572502,45860193,174572450,0,0,1666149630,346189,distance_to_pickup,BATCH,hungarian,0,0,order,1
1666495819,99144,2076,4083.5937604027167,1,True,True,2563,False,12964,3994,45880493,174529817,45881726,174525924,0,0,1666149635,346184,distance_to_pickup,BATCH,hungarian,0,0,order,1
1666495819,36140,2378,575.8280993491027,1,True,True,4244,False,12964,3994,45892888,174524550,45893395,174524277,0,0,1666149637,346182,distance_to_pickup,BATCH,hungarian,0,0,order,1
1666495819,344034,1412,1454.2011552739189,1,True,True,1189,False,12964,3994,45912289,174526370,45913239,174525269,0,0,1666149639,346180,distance_to_pickup,BATCH,hungarian,0,0,order,1
1666495819,198517,1200,1294.7976675913499,1,True,True,1145,False,12964,3994,45876366,174604891,45875461,174603965,0,0,1666149640,346179,distance_to_pickup,BATCH,hungarian,0,0,order,1
1666495819,349472,2966,45.5411901469428,1,True,True,970,False,12964,3994,45872351,174548301,45872366,174548258,0,0,1666149641,346178,distance_to_pickup,BATCH,hungarian,0,0,order,1
1666495819,374487,3717,208.16579930430456,1,True,True,4329,False,12964,3994,45867880,174573167,45867902,174573374,0,0,1666149646,346173,distance_to_pickup,BATCH,hungarian,0,0,order,1
1666495819,417647,3233,254.55844122715712,1,True,True,3750,False,12964,3994,45869364,174570875,45869328,174571127,0,0,1666149648,346171,distance_to_pickup,BATCH,hungarian,0,0,order,1
1666495819,414923,3142,391.41410296513334,1,True,True,1726,False,12964,3994,45877696,174531930,45877998,174531681,0,0,1666149648,346171,distance_to_pickup,BATCH,hungarian,0,0,order,1
1666495819,52225,606,407.2407150568322,1,True,True,76,False,12964,3994,45852942,174591757,45853175,174591423,0,0,1666149648,346171,distance_to_pickup,BATCH,hungarian,0,0,order,1
1666495819,111332,2263,849.518687257673,1,True,True,3506,False,12964,3994,45851052,174551377,45850381,174550856,0,0,1666149649,346170,distance_to_pickup,BATCH,hungarian,0,0,order,1
1666495819,313670,1461,1290.777285204539,1,True,True,1002,False,12964,3994,45877817,174635740,45876808,174634935,0,0,1666149653,346166,distance_to_pickup,BATCH,hungarian,0,0,order,1
1666495819,171913,3448,1132.2336331340807,1,True,True,266,False,12964,3994,45867140,174551189,45868128,174550636,0,0,1666149654,346165,distance_to_pickup,BATCH,hungarian,0,0,order,1
1666495819,36133,3359,3184.2978817943526,1,True,True,3359,True,12964,3994,45878778,174633418,45877805,174630386,0,0,1666149654,346165,distance_to_pickup,BATCH,hungarian,0,0,order,1
1666495819,10523,3171,564.8451115128819,1,True,True,2369,False,12964,3994,45866142,174578749,45866649,174578500,0,0,1666149657,346162,distance_to_pickup,BATCH,hungarian,0,0,order,1
1666495819,321918,3852,227.16733920174352,1,True,True,4103,False,12964,3994,45845808,174552719,45845654,174552886,0,0,1666149657,346162,distance_to_pickup,BATCH,hungarian,0,0,order,1
1666495819,414917,4375,4679.88824652897,1,True,True,613,False,12964,3994,45849548,174566661,45845871,174563766,0,0,1666149661,346158,distance_to_pickup,BATCH,hungarian,0,0,order,1
1666495819,393419,1027,81.8413098624405,1,True,True,2724,False,12964,3994,45871050,174595451,45871117,174595498,0,0,1666149663,346156,distance_to_pickup,BATCH,hungarian,0,0,order,1
1666495819,553858,565,2110.6456358185756,1,True,True,83,False,12964,3994,45886325,174535736,45885552,174533772,0,0,1666149663,346156,distance_to_pickup,BATCH,hungarian,0,0,order,1
1666495819,501860,4200,8305.284161303573,1,True,True,3621,False,12964,3994,45849065,174527425,45840864,174528737,0,0,1666149664,346155,distance_to_pickup,BATCH,hungarian,0,0,order,1
1666495819,99156,2904,2294.640930516145,1,True,True,1615,False,12964,3994,45882640,174597842,45884249,174599478,0,0,1666149664,346155,distance_to_pickup,BATCH,hungarian,0,0,order,1
1666495819,80597,2745,1321.4635825477749,1,True,True,1105,False,12964,3994,45887530,174576520,45887495,174575199,0,0,1666149665,346154,distance_to_pickup,BATCH,hungarian,0,0,order,1
1666495819,165929,2675,729.976027003627,1,True,True,3378,False,12964,3994,45848516,174551348,45849228,174551509,0,0,1666149666,346153,distance_to_pickup,BATCH,hungarian,0,0,order,1
1666495819,207410,2084,1822.936367512591,1,True,True,1045,False,12964,3994,45856328,174549215,45855917,174550991,0,0,1666149668,346151,distance_to_pickup,BATCH,hungarian,0,0,order,1
1666495819,454869,4089,825.4241334005203,1,True,True,486,False,12964,3994,45855857,174553570,45855092,174553260,0,0,1666149669,346150,distance_to_pickup,BATCH,hungarian,0,0,order,1
1666495819,156737,582,434.09906703424275,1,True,True,3694,False,12964,3994,45874639,174648415,45874240,174648586,0,0,1666149670,346149,distance_to_pickup,BATCH,hungarian,0,0,order,1
1666495819,239648,2088,3599.6069229847863,1,True,True,1371,False,12964,3994,45849895,174566798,45849594,174570385,0,0,1666149674,346145,distance_to_pickup,BATCH,hungarian,0,0,order,1
1666495819,20164,2517,294.92371895118913,1,True,True,3625,False,12964,3994,45905850,174529930,45906122,174530044,0,0,1666149677,346142,distance_to_pickup,BATCH,hungarian,0,0,order,1
1666495819,156735,1696,1257.3324938137882,1,True,True,1666,False,12964,3994,45889986,174545204,45891100,174544621,0,0,1666149677,346142,distance_to_pickup,BATCH,hungarian,0,0,order,1
1666495819,245426,732,323.4223245232153,1,True,True,1040,False,12964,3994,45896123,174555589,45896384,174555398,0,0,1666149679,346140,distance_to_pickup,BATCH,hungarian,0,0,order,1
1666495819,13720,889,124.01612798341996,1,True,True,1788,False,12964,3994,45863450,174583210,45863352,174583286,0,0,1666149679,346140,distance_to_pickup,BATCH,hungarian,0,0,order,1
1666495819,462726,1908,775.830522730319,1,True,True,1785,False,12964,3994,45855750,174541130,45855067,174541498,0,0,1666149682,346137,distance_to_pickup,BATCH,hungarian,0,0,order,1
1666495819,546169,1130,2359.495708832716,1,True,True,46,False,12964,3994,45872485,174586837,45870649,174588319,0,0,1666149684,346135,distance_to_pickup,BATCH,hungarian,0,0,order,1
1666495819,390644,1449,550.1581590779147,1,True,True,2996,False,12964,3994,45878066,174592040,45877681,174592433,0,0,1666149687,346132,distance_to_pickup,BATCH,hungarian,0,0,order,1
1666495819,454871,3790,1227.396024109578,1,True,True,2589,False,12964,3994,45860907,174525837,45861708,174524907,0,0,1666149688,346131,distance_to_pickup,BATCH,hungarian,0,0,order,1
1666495819,159792,2990,163.00306745579974,1,True,True,1501,False,12964,3994,45860882,174560946,45860785,174561077,0,0,1666149689,346130,distance_to_pickup,BATCH,hungarian,0,0,order,1
1666495819,470663,2426,778.337972862689,1,True,True,3093,False,12964,3994,45923858,174522165,45923949,174522938,0,0,1666149691,346128,distance_to_pickup,BATCH,hungarian,0,0,order,1
1666495819,45885,1291,1340.3551768094903,1,True,True,3176,False,12964,3994,45867140,174551189,45868386,174551683,0,0,1666149691,346128,distance_to_pickup,BATCH,hungarian,0,0,order,1
1666495819,259842,1181,334.7013594235912,1,True,True,2143,False,12964,3994,45887697,174556801,45887438,174557013,0,0,1666149695,346124,distance_to_pickup,BATCH,hungarian,0,0,order,1
1666495819,159793,1924,676.4148135574796,1,True,True,496,False,12964,3994,45847796,174583688,45847667,174584352,0,0,1666149695,346124,distance_to_pickup,BATCH,hungarian,0,0,order,1
1666495819,449678,4943,16.1245154965971,1,True,True,356,False,12964,3994,45900986,174582830,45900970,174582832,0,0,1666149696,346123,distance_to_pickup,BATCH,hungarian,0,0,order,1
1666495819,274047,2887,126.73200069437868,1,True,True,409,False,12964,3994,45856330,174579593,45856415,174579499,0,0,1666149701,346118,distance_to_pickup,BATCH,hungarian,0,0,order,1
1666495819,422929,4036,3327.703412264981,1,True,True,2505,False,12964,3994,45870883,174595430,45871216,174592119,0,0,1666149701,346118,distance_to_pickup,BATCH,hungarian,0,0,order,1
1666495819,111328,1216,92.5418824100742,1,True,True,4606,False,12964,3994,45912080,174529170,45911988,174529160,0,0,1666149705,346114,distance_to_pickup,BATCH,hungarian,0,0,order,1
1666495819,548763,4212,2621.042540669647,1,True,True,471,False,12964,3994,45878745,174634478,45876287,174633568,0,0,1666149707,346112,distance_to_pickup,BATCH,hungarian,0,0,order,1
1666495819,420268,4022,1270.8925997109275,1,True,True,140,False,12964,3994,45905669,174544560,45904437,174544248,0,0,1666149709,346110,distance_to_pickup,BATCH,hungarian,0,0,order,1
1666495819,473309,1075,147.7193284577208,1,True,True,866,False,12964,3994,45895459,174577390,45895409,174577529,0,0,1666149710,346109,distance_to_pickup,BATCH,hungarian,0,0,order,1
1666495819,219366,939,124.78781991845197,1,True,True,2212,False,12964,3994,45912080,174529170,45912034,174529286,0,0,1666149711,346108,distance_to_pickup,BATCH,hungarian,0,0,order,1
1666495819,265491,24,73.68174807915459,1,True,True,2730,False,12964,3994,45879964,174546543,45880037,174546533,0,0,1666149712,346107,distance_to_pickup,BATCH,hungarian,0,0,order,1
1666495819,327393,4625,2294.4214957152053,1,True,True,1033,False,12964,3994,45876281,174641209,45875954,174643480,0,0,1666149713,346106,distance_to_pickup,BATCH,hungarian,0,0,order,1
1666495819,58491,4068,114.72575996697516,1,True,True,2505,False,12964,3994,45870910,174595859,45870939,174595748,0,0,1666149713,346106,distance_to_pickup,BATCH,hungarian,0,0,order,1
1666495819,4016,2982,350.8446949862574,1,True,True,55,False,12964,3994,45851434,174605726,45851228,174605442,0,0,1666149713,346106,distance_to_pickup,BATCH,hungarian,0,0,order,1
1666495819,465391,1525,207.60780332155147,1,True,True,1269,False,12964,3994,45905905,174526537,45906070,174526411,0,0,1666149716,346103,distance_to_pickup,BATCH,hungarian,0,0,order,1
1666495819,546170,3428,91.76055797563569,1,True,True,504,False,12964,3994,45896070,174555813,45895984,174555781,0,0,1666149719,346100,distance_to_pickup,BATCH,hungarian,0,0,order,1
1666495819,475911,3650,1402.1540571563455,1,True,True,1671,False,12964,3994,45852659,174591682,45851329,174592126,0,0,1666149720,346099,distance_to_pickup,BATCH,hungarian,0,0,order,1
1666495819,16934,914,70.25667228100119,1,True,True,748,False,12964,3994,45898248,174553674,45898318,174553668,0,0,1666149720,346099,distance_to_pickup,BATCH,hungarian,0,0,order,1
1666495819,377185,4646,309.7256850827842,1,True,True,520,False,12964,3994,45898999,174566316,45899196,174566077,0,0,1666149721,346098,distance_to_pickup,BATCH,hungarian,0,0,order,1
1666495819,83688,3235,328.1539272963223,1,True,True,62,False,12964,3994,45884292,174549036,45884610,174548955,0,0,1666149722,346097,distance_to_pickup,BATCH,hungarian,0,0,order,1
1666495819,514956,476,103.94229168149026,1,True,True,1250,False,12964,3994,45890444,174572525,45890342,174572505,0,0,1666149723,346096,distance_to_pickup,BATCH,hungarian,0,0,order,1
1666495819,58492,206,436.58905162635494,1,True,True,1179,False,12964,3994,45852737,174527599,45853164,174527690,0,0,1666149724,346095,distance_to_pickup,BATCH,hungarian,0,0,order,1
1666495819,299492,1426,146.44111444536333,1,True,True,3378,False,12964,3994,45851778,174556439,45851729,174556577,0,0,1666149724,346095,distance_to_pickup,BATCH,hungarian,0,0,order,1
1666495819,385182,2855,1737.8265160826613,1,True,True,2538,False,12964,3994,45885909,174536379,45886944,174537775,0,0,1666149725,346094,distance_to_pickup,BATCH,hungarian,0,0,order,1
1666495819,444317,354,249.68980756130196,1,True,True,3568,False,12964,3994,45885438,174582607,45885491,174582851,0,0,1666149729,346090,distance_to_pickup,BATCH,hungarian,0,0,order,1
1666495819,219367,3104,139.00359707575916,1,True,True,4099,False,12964,3994,45868629,174606647,45868490,174606646,0,0,1666149734,346085,distance_to_pickup,BATCH,hungarian,0,0,order,1
1666495819,236778,1058,5044.320866082966,1,True,True,4068,False,12964,3994,45879956,174650807,45878158,174655520,0,0,1666149739,346080,distance_to_pickup,BATCH,hungarian,0,0,order,1
1666495819,488844,4074,357.3471701301131,1,True,True,3231,False,12964,3994,45874188,174577137,45874219,174577493,0,0,1666149739,346080,distance_to_pickup,BATCH,hungarian,0,0,order,1
1666495819,36142,3820,2064.9719126419127,1,True,True,3217,False,12964,3994,45874016,174535366,45872094,174536121,0,0,1666149741,346078,distance_to_pickup,BATCH,hungarian,0,0,order,1
1666495819,120382,2597,207.9663434308542,1,True,True,38,False,12964,3994,45888941,174525234,45888754,174525325,0,0,1666149742,346077,distance_to_pickup,BATCH,hungarian,0,0,order,1
1666495819,96124,2253,2739.761485969171,1,True,True,2898,False,12964,3994,45899570,174535990,45902283,174535608,0,0,1666149743,346076,distance_to_pickup,BATCH,hungarian,0,0,order,1
1666495819,538511,2494,223.33159203301264,1,True,True,1720,False,12964,3994,45897163,174578404,45897332,174578258,0,0,1666149744,346075,distance_to_pickup,BATCH,hungarian,0,0,order,1
1666495819,39293,1971,11636.763682398985,1,True,True,499,False,12964,3994,45788969,174573114,45800439,174571151,0,0,1666149744,346075,distance_to_pickup,BATCH,hungarian,0,0,order,1
1666495819,177889,144,1691.3337931939986,1,True,True,182,False,12964,3994,45907083,174574096,45908192,174575373,0,0,1666149746,346073,distance_to_pickup,BATCH,hungarian,0,0,order,1
1666495819,420270,1709,2647.7949316365116,1,True,True,891,False,12964,3994,45882724,174541741,45882261,174544348,0,0,1666149746,346073,distance_to_pickup,BATCH,hungarian,0,0,order,1
1666495819,271239,4428,726.4716099064024,1,True,True,2246,False,12964,3994,45861427,174575615,45861067,174576246,0,0,1666149746,346073,distance_to_pickup,BATCH,hungarian,0,0,order,1
1666495819,233753,2347,1477.8802387203098,1,True,True,2347,True,12964,3994,45874592,174590556,45873665,174589405,0,0,1666149751,346068,distance_to_pickup,BATCH,hungarian,0,0,order,1
1666495819,102321,4628,654.5746710651123,1,True,True,735,False,12964,3994,45860061,174579184,45860419,174578636,0,0,1666149751,346068,distance_to_pickup,BATCH,hungarian,0,0,order,1
1666495819,355092,4544,496.960763038693,1,True,True,1958,False,12964,3994,45861015,174563891,45860802,174564340,0,0,1666149754,346065,distance_to_pickup,BATCH,hungarian,0,0,order,1
1666495819,114376,3497,1594.4886327597321,1,True,True,2480,False,12964,3994,45860730,174568920,45861617,174567595,0,0,1666149755,346064,distance_to_pickup,BATCH,hungarian,0,0,order,1
1666495819,520055,763,1794.6726721048606,1,True,True,3799,False,12964,3994,45882640,174597842,45883959,174599059,0,0,1666149757,346062,distance_to_pickup,BATCH,hungarian,0,0,order,1
1666495819,183880,4393,779.0057766152958,1,True,True,849,False,12964,3994,45905669,174544560,45906394,174544275,0,0,1666149758,346061,distance_to_pickup,BATCH,hungarian,0,0,order,1
1666495819,483672,3476,931.0402783983086,1,True,True,1158,False,12964,3994,45839377,174580415,45839333,174579485,0,0,1666149759,346060,distance_to_pickup,BATCH,hungarian,0,0,order,1
1666495819,561649,3148,339.67631651323586,1,True,True,1138,False,12964,3994,45857590,174582796,45857392,174583072,0,0,1666149759,346060,distance_to_pickup,BATCH,hungarian,0,0,order,1
1666495819,441645,2330,179.64409258308496,1,True,True,612,False,12964,3994,45865184,174556784,45865008,174556820,0,0,1666149760,346059,distance_to_pickup,BATCH,hungarian,0,0,order,1
1666495819,32922,2093,5921.797024552598,1,True,True,2343,False,12964,3994,45830710,174564025,45824826,174564693,0,0,1666149766,346053,distance_to_pickup,BATCH,hungarian,0,0,order,1
1666495819,52233,2177,237.54788990854033,1,True,True,578,False,12964,3994,45863075,174584065,45863277,174584190,0,0,1666149766,346053,distance_to_pickup,BATCH,hungarian,0,0,order,1
1666495819,390651,4411,729.856150210437,1,True,True,2101,False,12964,3994,45875538,174607081,45875767,174607774,0,0,1666149768,346051,distance_to_pickup,BATCH,hungarian,0,0,order,1
1666495819,120384,1950,430.9767975193096,1,True,True,1587,False,12964,3994,45874083,174536472,45873862,174536102,0,0,1666149769,346050,distance_to_pickup,BATCH,hungarian,0,0,order,1
1666495819,274049,587,419.98690455774926,1,True,True,397,False,12964,3994,45872274,174571645,45872324,174571228,0,0,1666149774,346045,distance_to_pickup,BATCH,hungarian,0,0,order,1
1666495819,525334,4052,3915.5722442575366,1,True,True,3517,False,12964,3994,45873799,174624643,45876384,174621702,0,0,1666149775,346044,distance_to_pickup,BATCH,hungarian,0,0,order,1
1666495819,396123,456,494.32883792066997,1,True,True,3227,False,12964,3994,45873528,174606238,45873173,174606582,0,0,1666149778,346041,distance_to_pickup,BATCH,hungarian,0,0,order,1
1666495819,465397,2676,1909.0065479196242,1,True,True,1145,False,12964,3994,45876366,174604891,45878275,174604886,0,0,1666149780,346039,distance_to_pickup,BATCH,hungarian,0,0,order,1
1666495819,548764,4723,5030.769424253113,1,True,True,1787,False,12964,3994,45819784,174525705,45820113,174530725,0,0,1666149781,346038,distance_to_pickup,BATCH,hungarian,0,0,order,1
1666495819,195654,1749,85.56284240252891,1,True,True,3408,False,12964,3994,45870533,174595497,45870594,174595557,0,0,1666149781,346038,distance_to_pickup,BATCH,hungarian,0,0,order,1
1666495819,307986,2500,1481.9288107058314,1,True,True,445,False,12964,3994,45871022,174644091,45871789,174642823,0,0,1666149782,346037,distance_to_pickup,BATCH,hungarian,0,0,order,1
1666495819,305154,3855,188.32153355365392,1,True,True,633,False,12964,3994,45885303,174582680,45885122,174582732,0,0,1666149782,346037,distance_to_pickup,BATCH,hungarian,0,0,order,1
1666495819,55391,2422,1892.8354392286722,1,True,True,970,False,12964,3994,45872351,174548301,45873750,174549576,0,0,1666149782,346037,distance_to_pickup,BATCH,hungarian,0,0,order,1
1666495819,268344,4731,7210.171218494052,1,True,True,555,False,12964,3994,45860907,174525837,45863267,174519024,0,0,1666149784,346035,distance_to_pickup,BATCH,hungarian,0,0,order,1
1666495819,16929,1120,987.5429104600975,1,True,True,3408,False,12964,3994,45871064,174595434,45871244,174594463,0,0,1666149785,346034,distance_to_pickup,BATCH,hungarian,0,0,order,1
1666495819,23395,1188,482.0373429517676,1,True,True,3237,False,12964,3994,45855737,174570545,45855575,174570999,0,0,1666149785,346034,distance_to_pickup,BATCH,hungarian,0,0,order,1
1666495819,327398,1686,140.61649974309557,1,True,True,520,False,12964,3994,45898999,174566316,45898972,174566178,0,0,1666149785,346034,distance_to_pickup,BATCH,hungarian,0,0,order,1
1666495819,168867,498,603.937910715994,1,True,True,3179,False,12964,3994,45874835,174545439,45874245,174545568,0,0,1666149785,346034,distance_to_pickup,BATCH,hungarian,0,0,order,1
1666495819,346742,4332,273.96715131562763,1,True,True,4329,False,12964,3994,45867880,174573167,45867857,174573440,0,0,1666149787,346032,distance_to_pickup,BATCH,hungarian,0,0,order,1
1666495819,514959,4023,177.01129907438113,1,True,True,2504,False,12964,3994,45880110,174548040,45879933,174548042,0,0,1666149789,346030,distance_to_pickup,BATCH,hungarian,0,0,order,1
1666495819,396130,2189,87.5728268357257,1,True,True,1221,False,12964,3994,45877827,174578601,45877817,174578514,0,0,1666149789,346030,distance_to_pickup,BATCH,hungarian,0,0,order,1
1666495819,210479,1106,178.2806775845324,1,True,True,3524,False,12964,3994,45919543,174542267,45919365,174542277,0,0,1666149790,346029,distance_to_pickup,BATCH,hungarian,0,0,order,1
1666495819,288294,1315,968.2695905583321,1,True,True,4135,False,12964,3994,45860882,174560946,45861093,174560001,0,0,1666149791,346028,distance_to_pickup,BATCH,hungarian,0,0,order,1
1666495819,265480,2471,1753.16856006489,1,True,True,787,False,12964,3994,45889913,174596658,45890713,174598218,0,0,1666149793,346026,distance_to_pickup,BATCH,hungarian,0,0,order,1
1666495819,417651,2130,589.2266117547645,1,True,True,818,False,12964,3994,46065360,174941677,46065828,174942035,0,0,1666149793,346026,distance_to_pickup,BATCH,hungarian,0,0,order,1
1666495819,368967,2038,139.61733416735902,1,True,True,1447,False,12964,3994,45868629,174606647,45868516,174606565,0,0,1666149793,346026,distance_to_pickup,BATCH,hungarian,0,0,order,1
1666495819,135591,3338,657.7932805980919,1,True,True,2693,False,12964,3994,45855857,174553570,45855213,174553436,0,0,1666149794,346025,distance_to_pickup,BATCH,hungarian,0,0,order,1
1666495819,222250,1265,140.2355161861645,1,True,True,661,False,12964,3994,45878066,174592040,45878195,174592095,0,0,1666149796,346023,distance_to_pickup,BATCH,hungarian,0,0,order,1
1666495819,414926,1723,3010.879107503322,1,True,True,1579,False,12964,3994,45839765,174551620,45836902,174550688,0,0,1666149798,346021,distance_to_pickup,BATCH,hungarian,0,0,order,1
1666495819,83700,4222,1490.849422309309,1,True,True,2567,False,12964,3994,45875792,174574232,45876826,174573158,0,0,1666149807,346012,distance_to_pickup,BATCH,hungarian,0,0,order,1
1666495819,153802,3111,57.706152185014034,1,True,True,3223,False,12964,3994,45888057,174533306,45888108,174533279,0,0,1666149809,346010,distance_to_pickup,BATCH,hungarian,0,0,order,1
1666495819,454872,1350,6729.175358095522,1,True,True,643,False,12964,3994,45871022,174644091,45865402,174647792,0,0,1666149809,346010,distance_to_pickup,BATCH,hungarian,0,0,order,1
1666495819,177890,90,241.12444919584576,1,True,True,2674,False,12964,3994,45878050,174576479,45878221,174576309,0,0,1666149812,346007,distance_to_pickup,BATCH,hungarian,0,0,order,1
1666495819,535850,1922,2737.1477855607286,1,True,True,4036,False,12964,3994,45879336,174595824,45881889,174596811,0,0,1666149812,346007,distance_to_pickup,BATCH,hungarian,0,0,order,1
1666495819,248392,3371,1192.752279394175,1,True,True,1097,False,12964,3994,45883446,174535886,45882259,174536003,0,0,1666149813,346006,distance_to_pickup,BATCH,hungarian,0,0,order,1
1666495819,412325,1762,1906.8091147254358,1,True,True,1432,False,12964,3994,45876281,174641209,45876120,174643109,0,0,1666149813,346006,distance_to_pickup,BATCH,hungarian,0,0,order,1
1666495819,192659,1828,1157.8220934150463,1,True,True,1293,False,12964,3994,45905478,174561382,45906632,174561476,0,0,1666149815,346004,distance_to_pickup,BATCH,hungarian,0,0,order,1
1666495819,262724,2547,206.1892334725555,1,True,True,885,False,12964,3994,45875142,174590607,45874959,174590702,0,0,1666149817,346002,distance_to_pickup,BATCH,hungarian,0,0,order,1
1666495819,219370,989,511.73528312986195,1,True,True,3184,False,12964,3994,45873748,174550525,45873955,174550057,0,0,1666149825,345994,distance_to_pickup,BATCH,hungarian,0,0,order,1
1666495819,102325,805,88.02272433866155,1,True,True,699,False,12964,3994,45879175,174650529,45879257,174650561,0,0,1666149830,345989,distance_to_pickup,BATCH,hungarian,0,0,order,1
1666495819,414921,3035,1977.1317609102334,1,True,True,3298,False,12964,3994,45847510,174589140,45849465,174589435,0,0,1666149830,345989,distance_to_pickup,BATCH,hungarian,0,0,order,1
1666495819,268347,377,4397.288255277336,1,True,True,2731,False,12964,3994,45874660,174647685,45876460,174643673,0,0,1666149832,345987,distance_to_pickup,BATCH,hungarian,0,0,order,1
1666495819,819,1064,1422.0917691907227,1,True,True,720,False,12964,3994,45886961,174591698,45887252,174593090,0,0,1666149833,345986,distance_to_pickup,BATCH,hungarian,0,0,order,1
1666495819,541044,1050,581.6605539315865,1,True,True,719,False,12964,3994,45910877,174526336,45910777,174525763,0,0,1666149835,345984,distance_to_pickup,BATCH,hungarian,0,0,order,1
1666495819,230867,4604,2348.6038405827408,1,True,True,1828,False,12964,3994,45896231,174555803,45897009,174558019,0,0,1666149836,345983,distance_to_pickup,BATCH,hungarian,0,0,order,1
1666495819,147728,3775,2049.3298904763965,1,True,True,2379,False,12964,3994,45874016,174535366,45872128,174536163,0,0,1666149837,345982,distance_to_pickup,BATCH,hungarian,0,0,order,1
1666495819,204450,2013,329.67408148048276,1,True,True,2082,False,12964,3994,45906047,174531089,45906345,174530948,0,0,1666149837,345982,distance_to_pickup,BATCH,hungarian,0,0,order,1
1666495819,265483,3198,2343.1367864467493,1,True,True,26,False,12964,3994,45885546,174539618,45883229,174539269,0,0,1666149840,345979,distance_to_pickup,BATCH,hungarian,0,0,order,1
1666495819,195659,2769,815.0779103864857,1,True,True,1231,False,12964,3994,45860417,174561324,45859861,174561920,0,0,1666149840,345979,distance_to_pickup,BATCH,hungarian,0,0,order,1
1666495819,401550,3826,627.5109560796528,1,True,True,1858,False,12964,3994,45860429,174526814,45860616,174527413,0,0,1666149843,345976,distance_to_pickup,BATCH,hungarian,0,0,order,1
1666495819,198513,1364,569.3803649582588,1,True,True,1288,False,12964,3994,45765820,174570439,45765257,174570354,0,0,1666149844,345975,distance_to_pickup,BATCH,hungarian,0,0,order,1
1666495819,433587,163,10509.058616260545,1,True,True,2227,False,12964,3994,45823581,174585962,45813298,174588130,0,0,1666149848,345971,distance_to_pickup,BATCH,hungarian,0,0,order,1
1666495819,556432,361,3853.0046716815696,1,True,True,628,False,12964,3994,45779670,174564900,45782569,174567438,0,0,1666149848,345971,distance_to_pickup,BATCH,hungarian,0,0,order,1
1666495819,444321,3642,2598.593850527627,1,True,True,259,False,12964,3994,45856521,174587350,45859118,174587259,0,0,1666149849,345970,distance_to_pickup,BATCH,hungarian,0,0,order,1
1666495819,556430,1746,5776.012898185045,1,True,True,828,False,12964,3994,45912546,174526808,45918084,174525167,0,0,1666149851,345968,distance_to_pickup,BATCH,hungarian,0,0,order,1
1666495819,327394,60,284.31144894288025,1,True,True,565,False,12964,3994,45889647,174545036,45889755,174544773,0,0,1666149851,345968,distance_to_pickup,BATCH,hungarian,0,0,order,1
1666495819,296711,3065,132.00378782444085,1,True,True,1838,False,12964,3994,45901686,174584036,45901559,174584000,0,0,1666149852,345967,distance_to_pickup,BATCH,hungarian,0,0,order,1
1666495819,556437,4101,5030.965016773621,1,True,True,1787,False,12964,3994,45820061,174523559,45815316,174525231,0,0,1666149852,345967,distance_to_pickup,BATCH,hungarian,0,0,order,1
1666495819,7269,454,556.2463483026203,1,True,True,3093,False,12964,3994,45923858,174522165,45923757,174522712,0,0,1666149855,345964,distance_to_pickup,BATCH,hungarian,0,0,order,1
1666495819,468079,1431,480.63499664506327,1,True,True,2663,False,12964,3994,45864127,174536690,45864068,174537167,0,0,1666149855,345964,distance_to_pickup,BATCH,hungarian,0,0,order,1
1666495819,123399,2014,9175.479551500292,1,True,True,3460,False,12964,3994,45927565,174521517,45935081,174516254,0,0,1666149858,345961,distance_to_pickup,BATCH,hungarian,0,0,order,1
1666495819,61610,3932,6878.055684566679,1,True,True,401,False,12964,3994,45867766,174566793,45873389,174562832,0,0,1666149859,345960,distance_to_pickup,BATCH,hungarian,0,0,order,1
1666495819,132564,2971,2748.3904380564272,1,True,True,4170,False,12964,3994,45904218,174525569,45903991,174522830,0,0,1666149862,345957,distance_to_pickup,BATCH,hungarian,0,0,order,1
1666495819,517523,3478,76.02631123499285,1,True,True,144,False,12964,3994,45907171,174570188,45907215,174570250,0,0,1666149863,345956,distance_to_pickup,BATCH,hungarian,0,0,order,1
1666495819,102328,871,580.073271233902,1,True,True,3262,False,12964,3994,45861700,174583580,45861749,174584158,0,0,1666149863,345956,distance_to_pickup,BATCH,hungarian,0,0,order,1
1666495819,138603,1820,721.4048793846629,1,True,True,842,False,12964,3994,45867290,174556705,45867839,174557173,0,0,1666149864,345955,distance_to_pickup,BATCH,hungarian,0,0,order,1
1666495819,457486,1573,463.8706716316521,1,True,True,3490,False,12964,3994,45773076,174567308,45773506,174567482,0,0,1666149864,345955,distance_to_pickup,BATCH,hungarian,0,0,order,1
1666495819,444322,1898,2861.5006552506675,1,True,True,344,False,12964,3994,45894347,174586087,45891816,174587422,0,0,1666149865,345954,distance_to_pickup,BATCH,hungarian,0,0,order,1
1666495819,321928,2778,1475.57446440361,1,True,True,711,False,12964,3994,45847500,174551097,45848058,174549731,0,0,1666149865,345954,distance_to_pickup,BATCH,hungarian,0,0,order,1
1666495819,483679,13,189.4887859478761,1,True,True,2219,False,12964,3994,45857882,174577642,45857991,174577797,0,0,1666149866,345953,distance_to_pickup,BATCH,hungarian,0,0,order,1
1666495819,344033,2328,334.0014970026332,1,True,True,4208,False,12964,3994,45848340,174599040,45848066,174599231,0,0,1666149866,345953,distance_to_pickup,BATCH,hungarian,0,0,order,1
1666495819,10532,1142,871.8698297337739,1,True,True,98,False,12964,3994,45858421,174577792,45858522,174578658,0,0,1666149866,345953,distance_to_pickup,BATCH,hungarian,0,0,order,1
1666495819,360656,2667,1269.1717771838453,1,True,True,464,False,12964,3994,45909538,174542581,45909752,174541330,0,0,1666149868,345951,distance_to_pickup,BATCH,hungarian,0,0,order,1
1666495819,198512,2083,1222.5129856161038,1,True,True,4216,False,12964,3994,45894347,174586087,45893420,174586884,0,0,1666149868,345951,distance_to_pickup,BATCH,hungarian,0,0,order,1
1666495819,77340,1958,1119.933033712284,1,True,True,2551,False,12964,3994,45867334,174556652,45868429,174556887,0,0,1666149868,345951,distance_to_pickup,BATCH,hungarian,0,0,order,1
1666495819,32924,3721,2008.9405167898824,1,True,True,1731,False,12964,3994,45912375,174588451,45910994,174589910,0,0,1666149871,345948,distance_to_pickup,BATCH,hungarian,0,0,order,1
1666495819,409640,153,2486.4838628070765,1,True,True,1158,False,12964,3994,45839377,174580415,45840416,174578156,0,0,1666149871,345948,distance_to_pickup,BATCH,hungarian,0,0,order,1
1666495819,52234,1300,633.4319221510706,1,True,True,2079,False,12964,3994,45898425,174568247,45899019,174568467,0,0,1666149871,345948,distance_to_pickup,BATCH,hungarian,0,0,order,1
1666495819,412328,811,3628.3508650625286,1,True,True,4421,False,12964,3994,45905669,174544560,45902042,174544461,0,0,1666149871,345948,distance_to_pickup,BATCH,hungarian,0,0,order,1
1666495819,417650,78,8918.735896975535,1,True,True,265,False,12964,3994,45832550,174539074,45831957,174530175,0,0,1666149872,345947,distance_to_pickup,BATCH,hungarian,0,0,order,1
1666495819,444320,1409,3015.4046162994446,1,True,True,2432,False,12964,3994,45905918,174544828,45908482,174543241,0,0,1666149872,345947,distance_to_pickup,BATCH,hungarian,0,0,order,1
1666495819,177893,2961,1063.0409211314493,1,True,True,444,False,12964,3994,45868603,174546158,45868437,174547208,0,0,1666149872,345947,distance_to_pickup,BATCH,hungarian,0,0,order,1
1666495819,245432,3323,9466.754935034496,1,True,True,2579,False,12964,3994,45762760,174566324,45754200,174562281,0,0,1666149872,345947,distance_to_pickup,BATCH,hungarian,0,0,order,1
1666495819,279891,44,160.65490966665163,1,True,True,2993,False,12964,3994,46043750,174938854,46043773,174938695,0,0,1666149872,345947,distance_to_pickup,BATCH,hungarian,0,0,order,1
1666495819,219371,1345,2091.24364912365,1,True,True,200,False,12964,3994,46051552,174958551,46051994,174956507,0,0,1666149872,345947,distance_to_pickup,BATCH,hungarian,0,0,order,1
1666495819,522722,1789,2994.918362827274,1,True,True,2642,False,12964,3994,46043224,174938503,46042768,174935543,0,0,1666149872,345947,distance_to_pickup,BATCH,hungarian,0,0,order,1
1666495819,438915,2703,1220.7034856999467,1,True,True,2612,False,12964,3994,45896917,174551954,45898103,174551665,0,0,1666149872,345947,distance_to_pickup,BATCH,hungarian,0,0,order,1
1666495819,74156,1261,495.5037840420596,1,True,True,1123,False,12964,3994,45901279,174543589,45900961,174543969,0,0,1666149873,345946,distance_to_pickup,BATCH,hungarian,0,0,order,1
1666495819,491461,1992,778.6141534804001,1,True,True,3228,False,12964,3994,45851299,174552608,45851983,174552236,0,0,1666149874,345945,distance_to_pickup,BATCH,hungarian,0,0,order,1
1666495819,108250,80,73.49829930005184,1,True,True,2701,False,12964,3994,45822661,174523316,45822590,174523297,0,0,1666149874,345945,distance_to_pickup,BATCH,hungarian,0,0,order,1
1666495819,551301,1140,4413.62039600145,1,True,True,163,False,12964,3994,45816820,174564467,45812422,174564096,0,0,1666149874,345945,distance_to_pickup,BATCH,hungarian,0,0,order,1
1666495819,374481,978,366.5637734419483,1,True,True,943,False,12964,3994,45866326,174602374,45865986,174602237,0,0,1666149874,345945,distance_to_pickup,BATCH,hungarian,0,0,order,1
1666495819,42550,3823,1365.6427058348754,1,True,True,1556,False,12964,3994,45923858,174522165,45924020,174523521,0,0,1666149874,345945,distance_to_pickup,BATCH,hungarian,0,0,order,1
1666495819,242553,388,1248.0100159854487,1,True,True,226,False,12964,3994,45923354,174521688,45922106,174521683,0,0,1666149874,345945,distance_to_pickup,BATCH,hungarian,0,0,order,1
1666495819,291063,1490,4736.340887225074,1,True,True,1468,False,12964,3994,45877486,174529889,45874844,174525958,0,0,1666149875,345944,distance_to_pickup,BATCH,hungarian,0,0,order,1
1666495819,89872,1038,77.23341245859851,1,True,True,5,False,12964,3994,45920269,174542703,45920327,174542754,0,0,1666149875,345944,distance_to_pickup,BATCH,hungarian,0,0,order,1
1666495819,483680,4262,1212.0416659504738,1,True,True,1373,False,12964,3994,45893261,174549184,45894454,174548970,0,0,1666149876,345943,distance_to_pickup,BATCH,hungarian,0,0,order,1
1666495819,327396,449,198.16155025635018,1,True,True,586,False,12964,3994,45851778,174556439,45851786,174556637,0,0,1666149877,345942,distance_to_pickup,BATCH,hungarian,0,0,order,1
1666495819,99152,2668,738.7895505487337,1,True,True,1785,False,12964,3994,45856328,174549215,45856435,174548484,0,0,1666149878,345941,distance_to_pickup,BATCH,hungarian,0,0,order,1
1666495819,111336,2659,982.1145554363809,1,True,True,2434,False,12964,3994,45889351,174546325,45888369,174546340,0,0,1666149879,345940,distance_to_pickup,BATCH,hungarian,0,0,order,1
1666495819,396125,3756,442.36636400160444,1,True,True,3119,False,12964,3994,45864398,174600558,45864840,174600576,0,0,1666149879,345940,distance_to_pickup,BATCH,hungarian,0,0,order,1
1666495819,49061,3030,2713.457757179942,1,True,True,2160,False,12964,3994,45864213,174615211,45862731,174617484,0,0,1666149879,345940,distance_to_pickup,BATCH,hungarian,0,0,order,1
1666495819,404284,1488,419.8392549536072,1,True,True,2674,False,12964,3994,45877643,174586160,45877235,174586061,0,0,1666149879,345940,distance_to_pickup,BATCH,hungarian,0,0,order,1
1666495819,486323,1108,46.22769732530488,1,True,True,4137,False,12964,3994,45871345,174543296,45871374,174543260,0,0,1666149880,345939,distance_to_pickup,BATCH,hungarian,0,0,order,1
1666495819,341196,4347,96.74709297958259,1,True,True,501,False,12964,3994,45920139,174542105,45920127,174542201,0,0,1666149880,345939,distance_to_pickup,BATCH,hungarian,0,0,order,1
1666495819,265486,3925,4505.759203508328,1,True,True,3125,False,12964,3994,45875538,174607081,45877913,174610910,0,0,1666149880,345939,distance_to_pickup,BATCH,hungarian,0,0,order,1
1666495819,527952,2342,686.7692480011026,1,True,True,2241,False,12964,3994,45862849,174581543,45862475,174582119,0,0,1666149880,345939,distance_to_pickup,BATCH,hungarian,0,0,order,1
1666495819,533229,573,296.438863848855,1,True,True,462,False,12964,3994,46051552,174958551,46051312,174958725,0,0,1666149880,345939,distance_to_pickup,BATCH,hungarian,0,0,order,1
1666495819,296717,3069,2118.7000731580674,1,True,True,1963,False,12964,3994,45923354,174521688,45921261,174522017,0,0,1666149880,345939,distance_to_pickup,BATCH,hungarian,0,0,order,1
1666495819,491463,2009,286.35642126552705,1,True,True,4410,False,12964,3994,45879274,174648294,45879058,174648482,0,0,1666149880,345939,distance_to_pickup,BATCH,hungarian,0,0,order,1
1666495819,344032,604,2612.9793340170145,1,True,True,2663,False,12964,3994,45866090,174532597,45868685,174532903,0,0,1666149881,345938,distance_to_pickup,BATCH,hungarian,0,0,order,1
1666495819,183875,3566,3334.417490357199,1,True,True,3869,False,12964,3994,45873799,174624643,45876217,174622347,0,0,1666149881,345938,distance_to_pickup,BATCH,hungarian,0,0,order,1
1666495819,268352,178,235.15314159075146,1,True,True,1159,False,12964,3994,45863316,174584632,45863272,174584863,0,0,1666149882,345937,distance_to_pickup,BATCH,hungarian,0,0,order,1
1666495819,242551,3449,64.00781202322104,1,True,True,1720,False,12964,3994,45902763,174586284,45902827,174586285,0,0,1666149883,345936,distance_to_pickup,BATCH,hungarian,0,0,order,1
1666495819,105291,2283,1346.0657487656388,1,True,True,3438,False,12964,3994,45885478,174592525,45886516,174593382,0,0,1666149884,345935,distance_to_pickup,BATCH,hungarian,0,0,order,1
1666495819,305155,3087,79.63039620647382,1,True,True,570,False,12964,3994,45879192,174649067,45879202,174649146,0,0,1666149885,345934,distance_to_pickup,BATCH,hungarian,0,0,order,1
1666495819,259855,1101,153.44705927452634,1,True,True,912,False,12964,3994,45863417,174583636,45863328,174583761,0,0,1666149886,345933,distance_to_pickup,BATCH,hungarian,0,0,order,1
1666495819,77336,1565,90.82400563727631,1,True,True,276,False,12964,3994,45857898,174580631,45857930,174580716,0,0,1666149887,345932,distance_to_pickup,BATCH,hungarian,0,0,order,1
1666495819,310864,1873,112.76967677527502,1,True,True,790,False,12964,3994,45857849,174581004,45857903,174580905,0,0,1666149888,345931,distance_to_pickup,BATCH,hungarian,0,0,order,1
1666495819,274051,2683,412.46696837443847,1,True,True,1555,False,12964,3994,46061425,174935342,46061777,174935127,0,0,1666149889,345930,distance_to_pickup,BATCH,hungarian,0,0,order,1
1666495819,499218,1858,2233.4636777883807,1,True,True,2370,False,12964,3994,45852982,174524423,45852756,174522201,0,0,1666149893,345926,distance_to_pickup,BATCH,hungarian,0,0,order,1
1666495819,86761,3446,5180.1958457185765,1,True,True,574,False,12964,3994,46042316,174954242,46039281,174958440,0,0,1666149894,345925,distance_to_pickup,BATCH,hungarian,0,0,order,1
1666495819,39285,637,125.06398362438324,1,True,True,1214,False,12964,3994,45920947,174542656,45921072,174542652,0,0,1666149895,345924,distance_to_pickup,BATCH,hungarian,0,0,order,1
1666495819,371700,262,1003.3070317704347,1,True,True,3719,False,12964,3994,45861721,174510844,45862634,174511260,0,0,1666149895,345924,distance_to_pickup,BATCH,hungarian,0,0,order,1
1666495819,491462,337,126.90941651429968,1,True,True,2648,False,12964,3994,45871049,174595452,45871114,174595561,0,0,1666149896,345923,distance_to_pickup,BATCH,hungarian,0,0,order,1
1666495819,414922,3750,540.769821643183,1,True,True,233,False,12964,3994,45871989,174587756,45872185,174588260,0,0,1666149897,345922,distance_to_pickup,BATCH,hungarian,0,0,order,1
1666495819,192653,3178,4245.711365601765,1,True,True,3217,False,12964,3994,45874016,174535366,45870273,174533362,0,0,1666149898,345921,distance_to_pickup,BATCH,hungarian,0,0,order,1
1666495819,105285,2977,374.22185932946246,1,True,True,1468,False,12964,3994,45877959,174535961,45878008,174536332,0,0,1666149899,345920,distance_to_pickup,BATCH,hungarian,0,0,order,1
1666495819,398862,1536,45.880278987817846,1,True,True,2314,False,12964,3994,45877827,174578601,45877814,174578557,0,0,1666149900,345919,distance_to_pickup,BATCH,hungarian,0,0,order,1
1666495819,105286,845,278.21754078418564,1,True,True,3679,False,12964,3994,45866326,174602374,45866097,174602216,0,0,1666149901,345918,distance_to_pickup,BATCH,hungarian,0,0,order,1
1666495819,520060,141,1783.6215966398254,1,True,True,2771,False,12964,3994,45905781,174531306,45905126,174532965,0,0,1666149902,345917,distance_to_pickup,BATCH,hungarian,0,0,order,1
1666495819,507101,3877,2952.3719277895866,1,True,True,3683,False,12964,3994,45867790,174566799,45870460,174565539,0,0,1666149904,345915,distance_to_pickup,BATCH,hungarian,0,0,order,1
1666495819,259853,1866,113.95174417269794,1,True,True,3522,False,12964,3994,45865184,174556784,45865100,174556861,0,0,1666149905,345914,distance_to_pickup,BATCH,hungarian,0,0,order,1
1666495819,227999,1317,8566.293480846894,1,True,True,1603,False,12964,3994,45830427,174573700,45821905,174574570,0,0,1666149910,345909,distance_to_pickup,BATCH,hungarian,0,0,order,1
1666495819,382501,870,2416.297994867355,1,True,True,755,False,12964,3994,45851335,174555897,45848971,174556397,0,0,1666149918,345901,distance_to_pickup,BATCH,hungarian,0,0,order,1
1666495819,23391,115,3887.0478515191962,1,True,True,1554,False,12964,3994,45871376,174593799,45871626,174589920,0,0,1666149926,345893,distance_to_pickup,BATCH,hungarian,0,0,order,1
1666495819,177899,2641,83.6719785830358,1,True,True,821,False,12964,3994,45879964,174546543,45880040,174546508,0,0,1666149927,345892,distance_to_pickup,BATCH,hungarian,0,0,order,1
1666495819,26599,900,10634.391849090383,1,True,True,1568,False,12964,3994,45853749,174510466,45843636,174507177,0,0,1666149929,345890,distance_to_pickup,BATCH,hungarian,0,0,order,1
1666495819,86764,796,383.80333505585907,1,True,True,4270,False,12964,3994,45848516,174551348,45848352,174551001,0,0,1666149933,345886,distance_to_pickup,BATCH,hungarian,0,0,order,1
1666495819,150744,1513,1299.4191009832048,1,True,True,4460,False,12964,3994,45867334,174556652,45868627,174556523,0,0,1666149935,345884,distance_to_pickup,BATCH,hungarian,0,0,order,1
1666495819,71037,2113,1352.8166912039487,1,True,True,3778,False,12964,3994,45848267,174583180,45848220,174581828,0,0,1666149938,345881,distance_to_pickup,BATCH,hungarian,0,0,order,1
1666495819,259846,3016,132.61221663180206,1,True,True,884,False,12964,3994,45859348,174548154,45859453,174548235,0,0,1666149941,345878,distance_to_pickup,BATCH,hungarian,0,0,order,1
1666495819,316395,2110,1530.5227865013967,1,True,True,1148,False,12964,3994,45899300,174551240,45900186,174552488,0,0,1666149941,345878,distance_to_pickup,BATCH,hungarian,0,0,order,1
1666495819,135598,223,227.69277546729498,1,True,True,4741,False,12964,3994,45866142,174578749,45865980,174578589,0,0,1666149943,345876,distance_to_pickup,BATCH,hungarian,0,0,order,1
1666495819,83694,273,144.49913494550754,1,True,True,3869,False,12964,3994,45872640,174626140,45872748,174626236,0,0,1666149949,345870,distance_to_pickup,BATCH,hungarian,0,0,order,1
1666495819,512350,492,68.8839603971781,1,True,True,3425,False,12964,3994,45893022,174567126,45892955,174567142,0,0,1666149949,345870,distance_to_pickup,BATCH,hungarian,0,0,order,1
1666495819,475912,439,3889.580440098906,1,True,True,160,False,12964,3994,45868686,174556827,45872542,174557337,0,0,1666149950,345869,distance_to_pickup,BATCH,hungarian,0,0,order,1
1666495819,111343,4387,1312.7547371843684,1,True,True,1611,False,12964,3994,45890977,174577191,45891831,174578188,0,0,1666149950,345869,distance_to_pickup,BATCH,hungarian,0,0,order,1
1666495819,13724,1758,2217.139824187911,1,True,True,973,False,12964,3994,45892851,174567077,45890686,174566599,0,0,1666149950,345869,distance_to_pickup,BATCH,hungarian,0,0,order,1
1666495819,382506,3991,334.9283505467998,1,True,True,402,False,12964,3994,45879964,174546543,45880075,174546227,0,0,1666149951,345868,distance_to_pickup,BATCH,hungarian,0,0,order,1
1666495819,210485,3859,560.2517291361089,1,True,True,2976,False,12964,3994,45861490,174545510,45861701,174544991,0,0,1666149952,345867,distance_to_pickup,BATCH,hungarian,0,0,order,1
1666495819,86765,4100,49.658836071740545,1,True,True,2730,False,12964,3994,45879964,174546543,45880009,174546522,0,0,1666149956,345863,distance_to_pickup,BATCH,hungarian,0,0,order,1
1666495819,64785,2743,33.0,1,True,True,2243,False,12964,3994,45897327,174552867,45897360,174552867,0,0,1666149958,345861,distance_to_pickup,BATCH,hungarian,0,0,order,1
1666495819,338392,1482,389.03084710598466,1,True,True,3548,False,12964,3994,45886081,174590587,45885778,174590343,0,0,1666149959,345860,distance_to_pickup,BATCH,hungarian,0,0,order,1
1666495819,360660,230,136.19104228986575,1,True,True,1221,False,12964,3994,45877827,174578601,45877759,174578483,0,0,1666149960,345859,distance_to_pickup,BATCH,hungarian,0,0,order,1
1666495819,468081,2636,639.203410504043,1,True,True,3341,False,12964,3994,45861577,174584561,45861443,174585186,0,0,1666149962,345857,distance_to_pickup,BATCH,hungarian,0,0,order,1
1666495819,189772,4254,2075.532220901425,1,True,True,562,False,12964,3994,45864220,174594845,45865155,174592992,0,0,1666149962,345857,distance_to_pickup,BATCH,hungarian,0,0,order,1
1666495819,412331,1204,1754.0718343329045,1,True,True,228,False,12964,3994,45919180,174541680,45917912,174540468,0,0,1666149964,345855,distance_to_pickup,BATCH,hungarian,0,0,order,1
1666495819,293932,4932,697.5851202541522,1,True,True,2300,False,12964,3994,45855384,174572020,45855849,174571500,0,0,1666149964,345855,distance_to_pickup,BATCH,hungarian,0,0,order,1
1666495819,288308,1977,2234.2936243922823,1,True,True,3963,False,12964,3994,45889913,174596658,45890905,174598660,0,0,1666149967,345852,distance_to_pickup,BATCH,hungarian,0,0,order,1
1666495819,302321,4118,8834.931635275963,1,True,True,2370,False,12964,3994,45853067,174525046,45852271,174516247,0,0,1666149973,345846,distance_to_pickup,BATCH,hungarian,0,0,order,1
1666495819,285544,3575,903.302828513229,1,True,True,186,False,12964,3994,45875400,174648139,45876084,174647549,0,0,1666149975,345844,distance_to_pickup,BATCH,hungarian,0,0,order,1
1666495819,470670,2564,63.34824385884742,1,True,True,175,False,12964,3994,45851819,174556435,45851806,174556497,0,0,1666149975,345844,distance_to_pickup,BATCH,hungarian,0,0,order,1
1666495819,144743,809,533.2400960167943,1,True,True,3662,False,12964,3994,45871410,174609663,45870911,174609851,0,0,1666149977,345842,distance_to_pickup,BATCH,hungarian,0,0,order,1
1666495819,183876,3807,312.6403684747061,1,True,True,3712,False,12964,3994,45853157,174526317,45853245,174526017,0,0,1666149978,345841,distance_to_pickup,BATCH,hungarian,0,0,order,1
1666495819,541049,622,2529.7361522498745,1,True,True,311,False,12964,3994,45772837,174578102,45773554,174580528,0,0,1666149981,345838,distance_to_pickup,BATCH,hungarian,0,0,order,1
1666495819,102335,2939,266.1522120892479,1,True,True,1081,False,12964,3994,45895979,174575393,45895885,174575144,0,0,1666149982,345837,distance_to_pickup,BATCH,hungarian,0,0,order,1
1666495819,483683,894,82.02438661763951,1,True,True,161,False,12964,3994,45873270,174545902,45873328,174545960,0,0,1666149982,345837,distance_to_pickup,BATCH,hungarian,0,0,order,1
1666495819,16937,239,9002.280655478366,1,True,True,2534,False,12964,3994,45849065,174527425,45840261,174529304,0,0,1666149984,345835,distance_to_pickup,BATCH,hungarian,0,0,order,1
1666495819,279892,4009,1932.5889371514056,1,True,True,1997,False,12964,3994,45908667,174566558,45910565,174566194,0,0,1666149985,345834,distance_to_pickup,BATCH,hungarian,0,0,order,1
1666495819,468082,3433,736.0006793475126,1,True,True,2143,False,12964,3994,45890412,174561186,45889676,174561187,0,0,1666149985,345834,distance_to_pickup,BATCH,hungarian,0,0,order,1
1666495819,454881,553,700.5890378816956,1,True,True,1683,False,12964,3994,45864552,174564010,45864317,174564670,0,0,1666149985,345834,distance_to_pickup,BATCH,hungarian,0,0,order,1
1666495819,310868,1953,313.8056723515367,1,True,True,875,False,12964,3994,45857789,174567827,45857854,174568134,0,0,1666149985,345834,distance_to_pickup,BATCH,hungarian,0,0,order,1
1666495819,425633,3491,152.2366578718805,1,True,True,3410,False,12964,3994,46052810,174946400,46052660,174946374,0,0,1666149985,345834,distance_to_pickup,BATCH,hungarian,0,0,order,1
1666495819,470669,4021,1382.0709099029616,1,True,True,98,False,12964,3994,45854334,174566846,45855448,174566028,0,0,1666149986,345833,distance_to_pickup,BATCH,hungarian,0,0,order,1
1666495819,67911,4016,1530.0307186458708,1,True,True,3435,False,12964,3994,45921904,174566668,45920779,174567705,0,0,1666149986,345833,distance_to_pickup,BATCH,hungarian,0,0,order,1
1666495819,374485,2402,1095.458351558835,1,True,True,875,False,12964,3994,45865491,174568754,45866081,174569677,0,0,1666149987,345832,distance_to_pickup,BATCH,hungarian,0,0,order,1
1666495819,512349,799,237.00210969525145,1,True,True,699,False,12964,3994,45879175,174650529,45878938,174650530,0,0,1666149987,345832,distance_to_pickup,BATCH,hungarian,0,0,order,1
1666495819,198519,3967,3344.010316969731,1,True,True,1140,False,12964,3994,45903642,174618451,45905496,174621234,0,0,1666149987,345832,distance_to_pickup,BATCH,hungarian,0,0,order,1
1666495819,530607,4,584.0856101634417,1,True,True,2469,False,12964,3994,45861334,174558423,45861894,174558589,0,0,1666149987,345832,distance_to_pickup,BATCH,hungarian,0,0,order,1
1666495819,465402,520,670.2984409947558,1,True,True,1170,False,12964,3994,45890410,174574554,45890796,174574006,0,0,1666149988,345831,distance_to_pickup,BATCH,hungarian,0,0,order,1
1666495819,409644,4334,1071.8586660563042,1,True,True,624,False,12964,3994,45895346,174532388,45895187,174533448,0,0,1666149989,345830,distance_to_pickup,BATCH,hungarian,0,0,order,1
1666495819,438918,3909,606.5377152329442,1,True,True,547,False,12964,3994,45893195,174543739,45893327,174544331,0,0,1666149990,345829,distance_to_pickup,BATCH,hungarian,0,0,order,1
1666495819,67912,1568,776.8275226844116,1,True,True,2621,False,12964,3994,45862956,174525742,45863566,174525261,0,0,1666149990,345829,distance_to_pickup,BATCH,hungarian,0,0,order,1
1666495819,363444,4249,179.7247896090019,1,True,True,1119,False,12964,3994,45901461,174585861,45901311,174585762,0,0,1666149990,345829,distance_to_pickup,BATCH,hungarian,0,0,order,1
1666495819,468084,4620,560.4462507680821,1,True,True,1977,False,12964,3994,45890350,174571953,45890554,174571431,0,0,1666149990,345829,distance_to_pickup,BATCH,hungarian,0,0,order,1
1666495819,189775,1110,1958.9880040469875,1,True,True,1550,False,12964,3994,46061919,174941795,46062384,174939892,0,0,1666149990,345829,distance_to_pickup,BATCH,hungarian,0,0,order,1
1666495819,360659,2246,1953.5058228733285,1,True,True,2663,False,12964,3994,45867126,174536219,45868387,174534727,0,0,1666149991,345828,distance_to_pickup,BATCH,hungarian,0,0,order,1
1666495819,271245,973,3273.8753794242075,1,True,True,2118,False,12964,3994,45915900,174584092,45917048,174581026,0,0,1666149991,345828,distance_to_pickup,BATCH,hungarian,0,0,order,1
1666495819,321923,165,310.85205484281425,1,True,True,398,False,12964,3994,45898341,174541514,45898318,174541824,0,0,1666149991,345828,distance_to_pickup,BATCH,hungarian,0,0,order,1
1666495819,219374,716,16.0312195418814,1,True,True,582,False,12964,3994,45880622,174650851,45880623,174650867,0,0,1666149991,345828,distance_to_pickup,BATCH,hungarian,0,0,order,1
1666495819,527956,574,816.5592446356848,1,True,True,1065,False,12964,3994,46052393,174932299,46051688,174931887,0,0,1666149991,345828,distance_to_pickup,BATCH,hungarian,0,0,order,1
1666495819,213438,2717,912.0975824987149,1,True,True,3524,False,12964,3994,45919543,174542267,45918682,174542568,0,0,1666149992,345827,distance_to_pickup,BATCH,hungarian,0,0,order,1
1666495819,61613,1405,248.02016047087784,1,True,True,2663,False,12964,3994,45865296,174536889,45865381,174537122,0,0,1666149992,345827,distance_to_pickup,BATCH,hungarian,0,0,order,1
1666495819,478597,43,100.46392387319938,1,True,True,1830,False,12964,3994,45879676,174634978,45879714,174634885,0,0,1666149992,345827,distance_to_pickup,BATCH,hungarian,0,0,order,1
1666495819,16935,1895,242.92385638302386,1,True,True,2241,False,12964,3994,45860600,174576756,45860694,174576980,0,0,1666149992,345827,distance_to_pickup,BATCH,hungarian,0,0,order,1
1666495819,393421,4284,3382.3975224683454,1,True,True,724,False,12964,3994,45851434,174605726,45848556,174603949,0,0,1666149992,345827,distance_to_pickup,BATCH,hungarian,0,0,order,1
1666495819,248395,1745,48.54894437575342,1,True,True,1614,False,12964,3994,46052330,174943031,46052304,174942990,0,0,1666149992,345827,distance_to_pickup,BATCH,hungarian,0,0,order,1
1666495819,559070,2453,1379.7974489032802,1,True,True,1294,False,12964,3994,45918963,174579794,45917623,174579465,0,0,1666149992,345827,distance_to_pickup,BATCH,hungarian,0,0,order,1
1666495819,491465,1009,5134.275411389615,1,True,True,2583,False,12964,3994,45849298,174548682,45846826,174544182,0,0,1666149992,345827,distance_to_pickup,BATCH,hungarian,0,0,order,1
1666495819,153807,169,756.4337380101446,1,True,True,311,False,12964,3994,45766155,174567410,45765439,174567166,0,0,1666149993,345826,distance_to_pickup,BATCH,hungarian,0,0,order,1
1666495819,401558,2324,1748.185630875623,1,True,True,2491,False,12964,3994,45878745,174634478,45877177,174633705,0,0,1666149993,345826,distance_to_pickup,BATCH,hungarian,0,0,order,1
1666495819,324636,3304,1558.9951892164388,1,True,True,2141,False,12964,3994,45900944,174525819,45902273,174525004,0,0,1666149993,345826,distance_to_pickup,BATCH,hungarian,0,0,order,1
1666495819,507105,926,330.037876614185,1,True,True,1446,False,12964,3994,45885204,174593441,45885406,174593180,0,0,1666149993,345826,distance_to_pickup,BATCH,hungarian,0,0,order,1
1666495819,162856,3033,4253.530886216768,1,True,True,157,False,12964,3994,45891238,174600888,45887091,174601834,0,0,1666149993,345826,distance_to_pickup,BATCH,hungarian,0,0,order,1
1666495819,428211,1047,1797.866791505978,1,True,True,2464,False,12964,3994,46045428,174941999,46047043,174942789,0,0,1666149994,345825,distance_to_pickup,BATCH,hungarian,0,0,order,1
1666495819,77341,4509,3207.1895796787567,1,True,True,154,False,12964,3994,45889943,174537587,45891751,174540236,0,0,1666149994,345825,distance_to_pickup,BATCH,hungarian,0,0,order,1
1666495819,470666,657,1597.248258724986,1,True,True,38,False,12964,3994,45890841,174529501,45890152,174530942,0,0,1666149994,345825,distance_to_pickup,BATCH,hungarian,0,0,order,1
1666495819,174897,916,1098.8111757713425,1,True,True,1158,False,12964,3994,45838980,174580650,45838485,174581631,0,0,1666149994,345825,distance_to_pickup,BATCH,hungarian,0,0,order,1
1666495819,330106,1065,776.9813382572326,1,True,True,1609,False,12964,3994,46057290,174941760,46056516,174941828,0,0,1666149994,345825,distance_to_pickup,BATCH,hungarian,0,0,order,1
1666495819,74163,1314,2199.6011001997613,1,True,True,1684,False,12964,3994,45872595,174584692,45874201,174586195,0,0,1666149994,345825,distance_to_pickup,BATCH,hungarian,0,0,order,1
1666495819,533237,2642,10412.517466972144,1,True,True,1609,False,12964,3994,46052464,174930471,46043106,174925905,0,0,1666149994,345825,distance_to_pickup,BATCH,hungarian,0,0,order,1
1666495819,412329,682,188.79883474216678,1,True,True,2621,False,12964,3994,45860919,174526144,45860786,174526278,0,0,1666149995,345824,distance_to_pickup,BATCH,hungarian,0,0,order,1
1666495819,168865,1305,551.762630122773,1,True,True,153,False,12964,3994,45862849,174581543,45862298,174581572,0,0,1666149995,345824,distance_to_pickup,BATCH,hungarian,0,0,order,1
1666495819,32940,2576,234.00854685246006,1,True,True,4170,False,12964,3994,45910091,174528480,45910165,174528702,0,0,1666149995,345824,distance_to_pickup,BATCH,hungarian,0,0,order,1
1666495819,132569,107,1690.5469529119857,1,True,True,238,False,12964,3994,45880110,174548040,45881800,174548083,0,0,1666149995,345824,distance_to_pickup,BATCH,hungarian,0,0,order,1
1666495819,77342,3321,12676.698032216435,1,True,True,1052,False,12964,3994,45823581,174585962,45811169,174588539,0,0,1666149996,345823,distance_to_pickup,BATCH,hungarian,0,0,order,1
1666495819,324634,2170,5613.8900060475,1,True,True,1493,False,12964,3994,45904218,174525569,45902578,174520200,0,0,1666149996,345823,distance_to_pickup,BATCH,hungarian,0,0,order,1
1666495819,20167,437,238.8053600738476,1,True,True,2360,False,12964,3994,45855564,174590648,45855706,174590456,0,0,1666149997,345822,distance_to_pickup,BATCH,hungarian,0,0,order,1
1666495819,438917,537,726.1762871369458,1,True,True,325,False,12964,3994,45906306,174528446,45906600,174529110,0,0,1666149997,345822,distance_to_pickup,BATCH,hungarian,0,0,order,1
1666495819,177896,2890,3682.6360124237094,1,True,True,221,False,12964,3994,45856000,174583490,45852488,174584598,0,0,1666149999,345820,distance_to_pickup,BATCH,hungarian,0,0,order,1
1666495819,20170,3258,374.35411043556076,1,True,True,1786,False,12964,3994,45764668,174569944,45764718,174569573,0,0,1666149999,345820,distance_to_pickup,BATCH,hungarian,0,0,order,1
1666495819,198516,504,3453.639963864213,1,True,True,305,False,12964,3994,45882104,174529399,45885506,174529994,0,0,1666149999,345820,distance_to_pickup,BATCH,hungarian,0,0,order,1
1666495819,111346,3623,909.4333400530245,1,True,True,140,False,12964,3994,45900414,174554120,45900601,174553230,0,0,1666149999,345820,distance_to_pickup,BATCH,hungarian,0,0,order,1
1666495819,481167,3377,251.24689052802225,1,True,True,2185,False,12964,3994,45767858,174560883,45768091,174560789,0,0,1666149999,345820,distance_to_pickup,BATCH,hungarian,0,0,order,1
1666495819,527957,359,914.8928899056982,1,True,True,371,False,12964,3994,45887812,174556789,45888522,174557366,0,0,1666149999,345820,distance_to_pickup,BATCH,hungarian,0,0,order,1
1666495819,171924,233,2386.056579379458,1,True,True,2100,False,12964,3994,45854391,174579922,45853206,174581993,0,0,1666149999,345820,distance_to_pickup,BATCH,hungarian,0,0,order,1
1666495819,55389,392,213.58136622842358,1,True,True,1554,False,12964,3994,45870990,174596330,45871199,174596374,0,0,1666150000,345819,distance_to_pickup,BATCH,hungarian,0,0,order,1
1666495819,561656,2440,1716.6525565763154,1,True,True,1384,False,12964,3994,45881004,174511537,45881524,174509901,0,0,1666150000,345819,distance_to_pickup,BATCH,hungarian,0,0,order,1
1666495819,522726,807,41.773197148410844,1,True,True,632,False,12964,3994,46047111,174940175,46047103,174940134,0,0,1666150000,345819,distance_to_pickup,BATCH,hungarian,0,0,order,1
1666495819,192651,1086,2263.4515678494204,1,True,True,1082,False,12964,3994,45880750,174579924,45883008,174579767,0,0,1666150000,345819,distance_to_pickup,BATCH,hungarian,0,0,order,1
1666495819,256953,1507,894.2896622459638,1,True,True,2827,False,12964,3994,45903274,174552989,45903099,174552112,0,0,1666150001,345818,distance_to_pickup,BATCH,hungarian,0,0,order,1
1666495819,553863,729,119.85407794480753,1,True,True,1308,False,12964,3994,45848681,174583880,45848644,174583766,0,0,1666150001,345818,distance_to_pickup,BATCH,hungarian,0,0,order,1
1666495819,236783,1020,1068.2190786538124,1,True,True,3762,False,12964,3994,45904460,174566672,45903446,174566336,0,0,1666150001,345818,distance_to_pickup,BATCH,hungarian,0,0,order,1
1666495819,222257,2953,56945.42167725163,1,True,True,3924,False,12964,3994,46065360,174941677,46121515,174932222,0,0,1666150001,345818,distance_to_pickup,BATCH,hungarian,0,0,order,1
1666495819,165937,1277,1235.040485166377,1,True,True,2851,False,12964,3994,45904460,174566672,45903295,174566262,0,0,1666150001,345818,distance_to_pickup,BATCH,hungarian,0,0,order,1
1666495819,114379,713,237.17082451262846,1,True,True,1632,False,12964,3994,45899326,174587129,45899089,174587138,0,0,1666150001,345818,distance_to_pickup,BATCH,hungarian,0,0,order,1
1666495819,517526,608,93.94147114027967,1,True,True,573,False,12964,3994,46048736,174947932,46048755,174948024,0,0,1666150001,345818,distance_to_pickup,BATCH,hungarian,0,0,order,1
1666495819,385184,1453,436.77454138262226,1,True,True,1147,False,12964,3994,45865755,174581016,45866159,174580850,0,0,1666150001,345818,distance_to_pickup,BATCH,hungarian,0,0,order,1
1666495819,388006,1558,58.66856057549052,1,True,True,4068,False,12964,3994,45880073,174650698,45880102,174650749,0,0,1666150002,345817,distance_to_pickup,BATCH,hungarian,0,0,order,1
1666495819,71041,3778,440.1136216933077,1,True,True,2201,False,12964,3994,45865296,174536889,45865568,174536543,0,0,1666150002,345817,distance_to_pickup,BATCH,hungarian,0,0,order,1
1666495819,548769,4807,71.40028011149536,1,True,True,60,False,12964,3994,45868603,174546158,45868546,174546115,0,0,1666150005,345814,distance_to_pickup,BATCH,hungarian,0,0,order,1
1666495819,168864,2915,1291.4259560656196,1,True,True,2425,False,12964,3994,45840525,174550988,45841791,174550733,0,0,1666150009,345810,distance_to_pickup,BATCH,hungarian,0,0,order,1
1666495819,307991,833,105.70241246064349,1,True,True,1788,False,12964,3994,45863450,174583210,45863353,174583168,0,0,1666150009,345810,distance_to_pickup,BATCH,hungarian,0,0,order,1
1666495819,330105,1217,218.2131985009156,1,True,True,1735,False,12964,3994,46044381,174941835,46044165,174941804,0,0,1666150010,345809,distance_to_pickup,BATCH,hungarian,0,0,order,1
1666495819,265496,896,6366.080426761823,1,True,True,72,False,12964,3994,46055840,174953530,46058176,174959452,0,0,1666150010,345809,distance_to_pickup,BATCH,hungarian,0,0,order,1
1666495819,242556,160,130.6330739131557,1,True,True,3724,False,12964,3994,45877161,174545529,45877270,174545601,0,0,1666150013,345806,distance_to_pickup,BATCH,hungarian,0,0,order,1
1666495819,227991,671,2248.1303343000377,1,True,True,46,False,12964,3994,45872485,174586837,45870254,174587114,0,0,1666150015,345804,distance_to_pickup,BATCH,hungarian,0,0,order,1
1666495819,561654,739,3358.7199942835364,1,True,True,3852,False,12964,3994,45849298,174548682,45848284,174545480,0,0,1666150017,345802,distance_to_pickup,BATCH,hungarian,0,0,order,1
1666495819,39291,2230,856.9859975518854,1,True,True,4651,False,12964,3994,45896259,174552883,45895479,174552528,0,0,1666150019,345800,distance_to_pickup,BATCH,hungarian,0,0,order,1
1666495819,162852,226,3235.2115850435503,1,True,True,4115,False,12964,3994,45923690,174524047,45922575,174527084,0,0,1666150021,345798,distance_to_pickup,BATCH,hungarian,0,0,order,1
1666495819,444323,2501,73.33484846919642,1,True,True,3070,False,12964,3994,45862770,174579470,45862777,174579543,0,0,1666150022,345797,distance_to_pickup,BATCH,hungarian,0,0,order,1
1666495819,74159,1863,74.94664769020693,1,True,True,3425,False,12964,3994,45892908,174566908,45892884,174566979,0,0,1666150023,345796,distance_to_pickup,BATCH,hungarian,0,0,order,1
1666495819,7284,2970,116.8289347721702,1,True,True,2495,False,12964,3994,45865184,174556784,45865116,174556879,0,0,1666150024,345795,distance_to_pickup,BATCH,hungarian,0,0,order,1
1666495819,462734,2020,1385.0620924709476,1,True,True,849,False,12964,3994,45905918,174544828,45906024,174546209,0,0,1666150027,345792,distance_to_pickup,BATCH,hungarian,0,0,order,1
1666495819,111344,507,4499.334172963818,1,True,True,908,False,12964,3994,45861721,174510844,45864803,174514122,0,0,1666150045,345774,distance_to_pickup,BATCH,hungarian,0,0,order,1
1666495819,138611,3960,118.70130580579136,1,True,True,2595,False,12964,3994,45865184,174556784,45865125,174556887,0,0,1666150050,345769,distance_to_pickup,BATCH,hungarian,0,0,order,1
1666495819,379781,3677,1584.5317920445775,1,True,True,3986,False,12964,3994,45885546,174539618,45883996,174539289,0,0,1666150051,345768,distance_to_pickup,BATCH,hungarian,0,0,order,1
1666495819,363447,1761,2867.996164572052,1,True,True,4058,False,12964,3994,45879336,174595824,45881897,174597115,0,0,1666150064,345755,distance_to_pickup,BATCH,hungarian,0,0,order,1
1666495819,313679,2707,75.02666192761077,1,True,True,2540,False,12964,3994,45871989,174587756,45872064,174587754,0,0,1666150068,345751,distance_to_pickup,BATCH,hungarian,0,0,order,1
1666495819,71040,4661,491.0040733028597,1,True,True,29,False,12964,3994,45862795,174600184,45862304,174600186,0,0,1666150070,345749,distance_to_pickup,BATCH,hungarian,0,0,order,1
1666495819,52248,1818,78.00640999302557,1,True,True,66,False,12964,3994,45885438,174582607,45885439,174582685,0,0,1666150082,345737,distance_to_pickup,BATCH,hungarian,0,0,order,1
1666495819,454883,1634,2185.472946526678,1,True,True,394,False,12964,3994,45847720,174610620,45846706,174612556,0,0,1666150083,345736,distance_to_pickup,BATCH,hungarian,0,0,order,1
1666495819,156752,2254,4194.785453393296,1,True,True,1594,False,12964,3994,45896231,174555803,45897544,174559787,0,0,1666150084,345735,distance_to_pickup,BATCH,hungarian,0,0,order,1
1666495819,83701,2920,5416.781332119656,1,True,True,612,False,12964,3994,45868015,174559718,45873287,174560962,0,0,1666150088,345731,distance_to_pickup,BATCH,hungarian,0,0,order,1
1666495819,352301,3306,240.14995315427402,1,True,True,431,False,12964,3994,45860080,174579970,45860134,174579736,0,0,1666150105,345714,distance_to_pickup,BATCH,hungarian,0,0,order,1
1666495819,39292,4792,36.76955262170047,1,True,True,2695,False,12964,3994,45870996,174595448,45871010,174595482,0,0,1666150108,345711,distance_to_pickup,BATCH,hungarian,0,0,order,1
1666495819,282705,2753,7350.275368991287,1,True,True,3011,False,12964,3994,45830427,174573700,45823095,174574218,0,0,1666150111,345708,distance_to_pickup,BATCH,hungarian,0,0,order,1
1666495819,409642,697,426.4387412044079,1,True,True,697,True,12964,3994,45873799,174624643,45874026,174625004,0,0,1666150123,345696,distance_to_pickup,BATCH,hungarian,0,0,order,1
1666495819,129464,4213,2663.4167905155214,1,True,True,1594,False,12964,3994,45896231,174555803,45896498,174558453,0,0,1666150123,345696,distance_to_pickup,BATCH,hungarian,0,0,order,1
1666495819,393423,4234,230.41267326256167,1,True,True,2207,False,12964,3994,45817247,174564306,45817450,174564197,0,0,1666150123,345696,distance_to_pickup,BATCH,hungarian,0,0,order,1
1666495819,195670,3517,351.4612354157994,1,True,True,1133,False,12964,3994,45879420,174632710,45879402,174632359,0,0,1666150136,345683,distance_to_pickup,BATCH,hungarian,0,0,order,1
1666495819,201536,1519,839.1573154063545,1,True,True,4625,False,12964,3994,45874202,174647525,45873423,174647213,0,0,1666150148,345671,distance_to_pickup,BATCH,hungarian,0,0,order,1
1666495819,344041,155,847.9681597795993,1,True,True,3272,False,12964,3994,45765091,174562422,45764850,174561609,0,0,1666150151,345668,distance_to_pickup,BATCH,hungarian,0,0,order,1
1666495819,446958,4911,3471.44537620859,1,True,True,1112,False,12964,3994,45882104,174529399,45881862,174525936,0,0,1666150153,345666,distance_to_pickup,BATCH,hungarian,0,0,order,1
1666495819,470671,3654,1795.6436172024783,1,True,True,4623,False,12964,3994,45824172,174573603,45822412,174573247,0,0,1666150153,345666,distance_to_pickup,BATCH,hungarian,0,0,order,1
1666495819,7279,79,1674.2917905789302,1,True,True,2042,False,12964,3994,45905041,174525396,45904808,174523738,0,0,1666150154,345665,distance_to_pickup,BATCH,hungarian,0,0,order,1
1666495819,210486,2710,989.3674747029033,1,True,True,2459,False,12964,3994,45914781,174588306,45915673,174588734,0,0,1666150157,345662,distance_to_pickup,BATCH,hungarian,0,0,order,1
1666495819,126396,782,1079.1339119868303,1,True,True,1825,False,12964,3994,45918963,174579794,45918110,174579133,0,0,1666150158,345661,distance_to_pickup,BATCH,hungarian,0,0,order,1
1666495819,61618,1492,230.05434140654683,1,True,True,305,False,12964,3994,45887492,174535687,45887305,174535821,0,0,1666150158,345661,distance_to_pickup,BATCH,hungarian,0,0,order,1
1666495819,216453,2899,137.26616480400406,1,True,True,3363,False,12964,3994,45905781,174531306,45905912,174531347,0,0,1666150158,345661,distance_to_pickup,BATCH,hungarian,0,0,order,1
1666495819,108256,1600,127.283148923964,1,True,True,1080,False,12964,3994,45876508,174545953,45876428,174546052,0,0,1666150159,345660,distance_to_pickup,BATCH,hungarian,0,0,order,1
1666495819,446965,4034,777.6297319418799,1,True,True,875,False,12964,3994,45857104,174571059,45857872,174571181,0,0,1666150159,345660,distance_to_pickup,BATCH,hungarian,0,0,order,1
1666495819,64787,3519,1631.2354213907936,1,True,True,1764,False,12964,3994,45859933,174565467,45861206,174566487,0,0,1666150162,345657,distance_to_pickup,BATCH,hungarian,0,0,order,1
1666495819,525343,2581,435.32631438956224,1,True,True,598,False,12964,3994,45861220,174557270,45860885,174557548,0,0,1666150163,345656,distance_to_pickup,BATCH,hungarian,0,0,order,1
1666495819,360661,3176,1520.9470733723774,1,True,True,1734,False,12964,3994,45867290,174556705,45868634,174557417,0,0,1666150164,345655,distance_to_pickup,BATCH,hungarian,0,0,order,1
1666495819,438920,3524,2860.22813775405,1,True,True,1667,False,12964,3994,45921241,174541506,45921862,174538714,0,0,1666150164,345655,distance_to_pickup,BATCH,hungarian,0,0,order,1
1666495819,360664,3274,16507.422815206497,1,True,True,2118,False,12964,3994,45912560,174588065,45927428,174580893,0,0,1666150167,345652,distance_to_pickup,BATCH,hungarian,0,0,order,1
1666495819,291069,752,1475.4758554446087,1,True,True,2538,False,12964,3994,45885799,174544728,45884329,174544855,0,0,1666150168,345651,distance_to_pickup,BATCH,hungarian,0,0,order,1
1666495819,45892,1841,166.20770138594662,1,True,True,3006,False,12964,3994,45767985,174561499,45767884,174561367,0,0,1666150168,345651,distance_to_pickup,BATCH,hungarian,0,0,order,1
1666495819,274062,1902,9360.837569363117,1,True,True,1317,False,12964,3994,45832550,174539074,45830406,174529962,0,0,1666150169,345650,distance_to_pickup,BATCH,hungarian,0,0,order,1
1666495819,156748,4647,155.82361823549087,1,True,True,1683,False,12964,3994,45858344,174577760,45858360,174577915,0,0,1666150169,345650,distance_to_pickup,BATCH,hungarian,0,0,order,1
1666495819,538518,2274,10458.397630612444,1,True,True,311,False,12964,3994,45772837,174578102,45782422,174582286,0,0,1666150169,345650,distance_to_pickup,BATCH,hungarian,0,0,order,1
1666495819,460124,929,1255.5162284893015,1,True,True,427,False,12964,3994,45885935,174559721,45885899,174560976,0,0,1666150169,345650,distance_to_pickup,BATCH,hungarian,0,0,order,1
1666495819,360663,2419,1606.3053881500864,1,True,True,3711,False,12964,3994,45872453,174584718,45871922,174586234,0,0,1666150169,345650,distance_to_pickup,BATCH,hungarian,0,0,order,1
1666495819,64790,2768,279.3581930067561,1,True,True,3356,False,12964,3994,45855564,174590648,45855335,174590488,0,0,1666150169,345650,distance_to_pickup,BATCH,hungarian,0,0,order,1
1666495819,420281,1702,888.2482761030274,1,True,True,3337,False,12964,3994,45853407,174602644,45853260,174603520,0,0,1666150169,345650,distance_to_pickup,BATCH,hungarian,0,0,order,1
1666495819,352297,3028,1986.178491475527,1,True,True,1119,False,12964,3994,45898418,174584604,45898511,174582620,0,0,1666150170,345649,distance_to_pickup,BATCH,hungarian,0,0,order,1
1666495819,564132,267,2828.464247608585,1,True,True,1755,False,12964,3994,45893081,174584158,45891924,174581577,0,0,1666150170,345649,distance_to_pickup,BATCH,hungarian,0,0,order,1
1666495819,239656,647,2857.695050210921,1,True,True,1803,False,12964,3994,45879336,174595824,45881697,174597434,0,0,1666150170,345649,distance_to_pickup,BATCH,hungarian,0,0,order,1
1666495819,316400,2361,480.5538471389028,1,True,True,1276,False,12964,3994,45875301,174572069,45875715,174571825,0,0,1666150172,345647,distance_to_pickup,BATCH,hungarian,0,0,order,1
1666495819,335605,824,397.3336129752931,1,True,True,901,False,12964,3994,45904460,174566672,45904417,174566277,0,0,1666150172,345647,distance_to_pickup,BATCH,hungarian,0,0,order,1
1666495819,344043,3200,2103.6164098998656,1,True,True,157,False,12964,3994,45889913,174596658,45891244,174595029,0,0,1666150172,345647,distance_to_pickup,BATCH,hungarian,0,0,order,1
1666495819,473319,1148,2763.5734113643516,1,True,True,2143,False,12964,3994,45887812,174556789,45890419,174557706,0,0,1666150173,345646,distance_to_pickup,BATCH,hungarian,0,0,order,1
1666495819,829,1242,2440.435411970577,1,True,True,726,False,12964,3994,45905305,174559496,45905196,174557058,0,0,1666150173,345646,distance_to_pickup,BATCH,hungarian,0,0,order,1
1666495819,192657,847,1623.1974618018598,1,True,True,1447,False,12964,3994,45870990,174596330,45871349,174597913,0,0,1666150173,345646,distance_to_pickup,BATCH,hungarian,0,0,order,1
1666495819,465404,1548,708.8476564114465,1,True,True,2274,False,12964,3994,45765079,174563086,45765392,174563722,0,0,1666150173,345646,distance_to_pickup,BATCH,hungarian,0,0,order,1
1666495819,404289,765,2617.3446467746658,1,True,True,335,False,12964,3994,45871022,174644091,45870739,174646693,0,0,1666150173,345646,distance_to_pickup,BATCH,hungarian,0,0,order,1
1666495819,548772,2171,6134.933169970151,1,True,True,3781,False,12964,3994,45884742,174633571,45888545,174628757,0,0,1666150173,345646,distance_to_pickup,BATCH,hungarian,0,0,order,1
1666495819,156749,4209,7520.047406765465,1,True,True,3489,False,12964,3994,45920790,174554740,45913362,174555913,0,0,1666150173,345646,distance_to_pickup,BATCH,hungarian,0,0,order,1
1666495819,349475,2775,71.84010022264724,1,True,True,1059,False,12964,3994,45877827,174578601,45877782,174578545,0,0,1666150174,345645,distance_to_pickup,BATCH,hungarian,0,0,order,1
1666495819,189774,4607,19762.3040154735,1,True,True,3439,False,12964,3994,45903642,174618451,45911648,174636519,0,0,1666150174,345645,distance_to_pickup,BATCH,hungarian,0,0,order,1
1666495819,465405,2363,611.2806229547932,1,True,True,3968,False,12964,3994,45864213,174615211,45864721,174615551,0,0,1666150174,345645,distance_to_pickup,BATCH,hungarian,0,0,order,1
1666495819,360662,1523,398.31771238547753,1,True,True,3147,False,12964,3994,45779670,174564900,45779594,174565291,0,0,1666150174,345645,distance_to_pickup,BATCH,hungarian,0,0,order,1
1666495819,222262,3425,207.46083967823904,1,True,True,146,False,12964,3994,45872562,174545688,45872446,174545860,0,0,1666150174,345645,distance_to_pickup,BATCH,hungarian,0,0,order,1
1666495819,171926,969,627.8805618905558,1,True,True,2321,False,12964,3994,45874949,174545686,45875124,174546289,0,0,1666150174,345645,distance_to_pickup,BATCH,hungarian,0,0,order,1
1666495819,198523,3025,481.43327678921406,1,True,True,389,False,12964,3994,45870659,174606674,45871016,174606351,0,0,1666150174,345645,distance_to_pickup,BATCH,hungarian,0,0,order,1
1666495819,13723,3120,694.1411960113014,1,True,True,932,False,12964,3994,45816637,174525629,45815943,174525643,0,0,1666150174,345645,distance_to_pickup,BATCH,hungarian,0,0,order,1
1666495819,404288,2979,1793.9303219467583,1,True,True,2336,False,12964,3994,45898896,174535830,45897961,174537361,0,0,1666150175,345644,distance_to_pickup,BATCH,hungarian,0,0,order,1
1666495819,58506,1258,253.3396929026322,1,True,True,4105,False,12964,3994,45890427,174572450,45890561,174572235,0,0,1666150175,345644,distance_to_pickup,BATCH,hungarian,0,0,order,1
1666495819,201539,2085,19106.975166153326,1,True,True,1931,False,12964,3994,45921241,174541506,45940343,174541070,0,0,1666150175,345644,distance_to_pickup,BATCH,hungarian,0,0,order,1
1666495819,546181,4185,11.313708498984761,1,True,True,4359,False,12964,3994,45902222,174580895,45902214,174580887,0,0,1666150175,345644,distance_to_pickup,BATCH,hungarian,0,0,order,1
1666495819,268361,1328,4913.4070663847915,1,True,True,2258,False,12964,3994,45923690,174524047,45925002,174528782,0,0,1666150175,345644,distance_to_pickup,BATCH,hungarian,0,0,order,1
1666495819,52245,793,486.5439342957633,1,True,True,1239,False,12964,3994,46059377,174951299,46059827,174951114,0,0,1666150176,345643,distance_to_pickup,BATCH,hungarian,0,0,order,1
1666495819,473320,4026,19257.609457043207,1,True,True,1667,False,12964,3994,45921241,174541506,45940072,174537475,0,0,1666150176,345643,distance_to_pickup,BATCH,hungarian,0,0,order,1
1666495819,225107,2715,3497.549141899224,1,True,True,4103,False,12964,3994,45839765,174551620,45836440,174550535,0,0,1666150176,345643,distance_to_pickup,BATCH,hungarian,0,0,order,1
1666495819,488854,4439,2062.233013022534,1,True,True,729,False,12964,3994,45846823,174586799,45848856,174587145,0,0,1666150176,345643,distance_to_pickup,BATCH,hungarian,0,0,order,1
1666495819,404290,4573,737.9871272590058,1,True,True,305,False,12964,3994,45887492,174535687,45888157,174535367,0,0,1666150176,345643,distance_to_pickup,BATCH,hungarian,0,0,order,1
1666495819,483689,3683,2638.5209872199234,1,True,True,886,False,12964,3994,45838980,174580650,45836387,174581138,0,0,1666150177,345642,distance_to_pickup,BATCH,hungarian,0,0,order,1
1666495819,338399,4651,103.01941564578979,1,True,True,1473,False,12964,3994,45895872,174555845,45895975,174555847,0,0,1666150177,345642,distance_to_pickup,BATCH,hungarian,0,0,order,1
1666495819,102341,3348,1386.2038089689408,1,True,True,2796,False,12964,3994,46048748,174935452,46050128,174935321,0,0,1666150178,345641,distance_to_pickup,BATCH,hungarian,0,0,order,1
1666495819,20173,3924,165.46903033498444,1,True,True,793,False,12964,3994,46051327,174947882,46051349,174947718,0,0,1666150179,345640,distance_to_pickup,BATCH,hungarian,0,0,order,1
1666495819,499223,2570,1950.8833896468543,1,True,True,628,False,12964,3994,45774646,174561214,45772707,174560999,0,0,1666150179,345640,distance_to_pickup,BATCH,hungarian,0,0,order,1
1666495819,45890,275,3987.6736325832885,1,True,True,729,False,12964,3994,45848717,174584003,45851022,174587257,0,0,1666150179,345640,distance_to_pickup,BATCH,hungarian,0,0,order,1
1666495819,517528,3021,625.7675287197316,1,True,True,1123,False,12964,3994,45905276,174543687,45905688,174543216,0,0,1666150179,345640,distance_to_pickup,BATCH,hungarian,0,0,order,1
1666495819,349474,349,2095.8406427970617,1,True,True,730,False,12964,3994,45895979,174575393,45895507,174573351,0,0,1666150180,345639,distance_to_pickup,BATCH,hungarian,0,0,order,1
1666495819,271249,465,230.7834482799839,1,True,True,2716,False,12964,3994,45886643,174540024,45886438,174540130,0,0,1666150180,345639,distance_to_pickup,BATCH,hungarian,0,0,order,1
1666495819,58510,623,823.0218709123105,1,True,True,1250,False,12964,3994,45890886,174577438,45890892,174578261,0,0,1666150180,345639,distance_to_pickup,BATCH,hungarian,0,0,order,1
1666495819,449684,1743,10457.23405112461,1,True,True,2324,False,12964,3994,45883731,174631022,45889551,174622334,0,0,1666150181,345638,distance_to_pickup,BATCH,hungarian,0,0,order,1
1666495819,488852,2317,1531.4963271258603,1,True,True,3801,False,12964,3994,45863156,174539190,45861656,174539499,0,0,1666150181,345638,distance_to_pickup,BATCH,hungarian,0,0,order,1
1666495819,285548,2656,12124.959793747772,1,True,True,1163,False,12964,3994,45924613,174557214,45936672,174558477,0,0,1666150181,345638,distance_to_pickup,BATCH,hungarian,0,0,order,1
1666495819,446961,2963,1585.3359265467998,1,True,True,494,False,12964,3994,45864551,174569411,45863950,174570878,0,0,1666150181,345638,distance_to_pickup,BATCH,hungarian,0,0,order,1
1666495819,105289,3340,1416.181132482706,1,True,True,493,False,12964,3994,45885148,174549015,45885661,174547695,0,0,1666150181,345638,distance_to_pickup,BATCH,hungarian,0,0,order,1
1666495819,189780,4542,263.0,1,True,True,318,False,12964,3994,45880790,174580241,45880790,174580504,0,0,1666150181,345638,distance_to_pickup,BATCH,hungarian,0,0,order,1
1666495819,180948,602,11652.1957158297,1,True,True,3476,False,12964,3994,45846475,174587390,45837884,174595262,0,0,1666150181,345638,distance_to_pickup,BATCH,hungarian,0,0,order,1
1666495819,514967,3048,1160.8135078469754,1,True,True,2887,False,12964,3994,45856224,174575122,45855076,174575294,0,0,1666150181,345638,distance_to_pickup,BATCH,hungarian,0,0,order,1
1666495819,162855,183,3149.5563179597216,1,True,True,1447,False,12964,3994,45870990,174596330,45873166,174598607,0,0,1666150182,345637,distance_to_pickup,BATCH,hungarian,0,0,order,1
1666495819,49066,2430,3046.044320097789,1,True,True,1910,False,12964,3994,45855750,174541130,45853035,174542511,0,0,1666150187,345632,distance_to_pickup,BATCH,hungarian,0,0,order,1
1666495819,262729,1298,408.09925263347395,1,True,True,480,False,12964,3994,45875301,174572069,45875292,174571661,0,0,1666150190,345629,distance_to_pickup,BATCH,hungarian,0,0,order,1
1666495819,430931,1912,1479.1676713611612,1,True,True,102,False,12964,3994,45862134,174526400,45862623,174527796,0,0,1666150191,345628,distance_to_pickup,BATCH,hungarian,0,0,order,1
1666495819,276955,3657,611.1382822242442,1,True,True,1405,False,12964,3994,45853618,174528210,45853241,174528691,0,0,1666150193,345626,distance_to_pickup,BATCH,hungarian,0,0,order,1
1666495819,324638,2192,415.03011938894264,1,True,True,3317,False,12964,3994,45896921,174587519,45896586,174587274,0,0,1666150195,345624,distance_to_pickup,BATCH,hungarian,0,0,order,1
1666495819,417654,2585,2779.7239071533704,1,True,True,1771,False,12964,3994,45905669,174544560,45908173,174543353,0,0,1666150200,345619,distance_to_pickup,BATCH,hungarian,0,0,order,1
1666495819,564131,1689,1431.8425192736804,1,True,True,684,False,12964,3994,45885139,174593761,45886366,174594499,0,0,1666150207,345612,distance_to_pickup,BATCH,hungarian,0,0,order,1
1666495819,274328,1631,477.0377343565182,1,True,True,692,False,12964,3994,45860220,174571330,45860409,174571768,0,0,1666164325,331494,distance_to_pickup,BATCH,hungarian,0,0,order,1
1666495819,80889,3137,390.16022349798806,1,True,True,1546,False,12964,3994,45865230,174583102,45865618,174583061,0,0,1666165807,330012,distance_to_pickup,BATCH,hungarian,0,0,order,1
1666495819,447244,3789,111.19802156513397,1,True,True,2448,False,12964,3994,45879847,174634806,45879764,174634732,0,0,1666174315,321504,distance_to_pickup,BATCH,hungarian,0,0,order,1
1666495819,462997,2702,1706.5769833207057,1,True,True,2528,False,12964,3994,45860696,174572517,45862374,174572206,0,0,1666174879,320940,distance_to_pickup,BATCH,hungarian,0,0,order,1
1666495819,90201,2400,156.1089363233252,1,True,True,671,False,12964,3994,45862520,174579394,45862367,174579425,0,0,1666223712,272107,distance_to_pickup,BATCH,hungarian,0,0,order,1
1666495819,415281,190,396.3495931624,1,True,True,1604,False,12964,3994,45853655,174604870,45853272,174604768,0,0,1666227305,268514,distance_to_pickup,BATCH,hungarian,0,0,order,1
1666495819,360913,1446,746.538679506963,1,True,True,46,False,12964,3994,45863367,174559783,45864081,174559565,0,0,1666228960,266859,distance_to_pickup,BATCH,hungarian,0,0,order,1
1666495819,371964,4239,737.7811328571638,1,True,True,766,False,12964,3994,45895035,174540894,45895196,174541614,0,0,1666229045,266774,distance_to_pickup,BATCH,hungarian,0,0,order,1
1666495819,489115,4342,466.6904755831214,1,True,True,1742,False,12964,3994,45887438,174553952,45887504,174554414,0,0,1666230947,264872,distance_to_pickup,BATCH,hungarian,0,0,order,1
1666495819,499508,695,374.7385755430044,1,True,True,797,False,12964,3994,45872950,174581010,45873273,174581200,0,0,1666231356,264463,distance_to_pickup,BATCH,hungarian,0,0,order,1
1666495819,541314,1485,347.2074307960589,1,True,True,3198,False,12964,3994,45872342,174548288,45871995,174548300,0,0,1666231419,264400,distance_to_pickup,BATCH,hungarian,0,0,order,1
1666495819,433897,975,2839.3640132959354,1,True,True,1703,False,12964,3994,45856280,174588530,45859118,174588618,0,0,1666232184,263635,distance_to_pickup,BATCH,hungarian,0,0,order,1
1666495819,138942,3779,2135.894426229911,1,True,True,1445,False,12964,3994,45822976,174546904,45824885,174545946,0,0,1666232298,263521,distance_to_pickup,BATCH,hungarian,0,0,order,1
1666495819,322211,810,9795.548580860594,1,True,True,3239,False,12964,3994,45823581,174585962,45813835,174584978,0,0,1666232667,263152,distance_to_pickup,BATCH,hungarian,0,0,order,1
1666495819,371982,3845,7158.995041205155,1,True,True,148,False,12964,3994,45850848,174527663,45847391,174533932,0,0,1666233385,262434,distance_to_pickup,BATCH,hungarian,0,0,order,1
1666495819,42939,4090,1308.8567530482471,1,True,True,3547,False,12964,3994,45890444,174572525,45891299,174571534,0,0,1666233535,262284,distance_to_pickup,BATCH,hungarian,0,0,order,1
1666495819,423220,2626,3382.0777637422825,1,True,True,1643,False,12964,3994,45891238,174600888,45890861,174604249,0,0,1666234170,261649,distance_to_pickup,BATCH,hungarian,0,0,order,1
1666495819,260157,1054,92.44457799135652,1,True,True,2248,False,12964,3994,46052240,174936640,46052151,174936665,0,0,1666234257,261562,distance_to_pickup,BATCH,hungarian,0,0,order,1
1666495819,132884,3369,98.37174391053561,1,True,True,2015,False,12964,3994,45920947,174542656,45920853,174542627,0,0,1666234267,261552,distance_to_pickup,BATCH,hungarian,0,0,order,1
1666495819,213733,3596,858.4829643038935,1,True,True,1291,False,12964,3994,45895035,174540894,45894683,174541677,0,0,1666234415,261404,distance_to_pickup,BATCH,hungarian,0,0,order,1
1666495819,181273,4753,2380.5522468536583,1,True,True,542,False,12964,3994,45885924,174544947,45883547,174545077,0,0,1666234549,261270,distance_to_pickup,BATCH,hungarian,0,0,order,1
1666495819,225464,1420,555.2530954438705,1,True,True,171,False,12964,3994,45846541,174585971,45847082,174585846,0,0,1666234583,261236,distance_to_pickup,BATCH,hungarian,0,0,order,1
1666495819,260165,1610,5234.79751279837,1,True,True,1902,False,12964,3994,45838182,174541241,45843390,174541770,0,0,1666234592,261227,distance_to_pickup,BATCH,hungarian,0,0,order,1
1666495819,142002,904,169.49926253526885,1,True,True,3815,False,12964,3994,45874747,174650084,45874916,174650071,0,0,1666234594,261225,distance_to_pickup,BATCH,hungarian,0,0,order,1
1666495819,68212,808,1945.9848406398237,1,True,True,1719,False,12964,3994,45854870,174554808,45854454,174556709,0,0,1666234727,261092,distance_to_pickup,BATCH,hungarian,0,0,order,1
1666495819,26941,1596,50.0,1,True,True,1977,False,12964,3994,45890563,174573599,45890563,174573549,0,0,1666234761,261058,distance_to_pickup,BATCH,hungarian,0,0,order,1
1666495819,533545,2575,2614.9661565687616,1,True,True,3504,False,12964,3994,45847510,174589140,45850058,174589728,0,0,1666234855,260964,distance_to_pickup,BATCH,hungarian,0,0,order,1
1666495819,382819,3189,735.2278558379028,1,True,True,1257,False,12964,3994,45846541,174585971,45847265,174585843,0,0,1666234969,260850,distance_to_pickup,BATCH,hungarian,0,0,order,1
1666495819,457793,3060,462.8995571395592,1,True,True,2146,False,12964,3994,45902763,174586284,45902387,174586554,0,0,1666235034,260785,distance_to_pickup,BATCH,hungarian,0,0,order,1
1666495819,102663,251,161.23585209251695,1,True,True,1825,False,12964,3994,45912607,174588126,45912738,174588032,0,0,1666235052,260767,distance_to_pickup,BATCH,hungarian,0,0,order,1
1666495819,420586,3651,1168.6368127010205,1,True,True,3145,False,12964,3994,45890810,174555890,45890706,174557054,0,0,1666235121,260698,distance_to_pickup,BATCH,hungarian,0,0,order,1
1666495819,231214,67,203.08126452235814,1,True,True,4565,False,12964,3994,45867880,174573167,45867909,174573368,0,0,1666235124,260695,distance_to_pickup,BATCH,hungarian,0,0,order,1
1666495819,33323,911,3012.84666055211,1,True,True,2508,False,12964,3994,45897136,174590767,45896933,174593773,0,0,1666235265,260554,distance_to_pickup,BATCH,hungarian,0,0,order,1
1666495819,268691,1648,1189.6222089386192,1,True,True,708,False,12964,3994,45905669,174544560,45904489,174544409,0,0,1666235299,260520,distance_to_pickup,BATCH,hungarian,0,0,order,1
1666495819,20507,4121,5629.7797470238565,1,True,True,792,False,12964,3994,45853104,174578614,45849442,174574338,0,0,1666235356,260463,distance_to_pickup,BATCH,hungarian,0,0,order,1
1666495819,17317,1227,122.58874336577564,1,True,True,762,False,12964,3994,45905478,174561382,45905370,174561440,0,0,1666235361,260458,distance_to_pickup,BATCH,hungarian,0,0,order,1
1666495819,108614,2557,1266.0003949446461,1,True,True,5,False,12964,3994,45919543,174542267,45918277,174542268,0,0,1666235417,260402,distance_to_pickup,BATCH,hungarian,0,0,order,1
1666495819,484002,3854,659.4740328473897,1,True,True,3279,False,12964,3994,45896259,174552883,45895600,174552908,0,0,1666235418,260401,distance_to_pickup,BATCH,hungarian,0,0,order,1
1666495819,184201,4634,645.3874805107394,1,True,True,2895,False,12964,3994,45905690,174525746,45906247,174525420,0,0,1666235421,260398,distance_to_pickup,BATCH,hungarian,0,0,order,1
1666495819,178237,2825,6611.508904932368,1,True,True,3245,False,12964,3994,45912295,174530150,45916990,174534805,0,0,1666235433,260386,distance_to_pickup,BATCH,hungarian,0,0,order,1
1666495819,175252,3138,6487.117233409614,1,True,True,3556,False,12964,3994,45839765,174551620,45833418,174552961,0,0,1666235461,260358,distance_to_pickup,BATCH,hungarian,0,0,order,1
1666495819,322233,2746,493.9635614091388,1,True,True,105,False,12964,3994,45880750,174579924,45880490,174579504,0,0,1666235463,260356,distance_to_pickup,BATCH,hungarian,0,0,order,1
1666495819,80979,85,1600.5755214921912,1,True,True,1087,False,12964,3994,45905478,174561382,45907077,174561453,0,0,1666235476,260343,distance_to_pickup,BATCH,hungarian,0,0,order,1
1666495819,489145,1985,239.0983061420553,1,True,True,372,False,12964,3994,45874074,174536705,45873846,174536777,0,0,1666235482,260337,distance_to_pickup,BATCH,hungarian,0,0,order,1
1666495819,260181,255,248.84734276258607,1,True,True,2770,False,12964,3994,45887526,174577045,45887588,174576804,0,0,1666235482,260337,distance_to_pickup,BATCH,hungarian,0,0,order,1
1666495819,132921,2183,498.2248488383533,1,True,True,67,False,12964,3994,45867880,174573167,45868098,174573615,0,0,1666235484,260335,distance_to_pickup,BATCH,hungarian,0,0,order,1
1666495819,61943,3409,82.60750571225353,1,True,True,3008,False,12964,3994,45868629,174606647,45868547,174606657,0,0,1666235489,260330,distance_to_pickup,BATCH,hungarian,0,0,order,1
1666495819,463061,2069,9261.102148232681,1,True,True,189,False,12964,3994,45846432,174587366,45837875,174590908,0,0,1666235493,260326,distance_to_pickup,BATCH,hungarian,0,0,order,1
1666495819,14080,1884,1428.355697996826,1,True,True,433,False,12964,3994,45889193,174615514,45888183,174616524,0,0,1666235495,260324,distance_to_pickup,BATCH,hungarian,0,0,order,1
1666495819,20509,353,4307.1812128119245,1,True,True,893,False,12964,3994,45769653,174578806,45765376,174578297,0,0,1666235503,260316,distance_to_pickup,BATCH,hungarian,0,0,order,1
1666495819,510035,2064,1550.0854815138423,1,True,True,1324,False,12964,3994,45873401,174589640,45872127,174588757,0,0,1666235514,260305,distance_to_pickup,BATCH,hungarian,0,0,order,1
1666495819,436569,2490,1279.1888054544568,1,True,True,3506,False,12964,3994,45852904,174549538,45852286,174548418,0,0,1666235522,260297,distance_to_pickup,BATCH,hungarian,0,0,order,1
1666495819,257302,278,319.0564213426835,1,True,True,412,False,12964,3994,45898838,174556450,45898832,174556769,0,0,1666235544,260275,distance_to_pickup,BATCH,hungarian,0,0,order,1
1666495819,132905,2504,783.3728358833998,1,True,True,1599,False,12964,3994,45859780,174572470,45859008,174572337,0,0,1666235554,260265,distance_to_pickup,BATCH,hungarian,0,0,order,1
1666495819,157085,4270,3729.7884658516496,1,True,True,1972,False,12964,3994,45885010,174520190,45881701,174518469,0,0,1666235557,260262,distance_to_pickup,BATCH,hungarian,0,0,order,1
1666495819,120713,4299,381.03543142337827,1,True,True,3615,False,12964,3994,45867140,174551189,45867188,174550811,0,0,1666235557,260262,distance_to_pickup,BATCH,hungarian,0,0,order,1
1666495819,431250,1557,4389.339927597314,1,True,True,2219,False,12964,3994,45845547,174552747,45843419,174556586,0,0,1666235560,260259,distance_to_pickup,BATCH,hungarian,0,0,order,1
1666495819,291373,4141,3617.3329954539713,1,True,True,475,False,12964,3994,45912320,174519710,45910583,174516537,0,0,1666235567,260252,distance_to_pickup,BATCH,hungarian,0,0,order,1
1666495819,372019,410,491.546538997072,1,True,True,2966,False,12964,3994,45887808,174581517,45887441,174581844,0,0,1666235569,260250,distance_to_pickup,BATCH,hungarian,0,0,order,1
1666495819,471008,3718,193.82982226685345,1,True,True,3413,False,12964,3994,45867880,174573167,45867923,174573356,0,0,1666235577,260242,distance_to_pickup,BATCH,hungarian,0,0,order,1
1666495819,538876,3954,236.57979626333267,1,True,True,2737,False,12964,3994,45877861,174554744,45877902,174554511,0,0,1666235596,260223,distance_to_pickup,BATCH,hungarian,0,0,order,1
1666495819,114734,3398,191.04188022525324,1,True,True,3413,False,12964,3994,45867880,174573167,45867876,174573358,0,0,1666235635,260184,distance_to_pickup,BATCH,hungarian,0,0,order,1
1666495819,49435,4378,938.4593757856544,1,True,True,1078,False,12964,3994,45885010,174520190,45884505,174519399,0,0,1666235639,260180,distance_to_pickup,BATCH,hungarian,0,0,order,1
1666495819,470989,3130,153.45683432157722,1,True,True,1825,False,12964,3994,45897185,174589375,45897075,174589482,0,0,1666235655,260164,distance_to_pickup,BATCH,hungarian,0,0,order,1
1666495819,142027,3173,227.24656213021134,1,True,True,4311,False,12964,3994,45861805,174582434,45861945,174582255,0,0,1666235659,260160,distance_to_pickup,BATCH,hungarian,0,0,order,1
1666495819,30067,1145,1538.7725627915258,1,True,True,288,False,12964,3994,45872485,174586837,45872210,174588351,0,0,1666235676,260143,distance_to_pickup,BATCH,hungarian,0,0,order,1
1666495819,297050,1780,568.1267464219582,1,True,True,1382,False,12964,3994,45905939,174537499,45905951,174536931,0,0,1666235687,260132,distance_to_pickup,BATCH,hungarian,0,0,order,1
1666495819,254424,2221,2112.2007480350917,1,True,True,3174,False,12964,3994,45889913,174596658,45891249,174595022,0,0,1666235694,260125,distance_to_pickup,BATCH,hungarian,0,0,order,1
1666495819,135940,3521,103.07764064044152,1,True,True,437,False,12964,3994,45863619,174577800,45863659,174577705,0,0,1666235715,260104,distance_to_pickup,BATCH,hungarian,0,0,order,1
1666495819,468389,1809,387.8479083352133,1,True,True,1283,False,12964,3994,45839765,174551620,45839930,174551971,0,0,1666235716,260103,distance_to_pickup,BATCH,hungarian,0,0,order,1
1666495819,210825,2383,1956.4725911701396,1,True,True,215,False,12964,3994,45885075,174565745,45886864,174566537,0,0,1666235728,260091,distance_to_pickup,BATCH,hungarian,0,0,order,1
1666495819,299885,4565,194.90510511528424,1,True,True,67,False,12964,3994,45867880,174573167,45868002,174573319,0,0,1666235734,260085,distance_to_pickup,BATCH,hungarian,0,0,order,1
1666495819,341523,2486,187.1069213043708,1,True,True,938,False,12964,3994,45880622,174650851,45880719,174651011,0,0,1666235736,260083,distance_to_pickup,BATCH,hungarian,0,0,order,1
1666495819,1242,2600,496.4121271685453,1,True,True,1009,False,12964,3994,45857356,174567314,45856911,174567534,0,0,1666235752,260067,distance_to_pickup,BATCH,hungarian,0,0,order,1
1666495819,302652,756,2002.7154066416927,1,True,True,768,False,12964,3994,45849071,174527541,45847133,174528046,0,0,1666235756,260063,distance_to_pickup,BATCH,hungarian,0,0,order,1
1666495819,291374,4554,5210.585859574718,1,True,True,572,False,12964,3994,45864220,174594845,45867102,174590504,0,0,1666235759,260060,distance_to_pickup,BATCH,hungarian,0,0,order,1
1666495819,478923,4227,699.2317212483999,1,True,True,380,False,12964,3994,45905669,174544560,45906239,174544155,0,0,1666235766,260053,distance_to_pickup,BATCH,hungarian,0,0,order,1
1666495819,366557,2694,975.8837020874977,1,True,True,3976,False,12964,3994,45838637,174529681,45838744,174530651,0,0,1666235776,260043,distance_to_pickup,BATCH,hungarian,0,0,order,1
1666495819,388331,3015,800.0831206818451,1,True,True,1703,False,12964,3994,45856661,174605835,45856279,174606538,0,0,1666235791,260028,distance_to_pickup,BATCH,hungarian,0,0,order,1
1666495819,138996,2973,3181.208889714726,1,True,True,279,False,12964,3994,45912289,174526370,45915250,174525207,0,0,1666235792,260027,distance_to_pickup,BATCH,hungarian,0,0,order,1
1666495819,510033,3226,10.44030650891055,1,True,True,1920,False,12964,3994,45898832,174578053,45898822,174578050,0,0,1666235804,260015,distance_to_pickup,BATCH,hungarian,0,0,order,1
1666495819,556763,3169,1294.2240918789914,1,True,True,3090,False,12964,3994,45846369,174543383,45845123,174543733,0,0,1666235817,260002,distance_to_pickup,BATCH,hungarian,0,0,order,1
1666495819,145106,1932,158.93709447451215,1,True,True,4095,False,12964,3994,45879540,174634894,45879671,174634804,0,0,1666235824,259995,distance_to_pickup,BATCH,hungarian,0,0,order,1
1666495819,396460,396,216.91011963483862,1,True,True,1515,False,12964,3994,45867880,174573167,45867839,174573380,0,0,1666235831,259988,distance_to_pickup,BATCH,hungarian,0,0,order,1
1666495819,369260,1933,5329.4292377326865,1,True,True,677,False,12964,3994,45890075,174525738,45892595,174521042,0,0,1666235841,259978,distance_to_pickup,BATCH,hungarian,0,0,order,1
1666495819,242883,570,428.66420424383466,1,True,True,3236,False,12964,3994,45879217,174648910,45878854,174648682,0,0,1666235843,259976,distance_to_pickup,BATCH,hungarian,0,0,order,1
1666495819,489152,1530,817.4478576643284,1,True,True,586,False,12964,3994,45845467,174552526,45844653,174552601,0,0,1666235856,259963,distance_to_pickup,BATCH,hungarian,0,0,order,1
1666495819,556766,2252,400.12498047485116,1,True,True,2662,False,12964,3994,45927610,174521620,45927284,174521852,0,0,1666235862,259957,distance_to_pickup,BATCH,hungarian,0,0,order,1
1666495819,302661,4047,246.1097316239242,1,True,True,4154,False,12964,3994,45867880,174573167,45867919,174573410,0,0,1666235874,259945,distance_to_pickup,BATCH,hungarian,0,0,order,1
1666495819,248746,374,63.06346010171025,1,True,True,419,False,12964,3994,45912320,174519710,45912349,174519654,0,0,1666235878,259941,distance_to_pickup,BATCH,hungarian,0,0,order,1
1666495819,117715,1226,3362.3630083618277,1,True,True,1087,False,12964,3994,45905478,174561382,45908832,174561619,0,0,1666235880,259939,distance_to_pickup,BATCH,hungarian,0,0,order,1
1666495819,338744,2784,8806.101577883372,1,True,True,1618,False,12964,3994,45873799,174624643,45879203,174617690,0,0,1666235880,259939,distance_to_pickup,BATCH,hungarian,0,0,order,1
1666495819,190100,175,1266.4331802349463,1,True,True,1571,False,12964,3994,45859780,174572470,45858882,174573363,0,0,1666235880,259939,distance_to_pickup,BATCH,hungarian,0,0,order,1
1666495819,30070,4369,710.5188245219123,1,True,True,2842,False,12964,3994,45851746,174556414,45851137,174556780,0,0,1666235896,259923,distance_to_pickup,BATCH,hungarian,0,0,order,1
1666495819,396450,1135,3757.1853827033874,1,True,True,3603,False,12964,3994,45840017,174551254,45842478,174548415,0,0,1666235903,259916,distance_to_pickup,BATCH,hungarian,0,0,order,1
1666495819,17327,2779,825.4368540354859,1,True,True,565,False,12964,3994,45859969,174536490,45860580,174535935,0,0,1666235910,259909,distance_to_pickup,BATCH,hungarian,0,0,order,1
1666495819,311170,830,1556.1041096276304,1,True,True,1299,False,12964,3994,45919660,174549308,45920894,174548360,0,0,1666235910,259909,distance_to_pickup,BATCH,hungarian,0,0,order,1
1666495819,68236,3672,149.2816130673835,1,True,True,857,False,12964,3994,45868629,174606647,45868482,174606621,0,0,1666235912,259907,distance_to_pickup,BATCH,hungarian,0,0,order,1
1666495819,428529,54,394.1826987578222,1,True,True,2146,False,12964,3994,45897683,174587254,45897487,174587596,0,0,1666235918,259901,distance_to_pickup,BATCH,hungarian,0,0,order,1
1666495819,135933,3180,744.6408530291633,1,True,True,4687,False,12964,3994,45887697,174556801,45886980,174557002,0,0,1666235927,259892,distance_to_pickup,BATCH,hungarian,0,0,order,1
1666495819,538882,778,152.50245899656832,1,True,True,1259,False,12964,3994,45845467,174552526,45845566,174552642,0,0,1666235930,259889,distance_to_pickup,BATCH,hungarian,0,0,order,1
1666495819,151102,2847,1040.5080489837644,1,True,True,2503,False,12964,3994,45900944,174525819,45899943,174525535,0,0,1666235932,259887,distance_to_pickup,BATCH,hungarian,0,0,order,1
1666495819,374787,194,345.70652293527814,1,True,True,2676,False,12964,3994,45873799,174624643,45874107,174624486,0,0,1666235936,259883,distance_to_pickup,BATCH,hungarian,0,0,order,1
1666495819,352632,646,533.768676488233,1,True,True,3090,False,12964,3994,45851052,174551377,45850799,174551847,0,0,1666235938,259881,distance_to_pickup,BATCH,hungarian,0,0,order,1
1666495819,520356,489,2053.8415226107395,1,True,True,976,False,12964,3994,45899354,174549938,45900957,174548654,0,0,1666235941,259878,distance_to_pickup,BATCH,hungarian,0,0,order,1
1666495819,108625,2903,20.8806130178211,1,True,True,739,False,12964,3994,45860600,174572406,45860580,174572400,0,0,1666235943,259876,distance_to_pickup,BATCH,hungarian,0,0,order,1
1666495819,1238,1082,168.11900546934007,1,True,True,1007,False,12964,3994,45851746,174556414,45851656,174556556,0,0,1666235944,259875,distance_to_pickup,BATCH,hungarian,0,0,order,1
1666495819,530913,2061,165.01212076693034,1,True,True,2328,False,12964,3994,45858948,174555793,45858838,174555916,0,0,1666235946,259873,distance_to_pickup,BATCH,hungarian,0,0,order,1
1666495819,160206,1056,723.6753415724485,1,True,True,3378,False,12964,3994,45851746,174556414,45851055,174556629,0,0,1666235950,259869,distance_to_pickup,BATCH,hungarian,0,0,order,1
1666495819,58889,1508,1486.9041663806045,1,True,True,1811,False,12964,3994,45898380,174554072,45898852,174555482,0,0,1666235963,259856,distance_to_pickup,BATCH,hungarian,0,0,order,1
1666495819,305490,4288,1081.8548886056763,1,True,True,1043,False,12964,3994,45847307,174550841,45846468,174550158,0,0,1666235965,259854,distance_to_pickup,BATCH,hungarian,0,0,order,1
1666495819,234102,800,43.41658669218482,1,True,True,705,False,12964,3994,45863395,174583590,45863374,174583552,0,0,1666235966,259853,distance_to_pickup,BATCH,hungarian,0,0,order,1
1666495819,181295,4088,304.9475364714396,1,True,True,2540,False,12964,3994,45851787,174617479,45851995,174617702,0,0,1666235972,259847,distance_to_pickup,BATCH,hungarian,0,0,order,1
1666495819,219733,1190,74.14849964766651,1,True,True,2089,False,12964,3994,45843148,174565243,45843075,174565230,0,0,1666235982,259837,distance_to_pickup,BATCH,hungarian,0,0,order,1
1666495819,23793,947,30.463092423455635,1,True,True,2034,False,12964,3994,45861700,174583580,45861688,174583552,0,0,1666235982,259837,distance_to_pickup,BATCH,hungarian,0,0,order,1
1666495819,412633,2638,140.05713120009278,1,True,True,3093,False,12964,3994,45879397,174634883,45879401,174635023,0,0,1666235983,259836,distance_to_pickup,BATCH,hungarian,0,0,order,1
1666495819,77742,2187,1424.6718920509381,1,True,True,2270,False,12964,3994,45923858,174522165,45923985,174523584,0,0,1666235987,259832,distance_to_pickup,BATCH,hungarian,0,0,order,1
1666495819,417991,4555,1250.936049524515,1,True,True,1601,False,12964,3994,45920072,174552641,45919107,174551845,0,0,1666235990,259829,distance_to_pickup,BATCH,hungarian,0,0,order,1
1666495819,344380,797,1445.761045263013,1,True,True,2400,False,12964,3994,45857745,174547305,45856426,174547897,0,0,1666235996,259823,distance_to_pickup,BATCH,hungarian,0,0,order,1
1666495819,333224,2544,289.1712295509358,1,True,True,4185,False,12964,3994,45882640,174597842,45882576,174598124,0,0,1666235998,259821,distance_to_pickup,BATCH,hungarian,0,0,order,1
1666495819,260187,2786,3165.3783344175463,1,True,True,4339,False,12964,3994,45871068,174595314,45871284,174592156,0,0,1666235999,259820,distance_to_pickup,BATCH,hungarian,0,0,order,1
1666495819,425945,486,1255.853494640199,1,True,True,2596,False,12964,3994,45861427,174575615,45860735,174576663,0,0,1666236002,259817,distance_to_pickup,BATCH,hungarian,0,0,order,1
1666495819,551620,3283,643.4687249587193,1,True,True,508,False,12964,3994,45869855,174596179,45870311,174596633,0,0,1666236011,259808,distance_to_pickup,BATCH,hungarian,0,0,order,1
1666495819,160183,663,1733.1350207066962,1,True,True,1694,False,12964,3994,45900722,174554404,45900636,174552673,0,0,1666236012,259807,distance_to_pickup,BATCH,hungarian,0,0,order,1
1666495819,399161,3270,4747.59149464231,1,True,True,1367,False,12964,3994,45897451,174565965,45895471,174561650,0,0,1666236014,259805,distance_to_pickup,BATCH,hungarian,0,0,order,1
1666495819,160186,4072,153.46986674914396,1,True,True,2730,False,12964,3994,45879771,174546630,45879783,174546783,0,0,1666236020,259799,distance_to_pickup,BATCH,hungarian,0,0,order,1
1666495819,228339,508,479.42674101472477,1,True,True,1835,False,12964,3994,45860664,174572467,45861083,174572234,0,0,1666236023,259796,distance_to_pickup,BATCH,hungarian,0,0,order,1
1666495819,277283,1511,162.49615380063616,1,True,True,3487,False,12964,3994,45889986,174545204,45889964,174545043,0,0,1666236024,259795,distance_to_pickup,BATCH,hungarian,0,0,order,1
1666495819,257312,4686,7491.552709552273,1,True,True,1618,False,12964,3994,45873799,174624643,45873708,174617152,0,0,1666236024,259795,distance_to_pickup,BATCH,hungarian,0,0,order,1
1666495819,311180,274,510.9716234782515,1,True,True,1795,False,12964,3994,45841850,174559905,45842314,174560119,0,0,1666236025,259794,distance_to_pickup,BATCH,hungarian,0,0,order,1
1666495819,484013,1209,385.13504125176667,1,True,True,2521,False,12964,3994,45877124,174545442,45877289,174545094,0,0,1666236028,259791,distance_to_pickup,BATCH,hungarian,0,0,order,1
1666495819,549053,2044,236.57979626333267,1,True,True,861,False,12964,3994,45871810,174544400,45871941,174544597,0,0,1666236029,259790,distance_to_pickup,BATCH,hungarian,0,0,order,1
1666495819,274400,3151,456.17978911828175,1,True,True,3151,True,12964,3994,45863303,174559942,45862897,174560150,0,0,1666236030,259789,distance_to_pickup,BATCH,hungarian,0,0,order,1
1666495819,148107,2461,3939.599598944035,1,True,True,885,False,12964,3994,45860804,174548317,45862686,174544856,0,0,1666236032,259787,distance_to_pickup,BATCH,hungarian,0,0,order,1
1666495819,52635,1612,1764.2349616760234,1,True,True,555,False,12964,3994,45855750,174541130,45857000,174539885,0,0,1666236033,259786,distance_to_pickup,BATCH,hungarian,0,0,order,1
1666495819,484014,696,464.22085261220224,1,True,True,2856,False,12964,3994,45902763,174586284,45902653,174586735,0,0,1666236037,259782,distance_to_pickup,BATCH,hungarian,0,0,order,1
1666495819,507398,2108,2854.648489744403,1,True,True,264,False,12964,3994,45865230,174583102,45865327,174585955,0,0,1666236038,259781,distance_to_pickup,BATCH,hungarian,0,0,order,1
1666495819,240022,529,2645.4241625871646,1,True,True,2717,False,12964,3994,45905669,174544560,45907994,174543298,0,0,1666236038,259781,distance_to_pickup,BATCH,hungarian,0,0,order,1
1666495819,554175,97,4952.840094329717,1,True,True,610,False,12964,3994,45849644,174599543,45847859,174594923,0,0,1666236040,259779,distance_to_pickup,BATCH,hungarian,0,0,order,1
1666495819,302655,470,477.08489810514857,1,True,True,1443,False,12964,3994,45880810,174634890,45880531,174635277,0,0,1666236040,259779,distance_to_pickup,BATCH,hungarian,0,0,order,1
1666495819,99563,2121,3294.2692664686656,1,True,True,3852,False,12964,3994,45851335,174555897,45848074,174556364,0,0,1666236040,259779,distance_to_pickup,BATCH,hungarian,0,0,order,1
1666495819,68237,1076,101.59232254457027,1,True,True,858,False,12964,3994,45863239,174580671,45863144,174580635,0,0,1666236043,259776,distance_to_pickup,BATCH,hungarian,0,0,order,1
1666495819,407281,2660,11307.554996549874,1,True,True,3435,False,12964,3994,45924573,174557435,45926869,174568507,0,0,1666236049,259770,distance_to_pickup,BATCH,hungarian,0,0,order,1
1666495819,151104,885,3779.0541144577437,1,True,True,555,False,12964,3994,45855750,174541130,45852155,174542295,0,0,1666236054,259765,distance_to_pickup,BATCH,hungarian,0,0,order,1
1666495819,280236,4258,2971.0989549323326,1,True,True,380,False,12964,3994,45905669,174544560,45902742,174544050,0,0,1666236055,259764,distance_to_pickup,BATCH,hungarian,0,0,order,1
1666495819,280237,590,110.5350623105628,1,True,True,938,False,12964,3994,45879175,174650529,45879102,174650446,0,0,1666236055,259764,distance_to_pickup,BATCH,hungarian,0,0,order,1
1666495819,549054,922,1009.1981965897481,1,True,True,1142,False,12964,3994,45861700,174583580,45861680,174584589,0,0,1666236055,259764,distance_to_pickup,BATCH,hungarian,0,0,order,1
1666495819,87123,3288,242.52834885843757,1,True,True,441,False,12964,3994,45902763,174586284,45902537,174586372,0,0,1666236060,259759,distance_to_pickup,BATCH,hungarian,0,0,order,1
1666495819,129827,3343,6034.561293085024,1,True,True,654,False,12964,3994,45839765,174551620,45833786,174550803,0,0,1666236063,259756,distance_to_pickup,BATCH,hungarian,0,0,order,1
1666495819,299881,3194,2646.713433675811,1,True,True,419,False,12964,3994,45912320,174519710,45911974,174517086,0,0,1666236065,259754,distance_to_pickup,BATCH,hungarian,0,0,order,1
1666495819,489158,4300,132.59336333316233,1,True,True,4553,False,12964,3994,45860511,174572406,45860396,174572472,0,0,1666236070,259749,distance_to_pickup,BATCH,hungarian,0,0,order,1
1666495819,507407,2918,1064.1240529186434,1,True,True,855,False,12964,3994,45914781,174588306,45915559,174589032,0,0,1666236070,259749,distance_to_pickup,BATCH,hungarian,0,0,order,1
1666495819,10900,3821,1835.780487966903,1,True,True,3556,False,12964,3994,45856266,174575029,45854433,174574928,0,0,1666236076,259743,distance_to_pickup,BATCH,hungarian,0,0,order,1
1666495819,536162,3000,4197.825746740806,1,True,True,508,False,12964,3994,45867049,174601619,45871203,174601014,0,0,1666236077,259742,distance_to_pickup,BATCH,hungarian,0,0,order,1
1666495819,324983,665,403.1178487737798,1,True,True,4490,False,12964,3994,45861700,174583580,45861598,174583970,0,0,1666236080,259739,distance_to_pickup,BATCH,hungarian,0,0,order,1
1666495819,151105,2588,195.97193676646665,1,True,True,2031,False,12964,3994,45877560,174595910,45877526,174595717,0,0,1666236080,259739,distance_to_pickup,BATCH,hungarian,0,0,order,1
1666495819,425946,4153,2160.8195204597723,1,True,True,1640,False,12964,3994,45847307,174550841,45846612,174548795,0,0,1666236081,259738,distance_to_pickup,BATCH,hungarian,0,0,order,1
1666495819,219736,4773,1095.3798427942702,1,True,True,2922,False,12964,3994,45879590,174635020,45880159,174635956,0,0,1666236082,259737,distance_to_pickup,BATCH,hungarian,0,0,order,1
1666495819,142042,3940,1963.5938989516137,1,True,True,4185,False,12964,3994,45882640,174597842,45883614,174599547,0,0,1666236087,259732,distance_to_pickup,BATCH,hungarian,0,0,order,1
1666495819,478932,1000,20567.25227151162,1,True,True,419,False,12964,3994,45912320,174519710,45899849,174503355,0,0,1666236089,259730,distance_to_pickup,BATCH,hungarian,0,0,order,1
1666495819,46243,2339,538.0148696829856,1,True,True,1571,False,12964,3994,45860061,174579184,45860387,174578756,0,0,1666236091,259728,distance_to_pickup,BATCH,hungarian,0,0,order,1
1666495819,536161,1512,778.1028209690542,1,True,True,1142,False,12964,3994,45859855,174571035,45859085,174571147,0,0,1666236091,259728,distance_to_pickup,BATCH,hungarian,0,0,order,1
1666495819,533539,1619,1517.0039551695309,1,True,True,4427,False,12964,3994,45857745,174547305,45856394,174547995,0,0,1666236098,259721,distance_to_pickup,BATCH,hungarian,0,0,order,1
1666495819,423248,487,219.9659064491586,1,True,True,2960,False,12964,3994,45863719,174582514,45863878,174582666,0,0,1666236099,259720,distance_to_pickup,BATCH,hungarian,0,0,order,1
1666495819,486607,1451,407.1719538475115,1,True,True,839,False,12964,3994,45893040,174584320,45892998,174584725,0,0,1666236100,259719,distance_to_pickup,BATCH,hungarian,0,0,order,1
1666495819,237093,1251,1304.4588916481807,1,True,True,3355,False,12964,3994,45889986,174545204,45891204,174544737,0,0,1666236104,259715,distance_to_pickup,BATCH,hungarian,0,0,order,1
1666495819,355408,2695,1968.4219567968653,1,True,True,3409,False,12964,3994,45871068,174595314,45871214,174593351,0,0,1666236104,259715,distance_to_pickup,BATCH,hungarian,0,0,order,1
1666495819,319478,2878,718.2478680789801,1,True,True,700,False,12964,3994,45896298,174578827,45895932,174578209,0,0,1666236106,259713,distance_to_pickup,BATCH,hungarian,0,0,order,1
1666495819,172263,4551,1718.593902002448,1,True,True,2300,False,12964,3994,45860748,174572540,45862465,174572466,0,0,1666236112,259707,distance_to_pickup,BATCH,hungarian,0,0,order,1
1666495819,380100,3044,161.91973320136123,1,True,True,2317,False,12964,3994,45920336,174546846,45920389,174546693,0,0,1666236117,259702,distance_to_pickup,BATCH,hungarian,0,0,order,1
1666495819,184216,1455,3012.4840248539076,1,True,True,1276,False,12964,3994,45846251,174554751,45846305,174557763,0,0,1666236118,259701,distance_to_pickup,BATCH,hungarian,0,0,order,1
1666495819,471007,2705,653.1102510296405,1,True,True,1336,False,12964,3994,45892956,174566372,45892303,174566384,0,0,1666236119,259700,distance_to_pickup,BATCH,hungarian,0,0,order,1
1666495819,478928,1502,54.45181356024793,1,True,True,508,False,12964,3994,45870996,174595448,45871035,174595486,0,0,1666236122,259697,distance_to_pickup,BATCH,hungarian,0,0,order,1
1666495819,380101,3702,65.39113089708727,1,True,True,2966,False,12964,3994,45885579,174582888,45885519,174582914,0,0,1666236125,259694,distance_to_pickup,BATCH,hungarian,0,0,order,1
1666495819,265861,610,918.0201522842514,1,True,True,2892,False,12964,3994,45853407,174602644,45853226,174603544,0,0,1666236127,259692,distance_to_pickup,BATCH,hungarian,0,0,order,1
1666495819,160207,2525,1551.1215297325996,1,True,True,4113,False,12964,3994,45856328,174549215,45855595,174550582,0,0,1666236133,259686,distance_to_pickup,BATCH,hungarian,0,0,order,1
1666495819,193008,3269,208.16579930430456,1,True,True,2818,False,12964,3994,45873528,174606238,45873550,174606445,0,0,1666236133,259686,distance_to_pickup,BATCH,hungarian,0,0,order,1
1666495819,231202,2842,2206.0401174956,1,True,True,1160,False,12964,3994,45841850,174559905,45842168,174562088,0,0,1666236134,259685,distance_to_pickup,BATCH,hungarian,0,0,order,1
1666495819,14069,1729,43.41658669218482,1,True,True,2967,False,12964,3994,45889230,174571870,45889268,174571891,0,0,1666236138,259681,distance_to_pickup,BATCH,hungarian,0,0,order,1
1666495819,46253,3455,186.79668091269716,1,True,True,1910,False,12964,3994,45867851,174574247,45867689,174574154,0,0,1666236139,259680,distance_to_pickup,BATCH,hungarian,0,0,order,1
1666495819,163218,727,107.0,1,True,True,569,False,12964,3994,45860511,174572406,45860511,174572513,0,0,1666236139,259680,distance_to_pickup,BATCH,hungarian,0,0,order,1
1666495819,305496,1432,58.0,1,True,True,527,False,12964,3994,45879274,174648294,45879274,174648236,0,0,1666236141,259678,distance_to_pickup,BATCH,hungarian,0,0,order,1
1666495819,105631,2257,1137.8317098762893,1,True,True,2552,False,12964,3994,45899965,174566462,45900759,174565647,0,0,1666236142,259677,distance_to_pickup,BATCH,hungarian,0,0,order,1
1666495819,175242,3157,1262.2887942146995,1,True,True,1516,False,12964,3994,45862134,174526400,45863396,174526427,0,0,1666236148,259671,distance_to_pickup,BATCH,hungarian,0,0,order,1
1666495819,108629,609,451.1540756770352,1,True,True,927,False,12964,3994,45920237,174533489,45919791,174533421,0,0,1666236150,259669,distance_to_pickup,BATCH,hungarian,0,0,order,1
1666495819,207786,888,1299.3032748361716,1,True,True,1486,False,12964,3994,45905041,174525396,45905366,174524138,0,0,1666236154,259665,distance_to_pickup,BATCH,hungarian,0,0,order,1
1666495819,347041,995,750.4725178179411,1,True,True,186,False,12964,3994,45874202,174647525,45873527,174647197,0,0,1666236155,259664,distance_to_pickup,BATCH,hungarian,0,0,order,1
1666495819,507400,409,593.1551230496117,1,True,True,3558,False,12964,3994,45868629,174606647,45868057,174606490,0,0,1666236155,259664,distance_to_pickup,BATCH,hungarian,0,0,order,1
1666495819,460428,3896,8660.100519047108,1,True,True,148,False,12964,3994,45865954,174526117,45873624,174522096,0,0,1666236161,259658,distance_to_pickup,BATCH,hungarian,0,0,order,1
1666495819,222578,342,185.06755523321746,1,True,True,1054,False,12964,3994,46054689,174946657,46054736,174946478,0,0,1666236161,259658,distance_to_pickup,BATCH,hungarian,0,0,order,1
1666495819,512660,2738,2777.5305578877073,1,True,True,80,False,12964,3994,45820373,174521724,45820233,174518950,0,0,1666236161,259658,distance_to_pickup,BATCH,hungarian,0,0,order,1
1666495819,4383,126,164.61470165206995,1,True,True,1599,False,12964,3994,45860060,174572270,45860193,174572173,0,0,1666236162,259657,distance_to_pickup,BATCH,hungarian,0,0,order,1
1666495819,285838,4796,1552.6599756546827,1,True,True,2733,False,12964,3994,45854334,174566846,45853922,174568343,0,0,1666236162,259657,distance_to_pickup,BATCH,hungarian,0,0,order,1
1666495819,58903,3671,731.1477278908825,1,True,True,2282,False,12964,3994,45899965,174566462,45900694,174566406,0,0,1666236164,259655,distance_to_pickup,BATCH,hungarian,0,0,order,1
1666495819,175253,3743,4025.184964694169,1,True,True,885,False,12964,3994,45860804,174548317,45862849,174544850,0,0,1666236167,259652,distance_to_pickup,BATCH,hungarian,0,0,order,1
1666495819,7646,963,189.1718795170149,1,True,True,1835,False,12964,3994,45858919,174566661,45858834,174566830,0,0,1666236167,259652,distance_to_pickup,BATCH,hungarian,0,0,order,1
1666495819,385498,4187,4505.759203508328,1,True,True,2047,False,12964,3994,45875538,174607081,45877913,174610910,0,0,1666236168,259651,distance_to_pickup,BATCH,hungarian,0,0,order,1
1666495819,74545,1521,6090.9444259490665,1,True,True,3506,False,12964,3994,45852904,174549538,45851844,174543540,0,0,1666236169,259650,distance_to_pickup,BATCH,hungarian,0,0,order,1
1666495819,126781,3079,49.24428900898052,1,True,True,2786,False,12964,3994,45870533,174595497,45870578,174595477,0,0,1666236170,259649,distance_to_pickup,BATCH,hungarian,0,0,order,1
1666495819,23791,1994,1134.7991011628446,1,True,True,1669,False,12964,3994,45865342,174565861,45864355,174565301,0,0,1666236172,259647,distance_to_pickup,BATCH,hungarian,0,0,order,1
1666495819,274401,1719,3786.0962745286865,1,True,True,2287,False,12964,3994,45849487,174566808,45847237,174569853,0,0,1666236175,259644,distance_to_pickup,BATCH,hungarian,0,0,order,1
1666495819,237096,1374,420.48186643421377,1,True,True,1908,False,12964,3994,45871810,174544400,45871393,174544454,0,0,1666236176,259643,distance_to_pickup,BATCH,hungarian,0,0,order,1
1666495819,291383,3532,756.6795887296023,1,True,True,3677,False,12964,3994,45885810,174539440,45885652,174538700,0,0,1666236176,259643,distance_to_pickup,BATCH,hungarian,0,0,order,1
1666495819,169218,2800,1560.066665242226,1,True,True,2887,False,12964,3994,45863367,174559783,45864419,174558631,0,0,1666236178,259641,distance_to_pickup,BATCH,hungarian,0,0,order,1
1666495819,195976,2475,2365.9004628259404,1,True,True,4106,False,12964,3994,45889913,174596658,45887639,174596005,0,0,1666236178,259641,distance_to_pickup,BATCH,hungarian,0,0,order,1
1666495819,126782,1968,5688.931094678507,1,True,True,954,False,12964,3994,45856607,174536801,45850928,174536465,0,0,1666236180,259639,distance_to_pickup,BATCH,hungarian,0,0,order,1
1666495819,322247,3787,416.8380980668634,1,True,True,1030,False,12964,3994,45903052,174587048,45902737,174586775,0,0,1666236185,259634,distance_to_pickup,BATCH,hungarian,0,0,order,1
1666495819,257330,4133,285.9545418418809,1,True,True,1437,False,12964,3994,45866523,174578800,45866804,174578853,0,0,1666236188,259631,distance_to_pickup,BATCH,hungarian,0,0,order,1
1666495819,363781,1459,87.00574693662483,1,True,True,1009,False,12964,3994,45862960,174564078,45863047,174564079,0,0,1666236189,259630,distance_to_pickup,BATCH,hungarian,0,0,order,1
1666495819,372021,611,227.36974292988063,1,True,True,870,False,12964,3994,45861015,174563891,45861054,174564115,0,0,1666236190,259629,distance_to_pickup,BATCH,hungarian,0,0,order,1
1666495819,58897,3950,123.32072007574396,1,True,True,1076,False,12964,3994,45860060,174572270,45860182,174572288,0,0,1666236193,259626,distance_to_pickup,BATCH,hungarian,0,0,order,1
1666495819,204811,357,10661.7116824645,1,True,True,3394,False,12964,3994,45832112,174582926,45821476,174582186,0,0,1666236193,259626,distance_to_pickup,BATCH,hungarian,0,0,order,1
1666495819,352639,4255,634.9110173874761,1,True,True,1788,False,12964,3994,45869542,174570465,45869508,174569831,0,0,1666236194,259625,distance_to_pickup,BATCH,hungarian,0,0,order,1
1666495819,201881,4353,3989.4711428960104,1,True,True,1259,False,12964,3994,45846275,174552476,45844881,174556214,0,0,1666236195,259624,distance_to_pickup,BATCH,hungarian,0,0,order,1
1666495819,528279,2926,105.72133181151285,1,True,True,2064,False,12964,3994,45871225,174595752,45871121,174595733,0,0,1666236195,259624,distance_to_pickup,BATCH,hungarian,0,0,order,1
1666495819,349821,3394,237.52263050075882,1,True,True,886,False,12964,3994,45839377,174580415,45839153,174580336,0,0,1666236196,259623,distance_to_pickup,BATCH,hungarian,0,0,order,1
1666495819,412628,2605,218.8880992653552,1,True,True,1701,False,12964,3994,45862134,174526400,45862348,174526354,0,0,1666236196,259623,distance_to_pickup,BATCH,hungarian,0,0,order,1
1666495819,10918,761,796.7465092487071,1,True,True,1077,False,12964,3994,45851335,174555897,45850949,174556594,0,0,1666236200,259619,distance_to_pickup,BATCH,hungarian,0,0,order,1
1666495819,352648,3739,854.0632295093848,1,True,True,734,False,12964,3994,45912385,174588064,45911653,174588504,0,0,1666236201,259618,distance_to_pickup,BATCH,hungarian,0,0,order,1
1666495819,285846,2510,6569.137310180082,1,True,True,2468,False,12964,3994,45850078,174549408,45850281,174542842,0,0,1666236203,259616,distance_to_pickup,BATCH,hungarian,0,0,order,1
1666495819,468392,1099,56.71860364994893,1,True,True,1206,False,12964,3994,45879961,174546534,45879970,174546478,0,0,1666236209,259610,distance_to_pickup,BATCH,hungarian,0,0,order,1
1666495819,80984,3769,416.1586236040291,1,True,True,1272,False,12964,3994,45877822,174554837,45877904,174555245,0,0,1666236209,259610,distance_to_pickup,BATCH,hungarian,0,0,order,1
1666495819,231204,3668,39.05124837953327,1,True,True,684,False,12964,3994,45869948,174606536,45869918,174606561,0,0,1666236211,259608,distance_to_pickup,BATCH,hungarian,0,0,order,1
1666495819,549059,1987,23317.932155317718,1,True,True,436,False,12964,3994,45871022,174644091,45848676,174637429,0,0,1666236213,259606,distance_to_pickup,BATCH,hungarian,0,0,order,1
1666495819,268709,2561,187.0721785835617,1,True,True,1060,False,12964,3994,45858490,174570730,45858654,174570640,0,0,1666236214,259605,distance_to_pickup,BATCH,hungarian,0,0,order,1
1666495819,541362,720,182.6307750626931,1,True,True,267,False,12964,3994,45887526,174577045,45887403,174576910,0,0,1666236214,259605,distance_to_pickup,BATCH,hungarian,0,0,order,1
1666495819,225458,2172,2001.9690307294966,1,True,True,3136,False,12964,3994,45867977,174566869,45869975,174566995,0,0,1666236215,259604,distance_to_pickup,BATCH,hungarian,0,0,order,1
1666495819,425949,1017,62.51399843235114,1,True,True,1138,False,12964,3994,45859404,174571414,45859396,174571352,0,0,1666236215,259604,distance_to_pickup,BATCH,hungarian,0,0,order,1
1666495819,494351,3001,56.568542494923804,1,True,True,96,False,12964,3994,45880142,174546719,45880198,174546727,0,0,1666236215,259604,distance_to_pickup,BATCH,hungarian,0,0,order,1
1666495819,20531,2369,1382.1957169663058,1,True,True,2888,False,12964,3994,45861427,174575615,45860783,174576838,0,0,1666236217,259602,distance_to_pickup,BATCH,hungarian,0,0,order,1
1666495819,257316,2216,34.52535300326414,1,True,True,3648,False,12964,3994,45880104,174634822,45880138,174634816,0,0,1666236218,259601,distance_to_pickup,BATCH,hungarian,0,0,order,1
1666495819,204813,1767,150.20652449211386,1,True,True,3220,False,12964,3994,45879175,174650529,45879296,174650618,0,0,1666236220,259599,distance_to_pickup,BATCH,hungarian,0,0,order,1
1666495819,476250,3147,4869.517429889742,1,True,True,893,False,12964,3994,45769657,174579892,45764967,174581202,0,0,1666236221,259598,distance_to_pickup,BATCH,hungarian,0,0,order,1
1666495819,7650,2839,5189.5211725167865,1,True,True,1395,False,12964,3994,45849548,174566661,45846167,174562724,0,0,1666236223,259596,distance_to_pickup,BATCH,hungarian,0,0,order,1
1666495819,512661,3255,177.9100896520487,1,True,True,2374,False,12964,3994,45884750,174582312,45884814,174582478,0,0,1666236224,259595,distance_to_pickup,BATCH,hungarian,0,0,order,1
1666495819,187131,1386,1430.516340347079,1,True,True,720,False,12964,3994,45889913,174596658,45888894,174597662,0,0,1666236229,259590,distance_to_pickup,BATCH,hungarian,0,0,order,1
1666495819,380104,1410,1170.7305411579557,1,True,True,1933,False,12964,3994,45892588,174526684,45892969,174525577,0,0,1666236231,259588,distance_to_pickup,BATCH,hungarian,0,0,order,1
1666495819,42990,2528,2188.3587457270346,1,True,True,2935,False,12964,3994,45895642,174591283,45896757,174593166,0,0,1666236232,259587,distance_to_pickup,BATCH,hungarian,0,0,order,1
1666495819,322249,2465,121.39604606411199,1,True,True,759,False,12964,3994,45873329,174545627,45873448,174545603,0,0,1666236233,259586,distance_to_pickup,BATCH,hungarian,0,0,order,1
1666495819,219742,1764,440.09317195339446,1,True,True,2147,False,12964,3994,45859811,174572316,45859372,174572285,0,0,1666236233,259586,distance_to_pickup,BATCH,hungarian,0,0,order,1
1666495819,433931,2505,200.6888138387389,1,True,True,1063,False,12964,3994,45879255,174647888,45879081,174647788,0,0,1666236234,259585,distance_to_pickup,BATCH,hungarian,0,0,order,1
1666495819,393779,3936,4372.53633489763,1,True,True,3270,False,12964,3994,45886242,174574272,45882497,174572015,0,0,1666236235,259584,distance_to_pickup,BATCH,hungarian,0,0,order,1
1666495819,17335,4477,566.6753920896865,1,True,True,883,False,12964,3994,45859609,174526380,45859664,174526944,0,0,1666236238,259581,distance_to_pickup,BATCH,hungarian,0,0,order,1
1666495819,291385,3063,1139.46390903793,1,True,True,3796,False,12964,3994,45873329,174545627,45873922,174544654,0,0,1666236241,259578,distance_to_pickup,BATCH,hungarian,0,0,order,1
1666495819,316733,1874,41.182520563948,1,True,True,4172,False,12964,3994,45920412,174542723,45920392,174542759,0,0,1666236243,259576,distance_to_pickup,BATCH,hungarian,0,0,order,1
1666495819,428534,3007,5810.116005726564,1,True,True,273,False,12964,3994,45871355,174625692,45866793,174629290,0,0,1666236244,259575,distance_to_pickup,BATCH,hungarian,0,0,order,1
1666495819,4378,2657,361.78446622263925,1,True,True,2439,False,12964,3994,45852737,174527599,45853079,174527717,0,0,1666236249,259570,distance_to_pickup,BATCH,hungarian,0,0,order,1
1666495819,145105,365,2315.9037112971687,1,True,True,109,False,12964,3994,45924613,174557214,45923020,174555533,0,0,1666236250,259569,distance_to_pickup,BATCH,hungarian,0,0,order,1
1666495819,4379,2450,3575.076083106484,1,True,True,2440,False,12964,3994,45862120,174513830,45864420,174516567,0,0,1666236250,259569,distance_to_pickup,BATCH,hungarian,0,0,order,1
1666495819,175260,633,224.1539649437413,1,True,True,2468,False,12964,3994,45859089,174555893,45859003,174556100,0,0,1666236251,259568,distance_to_pickup,BATCH,hungarian,0,0,order,1
1666495819,80987,2086,1187.732714039653,1,True,True,786,False,12964,3994,45903052,174587048,45904202,174586751,0,0,1666236252,259567,distance_to_pickup,BATCH,hungarian,0,0,order,1
1666495819,491784,3872,1410.328330567035,1,True,True,1734,False,12964,3994,45872441,174544200,45873636,174543451,0,0,1666236254,259565,distance_to_pickup,BATCH,hungarian,0,0,order,1
1666495819,294273,3039,1962.5926729711389,1,True,True,3257,False,12964,3994,45912450,174587920,45912237,174585969,0,0,1666236254,259565,distance_to_pickup,BATCH,hungarian,0,0,order,1
1666495819,142050,312,276.81221071332817,1,True,True,1150,False,12964,3994,45879397,174634883,45879233,174635106,0,0,1666236255,259564,distance_to_pickup,BATCH,hungarian,0,0,order,1
1666495819,489163,549,565.6924959728562,1,True,True,1563,False,12964,3994,45892904,174543885,45892466,174544243,0,0,1666236257,259562,distance_to_pickup,BATCH,hungarian,0,0,order,1
1666495819,251559,3328,101.86756107809786,1,True,True,697,False,12964,3994,45880810,174634890,45880786,174634791,0,0,1666236258,259561,distance_to_pickup,BATCH,hungarian,0,0,order,1
1666495819,549062,1301,1638.1297262427051,1,True,True,2555,False,12964,3994,45895872,174555845,45895709,174557475,0,0,1666236258,259561,distance_to_pickup,BATCH,hungarian,0,0,order,1
1666495819,201884,3882,338.031063661315,1,True,True,2725,False,12964,3994,45893156,174543777,45893193,174544113,0,0,1666236261,259558,distance_to_pickup,BATCH,hungarian,0,0,order,1
1666495819,23781,1779,899.1690608556324,1,True,True,1425,False,12964,3994,45879192,174649067,45878420,174648606,0,0,1666236261,259558,distance_to_pickup,BATCH,hungarian,0,0,order,1
1666495819,311177,2196,703.0824987154779,1,True,True,870,False,12964,3994,45867440,174562250,45867479,174561548,0,0,1666236262,259557,distance_to_pickup,BATCH,hungarian,0,0,order,1
1666495819,240025,724,423.5115110596169,1,True,True,409,False,12964,3994,45885478,174592525,45885289,174592904,0,0,1666236262,259557,distance_to_pickup,BATCH,hungarian,0,0,order,1
1666495819,523039,1153,1476.9295853221981,1,True,True,276,False,12964,3994,45859712,174576170,45860651,174577310,0,0,1666236264,259555,distance_to_pickup,BATCH,hungarian,0,0,order,1
1666495819,528284,1699,1967.9575706808316,1,True,True,2219,False,12964,3994,45864551,174569411,45863327,174570952,0,0,1666236266,259553,distance_to_pickup,BATCH,hungarian,0,0,order,1
1666495819,460435,1450,542.2075248463451,1,True,True,1223,False,12964,3994,46047150,174936770,46047135,174936228,0,0,1666236266,259553,distance_to_pickup,BATCH,hungarian,0,0,order,1
1666495819,431261,709,253.04940229133123,1,True,True,4767,False,12964,3994,45861334,174558423,45861279,174558176,0,0,1666236266,259553,distance_to_pickup,BATCH,hungarian,0,0,order,1
1666495819,431263,4867,593.5966644111135,1,True,True,2912,False,12964,3994,45874949,174545686,45874388,174545880,0,0,1666236267,259552,distance_to_pickup,BATCH,hungarian,0,0,order,1
1666495819,210835,31,474.94841825191924,1,True,True,1067,False,12964,3994,46052464,174930471,46052674,174930897,0,0,1666236267,259552,distance_to_pickup,BATCH,hungarian,0,0,order,1
1666495819,198871,3231,395.06581730137066,1,True,True,189,False,12964,3994,45852942,174591757,45853153,174591423,0,0,1666236267,259552,distance_to_pickup,BATCH,hungarian,0,0,order,1
1666495819,42979,2935,291.20439557122074,1,True,True,1030,False,12964,3994,45895086,174589967,45894910,174590199,0,0,1666236268,259551,distance_to_pickup,BATCH,hungarian,0,0,order,1
1666495819,198869,4606,1554.6067026743451,1,True,True,2662,False,12964,3994,45927456,174522167,45927175,174523696,0,0,1666236269,259550,distance_to_pickup,BATCH,hungarian,0,0,order,1
1666495819,207789,1614,867.6664105518895,1,True,True,132,False,12964,3994,46055371,174942904,46056120,174942466,0,0,1666236269,259550,distance_to_pickup,BATCH,hungarian,0,0,order,1
1666495819,369266,3986,200.5243127403757,1,True,True,292,False,12964,3994,45880188,174530388,45880355,174530499,0,0,1666236269,259550,distance_to_pickup,BATCH,hungarian,0,0,order,1
1666495819,302659,3867,1768.3579954296586,1,True,True,659,False,12964,3994,45779670,174564900,45781383,174565339,0,0,1666236269,259550,distance_to_pickup,BATCH,hungarian,0,0,order,1
1666495819,388342,1213,543.8713083073973,1,True,True,3743,False,12964,3994,45862120,174513830,45861884,174514320,0,0,1666236269,259550,distance_to_pickup,BATCH,hungarian,0,0,order,1
1666495819,335943,1048,1494.6989663474046,1,True,True,843,False,12964,3994,45890276,174562960,45890786,174564365,0,0,1666236270,259549,distance_to_pickup,BATCH,hungarian,0,0,order,1
1666495819,120732,4429,826.6952280012266,1,True,True,1706,False,12964,3994,45858344,174577760,45858239,174578580,0,0,1666236270,259549,distance_to_pickup,BATCH,hungarian,0,0,order,1
1666495819,341530,443,517.3799377633424,1,True,True,1225,False,12964,3994,45912546,174526808,45913057,174526889,0,0,1666236270,259549,distance_to_pickup,BATCH,hungarian,0,0,order,1
1666495819,324987,976,296.8164415931166,1,True,True,2066,False,12964,3994,45890563,174573599,45890285,174573495,0,0,1666236270,259549,distance_to_pickup,BATCH,hungarian,0,0,order,1
1666495819,142055,2937,2256.0150708716465,1,True,True,892,False,12964,3994,45878778,174633418,45877738,174631416,0,0,1666236270,259549,distance_to_pickup,BATCH,hungarian,0,0,order,1
1666495819,541365,3630,1324.252619404621,1,True,True,2094,False,12964,3994,45866698,174606413,45865405,174606127,0,0,1666236271,259548,distance_to_pickup,BATCH,hungarian,0,0,order,1
1666495819,195978,2089,2125.0319997590623,1,True,True,1257,False,12964,3994,45846960,174582568,45847816,174580623,0,0,1666236271,259548,distance_to_pickup,BATCH,hungarian,0,0,order,1
1666495819,468388,1741,629.6769012755669,1,True,True,2247,False,12964,3994,45816637,174525629,45816010,174525687,0,0,1666236272,259547,distance_to_pickup,BATCH,hungarian,0,0,order,1
1666495819,178254,1650,600.7004245045945,1,True,True,968,False,12964,3994,45874754,174648734,45874154,174648763,0,0,1666236272,259547,distance_to_pickup,BATCH,hungarian,0,0,order,1
1666495819,198870,1437,408.79579254194874,1,True,True,290,False,12964,3994,45852846,174602424,45853129,174602719,0,0,1666236272,259547,distance_to_pickup,BATCH,hungarian,0,0,order,1
1666495819,439257,2824,2620.590963885818,1,True,True,2791,False,12964,3994,45861532,174595201,45861308,174597812,0,0,1666236272,259547,distance_to_pickup,BATCH,hungarian,0,0,order,1
1666495819,391013,4112,12278.043492348444,1,True,True,3211,False,12964,3994,45881004,174511537,45881228,174499261,0,0,1666236273,259546,distance_to_pickup,BATCH,hungarian,0,0,order,1
1666495819,377497,4694,3535.446365029457,1,True,True,3280,False,12964,3994,45876179,174591689,45877994,174588655,0,0,1666236273,259546,distance_to_pickup,BATCH,hungarian,0,0,order,1
1666495819,166254,2098,558.3421889844972,1,True,True,2741,False,12964,3994,45764860,174570903,45765085,174570392,0,0,1666236273,259546,distance_to_pickup,BATCH,hungarian,0,0,order,1
1666495819,541366,2277,1684.5141732855798,1,True,True,1791,False,12964,3994,45861372,174545171,45861224,174543493,0,0,1666236273,259546,distance_to_pickup,BATCH,hungarian,0,0,order,1
1666495819,96465,930,43.01162633521314,1,True,True,1345,False,12964,3994,46052380,174934080,46052379,174934123,0,0,1666236274,259545,distance_to_pickup,BATCH,hungarian,0,0,order,1
1666495819,333233,1890,324.2360251421794,1,True,True,171,False,12964,3994,45846747,174586994,45847047,174587117,0,0,1666236274,259545,distance_to_pickup,BATCH,hungarian,0,0,order,1
1666495819,388343,3179,1161.0844069231143,1,True,True,894,False,12964,3994,45861150,174531570,45861136,174530409,0,0,1666236275,259544,distance_to_pickup,BATCH,hungarian,0,0,order,1
1666495819,52633,2237,485.77360982251804,1,True,True,1909,False,12964,3994,45879192,174649067,45878818,174648757,0,0,1666236276,259543,distance_to_pickup,BATCH,hungarian,0,0,order,1
1666495819,377494,360,291.547594742265,1,True,True,3238,False,12964,3994,45873528,174606238,45873378,174606488,0,0,1666236277,259542,distance_to_pickup,BATCH,hungarian,0,0,order,1
1666495819,160196,3331,1727.3867546094014,1,True,True,413,False,12964,3994,45864213,174615211,45865610,174614195,0,0,1666236277,259542,distance_to_pickup,BATCH,hungarian,0,0,order,1
1666495819,17337,2366,117.10678887237921,1,True,True,706,False,12964,3994,45884892,174635297,45884897,174635414,0,0,1666236277,259542,distance_to_pickup,BATCH,hungarian,0,0,order,1
1666495819,254437,166,5680.147181191699,1,True,True,1152,False,12964,3994,46052744,174930198,46054398,174924764,0,0,1666236277,259542,distance_to_pickup,BATCH,hungarian,0,0,order,1
1666495819,528283,2617,2958.874955113852,1,True,True,441,False,12964,3994,45893081,174584158,45890131,174583929,0,0,1666236279,259540,distance_to_pickup,BATCH,hungarian,0,0,order,1
1666495819,327720,1290,5218.407132449518,1,True,True,2819,False,12964,3994,46048740,174960005,46044047,174962287,0,0,1666236280,259539,distance_to_pickup,BATCH,hungarian,0,0,order,1
1666495819,377495,299,1973.595956623341,1,True,True,1290,False,12964,3994,46027111,174975496,46027295,174977461,0,0,1666236280,259539,distance_to_pickup,BATCH,hungarian,0,0,order,1
1666495819,26981,2882,169.6732153287607,1,True,True,743,False,12964,3994,45774313,174567377,45774480,174567407,0,0,1666236280,259539,distance_to_pickup,BATCH,hungarian,0,0,order,1
1666495819,277279,855,2051.00804484039,1,True,True,4351,False,12964,3994,45894039,174584286,45895942,174583521,0,0,1666236283,259536,distance_to_pickup,BATCH,hungarian,0,0,order,1
1666495819,254434,112,752.9807434456741,1,True,True,1513,False,12964,3994,45872080,174557830,45872814,174557662,0,0,1666236290,259529,distance_to_pickup,BATCH,hungarian,0,0,order,1
1666495819,327725,3870,2663.6450589370947,1,True,True,4176,False,12964,3994,45878715,174633713,45877537,174631324,0,0,1666236292,259527,distance_to_pickup,BATCH,hungarian,0,0,order,1
1666495819,305502,3644,5571.841437083435,1,True,True,1052,False,12964,3994,45864213,174615211,45858737,174616240,0,0,1666236293,259526,distance_to_pickup,BATCH,hungarian,0,0,order,1
1666495819,556773,114,265.5484889808262,1,True,True,3180,False,12964,3994,45907695,174525727,45907899,174525557,0,0,1666236294,259525,distance_to_pickup,BATCH,hungarian,0,0,order,1
1666495819,49451,2756,406.0898915264944,1,True,True,240,False,12964,3994,45875301,174572069,45875351,174571666,0,0,1666236294,259525,distance_to_pickup,BATCH,hungarian,0,0,order,1
1666495819,333229,1401,1879.2000957854382,1,True,True,1724,False,12964,3994,45905951,174543445,45906239,174541588,0,0,1666236295,259524,distance_to_pickup,BATCH,hungarian,0,0,order,1
1666495819,476252,3998,675.6811378157599,1,True,True,3545,False,12964,3994,45871064,174595434,45871252,174594785,0,0,1666236297,259522,distance_to_pickup,BATCH,hungarian,0,0,order,1
1666495819,26979,61,5104.940352247027,1,True,True,1729,False,12964,3994,45817411,174564698,45817915,174569778,0,0,1666236300,259519,distance_to_pickup,BATCH,hungarian,0,0,order,1
1666495819,181307,1090,167.72596698186004,1,True,True,2575,False,12964,3994,45839377,174580415,45839233,174580501,0,0,1666236304,259515,distance_to_pickup,BATCH,hungarian,0,0,order,1
1666495819,417990,3401,11829.945139348703,1,True,True,2200,False,12964,3994,45871022,174644091,45863971,174634592,0,0,1666236310,259509,distance_to_pickup,BATCH,hungarian,0,0,order,1
1666495819,257320,2345,2414.9604551627754,1,True,True,2740,False,12964,3994,45874074,174536705,45873421,174539030,0,0,1666236311,259508,distance_to_pickup,BATCH,hungarian,0,0,order,1
1666495819,401875,4143,9789.508516774476,1,True,True,2523,False,12964,3994,45849065,174527425,45842499,174520164,0,0,1666236313,259506,distance_to_pickup,BATCH,hungarian,0,0,order,1
1666495819,439255,218,246.13004692641653,1,True,True,480,False,12964,3994,45872485,174586837,45872269,174586719,0,0,1666236314,259505,distance_to_pickup,BATCH,hungarian,0,0,order,1
1666495819,184218,1865,727.5713023477493,1,True,True,1373,False,12964,3994,45899979,174569978,45900191,174570674,0,0,1666236316,259503,distance_to_pickup,BATCH,hungarian,0,0,order,1
1666495819,308373,2200,4281.781521750029,1,True,True,2200,True,12964,3994,45875807,174650501,45876520,174654723,0,0,1666236316,259503,distance_to_pickup,BATCH,hungarian,0,0,order,1
1666495819,160199,302,305.2212312405544,1,True,True,2862,False,12964,3994,45876726,174546059,45876600,174546337,0,0,1666236325,259494,distance_to_pickup,BATCH,hungarian,0,0,order,1
1666495819,285844,2783,5376.620220919458,1,True,True,2440,False,12964,3994,45861721,174510844,45865654,174507178,0,0,1666236334,259485,distance_to_pickup,BATCH,hungarian,0,0,order,1
1666495819,219747,1592,358.0125696117386,1,True,True,3254,False,12964,3994,45886930,174578720,45886933,174578362,0,0,1666236334,259485,distance_to_pickup,BATCH,hungarian,0,0,order,1
1666495819,439256,3254,394.689751577109,1,True,True,1375,False,12964,3994,45886063,174587132,45885791,174587418,0,0,1666236335,259484,distance_to_pickup,BATCH,hungarian,0,0,order,1
1666495819,190113,2622,8616.267695470005,1,True,True,3093,False,12964,3994,45881074,174651185,45878337,174659355,0,0,1666236340,259479,distance_to_pickup,BATCH,hungarian,0,0,order,1
1666495819,327722,762,68.0,1,True,True,634,False,12964,3994,45905921,174530450,45905953,174530510,0,0,1666236345,259474,distance_to_pickup,BATCH,hungarian,0,0,order,1
1666495819,431265,3072,3039.712157425436,1,True,True,1724,False,12964,3994,45905669,174544560,45908420,174543267,0,0,1666236350,259469,distance_to_pickup,BATCH,hungarian,0,0,order,1
1666495819,349830,3548,189.274932307477,1,True,True,409,False,12964,3994,45885661,174593337,45885833,174593258,0,0,1666236350,259469,distance_to_pickup,BATCH,hungarian,0,0,order,1
1666495819,219746,2986,1373.3586567244552,1,True,True,3189,False,12964,3994,45864220,174594845,45865125,174595878,0,0,1666236352,259467,distance_to_pickup,BATCH,hungarian,0,0,order,1
1666495819,216807,3716,2550.4148682126206,1,True,True,978,False,12964,3994,45848267,174583180,45848313,174580630,0,0,1666236353,259466,distance_to_pickup,BATCH,hungarian,0,0,order,1
1666495819,17336,1644,4319.559815536763,1,True,True,638,False,12964,3994,45846797,174542676,45848123,174538565,0,0,1666236354,259465,distance_to_pickup,BATCH,hungarian,0,0,order,1
1666495819,10919,1768,610.2565034475257,1,True,True,2523,False,12964,3994,45852737,174527599,45852390,174528101,0,0,1666236354,259465,distance_to_pickup,BATCH,hungarian,0,0,order,1
1666495819,265863,3647,917.3685191895348,1,True,True,189,False,12964,3994,45846177,174582946,45845683,174582173,0,0,1666236354,259465,distance_to_pickup,BATCH,hungarian,0,0,order,1
1666495819,396462,1737,2490.361018005221,1,True,True,433,False,12964,3994,45889193,174615514,45888270,174613201,0,0,1666236356,259463,distance_to_pickup,BATCH,hungarian,0,0,order,1
1666495819,543867,323,3119.805122119008,1,True,True,4176,False,12964,3994,45878715,174633713,45875995,174632185,0,0,1666236358,259461,distance_to_pickup,BATCH,hungarian,0,0,order,1
1666495819,444650,1341,6398.039230889413,1,True,True,2485,False,12964,3994,46052464,174930471,46047255,174926756,0,0,1666236360,259459,distance_to_pickup,BATCH,hungarian,0,0,order,1
1666495819,418001,2190,925.981101319028,1,True,True,734,False,12964,3994,45912385,174588064,45911625,174588593,0,0,1666236361,259458,distance_to_pickup,BATCH,hungarian,0,0,order,1
1666495819,129825,1174,3435.5954360197884,1,True,True,1802,False,12964,3994,45856266,174575029,45852836,174574833,0,0,1666236362,259457,distance_to_pickup,BATCH,hungarian,0,0,order,1
1666495819,417992,1946,4635.019417435055,1,True,True,3180,False,12964,3994,45904218,174525569,45902676,174521198,0,0,1666236363,259456,distance_to_pickup,BATCH,hungarian,0,0,order,1
1666495819,512671,475,144.26711336961034,1,True,True,3482,False,12964,3994,45912399,174527757,45912281,174527840,0,0,1666236364,259455,distance_to_pickup,BATCH,hungarian,0,0,order,1
1666495819,207790,4390,600.816111634833,1,True,True,814,False,12964,3994,45874835,174545439,45874357,174545803,0,0,1666236368,259451,distance_to_pickup,BATCH,hungarian,0,0,order,1
1666495819,210838,4302,3135.126472728014,1,True,True,562,False,12964,3994,45856280,174588530,45853327,174589583,0,0,1666236369,259450,distance_to_pickup,BATCH,hungarian,0,0,order,1
1666495819,195983,2514,697.4532242380129,1,True,True,1771,False,12964,3994,45927551,174521005,45927506,174520309,0,0,1666236371,259448,distance_to_pickup,BATCH,hungarian,0,0,order,1
1666495819,222577,1276,370.0662102921584,1,True,True,808,False,12964,3994,45845808,174552719,45845801,174553089,0,0,1666236373,259446,distance_to_pickup,BATCH,hungarian,0,0,order,1
1666495819,42989,2692,1521.1837495845136,1,True,True,790,False,12964,3994,45877643,174586160,45876123,174586100,0,0,1666236374,259445,distance_to_pickup,BATCH,hungarian,0,0,order,1
1666495819,126790,3031,950.7707399788868,1,True,True,2396,False,12964,3994,45857919,174575648,45858713,174575125,0,0,1666236375,259444,distance_to_pickup,BATCH,hungarian,0,0,order,1
1666495819,49452,1896,310.4657791126101,1,True,True,1891,False,12964,3994,45874835,174545439,45874852,174545129,0,0,1666236376,259443,distance_to_pickup,BATCH,hungarian,0,0,order,1
1666495819,486611,243,3083.8887787986127,1,True,True,2445,False,12964,3994,45857152,174546198,45855563,174543555,0,0,1666236377,259442,distance_to_pickup,BATCH,hungarian,0,0,order,1
1666495819,23788,3819,142.63590010933433,1,True,True,2895,False,12964,3994,45904218,174525569,45904250,174525708,0,0,1666236378,259441,distance_to_pickup,BATCH,hungarian,0,0,order,1
1666495819,99571,12,2333.180018772662,1,True,True,1975,False,12964,3994,46047150,174936770,46044950,174935993,0,0,1666236379,259440,distance_to_pickup,BATCH,hungarian,0,0,order,1
1666495819,564440,4885,5909.101877612197,1,True,True,2740,False,12964,3994,45880493,174529817,45879274,174524035,0,0,1666236379,259440,distance_to_pickup,BATCH,hungarian,0,0,order,1
1666495819,84031,2399,596.6950645011235,1,True,True,1863,False,12964,3994,45896138,174553025,45895581,174553239,0,0,1666236381,259438,distance_to_pickup,BATCH,hungarian,0,0,order,1
1666495819,510048,3423,648.6447409792205,1,True,True,1951,False,12964,3994,45859810,174537670,45859178,174537816,0,0,1666236382,259437,distance_to_pickup,BATCH,hungarian,0,0,order,1
1666495819,512666,4502,3257.0577213184292,1,True,True,1358,False,12964,3994,45852332,174556693,45854719,174558909,0,0,1666236382,259437,distance_to_pickup,BATCH,hungarian,0,0,order,1
1666495819,546476,4537,96.62815324738438,1,True,True,2707,False,12964,3994,45872453,174584718,45872549,174584707,0,0,1666236383,259436,distance_to_pickup,BATCH,hungarian,0,0,order,1
1666495819,123743,4104,139.0898989862312,1,True,True,1674,False,12964,3994,45920269,174542703,45920264,174542842,0,0,1666236384,259435,distance_to_pickup,BATCH,hungarian,0,0,order,1
1666495819,42983,3482,3004.86954791718,1,True,True,2144,False,12964,3994,45919180,174541680,45916345,174540684,0,0,1666236384,259435,distance_to_pickup,BATCH,hungarian,0,0,order,1
1666495819,65176,3445,1005.9647111106831,1,True,True,1994,False,12964,3994,45838980,174580650,45838102,174581141,0,0,1666236384,259435,distance_to_pickup,BATCH,hungarian,0,0,order,1
1666495819,499548,1551,210.66798522794107,1,True,True,353,False,12964,3994,45769419,174581530,45769510,174581340,0,0,1666236384,259435,distance_to_pickup,BATCH,hungarian,0,0,order,1
1666495819,420588,3557,1217.2169075394902,1,True,True,85,False,12964,3994,45888170,174556710,45889321,174556314,0,0,1666236388,259431,distance_to_pickup,BATCH,hungarian,0,0,order,1
1666495819,489165,1916,512.0976469385502,1,True,True,803,False,12964,3994,46047111,174940175,46047101,174940687,0,0,1666236388,259431,distance_to_pickup,BATCH,hungarian,0,0,order,1
1666495819,528287,1542,747.9605604575685,1,True,True,2850,False,12964,3994,45900971,174567339,45900885,174568082,0,0,1666236388,259431,distance_to_pickup,BATCH,hungarian,0,0,order,1
1666495819,148108,201,1835.5960884682665,1,True,True,632,False,12964,3994,46049236,174941963,46047414,174941740,0,0,1666236388,259431,distance_to_pickup,BATCH,hungarian,0,0,order,1
1666495819,190116,814,1520.6081020433896,1,True,True,1373,False,12964,3994,45899872,174570616,45899915,174572136,0,0,1666236389,259430,distance_to_pickup,BATCH,hungarian,0,0,order,1
1666495819,260194,1632,240.40798655618744,1,True,True,2939,False,12964,3994,45906419,174573913,45906405,174574153,0,0,1666236389,259430,distance_to_pickup,BATCH,hungarian,0,0,order,1
1666495819,347046,3678,10.295630140987,1,True,True,3976,False,12964,3994,45822661,174523316,45822670,174523321,0,0,1666236389,259430,distance_to_pickup,BATCH,hungarian,0,0,order,1
1666495819,314000,4035,259.88651369395836,1,True,True,2124,False,12964,3994,45860918,174556952,45860772,174557167,0,0,1666236390,259429,distance_to_pickup,BATCH,hungarian,0,0,order,1
1666495819,42984,288,250.353749722268,1,True,True,288,True,12964,3994,45872950,174581010,45872861,174581244,0,0,1666236390,259429,distance_to_pickup,BATCH,hungarian,0,0,order,1
1666495819,512665,3987,2752.7836820208013,1,True,True,680,False,12964,3994,45857881,174547008,45860064,174545331,0,0,1666236390,259429,distance_to_pickup,BATCH,hungarian,0,0,order,1
1666495819,523044,3319,3283.553715108069,1,True,True,393,False,12964,3994,45919180,174541680,45916001,174540858,0,0,1666236390,259429,distance_to_pickup,BATCH,hungarian,0,0,order,1
1666495819,366570,4571,723.7789717862768,1,True,True,582,False,12964,3994,45875400,174648139,45876100,174647955,0,0,1666236390,259429,distance_to_pickup,BATCH,hungarian,0,0,order,1
1666495819,523041,1790,878.4406639039429,1,True,True,2224,False,12964,3994,45896298,174578827,45897141,174579074,0,0,1666236391,259428,distance_to_pickup,BATCH,hungarian,0,0,order,1
1666495819,476256,459,18172.093440217614,1,True,True,3311,False,12964,3994,46048740,174960005,46035634,174972593,0,0,1666236391,259428,distance_to_pickup,BATCH,hungarian,0,0,order,1
1666495819,20535,1578,1756.146349254526,1,True,True,2819,False,12964,3994,46042623,174949104,46041718,174947599,0,0,1666236392,259427,distance_to_pickup,BATCH,hungarian,0,0,order,1
1666495819,335946,3278,75.59100475585703,1,True,True,1225,False,12964,3994,45912621,174528981,45912656,174528914,0,0,1666236392,259427,distance_to_pickup,BATCH,hungarian,0,0,order,1
1666495819,225465,2340,143.38758663147937,1,True,True,3615,False,12964,3994,45866150,174556060,45866274,174555988,0,0,1666236392,259427,distance_to_pickup,BATCH,hungarian,0,0,order,1
1666495819,541368,3514,1993.5247678421254,1,True,True,2391,False,12964,3994,45904460,174566672,45906370,174566101,0,0,1666236392,259427,distance_to_pickup,BATCH,hungarian,0,0,order,1
1666495819,74555,236,680.8384536731162,1,True,True,1401,False,12964,3994,45901239,174551404,45901454,174552050,0,0,1666236392,259427,distance_to_pickup,BATCH,hungarian,0,0,order,1
1666495819,441953,2591,708.9520435121124,1,True,True,944,False,12964,3994,45851299,174552608,45851756,174552066,0,0,1666236392,259427,distance_to_pickup,BATCH,hungarian,0,0,order,1
1666495819,225468,2358,348.0488471464889,1,True,True,2247,False,12964,3994,45818756,174525699,45818419,174525612,0,0,1666236392,259427,distance_to_pickup,BATCH,hungarian,0,0,order,1
1666495819,380110,2080,760.1401186623424,1,True,True,790,False,12964,3994,45877391,174579331,45876633,174579388,0,0,1666236392,259427,distance_to_pickup,BATCH,hungarian,0,0,order,1
1666495819,510049,3251,14.317821063276353,1,True,True,1977,False,12964,3994,45890563,174573599,45890560,174573613,0,0,1666236394,259425,distance_to_pickup,BATCH,hungarian,0,0,order,1
1666495819,299883,2792,191.19100397246729,1,True,True,1009,False,12964,3994,45862257,174564246,45862334,174564071,0,0,1666236394,259425,distance_to_pickup,BATCH,hungarian,0,0,order,1
1666495819,169221,1993,1770.0759870694817,1,True,True,3200,False,12964,3994,45890646,174572976,45892231,174572188,0,0,1666236394,259425,distance_to_pickup,BATCH,hungarian,0,0,order,1
1666495819,396459,2019,4337.683483150886,1,True,True,1272,False,12964,3994,45868433,174556459,45872770,174556382,0,0,1666236394,259425,distance_to_pickup,BATCH,hungarian,0,0,order,1
1666495819,23789,1028,2861.68079980979,1,True,True,2144,False,12964,3994,45919180,174541680,45916756,174540159,0,0,1666236395,259424,distance_to_pickup,BATCH,hungarian,0,0,order,1
1666495819,382822,3629,6394.1856400952265,1,True,True,80,False,12964,3994,45821510,174525370,45825973,174529949,0,0,1666236395,259424,distance_to_pickup,BATCH,hungarian,0,0,order,1
1666495819,68245,4623,535.9561549231429,1,True,True,3342,False,12964,3994,45818140,174562518,45818420,174562061,0,0,1666236396,259423,distance_to_pickup,BATCH,hungarian,0,0,order,1
1666495819,322255,844,930.1252603816326,1,True,True,304,False,12964,3994,45872950,174581010,45873177,174581912,0,0,1666236397,259422,distance_to_pickup,BATCH,hungarian,0,0,order,1
1666495819,193011,1403,391.807350620174,1,True,True,2953,False,12964,3994,46042617,174952947,46042494,174953319,0,0,1666236398,259421,distance_to_pickup,BATCH,hungarian,0,0,order,1
1666495819,71449,1645,1033.7939833448443,1,True,True,1367,False,12964,3994,45899979,174569978,45900370,174570935,0,0,1666236398,259421,distance_to_pickup,BATCH,hungarian,0,0,order,1
1666495819,42985,3741,3704.424516709714,1,True,True,1955,False,12964,3994,45912864,174528011,45916349,174526755,0,0,1666236399,259420,distance_to_pickup,BATCH,hungarian,0,0,order,1
1666495819,363787,49,14905.58086758111,1,True,True,1786,False,12964,3994,45756406,174571480,45748685,174558730,0,0,1666236400,259419,distance_to_pickup,BATCH,hungarian,0,0,order,1
1666495819,512664,605,177.55280904564702,1,True,True,3564,False,12964,3994,45906419,174573913,45906449,174574088,0,0,1666236400,259419,distance_to_pickup,BATCH,hungarian,0,0,order,1
1666495819,468390,705,568.4760329160764,1,True,True,1201,False,12964,3994,45859733,174584505,45860299,174584558,0,0,1666236403,259416,distance_to_pickup,BATCH,hungarian,0,0,order,1
1666495819,39704,758,807.7982421372307,1,True,True,2507,False,12964,3994,45894297,174589367,45893554,174589050,0,0,1666236404,259415,distance_to_pickup,BATCH,hungarian,0,0,order,1
1666495819,268713,534,1829.9062817532488,1,True,True,730,False,12964,3994,45894297,174589367,45892751,174588388,0,0,1666236406,259413,distance_to_pickup,BATCH,hungarian,0,0,order,1
1666495819,417993,4671,96.26006440887103,1,True,True,1009,False,12964,3994,45862257,174564246,45862328,174564181,0,0,1666236408,259411,distance_to_pickup,BATCH,hungarian,0,0,order,1
1666495819,93365,3631,2822.0781349920135,1,True,True,557,False,12964,3994,45843237,174560398,45845871,174561411,0,0,1666236410,259409,distance_to_pickup,BATCH,hungarian,0,0,order,1
1666495819,160203,1072,106.53168542738823,1,True,True,3385,False,12964,3994,45896123,174555589,45896228,174555571,0,0,1666236415,259404,distance_to_pickup,BATCH,hungarian,0,0,order,1
1666495819,77747,1243,1173.4368325564014,1,True,True,4176,False,12964,3994,45878715,174633713,45878240,174632640,0,0,1666236416,259403,distance_to_pickup,BATCH,hungarian,0,0,order,1
1666495819,494352,700,110.30865786510141,1,True,True,59,False,12964,3994,45896298,174578827,45896220,174578749,0,0,1666236418,259401,distance_to_pickup,BATCH,hungarian,0,0,order,1
1666495819,166255,1369,4069.565087328129,1,True,True,221,False,12964,3994,45848340,174599040,45844284,174599372,0,0,1666236419,259400,distance_to_pickup,BATCH,hungarian,0,0,order,1
1666495819,407288,4140,47.01063709417264,1,True,True,3409,False,12964,3994,45871049,174595452,45871048,174595499,0,0,1666236420,259399,distance_to_pickup,BATCH,hungarian,0,0,order,1
1666495819,195980,4095,1509.009277638809,1,True,True,3108,False,12964,3994,45903683,174618321,45904636,174619491,0,0,1666236426,259393,distance_to_pickup,BATCH,hungarian,0,0,order,1
1666495819,80988,1528,5571.869793884275,1,True,True,1184,False,12964,3994,45848498,174523385,45845896,174518458,0,0,1666236427,259392,distance_to_pickup,BATCH,hungarian,0,0,order,1
1666495819,523042,3034,671.5772479767313,1,True,True,4172,False,12964,3994,45921179,174542343,45921849,174542389,0,0,1666236440,259379,distance_to_pickup,BATCH,hungarian,0,0,order,1
1666495819,74553,3005,366.75059645486607,1,True,True,3722,False,12964,3994,45921179,174542343,45921538,174542418,0,0,1666236445,259374,distance_to_pickup,BATCH,hungarian,0,0,order,1
1666495819,151110,4277,83.21658488546619,1,True,True,1567,False,12964,3994,45879819,174546573,45879813,174546656,0,0,1666236448,259371,distance_to_pickup,BATCH,hungarian,0,0,order,1
1666495819,175251,515,28.30194339616981,1,True,True,402,False,12964,3994,45882655,174541614,45882670,174541638,0,0,1666236449,259370,distance_to_pickup,BATCH,hungarian,0,0,order,1
1666495819,163226,4003,1898.2499835374686,1,True,True,102,False,12964,3994,45853590,174551680,45855443,174551268,0,0,1666236457,259362,distance_to_pickup,BATCH,hungarian,0,0,order,1
1666495819,172271,3939,1104.5225212733328,1,True,True,648,False,12964,3994,45853017,174510547,45851956,174510854,0,0,1666236475,259344,distance_to_pickup,BATCH,hungarian,0,0,order,1
1666495819,126793,850,3517.351418326011,1,True,True,2126,False,12964,3994,45862134,174526400,45863503,174523160,0,0,1666236478,259341,distance_to_pickup,BATCH,hungarian,0,0,order,1
1666495819,17348,581,151.60804727981954,1,True,True,1192,False,12964,3994,45894760,174555551,45894827,174555687,0,0,1666236479,259340,distance_to_pickup,BATCH,hungarian,0,0,order,1
1666495819,7661,1131,732.4820816921053,1,True,True,3172,False,12964,3994,45890067,174562515,45889660,174561906,0,0,1666236485,259334,distance_to_pickup,BATCH,hungarian,0,0,order,1
1666495819,20537,745,510.3920062069938,1,True,True,1760,False,12964,3994,45920963,174552679,45921253,174552259,0,0,1666236488,259331,distance_to_pickup,BATCH,hungarian,0,0,order,1
1666495819,486614,1735,2606.582436831799,1,True,True,2819,False,12964,3994,46042645,174951253,46041449,174948937,0,0,1666236497,259322,distance_to_pickup,BATCH,hungarian,0,0,order,1
1666495819,248748,1469,2348.7945844624214,1,True,True,990,False,12964,3994,45874074,174536705,45873924,174539049,0,0,1666236504,259315,distance_to_pickup,BATCH,hungarian,0,0,order,1
1666495819,10913,2231,4798.57030791464,1,True,True,3559,False,12964,3994,45867334,174556652,45872085,174557326,0,0,1666236508,259311,distance_to_pickup,BATCH,hungarian,0,0,order,1
1666495819,369269,2811,207.38611332488009,1,True,True,1496,False,12964,3994,45872930,174626540,45872777,174626680,0,0,1666236510,259309,distance_to_pickup,BATCH,hungarian,0,0,order,1
1666495819,297063,3375,334.21250724651225,1,True,True,2969,False,12964,3994,46046954,174941705,46047231,174941892,0,0,1666236513,259306,distance_to_pickup,BATCH,hungarian,0,0,order,1
1666495819,195985,2464,3279.9672254460106,1,True,True,500,False,12964,3994,46042645,174951253,46044392,174948477,0,0,1666236515,259304,distance_to_pickup,BATCH,hungarian,0,0,order,1
1666495819,237109,883,1819.5961090307926,1,True,True,1184,False,12964,3994,45854879,174528011,45856678,174527738,0,0,1666236516,259303,distance_to_pickup,BATCH,hungarian,0,0,order,1
1666495819,237108,3518,8686.941464059719,1,True,True,1326,False,12964,3994,45907083,174574096,45914749,174578182,0,0,1666236523,259296,distance_to_pickup,BATCH,hungarian,0,0,order,1
1666495819,520362,650,301.08636634693374,1,True,True,634,False,12964,3994,45906047,174531089,45906090,174531387,0,0,1666236528,259291,distance_to_pickup,BATCH,hungarian,0,0,order,1
1666495819,439261,1381,685.5836929215864,1,True,True,870,False,12964,3994,45866511,174563245,45865899,174563554,0,0,1666236539,259280,distance_to_pickup,BATCH,hungarian,0,0,order,1
1666495819,374802,1510,4104.073220594389,1,True,True,501,False,12964,3994,45905781,174531306,45905985,174535405,0,0,1666236540,259279,distance_to_pickup,BATCH,hungarian,0,0,order,1
1666495819,528289,2880,207.78113485107352,1,True,True,544,False,12964,3994,45909170,174543120,45909377,174543102,0,0,1666236543,259276,distance_to_pickup,BATCH,hungarian,0,0,order,1
1666495819,71454,4377,2702.563597771568,1,True,True,134,False,12964,3994,45858621,174593588,45858236,174596263,0,0,1666236547,259272,distance_to_pickup,BATCH,hungarian,0,0,order,1
1666495819,564447,584,2838.752719065188,1,True,True,1593,False,12964,3994,45901257,174555664,45899408,174557818,0,0,1666236547,259272,distance_to_pickup,BATCH,hungarian,0,0,order,1
1666495819,436585,1973,373.11794381937733,1,True,True,3722,False,12964,3994,45921142,174542028,45921471,174542204,0,0,1666236547,259272,distance_to_pickup,BATCH,hungarian,0,0,order,1
1666495819,528288,1904,755.7440042765804,1,True,True,1290,False,12964,3994,46042647,174951792,46042740,174952542,0,0,1666236551,259268,distance_to_pickup,BATCH,hungarian,0,0,order,1
1666495819,517820,2057,794.9748423692413,1,True,True,4007,False,12964,3994,45857980,174542840,45857924,174542047,0,0,1666236552,259267,distance_to_pickup,BATCH,hungarian,0,0,order,1
1666495819,489169,1692,63.52952069707436,1,True,True,436,False,12964,3994,45879175,174650529,45879119,174650559,0,0,1666236552,259267,distance_to_pickup,BATCH,hungarian,0,0,order,1
1666495819,404620,2819,1980.6751374215812,1,True,True,2381,False,12964,3994,46045428,174941999,46044635,174943814,0,0,1666236558,259261,distance_to_pickup,BATCH,hungarian,0,0,order,1
1666495819,465744,3680,123.40583454602137,1,True,True,1233,False,12964,3994,45920947,174542656,45921070,174542666,0,0,1666236560,259259,distance_to_pickup,BATCH,hungarian,0,0,order,1
1666495819,23792,3213,3799.20333754328,1,True,True,3927,False,12964,3994,45832112,174582926,45828923,174580861,0,0,1666236561,259258,distance_to_pickup,BATCH,hungarian,0,0,order,1
1666495819,476258,4487,169.38713056191725,1,True,True,2289,False,12964,3994,45860459,174561905,45860525,174562061,0,0,1666236562,259257,distance_to_pickup,BATCH,hungarian,0,0,order,1
1666495819,341533,3862,7791.109099479996,1,True,True,3927,False,12964,3994,45832112,174582926,45824578,174580941,0,0,1666236563,259256,distance_to_pickup,BATCH,hungarian,0,0,order,1
1666495819,231210,1936,3021.094172646725,1,True,True,2575,False,12964,3994,45846177,174582946,45846398,174579933,0,0,1666236564,259255,distance_to_pickup,BATCH,hungarian,0,0,order,1
1666495819,96469,2523,8350.685540720595,1,True,True,4335,False,12964,3994,45861721,174510844,45866228,174503814,0,0,1666236565,259254,distance_to_pickup,BATCH,hungarian,0,0,order,1
1666495819,169224,2700,1674.0065710743193,1,True,True,1003,False,12964,3994,45888057,174533306,45889464,174532399,0,0,1666236565,259254,distance_to_pickup,BATCH,hungarian,0,0,order,1
1666495819,399172,1477,1436.1058456812993,1,True,True,2124,False,12964,3994,45855857,174553570,45854929,174552474,0,0,1666236566,259253,distance_to_pickup,BATCH,hungarian,0,0,order,1
1666495819,504829,1617,97.082439194738,1,True,True,1432,False,12964,3994,45874747,174650084,45874842,174650104,0,0,1666236566,259253,distance_to_pickup,BATCH,hungarian,0,0,order,1
1666495819,132927,423,205.43125370790102,1,True,True,888,False,12964,3994,45888220,174563322,45888169,174563521,0,0,1666236566,259253,distance_to_pickup,BATCH,hungarian,0,0,order,1
1666495819,407297,3091,1683.4993317491992,1,True,True,901,False,12964,3994,45906250,174574560,45906291,174576243,0,0,1666236566,259253,distance_to_pickup,BATCH,hungarian,0,0,order,1
1666495819,543866,875,204.91949638821583,1,True,True,2289,False,12964,3994,45861334,174558423,45861400,174558229,0,0,1666236567,259252,distance_to_pickup,BATCH,hungarian,0,0,order,1
1666495819,399173,4028,578.0813091598793,1,True,True,1376,False,12964,3994,45901501,174557111,45900954,174557298,0,0,1666236568,259251,distance_to_pickup,BATCH,hungarian,0,0,order,1
1666495819,491789,3840,13.601470508735444,1,True,True,1825,False,12964,3994,45912560,174588053,45912568,174588042,0,0,1666236568,259251,distance_to_pickup,BATCH,hungarian,0,0,order,1
1666495819,494357,3562,2341.6340448498777,1,True,True,272,False,12964,3994,45912289,174526370,45914362,174525281,0,0,1666236568,259251,distance_to_pickup,BATCH,hungarian,0,0,order,1
1666495819,460440,2090,398.5272889025292,1,True,True,931,False,12964,3994,45856661,174605835,45856743,174606225,0,0,1666236569,259250,distance_to_pickup,BATCH,hungarian,0,0,order,1
1666495819,294277,1012,52.80151512977634,1,True,True,2852,False,12964,3994,45920947,174542656,45920989,174542688,0,0,1666236569,259250,distance_to_pickup,BATCH,hungarian,0,0,order,1
1666495819,404618,1760,164.83021567661677,1,True,True,730,False,12964,3994,45906905,174574828,45906785,174574715,0,0,1666236570,259249,distance_to_pickup,BATCH,hungarian,0,0,order,1
1666495819,380111,3458,62.609903369994115,1,True,True,1376,False,12964,3994,45896831,174552975,45896775,174552947,0,0,1666236570,259249,distance_to_pickup,BATCH,hungarian,0,0,order,1
1666495819,265872,988,504.143828683839,1,True,True,2710,False,12964,3994,45899475,174579204,45899019,174579419,0,0,1666236571,259248,distance_to_pickup,BATCH,hungarian,0,0,order,1
1666495819,157106,4075,3436.6800840345904,1,True,True,739,False,12964,3994,45855384,174572020,45852237,174570639,0,0,1666236571,259248,distance_to_pickup,BATCH,hungarian,0,0,order,1
1666495819,369271,413,2974.7954551531775,1,True,True,1187,False,12964,3994,45866180,174606740,45863268,174607348,0,0,1666236572,259247,distance_to_pickup,BATCH,hungarian,0,0,order,1
1666495819,528290,3086,2859.897375781166,1,True,True,1560,False,12964,3994,45848857,174569967,45847160,174572269,0,0,1666236572,259247,distance_to_pickup,BATCH,hungarian,0,0,order,1
1666495819,285854,2802,521.456613727355,1,True,True,608,False,12964,3994,46051273,174947114,46051462,174946628,0,0,1666236573,259246,distance_to_pickup,BATCH,hungarian,0,0,order,1
1666495819,49459,1338,95.75489543621255,1,True,True,2264,False,12964,3994,45763005,174566289,45762918,174566329,0,0,1666236573,259246,distance_to_pickup,BATCH,hungarian,0,0,order,1
1666495819,294276,1914,1667.2882174357258,1,True,True,2422,False,12964,3994,45862956,174525742,45863393,174524133,0,0,1666236574,259245,distance_to_pickup,BATCH,hungarian,0,0,order,1
1666495819,344387,1759,2454.9680242316804,1,True,True,2003,False,12964,3994,45776821,174561945,45776569,174564387,0,0,1666236574,259245,distance_to_pickup,BATCH,hungarian,0,0,order,1
1666495819,52641,4130,220.7351353998724,1,True,True,1943,False,12964,3994,45896200,174554756,45896268,174554546,0,0,1666236574,259245,distance_to_pickup,BATCH,hungarian,0,0,order,1
1666495819,80990,4674,926.7793696452247,1,True,True,2289,False,12964,3994,45861334,174558423,45860856,174559217,0,0,1666236575,259244,distance_to_pickup,BATCH,hungarian,0,0,order,1
1666495819,172280,3467,643.1314018145903,1,True,True,4808,False,12964,3994,45885793,174589795,45885780,174589152,0,0,1666236575,259244,distance_to_pickup,BATCH,hungarian,0,0,order,1
1666495819,385502,3311,13192.6052771998,1,True,True,1239,False,12964,3994,46055840,174953530,46063765,174964077,0,0,1666236576,259243,distance_to_pickup,BATCH,hungarian,0,0,order,1
1666495819,423255,854,191.67159413955946,1,True,True,3030,False,12964,3994,45870990,174596330,45871173,174596273,0,0,1666236576,259243,distance_to_pickup,BATCH,hungarian,0,0,order,1
1666495819,251567,2229,356.2948217417705,1,True,True,2124,False,12964,3994,45861334,174558423,45861679,174558512,0,0,1666236576,259243,distance_to_pickup,BATCH,hungarian,0,0,order,1
1666495819,181312,2969,1256.097130002294,1,True,True,2886,False,12964,3994,46043224,174938503,46042788,174937325,0,0,1666236576,259243,distance_to_pickup,BATCH,hungarian,0,0,order,1
1666495819,36521,4065,3685.3033796418986,1,True,True,1960,False,12964,3994,45905951,174543445,45907161,174539964,0,0,1666236578,259241,distance_to_pickup,BATCH,hungarian,0,0,order,1
1666495819,254440,2136,1809.0254282347719,1,True,True,1944,False,12964,3994,45901643,174589138,45902256,174590840,0,0,1666236579,259240,distance_to_pickup,BATCH,hungarian,0,0,order,1
1666495819,285853,1281,1370.1284611305614,1,True,True,2388,False,12964,3994,45894297,174589367,45893543,174588223,0,0,1666236579,259240,distance_to_pickup,BATCH,hungarian,0,0,order,1
1666495819,172278,1389,363.23270777836075,1,True,True,3057,False,12964,3994,45886650,174551414,45887013,174551427,0,0,1666236579,259240,distance_to_pickup,BATCH,hungarian,0,0,order,1
1666495819,99576,336,23282.34648827304,1,True,True,987,False,12964,3994,45921241,174541506,45944484,174540153,0,0,1666236579,259240,distance_to_pickup,BATCH,hungarian,0,0,order,1
1666495819,228355,479,772.981888532972,1,True,True,2153,False,12964,3994,45858952,174561840,45859651,174562170,0,0,1666236579,259240,distance_to_pickup,BATCH,hungarian,0,0,order,1
1666495819,198872,2943,2842.534080710379,1,True,True,751,False,12964,3994,45887812,174556789,45890428,174557901,0,0,1666236579,259240,distance_to_pickup,BATCH,hungarian,0,0,order,1
1666495819,265873,790,893.4304673560221,1,True,True,1332,False,12964,3994,45858344,174577760,45858451,174578647,0,0,1666236579,259240,distance_to_pickup,BATCH,hungarian,0,0,order,1
1666495819,420591,860,3244.6648517219774,1,True,True,2717,False,12964,3994,45905669,174544560,45902482,174543951,0,0,1666236579,259240,distance_to_pickup,BATCH,hungarian,0,0,order,1
1666495819,338756,3880,1306.525927794776,1,True,True,3184,False,12964,3994,45919543,174542267,45918262,174542010,0,0,1666236580,259239,distance_to_pickup,BATCH,hungarian,0,0,order,1
1666495819,517821,193,473.4817842325088,1,True,True,4396,False,12964,3994,45770305,174560832,45770689,174560555,0,0,1666236580,259239,distance_to_pickup,BATCH,hungarian,0,0,order,1
1666495819,219753,1524,1662.2304292726685,1,True,True,1052,False,12964,3994,45864213,174615211,45865762,174614608,0,0,1666236581,259238,distance_to_pickup,BATCH,hungarian,0,0,order,1
1666495819,111701,4802,1015.3684060477754,1,True,True,786,False,12964,3994,45898418,174584604,45898231,174585602,0,0,1666236583,259236,distance_to_pickup,BATCH,hungarian,0,0,order,1
1666495819,404615,4474,427.8983524156175,1,True,True,3030,False,12964,3994,45867240,174606690,45867644,174606549,0,0,1666236585,259234,distance_to_pickup,BATCH,hungarian,0,0,order,1
1666495819,319487,3577,2177.1894726918003,1,True,True,4176,False,12964,3994,45880677,174633751,45880542,174631578,0,0,1666236592,259227,distance_to_pickup,BATCH,hungarian,0,0,order,1
1666495819,231211,1848,10743.697175553674,1,True,True,2025,False,12964,3994,46048740,174960005,46050038,174970670,0,0,1666236595,259224,distance_to_pickup,BATCH,hungarian,0,0,order,1
1666495819,260196,3437,2602.845366132994,1,True,True,3358,False,12964,3994,45880249,174546573,45881719,174544425,0,0,1666236596,259223,distance_to_pickup,BATCH,hungarian,0,0,order,1
1666495819,216810,641,427.09483724343943,1,True,True,1032,False,12964,3994,45880733,174580196,45880674,174580619,0,0,1666236604,259215,distance_to_pickup,BATCH,hungarian,0,0,order,1
1666495819,294536,104,1434.9289181001266,1,True,True,1684,False,12964,3994,45863417,174583636,45864156,174584866,0,0,1666317598,178221,distance_to_pickup,BATCH,hungarian,0,0,order,1
1666495819,431518,1007,10308.851730430504,1,True,True,106,False,12964,3994,45822976,174546904,45813286,174543386,0,0,1666318225,177594,distance_to_pickup,BATCH,hungarian,0,0,order,1
1666495819,562197,832,385.1882656571978,1,True,True,1494,False,12964,3994,45879039,174649978,45878960,174650355,0,0,1666318633,177186,distance_to_pickup,BATCH,hungarian,0,0,order,1
1666495819,151454,2830,16371.065023388062,1,True,True,106,False,12964,3994,45822976,174546904,45807347,174542031,0,0,1666318694,177125,distance_to_pickup,BATCH,hungarian,0,0,order,1
1666495819,115003,4220,5792.600279667155,1,True,True,106,False,12964,3994,45822976,174546904,45819729,174542107,0,0,1666318783,177036,distance_to_pickup,BATCH,hungarian,0,0,order,1
1666495819,336234,2980,711.0288320455086,1,True,True,586,False,12964,3994,45859761,174563239,45859082,174563450,0,0,1666318883,176936,distance_to_pickup,BATCH,hungarian,0,0,order,1
1666495819,528562,597,4278.363822771505,1,True,True,106,False,12964,3994,45822976,174546904,45819347,174544638,0,0,1666318923,176896,distance_to_pickup,BATCH,hungarian,0,0,order,1
1666495819,277580,3817,2019.2139559739578,1,True,True,106,False,12964,3994,45822976,174546904,45824965,174547252,0,0,1666319490,176329,distance_to_pickup,BATCH,hungarian,0,0,order,1
1666495819,518078,4315,812.4192267542663,1,True,True,2563,False,12964,3994,45854960,174528670,45855008,174529481,0,0,1666319650,176169,distance_to_pickup,BATCH,hungarian,0,0,order,1
1666495819,476500,4580,1250.6910090026233,1,True,True,465,False,12964,3994,45892410,174566257,45891162,174566339,0,0,1666319713,176106,distance_to_pickup,BATCH,hungarian,0,0,order,1
1666495819,460715,1487,220.10906387516167,1,True,True,3280,False,12964,3994,45870990,174596330,45871198,174596402,0,0,1666319801,176018,distance_to_pickup,BATCH,hungarian,0,0,order,1
1666495819,460717,82,1692.428137322232,1,True,True,1220,False,12964,3994,45866653,174574425,45866026,174575997,0,0,1666319914,175905,distance_to_pickup,BATCH,hungarian,0,0,order,1
1666495819,302953,2590,143.1258187749506,1,True,True,2349,False,12964,3994,45883773,174566833,45883854,174566715,0,0,1666320076,175743,distance_to_pickup,BATCH,hungarian,0,0,order,1
1666495819,166594,482,2028.1666598186648,1,True,True,2104,False,12964,3994,45901257,174555664,45899523,174556716,0,0,1666320275,175544,distance_to_pickup,BATCH,hungarian,0,0,order,1
1666495819,30423,370,3420.528175589261,1,True,True,101,False,12964,3994,45880733,174580196,45879530,174583398,0,0,1666320340,175479,distance_to_pickup,BATCH,hungarian,0,0,order,1
1666495819,277587,3798,222.28360263411244,1,True,True,1238,False,12964,3994,45876868,174545787,45876985,174545976,0,0,1666320345,175474,distance_to_pickup,BATCH,hungarian,0,0,order,1
1666495819,136321,3014,289.20926679482454,1,True,True,1818,False,12964,3994,45866920,174600720,45866649,174600619,0,0,1666320688,175131,distance_to_pickup,BATCH,hungarian,0,0,order,1
1666495819,163582,4459,185.72291188757515,1,True,True,337,False,12964,3994,45868629,174606647,45868447,174606610,0,0,1666320985,174834,distance_to_pickup,BATCH,hungarian,0,0,order,1
1666495819,169588,154,1256.3200229240956,1,True,True,3145,False,12964,3994,45905522,174561766,45904684,174562702,0,0,1666321206,174613,distance_to_pickup,BATCH,hungarian,0,0,order,1
1666495819,336248,1147,87.55569655939013,1,True,True,1305,False,12964,3994,45860060,174572270,45860145,174572291,0,0,1666321218,174601,distance_to_pickup,BATCH,hungarian,0,0,order,1
1666495819,99984,3412,103.96634070698074,1,True,True,1999,False,12964,3994,45898362,174553325,45898290,174553400,0,0,1666321233,174586,distance_to_pickup,BATCH,hungarian,0,0,order,1
1666495819,554460,2733,531.2042921513341,1,True,True,2596,False,12964,3994,45859982,174568476,45860269,174568029,0,0,1666321483,174336,distance_to_pickup,BATCH,hungarian,0,0,order,1
1666495819,190466,2529,1108.6067833095738,1,True,True,3475,False,12964,3994,45886619,174593995,45886779,174595092,0,0,1666321488,174331,distance_to_pickup,BATCH,hungarian,0,0,order,1
1666495819,311527,182,461.20060711148244,1,True,True,4035,False,12964,3994,45890810,174555890,45890855,174556349,0,0,1666321546,174273,distance_to_pickup,BATCH,hungarian,0,0,order,1
1666495819,385844,119,449.5887009256349,1,True,True,1293,False,12964,3994,45893260,174543840,45893451,174544247,0,0,1666321634,174185,distance_to_pickup,BATCH,hungarian,0,0,order,1
1666495819,59301,3593,596.0956299118455,1,True,True,2754,False,12964,3994,45863081,174558161,45862580,174558484,0,0,1666321668,174151,distance_to_pickup,BATCH,hungarian,0,0,order,1
1666495819,184540,2452,4326.314944615106,1,True,True,1267,False,12964,3994,45849487,174566808,45847052,174570384,0,0,1666321688,174131,distance_to_pickup,BATCH,hungarian,0,0,order,1
1666495819,220053,4010,215.74522010927612,1,True,True,2061,False,12964,3994,45859969,174536490,45859804,174536629,0,0,1666321698,174121,distance_to_pickup,BATCH,hungarian,0,0,order,1
1666495819,274756,3498,1228.1970525937602,1,True,True,4580,False,12964,3994,45890810,174555890,45890788,174557118,0,0,1666321789,174030,distance_to_pickup,BATCH,hungarian,0,0,order,1
1666495819,476537,1124,305.37354174846257,1,True,True,199,False,12964,3994,45879635,174546556,45879597,174546859,0,0,1666321814,174005,distance_to_pickup,BATCH,hungarian,0,0,order,1
1666495819,81353,717,1951.0830325744726,1,True,True,3597,False,12964,3994,45878561,174594510,45877376,174592960,0,0,1666321824,173995,distance_to_pickup,BATCH,hungarian,0,0,order,1
1666495819,49872,1244,186.11824198610947,1,True,True,2707,False,12964,3994,45879281,174580549,45879097,174580577,0,0,1666321856,173963,distance_to_pickup,BATCH,hungarian,0,0,order,1
1666495819,59271,1649,3980.292074710096,1,True,True,3229,False,12964,3994,45856607,174536801,45853157,174534816,0,0,1666321866,173953,distance_to_pickup,BATCH,hungarian,0,0,order,1
1666495819,27335,708,314.4550842330268,1,True,True,719,False,12964,3994,45905850,174529930,45906151,174530021,0,0,1666321872,173947,distance_to_pickup,BATCH,hungarian,0,0,order,1
1666495819,243209,2138,10550.215969353423,1,True,True,1830,False,12964,3994,45883675,174630948,45888394,174621512,0,0,1666321877,173942,distance_to_pickup,BATCH,hungarian,0,0,order,1
1666495819,410255,1294,658.824711133394,1,True,True,1198,False,12964,3994,45908310,174567003,45908359,174566346,0,0,1666321887,173932,distance_to_pickup,BATCH,hungarian,0,0,order,1
1666495819,169562,391,83.2946576918352,1,True,True,2635,False,12964,3994,45897716,174552976,45897709,174552893,0,0,1666321906,173913,distance_to_pickup,BATCH,hungarian,0,0,order,1
1666495819,142393,3135,8512.303096107422,1,True,True,2563,False,12964,3994,45856607,174536801,45848097,174536603,0,0,1666321912,173907,distance_to_pickup,BATCH,hungarian,0,0,order,1
1666495819,105971,240,767.3206630868219,1,True,True,2615,False,12964,3994,45861979,174544239,45862270,174543529,0,0,1666321933,173886,distance_to_pickup,BATCH,hungarian,0,0,order,1
1666495819,512972,1406,91.6624241442479,1,True,True,122,False,12964,3994,45861805,174582434,45861896,174582445,0,0,1666321947,173872,distance_to_pickup,BATCH,hungarian,0,0,order,1
1666495819,246155,1292,198.4943324127921,1,True,True,3294,False,12964,3994,45858927,174573378,45858885,174573572,0,0,1666321964,173855,distance_to_pickup,BATCH,hungarian,0,0,order,1
1666495819,291736,4524,5284.8651827648355,1,True,True,1267,False,12964,3994,45849548,174566661,45846206,174562567,0,0,1666321978,173841,distance_to_pickup,BATCH,hungarian,0,0,order,1
1666495819,366850,263,1028.0004863812078,1,True,True,2586,False,12964,3994,45881571,174512437,45881570,174511409,0,0,1666321983,173836,distance_to_pickup,BATCH,hungarian,0,0,order,1
1666495819,423598,4383,1070.9458436354287,1,True,True,3901,False,12964,3994,45832112,174582926,45831229,174582320,0,0,1666322013,173806,distance_to_pickup,BATCH,hungarian,0,0,order,1
1666495819,431551,2506,1489.2803631284473,1,True,True,2747,False,12964,3994,45885757,174583286,45886341,174584656,0,0,1666322020,173799,distance_to_pickup,BATCH,hungarian,0,0,order,1
1666495819,533878,3381,1186.7687222032775,1,True,True,1694,False,12964,3994,45904571,174564714,45903483,174565188,0,0,1666322028,173791,distance_to_pickup,BATCH,hungarian,0,0,order,1
1666495819,148455,1797,134.5362404707371,1,True,True,1025,False,12964,3994,45864638,174583106,45864548,174583006,0,0,1666322036,173783,distance_to_pickup,BATCH,hungarian,0,0,order,1
1666495819,190452,3341,3142.680702839536,1,True,True,2183,False,12964,3994,45874592,174590556,45871793,174589127,0,0,1666322037,173782,distance_to_pickup,BATCH,hungarian,0,0,order,1
1666495819,266213,3121,351.86360993998795,1,True,True,1533,False,12964,3994,45912289,174526370,45912341,174526718,0,0,1666322053,173766,distance_to_pickup,BATCH,hungarian,0,0,order,1
1666495819,322578,509,280.04463929880893,1,True,True,641,False,12964,3994,45868267,174559566,45868272,174559286,0,0,1666322071,173748,distance_to_pickup,BATCH,hungarian,0,0,order,1
1666495819,404929,3559,4384.675130497128,1,True,True,2000,False,12964,3994,45846823,174586799,45851003,174588123,0,0,1666322072,173747,distance_to_pickup,BATCH,hungarian,0,0,order,1
1666495819,412968,2555,77.02596964660685,1,True,True,75,False,12964,3994,45893022,174567126,45892945,174567128,0,0,1666322074,173745,distance_to_pickup,BATCH,hungarian,0,0,order,1
1666495819,510376,1836,299.9766657591887,1,True,True,3108,False,12964,3994,45830737,174561329,45830842,174561048,0,0,1666322078,173741,distance_to_pickup,BATCH,hungarian,0,0,order,1
1666495819,344678,2726,3359.4173601980447,1,True,True,2244,False,12964,3994,45822296,174527469,45823247,174530691,0,0,1666322094,173725,distance_to_pickup,BATCH,hungarian,0,0,order,1
1666495819,489472,3349,165.873445734994,1,True,True,556,False,12964,3994,45861811,174582680,45861976,174582663,0,0,1666322105,173714,distance_to_pickup,BATCH,hungarian,0,0,order,1
1666495819,557082,4391,120.24142381059865,1,True,True,2345,False,12964,3994,45896123,174555589,45896036,174555506,0,0,1666322106,173713,distance_to_pickup,BATCH,hungarian,0,0,order,1
1666495819,325328,3788,542.97329584428,1,True,True,4115,False,12964,3994,45900750,174526090,45901032,174526554,0,0,1666322109,173710,distance_to_pickup,BATCH,hungarian,0,0,order,1
1666495819,11304,4401,275.5739465188972,1,True,True,254,False,12964,3994,45860730,174568920,45861001,174568970,0,0,1666322142,173677,distance_to_pickup,BATCH,hungarian,0,0,order,1
1666495819,364135,3783,2573.64896596253,1,True,True,3731,False,12964,3994,45895331,174566202,45895468,174563632,0,0,1666322164,173655,distance_to_pickup,BATCH,hungarian,0,0,order,1
1666495819,402189,3330,4379.679668651578,1,True,True,1835,False,12964,3994,45881950,174565400,45879537,174569055,0,0,1666322168,173651,distance_to_pickup,BATCH,hungarian,0,0,order,1
1666495819,211206,1539,10161.698135646424,1,True,True,1379,False,12964,3994,45873799,174624643,45880052,174616633,0,0,1666322171,173648,distance_to_pickup,BATCH,hungarian,0,0,order,1
1666495819,202223,910,262.00763347658403,1,True,True,4393,False,12964,3994,45905850,174529930,45906112,174529932,0,0,1666322179,173640,distance_to_pickup,BATCH,hungarian,0,0,order,1
1666495819,154530,1720,661.8436371228479,1,True,True,2935,False,12964,3994,45897160,174590150,45896626,174590541,0,0,1666322185,173634,distance_to_pickup,BATCH,hungarian,0,0,order,1
1666495819,383139,1395,2043.6156683681988,1,True,True,2772,False,12964,3994,45846718,174542964,45844832,174543751,0,0,1666322188,173631,distance_to_pickup,BATCH,hungarian,0,0,order,1
1666495819,476536,1491,16.15549442140351,1,True,True,1193,False,12964,3994,45907630,174567904,45907645,174567898,0,0,1666322207,173612,distance_to_pickup,BATCH,hungarian,0,0,order,1
1666495819,402191,946,135.29966740535616,1,True,True,234,False,12964,3994,45859933,174574093,45859924,174573958,0,0,1666322221,173598,distance_to_pickup,BATCH,hungarian,0,0,order,1
1666495819,404931,257,458.0502155877672,1,True,True,240,False,12964,3994,45875792,174574232,45876139,174574531,0,0,1666322226,173593,distance_to_pickup,BATCH,hungarian,0,0,order,1
1666495819,81369,4877,38.41874542459709,1,True,True,783,False,12964,3994,45834881,174574125,45834857,174574095,0,0,1666322228,173591,distance_to_pickup,BATCH,hungarian,0,0,order,1
1666495819,133255,55,5540.894241907167,1,True,True,1094,False,12964,3994,45850798,174613138,45849695,174618568,0,0,1666322228,173591,distance_to_pickup,BATCH,hungarian,0,0,order,1
1666495819,130212,4594,4156.058830189967,1,True,True,1199,False,12964,3994,45876450,174553800,45874690,174557565,0,0,1666322230,173589,distance_to_pickup,BATCH,hungarian,0,0,order,1
1666495819,308720,1496,726.3835075220252,1,True,True,3227,False,12964,3994,45876366,174604891,45876133,174604203,0,0,1666322237,173582,distance_to_pickup,BATCH,hungarian,0,0,order,1
1666495819,59285,736,1172.7105354690048,1,True,True,1103,False,12964,3994,45912385,174588064,45911468,174588795,0,0,1666322242,173577,distance_to_pickup,BATCH,hungarian,0,0,order,1
1666495819,420870,4150,1058.2783187800835,1,True,True,2018,False,12964,3994,45860696,174572517,45861679,174572125,0,0,1666322254,173565,distance_to_pickup,BATCH,hungarian,0,0,order,1
1666495819,364144,1077,2931.7007009584045,1,True,True,1320,False,12964,3994,45860804,174548317,45861314,174545430,0,0,1666322266,173553,distance_to_pickup,BATCH,hungarian,0,0,order,1
1666495819,14427,3041,2551.249497795149,1,True,True,2575,False,12964,3994,45864220,174594845,45866763,174595050,0,0,1666322276,173543,distance_to_pickup,BATCH,hungarian,0,0,order,1
1666495819,121095,242,2039.3415604062013,1,True,True,606,False,12964,3994,45864220,174594845,45865295,174593112,0,0,1666322284,173535,distance_to_pickup,BATCH,hungarian,0,0,order,1
1666495819,148459,1580,1107.4046234326458,1,True,True,1378,False,12964,3994,45889913,174596658,45888849,174596351,0,0,1666322287,173532,distance_to_pickup,BATCH,hungarian,0,0,order,1
1666495819,24202,140,73.24616030891995,1,True,True,1686,False,12964,3994,45898319,174553496,45898248,174553478,0,0,1666322293,173526,distance_to_pickup,BATCH,hungarian,0,0,order,1
1666495819,455504,1447,2045.9022459540925,1,True,True,4292,False,12964,3994,45874592,174590556,45873322,174588952,0,0,1666322294,173525,distance_to_pickup,BATCH,hungarian,0,0,order,1
1666495819,78123,2302,1094.1489843709585,1,True,True,454,False,12964,3994,45919180,174541680,45918271,174541071,0,0,1666322302,173517,distance_to_pickup,BATCH,hungarian,0,0,order,1
1666495819,178636,2332,2084.019433690579,1,True,True,114,False,12964,3994,45920336,174546846,45919585,174544902,0,0,1666322303,173516,distance_to_pickup,BATCH,hungarian,0,0,order,1
1666495819,361303,3982,273.7608445340568,1,True,True,2590,False,12964,3994,45882195,174562227,45882451,174562130,0,0,1666322310,173509,distance_to_pickup,BATCH,hungarian,0,0,order,1
1666495819,431555,737,1111.6492252504834,1,True,True,1753,False,12964,3994,45888941,174525234,45887833,174525324,0,0,1666322316,173503,distance_to_pickup,BATCH,hungarian,0,0,order,1
1666495819,148460,2105,516.683655634664,1,True,True,875,False,12964,3994,45859558,174565479,45859907,174565860,0,0,1666322320,173499,distance_to_pickup,BATCH,hungarian,0,0,order,1
1666495819,434260,2394,1676.3323059584577,1,True,True,2135,False,12964,3994,45854391,174579922,45852754,174580283,0,0,1666322323,173496,distance_to_pickup,BATCH,hungarian,0,0,order,1
1666495819,136312,2844,317.1907943178679,1,True,True,1485,False,12964,3994,45862506,174576877,45862495,174577194,0,0,1666322323,173496,distance_to_pickup,BATCH,hungarian,0,0,order,1
1666495819,217159,2349,4192.195725392601,1,True,True,1199,False,12964,3994,45876450,174553800,45873774,174557027,0,0,1666322325,173494,distance_to_pickup,BATCH,hungarian,0,0,order,1
1666495819,355730,3875,280.07141946296485,1,True,True,508,False,12964,3994,45863552,174573541,45863298,174573659,0,0,1666322326,173493,distance_to_pickup,BATCH,hungarian,0,0,order,1
1666495819,24208,4120,2267.37072398847,1,True,True,3683,False,12964,3994,45865230,174583102,45865189,174585369,0,0,1666322328,173491,distance_to_pickup,BATCH,hungarian,0,0,order,1
1666495819,507701,1738,260.09421369957465,1,True,True,1575,False,12964,3994,45894297,174589367,45894304,174589107,0,0,1666322330,173489,distance_to_pickup,BATCH,hungarian,0,0,order,1
1666495819,139364,1905,811.8928500732101,1,True,True,2494,False,12964,3994,45889950,174571920,45890571,174571397,0,0,1666322349,173470,distance_to_pickup,BATCH,hungarian,0,0,order,1
1666495819,225821,59,2494.0,1,True,True,2730,False,12964,3994,45880249,174546573,45882055,174544853,0,0,1666322350,173469,distance_to_pickup,BATCH,hungarian,0,0,order,1
1666495819,254799,429,3893.189566409527,1,True,True,1791,False,12964,3994,45876179,174591689,45878181,174588350,0,0,1666322351,173468,distance_to_pickup,BATCH,hungarian,0,0,order,1
1666495819,510366,3971,11073.824316829305,1,True,True,2038,False,12964,3994,45846432,174587366,45837695,174594170,0,0,1666322355,173464,distance_to_pickup,BATCH,hungarian,0,0,order,1
1666495819,184560,4810,456.32554169145516,1,True,True,3563,False,12964,3994,45862257,174564246,45862404,174563814,0,0,1666322358,173461,distance_to_pickup,BATCH,hungarian,0,0,order,1
1666495819,431557,4154,486.5572936458768,1,True,True,3113,False,12964,3994,45866142,174578749,45866599,174578916,0,0,1666322364,173455,distance_to_pickup,BATCH,hungarian,0,0,order,1
1666495819,380447,1157,291.00171820798585,1,True,True,4393,False,12964,3994,45905850,174529930,45906141,174529931,0,0,1666322369,173450,distance_to_pickup,BATCH,hungarian,0,0,order,1
1666495819,78125,2204,290.08274681545606,1,True,True,3552,False,12964,3994,45889850,174618270,45890062,174618468,0,0,1666322392,173427,distance_to_pickup,BATCH,hungarian,0,0,order,1
1666495819,163626,176,3800.664284042988,1,True,True,3008,False,12964,3994,45854218,174605010,45852663,174608478,0,0,1666322399,173420,distance_to_pickup,BATCH,hungarian,0,0,order,1
1666495819,163609,1473,1670.3035652239985,1,True,True,1214,False,12964,3994,45919660,174549308,45917993,174549413,0,0,1666322401,173418,distance_to_pickup,BATCH,hungarian,0,0,order,1
1666495819,394086,2318,11638.642532529298,1,True,True,1193,False,12964,3994,45907630,174567904,45919010,174570344,0,0,1666322404,173415,distance_to_pickup,BATCH,hungarian,0,0,order,1
1666495819,56127,3648,31.78049716414141,1,True,True,892,False,12964,3994,45879944,174648470,45879937,174648501,0,0,1666322407,173412,distance_to_pickup,BATCH,hungarian,0,0,order,1
1666495819,24200,1418,443.66316051707514,1,True,True,2,False,12964,3994,45869838,174579770,45869644,174579371,0,0,1666322412,173407,distance_to_pickup,BATCH,hungarian,0,0,order,1
1666495819,305826,2124,533.1463213790375,1,True,True,3651,False,12964,3994,45858644,174557672,45858125,174557794,0,0,1666322416,173403,distance_to_pickup,BATCH,hungarian,0,0,order,1
1666495819,127133,2607,200.4120754844877,1,True,True,2618,False,12964,3994,45867880,174573167,45867849,174573365,0,0,1666322417,173402,distance_to_pickup,BATCH,hungarian,0,0,order,1
1666495819,294580,4178,278.6269907959385,1,True,True,2792,False,12964,3994,45866543,174566296,45866670,174566544,0,0,1666322419,173400,distance_to_pickup,BATCH,hungarian,0,0,order,1
1666495819,551925,333,1128.2996056012782,1,True,True,55,False,12964,3994,45846475,174587390,45847093,174588334,0,0,1666322420,173399,distance_to_pickup,BATCH,hungarian,0,0,order,1
1666495819,375148,4380,369.12870384189847,1,True,True,776,False,12964,3994,45885810,174539440,45885626,174539120,0,0,1666322422,173397,distance_to_pickup,BATCH,hungarian,0,0,order,1
1666495819,8031,3116,237.15395843207003,1,True,True,1231,False,12964,3994,45867851,174574247,45867980,174574446,0,0,1666322424,173395,distance_to_pickup,BATCH,hungarian,0,0,order,1
1666495819,515574,123,3162.6118952536685,1,True,True,1166,False,12964,3994,45882655,174541614,45882238,174538479,0,0,1666322435,173384,distance_to_pickup,BATCH,hungarian,0,0,order,1
1666495819,531216,4668,676.1198118676896,1,True,True,2589,False,12964,3994,45853252,174530042,45852999,174530669,0,0,1666322442,173377,distance_to_pickup,BATCH,hungarian,0,0,order,1
1666495819,289015,1111,10959.941605683855,1,True,True,3449,False,12964,3994,45907630,174567904,45918542,174568928,0,0,1666322445,173374,distance_to_pickup,BATCH,hungarian,0,0,order,1
1666495819,350151,3011,5069.416633104839,1,True,True,176,False,12964,3994,45846177,174582946,45846684,174577902,0,0,1666322451,173368,distance_to_pickup,BATCH,hungarian,0,0,order,1
1666495819,169577,4786,114.02192771568107,1,True,True,1206,False,12964,3994,45865669,174573813,45865593,174573728,0,0,1666322452,173367,distance_to_pickup,BATCH,hungarian,0,0,order,1
1666495819,260545,172,868.6155651379959,1,True,True,3684,False,12964,3994,45885130,174594367,45885992,174594474,0,0,1666322453,173366,distance_to_pickup,BATCH,hungarian,0,0,order,1
1666495819,528593,2468,563.7197885474662,1,True,True,3873,False,12964,3994,45851052,174551377,45850576,174551679,0,0,1666322454,173365,distance_to_pickup,BATCH,hungarian,0,0,order,1
1666495819,124091,2805,312.8322234041755,1,True,True,2792,False,12964,3994,45866543,174566296,45866701,174566566,0,0,1666322460,173359,distance_to_pickup,BATCH,hungarian,0,0,order,1
1666495819,344683,2565,308.3018001893599,1,True,True,202,False,12964,3994,45876450,174553800,45876495,174554105,0,0,1666322462,173357,distance_to_pickup,BATCH,hungarian,0,0,order,1
1666495819,127128,4388,5941.2119975641335,1,True,True,202,False,12964,3994,45876450,174553800,45874734,174559488,0,0,1666322462,173357,distance_to_pickup,BATCH,hungarian,0,0,order,1
1666495819,56121,3237,92.28217596047462,1,True,True,3237,True,12964,3994,45832351,174586291,45832431,174586337,0,0,1666322462,173357,distance_to_pickup,BATCH,hungarian,0,0,order,1
1666495819,27359,2587,3732.247714179754,1,True,True,1685,False,12964,3994,45885570,174596500,45884997,174600188,0,0,1666322464,173355,distance_to_pickup,BATCH,hungarian,0,0,order,1
1666495819,105982,1375,2261.9763482406265,1,True,True,1540,False,12964,3994,45871068,174595314,45871184,174593055,0,0,1666322467,173352,distance_to_pickup,BATCH,hungarian,0,0,order,1
1666495819,549380,4125,1492.2844903033738,1,True,True,1209,False,12964,3994,45880249,174546573,45880717,174545156,0,0,1666322468,173351,distance_to_pickup,BATCH,hungarian,0,0,order,1
1666495819,322581,4042,3888.6960539491897,1,True,True,2432,False,12964,3994,45923690,174524047,45920124,174525598,0,0,1666322470,173349,distance_to_pickup,BATCH,hungarian,0,0,order,1
1666495819,172664,2630,21894.056567936423,1,True,True,357,False,12964,3994,45903642,174618451,45918065,174634923,0,0,1666322472,173347,distance_to_pickup,BATCH,hungarian,0,0,order,1
1666495819,502484,3216,1987.2033111888677,1,True,True,3526,False,12964,3994,45874592,174590556,45873276,174589067,0,0,1666322474,173345,distance_to_pickup,BATCH,hungarian,0,0,order,1
1666495819,341860,2290,1637.7402113888515,1,True,True,1797,False,12964,3994,45872453,174584718,45871861,174586245,0,0,1666322481,173338,distance_to_pickup,BATCH,hungarian,0,0,order,1
1666495819,541675,839,949.3292368825475,1,True,True,321,False,12964,3994,45899979,174569978,45900284,174570877,0,0,1666322484,173335,distance_to_pickup,BATCH,hungarian,0,0,order,1
1666495819,564760,1770,2817.1616922001476,1,True,True,1196,False,12964,3994,45880677,174633751,45880405,174630947,0,0,1666322484,173335,distance_to_pickup,BATCH,hungarian,0,0,order,1
1666495819,103041,3919,6210.357960697595,1,True,True,796,False,12964,3994,45851335,174555897,45846046,174559152,0,0,1666322489,173330,distance_to_pickup,BATCH,hungarian,0,0,order,1
1666495819,139368,4648,210.09759636892565,1,True,True,790,False,12964,3994,45861104,174572051,45861283,174571941,0,0,1666322490,173329,distance_to_pickup,BATCH,hungarian,0,0,order,1
1666495819,124085,1025,426.8875730212816,1,True,True,134,False,12964,3994,45853870,174592240,45854283,174592348,0,0,1666322493,173326,distance_to_pickup,BATCH,hungarian,0,0,order,1
1666495819,311524,2789,525.7803723989704,1,True,True,2589,False,12964,3994,45853146,174526278,45853200,174525755,0,0,1666322496,173323,distance_to_pickup,BATCH,hungarian,0,0,order,1
1666495819,87512,620,1682.7412159925245,1,True,True,1193,False,12964,3994,45907630,174567904,45907887,174566241,0,0,1666322497,173322,distance_to_pickup,BATCH,hungarian,0,0,order,1
1666495819,394079,1340,416.3964457100949,1,True,True,2263,False,12964,3994,45830980,174549286,45831355,174549467,0,0,1666322497,173322,distance_to_pickup,BATCH,hungarian,0,0,order,1
1666495819,178646,3451,13.601470508735444,1,True,True,977,False,12964,3994,45894757,174555382,45894753,174555395,0,0,1666322501,173318,distance_to_pickup,BATCH,hungarian,0,0,order,1
1666495819,96835,4164,48.38388161361178,1,True,True,1193,False,12964,3994,45907630,174567904,45907676,174567889,0,0,1666322503,173316,distance_to_pickup,BATCH,hungarian,0,0,order,1
1666495819,139374,471,269.45314991664134,1,True,True,3220,False,12964,3994,45879274,174648294,45879080,174648481,0,0,1666322503,173316,distance_to_pickup,BATCH,hungarian,0,0,order,1
1666495819,178631,2788,268.73965096353015,1,True,True,1179,False,12964,3994,45851289,174527618,45851150,174527848,0,0,1666322505,173314,distance_to_pickup,BATCH,hungarian,0,0,order,1
1666495819,151507,3660,342.54634722910123,1,True,True,1000,False,12964,3994,45909650,174524190,45909363,174524003,0,0,1666322505,173314,distance_to_pickup,BATCH,hungarian,0,0,order,1
1666495819,520679,1337,1922.0991129491736,1,True,True,4737,False,12964,3994,45887370,174576230,45887523,174574314,0,0,1666322507,173312,distance_to_pickup,BATCH,hungarian,0,0,order,1
1666495819,220074,873,231.53617427952807,1,True,True,181,False,12964,3994,45866498,174600929,45866653,174600757,0,0,1666322507,173312,distance_to_pickup,BATCH,hungarian,0,0,order,1
1666495819,325346,4079,6470.969401874807,1,True,True,1946,False,12964,3994,45909202,174523158,45905521,174517836,0,0,1666322508,173311,distance_to_pickup,BATCH,hungarian,0,0,order,1
1666495819,404934,2067,460.23580912397506,1,True,True,692,False,12964,3994,45865731,174582471,45865552,174582047,0,0,1666322509,173310,distance_to_pickup,BATCH,hungarian,0,0,order,1
1666495819,169579,703,71.06335201775947,1,True,True,1559,False,12964,3994,45896070,174555813,45896025,174555758,0,0,1666322513,173306,distance_to_pickup,BATCH,hungarian,0,0,order,1
1666495819,497217,1097,1145.523897611918,1,True,True,3435,False,12964,3994,45918844,174566876,45919469,174567836,0,0,1666322514,173305,distance_to_pickup,BATCH,hungarian,0,0,order,1
1666495819,486901,1081,556.6560877238297,1,True,True,1325,False,12964,3994,45895663,174589752,45896078,174590123,0,0,1666322515,173304,distance_to_pickup,BATCH,hungarian,0,0,order,1
1666495819,205166,1464,49.72926703662542,1,True,True,1348,False,12964,3994,45898319,174553496,45898271,174553483,0,0,1666322521,173298,distance_to_pickup,BATCH,hungarian,0,0,order,1
1666495819,160547,367,5664.81994418181,1,True,True,1022,False,12964,3994,45849298,174548682,45845735,174544278,0,0,1666322522,173297,distance_to_pickup,BATCH,hungarian,0,0,order,1
1666495819,148466,4256,72.80109889280519,1,True,True,2231,False,12964,3994,45849065,174527425,45849039,174527493,0,0,1666322523,173296,distance_to_pickup,BATCH,hungarian,0,0,order,1
1666495819,297391,4527,1477.4183564583188,1,True,True,78,False,12964,3994,45841850,174559905,45842189,174561343,0,0,1666322523,173296,distance_to_pickup,BATCH,hungarian,0,0,order,1
1666495819,105987,3724,538.8033036275854,1,True,True,1404,False,12964,3994,45874835,174545439,45874413,174545774,0,0,1666322526,173293,distance_to_pickup,BATCH,hungarian,0,0,order,1
1666495819,431561,3587,4907.101486621201,1,True,True,1259,False,12964,3994,45842390,174575013,45847188,174573984,0,0,1666322527,173292,distance_to_pickup,BATCH,hungarian,0,0,order,1
1666495819,297388,100,1575.7290376203646,1,True,True,105,False,12964,3994,45878050,174576479,45877631,174574960,0,0,1666322531,173288,distance_to_pickup,BATCH,hungarian,0,0,order,1
1666495819,510372,792,1070.8445265303455,1,True,True,2446,False,12964,3994,45872712,174532279,45873780,174532201,0,0,1666322531,173288,distance_to_pickup,BATCH,hungarian,0,0,order,1
1666495819,431559,3329,5188.835418473012,1,True,True,357,False,12964,3994,45903642,174618451,45903780,174623638,0,0,1666322535,173284,distance_to_pickup,BATCH,hungarian,0,0,order,1
1666495819,302988,1268,155.3479964466874,1,True,True,3651,False,12964,3994,45858644,174557672,45858786,174557609,0,0,1666322536,173283,distance_to_pickup,BATCH,hungarian,0,0,order,1
1666495819,260547,334,733.726106936369,1,True,True,234,False,12964,3994,45859004,174571079,45858281,174571204,0,0,1666322540,173279,distance_to_pickup,BATCH,hungarian,0,0,order,1
1666495819,187520,977,3229.459552309024,1,True,True,2781,False,12964,3994,45887526,174577045,45884306,174576798,0,0,1666322543,173276,distance_to_pickup,BATCH,hungarian,0,0,order,1
1666495819,399522,568,1119.6879029443874,1,True,True,3820,False,12964,3994,45874835,174545439,45874105,174544590,0,0,1666322545,173274,distance_to_pickup,BATCH,hungarian,0,0,order,1
1666495819,355738,3572,334.1167460634082,1,True,True,2183,False,12964,3994,45879153,174595684,45878906,174595459,0,0,1666322546,173273,distance_to_pickup,BATCH,hungarian,0,0,order,1
1666495819,115057,102,242.55308697272852,1,True,True,970,False,12964,3994,45830548,174560223,45830784,174560279,0,0,1666322548,173271,distance_to_pickup,BATCH,hungarian,0,0,order,1
1666495819,396801,4899,1123.6102527122116,1,True,True,746,False,12964,3994,45868817,174548409,45869713,174549087,0,0,1666322554,173265,distance_to_pickup,BATCH,hungarian,0,0,order,1
1666495819,254787,1894,367.9198282234868,1,True,True,3985,False,12964,3994,45890567,174547445,45890289,174547686,0,0,1666322561,173258,distance_to_pickup,BATCH,hungarian,0,0,order,1
1666495819,328045,2126,415.60076997041284,1,True,True,3304,False,12964,3994,45877438,174530331,45877848,174530399,0,0,1666322563,173256,distance_to_pickup,BATCH,hungarian,0,0,order,1
1666495819,333580,3191,43.32435804486894,1,True,True,977,False,12964,3994,45894757,174555382,45894743,174555423,0,0,1666322566,173253,distance_to_pickup,BATCH,hungarian,0,0,order,1
1666495819,274752,4730,1256.2197260033772,1,True,True,1540,False,12964,3994,45871244,174595336,45872442,174594958,0,0,1666322567,173252,distance_to_pickup,BATCH,hungarian,0,0,order,1
1666495819,546781,2046,300.4663042672173,1,True,True,3333,False,12964,3994,45920170,174541770,45920016,174541512,0,0,1666322573,173246,distance_to_pickup,BATCH,hungarian,0,0,order,1
1666495819,108991,3951,854.7093073086311,1,True,True,805,False,12964,3994,45889193,174615514,45890021,174615726,0,0,1666322589,173230,distance_to_pickup,BATCH,hungarian,0,0,order,1
1666495819,157476,128,10964.098959786892,1,True,True,1555,False,12964,3994,46042820,174958768,46033975,174965247,0,0,1666322590,173229,distance_to_pickup,BATCH,hungarian,0,0,order,1
1666495819,531223,4269,19895.21399734117,1,True,True,715,False,12964,3994,45838275,174623439,45822373,174611483,0,0,1666322590,173229,distance_to_pickup,BATCH,hungarian,0,0,order,1
1666495819,169587,3887,629.1526046993687,1,True,True,3552,False,12964,3994,45889850,174618270,45889798,174618897,0,0,1666322591,173228,distance_to_pickup,BATCH,hungarian,0,0,order,1
1666495819,412980,496,984.0325197878371,1,True,True,4288,False,12964,3994,45866070,174601685,45865278,174602269,0,0,1666322593,173226,distance_to_pickup,BATCH,hungarian,0,0,order,1
1666495819,90627,28,684.7627326307996,1,True,True,3145,False,12964,3994,45905522,174561766,45906146,174562048,0,0,1666322593,173226,distance_to_pickup,BATCH,hungarian,0,0,order,1
1666495819,341865,1627,3290.335697159182,1,True,True,2929,False,12964,3994,46055372,174935082,46056594,174932027,0,0,1666322597,173222,distance_to_pickup,BATCH,hungarian,0,0,order,1
1666495819,458143,1466,1878.2185708803968,1,True,True,89,False,12964,3994,45863992,174527432,45862461,174528520,0,0,1666322597,173222,distance_to_pickup,BATCH,hungarian,0,0,order,1
1666495819,336275,3356,703.1564548519767,1,True,True,3630,False,12964,3994,45856270,174588027,45855593,174588217,0,0,1666322597,173222,distance_to_pickup,BATCH,hungarian,0,0,order,1
1666495819,271927,918,574.087101405353,1,True,True,2715,False,12964,3994,45847307,174550841,45846781,174550611,0,0,1666322597,173222,distance_to_pickup,BATCH,hungarian,0,0,order,1
1666495819,399528,819,1578.7314527809979,1,True,True,3976,False,12964,3994,45821456,174523341,45821853,174524869,0,0,1666322598,173221,distance_to_pickup,BATCH,hungarian,0,0,order,1
1666495819,286216,2643,1412.590528072449,1,True,True,3111,False,12964,3994,45883446,174535886,45882170,174536492,0,0,1666322602,173217,distance_to_pickup,BATCH,hungarian,0,0,order,1
1666495819,280565,248,4891.969439806427,1,True,True,1533,False,12964,3994,45912289,174526370,45917055,174525267,0,0,1666322603,173216,distance_to_pickup,BATCH,hungarian,0,0,order,1
1666495819,187526,2379,1831.7033056693433,1,True,True,1214,False,12964,3994,45919660,174549308,45919156,174551069,0,0,1666322607,173212,distance_to_pickup,BATCH,hungarian,0,0,order,1
1666495819,531221,3912,8990.479464411228,1,True,True,220,False,12964,3994,45871022,174644091,45865658,174636876,0,0,1666322611,173208,distance_to_pickup,BATCH,hungarian,0,0,order,1
1666495819,271928,214,4491.236466720496,1,True,True,3823,False,12964,3994,45923690,174524047,45921956,174528190,0,0,1666322612,173207,distance_to_pickup,BATCH,hungarian,0,0,order,1
1666495819,169582,3012,1775.5703309077903,1,True,True,2596,False,12964,3994,45865491,174568754,45865446,174570529,0,0,1666322617,173202,distance_to_pickup,BATCH,hungarian,0,0,order,1
1666495819,251923,379,3484.117678839221,1,True,True,1015,False,12964,3994,45840017,174551254,45841657,174548180,0,0,1666322618,173201,distance_to_pickup,BATCH,hungarian,0,0,order,1
1666495819,124089,3374,2059.4780892255203,1,True,True,2315,False,12964,3994,45889913,174596658,45891228,174595073,0,0,1666322618,173201,distance_to_pickup,BATCH,hungarian,0,0,order,1
1666495819,133261,3800,2997.807365392246,1,True,True,2989,False,12964,3994,45866931,174606684,45865451,174609291,0,0,1666322620,173199,distance_to_pickup,BATCH,hungarian,0,0,order,1
1666495819,53016,627,1130.6356619176665,1,True,True,2115,False,12964,3994,45883378,174582406,45882289,174582710,0,0,1666322620,173199,distance_to_pickup,BATCH,hungarian,0,0,order,1
1666495819,499872,2723,617.5370434233075,1,True,True,1317,False,12964,3994,45817961,174564520,45818315,174564014,0,0,1666322621,173198,distance_to_pickup,BATCH,hungarian,0,0,order,1
1666495819,388660,414,2019.6326398630024,1,True,True,1684,False,12964,3994,45872619,174581280,45871723,174583090,0,0,1666322624,173195,distance_to_pickup,BATCH,hungarian,0,0,order,1
1666495819,181672,3619,212.8778992756176,1,True,True,4635,False,12964,3994,45871167,174595947,45871261,174596138,0,0,1666322624,173195,distance_to_pickup,BATCH,hungarian,0,0,order,1
1666495819,74920,3132,782.3413577205285,1,True,True,3113,False,12964,3994,45869542,174570465,45869855,174569748,0,0,1666322626,173193,distance_to_pickup,BATCH,hungarian,0,0,order,1
1666495819,145484,203,86.7294644281861,1,True,True,3824,False,12964,3994,45874746,174650130,45874715,174650211,0,0,1666322628,173191,distance_to_pickup,BATCH,hungarian,0,0,order,1
1666495819,93741,1509,3562.41224453319,1,True,True,2357,False,12964,3994,45863316,174584632,45865561,174587398,0,0,1666322633,173186,distance_to_pickup,BATCH,hungarian,0,0,order,1
1666495819,1630,3347,4359.277118972824,1,True,True,1533,False,12964,3994,45912289,174526370,45916490,174525206,0,0,1666322637,173182,distance_to_pickup,BATCH,hungarian,0,0,order,1
1666495819,302991,1516,2496.2942534885588,1,True,True,206,False,12964,3994,45854960,174528670,45857221,174529728,0,0,1666322637,173182,distance_to_pickup,BATCH,hungarian,0,0,order,1
1666495819,344688,531,961.5747500844643,1,True,True,2882,False,12964,3994,45771492,174567333,45771337,174566384,0,0,1666322642,173177,distance_to_pickup,BATCH,hungarian,0,0,order,1
1666495819,391328,497,394.89872119316874,1,True,True,1242,False,12964,3994,45902813,174555825,45903165,174556004,0,0,1666322643,173176,distance_to_pickup,BATCH,hungarian,0,0,order,1
1666495819,225832,617,2187.442342097272,1,True,True,1639,False,12964,3994,46047150,174936770,46045020,174936272,0,0,1666322648,173171,distance_to_pickup,BATCH,hungarian,0,0,order,1
1666495819,515577,399,2209.04368449336,1,True,True,808,False,12964,3994,45854960,174528670,45857167,174528765,0,0,1666322649,173170,distance_to_pickup,BATCH,hungarian,0,0,order,1
1666495819,531226,2292,1737.483812874238,1,True,True,2118,False,12964,3994,45895979,174575393,45895048,174573926,0,0,1666322651,173168,distance_to_pickup,BATCH,hungarian,0,0,order,1
1666495819,228700,3407,562.2784007944819,1,True,True,3527,False,12964,3994,45877486,174529889,45877892,174529500,0,0,1666322653,173166,distance_to_pickup,BATCH,hungarian,0,0,order,1
1666495819,507706,2995,1447.496113984421,1,True,True,2716,False,12964,3994,45892588,174526684,45892702,174525241,0,0,1666322655,173164,distance_to_pickup,BATCH,hungarian,0,0,order,1
1666495819,396795,3976,5361.711107473061,1,True,True,3976,True,12964,3994,45819916,174522889,45814751,174521450,0,0,1666322655,173164,distance_to_pickup,BATCH,hungarian,0,0,order,1
1666495819,531225,247,1511.630245794255,1,True,True,808,False,12964,3994,45854879,174528011,45856378,174527816,0,0,1666322657,173162,distance_to_pickup,BATCH,hungarian,0,0,order,1
1666495819,59291,1388,104.34557968596465,1,True,True,437,False,12964,3994,45863250,174580555,45863352,174580533,0,0,1666322657,173162,distance_to_pickup,BATCH,hungarian,0,0,order,1
1666495819,49891,693,16365.345611993656,1,True,True,1674,False,12964,3994,45921241,174541506,45937430,174539110,0,0,1666322659,173160,distance_to_pickup,BATCH,hungarian,0,0,order,1
1666495819,112073,3042,67.7421582177598,1,True,True,3293,False,12964,3994,45845618,174586065,45845551,174586055,0,0,1666322660,173159,distance_to_pickup,BATCH,hungarian,0,0,order,1
1666495819,208152,3595,489.3270889701489,1,True,True,1362,False,12964,3994,45889843,174545846,45890322,174545946,0,0,1666322660,173159,distance_to_pickup,BATCH,hungarian,0,0,order,1
1666495819,444969,591,86.97700845625813,1,True,True,726,False,12964,3994,45895331,174566202,45895413,174566173,0,0,1666322660,173159,distance_to_pickup,BATCH,hungarian,0,0,order,1
1666495819,554461,1325,209.02152999152983,1,True,True,2574,False,12964,3994,45897430,174589090,45897329,174589273,0,0,1666322660,173159,distance_to_pickup,BATCH,hungarian,0,0,order,1
1666495819,525963,2647,18.681541692269406,1,True,True,542,False,12964,3994,45886643,174540024,45886648,174540042,0,0,1666322661,173158,distance_to_pickup,BATCH,hungarian,0,0,order,1
1666495819,154535,1605,159.76545308670458,1,True,True,2420,False,12964,3994,45862520,174576340,45862670,174576285,0,0,1666322661,173158,distance_to_pickup,BATCH,hungarian,0,0,order,1
1666495819,319827,4294,2324.0277537069132,1,True,True,529,False,12964,3994,45923354,174521688,45921155,174520936,0,0,1666322662,173157,distance_to_pickup,BATCH,hungarian,0,0,order,1
1666495819,549383,4082,1873.3312574128474,1,True,True,2909,False,12964,3994,45893979,174543549,45895236,174544938,0,0,1666322665,173154,distance_to_pickup,BATCH,hungarian,0,0,order,1
1666495819,20926,996,4337.0345859815325,1,True,True,1931,False,12964,3994,45918960,174542590,45914755,174543652,0,0,1666322665,173154,distance_to_pickup,BATCH,hungarian,0,0,order,1
1666495819,391332,2107,327.2002444986862,1,True,True,1054,False,12964,3994,46062618,174944266,46062400,174944510,0,0,1666322665,173154,distance_to_pickup,BATCH,hungarian,0,0,order,1
1666495819,507711,1609,1417.224400015749,1,True,True,129,False,12964,3994,46057290,174941760,46056653,174940494,0,0,1666322666,173153,distance_to_pickup,BATCH,hungarian,0,0,order,1
1666495819,249106,416,613.457414984936,1,True,True,2889,False,12964,3994,45909538,174542581,45909661,174543182,0,0,1666322666,173153,distance_to_pickup,BATCH,hungarian,0,0,order,1
1666495819,507708,3975,1187.672092793293,1,True,True,1070,False,12964,3994,45894610,174543767,45895729,174544165,0,0,1666322667,173152,distance_to_pickup,BATCH,hungarian,0,0,order,1
1666495819,178637,4494,907.7758533911331,1,True,True,1356,False,12964,3994,45874534,174590221,45873915,174589557,0,0,1666322667,173152,distance_to_pickup,BATCH,hungarian,0,0,order,1
1666495819,302996,849,351.2406582387637,1,True,True,2252,False,12964,3994,45905951,174543445,45906098,174543126,0,0,1666322667,173152,distance_to_pickup,BATCH,hungarian,0,0,order,1
1666495819,369568,2301,11454.899824965734,1,True,True,815,False,12964,3994,45912566,174588057,45922187,174581840,0,0,1666322669,173150,distance_to_pickup,BATCH,hungarian,0,0,order,1
1666495819,228704,1199,5167.068220954703,1,True,True,4088,False,12964,3994,45849298,174548682,45847735,174543757,0,0,1666322669,173150,distance_to_pickup,BATCH,hungarian,0,0,order,1
1666495819,407632,4597,809.7616933394664,1,True,True,3381,False,12964,3994,45905305,174559496,45904672,174558991,0,0,1666322669,173150,distance_to_pickup,BATCH,hungarian,0,0,order,1
1666495819,62345,1695,4959.92983821344,1,True,True,1757,False,12964,3994,46058320,174951463,46062322,174954393,0,0,1666322670,173149,distance_to_pickup,BATCH,hungarian,0,0,order,1
1666495819,142403,1312,113.74093370462545,1,True,True,726,False,12964,3994,45895418,174554509,45895357,174554413,0,0,1666322671,173148,distance_to_pickup,BATCH,hungarian,0,0,order,1
1666495819,99971,4656,919.2502379657021,1,True,True,3223,False,12964,3994,45898267,174541486,45898022,174542372,0,0,1666322671,173148,distance_to_pickup,BATCH,hungarian,0,0,order,1
1666495819,497222,2417,1299.0896812768547,1,True,True,1716,False,12964,3994,46059377,174951299,46060612,174951702,0,0,1666322671,173148,distance_to_pickup,BATCH,hungarian,0,0,order,1
1666495819,266214,3416,2605.3324164106198,1,True,True,1764,False,12964,3994,45872950,174581010,45872499,174583576,0,0,1666322672,173147,distance_to_pickup,BATCH,hungarian,0,0,order,1
1666495819,407635,1498,303.00660058817203,1,True,True,1816,False,12964,3994,46053446,174953728,46053143,174953730,0,0,1666322672,173147,distance_to_pickup,BATCH,hungarian,0,0,order,1
1666495819,166632,3615,4284.064075151071,1,True,True,496,False,12964,3994,45867126,174536219,45869565,174532697,0,0,1666322673,173146,distance_to_pickup,BATCH,hungarian,0,0,order,1
1666495819,74912,3729,5796.481432731412,1,True,True,438,False,12964,3994,45865954,174526117,45871120,174528746,0,0,1666322673,173146,distance_to_pickup,BATCH,hungarian,0,0,order,1
1666495819,396796,149,648.297771089798,1,True,True,250,False,12964,3994,45896534,174524911,45897147,174525122,0,0,1666322674,173145,distance_to_pickup,BATCH,hungarian,0,0,order,1
1666495819,240368,2039,845.062127893565,1,True,True,1707,False,12964,3994,45910091,174528480,45910150,174529323,0,0,1666322674,173145,distance_to_pickup,BATCH,hungarian,0,0,order,1
1666495819,108993,1361,775.722244105453,1,True,True,3206,False,12964,3994,45890924,174569697,45891040,174570464,0,0,1666322675,173144,distance_to_pickup,BATCH,hungarian,0,0,order,1
1666495819,169584,75,1335.3845887982982,1,True,True,764,False,12964,3994,45908667,174566558,45909863,174565964,0,0,1666322675,173144,distance_to_pickup,BATCH,hungarian,0,0,order,1
1666495819,178638,1591,2804.7424124150866,1,True,True,2165,False,12964,3994,45901103,174575443,45900061,174572839,0,0,1666322675,173144,distance_to_pickup,BATCH,hungarian,0,0,order,1
1666495819,187524,4006,329.67863139730485,1,True,True,1582,False,12964,3994,45857919,174575648,45857727,174575916,0,0,1666322675,173144,distance_to_pickup,BATCH,hungarian,0,0,order,1
1666495819,127141,473,140.60227594174995,1,True,True,1584,False,12964,3994,45877610,174586280,45877695,174586392,0,0,1666322676,173143,distance_to_pickup,BATCH,hungarian,0,0,order,1
1666495819,87509,2623,366.46691528704196,1,True,True,875,False,12964,3994,45866543,174566296,45866210,174566449,0,0,1666322677,173142,distance_to_pickup,BATCH,hungarian,0,0,order,1
1666495819,428856,2964,2199.4362914165076,1,True,True,2435,False,12964,3994,45890960,174573070,45893088,174572514,0,0,1666322681,173138,distance_to_pickup,BATCH,hungarian,0,0,order,1
1666495819,505130,485,2835.2151593838516,1,True,True,746,False,12964,3994,45868817,174548409,45865983,174548326,0,0,1666322684,173135,distance_to_pickup,BATCH,hungarian,0,0,order,1
1666495819,431565,4103,347.85772953895963,1,True,True,525,False,12964,3994,45859942,174562954,45860260,174562813,0,0,1666322685,173134,distance_to_pickup,BATCH,hungarian,0,0,order,1
1666495819,118105,4024,132.74034804836094,1,True,True,1513,False,12964,3994,45877161,174545529,45877229,174545415,0,0,1666322686,173133,distance_to_pickup,BATCH,hungarian,0,0,order,1
1666495819,434267,1417,3569.211817754727,1,True,True,1294,False,12964,3994,45918963,174579794,45922311,174581031,0,0,1666322687,173132,distance_to_pickup,BATCH,hungarian,0,0,order,1
1666495819,355737,3785,1922.3280157142797,1,True,True,2656,False,12964,3994,45895872,174555845,45895673,174557757,0,0,1666322687,173132,distance_to_pickup,BATCH,hungarian,0,0,order,1
1666495819,369567,4521,116.76472069936193,1,True,True,2170,False,12964,3994,45920947,174542656,45921012,174542753,0,0,1666322688,173131,distance_to_pickup,BATCH,hungarian,0,0,order,1
1666495819,528597,1725,34.132096331752024,1,True,True,3930,False,12964,3994,45832351,174586291,45832333,174586262,0,0,1666322688,173131,distance_to_pickup,BATCH,hungarian,0,0,order,1
1666495819,391330,4326,474.55768880084537,1,True,True,2905,False,12964,3994,45857919,174575648,45858390,174575590,0,0,1666322689,173130,distance_to_pickup,BATCH,hungarian,0,0,order,1
1666495819,302993,322,6432.872220089561,1,True,True,1597,False,12964,3994,45821510,174525370,45826013,174529964,0,0,1666322697,173122,distance_to_pickup,BATCH,hungarian,0,0,order,1
1666495819,444970,1146,595.4133018332728,1,True,True,3074,False,12964,3994,45890427,174572450,45890706,174571924,0,0,1666322699,173120,distance_to_pickup,BATCH,hungarian,0,0,order,1
1666495819,557096,2615,384.33839256571804,1,True,True,1768,False,12964,3994,45853296,174526873,45853666,174526977,0,0,1666322704,173115,distance_to_pickup,BATCH,hungarian,0,0,order,1
1666495819,385875,843,1623.9716746298257,1,True,True,1525,False,12964,3994,45890726,174554744,45889854,174556114,0,0,1666322704,173115,distance_to_pickup,BATCH,hungarian,0,0,order,1
1666495819,175628,1747,63.60031446463138,1,True,True,3372,False,12964,3994,45868430,174604549,45868448,174604488,0,0,1666322710,173109,distance_to_pickup,BATCH,hungarian,0,0,order,1
1666495819,208151,94,379.0211075916485,1,True,True,4737,False,12964,3994,45880733,174580196,45880729,174580575,0,0,1666322714,173105,distance_to_pickup,BATCH,hungarian,0,0,order,1
1666495819,541680,2559,2094.1657050004424,1,True,True,566,False,12964,3994,45889913,174596658,45891284,174595075,0,0,1666322717,173102,distance_to_pickup,BATCH,hungarian,0,0,order,1
1666495819,99974,1504,2965.2488934320504,1,True,True,3228,False,12964,3994,45849298,174548682,45848988,174545733,0,0,1666322721,173098,distance_to_pickup,BATCH,hungarian,0,0,order,1
1666495819,352954,3310,5948.493086488375,1,True,True,2630,False,12964,3994,45903642,174618451,45902861,174624348,0,0,1666322725,173094,distance_to_pickup,BATCH,hungarian,0,0,order,1
1666495819,333573,3536,2125.9541387339473,1,True,True,1339,False,12964,3994,45882104,174529399,45881945,174527279,0,0,1666322727,173092,distance_to_pickup,BATCH,hungarian,0,0,order,1
1666495819,246157,3895,1210.4581777161902,1,True,True,848,False,12964,3994,45880810,174634890,45880630,174636087,0,0,1666322733,173086,distance_to_pickup,BATCH,hungarian,0,0,order,1
1666495819,531229,1039,1808.4039924751328,1,True,True,2953,False,12964,3994,46043115,174948775,46041812,174947521,0,0,1666322734,173085,distance_to_pickup,BATCH,hungarian,0,0,order,1
1666495819,234479,1887,2094.943435990576,1,True,True,2315,False,12964,3994,45889913,174596658,45891251,174595046,0,0,1666322740,173079,distance_to_pickup,BATCH,hungarian,0,0,order,1
1666495819,269093,3795,89.1852005660132,1,True,True,1502,False,12964,3994,45889913,174596658,45889868,174596735,0,0,1666322744,173075,distance_to_pickup,BATCH,hungarian,0,0,order,1
1666495819,148472,3509,547.5709999625619,1,True,True,2494,False,12964,3994,45891091,174577656,45891038,174578201,0,0,1666322747,173072,distance_to_pickup,BATCH,hungarian,0,0,order,1
1666495819,399527,2662,94.54099639838793,1,True,True,2782,False,12964,3994,45901279,174543589,45901372,174543572,0,0,1666322749,173070,distance_to_pickup,BATCH,hungarian,0,0,order,1
1666495819,121097,2900,433.11545804785123,1,True,True,805,False,12964,3994,45889193,174615514,45889423,174615881,0,0,1666322753,173066,distance_to_pickup,BATCH,hungarian,0,0,order,1
1666495819,531227,2924,3044.758446905107,1,True,True,351,False,12964,3994,45882104,174529399,45885049,174530172,0,0,1666322754,173065,distance_to_pickup,BATCH,hungarian,0,0,order,1
1666495819,130223,3499,406.4209640262175,1,True,True,525,False,12964,3994,45859942,174562954,45859855,174562557,0,0,1666322757,173062,distance_to_pickup,BATCH,hungarian,0,0,order,1
1666495819,33764,2599,1116.6400494340153,1,True,True,2420,False,12964,3994,45862520,174576340,45861719,174577118,0,0,1666322757,173062,distance_to_pickup,BATCH,hungarian,0,0,order,1
1666495819,341867,2127,354.4925951271761,1,True,True,1513,False,12964,3994,45877161,174545529,45877497,174545416,0,0,1666322759,173060,distance_to_pickup,BATCH,hungarian,0,0,order,1
1666495819,172670,51,1420.4119120874761,1,True,True,1838,False,12964,3994,45902320,174580450,45903607,174579849,0,0,1666322764,173055,distance_to_pickup,BATCH,hungarian,0,0,order,1
1666495819,160556,3434,5392.342811802677,1,True,True,3144,False,12964,3994,45849298,174548682,45847242,174543697,0,0,1666322769,173050,distance_to_pickup,BATCH,hungarian,0,0,order,1
1666495819,33754,1414,925.700275467173,1,True,True,1339,False,12964,3994,45881032,174529772,45881872,174530161,0,0,1666322769,173050,distance_to_pickup,BATCH,hungarian,0,0,order,1
1666495819,502489,316,907.6497121687419,1,True,True,1720,False,12964,3994,45903651,174576433,45904549,174576565,0,0,1666322770,173049,distance_to_pickup,BATCH,hungarian,0,0,order,1
1666495819,551934,1710,34.058772731852805,1,True,True,2609,False,12964,3994,45870533,174595497,45870535,174595463,0,0,1666322771,173048,distance_to_pickup,BATCH,hungarian,0,0,order,1
1666495819,40101,70,131.89389675038038,1,True,True,525,False,12964,3994,45859942,174562954,45860042,174563040,0,0,1666322771,173048,distance_to_pickup,BATCH,hungarian,0,0,order,1
1666495819,62352,1751,1603.7970569869494,1,True,True,2761,False,12964,3994,45908534,174530923,45909632,174529754,0,0,1666322772,173047,distance_to_pickup,BATCH,hungarian,0,0,order,1
1666495819,65536,401,620.0725763973118,1,True,True,1736,False,12964,3994,45861577,174584561,45861274,174585102,0,0,1666322772,173047,distance_to_pickup,BATCH,hungarian,0,0,order,1
1666495819,418329,1193,131.13733259449805,1,True,True,3158,False,12964,3994,45907047,174573121,45906961,174573220,0,0,1666322775,173044,distance_to_pickup,BATCH,hungarian,0,0,order,1
1666495819,190471,2793,46.17358552246078,1,True,True,1777,False,12964,3994,45879833,174546530,45879829,174546484,0,0,1666322776,173043,distance_to_pickup,BATCH,hungarian,0,0,order,1
1666495819,394094,1088,1518.8038056312605,1,True,True,1506,False,12964,3994,45863992,174527432,45862581,174527994,0,0,1666322777,173042,distance_to_pickup,BATCH,hungarian,0,0,order,1
1666495819,249109,3515,2336.9540004030887,1,True,True,2017,False,12964,3994,45905781,174531306,45906036,174533629,0,0,1666322778,173041,distance_to_pickup,BATCH,hungarian,0,0,order,1
1666495819,447661,2455,3528.4356307009484,1,True,True,911,False,12964,3994,45912607,174588126,45915804,174589619,0,0,1666322778,173041,distance_to_pickup,BATCH,hungarian,0,0,order,1
1666495819,412983,1833,836.7968690189991,1,True,True,2996,False,12964,3994,45876179,174591689,45876829,174592216,0,0,1666322779,173040,distance_to_pickup,BATCH,hungarian,0,0,order,1
1666495819,283405,3762,672.8513951832158,1,True,True,1682,False,12964,3994,45903350,174587690,45903910,174587317,0,0,1666322779,173040,distance_to_pickup,BATCH,hungarian,0,0,order,1
1666495819,136319,1484,15.264337522473747,1,True,True,389,False,12964,3994,45871046,174595564,45871054,174595577,0,0,1666322779,173040,distance_to_pickup,BATCH,hungarian,0,0,order,1
1666495819,53018,3201,1334.3860011256113,1,True,True,3982,False,12964,3994,45895872,174555845,45895777,174557176,0,0,1666322780,173039,distance_to_pickup,BATCH,hungarian,0,0,order,1
1666495819,350155,21,578.4124825762322,1,True,True,3068,False,12964,3994,46065360,174941677,46065825,174942021,0,0,1666322781,173038,distance_to_pickup,BATCH,hungarian,0,0,order,1
1666495819,68627,2558,1789.5208856003887,1,True,True,3712,False,12964,3994,45867290,174556705,45868734,174557762,0,0,1666322781,173038,distance_to_pickup,BATCH,hungarian,0,0,order,1
1666495819,17711,831,16857.056593604946,1,True,True,1067,False,12964,3994,46042316,174954242,46031675,174967316,0,0,1666322781,173038,distance_to_pickup,BATCH,hungarian,0,0,order,1
1666495819,300202,3605,15449.5923894451,1,True,True,911,False,12964,3994,45912607,174588126,45926574,174581522,0,0,1666322781,173038,distance_to_pickup,BATCH,hungarian,0,0,order,1
1666495819,515582,4836,92.09777413162601,1,True,True,786,False,12964,3994,45898967,174578284,45898906,174578215,0,0,1666322781,173038,distance_to_pickup,BATCH,hungarian,0,0,order,1
1666495819,319831,1687,6697.710802953498,1,True,True,127,False,12964,3994,45769700,174585559,45776051,174587686,0,0,1666322782,173037,distance_to_pickup,BATCH,hungarian,0,0,order,1
1666495819,539188,1911,175.34537347760278,1,True,True,96,False,12964,3994,45879771,174546630,45879782,174546805,0,0,1666322782,173037,distance_to_pickup,BATCH,hungarian,0,0,order,1
1666495819,486898,887,841.6864024088782,1,True,True,2190,False,12964,3994,45899475,174579204,45898719,174579574,0,0,1666322782,173037,distance_to_pickup,BATCH,hungarian,0,0,order,1
1666495819,40099,351,3161.0267319337872,1,True,True,519,False,12964,3994,45877486,174529889,45877875,174526752,0,0,1666322783,173036,distance_to_pickup,BATCH,hungarian,0,0,order,1
1666495819,53023,1721,2726.0596105001077,1,True,True,1378,False,12964,3994,45889913,174596658,45889414,174599338,0,0,1666322783,173036,distance_to_pickup,BATCH,hungarian,0,0,order,1
1666495819,74914,3958,167.59773268156107,1,True,True,1653,False,12964,3994,45878170,174577317,45878053,174577437,0,0,1666322784,173035,distance_to_pickup,BATCH,hungarian,0,0,order,1
1666495819,523357,2551,471.6831563666441,1,True,True,496,False,12964,3994,45868670,174545730,45868743,174545264,0,0,1666322785,173034,distance_to_pickup,BATCH,hungarian,0,0,order,1
1666495819,554464,655,949.3855907901699,1,True,True,3033,False,12964,3994,45888295,174571869,45887502,174572391,0,0,1666322785,173034,distance_to_pickup,BATCH,hungarian,0,0,order,1
1666495819,314337,469,1765.657101478087,1,True,True,1597,False,12964,3994,45819784,174525705,45821037,174526949,0,0,1666322785,173034,distance_to_pickup,BATCH,hungarian,0,0,order,1
1666495819,325343,4223,1551.348123407509,1,True,True,2243,False,12964,3994,45890365,174561005,45888856,174560645,0,0,1666322786,173033,distance_to_pickup,BATCH,hungarian,0,0,order,1
1666495819,423610,2722,6768.450413499385,1,True,True,855,False,12964,3994,45889913,174596658,45885008,174601322,0,0,1666322786,173033,distance_to_pickup,BATCH,hungarian,0,0,order,1
1666495819,24203,3786,540.4377855035675,1,True,True,1195,False,12964,3994,45860062,174564938,45859889,174564426,0,0,1666322786,173033,distance_to_pickup,BATCH,hungarian,0,0,order,1
1666495819,551935,1332,393.45901946708506,1,True,True,98,False,12964,3994,45858283,174576801,45858534,174576498,0,0,1666322787,173032,distance_to_pickup,BATCH,hungarian,0,0,order,1
1666495819,71837,2999,52.80151512977634,1,True,True,3205,False,12964,3994,45769700,174585559,45769742,174585591,0,0,1666322787,173032,distance_to_pickup,BATCH,hungarian,0,0,order,1
1666495819,486897,4896,2686.0476540821087,1,True,True,1187,False,12964,3994,45846177,174582946,45847571,174580650,0,0,1666322787,173032,distance_to_pickup,BATCH,hungarian,0,0,order,1
1666495819,463453,2945,4121.726094732642,1,True,True,1492,False,12964,3994,45921904,174566668,45921355,174570753,0,0,1666322787,173032,distance_to_pickup,BATCH,hungarian,0,0,order,1
1666495819,361312,2031,328.8662342047295,1,True,True,576,False,12964,3994,45879316,174595424,45879583,174595232,0,0,1666322787,173032,distance_to_pickup,BATCH,hungarian,0,0,order,1
1666495819,115066,3161,5306.957131916556,1,True,True,1237,False,12964,3994,45884742,174633571,45888655,174629986,0,0,1666322788,173031,distance_to_pickup,BATCH,hungarian,0,0,order,1
1666495819,423611,1035,452.58479868418027,1,True,True,1394,False,12964,3994,45859868,174564963,45859891,174564511,0,0,1666322788,173031,distance_to_pickup,BATCH,hungarian,0,0,order,1
1666495819,450359,4737,174.79416466232504,1,True,True,188,False,12964,3994,45887469,174577555,45887562,174577407,0,0,1666322788,173031,distance_to_pickup,BATCH,hungarian,0,0,order,1
1666495819,62347,3108,28596.027136649594,1,True,True,886,False,12964,3994,45832348,174586496,45809216,174603308,0,0,1666322788,173031,distance_to_pickup,BATCH,hungarian,0,0,order,1
1666495819,486902,2413,573.7081139394841,1,True,True,726,False,12964,3994,45895331,174566202,45895801,174565873,0,0,1666322789,173030,distance_to_pickup,BATCH,hungarian,0,0,order,1
1666495819,549386,350,2708.502353700288,1,True,True,980,False,12964,3994,45778749,174570882,45779908,174568434,0,0,1666322790,173029,distance_to_pickup,BATCH,hungarian,0,0,order,1
1666495819,81377,1782,179.62182495454164,1,True,True,385,False,12964,3994,45892479,174527000,45892309,174527058,0,0,1666322790,173029,distance_to_pickup,BATCH,hungarian,0,0,order,1
1666495819,81379,1740,493.56863757738904,1,True,True,3279,False,12964,3994,45895337,174566813,45895810,174566954,0,0,1666322790,173029,distance_to_pickup,BATCH,hungarian,0,0,order,1
1666495819,468681,16,7856.360544170564,1,True,True,2237,False,12964,3994,45885150,174634595,45892526,174637300,0,0,1666322792,173027,distance_to_pickup,BATCH,hungarian,0,0,order,1
1666495819,130231,4591,74.94664769020693,1,True,True,2236,False,12964,3994,45890376,174545817,45890312,174545856,0,0,1666322792,173027,distance_to_pickup,BATCH,hungarian,0,0,order,1
1666495819,81375,1059,473.6792163479415,1,True,True,826,False,12964,3994,45887638,174547108,45887882,174546702,0,0,1666322793,173026,distance_to_pickup,BATCH,hungarian,0,0,order,1
1666495819,415615,2902,547.812011551408,1,True,True,2397,False,12964,3994,45906622,174524732,45906099,174524895,0,0,1666322794,173025,distance_to_pickup,BATCH,hungarian,0,0,order,1
1666495819,410271,942,555.1765484960617,1,True,True,1941,False,12964,3994,45816073,174525668,45815518,174525654,0,0,1666322794,173025,distance_to_pickup,BATCH,hungarian,0,0,order,1
1666495819,567311,4417,3072.3647244427216,1,True,True,661,False,12964,3994,45866180,174606740,45863156,174607283,0,0,1666322794,173025,distance_to_pickup,BATCH,hungarian,0,0,order,1
1666495819,314338,779,1373.0131099155608,1,True,True,1920,False,12964,3994,45905951,174578559,45905685,174579906,0,0,1666322794,173025,distance_to_pickup,BATCH,hungarian,0,0,order,1
1666495819,163624,1957,437.0926675202868,1,True,True,2214,False,12964,3994,45886611,174595485,45886866,174595840,0,0,1666322794,173025,distance_to_pickup,BATCH,hungarian,0,0,order,1
1666495819,523358,1208,1058.9395639034365,1,True,True,511,False,12964,3994,45904460,174566672,45904348,174565619,0,0,1666322795,173024,distance_to_pickup,BATCH,hungarian,0,0,order,1
1666495819,1633,4513,14919.396502539907,1,True,True,1237,False,12964,3994,45885150,174634595,45899456,174630361,0,0,1666322795,173024,distance_to_pickup,BATCH,hungarian,0,0,order,1
1666495819,93742,846,4302.505432884425,1,True,True,1694,False,12964,3994,45905090,174561198,45900802,174561551,0,0,1666322796,173023,distance_to_pickup,BATCH,hungarian,0,0,order,1
1666495819,130217,3522,2389.5187800057147,1,True,True,2361,False,12964,3994,45875538,174607081,45876512,174609263,0,0,1666322797,173022,distance_to_pickup,BATCH,hungarian,0,0,order,1
1666495819,271931,4910,185.05404615949362,1,True,True,2249,False,12964,3994,45890350,174571953,45890413,174571779,0,0,1666322801,173018,distance_to_pickup,BATCH,hungarian,0,0,order,1
1666495819,396800,1384,3692.479925470144,1,True,True,1516,False,12964,3994,45867334,174556652,45870956,174557370,0,0,1666322801,173018,distance_to_pickup,BATCH,hungarian,0,0,order,1
1666495819,319830,528,3172.9867632878645,1,True,True,901,False,12964,3994,45925491,174593921,45924305,174596864,0,0,1666322802,173017,distance_to_pickup,BATCH,hungarian,0,0,order,1
1666495819,105992,436,296.56871041969345,1,True,True,220,False,12964,3994,45875200,174650265,45875348,174650008,0,0,1666322802,173017,distance_to_pickup,BATCH,hungarian,0,0,order,1
1666495819,420879,1775,558.8720783864586,1,True,True,3731,False,12964,3994,45897028,174566686,45896721,174566219,0,0,1666322812,173007,distance_to_pickup,BATCH,hungarian,0,0,order,1
1666495819,339086,2386,194.90510511528424,1,True,True,4099,False,12964,3994,45891238,174600888,45891360,174600736,0,0,1666322812,173007,distance_to_pickup,BATCH,hungarian,0,0,order,1
1666495819,49892,2364,907.0022050689844,1,True,True,1580,False,12964,3994,45857435,174575892,45857088,174576730,0,0,1666322812,173007,distance_to_pickup,BATCH,hungarian,0,0,order,1
1666495819,27369,812,781.6009211867653,1,True,True,2132,False,12964,3994,45865755,174581016,45866263,174580422,0,0,1666322817,173002,distance_to_pickup,BATCH,hungarian,0,0,order,1
1666495819,476540,654,1039.5931896660347,1,True,True,972,False,12964,3994,45878050,174576479,45878235,174575456,0,0,1666322818,173001,distance_to_pickup,BATCH,hungarian,0,0,order,1
1666495819,251933,3504,3501.0592682786732,1,True,True,1791,False,12964,3994,45876179,174591689,45877825,174588599,0,0,1666322820,172999,distance_to_pickup,BATCH,hungarian,0,0,order,1
1666495819,551938,848,1408.2052407230985,1,True,True,1154,False,12964,3994,45877413,174586192,45876054,174586561,0,0,1666322822,172997,distance_to_pickup,BATCH,hungarian,0,0,order,1
1666495819,479219,2305,681.0066078974564,1,True,True,2705,False,12964,3994,45864882,174573026,45864201,174573023,0,0,1666322837,172982,distance_to_pickup,BATCH,hungarian,0,0,order,1
1666495819,492104,4013,4387.7348370201225,1,True,True,1022,False,12964,3994,45860828,174548321,45863847,174545137,0,0,1666322842,172977,distance_to_pickup,BATCH,hungarian,0,0,order,1
1666495819,404941,1892,5782.876879201216,1,True,True,2432,False,12964,3994,45923690,174524047,45924822,174529718,0,0,1666322845,172974,distance_to_pickup,BATCH,hungarian,0,0,order,1
1666495819,531228,908,108.85311203635843,1,True,True,2428,False,12964,3994,45864320,174520310,45864405,174520242,0,0,1666322851,172968,distance_to_pickup,BATCH,hungarian,0,0,order,1
1666495819,24218,314,4536.649534623542,1,True,True,1702,False,12964,3994,45865230,174583102,45868872,174585807,0,0,1666322851,172968,distance_to_pickup,BATCH,hungarian,0,0,order,1
1666495819,455513,1150,524.2375415782429,1,True,True,2609,False,12964,3994,45871088,174595409,45871269,174594917,0,0,1666322858,172961,distance_to_pickup,BATCH,hungarian,0,0,order,1
1666495819,302999,3636,3036.201903694812,1,True,True,3221,False,12964,3994,45868387,174537160,45870248,174534761,0,0,1666322863,172956,distance_to_pickup,BATCH,hungarian,0,0,order,1
1666495819,283407,731,164.63899902513984,1,True,True,74,False,12964,3994,45854610,174562691,45854469,174562606,0,0,1666322867,172952,distance_to_pickup,BATCH,hungarian,0,0,order,1
1666495819,271934,1943,355.4068091638088,1,True,True,525,False,12964,3994,45859942,174562954,45859959,174563309,0,0,1666322911,172908,distance_to_pickup,BATCH,hungarian,0,0,order,1
1666495819,87519,3490,460.1847455098876,1,True,True,740,False,12964,3994,45772588,174575887,45772795,174575476,0,0,1666322926,172893,distance_to_pickup,BATCH,hungarian,0,0,order,1
1666495819,481762,985,653.8287237495765,1,True,True,188,False,12964,3994,45882544,174582449,45881960,174582743,0,0,1666322930,172889,distance_to_pickup,BATCH,hungarian,0,0,order,1
1666495819,434275,1413,419.1443665373543,1,True,True,1056,False,12964,3994,45858644,174557672,45858225,174557683,0,0,1666322933,172886,distance_to_pickup,BATCH,hungarian,0,0,order,1
1666495819,420882,321,14027.227987025804,1,True,True,1279,False,12964,3994,45907395,174569323,45921145,174572098,0,0,1666322940,172879,distance_to_pickup,BATCH,hungarian,0,0,order,1
1666495819,214165,3825,3639.818814171936,1,True,True,2476,False,12964,3994,45905276,174543687,45905911,174540103,0,0,1666322940,172879,distance_to_pickup,BATCH,hungarian,0,0,order,1
1666495819,439586,4268,2681.989746438267,1,True,True,569,False,12964,3994,45848267,174583180,45848905,174580575,0,0,1666322941,172878,distance_to_pickup,BATCH,hungarian,0,0,order,1
1666495819,225839,2646,1839.0459483112434,1,True,True,759,False,12964,3994,45879880,174535820,45881677,174536211,0,0,1666322947,172872,distance_to_pickup,BATCH,hungarian,0,0,order,1
1666495819,196334,4156,3276.329806353445,1,True,True,2309,False,12964,3994,45840017,174551254,45841733,174548463,0,0,1666322955,172864,distance_to_pickup,BATCH,hungarian,0,0,order,1
1666495819,420885,2395,1951.3282655668165,1,True,True,592,False,12964,3994,46052744,174930198,46052963,174928259,0,0,1666322955,172864,distance_to_pickup,BATCH,hungarian,0,0,order,1
1666495819,396803,2247,301.50456049618884,1,True,True,913,False,12964,3994,45817897,174564601,45818180,174564497,0,0,1666322956,172863,distance_to_pickup,BATCH,hungarian,0,0,order,1
1666495819,341870,4202,805.6506687144249,1,True,True,3997,False,12964,3994,45901279,174543589,45901991,174543966,0,0,1666322958,172861,distance_to_pickup,BATCH,hungarian,0,0,order,1
1666495819,160555,3580,9477.024110974922,1,True,True,1353,False,12964,3994,45832550,174539074,45828269,174530619,0,0,1666322959,172860,distance_to_pickup,BATCH,hungarian,0,0,order,1
1666495819,420883,4359,138.97481786280562,1,True,True,2507,False,12964,3994,45896360,174589421,45896393,174589286,0,0,1666322959,172860,distance_to_pickup,BATCH,hungarian,0,0,order,1
1666495819,46651,2401,18.35755975068582,1,True,True,1494,False,12964,3994,45879181,174648271,45879165,174648262,0,0,1666322959,172860,distance_to_pickup,BATCH,hungarian,0,0,order,1
1666495819,187533,1928,577.5898198548863,1,True,True,2700,False,12964,3994,45892721,174544868,45892634,174545439,0,0,1666322960,172859,distance_to_pickup,BATCH,hungarian,0,0,order,1
1666495819,554466,1538,34.785054261852174,1,True,True,640,False,12964,3994,45921179,174542343,45921190,174542376,0,0,1666322960,172859,distance_to_pickup,BATCH,hungarian,0,0,order,1
1666495819,99983,1571,316.5454153830063,1,True,True,2818,False,12964,3994,45862206,174579013,45862307,174578713,0,0,1666322961,172858,distance_to_pickup,BATCH,hungarian,0,0,order,1
1666495819,127139,4859,97.082439194738,1,True,True,690,False,12964,3994,45855096,174575796,45855008,174575755,0,0,1666322962,172857,distance_to_pickup,BATCH,hungarian,0,0,order,1
1666495819,525969,3203,27.80287754891569,1,True,True,1418,False,12964,3994,45858283,174576801,45858266,174576779,0,0,1666322963,172856,distance_to_pickup,BATCH,hungarian,0,0,order,1
1666495819,217163,2199,2452.226947082998,1,True,True,235,False,12964,3994,45865491,174568754,45863142,174568050,0,0,1666322965,172854,distance_to_pickup,BATCH,hungarian,0,0,order,1
1666495819,328058,1564,1399.5113432909359,1,True,True,2882,False,12964,3994,45779801,174561635,45781175,174561901,0,0,1666322965,172854,distance_to_pickup,BATCH,hungarian,0,0,order,1
1666495819,300204,2755,104.4030650891055,1,True,True,120,False,12964,3994,46052385,174946069,46052415,174946169,0,0,1666322965,172854,distance_to_pickup,BATCH,hungarian,0,0,order,1
1666495819,489476,3586,18.027756377319946,1,True,True,4652,False,12964,3994,45876782,174545911,45876765,174545905,0,0,1666322966,172853,distance_to_pickup,BATCH,hungarian,0,0,order,1
1666495819,364150,2884,458.2051942088828,1,True,True,737,False,12964,3994,45897763,174541033,45897439,174540709,0,0,1666322967,172852,distance_to_pickup,BATCH,hungarian,0,0,order,1
1666495819,494661,957,694.2621983083912,1,True,True,2396,False,12964,3994,45858333,174577003,45859013,174576863,0,0,1666322967,172852,distance_to_pickup,BATCH,hungarian,0,0,order,1
1666495819,388664,4729,5971.548710343071,1,True,True,3144,False,12964,3994,45852960,174549400,45851947,174543515,0,0,1666322967,172852,distance_to_pickup,BATCH,hungarian,0,0,order,1
1666495819,551941,229,1675.1862583008494,1,True,True,1732,False,12964,3994,45892588,174526684,45892743,174525016,0,0,1666322967,172852,distance_to_pickup,BATCH,hungarian,0,0,order,1
1666495819,84369,2785,244.18026128252055,1,True,True,1643,False,12964,3994,45894039,174584286,45894257,174584176,0,0,1666322968,172851,distance_to_pickup,BATCH,hungarian,0,0,order,1
1666495819,350160,2864,386.0,1,True,True,2447,False,12964,3994,45895718,174551346,45895528,174551010,0,0,1666322968,172851,distance_to_pickup,BATCH,hungarian,0,0,order,1
1666495819,231573,407,1411.8629536892029,1,True,True,3385,False,12964,3994,45890168,174559358,45890437,174557972,0,0,1666322968,172851,distance_to_pickup,BATCH,hungarian,0,0,order,1
1666495819,90633,2928,1211.054499186556,1,True,True,1255,False,12964,3994,45898896,174535830,45899979,174536372,0,0,1666322968,172851,distance_to_pickup,BATCH,hungarian,0,0,order,1
1666495819,121096,1383,4163.126829679826,1,True,True,2956,False,12964,3994,45921904,174566668,45920284,174570503,0,0,1666322968,172851,distance_to_pickup,BATCH,hungarian,0,0,order,1
1666495819,567312,3799,184.7187050625897,1,True,True,1342,False,12964,3994,45867053,174606581,45867217,174606496,0,0,1666322969,172850,distance_to_pickup,BATCH,hungarian,0,0,order,1
1666495819,217164,2267,468.10789354592174,1,True,True,1486,False,12964,3994,45905041,174525396,45904931,174524941,0,0,1666322971,172848,distance_to_pickup,BATCH,hungarian,0,0,order,1
1666495819,311533,81,860.5841039666025,1,True,True,762,False,12964,3994,45899739,174548368,45900592,174548482,0,0,1666322971,172848,distance_to_pickup,BATCH,hungarian,0,0,order,1
1666495819,431564,4257,1803.774930527642,1,True,True,3250,False,12964,3994,45866511,174563245,45866431,174561443,0,0,1666322972,172847,distance_to_pickup,BATCH,hungarian,0,0,order,1
1666495819,510379,1029,58.309518948453004,1,True,True,446,False,12964,3994,45765167,174570926,45765161,174570868,0,0,1666322972,172847,distance_to_pickup,BATCH,hungarian,0,0,order,1
1666495819,225837,2574,845.4046368455759,1,True,True,1682,False,12964,3994,45899326,174587129,45898804,174587794,0,0,1666322973,172846,distance_to_pickup,BATCH,hungarian,0,0,order,1
1666495819,74922,25,639.1377003432046,1,True,True,959,False,12964,3994,45890567,174547445,45890358,174548049,0,0,1666322973,172846,distance_to_pickup,BATCH,hungarian,0,0,order,1
1666495819,184576,2050,3339.1772938854265,1,True,True,3309,False,12964,3994,45926529,174535734,45929665,174534587,0,0,1666322973,172846,distance_to_pickup,BATCH,hungarian,0,0,order,1
1666495819,557103,4641,588.3128419472075,1,True,True,2434,False,12964,3994,45889785,174535551,45890201,174535967,0,0,1666322974,172845,distance_to_pickup,BATCH,hungarian,0,0,order,1
1666495819,30474,3997,9455.451813636406,1,True,True,1880,False,12964,3994,45921241,174541506,45925553,174533091,0,0,1666322975,172844,distance_to_pickup,BATCH,hungarian,0,0,order,1
1666495819,383154,3066,1353.6487727619747,1,True,True,1923,False,12964,3994,45861721,174510844,45860374,174510978,0,0,1666322975,172844,distance_to_pickup,BATCH,hungarian,0,0,order,1
1666495819,447665,1011,1304.4730736968088,1,True,True,3416,False,12964,3994,45871064,174580270,45871251,174581561,0,0,1666322975,172844,distance_to_pickup,BATCH,hungarian,0,0,order,1
1666495819,202231,2532,7083.874787148627,1,True,True,2073,False,12964,3994,45912375,174588451,45910566,174595300,0,0,1666322975,172844,distance_to_pickup,BATCH,hungarian,0,0,order,1
1666495819,257658,3436,668.823594081429,1,True,True,185,False,12964,3994,45858038,174579558,45857656,174579009,0,0,1666322976,172843,distance_to_pickup,BATCH,hungarian,0,0,order,1
1666495819,263424,2371,134.18271125595876,1,True,True,1703,False,12964,3994,45858621,174593588,45858724,174593674,0,0,1666322979,172840,distance_to_pickup,BATCH,hungarian,0,0,order,1
1666495819,512985,909,483.6238207532793,1,True,True,2903,False,12964,3994,45861220,174557270,45860746,174557366,0,0,1666322983,172836,distance_to_pickup,BATCH,hungarian,0,0,order,1
1666495819,369570,2601,6662.743654081252,1,True,True,127,False,12964,3994,45769700,174585559,45775988,174587762,0,0,1666322984,172835,distance_to_pickup,BATCH,hungarian,0,0,order,1
1666495819,274762,192,48.83646178829912,1,True,True,570,False,12964,3994,45875002,174650109,45874954,174650118,0,0,1666322986,172833,distance_to_pickup,BATCH,hungarian,0,0,order,1
1666495819,178648,991,1090.3650764766817,1,True,True,696,False,12964,3994,45910091,174528480,45909751,174529516,0,0,1666322987,172832,distance_to_pickup,BATCH,hungarian,0,0,order,1
1666495819,388663,2222,1748.1433007622688,1,True,True,737,False,12964,3994,45898456,174542268,45898714,174543997,0,0,1666322988,172831,distance_to_pickup,BATCH,hungarian,0,0,order,1
1666495819,402203,992,134.03357788255897,1,True,True,498,False,12964,3994,45875950,174545773,45875816,174545770,0,0,1666322993,172826,distance_to_pickup,BATCH,hungarian,0,0,order,1
1666495819,178649,3571,3627.3892815632566,1,True,True,717,False,12964,3994,45876179,174591689,45877786,174588437,0,0,1666322994,172825,distance_to_pickup,BATCH,hungarian,0,0,order,1
1666495819,394091,1677,806.0403215720663,1,True,True,1596,False,12964,3994,45882544,174582449,45881770,174582674,0,0,1666322994,172825,distance_to_pickup,BATCH,hungarian,0,0,order,1
1666495819,133632,2250,352.7548723972498,1,True,True,1321,False,12964,3994,45888941,174525234,45888847,174525574,0,0,1666354793,141026,distance_to_pickup,BATCH,hungarian,0,0,order,1
1666495819,97142,4772,25.96150997149434,1,True,True,977,False,12964,3994,45859780,174572470,45859805,174572477,0,0,1666366338,129481,distance_to_pickup,BATCH,hungarian,0,0,order,1
1666495819,56452,2071,637.3005570372585,1,True,True,1805,False,12964,3994,45885757,174583286,45886231,174583712,0,0,1666395572,100247,distance_to_pickup,BATCH,hungarian,0,0,order,1
1666495819,121417,4128,1750.2005599359177,1,True,True,1507,False,12964,3994,45884003,174549298,45882284,174548969,0,0,1666404133,91686,distance_to_pickup,BATCH,hungarian,0,0,order,1
1666495819,518381,2425,5048.336359633736,1,True,True,106,False,12964,3994,45822976,174546904,45819118,174550160,0,0,1666404755,91064,distance_to_pickup,BATCH,hungarian,0,0,order,1
1666495819,300524,714,44.654227123532216,1,True,True,180,False,12964,3994,45898351,174553300,45898314,174553325,0,0,1666404845,90974,distance_to_pickup,BATCH,hungarian,0,0,order,1
1666495819,505435,3168,5691.9631938374305,1,True,True,106,False,12964,3994,45822976,174546904,45819699,174542250,0,0,1666404877,90942,distance_to_pickup,BATCH,hungarian,0,0,order,1
1666495819,106291,1998,4235.368342895338,1,True,True,3449,False,12964,3994,45907083,174574096,45909912,174577248,0,0,1666405002,90817,distance_to_pickup,BATCH,hungarian,0,0,order,1
1666495819,413280,3640,7944.016930999077,1,True,True,3779,False,12964,3994,45822976,174546904,45815430,174544421,0,0,1666405531,90288,distance_to_pickup,BATCH,hungarian,0,0,order,1
1666495819,510680,2175,419.1145428161614,1,True,True,1838,False,12964,3994,45899326,174587129,45899275,174586713,0,0,1666406470,89349,distance_to_pickup,BATCH,hungarian,0,0,order,1
1666495819,260907,4350,1895.3247742801232,1,True,True,692,False,12964,3994,45864213,174615211,45865693,174614027,0,0,1666406868,88951,distance_to_pickup,BATCH,hungarian,0,0,order,1
1666495819,258027,635,663.7424199190526,1,True,True,276,False,12964,3994,45846541,174585971,45847146,174585698,0,0,1666407381,88438,distance_to_pickup,BATCH,hungarian,0,0,order,1
1666495819,243568,398,260.20376630633154,1,True,True,989,False,12964,3994,45890020,174544960,45890175,174544751,0,0,1666407386,88433,distance_to_pickup,BATCH,hungarian,0,0,order,1
1666495819,84725,2091,986.0836678497418,1,True,True,3840,False,12964,3994,45914255,174560861,45913274,174560761,0,0,1666407554,88265,distance_to_pickup,BATCH,hungarian,0,0,order,1
1666495819,567607,1776,519.5093839383462,1,True,True,190,False,12964,3994,45865491,174568754,45865198,174568325,0,0,1666407780,88039,distance_to_pickup,BATCH,hungarian,0,0,order,1
1666495819,65940,2883,6489.749609961851,1,True,True,3924,False,12964,3994,46043209,174959327,46040356,174965156,0,0,1666407797,88022,distance_to_pickup,BATCH,hungarian,0,0,order,1
1666495819,184942,1156,2839.5256646137223,1,True,True,1008,False,12964,3994,45853104,174578614,45851563,174576229,0,0,1666407808,88011,distance_to_pickup,BATCH,hungarian,0,0,order,1
1666495819,497552,3273,2547.3800266155813,1,True,True,676,False,12964,3994,45853104,174578614,45853060,174576067,0,0,1666407829,87990,distance_to_pickup,BATCH,hungarian,0,0,order,1
1666495819,2031,2011,2706.4474870205777,1,True,True,1477,False,12964,3994,45858557,174557779,45856904,174559922,0,0,1666407849,87970,distance_to_pickup,BATCH,hungarian,0,0,order,1
1666495819,65978,2032,885.7561741246853,1,True,True,2492,False,12964,3994,45882066,174565367,45882286,174566225,0,0,1666407918,87901,distance_to_pickup,BATCH,hungarian,0,0,order,1
1666495819,508029,4582,3245.120798984223,1,True,True,4052,False,12964,3994,45879339,174647396,45878654,174644224,0,0,1666407975,87844,distance_to_pickup,BATCH,hungarian,0,0,order,1
1666495819,252260,2727,78.85429601486528,1,True,True,2648,False,12964,3994,45857710,174568528,45857787,174568545,0,0,1666408030,87789,distance_to_pickup,BATCH,hungarian,0,0,order,1
1666495819,289337,3441,25.317977802344327,1,True,True,24,False,12964,3994,45879833,174546530,45879858,174546526,0,0,1666408032,87787,distance_to_pickup,BATCH,hungarian,0,0,order,1
1666495819,280910,3720,5937.311344371289,1,True,True,693,False,12964,3994,45912295,174530150,45916790,174534029,0,0,1666408069,87750,distance_to_pickup,BATCH,hungarian,0,0,order,1
1666495819,43812,1717,466.43863476345956,1,True,True,1747,False,12964,3994,45881950,174565400,45881651,174565758,0,0,1666408092,87727,distance_to_pickup,BATCH,hungarian,0,0,order,1
1666495819,24597,1883,2184.8647555398024,1,True,True,3251,False,12964,3994,45892851,174567077,45890704,174566672,0,0,1666408139,87680,distance_to_pickup,BATCH,hungarian,0,0,order,1
1666495819,11706,3332,1345.3122314169302,1,True,True,205,False,12964,3994,45858644,174557672,45858400,174558995,0,0,1666408147,87672,distance_to_pickup,BATCH,hungarian,0,0,order,1
1666495819,434595,1008,1425.9694947648775,1,True,True,189,False,12964,3994,45857710,174568528,45858145,174569886,0,0,1666408156,87663,distance_to_pickup,BATCH,hungarian,0,0,order,1
1666495819,255136,795,198.4943324127921,1,True,True,2610,False,12964,3994,45904866,174557561,45904996,174557411,0,0,1666408176,87643,distance_to_pickup,BATCH,hungarian,0,0,order,1
1666495819,562566,1801,1297.0832664096781,1,True,True,1686,False,12964,3994,45893048,174548293,45891789,174547981,0,0,1666408197,87622,distance_to_pickup,BATCH,hungarian,0,0,order,1
1666495819,182018,4475,14906.464772037667,1,True,True,251,False,12964,3994,45912607,174588126,45926881,174583830,0,0,1666408219,87600,distance_to_pickup,BATCH,hungarian,0,0,order,1
1666495819,466425,872,334.8029271078734,1,True,True,1420,False,12964,3994,45867148,174600728,45867441,174600566,0,0,1666408286,87533,distance_to_pickup,BATCH,hungarian,0,0,order,1
1666495819,173034,4689,1781.377276154605,1,True,True,2184,False,12964,3994,45850798,174613138,45852542,174613501,0,0,1666408306,87513,distance_to_pickup,BATCH,hungarian,0,0,order,1
1666495819,266553,1062,118.10588469674151,1,True,True,1027,False,12964,3994,45833916,174574042,45833809,174573992,0,0,1666408310,87509,distance_to_pickup,BATCH,hungarian,0,0,order,1
1666495819,231984,2010,6752.928327770109,1,True,True,64,False,12964,3994,45881950,174565400,45875350,174563971,0,0,1666408311,87508,distance_to_pickup,BATCH,hungarian,0,0,order,1
1666495819,479526,4613,132.1854757528224,1,True,True,1400,False,12964,3994,45860060,174572270,45860188,174572303,0,0,1666408338,87481,distance_to_pickup,BATCH,hungarian,0,0,order,1
1666495819,21311,4420,350.1271197722336,1,True,True,310,False,12964,3994,45859780,174572470,45859450,174572353,0,0,1666408373,87446,distance_to_pickup,BATCH,hungarian,0,0,order,1
1666495819,536869,924,903.9717915952908,1,True,True,3053,False,12964,3994,45846633,174615138,45845859,174615605,0,0,1666408399,87420,distance_to_pickup,BATCH,hungarian,0,0,order,1
1666495819,466421,3508,87.5728268357257,1,True,True,2779,False,12964,3994,45860664,174572467,45860577,174572457,0,0,1666408416,87403,distance_to_pickup,BATCH,hungarian,0,0,order,1
1666495819,69019,4311,960.7351351959602,1,True,True,428,False,12964,3994,45863552,174573541,45863296,174572615,0,0,1666408423,87396,distance_to_pickup,BATCH,hungarian,0,0,order,1
1666495819,508045,1344,163.37074401495514,1,True,True,2043,False,12964,3994,45864638,174583106,45864775,174583195,0,0,1666408440,87379,distance_to_pickup,BATCH,hungarian,0,0,order,1
1666495819,252297,3534,967.1039240950271,1,True,True,3778,False,12964,3994,45866909,174555545,45866820,174554582,0,0,1666408446,87373,distance_to_pickup,BATCH,hungarian,0,0,order,1
1666495819,18120,965,370.8382396679177,1,True,True,2889,False,12964,3994,45905950,174530458,45906310,174530369,0,0,1666408464,87355,distance_to_pickup,BATCH,hungarian,0,0,order,1
1666495819,27736,2211,3034.0377387237622,1,True,True,1644,False,12964,3994,45846797,174542676,45845194,174540100,0,0,1666408496,87323,distance_to_pickup,BATCH,hungarian,0,0,order,1
1666495819,43803,310,468.96588362054655,1,True,True,2402,False,12964,3994,45863552,174573541,45863427,174573089,0,0,1666408499,87320,distance_to_pickup,BATCH,hungarian,0,0,order,1
1666495819,78511,2916,152.41062955056645,1,True,True,480,False,12964,3994,45859811,174572316,45859721,174572193,0,0,1666408501,87318,distance_to_pickup,BATCH,hungarian,0,0,order,1
1666495819,468980,4364,460.10868281309365,1,True,True,2675,False,12964,3994,45846797,174542676,45847065,174543050,0,0,1666408502,87317,distance_to_pickup,BATCH,hungarian,0,0,order,1
1666495819,136698,451,1256.7330663271337,1,True,True,3754,False,12964,3994,45890444,174572525,45891227,174571542,0,0,1666408502,87317,distance_to_pickup,BATCH,hungarian,0,0,order,1
1666495819,497570,3980,1170.1803279836831,1,True,True,180,False,12964,3994,45888170,174556710,45889321,174556921,0,0,1666408505,87314,distance_to_pickup,BATCH,hungarian,0,0,order,1
1666495819,205576,2325,1634.4445539693293,1,True,True,2773,False,12964,3994,45890485,174554759,45889725,174556206,0,0,1666408519,87300,distance_to_pickup,BATCH,hungarian,0,0,order,1
1666495819,199637,3093,73.23933369440222,1,True,True,3663,False,12964,3994,45880376,174650774,45880418,174650834,0,0,1666408530,87289,distance_to_pickup,BATCH,hungarian,0,0,order,1
1666495819,541956,1,2251.325165319306,1,True,True,1396,False,12964,3994,45885007,174521596,45886056,174523588,0,0,1666408536,87283,distance_to_pickup,BATCH,hungarian,0,0,order,1
1666495819,65954,1066,291.4875640571995,1,True,True,3198,False,12964,3994,45875250,174545419,45875212,174545130,0,0,1666408541,87278,distance_to_pickup,BATCH,hungarian,0,0,order,1
1666495819,508039,2706,153.55129436120035,1,True,True,2706,True,12964,3994,45859969,174536490,45859982,174536643,0,0,1666408542,87277,distance_to_pickup,BATCH,hungarian,0,0,order,1
1666495819,562575,1293,5800.002931033742,1,True,True,226,False,12964,3994,45912295,174530150,45915048,174535255,0,0,1666408550,87269,distance_to_pickup,BATCH,hungarian,0,0,order,1
1666495819,127553,290,626.4096103988188,1,True,True,2256,False,12964,3994,45853197,174599400,45853239,174600025,0,0,1666408564,87255,distance_to_pickup,BATCH,hungarian,0,0,order,1
1666495819,21315,2143,751.4233161141594,1,True,True,1102,False,12964,3994,45893261,174549184,45893880,174548758,0,0,1666408566,87253,distance_to_pickup,BATCH,hungarian,0,0,order,1
1666495819,167029,1506,6525.630467625331,1,True,True,1296,False,12964,3994,45865954,174526117,45872432,174525330,0,0,1666408573,87246,distance_to_pickup,BATCH,hungarian,0,0,order,1
1666495819,30874,3335,286.53097563788805,1,True,True,4022,False,12964,3994,45909164,174527005,45909304,174527255,0,0,1666408588,87231,distance_to_pickup,BATCH,hungarian,0,0,order,1
1666495819,314670,3537,482.0373429517676,1,True,True,3033,False,12964,3994,45885070,174594530,45885336,174594932,0,0,1666408589,87230,distance_to_pickup,BATCH,hungarian,0,0,order,1
1666495819,30875,1022,1029.1919160195537,1,True,True,1488,False,12964,3994,45851052,174551377,45850412,174550571,0,0,1666408592,87227,distance_to_pickup,BATCH,hungarian,0,0,order,1
1666495819,434609,4445,681.0829611728662,1,True,True,870,False,12964,3994,45859558,174565479,45859893,174566072,0,0,1666408604,87215,distance_to_pickup,BATCH,hungarian,0,0,order,1
1666495819,145839,1559,557.9175566335944,1,True,True,3412,False,12964,3994,45899300,174551240,45899826,174551054,0,0,1666408606,87213,distance_to_pickup,BATCH,hungarian,0,0,order,1
1666495819,474284,4304,811.7419540716126,1,True,True,428,False,12964,3994,45863552,174573541,45863706,174572744,0,0,1666408611,87208,distance_to_pickup,BATCH,hungarian,0,0,order,1
1666495819,565065,3046,2948.066654606032,1,True,True,272,False,12964,3994,45927390,174522207,45926406,174524986,0,0,1666408615,87204,distance_to_pickup,BATCH,hungarian,0,0,order,1
1666495819,187913,4136,401.00498750015566,1,True,True,954,False,12964,3994,45859969,174536490,45859568,174536492,0,0,1666408616,87203,distance_to_pickup,BATCH,hungarian,0,0,order,1
1666495819,78516,1158,7121.935200491507,1,True,True,4012,False,12964,3994,45817411,174564698,45818455,174571743,0,0,1666408618,87201,distance_to_pickup,BATCH,hungarian,0,0,order,1
1666495819,176002,572,48.54894437575342,1,True,True,483,False,12964,3994,45871180,174595520,45871139,174595546,0,0,1666408629,87190,distance_to_pickup,BATCH,hungarian,0,0,order,1
1666495819,314680,2881,31.622776601683793,1,True,True,3426,False,12964,3994,45894760,174555551,45894742,174555525,0,0,1666408644,87175,distance_to_pickup,BATCH,hungarian,0,0,order,1
1666495819,199631,3145,418.11481676687805,1,True,True,1072,False,12964,3994,45895896,174556406,45895938,174556822,0,0,1666408653,87166,distance_to_pickup,BATCH,hungarian,0,0,order,1
1666495819,347756,1899,886.6707393390176,1,True,True,2034,False,12964,3994,45885386,174582559,45885567,174581691,0,0,1666408653,87166,distance_to_pickup,BATCH,hungarian,0,0,order,1
1666495819,383476,4698,95.12623192369179,1,True,True,1447,False,12964,3994,45868780,174606590,45868760,174606497,0,0,1666408659,87160,distance_to_pickup,BATCH,hungarian,0,0,order,1
1666495819,463741,3526,920.6590031059274,1,True,True,2633,False,12964,3994,45875538,174607081,45876445,174607239,0,0,1666408660,87159,distance_to_pickup,BATCH,hungarian,0,0,order,1
1666495819,280920,3732,6818.716961423168,1,True,True,3426,False,12964,3994,45914350,174561390,45917751,174567300,0,0,1666408661,87158,distance_to_pickup,BATCH,hungarian,0,0,order,1
1666495819,333912,583,234.43762496664223,1,True,True,736,False,12964,3994,45901699,174585812,45901843,174585627,0,0,1666408670,87149,distance_to_pickup,BATCH,hungarian,0,0,order,1
1666495819,167033,2102,1076.5463297043932,1,True,True,4003,False,12964,3994,45853590,174551680,45853664,174552754,0,0,1666408684,87135,distance_to_pickup,BATCH,hungarian,0,0,order,1
1666495819,173045,1474,485.5810951839044,1,True,True,1035,False,12964,3994,45853590,174551680,45853540,174552163,0,0,1666408690,87129,distance_to_pickup,BATCH,hungarian,0,0,order,1
1666495819,300564,2612,1653.5068793325295,1,True,True,2878,False,12964,3994,45893261,174549184,45891612,174549306,0,0,1666408694,87125,distance_to_pickup,BATCH,hungarian,0,0,order,1
1666495819,193717,2077,257.59658382827985,1,True,True,2777,False,12964,3994,45876463,174601342,45876329,174601122,0,0,1666408699,87120,distance_to_pickup,BATCH,hungarian,0,0,order,1
1666495819,471639,4649,1103.7449886635952,1,True,True,1271,False,12964,3994,45859969,174536490,45858932,174536868,0,0,1666408702,87117,distance_to_pickup,BATCH,hungarian,0,0,order,1
1666495819,445274,1972,4522.991156303537,1,True,True,1972,True,12964,3994,45885010,174520190,45885390,174515683,0,0,1666408703,87116,distance_to_pickup,BATCH,hungarian,0,0,order,1
1666495819,173049,3563,3028.7149090001853,1,True,True,833,False,12964,3994,45865230,174583102,45866425,174585885,0,0,1666408716,87103,distance_to_pickup,BATCH,hungarian,0,0,order,1
1666495819,278016,3344,128.3627671873741,1,True,True,1287,False,12964,3994,45843025,174581271,45842911,174581212,0,0,1666408716,87103,distance_to_pickup,BATCH,hungarian,0,0,order,1
1666495819,205573,2708,187.77113729218343,1,True,True,631,False,12964,3994,45861984,174564143,45861881,174563986,0,0,1666408730,87089,distance_to_pickup,BATCH,hungarian,0,0,order,1
1666495819,378141,1316,68.79680225126747,1,True,True,2935,False,12964,3994,45897430,174589090,45897372,174589053,0,0,1666408734,87085,distance_to_pickup,BATCH,hungarian,0,0,order,1
1666495819,375488,9,142.9475428260311,1,True,True,3955,False,12964,3994,45890444,174572525,45890579,174572478,0,0,1666408736,87083,distance_to_pickup,BATCH,hungarian,0,0,order,1
1666495819,303353,1584,767.5109119745465,1,True,True,3774,False,12964,3994,45818756,174525699,45817989,174525671,0,0,1666408736,87083,distance_to_pickup,BATCH,hungarian,0,0,order,1
1666495819,118472,3735,661.9199347353123,1,True,True,4381,False,12964,3994,45855040,174593121,45854437,174593394,0,0,1666408748,87071,distance_to_pickup,BATCH,hungarian,0,0,order,1
1666495819,24614,1829,56.462376853972415,1,True,True,1811,False,12964,3994,45896070,174555813,45896018,174555835,0,0,1666408749,87070,distance_to_pickup,BATCH,hungarian,0,0,order,1
1666495819,231973,315,3536.4378970936277,1,True,True,3774,False,12964,3994,45820457,174535806,45823980,174536114,0,0,1666408755,87064,distance_to_pickup,BATCH,hungarian,0,0,order,1
1666495819,260936,2859,277.68327281274975,1,True,True,1408,False,12964,3994,45866585,174556302,45866493,174556564,0,0,1666408760,87059,distance_to_pickup,BATCH,hungarian,0,0,order,1
1666495819,43806,1562,834.9910179157617,1,True,True,408,False,12964,3994,45859004,174571079,45858181,174571220,0,0,1666408763,87056,distance_to_pickup,BATCH,hungarian,0,0,order,1
1666495819,534237,2377,401.7959681231259,1,True,True,2575,False,12964,3994,45852942,174591757,45853234,174591481,0,0,1666408766,87053,distance_to_pickup,BATCH,hungarian,0,0,order,1
1666495819,364482,3257,15538.268790312517,1,True,True,1775,False,12964,3994,45912607,174588126,45927113,174582557,0,0,1666408766,87053,distance_to_pickup,BATCH,hungarian,0,0,order,1
1666495819,547086,3513,1051.8673870788086,1,True,True,1863,False,12964,3994,45899300,174551240,45900345,174551120,0,0,1666408768,87051,distance_to_pickup,BATCH,hungarian,0,0,order,1
1666495819,489802,2567,2015.1287800038983,1,True,True,1322,False,12964,3994,45855750,174541130,45856988,174542720,0,0,1666408770,87049,distance_to_pickup,BATCH,hungarian,0,0,order,1
1666495819,11700,1031,5518.926073068927,1,True,True,3617,False,12964,3994,45849487,174566808,45844011,174567495,0,0,1666408774,87045,distance_to_pickup,BATCH,hungarian,0,0,order,1
1666495819,231975,2458,99.82484660644363,1,True,True,3011,False,12964,3994,45845808,174552719,45845710,174552700,0,0,1666408782,87037,distance_to_pickup,BATCH,hungarian,0,0,order,1
1666495819,151859,1472,1828.0330959804858,1,True,True,2521,False,12964,3994,45884035,174548844,45882207,174548833,0,0,1666408784,87035,distance_to_pickup,BATCH,hungarian,0,0,order,1
1666495819,303354,4832,119.0,1,True,True,3789,False,12964,3994,45879420,174632710,45879525,174632654,0,0,1666408785,87034,distance_to_pickup,BATCH,hungarian,0,0,order,1
1666495819,421237,3156,1516.6162995299767,1,True,True,1539,False,12964,3994,45905478,174561382,45906648,174562347,0,0,1666408790,87029,distance_to_pickup,BATCH,hungarian,0,0,order,1
1666495819,136710,746,119.25183436744275,1,True,True,2779,False,12964,3994,45860664,174572467,45860550,174572502,0,0,1666408794,87025,distance_to_pickup,BATCH,hungarian,0,0,order,1
1666495819,269463,1438,161.01242188104618,1,True,True,2913,False,12964,3994,45890444,174572525,45890598,174572478,0,0,1666408795,87024,distance_to_pickup,BATCH,hungarian,0,0,order,1
1666495819,528932,3250,3700.2616123728335,1,True,True,936,False,12964,3994,45849644,174599543,45847864,174596299,0,0,1666408796,87023,distance_to_pickup,BATCH,hungarian,0,0,order,1
1666495819,214542,1191,561.4338785645199,1,True,True,3663,False,12964,3994,45879255,174647888,45879193,174647330,0,0,1666408803,87016,distance_to_pickup,BATCH,hungarian,0,0,order,1
1666495819,11701,1913,827.831504594987,1,True,True,2913,False,12964,3994,45890444,174572525,45890873,174571817,0,0,1666408816,87003,distance_to_pickup,BATCH,hungarian,0,0,order,1
1666495819,513318,3626,6637.828711257922,1,True,True,1539,False,12964,3994,45906893,174560171,45912410,174556480,0,0,1666408822,86997,distance_to_pickup,BATCH,hungarian,0,0,order,1
1666495819,328393,2472,491.0040733028597,1,True,True,2702,False,12964,3994,45863417,174583636,45863419,174584127,0,0,1666408828,86991,distance_to_pickup,BATCH,hungarian,0,0,order,1
1666495819,184974,3294,918.5428678074857,1,True,True,2609,False,12964,3994,45874735,174589672,45875460,174589108,0,0,1666408834,86985,distance_to_pickup,BATCH,hungarian,0,0,order,1
1666495819,549663,2730,37.21558813185679,1,True,True,306,False,12964,3994,45879887,174546555,45879891,174546592,0,0,1666408834,86985,distance_to_pickup,BATCH,hungarian,0,0,order,1
1666495819,286557,3070,1053.740954884074,1,True,True,3841,False,12964,3994,45853590,174551680,45854499,174552213,0,0,1666408843,86976,distance_to_pickup,BATCH,hungarian,0,0,order,1
1666495819,399865,4515,1077.2864057436166,1,True,True,962,False,12964,3994,45895506,174581108,45894491,174580747,0,0,1666408845,86974,distance_to_pickup,BATCH,hungarian,0,0,order,1
1666495819,142803,3554,90.08884503644167,1,True,True,1969,False,12964,3994,45883798,174566663,45883888,174566667,0,0,1666408847,86972,distance_to_pickup,BATCH,hungarian,0,0,order,1
1666495819,474288,2427,110.45361017187261,1,True,True,3563,False,12964,3994,45864638,174583106,45864564,174583024,0,0,1666408849,86970,distance_to_pickup,BATCH,hungarian,0,0,order,1
1666495819,240753,330,821.5844448381432,1,True,True,1251,False,12964,3994,45896259,174552883,45895439,174552934,0,0,1666408850,86969,distance_to_pickup,BATCH,hungarian,0,0,order,1
1666495819,297736,1572,51.97114584074513,1,True,True,3998,False,12964,3994,45870533,174595497,45870559,174595542,0,0,1666408850,86969,distance_to_pickup,BATCH,hungarian,0,0,order,1
1666495819,500191,4398,55.154328932550705,1,True,True,1334,False,12964,3994,45879398,174650478,45879347,174650499,0,0,1666408852,86967,distance_to_pickup,BATCH,hungarian,0,0,order,1
1666495819,484677,4122,401.01122178811903,1,True,True,2280,False,12964,3994,45860581,174593820,45860738,174594189,0,0,1666408855,86964,distance_to_pickup,BATCH,hungarian,0,0,order,1
1666495819,383491,2546,4106.949841427334,1,True,True,2813,False,12964,3994,45876179,174591689,45878313,174588180,0,0,1666408857,86962,distance_to_pickup,BATCH,hungarian,0,0,order,1
1666495819,121480,936,40.85339643163099,1,True,True,936,True,12964,3994,45849644,174599543,45849659,174599581,0,0,1666408859,86960,distance_to_pickup,BATCH,hungarian,0,0,order,1
1666495819,442612,382,107.83784122468327,1,True,True,3313,False,12964,3994,45866585,174556302,45866630,174556400,0,0,1666408860,86959,distance_to_pickup,BATCH,hungarian,0,0,order,1
1666495819,407999,389,817.1199422361444,1,True,True,2768,False,12964,3994,45859942,174562954,45859620,174562203,0,0,1666408861,86958,distance_to_pickup,BATCH,hungarian,0,0,order,1
1666495819,260940,3730,1294.488315899375,1,True,True,2400,False,12964,3994,45860748,174572540,45861958,174573000,0,0,1666408861,86958,distance_to_pickup,BATCH,hungarian,0,0,order,1
1666495819,544495,3981,134.6291201783626,1,True,True,3359,False,12964,3994,45877817,174635740,45877867,174635615,0,0,1666408862,86957,distance_to_pickup,BATCH,hungarian,0,0,order,1
1666495819,252274,2569,871.4149413453961,1,True,True,875,False,12964,3994,45872485,174586837,45872077,174587607,0,0,1666408865,86954,distance_to_pickup,BATCH,hungarian,0,0,order,1
1666495819,342238,2168,132.6386067478093,1,True,True,2473,False,12964,3994,45879175,174650529,45879283,174650606,0,0,1666408868,86951,distance_to_pickup,BATCH,hungarian,0,0,order,1
1666495819,229060,4834,6630.703280949918,1,True,True,2709,False,12964,3994,45920170,174541770,45919145,174535219,0,0,1666408869,86950,distance_to_pickup,BATCH,hungarian,0,0,order,1
1666495819,91026,1074,577.0,1,True,True,3858,False,12964,3994,45859689,174570985,45859112,174570985,0,0,1666408870,86949,distance_to_pickup,BATCH,hungarian,0,0,order,1
1666495819,237827,3836,612.765860667841,1,True,True,2778,False,12964,3994,45822976,174546904,45822725,174547463,0,0,1666408873,86946,distance_to_pickup,BATCH,hungarian,0,0,order,1
1666495819,229066,4198,248.0181444975347,1,True,True,3426,False,12964,3994,45894760,174555551,45894603,174555743,0,0,1666408876,86943,distance_to_pickup,BATCH,hungarian,0,0,order,1
1666495819,552262,2777,314.5600101729398,1,True,True,3104,False,12964,3994,45873642,174606877,45873944,174606789,0,0,1666408880,86939,distance_to_pickup,BATCH,hungarian,0,0,order,1
1666495819,500185,156,626.8341088358227,1,True,True,772,False,12964,3994,45888057,174533306,45888221,174532701,0,0,1666408883,86936,distance_to_pickup,BATCH,hungarian,0,0,order,1
1666495819,426563,1049,3551.7460494804523,1,True,True,32,False,12964,3994,45879339,174647396,45877991,174644110,0,0,1666408886,86933,distance_to_pickup,BATCH,hungarian,0,0,order,1
1666495819,151853,18,1197.0104427280492,1,True,True,222,False,12964,3994,45852862,174592129,45854059,174592134,0,0,1666408888,86931,distance_to_pickup,BATCH,hungarian,0,0,order,1
1666495819,375502,152,745.0966380275783,1,True,True,1711,False,12964,3994,45851746,174556414,45851083,174556754,0,0,1666408889,86930,distance_to_pickup,BATCH,hungarian,0,0,order,1
1666495819,431898,481,2801.11584908586,1,True,True,544,False,12964,3994,45919180,174541680,45917355,174539555,0,0,1666408898,86921,distance_to_pickup,BATCH,hungarian,0,0,order,1
1666495819,91015,4710,1395.8585171857496,1,True,True,1937,False,12964,3994,45883513,174582364,45882152,174582674,0,0,1666408898,86921,distance_to_pickup,BATCH,hungarian,0,0,order,1
1666495819,167044,1202,2636.868787027523,1,True,True,219,False,12964,3994,45867334,174556652,45869740,174557731,0,0,1666408899,86920,distance_to_pickup,BATCH,hungarian,0,0,order,1
1666495819,405234,2827,688.2623046484531,1,True,True,2971,False,12964,3994,45906622,174524732,45907161,174525160,0,0,1666408901,86918,distance_to_pickup,BATCH,hungarian,0,0,order,1
1666495819,136707,2699,2749.031283925303,1,True,True,496,False,12964,3994,45871068,174595314,45871250,174592571,0,0,1666408902,86917,distance_to_pickup,BATCH,hungarian,0,0,order,1
1666495819,439961,2262,195.78815081613087,1,True,True,1611,False,12964,3994,45865755,174581016,45865813,174581203,0,0,1666408904,86915,distance_to_pickup,BATCH,hungarian,0,0,order,1
1666495819,14829,3628,598.1103577100132,1,True,True,1008,False,12964,3994,45858466,174570442,45858072,174569992,0,0,1666408904,86915,distance_to_pickup,BATCH,hungarian,0,0,order,1
1666495819,375499,2810,3643.9425077791775,1,True,True,3235,False,12964,3994,45876450,174553800,45876719,174557434,0,0,1666408913,86906,distance_to_pickup,BATCH,hungarian,0,0,order,1
1666495819,458465,215,324.09875038327436,1,True,True,866,False,12964,3994,45898127,174586315,45898423,174586447,0,0,1666408918,86901,distance_to_pickup,BATCH,hungarian,0,0,order,1
1666495819,541963,735,1104.276233557528,1,True,True,244,False,12964,3994,45865491,174568754,45864390,174568839,0,0,1666408919,86900,distance_to_pickup,BATCH,hungarian,0,0,order,1
1666495819,494983,2122,3433.3822973854803,1,True,True,3591,False,12964,3994,45859685,174606244,45862968,174607249,0,0,1666408925,86894,distance_to_pickup,BATCH,hungarian,0,0,order,1
1666495819,53407,962,2884.585238816839,1,True,True,1643,False,12964,3994,45893081,174584158,45890217,174584502,0,0,1666408928,86891,distance_to_pickup,BATCH,hungarian,0,0,order,1
1666495819,121471,512,1317.4824477009172,1,True,True,3645,False,12964,3994,45838580,174579920,45838392,174578616,0,0,1666408930,86889,distance_to_pickup,BATCH,hungarian,0,0,order,1
1666495819,173055,3662,1003.2636742153081,1,True,True,1070,False,12964,3994,45885799,174544728,45884796,174544705,0,0,1666408932,86887,distance_to_pickup,BATCH,hungarian,0,0,order,1
1666495819,260942,3186,85.75546629807339,1,True,True,829,False,12964,3994,45860511,174572406,45860438,174572451,0,0,1666408934,86885,distance_to_pickup,BATCH,hungarian,0,0,order,1
1666495819,383487,4508,503.62684598817805,1,True,True,549,False,12964,3994,45920336,174546846,45920434,174547340,0,0,1666408936,86883,distance_to_pickup,BATCH,hungarian,0,0,order,1
1666495819,263759,4308,282.0070921094007,1,True,True,4199,False,12964,3994,45912621,174528981,45912623,174529263,0,0,1666408937,86882,distance_to_pickup,BATCH,hungarian,0,0,order,1
1666495819,269459,1210,649.6683769431909,1,True,True,3769,False,12964,3994,45877243,174545474,45877730,174545044,0,0,1666408950,86869,distance_to_pickup,BATCH,hungarian,0,0,order,1
1666495819,65965,2442,1648.9536075948286,1,True,True,1477,False,12964,3994,45853590,174551680,45854868,174550638,0,0,1666408952,86867,distance_to_pickup,BATCH,hungarian,0,0,order,1
1666495819,445278,601,1084.8635858945584,1,True,True,95,False,12964,3994,45901257,174555664,45900992,174556716,0,0,1666408953,86866,distance_to_pickup,BATCH,hungarian,0,0,order,1
1666495819,534240,1880,540.7864643276494,1,True,True,640,False,12964,3994,45909170,174543120,45909685,174543285,0,0,1666408955,86864,distance_to_pickup,BATCH,hungarian,0,0,order,1
1666495819,34144,4356,1548.090759613273,1,True,True,1730,False,12964,3994,45854960,174528670,45855108,174530211,0,0,1666408961,86858,distance_to_pickup,BATCH,hungarian,0,0,order,1
1666495819,353365,2742,4932.746192538189,1,True,True,889,False,12964,3994,45860804,174548317,45863461,174544161,0,0,1666408963,86856,distance_to_pickup,BATCH,hungarian,0,0,order,1
1666495819,142808,1387,481.5018172343693,1,True,True,1965,False,12964,3994,45907150,174570600,45906670,174570638,0,0,1666408973,86846,distance_to_pickup,BATCH,hungarian,0,0,order,1
1666495819,223294,780,1079.5059054956578,1,True,True,549,False,12964,3994,45920336,174546846,45921353,174547208,0,0,1666408973,86846,distance_to_pickup,BATCH,hungarian,0,0,order,1
1666495819,306201,2956,1315.5865611961838,1,True,True,2691,False,12964,3994,45901257,174555664,45900989,174556952,0,0,1666408974,86845,distance_to_pickup,BATCH,hungarian,0,0,order,1
1666495819,65966,3100,1247.3944845156243,1,True,True,3167,False,12964,3994,45899739,174548368,45900766,174547660,0,0,1666408974,86845,distance_to_pickup,BATCH,hungarian,0,0,order,1
1666495819,380800,130,2621.3143649703675,1,True,True,2140,False,12964,3994,45847745,174611413,45847828,174614033,0,0,1666408981,86838,distance_to_pickup,BATCH,hungarian,0,0,order,1
1666495819,8453,3469,3315.9894450977977,1,True,True,1046,False,12964,3994,45855820,174583350,45852505,174583431,0,0,1666408984,86835,distance_to_pickup,BATCH,hungarian,0,0,order,1
1666495819,311877,1322,2283.0751192196894,1,True,True,99,False,12964,3994,45855750,174541130,45857974,174540614,0,0,1666408985,86834,distance_to_pickup,BATCH,hungarian,0,0,order,1
1666495819,240749,3974,624.3564686939666,1,True,True,142,False,12964,3994,45860730,174568920,45860260,174568509,0,0,1666408985,86834,distance_to_pickup,BATCH,hungarian,0,0,order,1
1666495819,91017,1576,1644.9635254314912,1,True,True,384,False,12964,3994,45856303,174570803,45857854,174570255,0,0,1666408988,86831,distance_to_pickup,BATCH,hungarian,0,0,order,1
1666495819,421235,1910,736.9185843768631,1,True,True,333,False,12964,3994,45847510,174589140,45847150,174589783,0,0,1666408989,86830,distance_to_pickup,BATCH,hungarian,0,0,order,1
1666495819,361689,683,646.0069659067153,1,True,True,2023,False,12964,3994,45864643,174560225,45865289,174560222,0,0,1666408990,86829,distance_to_pickup,BATCH,hungarian,0,0,order,1
1666495819,97224,1427,715.0,1,True,True,1560,False,12964,3994,45859855,174571035,45859140,174571035,0,0,1666408993,86826,distance_to_pickup,BATCH,hungarian,0,0,order,1
1666495819,502840,2335,501.12373721467236,1,True,True,251,False,12964,3994,45912607,174588126,45913048,174588364,0,0,1666408997,86822,distance_to_pickup,BATCH,hungarian,0,0,order,1
1666495819,142809,1733,1980.6072301190866,1,True,True,3605,False,12964,3994,45918844,174566876,45918566,174568837,0,0,1666408998,86821,distance_to_pickup,BATCH,hungarian,0,0,order,1
1666495819,431900,2841,780.8008709011536,1,True,True,2935,False,12964,3994,45894398,174586061,45893623,174585966,0,0,1666408998,86821,distance_to_pickup,BATCH,hungarian,0,0,order,1
1666495819,118478,3835,41.036569057366385,1,True,True,1599,False,12964,3994,45871180,174595520,45871150,174595548,0,0,1666408999,86820,distance_to_pickup,BATCH,hungarian,0,0,order,1
1666495819,266563,4160,59.481089431852205,1,True,True,2569,False,12964,3994,45860511,174572406,45860538,174572459,0,0,1666409002,86817,distance_to_pickup,BATCH,hungarian,0,0,order,1
1666495819,394437,2892,261.2278698760911,1,True,True,2093,False,12964,3994,45851434,174605726,45851322,174605490,0,0,1666409004,86815,distance_to_pickup,BATCH,hungarian,0,0,order,1
1666495819,167043,3988,884.3172507646789,1,True,True,3985,False,12964,3994,45871810,174544400,45871234,174545071,0,0,1666409005,86814,distance_to_pickup,BATCH,hungarian,0,0,order,1
1666495819,14840,1233,1992.2662974612606,1,True,True,3854,False,12964,3994,45906647,174524146,45904957,174523091,0,0,1666409008,86811,distance_to_pickup,BATCH,hungarian,0,0,order,1
1666495819,353356,2446,134.21251804507656,1,True,True,3636,False,12964,3994,45868424,174540142,45868557,174540160,0,0,1666409013,86806,distance_to_pickup,BATCH,hungarian,0,0,order,1
1666495819,492427,3230,61.29437168288782,1,True,True,2699,False,12964,3994,45871049,174595452,45871043,174595513,0,0,1666409014,86805,distance_to_pickup,BATCH,hungarian,0,0,order,1
1666495819,283757,2790,428.6000466635532,1,True,True,3731,False,12964,3994,45885891,174555900,45885854,174556327,0,0,1666409018,86801,distance_to_pickup,BATCH,hungarian,0,0,order,1
1666495819,97229,2027,252.67568145747623,1,True,True,2051,False,12964,3994,45864276,174580517,45864515,174580599,0,0,1666409018,86801,distance_to_pickup,BATCH,hungarian,0,0,order,1
1666495819,484676,4815,738.5350364065337,1,True,True,1220,False,12964,3994,45860220,174571330,45860873,174571675,0,0,1666409021,86798,distance_to_pickup,BATCH,hungarian,0,0,order,1
1666495819,320215,4464,20.248456731316587,1,True,True,428,False,12964,3994,45860511,174572406,45860494,174572395,0,0,1666409022,86797,distance_to_pickup,BATCH,hungarian,0,0,order,1
1666495819,386211,2294,1382.7921029569122,1,True,True,2611,False,12964,3994,45900722,174591142,45901757,174592059,0,0,1666409026,86793,distance_to_pickup,BATCH,hungarian,0,0,order,1
1666495819,176010,380,1333.78896381699,1,True,True,2236,False,12964,3994,45920336,174546846,45921313,174547754,0,0,1666409028,86791,distance_to_pickup,BATCH,hungarian,0,0,order,1
1666495819,482083,2519,121.00413216084813,1,True,True,4773,False,12964,3994,45879753,174634491,45879754,174634612,0,0,1666409032,86787,distance_to_pickup,BATCH,hungarian,0,0,order,1
1666495819,269464,3749,2316.326833588041,1,True,True,782,False,12964,3994,45895979,174575393,45897670,174573810,0,0,1666409033,86786,distance_to_pickup,BATCH,hungarian,0,0,order,1
1666495819,536876,987,1067.8675011442197,1,True,True,836,False,12964,3994,45900825,174525684,45899779,174525469,0,0,1666409035,86784,distance_to_pickup,BATCH,hungarian,0,0,order,1
1666495819,5190,882,6316.601143019876,1,True,True,208,False,12964,3994,45849548,174566661,45845839,174561548,0,0,1666409035,86784,distance_to_pickup,BATCH,hungarian,0,0,order,1
1666495819,289352,1234,513.1247411692405,1,True,True,2236,False,12964,3994,45920336,174546846,45920625,174546422,0,0,1666409035,86784,distance_to_pickup,BATCH,hungarian,0,0,order,1
1666495819,534243,1481,2217.7865091121826,1,True,True,3269,False,12964,3994,45872028,174606437,45871939,174604221,0,0,1666409038,86781,distance_to_pickup,BATCH,hungarian,0,0,order,1
1666495819,124473,452,250.83261350948763,1,True,True,1556,False,12964,3994,45909170,174543120,45909416,174543071,0,0,1666409038,86781,distance_to_pickup,BATCH,hungarian,0,0,order,1
1666495819,339446,959,273.87953556262653,1,True,True,789,False,12964,3994,45890903,174547043,45891170,174547104,0,0,1666409039,86780,distance_to_pickup,BATCH,hungarian,0,0,order,1
1666495819,531569,3712,4104.124754439124,1,True,True,970,False,12964,3994,45839743,174550873,45837687,174547321,0,0,1666409039,86780,distance_to_pickup,BATCH,hungarian,0,0,order,1
1666495819,275151,2023,2783.8020762978103,1,True,True,2423,False,12964,3994,45870339,174557663,45873104,174557340,0,0,1666409040,86779,distance_to_pickup,BATCH,hungarian,0,0,order,1
1666495819,389001,1657,1542.0119973592941,1,True,True,483,False,12964,3994,45871510,174603500,45871275,174601976,0,0,1666409041,86778,distance_to_pickup,BATCH,hungarian,0,0,order,1
1666495819,18138,167,273.1464808486465,1,True,True,3785,False,12964,3994,45892721,174544868,45892696,174544596,0,0,1666409042,86777,distance_to_pickup,BATCH,hungarian,0,0,order,1
1666495819,418672,2876,462.8228602824195,1,True,True,2073,False,12964,3994,45899390,174578370,45899116,174578743,0,0,1666409043,86776,distance_to_pickup,BATCH,hungarian,0,0,order,1
1666495819,476898,743,366.8092147152249,1,True,True,685,False,12964,3994,45773076,174567308,45772781,174567526,0,0,1666409044,86775,distance_to_pickup,BATCH,hungarian,0,0,order,1
1666495819,240756,4151,430.9721568732718,1,True,True,2140,False,12964,3994,45847749,174609083,45848025,174608752,0,0,1666409045,86774,distance_to_pickup,BATCH,hungarian,0,0,order,1
1666495819,364485,157,913.1401863898008,1,True,True,219,False,12964,3994,45870339,174557663,45871252,174557679,0,0,1666409047,86772,distance_to_pickup,BATCH,hungarian,0,0,order,1
1666495819,515914,3791,112.37882362794157,1,True,True,4217,False,12964,3994,45879059,174648623,45879036,174648513,0,0,1666409049,86770,distance_to_pickup,BATCH,hungarian,0,0,order,1
1666495819,283759,327,1178.8099931710792,1,True,True,3280,False,12964,3994,45876179,174591689,45875536,174590701,0,0,1666409050,86769,distance_to_pickup,BATCH,hungarian,0,0,order,1
1666495819,220451,1280,2564.924365356608,1,True,True,1111,False,12964,3994,45897136,174590767,45896825,174593313,0,0,1666409051,86768,distance_to_pickup,BATCH,hungarian,0,0,order,1
1666495819,541965,3090,588.2660962523678,1,True,True,385,False,12964,3994,45896534,174524911,45897113,174524807,0,0,1666409051,86768,distance_to_pickup,BATCH,hungarian,0,0,order,1
1666495819,269462,3291,321.6364407215078,1,True,True,1190,False,12964,3994,45863655,174577396,45863946,174577259,0,0,1666409052,86767,distance_to_pickup,BATCH,hungarian,0,0,order,1
1666495819,408002,2416,18394.61684841519,1,True,True,2025,False,12964,3994,46059692,174935285,46071567,174921237,0,0,1666409052,86767,distance_to_pickup,BATCH,hungarian,0,0,order,1
1666495819,142811,1346,847.6019112767502,1,True,True,519,False,12964,3994,45870339,174557663,45870814,174558365,0,0,1666409057,86762,distance_to_pickup,BATCH,hungarian,0,0,order,1
1666495819,487244,2375,210.20228352708256,1,True,True,2356,False,12964,3994,45888370,174571920,45888559,174571828,0,0,1666409058,86761,distance_to_pickup,BATCH,hungarian,0,0,order,1
1666495819,528937,268,622.9390018292321,1,True,True,2878,False,12964,3994,45893261,174549184,45892694,174548926,0,0,1666409058,86761,distance_to_pickup,BATCH,hungarian,0,0,order,1
1666495819,539493,3922,500.9361236724698,1,True,True,456,False,12964,3994,45871040,174607250,45870541,174607294,0,0,1666409058,86761,distance_to_pickup,BATCH,hungarian,0,0,order,1
1666495819,167040,1594,4133.3959403860645,1,True,True,764,False,12964,3994,45897994,174590784,45898825,174594833,0,0,1666409060,86759,distance_to_pickup,BATCH,hungarian,0,0,order,1
1666495819,37292,4481,1927.678655793024,1,True,True,3101,False,12964,3994,45897763,174541033,45896467,174542460,0,0,1666409060,86759,distance_to_pickup,BATCH,hungarian,0,0,order,1
1666495819,40505,4789,3607.9169890672374,1,True,True,983,False,12964,3994,45876179,174591689,45877830,174588481,0,0,1666409061,86758,distance_to_pickup,BATCH,hungarian,0,0,order,1
1666495819,37291,952,13230.25389023204,1,True,True,3380,False,12964,3994,45861721,174510844,45850604,174503671,0,0,1666409061,86758,distance_to_pickup,BATCH,hungarian,0,0,order,1
1666495819,84755,4493,464.86557196677836,1,True,True,1537,False,12964,3994,45836107,174539555,45836549,174539411,0,0,1666409063,86756,distance_to_pickup,BATCH,hungarian,0,0,order,1
1666495819,179078,2207,1769.7358559965949,1,True,True,2343,False,12964,3994,45830427,174573700,45828736,174573178,0,0,1666409065,86754,distance_to_pickup,BATCH,hungarian,0,0,order,1
1666495819,187908,4381,297.30960293942746,1,True,True,2145,False,12964,3994,45853655,174604870,45853763,174605147,0,0,1666409065,86754,distance_to_pickup,BATCH,hungarian,0,0,order,1
1666495819,494989,536,207.00966161027364,1,True,True,4100,False,12964,3994,45880118,174547076,45880116,174547283,0,0,1666409066,86753,distance_to_pickup,BATCH,hungarian,0,0,order,1
1666495819,562585,1018,206.20620747203515,1,True,True,1341,False,12964,3994,46042623,174949104,46042487,174948949,0,0,1666409067,86752,distance_to_pickup,BATCH,hungarian,0,0,order,1
1666495819,275152,3334,839.5629815564762,1,True,True,1781,False,12964,3994,45859733,174584505,45860428,174584976,0,0,1666409068,86751,distance_to_pickup,BATCH,hungarian,0,0,order,1
1666495819,361692,3287,91.00549433962765,1,True,True,4209,False,12964,3994,45890567,174547445,45890568,174547536,0,0,1666409069,86750,distance_to_pickup,BATCH,hungarian,0,0,order,1
1666495819,492429,1119,1401.216614232075,1,True,True,2918,False,12964,3994,45901430,174584710,45900042,174584518,0,0,1666409069,86750,distance_to_pickup,BATCH,hungarian,0,0,order,1
1666495819,127549,2491,1679.364760854532,1,True,True,1073,False,12964,3994,45884767,174636672,45886442,174636551,0,0,1666409070,86749,distance_to_pickup,BATCH,hungarian,0,0,order,1
1666495819,133638,3389,8171.59500954373,1,True,True,1537,False,12964,3994,45832854,174537821,45833128,174529654,0,0,1666409070,86749,distance_to_pickup,BATCH,hungarian,0,0,order,1
1666495819,445282,3241,6465.6107213472105,1,True,True,529,False,12964,3994,45920932,174554900,45914803,174556959,0,0,1666409070,86749,distance_to_pickup,BATCH,hungarian,0,0,order,1
1666495819,252282,4624,173.95401691251627,1,True,True,212,False,12964,3994,45863106,174563647,45863228,174563523,0,0,1666409070,86749,distance_to_pickup,BATCH,hungarian,0,0,order,1
1666495819,567627,648,586.4818837781778,1,True,True,2079,False,12964,3994,45890418,174562799,45890762,174562324,0,0,1666409071,86748,distance_to_pickup,BATCH,hungarian,0,0,order,1
1666495819,372762,2696,46.87216658103186,1,True,True,3940,False,12964,3994,45892890,174567149,45892864,174567188,0,0,1666409072,86747,distance_to_pickup,BATCH,hungarian,0,0,order,1
1666495819,408003,944,2182.0818041494226,1,True,True,3915,False,12964,3994,45868267,174559566,45870283,174558731,0,0,1666409074,86745,distance_to_pickup,BATCH,hungarian,0,0,order,1
1666495819,121478,4105,1136.5056093130381,1,True,True,1208,False,12964,3994,45898418,174584604,45897600,174585393,0,0,1666409075,86744,distance_to_pickup,BATCH,hungarian,0,0,order,1
1666495819,455832,2978,625.5629464730148,1,True,True,1800,False,12964,3994,45861912,174593206,45862512,174593383,0,0,1666409075,86744,distance_to_pickup,BATCH,hungarian,0,0,order,1
1666495819,27748,4566,825.5059054906876,1,True,True,99,False,12964,3994,45868089,174544241,45868335,174543453,0,0,1666409077,86742,distance_to_pickup,BATCH,hungarian,0,0,order,1
1666495819,21324,3550,58.855755878248644,1,True,True,2496,False,12964,3994,45867160,174574458,45867170,174574400,0,0,1666409077,86742,distance_to_pickup,BATCH,hungarian,0,0,order,1
1666495819,410640,2817,191.92706948213427,1,True,True,3981,False,12964,3994,45879847,174634806,45879687,174634700,0,0,1666409078,86741,distance_to_pickup,BATCH,hungarian,0,0,order,1
1666495819,115458,2293,45.45327270945405,1,True,True,244,False,12964,3994,45857937,174568139,45857908,174568174,0,0,1666409078,86741,distance_to_pickup,BATCH,hungarian,0,0,order,1
1666495819,292090,3540,506.3595560468865,1,True,True,1686,False,12964,3994,45893979,174543549,45893743,174543997,0,0,1666409078,86741,distance_to_pickup,BATCH,hungarian,0,0,order,1
1666495819,547088,3926,931.414515669581,1,True,True,3854,False,12964,3994,45908859,174523915,45908117,174524478,0,0,1666409083,86736,distance_to_pickup,BATCH,hungarian,0,0,order,1
1666495819,458459,1457,4226.531083524644,1,True,True,3355,False,12964,3994,45907200,174556440,45911426,174556507,0,0,1666409089,86730,distance_to_pickup,BATCH,hungarian,0,0,order,1
1666495819,11707,4782,487.9364712746937,1,True,True,3198,False,12964,3994,45877261,174544998,45877452,174544549,0,0,1666409091,86728,distance_to_pickup,BATCH,hungarian,0,0,order,1
1666495819,380804,1832,658.9453695110088,1,True,True,4326,False,12964,3994,45856328,174549215,45856983,174549287,0,0,1666409091,86728,distance_to_pickup,BATCH,hungarian,0,0,order,1
1666495819,157850,771,324.3023280829171,1,True,True,1285,False,12964,3994,45896259,174552883,45895935,174552869,0,0,1666409093,86726,distance_to_pickup,BATCH,hungarian,0,0,order,1
1666495819,372760,3528,5480.594219607943,1,True,True,2797,False,12964,3994,45875705,174650492,45875197,174655949,0,0,1666409097,86722,distance_to_pickup,BATCH,hungarian,0,0,order,1
1666495819,541964,1808,754.6880150101763,1,True,True,2609,False,12964,3994,45871989,174587756,45871364,174588179,0,0,1666409098,86721,distance_to_pickup,BATCH,hungarian,0,0,order,1
1666495819,100393,3722,649.7053178172393,1,True,True,1329,False,12964,3994,45911550,174525433,45911869,174524867,0,0,1666409099,86720,distance_to_pickup,BATCH,hungarian,0,0,order,1
1666495819,289354,4844,9128.189524763386,1,True,True,3013,False,12964,3994,45861721,174510844,45865409,174502494,0,0,1666409099,86720,distance_to_pickup,BATCH,hungarian,0,0,order,1
1666495819,260952,1561,847.3688689112906,1,True,True,2846,False,12964,3994,45863303,174559942,45864150,174559967,0,0,1666409105,86714,distance_to_pickup,BATCH,hungarian,0,0,order,1
1666495819,391670,428,2081.980307303602,1,True,True,148,False,12964,3994,45857152,174546198,45856161,174544367,0,0,1666409106,86713,distance_to_pickup,BATCH,hungarian,0,0,order,1
1666495819,249484,1330,265.93608254616373,1,True,True,1510,False,12964,3994,45905850,174529930,45906111,174529981,0,0,1666409106,86713,distance_to_pickup,BATCH,hungarian,0,0,order,1
1666495819,502842,2186,4688.607575816087,1,True,True,1599,False,12964,3994,45871068,174595314,45871368,174590635,0,0,1666409110,86709,distance_to_pickup,BATCH,hungarian,0,0,order,1
1666495819,356124,2017,258.74504826179765,1,True,True,1087,False,12964,3994,45905850,174529930,45906107,174529960,0,0,1666409119,86700,distance_to_pickup,BATCH,hungarian,0,0,order,1
1666495819,118483,4172,487.4689733716393,1,True,True,2379,False,12964,3994,45920072,174552641,45919621,174552456,0,0,1666409131,86688,distance_to_pickup,BATCH,hungarian,0,0,order,1
1666495819,208568,4688,1216.2532630994253,1,True,True,1042,False,12964,3994,45889986,174545204,45890852,174544350,0,0,1666409133,86686,distance_to_pickup,BATCH,hungarian,0,0,order,1
1666495819,453243,1032,47.80167361086848,1,True,True,2093,False,12964,3994,45848100,174609236,45848062,174609265,0,0,1666409136,86683,distance_to_pickup,BATCH,hungarian,0,0,order,1
1666495819,27758,1837,825.0048484706014,1,True,True,2237,False,12964,3994,45875366,174647864,45875694,174647107,0,0,1666409142,86677,distance_to_pickup,BATCH,hungarian,0,0,order,1
1666495819,331165,4482,421.1662379631112,1,True,True,1365,False,12964,3994,45906622,174524732,45907012,174524891,0,0,1666409146,86673,distance_to_pickup,BATCH,hungarian,0,0,order,1
1666495819,372770,4400,1145.3929456741037,1,True,True,333,False,12964,3994,45847510,174589140,45848444,174588477,0,0,1666409154,86665,distance_to_pickup,BATCH,hungarian,0,0,order,1
1666495819,562586,3727,8233.657389034353,1,True,True,265,False,12964,3994,45820457,174535806,45813390,174540031,0,0,1666409155,86664,distance_to_pickup,BATCH,hungarian,0,0,order,1
1666495819,536878,3355,2811.717091031742,1,True,True,180,False,12964,3994,45895896,174556406,45896268,174559193,0,0,1666409157,86662,distance_to_pickup,BATCH,hungarian,0,0,order,1
1666495819,43826,1918,1006.1436279180026,1,True,True,2846,False,12964,3994,45863303,174559942,45862713,174559127,0,0,1666409158,86661,distance_to_pickup,BATCH,hungarian,0,0,order,1
1666495819,50283,2049,1050.4522835426653,1,True,True,2971,False,12964,3994,45906622,174524732,45905711,174524209,0,0,1666409165,86654,distance_to_pickup,BATCH,hungarian,0,0,order,1
1666495819,448024,1618,20.518284528683193,1,True,True,2500,False,12964,3994,45879676,174634978,45879690,174634993,0,0,1666409168,86651,distance_to_pickup,BATCH,hungarian,0,0,order,1
1666495819,240757,3295,3755.4866528853486,1,True,True,3278,False,12964,3994,45918960,174542590,45915368,174543686,0,0,1666409168,86651,distance_to_pickup,BATCH,hungarian,0,0,order,1
1666495819,252290,2225,64.41273166075166,1,True,True,1609,False,12964,3994,46052385,174946069,46052442,174946039,0,0,1666409168,86651,distance_to_pickup,BATCH,hungarian,0,0,order,1
1666495819,275155,2224,2168.5176964922375,1,True,True,4527,False,12964,3994,45836768,174550828,45834703,174550166,0,0,1666409171,86648,distance_to_pickup,BATCH,hungarian,0,0,order,1
1666495819,397146,146,1358.3909599228052,1,True,True,1567,False,12964,3994,45868758,174548560,45868507,174549895,0,0,1666409172,86647,distance_to_pickup,BATCH,hungarian,0,0,order,1
1666495819,148818,3045,122.78436382536663,1,True,True,371,False,12964,3994,45897716,174552976,45897690,174552856,0,0,1666409172,86647,distance_to_pickup,BATCH,hungarian,0,0,order,1
1666495819,466424,3558,2989.610844240434,1,True,True,1073,False,12964,3994,45878846,174633913,45876264,174632406,0,0,1666409174,86645,distance_to_pickup,BATCH,hungarian,0,0,order,1
1666495819,300572,3182,6506.195278348168,1,True,True,3296,False,12964,3994,45850078,174549408,45850247,174542904,0,0,1666409175,86644,distance_to_pickup,BATCH,hungarian,0,0,order,1
1666495819,142814,124,164.80594649465777,1,True,True,1800,False,12964,3994,45855333,174592829,45855202,174592929,0,0,1666409180,86639,distance_to_pickup,BATCH,hungarian,0,0,order,1
1666495819,439965,4002,25.079872407968907,1,True,True,3795,False,12964,3994,45885789,174597626,45885791,174597651,0,0,1666409182,86637,distance_to_pickup,BATCH,hungarian,0,0,order,1
1666495819,234910,1800,448.45735583219056,1,True,True,1800,True,12964,3994,45855414,174592755,45854997,174592920,0,0,1666409182,86637,distance_to_pickup,BATCH,hungarian,0,0,order,1
1666495819,148820,2485,11403.801515284278,1,True,True,1065,False,12964,3994,46043134,174959153,46035526,174967648,0,0,1666409183,86636,distance_to_pickup,BATCH,hungarian,0,0,order,1
1666495819,557426,2851,415.4274906647368,1,True,True,517,False,12964,3994,45901740,174586607,45901334,174586695,0,0,1666409184,86635,distance_to_pickup,BATCH,hungarian,0,0,order,1
1666495819,190818,2718,4129.814765821828,1,True,True,1466,False,12964,3994,45881725,174512645,45885774,174511832,0,0,1666409185,86634,distance_to_pickup,BATCH,hungarian,0,0,order,1
1666495819,2057,3075,1280.4175100333484,1,True,True,929,False,12964,3994,45885891,174555900,45885328,174557050,0,0,1666409186,86633,distance_to_pickup,BATCH,hungarian,0,0,order,1
1666495819,399873,151,362.49137920783716,1,True,True,2846,False,12964,3994,45863303,174559942,45863153,174559612,0,0,1666409186,86633,distance_to_pickup,BATCH,hungarian,0,0,order,1
1666495819,410644,2932,1404.8220527881815,1,True,True,860,False,12964,3994,45859936,174535598,45860414,174534277,0,0,1666409186,86633,distance_to_pickup,BATCH,hungarian,0,0,order,1
1666495819,217526,1343,65.12296062065974,1,True,True,3119,False,12964,3994,45853655,174604870,45853659,174604805,0,0,1666409186,86633,distance_to_pickup,BATCH,hungarian,0,0,order,1
1666495819,205579,4759,326.0552100488505,1,True,True,299,False,12964,3994,46052227,174947786,46051981,174947572,0,0,1666409186,86633,distance_to_pickup,BATCH,hungarian,0,0,order,1
1666495819,208570,704,844.7544021785267,1,True,True,1761,False,12964,3994,45876437,174592004,45877094,174592535,0,0,1666409187,86632,distance_to_pickup,BATCH,hungarian,0,0,order,1
1666495819,502846,1372,3377.6471100456897,1,True,True,820,False,12964,3994,45920594,174530276,45919164,174533336,0,0,1666409187,86632,distance_to_pickup,BATCH,hungarian,0,0,order,1
1666495819,375498,2404,244.00819658363937,1,True,True,1209,False,12964,3994,45870339,174557663,45870583,174557665,0,0,1666409188,86631,distance_to_pickup,BATCH,hungarian,0,0,order,1
1666495819,118485,3567,542.00092250844,1,True,True,416,False,12964,3994,45918980,174542580,45918451,174542698,0,0,1666409188,86631,distance_to_pickup,BATCH,hungarian,0,0,order,1
1666495819,500195,92,6538.112418733713,1,True,True,2660,False,12964,3994,45921241,174541506,45919624,174535171,0,0,1666409188,86631,distance_to_pickup,BATCH,hungarian,0,0,order,1
1666495819,502847,1331,2698.0075982102053,1,True,True,95,False,12964,3994,45894757,174555382,45892690,174557116,0,0,1666409188,86631,distance_to_pickup,BATCH,hungarian,0,0,order,1
1666495819,160946,3127,320.00156249618533,1,True,True,1344,False,12964,3994,45861707,174584578,45861706,174584898,0,0,1666409189,86630,distance_to_pickup,BATCH,hungarian,0,0,order,1
1666495819,65975,1222,457.3587213555679,1,True,True,1908,False,12964,3994,45886650,174551414,45887101,174551338,0,0,1666409189,86630,distance_to_pickup,BATCH,hungarian,0,0,order,1
1666495819,306205,1827,555.5897767237983,1,True,True,139,False,12964,3994,45920810,174543271,45921228,174543637,0,0,1666409189,86630,distance_to_pickup,BATCH,hungarian,0,0,order,1
1666495819,202597,2147,255.47602627252522,1,True,True,1802,False,12964,3994,45861984,174564143,45861942,174563891,0,0,1666409190,86629,distance_to_pickup,BATCH,hungarian,0,0,order,1
1666495819,214553,435,661.7106618454927,1,True,True,446,False,12964,3994,45769538,174570260,45769632,174569605,0,0,1666409190,86629,distance_to_pickup,BATCH,hungarian,0,0,order,1
1666495819,303371,764,4700.268077461114,1,True,True,3257,False,12964,3994,45925491,174593921,45925905,174589239,0,0,1666409190,86629,distance_to_pickup,BATCH,hungarian,0,0,order,1
1666495819,386212,2148,11191.894299000505,1,True,True,2677,False,12964,3994,45924573,174557435,45926510,174568458,0,0,1666409190,86629,distance_to_pickup,BATCH,hungarian,0,0,order,1
1666495819,297745,4020,1427.5580548615178,1,True,True,3903,False,12964,3994,45882544,174582449,45881153,174582770,0,0,1666409190,86629,distance_to_pickup,BATCH,hungarian,0,0,order,1
1666495819,463748,1603,50.0,1,True,True,1353,False,12964,3994,45832854,174537821,45832868,174537773,0,0,1666409191,86628,distance_to_pickup,BATCH,hungarian,0,0,order,1
1666495819,345040,1666,2495.6908863078374,1,True,True,1696,False,12964,3994,45893552,174543169,45892240,174541046,0,0,1666409191,86628,distance_to_pickup,BATCH,hungarian,0,0,order,1
1666495819,109415,913,272.40594707164524,1,True,True,3394,False,12964,3994,45832547,174584439,45832301,174584556,0,0,1666409191,86628,distance_to_pickup,BATCH,hungarian,0,0,order,1
1666495819,397145,4310,649.366614479063,1,True,True,1471,False,12964,3994,45912375,174588451,45912081,174589030,0,0,1666409192,86627,distance_to_pickup,BATCH,hungarian,0,0,order,1
1666495819,237835,3632,436.9862698071874,1,True,True,1800,False,12964,3994,45853655,174604870,45853261,174604681,0,0,1666409192,86627,distance_to_pickup,BATCH,hungarian,0,0,order,1
1666495819,231986,1178,3675.026666569918,1,True,True,1178,True,12964,3994,45868654,174556359,45872329,174556345,0,0,1666409192,86627,distance_to_pickup,BATCH,hungarian,0,0,order,1
1666495819,418676,3105,90.19977827023745,1,True,True,685,False,12964,3994,45767650,174571145,45767644,174571235,0,0,1666409192,86627,distance_to_pickup,BATCH,hungarian,0,0,order,1
1666495819,303369,2116,22.02271554554524,1,True,True,1122,False,12964,3994,45896259,174552883,45896276,174552897,0,0,1666409192,86627,distance_to_pickup,BATCH,hungarian,0,0,order,1
1666495819,565073,2156,1721.908243780719,1,True,True,893,False,12964,3994,45762760,174566324,45761258,174567166,0,0,1666409193,86626,distance_to_pickup,BATCH,hungarian,0,0,order,1
1666495819,328395,252,2177.688912586001,1,True,True,2395,False,12964,3994,46048736,174947932,46046576,174948209,0,0,1666409194,86625,distance_to_pickup,BATCH,hungarian,0,0,order,1
1666495819,303370,652,15144.872168493202,1,True,True,3147,False,12964,3994,45756406,174571480,45748623,174558488,0,0,1666409195,86624,distance_to_pickup,BATCH,hungarian,0,0,order,1
1666495819,397142,522,4524.645068952923,1,True,True,615,False,12964,3994,45898789,174565755,45898667,174561232,0,0,1666409196,86623,distance_to_pickup,BATCH,hungarian,0,0,order,1
1666495819,202598,1197,422.4559148597638,1,True,True,4786,False,12964,3994,45861220,174557270,45860933,174557580,0,0,1666409196,86623,distance_to_pickup,BATCH,hungarian,0,0,order,1
1666495819,364491,1352,593.8088918162139,1,True,True,4326,False,12964,3994,45851052,174551377,45851299,174551917,0,0,1666409197,86622,distance_to_pickup,BATCH,hungarian,0,0,order,1
1666495819,408004,3850,3149.463446366698,1,True,True,2354,False,12964,3994,45898789,174565755,45898693,174562607,0,0,1666409198,86621,distance_to_pickup,BATCH,hungarian,0,0,order,1
1666495819,115462,1961,353.27184999657135,1,True,True,3457,False,12964,3994,45778303,174568374,45778654,174568414,0,0,1666409198,86621,distance_to_pickup,BATCH,hungarian,0,0,order,1
1666495819,217525,3525,120.96693763173474,1,True,True,181,False,12964,3994,45867053,174606581,45867141,174606498,0,0,1666409198,86621,distance_to_pickup,BATCH,hungarian,0,0,order,1
1666495819,252289,3707,8726.395017416986,1,True,True,2128,False,12964,3994,45865954,174526117,45864325,174517544,0,0,1666409198,86621,distance_to_pickup,BATCH,hungarian,0,0,order,1
1666495819,306203,2037,282.25697511310506,1,True,True,444,False,12964,3994,45872819,174545846,45872557,174545951,0,0,1666409205,86614,distance_to_pickup,BATCH,hungarian,0,0,order,1
1666495819,170007,3352,2772.3919275600265,1,True,True,1968,False,12964,3994,45867126,174536219,45868665,174533913,0,0,1666409207,86612,distance_to_pickup,BATCH,hungarian,0,0,order,1
1666495819,246548,1845,198.65799757371965,1,True,True,2627,False,12964,3994,45889950,174571920,45889794,174571797,0,0,1666409213,86606,distance_to_pickup,BATCH,hungarian,0,0,order,1
1666495819,133640,2185,232.63920563825866,1,True,True,2341,False,12964,3994,45765508,174560832,45765344,174560667,0,0,1666409215,86604,distance_to_pickup,BATCH,hungarian,0,0,order,1
1666495819,243597,1419,5071.615324529257,1,True,True,1783,False,12964,3994,45842552,174575176,45847051,174577517,0,0,1666409216,86603,distance_to_pickup,BATCH,hungarian,0,0,order,1
1666495819,176013,4317,2212.6719142249717,1,True,True,244,False,12964,3994,45868815,174575335,45868729,174577546,0,0,1666409219,86600,distance_to_pickup,BATCH,hungarian,0,0,order,1
1666495819,421229,1495,2003.137538962315,1,True,True,2095,False,12964,3994,45854890,174575733,45853066,174574905,0,0,1666409220,86599,distance_to_pickup,BATCH,hungarian,0,0,order,1
1666495819,497568,4473,855.3046240960001,1,True,True,205,False,12964,3994,45858340,174558346,45858051,174559151,0,0,1666409236,86583,distance_to_pickup,BATCH,hungarian,0,0,order,1
1666495819,297743,521,1310.7055351985052,1,True,True,1561,False,12964,3994,45892634,174524449,45893391,174523379,0,0,1666409256,86563,distance_to_pickup,BATCH,hungarian,0,0,order,1
1666495819,314684,983,264.3709515056448,1,True,True,576,False,12964,3994,45876130,174591527,45876116,174591263,0,0,1666409268,86551,distance_to_pickup,BATCH,hungarian,0,0,order,1
1666495819,429183,712,7612.219715693971,1,True,True,3435,False,12964,3994,45921904,174566668,45924424,174573851,0,0,1666409272,86547,distance_to_pickup,BATCH,hungarian,0,0,order,1
1666495819,336629,3364,685.440734126591,1,True,True,2258,False,12964,3994,45905781,174531306,45906116,174531904,0,0,1666409290,86529,distance_to_pickup,BATCH,hungarian,0,0,order,1
1666495819,179086,1587,368.89700459613385,1,True,True,279,False,12964,3994,45907695,174525727,45907969,174525480,0,0,1666409296,86523,distance_to_pickup,BATCH,hungarian,0,0,order,1
1666495819,269470,4216,38.28837943815329,1,True,True,605,False,12964,3994,45892634,174524449,45892605,174524424,0,0,1666409304,86515,distance_to_pickup,BATCH,hungarian,0,0,order,1
1666495819,246546,674,1736.7109719236532,1,True,True,970,False,12964,3994,45830923,174549346,45831722,174550888,0,0,1666409310,86509,distance_to_pickup,BATCH,hungarian,0,0,order,1
1666495819,78522,1813,161.5239920259526,1,True,True,1599,False,12964,3994,45871182,174595934,45871289,174595813,0,0,1666409316,86503,distance_to_pickup,BATCH,hungarian,0,0,order,1
1666495819,30892,1537,2558.6428043007486,1,True,True,3032,False,12964,3994,45836714,174540249,45838732,174538676,0,0,1666409321,86498,distance_to_pickup,BATCH,hungarian,0,0,order,1
1666495819,518428,1129,27172.55138922365,1,True,True,4381,False,12964,3994,45849644,174599543,45824487,174609813,0,0,1666409331,86488,distance_to_pickup,BATCH,hungarian,0,0,order,1
1666495819,339459,4282,1107.2488428533127,1,True,True,3280,False,12964,3994,45876179,174591689,45876499,174592749,0,0,1666409335,86484,distance_to_pickup,BATCH,hungarian,0,0,order,1
1666495819,157852,3036,505.3652144736517,1,True,True,1150,False,12964,3994,45889287,174556818,45889774,174556953,0,0,1666409348,86471,distance_to_pickup,BATCH,hungarian,0,0,order,1
1666495819,30894,1566,1692.1140623492258,1,True,True,3281,False,12964,3994,45897763,174541033,45896826,174542442,0,0,1666409350,86469,distance_to_pickup,BATCH,hungarian,0,0,order,1
1666495819,518429,4205,6449.162736355782,1,True,True,3247,False,12964,3994,45822976,174546904,45819316,174541594,0,0,1666409350,86469,distance_to_pickup,BATCH,hungarian,0,0,order,1
1666495819,43828,571,128.3160161476345,1,True,True,2861,False,12964,3994,45862956,174525742,45862859,174525658,0,0,1666409355,86464,distance_to_pickup,BATCH,hungarian,0,0,order,1
1666495819,229074,3752,3050.497828224108,1,True,True,1460,False,12964,3994,45888941,174525234,45888742,174522190,0,0,1666409358,86461,distance_to_pickup,BATCH,hungarian,0,0,order,1
1666495819,91027,4238,1282.2987171482314,1,True,True,915,False,12964,3994,45890833,174546720,45892002,174547247,0,0,1666409359,86460,distance_to_pickup,BATCH,hungarian,0,0,order,1
1666495819,303377,3797,320.2030605725061,1,True,True,436,False,12964,3994,45879217,174648910,45879126,174648603,0,0,1666409359,86460,distance_to_pickup,BATCH,hungarian,0,0,order,1
1666495819,314690,4561,908.0022026405002,1,True,True,1870,False,12964,3994,45856607,174536801,45857515,174536803,0,0,1666409360,86459,distance_to_pickup,BATCH,hungarian,0,0,order,1
1666495819,353367,495,99.12618221237011,1,True,True,1146,False,12964,3994,45888561,174571873,45888660,174571868,0,0,1666409361,86458,distance_to_pickup,BATCH,hungarian,0,0,order,1
1666495819,234917,1834,12421.20316233496,1,True,True,1284,False,12964,3994,45903642,174618451,45911630,174627963,0,0,1666409361,86458,distance_to_pickup,BATCH,hungarian,0,0,order,1
1666495819,494995,1701,3815.8535087185933,1,True,True,1951,False,12964,3994,45861721,174510844,45865218,174512371,0,0,1666409363,86456,distance_to_pickup,BATCH,hungarian,0,0,order,1
1666495819,560020,1471,1093.1248785019943,1,True,True,2508,False,12964,3994,45912375,174588451,45912914,174589402,0,0,1666409364,86455,distance_to_pickup,BATCH,hungarian,0,0,order,1
1666495819,292094,499,265.5729654915952,1,True,True,193,False,12964,3994,45767431,174572306,45767526,174572058,0,0,1666409364,86455,distance_to_pickup,BATCH,hungarian,0,0,order,1
1666495819,208578,137,984.6303875058904,1,True,True,1554,False,12964,3994,45878066,174592040,45877242,174592579,0,0,1666409366,86453,distance_to_pickup,BATCH,hungarian,0,0,order,1
1666495819,353369,3903,3695.2760384036264,1,True,True,1084,False,12964,3994,45887214,174569618,45883761,174570934,0,0,1666409366,86453,distance_to_pickup,BATCH,hungarian,0,0,order,1
1666495819,18154,505,1254.2025354782218,1,True,True,304,False,12964,3994,45846710,174587330,45847250,174588462,0,0,1666409366,86453,distance_to_pickup,BATCH,hungarian,0,0,order,1
1666495819,345048,2927,3686.3407330305213,1,True,True,3280,False,12964,3994,45876179,174591689,45878047,174588511,0,0,1666409366,86453,distance_to_pickup,BATCH,hungarian,0,0,order,1
1666495819,497569,3564,196.02295783912658,1,True,True,1102,False,12964,3994,45897286,174566670,45897090,174566673,0,0,1666409367,86452,distance_to_pickup,BATCH,hungarian,0,0,order,1
1666495819,217527,3871,168.57639217873896,1,True,True,676,False,12964,3994,45856303,174570803,45856346,174570966,0,0,1666409368,86451,distance_to_pickup,BATCH,hungarian,0,0,order,1
1666495819,562591,4564,157.0,1,True,True,2142,False,12964,3994,45867468,174606483,45867600,174606398,0,0,1666409368,86451,distance_to_pickup,BATCH,hungarian,0,0,order,1
1666495819,415943,1362,4680.490252099667,1,True,True,2050,False,12964,3994,45905781,174531306,45907256,174535748,0,0,1666409368,86451,distance_to_pickup,BATCH,hungarian,0,0,order,1
1666495819,471654,1923,12267.18525171932,1,True,True,148,False,12964,3994,45853157,174526317,45845210,174516972,0,0,1666409369,86450,distance_to_pickup,BATCH,hungarian,0,0,order,1
1666495819,415941,4769,576.0564208478194,1,True,True,911,False,12964,3994,45915796,174584856,45916116,174584377,0,0,1666409369,86450,distance_to_pickup,BATCH,hungarian,0,0,order,1
1666495819,408007,3547,48.373546489791295,1,True,True,4773,False,12964,3994,45878764,174634781,45878788,174634823,0,0,1666409370,86449,distance_to_pickup,BATCH,hungarian,0,0,order,1
1666495819,309067,4538,2381.0638378674353,1,True,True,1489,False,12964,3994,45884742,174633571,45885218,174631238,0,0,1666409370,86449,distance_to_pickup,BATCH,hungarian,0,0,order,1
1666495819,418680,2296,4996.628063004089,1,True,True,2670,False,12964,3994,45861912,174593206,45865028,174589300,0,0,1666409370,86449,distance_to_pickup,BATCH,hungarian,0,0,order,1
1666495819,450718,2984,163.93291310777101,1,True,True,2037,False,12964,3994,45878181,174548264,45878274,174548399,0,0,1666409372,86447,distance_to_pickup,BATCH,hungarian,0,0,order,1
1666495819,325708,3037,976.4015567378003,1,True,True,3037,True,12964,3994,46055840,174953530,46056324,174954378,0,0,1666409372,86447,distance_to_pickup,BATCH,hungarian,0,0,order,1
1666495819,294953,4872,360.8171281965422,1,True,True,1936,False,12964,3994,45858846,174555981,45858504,174556096,0,0,1666409372,86447,distance_to_pickup,BATCH,hungarian,0,0,order,1
1666495819,182044,3442,550.0909015790027,1,True,True,2889,False,12964,3994,45907695,174525727,45908189,174525969,0,0,1666409373,86446,distance_to_pickup,BATCH,hungarian,0,0,order,1
1666495819,453247,2992,5568.401296602105,1,True,True,730,False,12964,3994,45900662,174591528,45905364,174594511,0,0,1666409374,86445,distance_to_pickup,BATCH,hungarian,0,0,order,1
1666495819,461073,3827,963.9113029734634,1,True,True,873,False,12964,3994,45878778,174633418,45878968,174632473,0,0,1666409374,86445,distance_to_pickup,BATCH,hungarian,0,0,order,1
1666495819,130645,644,1936.797356462467,1,True,True,1975,False,12964,3994,46061425,174935342,46062353,174933642,0,0,1666409375,86444,distance_to_pickup,BATCH,hungarian,0,0,order,1
1666495819,297746,3118,1134.003968247025,1,True,True,2755,False,12964,3994,46043224,174938503,46042741,174937477,0,0,1666409375,86444,distance_to_pickup,BATCH,hungarian,0,0,order,1
1666495819,445289,1152,639.2495600311353,1,True,True,1217,False,12964,3994,46050687,174947859,46050231,174948307,0,0,1666409376,86443,distance_to_pickup,BATCH,hungarian,0,0,order,1
1666495819,258028,4056,601.0532422339971,1,True,True,253,False,12964,3994,45902189,174581444,45901588,174581436,0,0,1666409377,86442,distance_to_pickup,BATCH,hungarian,0,0,order,1
1666495819,361699,1756,295.8952517361507,1,True,True,901,False,12964,3994,45908667,174566558,45908644,174566263,0,0,1666409377,86442,distance_to_pickup,BATCH,hungarian,0,0,order,1
1666495819,434623,1734,142.44297104455524,1,True,True,258,False,12964,3994,45868670,174545730,45868537,174545781,0,0,1666409377,86442,distance_to_pickup,BATCH,hungarian,0,0,order,1
1666495819,269471,1681,460.82534652512334,1,True,True,2725,False,12964,3994,45885924,174544947,45885730,174545365,0,0,1666409378,86441,distance_to_pickup,BATCH,hungarian,0,0,order,1
1666495819,237837,1205,2466.4827183663783,1,True,True,2653,False,12964,3994,45859810,174537670,45858486,174539751,0,0,1666409378,86441,distance_to_pickup,BATCH,hungarian,0,0,order,1
1666495819,266573,901,701.6224055715438,1,True,True,2144,False,12964,3994,45901257,174555664,45900664,174556039,0,0,1666409378,86441,distance_to_pickup,BATCH,hungarian,0,0,order,1
1666495819,562590,710,1922.920955213708,1,True,True,4037,False,12964,3994,45853067,174525046,45852904,174523130,0,0,1666409378,86441,distance_to_pickup,BATCH,hungarian,0,0,order,1
1666495819,243604,3264,400.67068772247364,1,True,True,3311,False,12964,3994,46047164,174935275,46046775,174935371,0,0,1666409378,86441,distance_to_pickup,BATCH,hungarian,0,0,order,1
1666495819,508051,2384,244.3215094910802,1,True,True,1812,False,12964,3994,46049988,174948019,46050170,174948182,0,0,1666409379,86440,distance_to_pickup,BATCH,hungarian,0,0,order,1
1666495819,331172,4272,10103.414274392593,1,True,True,4129,False,12964,3994,45869978,174653819,45873384,174663331,0,0,1666409379,86440,distance_to_pickup,BATCH,hungarian,0,0,order,1
1666495819,2060,3484,2434.39520209846,1,True,True,1497,False,12964,3994,45863417,174583636,45864711,174585698,0,0,1666409379,86440,distance_to_pickup,BATCH,hungarian,0,0,order,1
1666495819,133644,787,311.4161203277698,1,True,True,1793,False,12964,3994,45902130,174579820,45902054,174579518,0,0,1666409379,86440,distance_to_pickup,BATCH,hungarian,0,0,order,1
1666495819,275161,4228,1562.5635987056655,1,True,True,1724,False,12964,3994,45919180,174541680,45917981,174540678,0,0,1666409387,86432,distance_to_pickup,BATCH,hungarian,0,0,order,1
1666495819,466429,1545,18773.395457401944,1,True,True,320,False,12964,3994,46043095,174958902,46029284,174971618,0,0,1666409395,86424,distance_to_pickup,BATCH,hungarian,0,0,order,1
1666495819,421234,4232,2019.0577010080717,1,True,True,358,False,12964,3994,45885084,174594713,45886229,174596376,0,0,1666409398,86421,distance_to_pickup,BATCH,hungarian,0,0,order,1
1666495819,336872,2308,233.03433223454437,1,True,True,2720,False,12964,3994,45857909,174536393,45858052,174536577,0,0,1666444498,51321,distance_to_pickup,BATCH,hungarian,0,0,order,1
1666495819,490090,254,352.29533065313257,1,True,True,190,False,12964,3994,45855249,174592238,45854905,174592314,0,0,1666445973,49846,distance_to_pickup,BATCH,hungarian,0,0,order,1
1666495819,238194,2016,422.21440051234634,1,True,True,2696,False,12964,3994,45886290,174556950,45886238,174557369,0,0,1666492105,3714,distance_to_pickup,BATCH,hungarian,0,0,order,1
1666495819,173394,4704,431.07423954581185,1,True,True,3863,False,12964,3994,45888574,174544733,45888461,174544317,0,0,1666493787,2032,distance_to_pickup,BATCH,hungarian,0,0,order,1
1666495819,85171,4335,7532.578111111759,1,True,True,2615,False,12964,3994,45861721,174510844,45866199,174504787,0,0,1666493875,1944,distance_to_pickup,BATCH,hungarian,0,0,order,1
1666495819,208956,2936,418.6466290321708,1,True,True,2535,False,12964,3994,45859760,174565075,45859399,174564863,0,0,1666494035,1784,distance_to_pickup,BATCH,hungarian,0,0,order,1
1666495819,56936,1960,4445.738296391275,1,True,True,860,False,12964,3994,45898341,174541514,45900783,174545229,0,0,1666494117,1702,distance_to_pickup,BATCH,hungarian,0,0,order,1
1666495819,292479,2644,2292.955516358745,1,True,True,2097,False,12964,3994,45893993,174543514,45896220,174544060,0,0,1666494199,1620,distance_to_pickup,BATCH,hungarian,0,0,order,1
1666495819,31311,39,73.824115301167,1,True,True,523,False,12964,3994,45865962,174600642,45865997,174600577,0,0,1666494443,1376,distance_to_pickup,BATCH,hungarian,0,0,order,1
1666495819,410972,3782,1271.927670899568,1,True,True,66,False,12964,3994,45885757,174583286,45886463,174584344,0,0,1666494600,1219,distance_to_pickup,BATCH,hungarian,0,0,order,1
1666495819,208982,3298,989.9535342630986,1,True,True,1636,False,12964,3994,45869838,174579770,45870540,174580468,0,0,1666494661,1158,distance_to_pickup,BATCH,hungarian,0,0,order,1
1666495819,331530,98,1552.9922730007384,1,True,True,3647,False,12964,3994,45843025,174581271,45843782,174579915,0,0,1666494680,1139,distance_to_pickup,BATCH,hungarian,0,0,order,1
1666495819,364882,4201,2159.4281650474045,1,True,True,181,False,12964,3994,45878561,174594510,45877218,174592819,0,0,1666494736,1083,distance_to_pickup,BATCH,hungarian,0,0,order,1
1666495819,529292,794,371.7041834577599,1,True,True,2041,False,12964,3994,45873188,174570382,45872830,174570282,0,0,1666494737,1082,distance_to_pickup,BATCH,hungarian,0,0,order,1
1666495819,419036,4071,103.87011119662864,1,True,True,545,False,12964,3994,45859839,174579415,45859934,174579457,0,0,1666494747,1072,distance_to_pickup,BATCH,hungarian,0,0,order,1
1666495819,8897,3403,777.5120577843151,1,True,True,1197,False,12964,3994,45863081,174558161,45862795,174558884,0,0,1666494747,1072,distance_to_pickup,BATCH,hungarian,0,0,order,1
1666495819,471995,2244,518.3454446602188,1,True,True,597,False,12964,3994,45821950,174527737,45822209,174528186,0,0,1666494762,1057,distance_to_pickup,BATCH,hungarian,0,0,order,1
1666495819,131027,1373,1661.3298889744926,1,True,True,358,False,12964,3994,45889950,174571920,45890846,174570521,0,0,1666494812,1007,distance_to_pickup,BATCH,hungarian,0,0,order,1
1666495819,25026,2716,3084.7262439315423,1,True,True,1510,False,12964,3994,45899570,174535990,45902626,174535570,0,0,1666494823,996,distance_to_pickup,BATCH,hungarian,0,0,order,1
1666495819,217930,1005,81.93900170248598,1,True,True,3498,False,12964,3994,45890355,174553363,45890430,174553330,0,0,1666494874,945,distance_to_pickup,BATCH,hungarian,0,0,order,1
1666495819,197078,2661,1900.747747598297,1,True,True,1678,False,12964,3994,45819916,174522889,45818027,174523100,0,0,1666494897,922,distance_to_pickup,BATCH,hungarian,0,0,order,1
1666495819,434965,1940,137.92751719653333,1,True,True,1647,False,12964,3994,45879681,174650527,45879613,174650647,0,0,1666494920,899,distance_to_pickup,BATCH,hungarian,0,0,order,1
1666495819,131039,698,124.61942063739504,1,True,True,1076,False,12964,3994,45863177,174583757,45863278,174583830,0,0,1666494926,893,distance_to_pickup,BATCH,hungarian,0,0,order,1
1666495819,434963,76,1256.2714674782676,1,True,True,1836,False,12964,3994,45830427,174573700,45829414,174574443,0,0,1666494927,892,distance_to_pickup,BATCH,hungarian,0,0,order,1
1666495819,258405,1052,1633.4420712103629,1,True,True,1267,False,12964,3994,45839409,174614032,45837787,174614225,0,0,1666494934,885,distance_to_pickup,BATCH,hungarian,0,0,order,1
1666495819,37738,202,716.9783818219347,1,True,True,1186,False,12964,3994,45868279,174552240,45868542,174552907,0,0,1666494941,878,distance_to_pickup,BATCH,hungarian,0,0,order,1
1666495819,50675,3299,714.5642028537394,1,True,True,3141,False,12964,3994,45859810,174537670,45859511,174538319,0,0,1666494947,872,distance_to_pickup,BATCH,hungarian,0,0,order,1
1666495819,241119,3102,1089.1326824588452,1,True,True,3622,False,12964,3994,45840538,174580876,45841627,174580893,0,0,1666494952,867,distance_to_pickup,BATCH,hungarian,0,0,order,1
1666495819,25021,1163,140.65560778013793,1,True,True,1163,True,12964,3994,45910860,174539665,45910738,174539735,0,0,1666494981,838,distance_to_pickup,BATCH,hungarian,0,0,order,1
1666495819,383869,3808,4694.141135500721,1,True,True,916,False,12964,3994,45842390,174575013,45847010,174574182,0,0,1666494983,836,distance_to_pickup,BATCH,hungarian,0,0,order,1
1666495819,416290,3227,46.010868281309364,1,True,True,2996,False,12964,3994,45869829,174606597,45869828,174606643,0,0,1666494986,833,distance_to_pickup,BATCH,hungarian,0,0,order,1
1666495819,448369,4290,3774.5341434407505,1,True,True,2814,False,12964,3994,45865230,174583102,45867612,174586030,0,0,1666494992,827,distance_to_pickup,BATCH,hungarian,0,0,order,1
1666495819,25024,2838,1033.7823755510635,1,True,True,2589,False,12964,3994,45854960,174528670,45855185,174529679,0,0,1666494994,825,distance_to_pickup,BATCH,hungarian,0,0,order,1
1666495819,272667,1799,255.78311124857325,1,True,True,4432,False,12964,3994,45859969,174536490,45860224,174536470,0,0,1666494997,822,distance_to_pickup,BATCH,hungarian,0,0,order,1
1666495819,560346,4708,7346.734308521031,1,True,True,1836,False,12964,3994,45830427,174573700,45823091,174574097,0,0,1666495011,808,distance_to_pickup,BATCH,hungarian,0,0,order,1
1666495819,72642,598,1655.7324663121153,1,True,True,829,False,12964,3994,45873188,174570382,45871677,174569705,0,0,1666495011,808,distance_to_pickup,BATCH,hungarian,0,0,order,1
1666495819,37753,460,263.1539473388153,1,True,True,104,False,12964,3994,45863177,174583757,45863278,174584000,0,0,1666495025,794,distance_to_pickup,BATCH,hungarian,0,0,order,1
1666495819,37741,1705,123.98790263570072,1,True,True,2486,False,12964,3994,45879427,174650494,45879334,174650576,0,0,1666495028,791,distance_to_pickup,BATCH,hungarian,0,0,order,1
1666495819,60114,2140,1932.9813760096085,1,True,True,1267,False,12964,3994,45848100,174609236,45847976,174611165,0,0,1666495054,765,distance_to_pickup,BATCH,hungarian,0,0,order,1
1666495819,356507,3249,3484.7589586655777,1,True,True,2222,False,12964,3994,45898930,174540898,45902309,174540046,0,0,1666495055,764,distance_to_pickup,BATCH,hungarian,0,0,order,1
1666495819,203007,4847,1234.3974238469555,1,True,True,1818,False,12964,3994,45885757,174583286,45886528,174584250,0,0,1666495057,762,distance_to_pickup,BATCH,hungarian,0,0,order,1
1666495819,359278,1805,267.3200329193456,1,True,True,1805,True,12964,3994,45889840,174578120,45890032,174578306,0,0,1666495092,727,distance_to_pickup,BATCH,hungarian,0,0,order,1
1666495819,202997,2720,1853.5708780621258,1,True,True,4432,False,12964,3994,45859969,174536490,45858116,174536536,0,0,1666495096,723,distance_to_pickup,BATCH,hungarian,0,0,order,1
1666495819,286957,1939,8945.127947659552,1,True,True,3410,False,12964,3994,46058597,174935296,46062132,174927079,0,0,1666495102,717,distance_to_pickup,BATCH,hungarian,0,0,order,1
1666495819,416301,1869,1000.0824965971557,1,True,True,4034,False,12964,3994,45856922,174571146,45857900,174571355,0,0,1666495106,713,distance_to_pickup,BATCH,hungarian,0,0,order,1
1666495819,188313,427,6368.046482242416,1,True,True,4280,False,12964,3994,45849548,174566661,45845844,174561481,0,0,1666495109,710,distance_to_pickup,BATCH,hungarian,0,0,order,1
1666495819,137110,185,140.91131963046828,1,True,True,1636,False,12964,3994,45869838,174579770,45869854,174579910,0,0,1666495113,706,distance_to_pickup,BATCH,hungarian,0,0,order,1
1666495819,66398,250,2340.279684140338,1,True,True,1510,False,12964,3994,45899570,174535990,45901660,174537043,0,0,1666495132,687,distance_to_pickup,BATCH,hungarian,0,0,order,1
1666495819,531920,1843,110.06361796706484,1,True,True,3618,False,12964,3994,45885470,174582629,45885503,174582734,0,0,1666495138,681,distance_to_pickup,BATCH,hungarian,0,0,order,1
1666495819,362090,1959,98.08159868191383,1,True,True,1959,True,12964,3994,45889748,174535576,45889744,174535674,0,0,1666495147,672,distance_to_pickup,BATCH,hungarian,0,0,order,1
1666495819,342634,3236,127.09838708654017,1,True,True,2638,False,12964,3994,45877817,174635740,45877690,174635745,0,0,1666495149,670,distance_to_pickup,BATCH,hungarian,0,0,order,1
1666495819,235321,366,307.08467887538774,1,True,True,2072,False,12964,3994,45858863,174570796,45858793,174570497,0,0,1666495152,667,distance_to_pickup,BATCH,hungarian,0,0,order,1
1666495819,345431,1637,1765.611791985996,1,True,True,1902,False,12964,3994,45832673,174539284,45833654,174540752,0,0,1666495171,648,distance_to_pickup,BATCH,hungarian,0,0,order,1
1666495819,146259,3658,925.6954142697261,1,True,True,70,False,12964,3994,45843148,174565243,45842224,174565299,0,0,1666495177,642,distance_to_pickup,BATCH,hungarian,0,0,order,1
1666495819,320572,1871,714.3451546696457,1,True,True,2892,False,12964,3994,45853407,174602644,45853782,174602036,0,0,1666495180,639,distance_to_pickup,BATCH,hungarian,0,0,order,1
1666495819,88327,3684,663.7017402418047,1,True,True,1112,False,12964,3994,45890235,174596843,45890849,174597095,0,0,1666495188,631,distance_to_pickup,BATCH,hungarian,0,0,order,1
1666495819,37760,3885,190.53870997778904,1,True,True,122,False,12964,3994,45887526,174577045,45887599,174576869,0,0,1666495188,631,distance_to_pickup,BATCH,hungarian,0,0,order,1
1666495819,336964,488,129.98846102635417,1,True,True,2852,False,12964,3994,45909053,174531061,45909182,174531045,0,0,1666495189,630,distance_to_pickup,BATCH,hungarian,0,0,order,1
1666495819,53843,3863,194.07730418572905,1,True,True,723,False,12964,3994,45893075,174549043,45892930,174548914,0,0,1666495191,628,distance_to_pickup,BATCH,hungarian,0,0,order,1
1666495819,124876,1107,6313.33295494543,1,True,True,970,False,12964,3994,45849298,174548682,45844596,174544469,0,0,1666495199,620,distance_to_pickup,BATCH,hungarian,0,0,order,1
1666495819,50681,17,2852.1577796468414,1,True,True,2528,False,12964,3994,45895642,174591283,45896590,174593973,0,0,1666495199,620,distance_to_pickup,BATCH,hungarian,0,0,order,1
1666495819,217931,1674,2234.7914891550845,1,True,True,248,False,12964,3994,45923690,174524047,45922648,174526024,0,0,1666495200,619,distance_to_pickup,BATCH,hungarian,0,0,order,1
1666495819,97629,3010,176.32356620712955,1,True,True,4163,False,12964,3994,45873748,174550525,45873791,174550354,0,0,1666495209,610,distance_to_pickup,BATCH,hungarian,0,0,order,1
1666495819,381183,3391,2084.7738486464186,1,True,True,3648,False,12964,3994,45878846,174633913,45876817,174633434,0,0,1666495212,607,distance_to_pickup,BATCH,hungarian,0,0,order,1
1666495819,464087,2106,570.0219294027204,1,True,True,2170,False,12964,3994,45905950,174530458,45906505,174530328,0,0,1666495219,600,distance_to_pickup,BATCH,hungarian,0,0,order,1
1666495819,72659,1001,137.37903770226373,1,True,True,569,False,12964,3994,45859860,174572320,45859788,174572203,0,0,1666495219,600,distance_to_pickup,BATCH,hungarian,0,0,order,1
1666495819,309393,4346,74.73285756613352,1,True,True,3280,False,12964,3994,45871088,174595409,45871161,174595393,0,0,1666495227,592,distance_to_pickup,BATCH,hungarian,0,0,order,1
1666495819,66412,2573,1527.7813979755088,1,True,True,2588,False,12964,3994,45894347,174586087,45892851,174586397,0,0,1666495231,588,distance_to_pickup,BATCH,hungarian,0,0,order,1
1666495819,121905,3624,161.9783936208777,1,True,True,1506,False,12964,3994,45877058,174535931,45876924,174536022,0,0,1666495232,587,distance_to_pickup,BATCH,hungarian,0,0,order,1
1666495819,50682,2397,12512.71737073926,1,True,True,2076,False,12964,3994,45881725,174512645,45891145,174504409,0,0,1666495244,575,distance_to_pickup,BATCH,hungarian,0,0,order,1
1666495819,226608,1397,2407.349579932254,1,True,True,3142,False,12964,3994,45872712,174532279,45872208,174529925,0,0,1666495253,566,distance_to_pickup,BATCH,hungarian,0,0,order,1
1666495819,524049,3234,6380.9598807702905,1,True,True,315,False,12964,3994,45822976,174546904,45819483,174541564,0,0,1666495264,555,distance_to_pickup,BATCH,hungarian,0,0,order,1
1666495819,500569,3124,4832.360189389859,1,True,True,248,False,12964,3994,45923690,174524047,45919789,174526899,0,0,1666495268,551,distance_to_pickup,BATCH,hungarian,0,0,order,1
1666495819,37759,3432,330.9289954053588,1,True,True,1302,False,12964,3994,45873149,174546024,45873382,174546259,0,0,1666495274,545,distance_to_pickup,BATCH,hungarian,0,0,order,1
1666495819,440346,3588,598.3585881392528,1,True,True,387,False,12964,3994,45876917,174545592,45877225,174545079,0,0,1666495277,542,distance_to_pickup,BATCH,hungarian,0,0,order,1
1666495819,466779,1267,5231.605872005268,1,True,True,190,False,12964,3994,45838275,174623439,45838557,174618215,0,0,1666495277,542,distance_to_pickup,BATCH,hungarian,0,0,order,1
1666495819,513655,1736,2113.4450548807745,1,True,True,3365,False,12964,3994,45855686,174590740,45854429,174592439,0,0,1666495279,540,distance_to_pickup,BATCH,hungarian,0,0,order,1
1666495819,542283,1750,2408.572191153921,1,True,True,4355,False,12964,3994,45854391,174579922,45853689,174582226,0,0,1666495281,538,distance_to_pickup,BATCH,hungarian,0,0,order,1
1666495819,28177,3019,684.6845989212843,1,True,True,1076,False,12964,3994,45870535,174576761,45870842,174576149,0,0,1666495285,534,distance_to_pickup,BATCH,hungarian,0,0,order,1
1666495819,353730,3248,1258.1434735355106,1,True,True,1631,False,12964,3994,45865669,174573813,45864456,174574147,0,0,1666495285,534,distance_to_pickup,BATCH,hungarian,0,0,order,1
1666495819,518784,1043,2363.6074124101065,1,True,True,1908,False,12964,3994,45859560,174538294,45858548,174540430,0,0,1666495290,529,distance_to_pickup,BATCH,hungarian,0,0,order,1
1666495819,531917,3985,287.544779121444,1,True,True,1173,False,12964,3994,45874835,174545439,45874774,174545158,0,0,1666495301,518,distance_to_pickup,BATCH,hungarian,0,0,order,1
1666495819,370304,3387,196.72569735548024,1,True,True,1004,False,12964,3994,45876249,174545791,45876150,174545961,0,0,1666495312,507,distance_to_pickup,BATCH,hungarian,0,0,order,1
1666495819,477243,2334,3512.2314843984873,1,True,True,2999,False,12964,3994,45769700,174585559,45771881,174582806,0,0,1666495312,507,distance_to_pickup,BATCH,hungarian,0,0,order,1
1666495819,432269,3603,8542.929708244123,1,True,True,2093,False,12964,3994,45830427,174573700,45821895,174574132,0,0,1666495314,505,distance_to_pickup,BATCH,hungarian,0,0,order,1
1666495819,69487,4827,843.7067025927909,1,True,True,2984,False,12964,3994,45874835,174545439,45874439,174544694,0,0,1666495324,495,distance_to_pickup,BATCH,hungarian,0,0,order,1
1666495819,115871,4219,569.7595984272665,1,True,True,2788,False,12964,3994,45861150,174531570,45861295,174531019,0,0,1666495327,492,distance_to_pickup,BATCH,hungarian,0,0,order,1
1666495819,513656,2736,123.8587905640936,1,True,True,1237,False,12964,3994,45879274,174648294,45879159,174648340,0,0,1666495328,491,distance_to_pickup,BATCH,hungarian,0,0,order,1
1666495819,312259,2560,171.1724276862369,1,True,True,1752,False,12964,3994,45870339,174557663,45870509,174557683,0,0,1666495332,487,distance_to_pickup,BATCH,hungarian,0,0,order,1
1666495819,389357,2034,1131.6717722025235,1,True,True,1425,False,12964,3994,45866706,174606659,45865786,174607318,0,0,1666495332,487,distance_to_pickup,BATCH,hungarian,0,0,order,1
1666495819,63170,4114,864.3540941072704,1,True,True,222,False,12964,3994,45873642,174606877,45874404,174606469,0,0,1666495334,485,distance_to_pickup,BATCH,hungarian,0,0,order,1
1666495819,342636,1371,195.78048932414077,1,True,True,1303,False,12964,3994,45864643,174560225,45864834,174560268,0,0,1666495334,485,distance_to_pickup,BATCH,hungarian,0,0,order,1
1666495819,179484,1643,2207.9311583471076,1,True,True,1720,False,12964,3994,45902605,174583980,45904793,174583684,0,0,1666495337,482,distance_to_pickup,BATCH,hungarian,0,0,order,1
1666495819,350880,1713,747.7760359893863,1,True,True,1076,False,12964,3994,45869838,174579770,45870538,174579507,0,0,1666495337,482,distance_to_pickup,BATCH,hungarian,0,0,order,1
1666495819,492778,259,297.1077245714086,1,True,True,3674,False,12964,3994,45859790,174593540,45860078,174593467,0,0,1666495339,480,distance_to_pickup,BATCH,hungarian,0,0,order,1
1666495819,331542,3013,2189.360637263765,1,True,True,2297,False,12964,3994,45861721,174510844,45861159,174512960,0,0,1666495341,478,distance_to_pickup,BATCH,hungarian,0,0,order,1
1666495819,229452,1607,552.0,1,True,True,1657,False,12964,3994,45856019,174599580,45855467,174599580,0,0,1666495341,478,distance_to_pickup,BATCH,hungarian,0,0,order,1
1666495819,226611,4106,365.4928179868929,1,True,True,2770,False,12964,3994,45885082,174594249,45885446,174594282,0,0,1666495343,476,distance_to_pickup,BATCH,hungarian,0,0,order,1
1666495819,238211,823,262.5147614897113,1,True,True,1790,False,12964,3994,45898385,174566400,45898268,174566635,0,0,1666495344,475,distance_to_pickup,BATCH,hungarian,0,0,order,1
1666495819,458810,1535,814.946010481676,1,True,True,4006,False,12964,3994,45863552,174573541,45863288,174572770,0,0,1666495347,472,distance_to_pickup,BATCH,hungarian,0,0,order,1
1666495819,565404,4621,214.55535416297585,1,True,True,1373,False,12964,3994,45897028,174566686,45896943,174566489,0,0,1666495348,471,distance_to_pickup,BATCH,hungarian,0,0,order,1
1666495819,258413,1700,2098.458720108642,1,True,True,932,False,12964,3994,45821903,174523242,45823418,174521790,0,0,1666495356,463,distance_to_pickup,BATCH,hungarian,0,0,order,1
1666495819,103856,1691,966.5283234339281,1,True,True,1541,False,12964,3994,45863303,174559942,45864239,174559701,0,0,1666495370,449,distance_to_pickup,BATCH,hungarian,0,0,order,1
1666495819,429554,4655,5823.348349532252,1,True,True,2661,False,12964,3994,45819685,174525722,45819910,174531541,0,0,1666495373,446,distance_to_pickup,BATCH,hungarian,0,0,order,1
1666495819,50684,679,2304.1701326073994,1,True,True,3899,False,12964,3994,45891238,174600888,45889878,174602748,0,0,1666495374,445,distance_to_pickup,BATCH,hungarian,0,0,order,1
1666495819,5629,1365,228.60008748904713,1,True,True,2017,False,12964,3994,45905850,174529930,45906077,174529957,0,0,1666495374,445,distance_to_pickup,BATCH,hungarian,0,0,order,1
1666495819,392071,4461,99.04039579888602,1,True,True,2864,False,12964,3994,45896259,174552883,45896356,174552863,0,0,1666495376,443,distance_to_pickup,BATCH,hungarian,0,0,order,1
1666495819,91453,1060,7414.491014223431,1,True,True,3088,False,12964,3994,45849298,174548682,45843824,174543681,0,0,1666495381,438,distance_to_pickup,BATCH,hungarian,0,0,order,1
1666495819,497942,4696,685.3502754066711,1,True,True,1190,False,12964,3994,45846024,174556454,45846067,174557138,0,0,1666495383,436,distance_to_pickup,BATCH,hungarian,0,0,order,1
1666495819,281300,4230,1560.3848884169572,1,True,True,2652,False,12964,3994,45875538,174607081,45876139,174608521,0,0,1666495388,431,distance_to_pickup,BATCH,hungarian,0,0,order,1
1666495819,21744,1036,2758.6097948060724,1,True,True,2343,False,12964,3994,45841850,174559905,45841908,174557147,0,0,1666495390,429,distance_to_pickup,BATCH,hungarian,0,0,order,1
1666495819,28183,2459,4152.039017157715,1,True,True,2459,True,12964,3994,45910068,174566428,45914220,174566410,0,0,1666495395,424,distance_to_pickup,BATCH,hungarian,0,0,order,1
1666495819,12165,1697,1241.0680883819389,1,True,True,2630,False,12964,3994,45889193,174615514,45888208,174616269,0,0,1666495403,416,distance_to_pickup,BATCH,hungarian,0,0,order,1
1666495819,21749,4396,2540.526323421979,1,True,True,2185,False,12964,3994,45765204,174560738,45763369,174558981,0,0,1666495407,412,distance_to_pickup,BATCH,hungarian,0,0,order,1
1666495819,197088,3327,5795.996290544016,1,True,True,2458,False,12964,3994,45849298,174548682,45845600,174544219,0,0,1666495410,409,distance_to_pickup,BATCH,hungarian,0,0,order,1
1666495819,405612,3776,1094.9310480573652,1,True,True,4432,False,12964,3994,45859969,174536490,45859176,174537245,0,0,1666495412,407,distance_to_pickup,BATCH,hungarian,0,0,order,1
1666495819,88328,4528,340.61708706405204,1,True,True,4051,False,12964,3994,45886242,174574272,45886070,174573978,0,0,1666495417,402,distance_to_pickup,BATCH,hungarian,0,0,order,1
1666495819,200064,3317,67.35725647619564,1,True,True,2212,False,12964,3994,45895692,174555686,45895671,174555622,0,0,1666495421,398,distance_to_pickup,BATCH,hungarian,0,0,order,1
1666495819,402924,3080,24785.2891853212,1,True,True,1725,False,12964,3994,45832351,174586291,45810267,174597543,0,0,1666495422,397,distance_to_pickup,BATCH,hungarian,0,0,order,1
1666495819,336971,3027,223.78561169118984,1,True,True,1276,False,12964,3994,45845467,174552526,45845263,174552434,0,0,1666495426,393,distance_to_pickup,BATCH,hungarian,0,0,order,1
1666495819,364893,2548,716.0405016477769,1,True,True,3064,False,12964,3994,45894039,174584286,45894254,174583603,0,0,1666495427,392,distance_to_pickup,BATCH,hungarian,0,0,order,1
1666495819,34580,972,1335.733880681328,1,True,True,1400,False,12964,3994,45858180,174555020,45857239,174554072,0,0,1666495428,391,distance_to_pickup,BATCH,hungarian,0,0,order,1
1666495819,235325,1320,3662.9060867021967,1,True,True,2902,False,12964,3994,45907023,174524424,45905683,174521015,0,0,1666495436,383,distance_to_pickup,BATCH,hungarian,0,0,order,1
1666495819,482464,3064,829.294881209332,1,True,True,215,False,12964,3994,45898127,174586315,45897596,174585678,0,0,1666495436,383,distance_to_pickup,BATCH,hungarian,0,0,order,1
1666495819,500566,2940,582.3847525476607,1,True,True,1494,False,12964,3994,45876639,174648544,45877215,174648458,0,0,1666495441,378,distance_to_pickup,BATCH,hungarian,0,0,order,1
1666495819,152268,2627,492.1077117867591,1,True,True,2053,False,12964,3994,45894303,174566613,45894676,174566292,0,0,1666495444,375,distance_to_pickup,BATCH,hungarian,0,0,order,1
1666495819,342638,73,147.13599151805107,1,True,True,3283,False,12964,3994,45871182,174595934,45871314,174595869,0,0,1666495453,366,distance_to_pickup,BATCH,hungarian,0,0,order,1
1666495819,289696,3496,1252.9596960796464,1,True,True,3496,True,12964,3994,45847745,174611413,45847243,174612561,0,0,1666495455,364,distance_to_pickup,BATCH,hungarian,0,0,order,1
1666495819,402929,386,117.78370006074695,1,True,True,1937,False,12964,3994,45832415,174584714,45832368,174584606,0,0,1666495455,364,distance_to_pickup,BATCH,hungarian,0,0,order,1
1666495819,34581,3424,123.17467272130257,1,True,True,77,False,12964,3994,45861055,174526796,45860951,174526862,0,0,1666495456,363,distance_to_pickup,BATCH,hungarian,0,0,order,1
1666495819,18567,3897,3856.5555875677455,1,True,True,2219,False,12964,3994,45842390,174575013,45844801,174572003,0,0,1666495460,359,distance_to_pickup,BATCH,hungarian,0,0,order,1
1666495819,292504,768,296.7456823611761,1,True,True,2102,False,12964,3994,45853326,174552997,45853373,174553290,0,0,1666495468,351,distance_to_pickup,BATCH,hungarian,0,0,order,1
1666495819,167417,1004,396.00505047284435,1,True,True,2829,False,12964,3994,45877161,174545529,45877397,174545211,0,0,1666495471,348,distance_to_pickup,BATCH,hungarian,0,0,order,1
1666495819,518779,1458,87.6184911990614,1,True,True,2724,False,12964,3994,45871167,174595947,45871113,174596016,0,0,1666495471,348,distance_to_pickup,BATCH,hungarian,0,0,order,1
1666495819,490164,4915,446.3059488736398,1,True,True,1459,False,12964,3994,45863303,174559942,45863693,174559725,0,0,1666495472,347,distance_to_pickup,BATCH,hungarian,0,0,order,1
1666495819,392068,1323,2421.9258865621796,1,True,True,745,False,12964,3994,45918960,174542590,45916778,174543641,0,0,1666495473,346,distance_to_pickup,BATCH,hungarian,0,0,order,1
1666495819,137115,1664,670.0634298333256,1,True,True,442,False,12964,3994,45890450,174529300,45889878,174529649,0,0,1666495473,346,distance_to_pickup,BATCH,hungarian,0,0,order,1
1666495819,211941,1582,1562.2599015528754,1,True,True,3558,False,12964,3994,45878778,174633418,45878862,174631858,0,0,1666495474,345,distance_to_pickup,BATCH,hungarian,0,0,order,1
1666495819,383880,3594,6416.620683817924,1,True,True,1603,False,12964,3994,45821510,174525370,45825920,174530031,0,0,1666495474,345,distance_to_pickup,BATCH,hungarian,0,0,order,1
1666495819,232367,2344,1285.7993622645797,1,True,True,1336,False,12964,3994,45874074,174536705,45874006,174537989,0,0,1666495475,344,distance_to_pickup,BATCH,hungarian,0,0,order,1
1666495819,249859,2693,51.86520991955976,1,True,True,160,False,12964,3994,45872830,174545360,45872813,174545409,0,0,1666495476,343,distance_to_pickup,BATCH,hungarian,0,0,order,1
1666495819,179489,2227,885.8154435321163,1,True,True,322,False,12964,3994,45819729,174523213,45818844,174523175,0,0,1666495477,342,distance_to_pickup,BATCH,hungarian,0,0,order,1
1666495819,375891,664,307.09281984442424,1,True,True,2271,False,12964,3994,45897286,174566670,45897061,174566461,0,0,1666495477,342,distance_to_pickup,BATCH,hungarian,0,0,order,1
1666495819,197092,2075,1984.5596488893952,1,True,True,765,False,12964,3994,45884767,174636672,45882818,174636298,0,0,1666495477,342,distance_to_pickup,BATCH,hungarian,0,0,order,1
1666495819,109843,820,35.34119409414458,1,True,True,2149,False,12964,3994,45921173,174542491,45921188,174542459,0,0,1666495478,341,distance_to_pickup,BATCH,hungarian,0,0,order,1
1666495819,353734,3545,908.8503727236954,1,True,True,1254,False,12964,3994,45872950,174581010,45873630,174581613,0,0,1666495479,340,distance_to_pickup,BATCH,hungarian,0,0,order,1
1666495819,547472,3549,492.15444730287663,1,True,True,777,False,12964,3994,46058320,174951463,46058174,174951933,0,0,1666495479,340,distance_to_pickup,BATCH,hungarian,0,0,order,1
1666495819,88329,3703,649.376624155813,1,True,True,791,False,12964,3994,45884767,174636672,45884598,174636045,0,0,1666495480,339,distance_to_pickup,BATCH,hungarian,0,0,order,1
1666495819,208990,1376,25.612496949731394,1,True,True,1839,False,12964,3994,45877124,174545442,45877104,174545426,0,0,1666495481,338,distance_to_pickup,BATCH,hungarian,0,0,order,1
1666495819,158267,2357,1357.5227438242057,1,True,True,2725,False,12964,3994,45890567,174547445,45890305,174548777,0,0,1666495484,335,distance_to_pickup,BATCH,hungarian,0,0,order,1
1666495819,203008,4058,3625.298884230099,1,True,True,4302,False,12964,3994,45859733,174584505,45861387,174587731,0,0,1666495484,335,distance_to_pickup,BATCH,hungarian,0,0,order,1
1666495819,474637,4147,326.4613300224086,1,True,True,4147,True,12964,3994,45859936,174535598,45859817,174535902,0,0,1666495485,334,distance_to_pickup,BATCH,hungarian,0,0,order,1
1666495819,557779,1380,1388.9002843976957,1,True,True,2446,False,12964,3994,45868424,174540142,45868474,174541530,0,0,1666495486,333,distance_to_pickup,BATCH,hungarian,0,0,order,1
1666495819,503215,1046,4202.25582276948,1,True,True,1936,False,12964,3994,45846888,174586904,45850803,174588431,0,0,1666495486,333,distance_to_pickup,BATCH,hungarian,0,0,order,1
1666495819,109842,3758,15248.741915318784,1,True,True,3727,False,12964,3994,45818178,174555891,45807745,174544770,0,0,1666495486,333,distance_to_pickup,BATCH,hungarian,0,0,order,1
1666495819,255515,4099,5834.489609211761,1,True,True,791,False,12964,3994,45884742,174633571,45890077,174631209,0,0,1666495486,333,distance_to_pickup,BATCH,hungarian,0,0,order,1
1666495819,203004,2760,2117.040386955336,1,True,True,2844,False,12964,3994,45865230,174583102,45865084,174585214,0,0,1666495487,332,distance_to_pickup,BATCH,hungarian,0,0,order,1
1666495819,300952,953,1527.378473070771,1,True,True,789,False,12964,3994,45885700,174525063,45885531,174526581,0,0,1666495487,332,distance_to_pickup,BATCH,hungarian,0,0,order,1
1666495819,518780,4895,580.6771908728635,1,True,True,695,False,12964,3994,45872650,174571340,45873225,174571259,0,0,1666495487,332,distance_to_pickup,BATCH,hungarian,0,0,order,1
1666495819,140170,1608,231.48650068632512,1,True,True,335,False,12964,3994,45879175,174650529,45878956,174650454,0,0,1666495494,325,distance_to_pickup,BATCH,hungarian,0,0,order,1
1666495819,375892,1714,340.5436829541843,1,True,True,3665,False,12964,3994,45894708,174566734,45894659,174566397,0,0,1666495505,314,distance_to_pickup,BATCH,hungarian,0,0,order,1
1666495819,531919,3828,108.37435120913067,1,True,True,2106,False,12964,3994,45905276,174543687,45905384,174543696,0,0,1666495506,313,distance_to_pickup,BATCH,hungarian,0,0,order,1
1666495819,539803,1308,4570.989608388975,1,True,True,1175,False,12964,3994,45872950,174581010,45874811,174585185,0,0,1666495506,313,distance_to_pickup,BATCH,hungarian,0,0,order,1
1666495819,161378,3553,1529.9163375818953,1,True,True,4537,False,12964,3994,45872453,174584718,45871965,174586168,0,0,1666495508,311,distance_to_pickup,BATCH,hungarian,0,0,order,1
1666495819,72654,3620,155.46382215808282,1,True,True,3230,False,12964,3994,45871180,174595520,45871192,174595675,0,0,1666495515,304,distance_to_pickup,BATCH,hungarian,0,0,order,1
1666495819,197094,3740,757.0574614915304,1,True,True,2170,False,12964,3994,45908534,174530923,45909290,174530883,0,0,1666495532,287,distance_to_pickup,BATCH,hungarian,0,0,order,1
1666495819,69485,1647,95.50916186418976,1,True,True,2940,False,12964,3994,45880376,174650774,45880405,174650865,0,0,1666495537,282,distance_to_pickup,BATCH,hungarian,0,0,order,1
1666495819,214955,400,882.6607502319337,1,True,True,1123,False,12964,3994,45901279,174543589,45900812,174544338,0,0,1666495543,276,distance_to_pickup,BATCH,hungarian,0,0,order,1
1666495819,205975,1925,461.50297940533386,1,True,True,1828,False,12964,3994,45905090,174561198,45904853,174561594,0,0,1666495556,263,distance_to_pickup,BATCH,hungarian,0,0,order,1
1666495819,544888,1554,1415.3109199041742,1,True,True,2724,False,12964,3994,45871005,174596476,45871238,174597872,0,0,1666495574,245,distance_to_pickup,BATCH,hungarian,0,0,order,1
1666495819,134065,4433,1102.1637809327615,1,True,True,2279,False,12964,3994,45921363,174551457,45922256,174550811,0,0,1666495580,239,distance_to_pickup,BATCH,hungarian,0,0,order,1
1666495819,121918,1893,243.9938523815713,1,True,True,632,False,12964,3994,46059136,174947998,46059373,174947940,0,0,1666495580,239,distance_to_pickup,BATCH,hungarian,0,0,order,1
1666495819,217934,2852,3185.442198502431,1,True,True,2039,False,12964,3994,45908534,174530923,45909683,174533894,0,0,1666495583,236,distance_to_pickup,BATCH,hungarian,0,0,order,1
1666495819,194151,4060,1038.1994028123884,1,True,True,444,False,12964,3994,45872080,174557830,45873103,174557653,0,0,1666495586,233,distance_to_pickup,BATCH,hungarian,0,0,order,1
1666495819,389362,1907,940.0446797892108,1,True,True,1870,False,12964,3994,45854879,174528011,45855807,174527861,0,0,1666495586,233,distance_to_pickup,BATCH,hungarian,0,0,order,1
1666495819,526627,2499,661.6804364646124,1,True,True,1680,False,12964,3994,45822976,174546904,45822790,174547539,0,0,1666495587,232,distance_to_pickup,BATCH,hungarian,0,0,order,1
1666495819,149232,1679,2413.5384811516888,1,True,True,122,False,12964,3994,45888295,174571869,45886067,174572797,0,0,1666495589,230,distance_to_pickup,BATCH,hungarian,0,0,order,1
1666495819,381189,3154,166.73931749890306,1,True,True,2201,False,12964,3994,45866090,174532597,45866231,174532508,0,0,1666495589,230,distance_to_pickup,BATCH,hungarian,0,0,order,1
1666495819,8899,4523,4649.939784556354,1,True,True,272,False,12964,3994,45912447,174526496,45916953,174525348,0,0,1666495589,230,distance_to_pickup,BATCH,hungarian,0,0,order,1
1666495819,208994,2068,2208.8630559634066,1,True,True,2201,False,12964,3994,45868387,174537160,45869267,174539186,0,0,1666495590,229,distance_to_pickup,BATCH,hungarian,0,0,order,1
1666495819,437630,3792,7695.22013980107,1,True,True,399,False,12964,3994,45861721,174510844,45854644,174507822,0,0,1666495590,229,distance_to_pickup,BATCH,hungarian,0,0,order,1
1666495819,508418,3813,4025.2146526613956,1,True,True,3384,False,12964,3994,45923690,174524047,45926802,174526600,0,0,1666495591,228,distance_to_pickup,BATCH,hungarian,0,0,order,1
1666495819,94577,2711,5533.174495712204,1,True,True,454,False,12964,3994,45923690,174524047,45923576,174529579,0,0,1666495592,227,distance_to_pickup,BATCH,hungarian,0,0,order,1
1666495819,303732,3829,8525.29231170404,1,True,True,1601,False,12964,3994,45927551,174521005,45934231,174515708,0,0,1666495592,227,distance_to_pickup,BATCH,hungarian,0,0,order,1
1666495819,298135,1415,207.5885353289049,1,True,True,1904,False,12964,3994,46051177,174953540,46051360,174953638,0,0,1666495592,227,distance_to_pickup,BATCH,hungarian,0,0,order,1
1666495819,66407,3153,1781.5813200637235,1,True,True,25,False,12964,3994,45890903,174547043,45890539,174548787,0,0,1666495592,227,distance_to_pickup,BATCH,hungarian,0,0,order,1
1666495819,434973,3994,2242.8308005732397,1,True,True,2422,False,12964,3994,45867290,174556705,45869303,174557694,0,0,1666495593,226,distance_to_pickup,BATCH,hungarian,0,0,order,1
1666495819,131041,3802,466.44399449451595,1,True,True,2681,False,12964,3994,45853655,174604870,45853238,174604661,0,0,1666495594,225,distance_to_pickup,BATCH,hungarian,0,0,order,1
1666495819,278418,817,56.22277118748239,1,True,True,1825,False,12964,3994,45912560,174588053,45912604,174588018,0,0,1666495595,224,distance_to_pickup,BATCH,hungarian,0,0,order,1
1666495819,326068,3888,1746.4690091725074,1,True,True,1505,False,12964,3994,45899475,174579204,45898830,174580827,0,0,1666495596,223,distance_to_pickup,BATCH,hungarian,0,0,order,1
1666495819,326070,3223,677.2370338367506,1,True,True,939,False,12964,3994,45912143,174526613,45911694,174527120,0,0,1666495596,223,distance_to_pickup,BATCH,hungarian,0,0,order,1
1666495819,529300,506,5335.234296635903,1,True,True,145,False,12964,3994,45884742,174633571,45889040,174630410,0,0,1666495596,223,distance_to_pickup,BATCH,hungarian,0,0,order,1
1666495819,373124,1534,1630.72131279382,1,True,True,2129,False,12964,3994,45912964,174527987,45914568,174527693,0,0,1666495596,223,distance_to_pickup,BATCH,hungarian,0,0,order,1
1666495819,188329,1118,120.01666550941998,1,True,True,3647,False,12964,3994,45858333,174577003,45858335,174577123,0,0,1666495596,223,distance_to_pickup,BATCH,hungarian,0,0,order,1
1666495819,69483,35,4365.525168865712,1,True,True,2677,False,12964,3994,45905781,174531306,45904690,174535533,0,0,1666495598,221,distance_to_pickup,BATCH,hungarian,0,0,order,1
1666495819,364900,3622,181.13530854032848,1,True,True,1317,False,12964,3994,45840538,174580876,45840375,174580797,0,0,1666495598,221,distance_to_pickup,BATCH,hungarian,0,0,order,1
1666495819,320582,4214,291.95376346264146,1,True,True,791,False,12964,3994,45884892,174635297,45885171,174635211,0,0,1666495599,220,distance_to_pickup,BATCH,hungarian,0,0,order,1
1666495819,103861,964,234.3608329051593,1,True,True,782,False,12964,3994,45903284,174588144,45903495,174588042,0,0,1666495599,220,distance_to_pickup,BATCH,hungarian,0,0,order,1
1666495819,179492,1550,354.05225603009507,1,True,True,1217,False,12964,3994,46052744,174930198,46052867,174930530,0,0,1666495599,220,distance_to_pickup,BATCH,hungarian,0,0,order,1
1666495819,266959,2387,22.20360331117452,1,True,True,871,False,12964,3994,45870883,174595430,45870870,174595448,0,0,1666495599,220,distance_to_pickup,BATCH,hungarian,0,0,order,1
1666495819,367590,2208,4861.250044998714,1,True,True,322,False,12964,3994,45819729,174523213,45815203,174524987,0,0,1666495600,219,distance_to_pickup,BATCH,hungarian,0,0,order,1
1666495819,555201,4244,645.3874805107394,1,True,True,1538,False,12964,3994,45926529,174535734,45927086,174536060,0,0,1666495600,219,distance_to_pickup,BATCH,hungarian,0,0,order,1
1666495819,550024,3942,93.30058949438637,1,True,True,2249,False,12964,3994,45890886,174577438,45890855,174577526,0,0,1666495602,217,distance_to_pickup,BATCH,hungarian,0,0,order,1
1666495819,194154,1878,317.51535395945814,1,True,True,2271,False,12964,3994,45883262,174566718,45882962,174566614,0,0,1666495602,217,distance_to_pickup,BATCH,hungarian,0,0,order,1
1666495819,516254,4184,1386.4551922078117,1,True,True,4184,True,12964,3994,45769700,174585559,45768433,174584996,0,0,1666495602,217,distance_to_pickup,BATCH,hungarian,0,0,order,1
1666495819,348135,3955,10.295630140987,1,True,True,1206,False,12964,3994,45896020,174555745,45896029,174555740,0,0,1666495603,216,distance_to_pickup,BATCH,hungarian,0,0,order,1
1666495819,440355,265,3541.142471011298,1,True,True,322,False,12964,3994,45819685,174525722,45819978,174529251,0,0,1666495603,216,distance_to_pickup,BATCH,hungarian,0,0,order,1
1666495819,350881,4145,676.0961470086928,1,True,True,2050,False,12964,3994,45920810,174543271,45921451,174543486,0,0,1666495604,215,distance_to_pickup,BATCH,hungarian,0,0,order,1
1666495819,140173,3096,1328.6447982813165,1,True,True,52,False,12964,3994,45893927,174543425,45895251,174543536,0,0,1666495605,214,distance_to_pickup,BATCH,hungarian,0,0,order,1
1666495819,339835,3486,786.395574758658,1,True,True,180,False,12964,3994,45885935,174559721,45885862,174558938,0,0,1666495606,213,distance_to_pickup,BATCH,hungarian,0,0,order,1
1666495819,278414,4051,921.9029233059194,1,True,True,1087,False,12964,3994,45882544,174582449,45881697,174582813,0,0,1666495606,213,distance_to_pickup,BATCH,hungarian,0,0,order,1
1666495819,18572,1715,1613.740995327317,1,True,True,1552,False,12964,3994,45885216,174545232,45883608,174545368,0,0,1666495606,213,distance_to_pickup,BATCH,hungarian,0,0,order,1
1666495819,529299,2353,6527.959941666309,1,True,True,2677,False,12964,3994,45905951,174543445,45909720,174538115,0,0,1666495609,210,distance_to_pickup,BATCH,hungarian,0,0,order,1
1666495819,356516,4041,4305.906640882963,1,True,True,1245,False,12964,3994,45874016,174535366,45870180,174533410,0,0,1666495613,206,distance_to_pickup,BATCH,hungarian,0,0,order,1
1666495819,562921,109,1960.3583856019798,1,True,True,365,False,12964,3994,45920963,174552679,45919246,174551733,0,0,1666495614,205,distance_to_pickup,BATCH,hungarian,0,0,order,1
1666495819,217933,1941,422.4121210382107,1,True,True,1597,False,12964,3994,45821449,174525577,45821065,174525753,0,0,1666495617,202,distance_to_pickup,BATCH,hungarian,0,0,order,1
1666495819,131040,932,236.92192806914264,1,True,True,932,True,12964,3994,45831851,174549283,45831657,174549419,0,0,1666495619,200,distance_to_pickup,BATCH,hungarian,0,0,order,1
1666495819,555199,560,5290.608471622144,1,True,True,2791,False,12964,3994,45861912,174593206,45865355,174589189,0,0,1666495620,199,distance_to_pickup,BATCH,hungarian,0,0,order,1
1666495819,8893,3292,165.74679484080528,1,True,True,2278,False,12964,3994,45876689,174535888,45876853,174535912,0,0,1666495621,198,distance_to_pickup,BATCH,hungarian,0,0,order,1
1666495819,5634,86,905.6765427016425,1,True,True,2790,False,12964,3994,45885075,174565745,45885980,174565710,0,0,1666495621,198,distance_to_pickup,BATCH,hungarian,0,0,order,1
1666495819,50692,4286,15175.399862936067,1,True,True,1601,False,12964,3994,45927551,174521005,45939586,174511761,0,0,1666495627,192,distance_to_pickup,BATCH,hungarian,0,0,order,1
1666495819,134062,2058,1340.5469033196862,1,True,True,1712,False,12964,3994,45919682,174552748,45918557,174552019,0,0,1666495635,184,distance_to_pickup,BATCH,hungarian,0,0,order,1
1666495819,292508,1168,833.5046490572203,1,True,True,2253,False,12964,3994,45900979,174542411,45901812,174542440,0,0,1666495685,134,distance_to_pickup,BATCH,hungarian,0,0,order,1
1666495819,416308,2914,4674.110182697879,1,True,True,2577,False,12964,3994,45906647,174524146,45904188,174520171,0,0,1666495542,277,distance_to_pickup,BATCH,hungarian,0,0,order,1
1666495819,370310,2566,98.3107318658548,1,True,True,1838,False,12964,3994,45897659,174590703,45897643,174590800,0,0,1666495790,29,distance_to_pickup,BATCH,hungarian,0,0,order,1
1666495819,197089,4530,1089.4315031244507,1,True,True,2780,False,12964,3994,45873748,174550525,45872679,174550315,0,0,1666495510,309,distance_to_pickup,BATCH,hungarian,0,0,order,1
1666495819,82181,4181,370.4726710568541,1,True,True,2236,False,12964,3994,45876689,174535888,45876590,174536245,0,0,1666495797,22,distance_to_pickup,BATCH,hungarian,0,0,order,1
1666495819,295329,1929,320.3201523476161,1,True,True,1858,False,12964,3994,45862956,174525742,45863183,174525516,0,0,1666495782,37,distance_to_pickup,BATCH,hungarian,0,0,order,1
1666495819,524057,4397,1850.5039854050572,1,True,True,3792,False,12964,3994,45863757,174531678,45865395,174532539,0,0,1666495690,129,distance_to_pickup,BATCH,hungarian,0,0,order,1
1666495819,208986,2489,9265.384233802719,1,True,True,3321,False,12964,3994,45830427,174573700,45824044,174580416,0,0,1666495505,314,distance_to_pickup,BATCH,hungarian,0,0,order,1
1666495819,309400,3839,8601.412732801513,1,True,True,3603,False,12964,3994,45817511,174571061,45816036,174579535,0,0,1666495799,20,distance_to_pickup,BATCH,hungarian,0,0,order,1
1666495819,497944,3253,609.9458992402523,1,True,True,3342,False,12964,3994,45836514,174541146,45836261,174541701,0,0,1666495627,192,distance_to_pickup,BATCH,hungarian,0,0,order,1
1666495819,44271,2258,558.5158905528114,1,True,True,3345,False,12964,3994,45920594,174530276,45920240,174529844,0,0,1666495803,16,distance_to_pickup,BATCH,hungarian,0,0,order,1
1666495819,179493,2432,9394.952102059915,1,True,True,1771,False,12964,3994,45923690,174524047,45927020,174532832,0,0,1666495803,16,distance_to_pickup,BATCH,hungarian,0,0,order,1
1666495819,495332,770,1055.4851964854836,1,True,True,2039,False,12964,3994,45909538,174542581,45910593,174542613,0,0,1666492795,3024,distance_to_pickup,BATCH,hungarian,0,0,order,1
1666495819,416284,3224,46.010868281309364,1,True,True,3647,False,12964,3994,45860048,174572255,45860047,174572209,0,0,1666494726,1093,distance_to_pickup,BATCH,hungarian,0,0,order,1
1666495819,552640,3400,1828.5264559201762,1,True,True,3294,False,12964,3994,45864341,174569567,45862751,174570470,0,0,1666495767,52,distance_to_pickup,BATCH,hungarian,0,0,order,1
1666495819,386604,3781,60.876925020897694,1,True,True,716,False,12964,3994,45880320,174650733,45880365,174650774,0,0,1666495752,67,distance_to_pickup,BATCH,hungarian,0,0,order,1
1666495819,511054,4345,1426.6271411970263,1,True,True,340,False,12964,3994,45859780,174572470,45858501,174573102,0,0,1666494666,1153,distance_to_pickup,BATCH,hungarian,0,0,order,1
1666495819,124878,1684,413.36303656713187,1,True,True,328,False,12964,3994,45854733,174578221,45854870,174577831,0,0,1666494976,843,distance_to_pickup,BATCH,hungarian,0,0,order,1
1666495819,562924,4490,323.51970573676033,1,True,True,1207,False,12964,3994,45860918,174556952,45860731,174557216,0,0,1666495778,41,distance_to_pickup,BATCH,hungarian,0,0,order,1
1666495819,386596,3483,1484.6120705423352,1,True,True,1908,False,12964,3994,45863248,174541890,45864715,174542118,0,0,1666495466,353,distance_to_pickup,BATCH,hungarian,0,0,order,1
1666495819,429555,4907,236.48467180770933,1,True,True,1504,False,12964,3994,45846797,174542676,45846948,174542494,0,0,1666495703,116,distance_to_pickup,BATCH,hungarian,0,0,order,1
1666495819,342647,2316,665.0067668828641,1,True,True,1424,False,12964,3994,45890020,174544960,45890273,174544345,0,0,1666495777,42,distance_to_pickup,BATCH,hungarian,0,0,order,1
1666495819,34585,632,335.41765010207797,1,True,True,3263,False,12964,3994,46052423,174941977,46052271,174942276,0,0,1666495755,64,distance_to_pickup,BATCH,hungarian,0,0,order,1
1666495819,200057,2809,6711.732116227524,1,True,True,537,False,12964,3994,45907839,174531132,45909667,174537590,0,0,1666495046,773,distance_to_pickup,BATCH,hungarian,0,0,order,1
1666495819,5640,3851,767.1466613366704,1,True,True,361,False,12964,3994,45767431,174572306,45768176,174572123,0,0,1666495773,46,distance_to_pickup,BATCH,hungarian,0,0,order,1
1666495819,482467,147,7325.794564414156,1,True,True,2003,False,12964,3994,45764904,174554562,45768583,174548227,0,0,1666495752,67,distance_to_pickup,BATCH,hungarian,0,0,order,1
1666495819,249866,3604,540.8974024711156,1,True,True,3189,False,12964,3994,45854606,174594766,45854243,174595167,0,0,1666495784,35,distance_to_pickup,BATCH,hungarian,0,0,order,1
1666495819,91450,4765,1776.6150399003157,1,True,True,188,False,12964,3994,45885130,174594367,45886165,174595811,0,0,1666495191,628,distance_to_pickup,BATCH,hungarian,0,0,order,1
1666495819,28191,1970,3466.944764486449,1,True,True,1276,False,12964,3994,45843207,174565258,45841748,174568403,0,0,1666495772,47,distance_to_pickup,BATCH,hungarian,0,0,order,1
1666495819,197072,4367,6009.145862766189,1,True,True,4407,False,12964,3994,45853146,174526278,45851593,174520473,0,0,1666494741,1078,distance_to_pickup,BATCH,hungarian,0,0,order,1
1666495819,432276,4738,83.24061508662703,1,True,True,4135,False,12964,3994,45865327,174556745,45865400,174556785,0,0,1666495783,36,distance_to_pickup,BATCH,hungarian,0,0,order,1
1666495819,272680,2843,18678.401002227143,1,True,True,1597,False,12964,3994,45821903,174523242,45834545,174509492,0,0,1666495787,32,distance_to_pickup,BATCH,hungarian,0,0,order,1
1666495819,5637,29,16933.974666332768,1,True,True,1317,False,12964,3994,45830427,174573700,45816144,174582797,0,0,1666495722,97,distance_to_pickup,BATCH,hungarian,0,0,order,1
1666495819,386600,3289,4714.6736896629445,1,True,True,1972,False,12964,3994,45885010,174520190,45882222,174516388,0,0,1666495628,191,distance_to_pickup,BATCH,hungarian,0,0,order,1
1666495819,18577,945,775.379262038907,1,True,True,300,False,12964,3994,45877446,174545398,45878123,174545020,0,0,1666495729,90,distance_to_pickup,BATCH,hungarian,0,0,order,1
1666495819,205973,4520,786.7127811342586,1,True,True,1739,False,12964,3994,45874835,174545439,45875001,174544670,0,0,1666495602,217,distance_to_pickup,BATCH,hungarian,0,0,order,1
1666495819,309401,1917,1181.5244390193543,1,True,True,404,False,12964,3994,45896534,174524911,45897194,174523931,0,0,1666495787,32,distance_to_pickup,BATCH,hungarian,0,0,order,1
1666495819,386601,579,2065.0757855342745,1,True,True,2222,False,12964,3994,45898496,174540981,45900549,174540758,0,0,1666495682,137,distance_to_pickup,BATCH,hungarian,0,0,order,1
1666495819,434970,477,128.63125592172378,1,True,True,3846,False,12964,3994,45865297,174580894,45865232,174580783,0,0,1666495643,176,distance_to_pickup,BATCH,hungarian,0,0,order,1
1666495819,400266,561,164.17673403987544,1,True,True,2507,False,12964,3994,45897163,174578404,45897086,174578259,0,0,1666495774,45,distance_to_pickup,BATCH,hungarian,0,0,order,1
1666495819,518786,2354,797.571940328896,1,True,True,901,False,12964,3994,45900946,174567655,45900882,174568450,0,0,1666495767,52,distance_to_pickup,BATCH,hungarian,0,0,order,1
1666495819,223706,1793,1372.8747211599461,1,True,True,1825,False,12964,3994,45914781,174588306,45915908,174589090,0,0,1666495740,79,distance_to_pickup,BATCH,hungarian,0,0,order,1
1666495819,25037,4004,171.96511274092776,1,True,True,1039,False,12964,3994,46052970,174947720,46052876,174947576,0,0,1666495785,34,distance_to_pickup,BATCH,hungarian,0,0,order,1
1666495819,534581,2818,459.2885803065432,1,True,True,2319,False,12964,3994,45856156,174586786,45855717,174586651,0,0,1666495786,33,distance_to_pickup,BATCH,hungarian,0,0,order,1
1666495819,400262,1228,54.62600113499065,1,True,True,1595,False,12964,3994,45879887,174546555,45879909,174546505,0,0,1666495520,299,distance_to_pickup,BATCH,hungarian,0,0,order,1
1666495819,405602,1659,34.713109915419565,1,True,True,1034,False,12964,3994,45859780,174572470,45859814,174572463,0,0,1666494689,1130,distance_to_pickup,BATCH,hungarian,0,0,order,1
1666495819,12168,213,17145.89268600501,1,True,True,2093,False,12964,3994,45830427,174573700,45815933,174582860,0,0,1666495510,309,distance_to_pickup,BATCH,hungarian,0,0,order,1
1666495819,562925,853,683.5817434659881,1,True,True,1208,False,12964,3994,45899103,174576680,45899373,174576052,0,0,1666495787,32,distance_to_pickup,BATCH,hungarian,0,0,order,1
1666495819,445645,2006,173.9683879329805,1,True,True,3349,False,12964,3994,45853590,174551680,45853434,174551757,0,0,1666495582,237,distance_to_pickup,BATCH,hungarian,0,0,order,1
1666495819,200074,2712,1362.4397234373344,1,True,True,1505,False,12964,3994,45903350,174587690,45904501,174586961,0,0,1666495772,47,distance_to_pickup,BATCH,hungarian,0,0,order,1
1666495819,161387,3346,19701.01258818947,1,True,True,745,False,12964,3994,45921241,174541506,45940897,174542837,0,0,1666495778,41,distance_to_pickup,BATCH,hungarian,0,0,order,1
1666495819,21762,2923,174.49641830135081,1,True,True,1459,False,12964,3994,45861015,174563891,45860915,174563748,0,0,1666495684,135,distance_to_pickup,BATCH,hungarian,0,0,order,1
1666495819,244028,3440,339.755794652571,1,True,True,1647,False,12964,3994,45879681,174650527,45879384,174650692,0,0,1666495279,540,distance_to_pickup,BATCH,hungarian,0,0,order,1
1666495819,21764,3309,6432.510007765242,1,True,True,2129,False,12964,3994,45912295,174530150,45915691,174535613,0,0,1666495450,369,distance_to_pickup,BATCH,hungarian,0,0,order,1
1666495819,241129,1688,436.83520920365385,1,True,True,729,False,12964,3994,45854862,174578227,45855155,174577903,0,0,1666495388,431,distance_to_pickup,BATCH,hungarian,0,0,order,1
1666495819,286950,2310,9389.429428884378,1,True,True,1369,False,12964,3994,45846432,174587366,45838060,174591617,0,0,1666495005,814,distance_to_pickup,BATCH,hungarian,0,0,order,1
1666495819,50697,4157,3898.2140782671236,1,True,True,1534,False,12964,3994,45912295,174530150,45914978,174532978,0,0,1666495479,340,distance_to_pickup,BATCH,hungarian,0,0,order,1
1666495819,373127,2146,601.0033277778085,1,True,True,911,False,12964,3994,45902274,174589909,45902828,174590142,0,0,1666495773,46,distance_to_pickup,BATCH,hungarian,0,0,order,1
1666495819,5641,2503,10140.131162859778,1,True,True,2297,False,12964,3994,45861721,174510844,45852207,174514352,0,0,1666495767,52,distance_to_pickup,BATCH,hungarian,0,0,order,1
1666495819,383884,2266,59.80802621722272,1,True,True,3130,False,12964,3994,45901740,174586607,45901796,174586586,0,0,1666495778,41,distance_to_pickup,BATCH,hungarian,0,0,order,1
1666495819,85207,2734,12819.064942498731,1,True,True,372,False,12964,3994,45881725,174512645,45890950,174503744,0,0,1666495710,109,distance_to_pickup,BATCH,hungarian,0,0,order,1
1666495819,421594,3312,7921.3556920517085,1,True,True,80,False,12964,3994,45820457,174535806,45813577,174539732,0,0,1666495776,43,distance_to_pickup,BATCH,hungarian,0,0,order,1
1666495819,348140,4878,12183.958511091541,1,True,True,2445,False,12964,3994,45832165,174583064,45819987,174582683,0,0,1666495651,168,distance_to_pickup,BATCH,hungarian,0,0,order,1
1666495819,238210,4458,4025.192914631546,1,True,True,2050,False,12964,3994,45919180,174541680,45915907,174539337,0,0,1666495787,32,distance_to_pickup,BATCH,hungarian,0,0,order,1
1666495819,252701,1194,146.7310464761974,1,True,True,939,False,12964,3994,45912399,174527757,45912278,174527674,0,0,1666495781,38,distance_to_pickup,BATCH,hungarian,0,0,order,1
1666495819,567966,3602,709.0007052182671,1,True,True,1602,False,12964,3994,45873188,174570382,45873187,174571091,0,0,1666495169,650,distance_to_pickup,BATCH,hungarian,0,0,order,1
1666495819,286960,62,2191.5841302582935,1,True,True,3074,False,12964,3994,45890960,174573070,45893089,174572550,0,0,1666495501,318,distance_to_pickup,BATCH,hungarian,0,0,order,1
1666495819,331556,4305,2029.0946256890043,1,True,True,1670,False,12964,3994,45866706,174606659,45865110,174607912,0,0,1666495778,41,distance_to_pickup,BATCH,hungarian,0,0,order,1
1666495819,413694,594,448.1450657990111,1,True,True,3597,False,12964,3994,45878066,174592040,45878119,174591595,0,0,1666495779,40,distance_to_pickup,BATCH,hungarian,0,0,order,1
1666495819,487585,706,193.3959668659096,1,True,True,716,False,12964,3994,45879060,174634370,45879249,174634411,0,0,1666495785,34,distance_to_pickup,BATCH,hungarian,0,0,order,1
1666495819,402935,305,3555.8111592152923,1,True,True,1334,False,12964,3994,45887958,174532625,45885751,174529837,0,0,1666495727,92,distance_to_pickup,BATCH,hungarian,0,0,order,1
1666495819,526623,2665,3225.9294784604326,1,True,True,1727,False,12964,3994,45851434,174605726,45848444,174606937,0,0,1666495404,415,distance_to_pickup,BATCH,hungarian,0,0,order,1
1666495819,381194,4271,635.8883549806523,1,True,True,3368,False,12964,3994,45904637,174566465,45905152,174566092,0,0,1666495786,33,distance_to_pickup,BATCH,hungarian,0,0,order,1
1666495819,63178,47,223.3047245357787,1,True,True,1080,False,12964,3994,45877700,174543871,45877807,174543675,0,0,1666495659,160,distance_to_pickup,BATCH,hungarian,0,0,order,1
1666495819,75764,3856,15143.992868461079,1,True,True,1372,False,12964,3994,45921179,174542343,45936305,174543081,0,0,1666495780,39,distance_to_pickup,BATCH,hungarian,0,0,order,1
1666495819,443004,3038,1497.7169291959012,1,True,True,3279,False,12964,3994,45882574,174555934,45881408,174556874,0,0,1666495741,78,distance_to_pickup,BATCH,hungarian,0,0,order,1
1666495819,461445,3837,625.8282511999598,1,True,True,493,False,12964,3994,45895718,174551346,45895524,174551941,0,0,1666495778,41,distance_to_pickup,BATCH,hungarian,0,0,order,1
1666495819,258425,106,1493.518329315044,1,True,True,2661,False,12964,3994,45816637,174525629,45815756,174526835,0,0,1666495787,32,distance_to_pickup,BATCH,hungarian,0,0,order,1
1666495819,331543,2729,3035.7597072232184,1,True,True,1135,False,12964,3994,45830923,174549346,45831497,174552327,0,0,1666495348,471,distance_to_pickup,BATCH,hungarian,0,0,order,1
1666495819,47536,3204,414.1074739726391,1,True,True,3147,False,12964,3994,45769806,174573167,45769664,174572778,0,0,1666495778,41,distance_to_pickup,BATCH,hungarian,0,0,order,1
1666495819,550028,4017,3161.933901902442,1,True,True,1674,False,12964,3994,45923690,174524047,45922539,174526992,0,0,1666495780,39,distance_to_pickup,BATCH,hungarian,0,0,order,1
1666495819,505812,2444,135.9779393872403,1,True,True,2642,False,12964,3994,46045329,174941930,46045372,174941801,0,0,1666495786,33,distance_to_pickup,BATCH,hungarian,0,0,order,1
1666495819,152274,2376,91.00549433962765,1,True,True,2157,False,12964,3994,45861707,174584578,45861688,174584667,0,0,1666495774,45,distance_to_pickup,BATCH,hungarian,0,0,order,1
1666495819,521400,1045,448.0546841625473,1,True,True,2800,False,12964,3994,45863367,174559783,45863150,174559391,0,0,1666495786,33,distance_to_pickup,BATCH,hungarian,0,0,order,1
1666495819,244029,4191,173.7728402253931,1,True,True,2876,False,12964,3994,45885556,174582916,45885470,174583067,0,0,1666495230,589,distance_to_pickup,BATCH,hungarian,0,0,order,1
1666495819,346040,4207,1164.67033962405,1,True,False,3764,False,12964,3994,45877788,174579361,45878497,174580285,0,0,1665967081,528738,distance_to_pickup,BATCH,hungarian,0,0,order,1
1666495819,155996,4842,1766.8121009320714,1,True,False,764,False,12964,3994,45894566,174589368,45894450,174587605,0,0,1665971533,524286,distance_to_pickup,BATCH,hungarian,0,0,order,1
1666495819,244733,45,150.1532550429727,1,True,False,2189,False,12964,3994,45863396,174583501,45863357,174583356,0,0,1665974983,520836,distance_to_pickup,BATCH,hungarian,0,0,order,1
1666495819,73379,491,538.2731648521966,1,True,False,1201,False,12964,3994,45877744,174578051,45877231,174577888,0,0,1665976063,519756,distance_to_pickup,BATCH,hungarian,0,0,order,1
1666495819,165212,603,19.235384061671343,1,True,False,662,False,12964,3994,45877759,174578692,45877750,174578675,0,0,1665976242,519577,distance_to_pickup,BATCH,hungarian,0,0,order,1
1666495819,156033,864,1146.15923850048,1,True,False,1382,False,12964,3994,45905939,174537499,45905044,174536783,0,0,1665976378,519441,distance_to_pickup,BATCH,hungarian,0,0,order,1
1666495819,524700,1264,103.36827366266692,1,True,False,3428,False,12964,3994,45886588,174545028,45886631,174544934,0,0,1665976481,519338,distance_to_pickup,BATCH,hungarian,0,0,order,1
1666495819,480547,2967,866.4871608973788,1,True,False,316,False,12964,3994,45887530,174576520,45888354,174576252,0,0,1665976507,519312,distance_to_pickup,BATCH,hungarian,0,0,order,1
1666495819,174183,742,2064.677456650312,1,True,False,3823,False,12964,3994,45897720,174529815,45899398,174528612,0,0,1665976521,519298,distance_to_pickup,BATCH,hungarian,0,0,order,1
1666495819,446254,3141,2743.866797058487,1,True,False,1470,False,12964,3994,45855750,174541130,45853013,174540936,0,0,1665976560,519259,distance_to_pickup,BATCH,hungarian,0,0,order,1
1666495819,92249,347,277.41124706831914,1,True,False,1250,False,12964,3994,45895360,174576670,45895454,174576409,0,0,1665976572,519247,distance_to_pickup,BATCH,hungarian,0,0,order,1
1666495819,379192,1357,291.10994486619654,1,True,False,1726,False,12964,3994,45870744,174548337,45870453,174548329,0,0,1665976606,519213,distance_to_pickup,BATCH,hungarian,0,0,order,1
1666495819,540425,453,892.2477234490431,1,True,False,1184,False,12964,3994,45865381,174556304,45864890,174555559,0,0,1665976689,519130,distance_to_pickup,BATCH,hungarian,0,0,order,1
1666495819,403635,284,70.03570517957252,1,True,False,2773,False,12964,3994,45894842,174555253,45894794,174555202,0,0,1665976850,518969,distance_to_pickup,BATCH,hungarian,0,0,order,1
1666495819,267692,95,88.29496021857646,1,True,False,4542,False,12964,3994,45897087,174552977,45897067,174552891,0,0,1665976874,518945,distance_to_pickup,BATCH,hungarian,0,0,order,1
1666495819,477932,666,108.06016842481785,1,True,False,2793,False,12964,3994,45885675,174551319,45885781,174551298,0,0,1665976886,518933,distance_to_pickup,BATCH,hungarian,0,0,order,1
1666495819,279201,2314,119.85407794480753,1,True,False,207,False,12964,3994,45878123,174577620,45878032,174577542,0,0,1665976889,518930,distance_to_pickup,BATCH,hungarian,0,0,order,1
1666495819,203739,1965,390.5444917035702,1,True,False,2793,False,12964,3994,45885701,174551895,45885823,174552266,0,0,1665976927,518892,distance_to_pickup,BATCH,hungarian,0,0,order,1
1666495819,540431,3301,319.53247096343745,1,True,False,555,False,12964,3994,45853826,174528216,45854076,174528017,0,0,1665976928,518891,distance_to_pickup,BATCH,hungarian,0,0,order,1
1666495819,122659,1462,165.22106403240477,1,True,False,3721,False,12964,3994,45897597,174552952,45897624,174552789,0,0,1665976969,518850,distance_to_pickup,BATCH,hungarian,0,0,order,1
1666495819,480561,3460,2375.8461650536215,1,True,False,1862,False,12964,3994,45920023,174542736,45918817,174544783,0,0,1665976969,518850,distance_to_pickup,BATCH,hungarian,0,0,order,1
1666495819,527298,3342,4107.515063879863,1,True,False,1037,False,12964,3994,45839765,174551620,45835733,174552404,0,0,1665977036,518783,distance_to_pickup,BATCH,hungarian,0,0,order,1
1666495819,276291,2488,498.1857083457935,1,True,False,291,False,12964,3994,45876580,174545960,45876297,174546370,0,0,1665977039,518780,distance_to_pickup,BATCH,hungarian,0,0,order,1
1666495819,276287,2030,35.4682957019364,1,True,False,31,False,12964,3994,46045870,174938788,46045903,174938775,0,0,1665977052,518767,distance_to_pickup,BATCH,hungarian,0,0,order,1
1666495819,6486,751,238.53301658261063,1,True,False,1422,False,12964,3994,45887438,174553952,45887465,174554189,0,0,1665977053,518766,distance_to_pickup,BATCH,hungarian,0,0,order,1
1666495819,38510,2319,67.77905281132217,1,True,False,2132,False,12964,3994,45856330,174579593,45856393,174579568,0,0,1665977130,518689,distance_to_pickup,BATCH,hungarian,0,0,order,1
1666495819,134867,4126,78.23042886243178,1,True,False,1733,False,12964,3994,45907357,174569034,45907399,174568968,0,0,1665977163,518656,distance_to_pickup,BATCH,hungarian,0,0,order,1
1666495819,224399,1041,1229.3660968157533,1,True,False,2833,False,12964,3994,45776846,174561217,45776401,174560071,0,0,1665977164,518655,distance_to_pickup,BATCH,hungarian,0,0,order,1
1666495819,28951,3242,4315.421647996867,1,True,False,1189,False,12964,3994,45907759,174546285,45911551,174544225,0,0,1665977167,518652,distance_to_pickup,BATCH,hungarian,0,0,order,1
1666495819,150003,835,21.213203435596427,1,True,False,528,False,12964,3994,45897462,174552991,45897447,174552976,0,0,1665977184,518635,distance_to_pickup,BATCH,hungarian,0,0,order,1
1666495819,360000,1424,263.40273347101015,1,True,False,26,False,12964,3994,45890769,174546558,45890703,174546303,0,0,1665977185,518634,distance_to_pickup,BATCH,hungarian,0,0,order,1
1666495819,247696,1606,313.3943203059047,1,True,False,2185,False,12964,3994,45764668,174569944,45764978,174569990,0,0,1665977189,518630,distance_to_pickup,BATCH,hungarian,0,0,order,1
1666495819,267693,519,769.5933991400914,1,True,False,2201,False,12964,3994,45866090,174532597,45866835,174532790,0,0,1665977190,518629,distance_to_pickup,BATCH,hungarian,0,0,order,1
1666495819,6498,979,21.400934559032695,1,True,False,124,False,12964,3994,45886802,174544898,45886819,174544911,0,0,1665977190,518629,distance_to_pickup,BATCH,hungarian,0,0,order,1
1666495819,462111,2885,106.77546534667971,1,True,False,378,False,12964,3994,46044930,174938660,46044970,174938759,0,0,1665977191,518628,distance_to_pickup,BATCH,hungarian,0,0,order,1
1666495819,238947,3392,1902.1779622317151,1,True,False,498,False,12964,3994,45879880,174535820,45879971,174533920,0,0,1665977194,518625,distance_to_pickup,BATCH,hungarian,0,0,order,1
1666495819,340516,3733,1577.1001870521734,1,True,False,798,False,12964,3994,45874942,174536177,45875291,174537715,0,0,1665977194,518625,distance_to_pickup,BATCH,hungarian,0,0,order,1
1666495819,480565,625,539.1335641564157,1,True,False,1485,False,12964,3994,45865852,174556038,45865519,174555614,0,0,1665977196,518623,distance_to_pickup,BATCH,hungarian,0,0,order,1
1666495819,73400,1348,1543.2802726659859,1,True,False,1387,False,12964,3994,45907083,174574096,45908150,174575211,0,0,1665977198,518621,distance_to_pickup,BATCH,hungarian,0,0,order,1
1666495819,441000,2553,6877.991058441411,1,True,False,2271,False,12964,3994,45905340,174559520,45911520,174556501,0,0,1665977200,518619,distance_to_pickup,BATCH,hungarian,0,0,order,1
1666495819,422240,84,60.802960454241045,1,True,False,4130,False,12964,3994,45898248,174553674,45898212,174553723,0,0,1665977201,518618,distance_to_pickup,BATCH,hungarian,0,0,order,1
1666495819,346106,1423,745.5803108988326,1,True,False,2472,False,12964,3994,45858466,174584141,45857783,174583842,0,0,1665977201,518618,distance_to_pickup,BATCH,hungarian,0,0,order,1
1666495819,73401,672,438.3811127318329,1,True,False,487,False,12964,3994,45862946,174583985,45863289,174584258,0,0,1665977214,518605,distance_to_pickup,BATCH,hungarian,0,0,order,1
1666495819,6495,2213,3083.2093668773127,1,True,False,2974,False,12964,3994,45832616,174539131,45835200,174537449,0,0,1665977236,518583,distance_to_pickup,BATCH,hungarian,0,0,order,1
1666495819,279198,1103,222.62299971027252,1,True,False,2331,False,12964,3994,45876972,174592507,45877152,174592638,0,0,1665977247,518572,distance_to_pickup,BATCH,hungarian,0,0,order,1
1666495819,186104,4030,279.30807363912703,1,True,False,2852,False,12964,3994,45905850,174529930,45906128,174529957,0,0,1665977272,518547,distance_to_pickup,BATCH,hungarian,0,0,order,1
1666495819,321263,813,67.468511173732,1,True,False,3345,False,12964,3994,45921142,174542028,45921208,174542042,0,0,1665977284,518535,distance_to_pickup,BATCH,hungarian,0,0,order,1
1666495819,553223,876,87.8179936004006,1,True,False,868,False,12964,3994,45892851,174567077,45892807,174567001,0,0,1665977315,518504,distance_to_pickup,BATCH,hungarian,0,0,order,1
1666495819,501227,546,2379.8159592708002,1,True,False,62,False,12964,3994,45882655,174541614,45881973,174539334,0,0,1665977317,518502,distance_to_pickup,BATCH,hungarian,0,0,order,1
1666495819,259153,4418,1539.005198171858,1,True,False,3191,False,12964,3994,45880110,174548040,45881649,174548044,0,0,1665977345,518474,distance_to_pickup,BATCH,hungarian,0,0,order,1
1666495819,150005,3453,1252.5992974610836,1,True,False,361,False,12964,3994,45774226,174573792,45773984,174572563,0,0,1665977355,518464,distance_to_pickup,BATCH,hungarian,0,0,order,1
1666495819,323985,1533,223.14345161801185,1,True,False,3345,False,12964,3994,45919660,174549308,45919608,174549525,0,0,1665977358,518461,distance_to_pickup,BATCH,hungarian,0,0,order,1
1666495819,287659,211,2116.595379376984,1,True,False,1696,False,12964,3994,45890252,174534554,45891026,174532584,0,0,1665977361,518458,distance_to_pickup,BATCH,hungarian,0,0,order,1
1666495819,206688,2831,1767.5477362719232,1,True,False,65,False,12964,3994,45772626,174581064,45771601,174582504,0,0,1665977368,518451,distance_to_pickup,BATCH,hungarian,0,0,order,1
1666495819,501230,902,65.79513659838392,1,True,False,1426,False,12964,3994,45861334,174558423,45861274,174558396,0,0,1665977368,518451,distance_to_pickup,BATCH,hungarian,0,0,order,1
1666495819,180232,760,1498.8599000573736,1,True,False,792,False,12964,3994,45877610,174586280,45878520,174587471,0,0,1665977370,518449,distance_to_pickup,BATCH,hungarian,0,0,order,1
1666495819,12979,2849,101.9803902718557,1,True,False,3055,False,12964,3994,46043709,174939650,46043777,174939574,0,0,1665977371,518448,distance_to_pickup,BATCH,hungarian,0,0,order,1
1666495819,128728,3429,65.06919393998976,1,True,False,1266,False,12964,3994,45885886,174563236,45885889,174563171,0,0,1665977372,518447,distance_to_pickup,BATCH,hungarian,0,0,order,1
1666495819,511733,3857,74.09453421137081,1,True,False,3567,False,12964,3994,45905886,174530604,45905949,174530565,0,0,1665977372,518447,distance_to_pickup,BATCH,hungarian,0,0,order,1
1666495819,558427,2367,1160.6140616070443,1,True,False,4191,False,12964,3994,45885478,174592525,45886466,174593134,0,0,1665977373,518446,distance_to_pickup,BATCH,hungarian,0,0,order,1
1666495819,501228,2052,3334.575385262717,1,True,False,268,False,12964,3994,45907759,174546285,45909952,174543773,0,0,1665977374,518445,distance_to_pickup,BATCH,hungarian,0,0,order,1
1666495819,373812,3220,117.5925167687128,1,True,False,3983,False,12964,3994,45874811,174648380,45874899,174648302,0,0,1665977374,518445,distance_to_pickup,BATCH,hungarian,0,0,order,1
1666495819,238952,1935,4473.960437911806,1,True,False,1695,False,12964,3994,46050976,174959782,46051975,174964143,0,0,1665977376,518443,distance_to_pickup,BATCH,hungarian,0,0,order,1
1666495819,153056,4129,321.4498405661449,1,True,False,697,False,12964,3994,45874288,174647503,45874467,174647236,0,0,1665977376,518443,distance_to_pickup,BATCH,hungarian,0,0,order,1
1666495819,558429,1093,651.6149169563263,1,True,False,4091,False,12964,3994,45906905,174574828,45906554,174575377,0,0,1665977378,518441,distance_to_pickup,BATCH,hungarian,0,0,order,1
1666495819,156052,1189,85.58621384311844,1,True,False,4634,False,12964,3994,45920509,174542823,45920552,174542749,0,0,1665977380,518439,distance_to_pickup,BATCH,hungarian,0,0,order,1
1666495819,427568,838,1114.5514792955953,1,True,False,1684,False,12964,3994,45869542,174570465,45869002,174569490,0,0,1665977382,518437,distance_to_pickup,BATCH,hungarian,0,0,order,1
1666495819,411682,1055,578.6302791938908,1,True,False,2683,False,12964,3994,46043344,174954315,46043882,174954102,0,0,1665977382,518437,distance_to_pickup,BATCH,hungarian,0,0,order,1
1666495819,256242,933,1600.015312426728,1,True,False,939,False,12964,3994,45905276,174543687,45903676,174543680,0,0,1665977402,518417,distance_to_pickup,BATCH,hungarian,0,0,order,1
1666495819,216030,857,371.04177662360337,1,True,False,48,False,12964,3994,45865902,174600697,45865556,174600563,0,0,1666053033,442786,distance_to_pickup,BATCH,hungarian,0,0,order,1
1666495819,483328,1015,12458.073085353128,1,True,False,2343,False,12964,3994,45816837,174564509,45807473,174572726,0,0,1666059086,436733,distance_to_pickup,BATCH,hungarian,0,0,order,1
1666495819,384828,803,900.1072158359802,1,True,False,2631,False,12964,3994,46058867,174947322,46058039,174947675,0,0,1666061994,433825,distance_to_pickup,BATCH,hungarian,0,0,order,1
1666495819,462421,1888,580.5170109479997,1,True,False,1673,False,12964,3994,45872833,174624652,45873263,174625042,0,0,1666062409,433410,distance_to_pickup,BATCH,hungarian,0,0,order,1
1666495819,287950,3655,1171.9291787475897,1,True,False,926,False,12964,3994,45878561,174594510,45877844,174593583,0,0,1666062466,433353,distance_to_pickup,BATCH,hungarian,0,0,order,1
1666495819,387656,2443,1551.8830497173426,1,True,False,2965,False,12964,3994,45898319,174584556,45898465,174583011,0,0,1666062473,433346,distance_to_pickup,BATCH,hungarian,0,0,order,1
1666495819,282352,3708,9222.063814569925,1,True,False,1762,False,12964,3994,45884742,174633571,45891948,174627816,0,0,1666062587,433232,distance_to_pickup,BATCH,hungarian,0,0,order,1
1666495819,171544,1390,19.026297590440446,1,True,False,145,False,12964,3994,45873126,174626333,45873127,174626314,0,0,1666062779,433040,distance_to_pickup,BATCH,hungarian,0,0,order,1
1666495819,32493,3591,421.90046219457975,1,True,False,1343,False,12964,3994,45857120,174606081,45856836,174606393,0,0,1666062880,432939,distance_to_pickup,BATCH,hungarian,0,0,order,1
1666495819,256596,2741,95.2102935611481,1,True,False,1961,False,12964,3994,45765106,174572219,45765050,174572296,0,0,1666062894,432925,distance_to_pickup,BATCH,hungarian,0,0,order,1
1666495819,556106,1201,468.81232918941026,1,True,False,375,False,12964,3994,45866511,174563245,45866962,174563373,0,0,1666062900,432919,distance_to_pickup,BATCH,hungarian,0,0,order,1
1666495819,51858,4480,607.1704867662788,1,True,False,352,False,12964,3994,45898838,174556450,45898322,174556770,0,0,1666062948,432871,distance_to_pickup,BATCH,hungarian,0,0,order,1
1666495819,268007,2469,992.0745939696269,1,True,False,902,False,12964,3994,45855384,174572020,45855740,174572946,0,0,1666062986,432833,distance_to_pickup,BATCH,hungarian,0,0,order,1
1666495819,201158,1368,158.44872987815333,1,True,False,869,False,12964,3994,45895750,174555143,45895635,174555252,0,0,1666062996,432823,distance_to_pickup,BATCH,hungarian,0,0,order,1
1666495819,174581,494,2021.3681010642272,1,True,False,882,False,12964,3994,45855637,174569692,45853685,174570217,0,0,1666063024,432795,distance_to_pickup,BATCH,hungarian,0,0,order,1
1666495819,435970,4203,3610.2609323981,1,True,False,855,False,12964,3994,45885570,174596500,45885298,174600100,0,0,1666063055,432764,distance_to_pickup,BATCH,hungarian,0,0,order,1
1666495819,265145,4077,3437.5795263528084,1,True,False,425,False,12964,3994,45907759,174546285,45910111,174543778,0,0,1666063086,432733,distance_to_pickup,BATCH,hungarian,0,0,order,1
1666495819,545854,2781,1217.8739672067877,1,True,False,3935,False,12964,3994,45882640,174597842,45883079,174598978,0,0,1666063100,432719,distance_to_pickup,BATCH,hungarian,0,0,order,1
1666495819,3597,3119,3643.1288750193835,1,True,False,2184,False,12964,3994,45850798,174613138,45852400,174616410,0,0,1666063100,432719,distance_to_pickup,BATCH,hungarian,0,0,order,1
1666495819,224735,3793,20.09975124224178,1,True,False,2518,False,12964,3994,45896070,174555813,45896090,174555811,0,0,1666063110,432709,distance_to_pickup,BATCH,hungarian,0,0,order,1
1666495819,304811,1141,719.8055292924611,1,True,False,3427,False,12964,3994,45874736,174577874,45875322,174578292,0,0,1666063143,432676,distance_to_pickup,BATCH,hungarian,0,0,order,1
1666495819,307646,2111,82.05485969764375,1,True,False,2697,False,12964,3994,45894745,174555643,45894742,174555725,0,0,1666063146,432673,distance_to_pickup,BATCH,hungarian,0,0,order,1
1666495819,441307,2321,1703.4371136029647,1,True,False,3985,False,12964,3994,45881430,174551718,45882193,174553241,0,0,1666063147,432672,distance_to_pickup,BATCH,hungarian,0,0,order,1
1666495819,522410,1289,1767.2161724022333,1,True,False,1245,False,12964,3994,45890710,174551290,45890588,174549527,0,0,1666063160,432659,distance_to_pickup,BATCH,hungarian,0,0,order,1
1666495819,282363,2770,1804.5902582026758,1,True,False,275,False,12964,3994,45882640,174597842,45884051,174598967,0,0,1666063162,432657,distance_to_pickup,BATCH,hungarian,0,0,order,1
1666495819,293575,1881,365.2341714571625,1,True,False,4429,False,12964,3994,45863619,174577800,45863983,174577770,0,0,1666063167,432652,distance_to_pickup,BATCH,hungarian,0,0,order,1
1666495819,390350,3284,377.19623540008985,1,True,False,241,False,12964,3994,46044304,174941850,46043930,174941801,0,0,1666063177,432642,distance_to_pickup,BATCH,hungarian,0,0,order,1
1666495819,219009,2000,280.19457525084243,1,True,False,104,False,12964,3994,45860020,174580680,45859985,174580958,0,0,1666063182,432637,distance_to_pickup,BATCH,hungarian,0,0,order,1
1666495819,153410,4148,246.4163143949686,1,True,False,2992,False,12964,3994,45884295,174582147,45884515,174582258,0,0,1666063187,432632,distance_to_pickup,BATCH,hungarian,0,0,order,1
1666495819,221885,559,235.5949914577982,1,True,False,1112,False,12964,3994,45861845,174583822,45861918,174584046,0,0,1666063190,432629,distance_to_pickup,BATCH,hungarian,0,0,order,1
1666495819,141298,4175,288.5706152746672,1,True,False,1173,False,12964,3994,45879720,174547850,45879827,174548118,0,0,1666063216,432603,distance_to_pickup,BATCH,hungarian,0,0,order,1
1666495819,498915,3481,506.4632267006164,1,True,False,2123,False,12964,3994,45892956,174566372,45892492,174566575,0,0,1666063217,432602,distance_to_pickup,BATCH,hungarian,0,0,order,1
1666495819,144363,4460,164.07315441594946,1,True,False,368,False,12964,3994,45860853,174555927,45860971,174556041,0,0,1666063224,432595,distance_to_pickup,BATCH,hungarian,0,0,order,1
1666495819,227665,4432,33.61547262794322,1,True,False,3751,False,12964,3994,45866359,174536720,45866376,174536749,0,0,1666063227,432592,distance_to_pickup,BATCH,hungarian,0,0,order,1
1666495819,465051,774,1663.0986140334553,1,True,False,828,False,12964,3994,45901021,174542745,45900722,174544381,0,0,1666063229,432590,distance_to_pickup,BATCH,hungarian,0,0,order,1
1666495819,162466,2215,352.8526604689272,1,True,False,3684,False,12964,3994,45885303,174582680,45885460,174582996,0,0,1666063230,432589,distance_to_pickup,BATCH,hungarian,0,0,order,1
1666495819,446590,1179,1065.4585867127826,1,True,False,1246,False,12964,3994,45861460,174532407,45860769,174533218,0,0,1666063233,432586,distance_to_pickup,BATCH,hungarian,0,0,order,1
1666495819,162463,3685,800.42801050438,1,True,False,42,False,12964,3994,45859785,174572002,45858988,174572076,0,0,1666063237,432582,distance_to_pickup,BATCH,hungarian,0,0,order,1
1666495819,532905,3088,921.0781725782019,1,True,False,554,False,12964,3994,45849161,174550781,45849605,174551588,0,0,1666063251,432568,distance_to_pickup,BATCH,hungarian,0,0,order,1
1666495819,171559,4793,3590.3238015532806,1,True,False,1777,False,12964,3994,45879720,174547850,45877875,174550930,0,0,1666063283,432536,distance_to_pickup,BATCH,hungarian,0,0,order,1
1666495819,519746,1739,229.89562849258357,1,True,False,2010,False,12964,3994,45874835,174545439,45874919,174545225,0,0,1666063298,432521,distance_to_pickup,BATCH,hungarian,0,0,order,1
1666495819,120025,1732,390.0166663105565,1,True,False,91,False,12964,3994,45891768,174544917,45891480,174544654,0,0,1666063300,432519,distance_to_pickup,BATCH,hungarian,0,0,order,1
1666495819,519750,1154,628.6692294044619,1,True,False,296,False,12964,3994,45868962,174572641,45869110,174572030,0,0,1666063316,432503,distance_to_pickup,BATCH,hungarian,0,0,order,1
1666495819,435979,3480,1558.1209837493363,1,True,False,367,False,12964,3994,45835460,174540970,45834290,174541999,0,0,1666063355,432464,distance_to_pickup,BATCH,hungarian,0,0,order,1
1666495819,273703,1253,1197.6330823753992,1,True,False,3156,False,12964,3994,45890977,174577191,45891583,174578224,0,0,1666063355,432464,distance_to_pickup,BATCH,hungarian,0,0,order,1
1666495819,282366,3527,158.14550262337528,1,True,False,3985,False,12964,3994,45880110,174548040,45879959,174547993,0,0,1666063372,432447,distance_to_pickup,BATCH,hungarian,0,0,order,1
1666495819,70662,4543,8031.580168310592,1,True,False,3552,False,12964,3994,45885150,174634595,45892712,174637301,0,0,1666063375,432444,distance_to_pickup,BATCH,hungarian,0,0,order,1
1666495819,35738,1468,2444.864208908135,1,True,False,3748,False,12964,3994,45874016,174535366,45871585,174535626,0,0,1666063376,432443,distance_to_pickup,BATCH,hungarian,0,0,order,1
1666495819,430569,283,90.07774419910837,1,True,False,2836,False,12964,3994,45894757,174555382,45894722,174555465,0,0,1666063378,432441,distance_to_pickup,BATCH,hungarian,0,0,order,1
1666495819,401264,2898,7536.715464975442,1,True,False,3435,False,12964,3994,45924613,174557214,45932049,174555986,0,0,1666063380,432439,distance_to_pickup,BATCH,hungarian,0,0,order,1
1666495819,512067,3842,5246.591274341847,1,True,False,2888,False,12964,3994,45842390,174575013,45846614,174571901,0,0,1666063381,432438,distance_to_pickup,BATCH,hungarian,0,0,order,1
1666495819,174573,1139,184.967564724197,1,True,False,323,False,12964,3994,45880055,174634856,45880237,174634889,0,0,1666063396,432423,distance_to_pickup,BATCH,hungarian,0,0,order,1
1666495819,435980,3983,468.46344574577,1,True,False,991,False,12964,3994,45905899,174526998,45906366,174526961,0,0,1666063399,432420,distance_to_pickup,BATCH,hungarian,0,0,order,1
1666495819,162468,2521,2954.548019579306,1,True,False,1070,False,12964,3994,45896370,174524880,45894085,174523007,0,0,1666063400,432419,distance_to_pickup,BATCH,hungarian,0,0,order,1
1666495819,6872,1033,6294.050047465464,1,True,False,2291,False,12964,3994,45880368,174651075,45877797,174656820,0,0,1666063405,432414,distance_to_pickup,BATCH,hungarian,0,0,order,1
1666495819,207051,171,38.01315561749642,1,True,False,2596,False,12964,3994,45867766,174566793,45867788,174566824,0,0,1666063410,432409,distance_to_pickup,BATCH,hungarian,0,0,order,1
1666495819,242209,369,33.54101966249684,1,True,False,771,False,12964,3994,45897716,174552976,45897683,174552982,0,0,1666063414,432405,distance_to_pickup,BATCH,hungarian,0,0,order,1
1666495819,398494,899,125.23977004130916,1,True,False,1847,False,12964,3994,45765106,174572219,45765048,174572108,0,0,1666063416,432403,distance_to_pickup,BATCH,hungarian,0,0,order,1
1666495819,475612,2550,544.3675229107629,1,True,False,2210,False,12964,3994,45872128,174544388,45872108,174544932,0,0,1666063419,432400,distance_to_pickup,BATCH,hungarian,0,0,order,1
1666495819,198145,2454,2136.735126308359,1,True,False,2596,False,12964,3994,45867766,174566793,45869632,174565752,0,0,1666063425,432394,distance_to_pickup,BATCH,hungarian,0,0,order,1
1666495819,403966,241,2131.358486974915,1,True,False,459,False,12964,3994,46049873,174988918,46051968,174989310,0,0,1666063444,432375,distance_to_pickup,BATCH,hungarian,0,0,order,1
1666495819,360322,2595,1654.887609476849,1,True,False,2589,False,12964,3994,45853017,174510547,45851374,174510349,0,0,1666063450,432369,distance_to_pickup,BATCH,hungarian,0,0,order,1
1666495819,382155,1583,713.0673180002011,1,True,False,4418,False,12964,3994,45887481,174555696,45887520,174554984,0,0,1666063457,432362,distance_to_pickup,BATCH,hungarian,0,0,order,1
1666495819,287963,2309,974.7204727510344,1,True,False,119,False,12964,3994,45846275,174552476,45846619,174553388,0,0,1666063458,432361,distance_to_pickup,BATCH,hungarian,0,0,order,1
1666495819,338050,1192,1694.9528017027494,1,True,False,141,False,12964,3994,45892305,174529484,45893069,174527971,0,0,1666063459,432360,distance_to_pickup,BATCH,hungarian,0,0,order,1
1666495819,290723,4741,1049.4288923028564,1,True,False,2061,False,12964,3994,45861509,174583077,45860460,174583047,0,0,1666063459,432360,distance_to_pickup,BATCH,hungarian,0,0,order,1
1666495819,192272,19,810.5010795797868,1,True,False,2977,False,12964,3994,45879880,174535820,45880356,174535164,0,0,1666063461,432358,distance_to_pickup,BATCH,hungarian,0,0,order,1
1666495819,265144,1284,9002.845827847992,1,True,False,1756,False,12964,3994,45904029,174588246,45907942,174596354,0,0,1666063463,432356,distance_to_pickup,BATCH,hungarian,0,0,order,1
1666495819,316057,3719,149.03019828209315,1,True,False,682,False,12964,3994,45866435,174537395,45866438,174537246,0,0,1666063463,432356,distance_to_pickup,BATCH,hungarian,0,0,order,1
1666495819,64393,544,858.46024951654,1,True,False,1233,False,12964,3994,45923748,174522754,45923825,174523609,0,0,1666063467,432352,distance_to_pickup,BATCH,hungarian,0,0,order,1
1666495819,32512,2648,497.9176638762678,1,True,False,598,False,12964,3994,45869487,174570705,45869068,174570436,0,0,1666063467,432352,distance_to_pickup,BATCH,hungarian,0,0,order,1
1666495819,248056,2545,363.1597444651596,1,True,False,629,False,12964,3994,46052240,174936640,46052598,174936579,0,0,1666063469,432350,distance_to_pickup,BATCH,hungarian,0,0,order,1
1666495819,329754,3841,77.38862965578342,1,True,False,2062,False,12964,3994,45850993,174552713,45851026,174552643,0,0,1666063477,432342,distance_to_pickup,BATCH,hungarian,0,0,order,1
1666495819,165567,3696,9939.371459000815,1,True,False,4675,False,12964,3994,45927565,174521517,45937134,174518829,0,0,1666063491,432328,distance_to_pickup,BATCH,hungarian,0,0,order,1
1666495819,411992,2772,60.166435825965294,1,True,False,3434,False,12964,3994,45858376,174534230,45858398,174534174,0,0,1666063508,432311,distance_to_pickup,BATCH,hungarian,0,0,order,1
1666495819,398497,2380,1235.311296799313,1,True,False,3840,False,12964,3994,45896917,174551954,45898112,174551641,0,0,1666063514,432305,distance_to_pickup,BATCH,hungarian,0,0,order,1
1666495819,13319,775,80.52949770115296,1,True,False,1618,False,12964,3994,45874746,174650130,45874708,174650201,0,0,1666063523,432296,distance_to_pickup,BATCH,hungarian,0,0,order,1
1666495819,287965,2954,205.4555913086816,1,True,False,562,False,12964,3994,45856379,174586795,45856555,174586901,0,0,1666063532,432287,distance_to_pickup,BATCH,hungarian,0,0,order,1
1666495819,540747,1826,250.39169315294788,1,True,False,1865,False,12964,3994,45907395,174569323,45907645,174569309,0,0,1666063532,432287,distance_to_pickup,BATCH,hungarian,0,0,order,1
1666495819,13324,304,606.0,1,True,False,57,False,12964,3994,45866440,174556210,45866560,174555616,0,0,1666063549,432270,distance_to_pickup,BATCH,hungarian,0,0,order,1
1666495819,104954,2368,600.1708090202321,1,True,False,460,False,12964,3994,45865342,174580599,45865393,174580001,0,0,1666063563,432256,distance_to_pickup,BATCH,hungarian,0,0,order,1
1666495819,475610,50,4649.939461971521,1,True,False,3296,False,12964,3994,45849298,174548682,45846994,174544643,0,0,1666063574,432245,distance_to_pickup,BATCH,hungarian,0,0,order,1
1666495819,360328,1706,2684.8076281178883,1,True,False,690,False,12964,3994,45854391,174579922,45852167,174581426,0,0,1666063579,432240,distance_to_pickup,BATCH,hungarian,0,0,order,1
1666495819,141310,4263,270.95571593897034,1,True,False,244,False,12964,3994,45872595,174584692,45872859,174584631,0,0,1666063579,432240,distance_to_pickup,BATCH,hungarian,0,0,order,1
1666495819,174579,982,97.75479527879949,1,True,False,617,False,12964,3994,46052744,174930198,46052694,174930114,0,0,1666063584,432235,distance_to_pickup,BATCH,hungarian,0,0,order,1
1666495819,414619,2913,1287.5061164903257,1,True,False,410,False,12964,3994,45886132,174559501,45885946,174558227,0,0,1666063584,432235,distance_to_pickup,BATCH,hungarian,0,0,order,1
1666495819,454559,3095,1334.5714668012351,1,True,False,2471,False,12964,3994,45884568,174549661,45885788,174549120,0,0,1666063586,432233,distance_to_pickup,BATCH,hungarian,0,0,order,1
1666495819,467788,2123,508.81529065074295,1,True,False,3125,False,12964,3994,45881950,174565400,45881483,174565198,0,0,1666063586,432233,distance_to_pickup,BATCH,hungarian,0,0,order,1
1666495819,498920,3457,968.2065895251901,1,True,False,1927,False,12964,3994,45774646,174561214,45773706,174560982,0,0,1666063588,432231,distance_to_pickup,BATCH,hungarian,0,0,order,1
1666495819,514654,2987,65.94694837519019,1,True,False,564,False,12964,3994,45885799,174544728,45885756,174544678,0,0,1666063589,432230,distance_to_pickup,BATCH,hungarian,0,0,order,1
1666495819,491147,2341,4930.314493011577,1,True,False,1338,False,12964,3994,45769666,174579348,45764986,174580899,0,0,1666063592,432227,distance_to_pickup,BATCH,hungarian,0,0,order,1
1666495819,514653,1830,42.01190307520001,1,True,False,2500,False,12964,3994,45879856,174634533,45879898,174634532,0,0,1666063592,432227,distance_to_pickup,BATCH,hungarian,0,0,order,1
1666495819,324326,2348,1501.1995203836163,1,True,False,1148,False,12964,3994,45897720,174529815,45897660,174528315,0,0,1666063593,432226,distance_to_pickup,BATCH,hungarian,0,0,order,1
1666495819,561339,1161,74.81310045707235,1,True,False,3958,False,12964,3994,45870851,174548314,45870862,174548240,0,0,1666063594,432225,distance_to_pickup,BATCH,hungarian,0,0,order,1
1666495819,70664,869,214.67417171145672,1,True,False,404,False,12964,3994,45882724,174541741,45882531,174541835,0,0,1666063628,432191,distance_to_pickup,BATCH,hungarian,0,0,order,1
1666495819,360329,1232,70.178344238091,1,True,False,4019,False,12964,3994,45895872,174555845,45895925,174555891,0,0,1666063686,432133,distance_to_pickup,BATCH,hungarian,0,0,order,1
1666495819,227668,4037,16273.814088897538,1,True,False,2450,False,12964,3994,45865463,174482601,45853211,174493312,0,0,1666063722,432097,distance_to_pickup,BATCH,hungarian,0,0,order,1
1666495819,126060,783,6280.312492225208,1,True,False,1317,False,12964,3994,45830710,174564025,45824463,174564671,0,0,1666063750,432069,distance_to_pickup,BATCH,hungarian,0,0,order,1
1666495819,419970,1303,341.11874765248535,1,True,False,1831,False,12964,3994,45858951,174566601,45858720,174566350,0,0,1666063754,432065,distance_to_pickup,BATCH,hungarian,0,0,order,1
1666495819,338056,4199,13970.852228837008,1,True,False,3150,False,12964,3994,45921212,174542532,45935166,174543218,0,0,1666063757,432062,distance_to_pickup,BATCH,hungarian,0,0,order,1
1666495819,144370,4446,125.93649193144932,1,True,False,3981,False,12964,3994,45879060,174634370,45879082,174634494,0,0,1666063760,432059,distance_to_pickup,BATCH,hungarian,0,0,order,1
1666495819,411996,2974,4696.286618169722,1,True,False,1045,False,12964,3994,45836107,174539555,45836939,174534933,0,0,1666063761,432058,distance_to_pickup,BATCH,hungarian,0,0,order,1
1666495819,343714,3617,1211.1886723380467,1,True,False,741,False,12964,3994,45849205,174570359,45849878,174571366,0,0,1666063762,432057,distance_to_pickup,BATCH,hungarian,0,0,order,1
1666495819,150392,3008,668.2828742381478,1,True,False,126,False,12964,3994,45866698,174606413,45866039,174606524,0,0,1666063762,432057,distance_to_pickup,BATCH,hungarian,0,0,order,1
1666495819,478262,4512,1850.5472163660131,1,True,False,2243,False,12964,3994,45885075,174565745,45886781,174566462,0,0,1666063766,432053,distance_to_pickup,BATCH,hungarian,0,0,order,1
1666495819,304816,3915,1944.5845314616693,1,True,False,2725,False,12964,3994,45885546,174539618,45883666,174539121,0,0,1666063767,432052,distance_to_pickup,BATCH,hungarian,0,0,order,1
1666495819,213056,1579,560.3115204955186,1,True,False,3070,False,12964,3994,45846275,174552476,45846168,174553026,0,0,1666063768,432051,distance_to_pickup,BATCH,hungarian,0,0,order,1
1666495819,239306,4108,355.07886447942803,1,True,False,2777,False,12964,3994,45866326,174602374,45865981,174602290,0,0,1666063769,432050,distance_to_pickup,BATCH,hungarian,0,0,order,1
1666495819,435986,205,89.64373932405988,1,True,False,3127,False,12964,3994,45851168,174552629,45851238,174552573,0,0,1666063772,432047,distance_to_pickup,BATCH,hungarian,0,0,order,1
1666495819,417309,4208,204.9780476051033,1,True,False,702,False,12964,3994,45864213,174615211,45864193,174615415,0,0,1666063774,432045,distance_to_pickup,BATCH,hungarian,0,0,order,1
1666495819,302003,4267,1417.5817436747695,1,True,False,2887,False,12964,3994,45855857,174553570,45854504,174553147,0,0,1666063774,432045,distance_to_pickup,BATCH,hungarian,0,0,order,1
1666495819,265148,3144,830.8321130047875,1,True,False,1337,False,12964,3994,45898418,174584604,45897887,174585243,0,0,1666063777,432042,distance_to_pickup,BATCH,hungarian,0,0,order,1
1666495819,470596,3473,797.2578002127041,1,True,False,2430,False,12964,3994,45862134,174526400,45862348,174525632,0,0,1666101417,394402,distance_to_pickup,BATCH,hungarian,0,0,order,1
1666495819,227907,2176,657.1795797192727,1,True,False,3841,False,12964,3994,45862134,174526400,45862745,174526158,0,0,1666106225,389594,distance_to_pickup,BATCH,hungarian,0,0,order,1
1666495819,533198,1479,576.4512121593639,1,True,False,612,False,12964,3994,45865852,174556038,45865542,174555552,0,0,1666146035,349784,distance_to_pickup,BATCH,hungarian,0,0,order,1
1666495819,504501,2586,163.77118183612157,1,True,False,816,False,12964,3994,45886608,174551437,45886447,174551467,0,0,1666146107,349712,distance_to_pickup,BATCH,hungarian,0,0,order,1
1666495819,3943,4038,5035.551211138658,1,True,False,2089,False,12964,3994,45842390,174575013,45847416,174575323,0,0,1666146188,349631,distance_to_pickup,BATCH,hungarian,0,0,order,1
1666495819,475872,208,5206.973881248109,1,True,False,2089,False,12964,3994,45842390,174575013,45846946,174572492,0,0,1666146252,349567,distance_to_pickup,BATCH,hungarian,0,0,order,1
1666495819,168818,556,801.3794357231785,1,True,False,2480,False,12964,3994,45859785,174572002,45859232,174571422,0,0,1666148143,347676,distance_to_pickup,BATCH,hungarian,0,0,order,1
1666495819,517497,425,673.5822147295755,1,True,False,250,False,12964,3994,45890057,174537490,45889609,174536987,0,0,1666148758,347061,distance_to_pickup,BATCH,hungarian,0,0,order,1
1666495819,239631,788,38.28837943815329,1,True,False,3560,False,12964,3994,45865177,174556709,45865148,174556684,0,0,1666148801,347018,distance_to_pickup,BATCH,hungarian,0,0,order,1
1666495819,346714,4264,625.4998001598402,1,True,False,1541,False,12964,3994,45866511,174563245,45867026,174563600,0,0,1666148834,346985,distance_to_pickup,BATCH,hungarian,0,0,order,1
1666495819,89842,612,908.9581948582673,1,True,False,3350,False,12964,3994,45866511,174563245,45867005,174562482,0,0,1666148972,346847,distance_to_pickup,BATCH,hungarian,0,0,order,1
1666495819,509707,198,144.99655168313487,1,True,False,3503,False,12964,3994,45890057,174537490,45890189,174537430,0,0,1666149088,346731,distance_to_pickup,BATCH,hungarian,0,0,order,1
1666495819,150724,480,634.4832543101512,1,True,False,384,False,12964,3994,45858913,174568417,45858476,174567957,0,0,1666149128,346691,distance_to_pickup,BATCH,hungarian,0,0,order,1
1666495819,346721,1541,74.68600939935136,1,True,False,1426,False,12964,3994,45869063,174568482,45869096,174568415,0,0,1666149149,346670,distance_to_pickup,BATCH,hungarian,0,0,order,1
1666495819,462730,1353,2060.041261722687,1,True,False,3976,False,12964,3994,45821765,174523296,45822488,174525225,0,0,1666149181,346638,distance_to_pickup,BATCH,hungarian,0,0,order,1
1666495819,344030,91,768.4380261283275,1,True,False,3782,False,12964,3994,45877696,174531930,45877975,174532646,0,0,1666149231,346588,distance_to_pickup,BATCH,hungarian,0,0,order,1
1666495819,371685,1772,15518.75848771415,1,True,False,43,False,12964,3994,45869978,174653819,45869374,174669326,0,0,1666149262,346557,distance_to_pickup,BATCH,hungarian,0,0,order,1
1666495819,355079,2040,91.706052144883,1,True,False,2781,False,12964,3994,45890444,174572525,45890531,174572496,0,0,1666149352,346467,distance_to_pickup,BATCH,hungarian,0,0,order,1
1666495819,412318,121,485.53578652865536,1,True,False,965,False,12964,3994,45899570,174535990,45900034,174535847,0,0,1666149389,346430,distance_to_pickup,BATCH,hungarian,0,0,order,1
1666495819,368959,1186,1710.328915735216,1,True,False,709,False,12964,3994,45868279,174552240,45868615,174553917,0,0,1666149405,346414,distance_to_pickup,BATCH,hungarian,0,0,order,1
1666495819,251225,3901,24453.360362126103,1,True,False,3901,False,12964,3994,45832348,174586496,45824480,174609649,0,0,1666149444,346375,distance_to_pickup,BATCH,hungarian,0,0,order,1
1666495819,13717,1309,647.7345135161473,1,True,False,3113,False,12964,3994,45865755,174581016,45866209,174580554,0,0,1666149464,346355,distance_to_pickup,BATCH,hungarian,0,0,order,1
1666495819,305150,3281,781.314917302876,1,True,False,2254,False,12964,3994,45892904,174543885,45892561,174544587,0,0,1666149474,346345,distance_to_pickup,BATCH,hungarian,0,0,order,1
1666495819,16939,2909,1425.4016977680362,1,True,False,124,False,12964,3994,45897720,174529815,45898613,174528704,0,0,1666149498,346321,distance_to_pickup,BATCH,hungarian,0,0,order,1
1666495819,144733,4050,1155.4990263950897,1,True,False,2888,False,12964,3994,45854334,174566846,45855431,174567209,0,0,1666149505,346314,distance_to_pickup,BATCH,hungarian,0,0,order,1
1666495819,171906,3103,2287.292067052216,1,True,False,3116,False,12964,3994,45871068,174595314,45871295,174593038,0,0,1666149512,346307,distance_to_pickup,BATCH,hungarian,0,0,order,1
1666495819,135586,4556,2278.607030621998,1,True,False,2271,False,12964,3994,45899716,174565883,45900749,174563852,0,0,1666149514,346305,distance_to_pickup,BATCH,hungarian,0,0,order,1
1666495819,135587,1095,885.1180712198797,1,True,False,1582,False,12964,3994,45869364,174570875,45868567,174570490,0,0,1666149517,346302,distance_to_pickup,BATCH,hungarian,0,0,order,1
1666495819,812,3146,1240.6981905362802,1,True,False,713,False,12964,3994,45906263,174574373,45906519,174575587,0,0,1666149544,346275,distance_to_pickup,BATCH,hungarian,0,0,order,1
1666495819,352290,1026,745.3992218938788,1,True,False,3048,False,12964,3994,45869487,174570705,45869095,174570071,0,0,1666149569,346250,distance_to_pickup,BATCH,hungarian,0,0,order,1
1666495819,171907,3674,363.23270777836075,1,True,False,3652,False,12964,3994,45859610,174593520,45859597,174593883,0,0,1666149576,346243,distance_to_pickup,BATCH,hungarian,0,0,order,1
1666495819,227984,3397,449.36955838151744,1,True,False,790,False,12964,3994,45863417,174579658,45863660,174580036,0,0,1666149580,346239,distance_to_pickup,BATCH,hungarian,0,0,order,1
1666495819,559062,4313,1904.1756746687004,1,True,False,4238,False,12964,3994,45895743,174547743,45895537,174549636,0,0,1666149590,346229,distance_to_pickup,BATCH,hungarian,0,0,order,1
1666495819,363438,2618,118.20744477400736,1,True,False,1381,False,12964,3994,45865342,174565861,45865349,174565743,0,0,1666149610,346209,distance_to_pickup,BATCH,hungarian,0,0,order,1
1666495819,96121,4039,58.18934610390462,1,True,False,4270,False,12964,3994,45851375,174554560,45851394,174554615,0,0,1666149618,346201,distance_to_pickup,BATCH,hungarian,0,0,order,1
1666495819,111327,955,159.52429282087414,1,True,False,1170,False,12964,3994,45890444,174572525,45890602,174572503,0,0,1666149632,346187,distance_to_pickup,BATCH,hungarian,0,0,order,1
1666495819,344036,3506,4596.866976539565,1,True,False,1579,False,12964,3994,45839765,174551620,45835170,174551751,0,0,1666149634,346185,distance_to_pickup,BATCH,hungarian,0,0,order,1
1666495819,514955,4413,4622.795799080898,1,True,False,2512,False,12964,3994,45883773,174566833,45880868,174570429,0,0,1666149638,346181,distance_to_pickup,BATCH,hungarian,0,0,order,1
1666495819,360646,3551,742.7200010771219,1,True,False,4186,False,12964,3994,45869364,174570875,45868627,174570967,0,0,1666149642,346177,distance_to_pickup,BATCH,hungarian,0,0,order,1
1666495819,225091,821,2498.4367112256414,1,True,False,2288,False,12964,3994,45890726,174554744,45891351,174557163,0,0,1666149650,346169,distance_to_pickup,BATCH,hungarian,0,0,order,1
1666495819,49062,1942,699.8178334395316,1,True,False,340,False,12964,3994,45869364,174570875,45868787,174570479,0,0,1666149662,346157,distance_to_pickup,BATCH,hungarian,0,0,order,1
1666495819,310860,2103,81.54140052758476,1,True,False,654,False,12964,3994,45857789,174567827,45857744,174567759,0,0,1666149666,346153,distance_to_pickup,BATCH,hungarian,0,0,order,1
1666495819,473310,3422,832.8313154534957,1,True,False,1344,False,12964,3994,45860440,174563526,45859758,174564004,0,0,1666149705,346114,distance_to_pickup,BATCH,hungarian,0,0,order,1
1666495819,26596,1754,39.01281840626232,1,True,False,1811,False,12964,3994,45896259,174552883,45896298,174552882,0,0,1666149712,346107,distance_to_pickup,BATCH,hungarian,0,0,order,1
1666495819,538509,1112,2183.031149571623,1,True,False,787,False,12964,3994,45889913,174596658,45891313,174594983,0,0,1666149715,346104,distance_to_pickup,BATCH,hungarian,0,0,order,1
1666495819,245428,2542,1457.1266245594443,1,True,False,266,False,12964,3994,45867140,174551189,45868397,174551926,0,0,1666149738,346081,distance_to_pickup,BATCH,hungarian,0,0,order,1
1666495819,45884,2001,906.0049668738026,1,True,False,624,False,12964,3994,45897720,174529815,45898347,174530469,0,0,1666149747,346072,distance_to_pickup,BATCH,hungarian,0,0,order,1
1666495819,248391,2673,919.4003480530122,1,True,False,1087,False,12964,3994,45895612,174555834,45895488,174556745,0,0,1666149755,346064,distance_to_pickup,BATCH,hungarian,0,0,order,1
1666495819,321919,1282,37.8549864614954,1,True,False,1511,False,12964,3994,45919710,174542400,45919718,174542363,0,0,1666149758,346061,distance_to_pickup,BATCH,hungarian,0,0,order,1
1666495819,207401,3600,486.41134855181986,1,True,False,2279,False,12964,3994,45914255,174560861,45914235,174561347,0,0,1666149765,346054,distance_to_pickup,BATCH,hungarian,0,0,order,1
1666495819,313676,1963,288.6468430452687,1,True,False,1880,False,12964,3994,45919660,174549308,45919509,174549062,0,0,1666149781,346038,distance_to_pickup,BATCH,hungarian,0,0,order,1
1666495819,316391,2690,322.12109524214645,1,True,False,2364,False,12964,3994,45879175,174650529,45878866,174650438,0,0,1666149794,346025,distance_to_pickup,BATCH,hungarian,0,0,order,1
1666495819,171915,3240,1332.1568976663373,1,True,False,3481,False,12964,3994,45890726,174554744,45890327,174553473,0,0,1666149809,346010,distance_to_pickup,BATCH,hungarian,0,0,order,1
1666495819,319141,1669,132.27622613304328,1,True,False,1305,False,12964,3994,45857898,174580631,45857989,174580727,0,0,1666149835,345984,distance_to_pickup,BATCH,hungarian,0,0,order,1
1666495819,10529,2750,177.62882648939615,1,True,False,1375,False,12964,3994,45874660,174647685,45874684,174647861,0,0,1666149843,345976,distance_to_pickup,BATCH,hungarian,0,0,order,1
1666495819,168869,1625,355.38429903415823,1,True,False,2300,False,12964,3994,45855384,174572020,45855727,174572113,0,0,1666149844,345975,distance_to_pickup,BATCH,hungarian,0,0,order,1
1666495819,527950,1730,1749.3707440105427,1,True,False,2621,False,12964,3994,45859609,174526380,45858142,174525427,0,0,1666149848,345971,distance_to_pickup,BATCH,hungarian,0,0,order,1
1666495819,307989,1636,1300.584868434198,1,True,False,2241,False,12964,3994,45872619,174581280,45872083,174582465,0,0,1666149854,345965,distance_to_pickup,BATCH,hungarian,0,0,order,1
1666495819,198514,1275,84.38009243891595,1,True,False,276,False,12964,3994,45862770,174579470,45862686,174579462,0,0,1666149862,345957,distance_to_pickup,BATCH,hungarian,0,0,order,1
1666495819,4005,3884,540.051849362633,1,True,False,2316,False,12964,3994,45889647,174545036,45889381,174544566,0,0,1666149865,345954,distance_to_pickup,BATCH,hungarian,0,0,order,1
1666495819,316394,1392,381.87170620510756,1,True,False,2685,False,12964,3994,45847796,174583688,45847447,174583843,0,0,1666149868,345951,distance_to_pickup,BATCH,hungarian,0,0,order,1
1666495819,530604,919,642.8724601349788,1,True,False,3228,False,12964,3994,45853590,174551680,45853144,174552143,0,0,1666149868,345951,distance_to_pickup,BATCH,hungarian,0,0,order,1
1666495819,454876,2129,210.85777196963835,1,True,False,3567,False,12964,3994,45912786,174527997,45912741,174528203,0,0,1666149871,345948,distance_to_pickup,BATCH,hungarian,0,0,order,1
1666495819,522721,1604,565.5201145847954,1,True,False,1962,False,12964,3994,45858333,174577003,45858846,174576765,0,0,1666149873,345946,distance_to_pickup,BATCH,hungarian,0,0,order,1
1666495819,436275,1246,550.4407325044177,1,True,False,2231,False,12964,3994,45861574,174545446,45861838,174544963,0,0,1666149876,345943,distance_to_pickup,BATCH,hungarian,0,0,order,1
1666495819,527954,1840,2771.8704875949743,1,True,False,3762,False,12964,3994,45901103,174575443,45898974,174573668,0,0,1666149878,345941,distance_to_pickup,BATCH,hungarian,0,0,order,1
1666495819,454875,1589,200.5691900566984,1,True,False,701,False,12964,3994,45920336,174546846,45920394,174547038,0,0,1666149880,345939,distance_to_pickup,BATCH,hungarian,0,0,order,1
1666495819,71038,293,391.94514922371474,1,True,False,2485,False,12964,3994,46043350,174941053,46042975,174940939,0,0,1666149881,345938,distance_to_pickup,BATCH,hungarian,0,0,order,1
1666495819,360655,643,270.1481075262235,1,True,False,1033,False,12964,3994,45875366,174647864,45875178,174647670,0,0,1666149884,345935,distance_to_pickup,BATCH,hungarian,0,0,order,1
1666495819,233762,1326,439.7237769327467,1,True,False,3426,False,12964,3994,45920351,174541842,45920460,174541416,0,0,1666149898,345921,distance_to_pickup,BATCH,hungarian,0,0,order,1
1666495819,441639,2239,5018.705510388112,1,True,False,2239,False,12964,3994,45842390,174575013,45847401,174574735,0,0,1666149918,345901,distance_to_pickup,BATCH,hungarian,0,0,order,1
1666495819,183886,3081,163.44112089679268,1,True,False,4032,False,12964,3994,45856328,174549215,45856165,174549227,0,0,1666149935,345884,distance_to_pickup,BATCH,hungarian,0,0,order,1
1666495819,93014,2179,284.05985284795173,1,True,False,728,False,12964,3994,45907083,174574096,45906962,174573839,0,0,1666149950,345869,distance_to_pickup,BATCH,hungarian,0,0,order,1
1666495819,210483,3556,4190.4295722515135,1,True,False,2100,False,12964,3994,45855384,174572020,45851996,174574486,0,0,1666149980,345839,distance_to_pickup,BATCH,hungarian,0,0,order,1
1666495819,509722,2448,599.6565683789347,1,True,False,3781,False,12964,3994,45884225,174633972,45883897,174633470,0,0,1666149985,345834,distance_to_pickup,BATCH,hungarian,0,0,order,1
1666495819,494071,2025,51.264022471905186,1,True,False,617,False,12964,3994,46052240,174936640,46052192,174936658,0,0,1666149986,345833,distance_to_pickup,BATCH,hungarian,0,0,order,1
1666495819,546179,3302,2389.023231364651,1,True,False,908,False,12964,3994,45862853,174510891,45865139,174511585,0,0,1666149989,345830,distance_to_pickup,BATCH,hungarian,0,0,order,1
1666495819,414925,723,96.60227740586657,1,True,False,751,False,12964,3994,45896831,174552975,45896875,174552889,0,0,1666149991,345828,distance_to_pickup,BATCH,hungarian,0,0,order,1
1666495819,4010,1718,1047.082136224279,1,True,False,1683,False,12964,3994,45864551,174569411,45863660,174568861,0,0,1666149994,345825,distance_to_pickup,BATCH,hungarian,0,0,order,1
1666495819,58501,4059,4586.976891156091,1,True,False,1405,False,12964,3994,45854359,174528514,45853173,174532945,0,0,1666149998,345821,distance_to_pickup,BATCH,hungarian,0,0,order,1
1666495819,548770,2248,181.2181006411887,1,True,False,500,False,12964,3994,46052420,174943340,46052286,174943462,0,0,1666149999,345820,distance_to_pickup,BATCH,hungarian,0,0,order,1
1666495819,138605,1067,2576.062887431128,1,True,False,132,False,12964,3994,46047150,174936770,46045100,174935210,0,0,1666150002,345817,distance_to_pickup,BATCH,hungarian,0,0,order,1
1666495819,144744,3197,9842.109783984326,1,True,False,1179,False,12964,3994,45861721,174510844,45866258,174502110,0,0,1666150005,345814,distance_to_pickup,BATCH,hungarian,0,0,order,1
1666495819,168863,4823,147.05441169852742,1,True,False,2093,False,12964,3994,45833341,174582070,45833337,174581923,0,0,1666150010,345809,distance_to_pickup,BATCH,hungarian,0,0,order,1
1666495819,227994,4767,249.35917869611296,1,True,False,1507,False,12964,3994,45858492,174556881,45858278,174556753,0,0,1666150057,345762,distance_to_pickup,BATCH,hungarian,0,0,order,1
1666495819,457496,881,122.20065466273084,1,True,False,1649,False,12964,3994,45863450,174583210,45863377,174583112,0,0,1666150099,345720,distance_to_pickup,BATCH,hungarian,0,0,order,1
1666495819,99158,1851,938.2899338690573,1,True,False,43,False,12964,3994,45875400,174648139,45876088,174647501,0,0,1666150101,345718,distance_to_pickup,BATCH,hungarian,0,0,order,1
1666495819,222261,2808,1554.9575556908298,1,True,False,1575,False,12964,3994,45906905,174574828,45906568,174576346,0,0,1666150164,345655,distance_to_pickup,BATCH,hungarian,0,0,order,1
1666495819,61619,200,11204.65800459791,1,True,False,1345,False,12964,3994,46043095,174958902,46035730,174967346,0,0,1666150170,345649,distance_to_pickup,BATCH,hungarian,0,0,order,1
1666495819,444329,3205,133.29666162361306,1,True,False,2579,False,12964,3994,45767519,174566315,45767581,174566197,0,0,1666150172,345647,distance_to_pickup,BATCH,hungarian,0,0,order,1
1666495819,827,4808,422.93380096653425,1,True,False,1689,False,12964,3994,45886081,174590587,45885753,174590320,0,0,1666150173,345646,distance_to_pickup,BATCH,hungarian,0,0,order,1
1666495819,475916,2288,1046.4845913820232,1,True,False,2678,False,12964,3994,45892840,174554130,45892139,174554907,0,0,1666150174,345645,distance_to_pickup,BATCH,hungarian,0,0,order,1
1666495819,147736,2388,163.01226947687098,1,True,False,2856,False,12964,3994,45905023,174570691,45904860,174570689,0,0,1666150175,345644,distance_to_pickup,BATCH,hungarian,0,0,order,1
1666495819,338400,2,246.272207120495,1,True,False,356,False,12964,3994,45898882,174581656,45898701,174581823,0,0,1666150180,345639,distance_to_pickup,BATCH,hungarian,0,0,order,1
1666495819,111349,1480,280.40149785619906,1,True,False,1239,False,12964,3994,46053230,174946828,46053202,174946549,0,0,1666150181,345638,distance_to_pickup,BATCH,hungarian,0,0,order,1
1666495819,377187,4144,874.645642531877,1,True,False,1272,False,12964,3994,45864643,174560225,45864845,174559374,0,0,1666150187,345632,distance_to_pickup,BATCH,hungarian,0,0,order,1
1666495819,222260,3511,431.1473066134126,1,True,False,4625,False,12964,3994,45879217,174648910,45878829,174648722,0,0,1666150192,345627,distance_to_pickup,BATCH,hungarian,0,0,order,1
1666495819,192941,4917,254.86663179004034,1,True,False,2791,False,12964,3994,45859987,174593971,45860241,174593950,0,0,1666222798,273021,distance_to_pickup,BATCH,hungarian,0,0,order,1
1666495819,46222,511,248.51961693194363,1,True,False,1331,False,12964,3994,45907170,174569840,45907329,174569649,0,0,1666235104,260715,distance_to_pickup,BATCH,hungarian,0,0,order,1
1666495819,52621,3535,1104.0407601171253,1,True,False,591,False,12964,3994,45892908,174566908,45891843,174566617,0,0,1666235271,260548,distance_to_pickup,BATCH,hungarian,0,0,order,1
1666495819,26956,886,1453.3994633272712,1,True,False,2093,False,12964,3994,45839621,174581329,45839734,174582778,0,0,1666235365,260454,distance_to_pickup,BATCH,hungarian,0,0,order,1
1666495819,123718,3597,130.3572015655445,1,True,False,396,False,12964,3994,45897627,174589712,45897700,174589820,0,0,1666235518,260301,distance_to_pickup,BATCH,hungarian,0,0,order,1
1666495819,181285,2331,4045.0456116093424,1,True,False,2818,False,12964,3994,45876130,174591527,45875875,174587490,0,0,1666235533,260286,distance_to_pickup,BATCH,hungarian,0,0,order,1
1666495819,525636,1109,1245.7772674117955,1,True,False,1233,False,12964,3994,45919543,174542267,45918298,174542223,0,0,1666235537,260282,distance_to_pickup,BATCH,hungarian,0,0,order,1
1666495819,172261,4495,1205.3700676555727,1,True,False,762,False,12964,3994,45905478,174561382,45904589,174562196,0,0,1666235544,260275,distance_to_pickup,BATCH,hungarian,0,0,order,1
1666495819,352625,2796,130.49521064008442,1,True,False,1545,False,12964,3994,46043750,174938854,46043720,174938727,0,0,1666235576,260243,distance_to_pickup,BATCH,hungarian,0,0,order,1
1666495819,338752,3520,2014.6553055051377,1,True,False,2282,False,12964,3994,45899965,174566462,45901615,174565306,0,0,1666235649,260170,distance_to_pickup,BATCH,hungarian,0,0,order,1
1666495819,96468,722,429.0571057563317,1,True,False,1561,False,12964,3994,45867880,174573167,45867887,174573596,0,0,1666235707,260112,distance_to_pickup,BATCH,hungarian,0,0,order,1
1666495819,268712,1347,262.8402556687236,1,True,False,1866,False,12964,3994,45861161,174563871,45861007,174563658,0,0,1666235720,260099,distance_to_pickup,BATCH,hungarian,0,0,order,1
1666495819,204818,1096,175.4821928287882,1,True,False,2117,False,12964,3994,45912320,174519710,45912495,174519723,0,0,1666235756,260063,distance_to_pickup,BATCH,hungarian,0,0,order,1
1666495819,280234,2174,1790.1913305565972,1,True,False,1721,False,12964,3994,45882191,174564363,45882472,174562595,0,0,1666235763,260056,distance_to_pickup,BATCH,hungarian,0,0,order,1
1666495819,178244,2249,1895.1474876642187,1,True,False,409,False,12964,3994,45885084,174594713,45884584,174596541,0,0,1666235797,260022,distance_to_pickup,BATCH,hungarian,0,0,order,1
1666495819,515233,4549,3007.3915608048114,1,True,False,1640,False,12964,3994,45846251,174554751,45846071,174557753,0,0,1666235816,260003,distance_to_pickup,BATCH,hungarian,0,0,order,1
1666495819,157093,4339,110.11357772772621,1,True,False,1154,False,12964,3994,45868629,174606647,45868522,174606673,0,0,1666235862,259957,distance_to_pickup,BATCH,hungarian,0,0,order,1
1666495819,299873,2578,2105.7447613611675,1,True,False,2799,False,12964,3994,45895506,174581108,45897611,174581164,0,0,1666235917,259902,distance_to_pickup,BATCH,hungarian,0,0,order,1
1666495819,277273,2606,1006.7065113527378,1,True,False,3824,False,12964,3994,45879192,174649067,45878295,174648610,0,0,1666235923,259896,distance_to_pickup,BATCH,hungarian,0,0,order,1
1666495819,7652,3378,6617.13238495347,1,True,False,654,False,12964,3994,45839765,174551620,45833194,174552400,0,0,1666235948,259871,distance_to_pickup,BATCH,hungarian,0,0,order,1
1666495819,1229,569,101.21264743103995,1,True,False,1035,False,12964,3994,45862520,174579394,45862440,174579456,0,0,1666235966,259853,distance_to_pickup,BATCH,hungarian,0,0,order,1
1666495819,344376,905,109.1146186356347,1,True,False,3228,False,12964,3994,45866440,174556210,45866445,174556101,0,0,1666235972,259847,distance_to_pickup,BATCH,hungarian,0,0,order,1
1666495819,407287,1638,2527.077758993577,1,True,False,3181,False,12964,3994,45880592,174633877,45879691,174631516,0,0,1666235973,259846,distance_to_pickup,BATCH,hungarian,0,0,order,1
1666495819,1230,4675,10659.88578738065,1,True,False,1000,False,12964,3994,45927610,174521620,45931037,174531714,0,0,1666236014,259805,distance_to_pickup,BATCH,hungarian,0,0,order,1
1666495819,271576,3166,95.63472172804185,1,True,False,4594,False,12964,3994,45896070,174555813,45895981,174555778,0,0,1666236030,259789,distance_to_pickup,BATCH,hungarian,0,0,order,1
1666495819,187129,276,622.2668237982803,1,True,False,886,False,12964,3994,45839377,174580415,45838897,174580019,0,0,1666236039,259780,distance_to_pickup,BATCH,hungarian,0,0,order,1
1666495819,417986,4080,8919.444040970267,1,True,False,2523,False,12964,3994,45849071,174527541,45840350,174529412,0,0,1666236041,259778,distance_to_pickup,BATCH,hungarian,0,0,order,1
1666495819,257313,93,204.15925156602626,1,True,False,2509,False,12964,3994,45886852,174551476,45887052,174551435,0,0,1666236069,259750,distance_to_pickup,BATCH,hungarian,0,0,order,1
1666495819,39688,2901,768.3078809956331,1,True,False,1618,False,12964,3994,45873799,174624643,45873503,174625352,0,0,1666236074,259745,distance_to_pickup,BATCH,hungarian,0,0,order,1
1666495819,163219,387,10.770329614269007,1,True,False,1462,False,12964,3994,45879819,174546573,45879829,174546577,0,0,1666236079,259740,distance_to_pickup,BATCH,hungarian,0,0,order,1
1666495819,231201,3570,2410.539566155262,1,True,False,823,False,12964,3994,45906893,174560171,45909119,174561096,0,0,1666236080,259739,distance_to_pickup,BATCH,hungarian,0,0,order,1
1666495819,374792,3043,81.30190649671138,1,True,False,24,False,12964,3994,45883446,174535886,45883453,174535967,0,0,1666236093,259726,distance_to_pickup,BATCH,hungarian,0,0,order,1
1666495819,55766,4180,48.25971404805462,1,True,False,1192,False,12964,3994,45894760,174555551,45894755,174555599,0,0,1666236114,259705,distance_to_pickup,BATCH,hungarian,0,0,order,1
1666495819,251558,1019,1064.490488449756,1,True,False,3355,False,12964,3994,45889986,174545204,45890868,174544608,0,0,1666236134,259685,distance_to_pickup,BATCH,hungarian,0,0,order,1
1666495819,543862,4070,18.027756377319946,1,True,False,3125,False,12964,3994,45860600,174572406,45860582,174572407,0,0,1666236139,259680,distance_to_pickup,BATCH,hungarian,0,0,order,1
1666495819,335940,1991,1710.1654890682364,1,True,False,1463,False,12964,3994,45905781,174531306,45906106,174532985,0,0,1666236160,259659,distance_to_pickup,BATCH,hungarian,0,0,order,1
1666495819,388339,4794,1619.4780023205008,1,True,False,2400,False,12964,3994,45857745,174547305,45856392,174548195,0,0,1666236171,259648,distance_to_pickup,BATCH,hungarian,0,0,order,1
1666495819,431258,3929,1180.2546335431182,1,True,False,2404,False,12964,3994,45833341,174582070,45832265,174582555,0,0,1666236188,259631,distance_to_pickup,BATCH,hungarian,0,0,order,1
1666495819,231205,4784,6585.544320707287,1,True,False,102,False,12964,3994,45852904,174549538,45851769,174543051,0,0,1666236233,259586,distance_to_pickup,BATCH,hungarian,0,0,order,1
1666495819,231216,3218,251.0,1,True,False,3482,False,12964,3994,45912399,174527757,45912399,174527506,0,0,1666236252,259567,distance_to_pickup,BATCH,hungarian,0,0,order,1
1666495819,157101,2094,1487.0514449742484,1,True,False,1447,False,12964,3994,45876516,174606113,45877985,174606344,0,0,1666236264,259555,distance_to_pickup,BATCH,hungarian,0,0,order,1
1666495819,517816,1057,8821.141536105177,1,True,False,939,False,12964,3994,45924613,174557214,45932406,174553081,0,0,1666236266,259553,distance_to_pickup,BATCH,hungarian,0,0,order,1
1666495819,455174,3214,589.6185207403173,1,True,False,3955,False,12964,3994,45907023,174524424,45907324,174524931,0,0,1666236271,259548,distance_to_pickup,BATCH,hungarian,0,0,order,1
1666495819,366569,4309,401.07480599010455,1,True,False,1455,False,12964,3994,45857104,174571059,45857498,174570984,0,0,1666236282,259537,distance_to_pickup,BATCH,hungarian,0,0,order,1
1666495819,222581,2285,2517.6278517684063,1,True,False,3648,False,12964,3994,45878745,174634478,45876242,174634207,0,0,1666236296,259523,distance_to_pickup,BATCH,hungarian,0,0,order,1
1666495819,415272,4086,84.05950273467003,1,True,False,4106,False,12964,3994,45885204,174593441,45885275,174593396,0,0,1666236333,259486,distance_to_pickup,BATCH,hungarian,0,0,order,1
1666495819,288661,1259,2202.8365804117198,1,True,False,3504,False,12964,3994,45847510,174589140,45849227,174590520,0,0,1666236336,259483,distance_to_pickup,BATCH,hungarian,0,0,order,1
1666495819,335944,1611,1498.1111440744307,1,True,False,401,False,12964,3994,45883513,174582364,45882069,174582763,0,0,1666236357,259462,distance_to_pickup,BATCH,hungarian,0,0,order,1
1666495819,463072,1319,3003.506284328368,1,True,False,48,False,12964,3994,45866931,174606684,45865436,174609289,0,0,1666236382,259437,distance_to_pickup,BATCH,hungarian,0,0,order,1
1666495819,308375,2813,1038.8325177813795,1,True,False,1068,False,12964,3994,45885082,174594249,45886100,174594456,0,0,1666236385,259434,distance_to_pickup,BATCH,hungarian,0,0,order,1
1666495819,74557,3232,82.37718130647589,1,True,False,2102,False,12964,3994,45857829,174568205,45857898,174568160,0,0,1666236386,259433,distance_to_pickup,BATCH,hungarian,0,0,order,1
1666495819,308374,3646,1011.3604698622544,1,True,False,1941,False,12964,3994,45831098,174564530,45831071,174565541,0,0,1666236389,259430,distance_to_pickup,BATCH,hungarian,0,0,order,1
1666495819,450009,4001,428.56504757154426,1,True,False,522,False,12964,3994,45888863,174535502,45888555,174535204,0,0,1666236391,259428,distance_to_pickup,BATCH,hungarian,0,0,order,1
1666495819,195982,3665,808.3347079026114,1,True,False,325,False,12964,3994,45896259,174552883,45895457,174552984,0,0,1666236392,259427,distance_to_pickup,BATCH,hungarian,0,0,order,1
1666495819,407291,2163,1070.2467005321716,1,True,False,4023,False,12964,3994,45877233,174546069,45878111,174545457,0,0,1666236393,259426,distance_to_pickup,BATCH,hungarian,0,0,order,1
1666495819,377498,2195,39.319206502675,1,True,False,1703,False,12964,3994,45853655,174604870,45853650,174604831,0,0,1666236397,259422,distance_to_pickup,BATCH,hungarian,0,0,order,1
1666495819,148105,3745,195.12560057562922,1,True,False,3391,False,12964,3994,45867240,174606690,45867247,174606495,0,0,1666236398,259421,distance_to_pickup,BATCH,hungarian,0,0,order,1
1666495819,74552,2748,388.0618507403169,1,True,False,4087,False,12964,3994,45907741,174567895,45908117,174567799,0,0,1666236399,259420,distance_to_pickup,BATCH,hungarian,0,0,order,1
1666495819,184219,660,910.7711018691799,1,True,False,1032,False,12964,3994,45885386,174582559,45885738,174581719,0,0,1666236457,259362,distance_to_pickup,BATCH,hungarian,0,0,order,1
1666495819,515243,2315,4513.809588363249,1,True,False,3246,False,12964,3994,45875792,174574232,45879971,174572526,0,0,1666236472,259347,distance_to_pickup,BATCH,hungarian,0,0,order,1
1666495819,111704,2639,4381.139806032215,1,True,False,3148,False,12964,3994,45864213,174615211,45859832,174615176,0,0,1666236556,259263,distance_to_pickup,BATCH,hungarian,0,0,order,1
1666495819,510052,1586,611.5815562948248,1,True,False,2919,False,12964,3994,45893979,174543549,45894075,174544153,0,0,1666236558,259261,distance_to_pickup,BATCH,hungarian,0,0,order,1
1666495819,457824,1906,481.74889724834867,1,True,False,3030,False,12964,3994,45867240,174606690,45867559,174606329,0,0,1666236561,259258,distance_to_pickup,BATCH,hungarian,0,0,order,1
1666495819,172279,3384,26.076809620810597,1,True,False,393,False,12964,3994,45919929,174542218,45919951,174542204,0,0,1666236563,259256,distance_to_pickup,BATCH,hungarian,0,0,order,1
1666495819,388348,4529,292.3302926485724,1,True,False,2581,False,12964,3994,45858382,174557172,45858093,174557128,0,0,1666236568,259251,distance_to_pickup,BATCH,hungarian,0,0,order,1
1666495819,175255,3047,978.0414101662567,1,True,False,3514,False,12964,3994,45885935,174559721,45885782,174558755,0,0,1666236577,259242,distance_to_pickup,BATCH,hungarian,0,0,order,1
1666495819,564445,3853,2745.8841927510343,1,True,False,1833,False,12964,3994,45854391,174579922,45852629,174582028,0,0,1666236577,259242,distance_to_pickup,BATCH,hungarian,0,0,order,1
1666495819,294279,3530,3280.38320932174,1,True,False,1542,False,12964,3994,45876179,174591689,45877744,174588806,0,0,1666236577,259242,distance_to_pickup,BATCH,hungarian,0,0,order,1
1666495819,160209,640,357.359762704197,1,True,False,388,False,12964,3994,45903111,174538818,45903152,174538463,0,0,1666236578,259241,distance_to_pickup,BATCH,hungarian,0,0,order,1
1666495819,380415,363,46.57252408878007,1,True,False,2989,False,12964,3994,45868780,174606590,45868768,174606635,0,0,1666320942,174877,distance_to_pickup,BATCH,hungarian,0,0,order,1
1666495819,319801,1613,100.42410069301094,1,True,False,3279,False,12964,3994,45896123,174555589,45896044,174555651,0,0,1666321034,174785,distance_to_pickup,BATCH,hungarian,0,0,order,1
1666495819,294579,3211,2414.696668320889,1,True,False,2716,False,12964,3994,45885007,174521596,45884025,174523802,0,0,1666321521,174298,distance_to_pickup,BATCH,hungarian,0,0,order,1
1666495819,515566,3764,1587.3833815433497,1,True,False,382,False,12964,3994,45859780,174572470,45858915,174573801,0,0,1666322041,173778,distance_to_pickup,BATCH,hungarian,0,0,order,1
1666495819,163600,2972,101.1236866416568,1,True,False,2134,False,12964,3994,45871167,174595947,45871172,174595846,0,0,1666322090,173729,distance_to_pickup,BATCH,hungarian,0,0,order,1
1666495819,24193,444,2572.8087764153793,1,True,False,3586,False,12964,3994,45867334,174556652,45869671,174557728,0,0,1666322178,173641,distance_to_pickup,BATCH,hungarian,0,0,order,1
1666495819,136306,309,144.2809758769326,1,True,False,4095,False,12964,3994,45901640,174584766,45901784,174584757,0,0,1666322178,173641,distance_to_pickup,BATCH,hungarian,0,0,order,1
1666495819,33737,1278,225.0,1,True,False,2615,False,12964,3994,45871107,174543976,45871242,174543796,0,0,1666322198,173621,distance_to_pickup,BATCH,hungarian,0,0,order,1
1666495819,1623,3706,8324.391629422536,1,True,False,1229,False,12964,3994,45873799,174624643,45876669,174616829,0,0,1666322218,173601,distance_to_pickup,BATCH,hungarian,0,0,order,1
1666495819,214153,2139,95.0,1,True,False,677,False,12964,3994,45852401,174515377,45852325,174515434,0,0,1666322236,173583,distance_to_pickup,BATCH,hungarian,0,0,order,1
1666495819,33746,4170,249.8039231077046,1,True,False,4393,False,12964,3994,45905850,174529930,45906011,174529739,0,0,1666322264,173555,distance_to_pickup,BATCH,hungarian,0,0,order,1
1666495819,455514,3475,647.3577063726051,1,True,False,1911,False,12964,3994,45883871,174599766,45884367,174600182,0,0,1666322333,173486,distance_to_pickup,BATCH,hungarian,0,0,order,1
1666495819,11296,1313,1629.664996249229,1,True,False,254,False,12964,3994,45857403,174575309,45858451,174574061,0,0,1666322360,173459,distance_to_pickup,BATCH,hungarian,0,0,order,1
1666495819,269088,3999,131.64345787011217,1,True,False,1767,False,12964,3994,45879175,174650529,45879078,174650618,0,0,1666322388,173431,distance_to_pickup,BATCH,hungarian,0,0,order,1
1666495819,40090,3325,84.53401682163222,1,True,False,1777,False,12964,3994,45880249,174546573,45880174,174546534,0,0,1666322400,173419,distance_to_pickup,BATCH,hungarian,0,0,order,1
1666495819,220072,2307,2992.063669108664,1,True,False,892,False,12964,3994,45879340,174647161,45878817,174644215,0,0,1666322401,173418,distance_to_pickup,BATCH,hungarian,0,0,order,1
1666495819,291747,3966,2030.7025877759647,1,True,False,1875,False,12964,3994,45899570,174535990,45901442,174536777,0,0,1666322420,173399,distance_to_pickup,BATCH,hungarian,0,0,order,1
1666495819,4786,2654,1764.4307864010989,1,True,False,98,False,12964,3994,45857919,174575648,45858815,174574128,0,0,1666322459,173360,distance_to_pickup,BATCH,hungarian,0,0,order,1
1666495819,325335,3101,479.9302032587655,1,True,False,3625,False,12964,3994,45893410,174534952,45893597,174534510,0,0,1666322481,173338,distance_to_pickup,BATCH,hungarian,0,0,order,1
1666495819,463445,1707,4255.634500283125,1,True,False,3823,False,12964,3994,45923690,174524047,45920461,174526819,0,0,1666322482,173337,distance_to_pickup,BATCH,hungarian,0,0,order,1
1666495819,497219,1678,1908.4352228985924,1,True,False,322,False,12964,3994,45821903,174523242,45822988,174524812,0,0,1666322561,173258,distance_to_pickup,BATCH,hungarian,0,0,order,1
1666495819,311526,954,91.98369420718001,1,True,False,1559,False,12964,3994,45896070,174555813,45895980,174555794,0,0,1666322561,173258,distance_to_pickup,BATCH,hungarian,0,0,order,1
1666495819,452954,195,235.07658326596462,1,True,False,1964,False,12964,3994,45898127,174586315,45898277,174586496,0,0,1666322569,173250,distance_to_pickup,BATCH,hungarian,0,0,order,1
1666495819,8039,2652,3953.878349165538,1,True,False,3227,False,12964,3994,45876366,174604891,45873739,174601936,0,0,1666322574,173245,distance_to_pickup,BATCH,hungarian,0,0,order,1
1666495819,314330,2535,708.180767883455,1,True,False,3081,False,12964,3994,45855857,174553570,45855445,174554146,0,0,1666322576,173243,distance_to_pickup,BATCH,hungarian,0,0,order,1
1666495819,439582,3071,333.63602922945836,1,True,False,1343,False,12964,3994,45856661,174605835,45856509,174605538,0,0,1666322611,173208,distance_to_pickup,BATCH,hungarian,0,0,order,1
1666495819,352953,1044,128.80993750483694,1,True,False,1753,False,12964,3994,45885269,174525154,45885165,174525078,0,0,1666322618,173201,distance_to_pickup,BATCH,hungarian,0,0,order,1
1666495819,234478,1083,605.3304882458838,1,True,False,2909,False,12964,3994,45893979,174543549,45894358,174544021,0,0,1666322619,173200,distance_to_pickup,BATCH,hungarian,0,0,order,1
1666495819,169583,1503,2810.4357313413166,1,True,False,3901,False,12964,3994,45838980,174580650,45836710,174582307,0,0,1666322635,173184,distance_to_pickup,BATCH,hungarian,0,0,order,1
1666495819,366861,1744,1034.1900212243397,1,True,False,2135,False,12964,3994,45854862,174578227,45855672,174577584,0,0,1666322635,173184,distance_to_pickup,BATCH,hungarian,0,0,order,1
1666495819,536530,4817,4834.916752127176,1,True,False,2140,False,12964,3994,45846823,174586799,45851455,174588185,0,0,1666322658,173161,distance_to_pickup,BATCH,hungarian,0,0,order,1
1666495819,130214,3804,476.59206875482096,1,True,False,2818,False,12964,3994,45856947,174585917,45856501,174586085,0,0,1666322658,173161,distance_to_pickup,BATCH,hungarian,0,0,order,1
1666495819,112076,692,608.5893525194143,1,True,False,2469,False,12964,3994,45872950,174581010,45872884,174581615,0,0,1666322667,173152,distance_to_pickup,BATCH,hungarian,0,0,order,1
1666495819,396798,1814,285.49080545614777,1,True,False,1816,False,12964,3994,46050687,174947859,46050963,174947932,0,0,1666322669,173150,distance_to_pickup,BATCH,hungarian,0,0,order,1
1666495819,78120,3753,479.90832457876786,1,True,False,537,False,12964,3994,45905781,174531306,45906055,174531700,0,0,1666322669,173150,distance_to_pickup,BATCH,hungarian,0,0,order,1
1666495819,300198,4177,15301.285828321748,1,True,False,1830,False,12964,3994,45885150,174634595,45900432,174635363,0,0,1666322671,173148,distance_to_pickup,BATCH,hungarian,0,0,order,1
1666495819,112071,1334,116.18089343777659,1,True,False,2825,False,12964,3994,45905860,174530290,45905973,174530263,0,0,1666322673,173146,distance_to_pickup,BATCH,hungarian,0,0,order,1
1666495819,46647,2480,884.4659405539594,1,True,False,2961,False,12964,3994,45868387,174537160,45867505,174537094,0,0,1666322674,173145,distance_to_pickup,BATCH,hungarian,0,0,order,1
1666495819,436900,1763,845.165072633743,1,True,False,1198,False,12964,3994,45904571,174564714,45905123,174565354,0,0,1666322696,173123,distance_to_pickup,BATCH,hungarian,0,0,order,1
1666495819,127130,1949,787.1295954288595,1,True,False,4431,False,12964,3994,45875669,174650538,45875276,174651220,0,0,1666322714,173105,distance_to_pickup,BATCH,hungarian,0,0,order,1
1666495819,319829,2780,164.28329190760695,1,True,False,1404,False,12964,3994,45873329,174545627,45873487,174545582,0,0,1666322757,173062,distance_to_pickup,BATCH,hungarian,0,0,order,1
1666495819,99975,2697,1723.3455834509805,1,True,False,3670,False,12964,3994,45909223,174542113,45909727,174540465,0,0,1666322773,173046,distance_to_pickup,BATCH,hungarian,0,0,order,1
1666495819,518121,2688,1905.4558509711003,1,True,False,1829,False,12964,3994,45897286,174566670,45897847,174568491,0,0,1666322785,173034,distance_to_pickup,BATCH,hungarian,0,0,order,1
1666495819,27361,1791,228.7378412069153,1,True,False,2798,False,12964,3994,45872595,174584692,45872706,174584492,0,0,1666322792,173027,distance_to_pickup,BATCH,hungarian,0,0,order,1
1666495819,24206,405,2910.18521747328,1,True,False,2717,False,12964,3994,45901239,174551404,45901946,174548581,0,0,1666322795,173024,distance_to_pickup,BATCH,hungarian,0,0,order,1
1666495819,211217,2271,111.75866856758807,1,True,False,1185,False,12964,3994,45895037,174566788,45895114,174566707,0,0,1666322796,173023,distance_to_pickup,BATCH,hungarian,0,0,order,1
1666495819,65533,754,324.6074552440224,1,True,False,2076,False,12964,3994,45889230,174571870,45889527,174571739,0,0,1666322923,172896,distance_to_pickup,BATCH,hungarian,0,0,order,1
1666495819,494662,408,805.8113923245315,1,True,False,870,False,12964,3994,45859868,174564963,45859442,174564279,0,0,1666322960,172859,distance_to_pickup,BATCH,hungarian,0,0,order,1
1666495819,291761,892,337.5114812861927,1,True,False,1058,False,12964,3994,45880041,174634830,45880374,174634775,0,0,1666322962,172857,distance_to_pickup,BATCH,hungarian,0,0,order,1
1666495819,277625,4701,9895.097018220691,1,True,False,1794,False,12964,3994,45884742,174633571,45891410,174626260,0,0,1666322964,172855,distance_to_pickup,BATCH,hungarian,0,0,order,1
1666495819,512986,1230,916.6896966803979,1,True,False,385,False,12964,3994,45892479,174527000,45891703,174526512,0,0,1666322965,172854,distance_to_pickup,BATCH,hungarian,0,0,order,1
1666495819,231572,818,357.33737559902687,1,True,False,896,False,12964,3994,46044381,174941835,46044702,174941678,0,0,1666322965,172854,distance_to_pickup,BATCH,hungarian,0,0,order,1
1666495819,154534,3059,389.08225351460067,1,True,False,1566,False,12964,3994,45891768,174544917,45891760,174544528,0,0,1666322967,172852,distance_to_pickup,BATCH,hungarian,0,0,order,1
1666495819,341872,702,96.62815324738438,1,True,False,1094,False,12964,3994,45853655,174604870,45853559,174604859,0,0,1666322969,172850,distance_to_pickup,BATCH,hungarian,0,0,order,1
1666495819,554758,1198,2101.839432497164,1,True,False,1057,False,12964,3994,45907047,174573121,45909099,174572666,0,0,1666401905,93914,distance_to_pickup,BATCH,hungarian,0,0,order,1
1666495819,75288,2066,1057.374578850844,1,True,False,59,False,12964,3994,45890427,174572450,45890782,174571454,0,0,1666404904,90915,distance_to_pickup,BATCH,hungarian,0,0,order,1
1666495819,257984,1886,13345.40254169952,1,True,False,248,False,12964,3994,45927610,174521620,45935973,174532020,0,0,1666406476,89343,distance_to_pickup,BATCH,hungarian,0,0,order,1
1666495819,65941,3464,4505.03374016222,1,True,False,4288,False,12964,3994,45862853,174510891,45867073,174509314,0,0,1666407549,88270,distance_to_pickup,BATCH,hungarian,0,0,order,1
1666495819,202575,3838,183.50476833041697,1,True,False,2041,False,12964,3994,45859558,174565479,45859715,174565574,0,0,1666408427,87392,distance_to_pickup,BATCH,hungarian,0,0,order,1
1666495819,214551,3931,4109.786004161288,1,True,False,889,False,12964,3994,45860804,174548317,45862950,174544812,0,0,1666408435,87384,distance_to_pickup,BATCH,hungarian,0,0,order,1
1666495819,314682,1543,1174.2882950962255,1,True,False,2813,False,12964,3994,45876179,174591689,45877046,174592481,0,0,1666408463,87356,distance_to_pickup,BATCH,hungarian,0,0,order,1
1666495819,468981,2543,354.1073283624613,1,True,False,920,False,12964,3994,45857590,174582796,45857354,174583060,0,0,1666408572,87247,distance_to_pickup,BATCH,hungarian,0,0,order,1
1666495819,266558,260,1542.8431546984937,1,True,False,885,False,12964,3994,45858576,174557766,45858030,174559209,0,0,1666408588,87231,distance_to_pickup,BATCH,hungarian,0,0,order,1
1666495819,94130,3285,2189.8705441189895,1,True,False,2634,False,12964,3994,45877486,174529889,45877864,174527732,0,0,1666408611,87208,distance_to_pickup,BATCH,hungarian,0,0,order,1
1666495819,164009,1207,962.0862747176055,1,True,False,2265,False,12964,3994,45855857,174553570,45856816,174553647,0,0,1666408641,87178,distance_to_pickup,BATCH,hungarian,0,0,order,1
1666495819,173044,1876,2607.757849187689,1,True,False,215,False,12964,3994,45885757,174583286,45885958,174585886,0,0,1666408690,87129,distance_to_pickup,BATCH,hungarian,0,0,order,1
1666495819,160937,2327,687.904789923722,1,True,False,274,False,12964,3994,45851746,174556414,45851168,174556787,0,0,1666408735,87084,distance_to_pickup,BATCH,hungarian,0,0,order,1
1666495819,418665,1811,78.5175139698144,1,True,False,563,False,12964,3994,45898303,174552929,45898225,174552938,0,0,1666408754,87065,distance_to_pickup,BATCH,hungarian,0,0,order,1
1666495819,65968,547,192.0833152566875,1,True,False,3426,False,12964,3994,45894760,174555551,45894596,174555651,0,0,1666408758,87061,distance_to_pickup,BATCH,hungarian,0,0,order,1
1666495819,347760,1378,70.2353187506115,1,True,False,4126,False,12964,3994,45885365,174582624,45885398,174582686,0,0,1666408759,87060,distance_to_pickup,BATCH,hungarian,0,0,order,1
1666495819,394431,503,949.3982304596949,1,True,False,2768,False,12964,3994,45863303,174559942,45862749,174559171,0,0,1666408768,87051,distance_to_pickup,BATCH,hungarian,0,0,order,1
1666495819,421222,385,2216.41715387695,1,True,False,2144,False,12964,3994,45901257,174555664,45899326,174556752,0,0,1666408769,87050,distance_to_pickup,BATCH,hungarian,0,0,order,1
1666495819,237823,502,647.9729932643799,1,True,False,2778,False,12964,3994,45822976,174546904,45823186,174547517,0,0,1666408785,87034,distance_to_pickup,BATCH,hungarian,0,0,order,1
1666495819,37285,3333,1966.322710035156,1,True,False,830,False,12964,3994,45920336,174546846,45919877,174544934,0,0,1666408794,87025,distance_to_pickup,BATCH,hungarian,0,0,order,1
1666495819,442613,3165,2748.415179699021,1,True,False,1615,False,12964,3994,45885084,174594713,45884479,174597394,0,0,1666408866,86953,distance_to_pickup,BATCH,hungarian,0,0,order,1
1666495819,179077,2415,434.7884543085292,1,True,False,606,False,12964,3994,45858630,174584062,45858970,174584333,0,0,1666408875,86944,distance_to_pickup,BATCH,hungarian,0,0,order,1
1666495819,234902,3345,182.5267103741258,1,True,False,2660,False,12964,3994,45920336,174546846,45920486,174546950,0,0,1666408886,86933,distance_to_pickup,BATCH,hungarian,0,0,order,1
1666495819,402551,4722,229.95651762887695,1,True,False,2389,False,12964,3994,45876463,174601342,45876687,174601290,0,0,1666408922,86897,distance_to_pickup,BATCH,hungarian,0,0,order,1
1666495819,482092,3493,793.9773296511684,1,True,False,418,False,12964,3994,45856266,174575029,45855490,174575197,0,0,1666408927,86892,distance_to_pickup,BATCH,hungarian,0,0,order,1
1666495819,5187,2360,381.26237684828016,1,True,False,2452,False,12964,3994,45862152,174600634,45862121,174600254,0,0,1666408929,86890,distance_to_pickup,BATCH,hungarian,0,0,order,1
1666495819,231979,164,367.39624385668395,1,True,False,2402,False,12964,3994,45865755,174581016,45866121,174580984,0,0,1666408935,86884,distance_to_pickup,BATCH,hungarian,0,0,order,1
1666495819,167047,4427,2138.6243241859943,1,True,False,1619,False,12964,3994,45855750,174541130,45857683,174542045,0,0,1666408969,86850,distance_to_pickup,BATCH,hungarian,0,0,order,1
1666495819,75342,2212,55.57877292636101,1,True,False,1251,False,12964,3994,45896259,174552883,45896314,174552891,0,0,1666408979,86840,distance_to_pickup,BATCH,hungarian,0,0,order,1
1666495819,423968,3664,280.34443101299513,1,True,False,2132,False,12964,3994,45863177,174583757,45863289,174584014,0,0,1666408981,86838,distance_to_pickup,BATCH,hungarian,0,0,order,1
1666495819,18135,3645,8867.774128833007,1,True,False,1729,False,12964,3994,45817897,174564601,45819924,174573234,0,0,1666408995,86824,distance_to_pickup,BATCH,hungarian,0,0,order,1
1666495819,328391,684,43.01162633521314,1,True,False,413,False,12964,3994,45870169,174606645,45870128,174606632,0,0,1666408996,86823,distance_to_pickup,BATCH,hungarian,0,0,order,1
1666495819,518421,1128,5354.935387098522,1,True,False,208,False,12964,3994,45849548,174566661,45845850,174562788,0,0,1666408999,86820,distance_to_pickup,BATCH,hungarian,0,0,order,1
1666495819,184971,3222,132.7742444904131,1,True,False,3286,False,12964,3994,45882640,174597842,45882517,174597792,0,0,1666409019,86800,distance_to_pickup,BATCH,hungarian,0,0,order,1
1666495819,30888,1792,2463.0099471987523,1,True,False,1183,False,12964,3994,45773231,174570443,45775668,174570800,0,0,1666409067,86752,distance_to_pickup,BATCH,hungarian,0,0,order,1
1666495819,286562,1260,269.0074348414928,1,True,False,3453,False,12964,3994,45768840,174567060,45768571,174567058,0,0,1666409070,86749,distance_to_pickup,BATCH,hungarian,0,0,order,1
1666495819,127551,1885,5424.9270041171985,1,True,False,206,False,12964,3994,45853232,174526341,45855365,174521353,0,0,1666409075,86744,distance_to_pickup,BATCH,hungarian,0,0,order,1
1666495819,325701,2640,4872.300893828295,1,True,False,3119,False,12964,3994,45857587,174606116,45857933,174610976,0,0,1666409102,86717,distance_to_pickup,BATCH,hungarian,0,0,order,1
1666495819,196663,3581,83.24061508662703,1,True,False,3630,False,12964,3994,45853011,174600213,45852959,174600148,0,0,1666409103,86716,distance_to_pickup,BATCH,hungarian,0,0,order,1
1666495819,380805,1527,1780.299132168524,1,True,False,2454,False,12964,3994,45872619,174581280,45871872,174582896,0,0,1666409145,86674,distance_to_pickup,BATCH,hungarian,0,0,order,1
1666495819,339452,3385,1302.3194692547602,1,True,False,2718,False,12964,3994,45890710,174551290,45889516,174551810,0,0,1666409156,86663,distance_to_pickup,BATCH,hungarian,0,0,order,1
1666495819,339453,1302,306.5566831762113,1,True,False,3304,False,12964,3994,45885165,174525219,45884914,174525395,0,0,1666409168,86651,distance_to_pickup,BATCH,hungarian,0,0,order,1
1666495819,353362,2242,179.13681921927719,1,True,False,3232,False,12964,3994,45871167,174595947,45871160,174595768,0,0,1666409182,86637,distance_to_pickup,BATCH,hungarian,0,0,order,1
1666495819,43823,2744,3443.1016540323058,1,True,False,552,False,12964,3994,45836714,174540249,45839796,174538714,0,0,1666409182,86637,distance_to_pickup,BATCH,hungarian,0,0,order,1
1666495819,47078,3160,10022.15490800257,1,True,False,2184,False,12964,3994,45864213,174615211,45854271,174616476,0,0,1666409184,86635,distance_to_pickup,BATCH,hungarian,0,0,order,1
1666495819,539495,2889,661.1565623965325,1,True,False,4298,False,12964,3994,45905850,174529930,45906448,174529648,0,0,1666409185,86634,distance_to_pickup,BATCH,hungarian,0,0,order,1
1666495819,410641,4833,162.78820596099706,1,True,False,1293,False,12964,3994,45900979,174542411,45901099,174542301,0,0,1666409188,86631,distance_to_pickup,BATCH,hungarian,0,0,order,1
1666495819,24622,2306,1350.6146748795527,1,True,False,3238,False,12964,3994,45858344,174577760,45857748,174578972,0,0,1666409189,86630,distance_to_pickup,BATCH,hungarian,0,0,order,1
1666495819,266567,3353,218.3323155192561,1,True,False,2745,False,12964,3994,45894760,174555551,45894623,174555721,0,0,1666409190,86629,distance_to_pickup,BATCH,hungarian,0,0,order,1
1666495819,461071,339,21808.175279009476,1,True,False,2677,False,12964,3994,45924573,174557435,45932738,174577657,0,0,1666409191,86628,distance_to_pickup,BATCH,hungarian,0,0,order,1
1666495819,383492,1787,547.0109688114125,1,True,False,469,False,12964,3994,45821950,174527737,45822261,174528187,0,0,1666409193,86626,distance_to_pickup,BATCH,hungarian,0,0,order,1
1666495819,336621,4142,375.8324094593227,1,True,False,1321,False,12964,3994,45882104,174529399,45881859,174529684,0,0,1666409193,86626,distance_to_pickup,BATCH,hungarian,0,0,order,1
1666495819,202595,917,240.20407989873945,1,True,False,3345,False,12964,3994,45909302,174525369,45909519,174525472,0,0,1666409196,86623,distance_to_pickup,BATCH,hungarian,0,0,order,1
1666495819,275160,2776,413.7559667243483,1,True,False,1455,False,12964,3994,45877773,174579348,45877748,174579761,0,0,1666409197,86622,distance_to_pickup,BATCH,hungarian,0,0,order,1
1666495819,18144,1927,2391.401262858243,1,True,False,2487,False,12964,3994,45774226,174573792,45776418,174572836,0,0,1666409197,86622,distance_to_pickup,BATCH,hungarian,0,0,order,1
1666495819,47077,3663,134.6291201783626,1,True,False,2009,False,12964,3994,45874747,174650084,45874877,174650119,0,0,1666409216,86603,distance_to_pickup,BATCH,hungarian,0,0,order,1
1666495819,269466,1966,541.114590451967,1,True,False,4152,False,12964,3994,45889921,174562821,45889395,174562694,0,0,1666409230,86589,distance_to_pickup,BATCH,hungarian,0,0,order,1
1666495819,314685,4274,695.9087583871898,1,True,False,2634,False,12964,3994,45877243,174545474,45877818,174545082,0,0,1666409279,86540,distance_to_pickup,BATCH,hungarian,0,0,order,1
1666495819,303367,806,926.6396279028866,1,True,False,2897,False,12964,3994,45857152,174546198,45856833,174545328,0,0,1666409293,86526,distance_to_pickup,BATCH,hungarian,0,0,order,1
1666495819,217529,301,2522.0358839635887,1,True,False,1789,False,12964,3994,46052744,174930198,46055032,174931259,0,0,1666409322,86497,distance_to_pickup,BATCH,hungarian,0,0,order,1
1666495819,246547,2100,3938.3992941295323,1,True,False,448,False,12964,3994,45859288,174606561,45859698,174610478,0,0,1666409353,86466,distance_to_pickup,BATCH,hungarian,0,0,order,1
1666495819,97238,4619,6038.556532814775,1,True,False,1604,False,12964,3994,45849644,174599543,45846267,174594537,0,0,1666409363,86456,distance_to_pickup,BATCH,hungarian,0,0,order,1
1666495819,361702,772,2880.057117489165,1,True,False,2734,False,12964,3994,45881725,174512645,45882173,174515490,0,0,1666409371,86448,distance_to_pickup,BATCH,hungarian,0,0,order,1
1666495819,336630,1626,455.83439975499874,1,True,False,1209,False,12964,3994,45877161,174545529,45877613,174545470,0,0,1666409374,86445,distance_to_pickup,BATCH,hungarian,0,0,order,1
1666495819,211923,2724,638.8059173176154,1,True,False,2798,False,12964,3994,45872485,174586837,45872368,174586209,0,0,1666494543,1276,distance_to_pickup,BATCH,hungarian,0,0,order,1
1666495819,261357,1839,1748.9393928893019,1,True,False,3057,False,12964,3994,45855857,174553570,45854147,174553203,0,0,1666494925,894,distance_to_pickup,BATCH,hungarian,0,0,order,1
1666495819,69470,256,2190.3903761658557,1,True,False,2295,False,12964,3994,45871168,174542138,45871549,174539981,0,0,1666495079,740,distance_to_pickup,BATCH,hungarian,0,0,order,1
1666495819,320570,3286,88.09086218218096,1,True,False,2813,False,12964,3994,45885204,174593441,45885260,174593373,0,0,1666495095,724,distance_to_pickup,BATCH,hungarian,0,0,order,1
1666495819,78972,412,47.042533945356304,1,True,False,1084,False,12964,3994,45890614,174552532,45890661,174552534,0,0,1666495128,691,distance_to_pickup,BATCH,hungarian,0,0,order,1
1666495819,226605,1640,472.2933410498183,1,True,False,882,False,12964,3994,45849487,174566808,45849281,174567233,0,0,1666495185,634,distance_to_pickup,BATCH,hungarian,0,0,order,1
1666495819,477248,4355,119.15116449284078,1,True,False,3291,False,12964,3994,45863190,174577346,45863309,174577340,0,0,1666495230,589,distance_to_pickup,BATCH,hungarian,0,0,order,1
1666495819,534569,858,9529.338487009474,1,True,False,2076,False,12964,3994,45881725,174512645,45872261,174511531,0,0,1666495276,543,distance_to_pickup,BATCH,hungarian,0,0,order,1
1666495819,109835,2467,88.86506625215557,1,True,False,1659,False,12964,3994,45859811,174572316,45859782,174572232,0,0,1666495299,520,distance_to_pickup,BATCH,hungarian,0,0,order,1
1666495819,410985,874,1068.7436549519252,1,True,False,1602,False,12964,3994,45858881,174568611,45858523,174569618,0,0,1666495326,493,distance_to_pickup,BATCH,hungarian,0,0,order,1
1666495819,469349,2065,197.7978766316767,1,True,False,2504,False,12964,3994,45858749,174572437,45858831,174572617,0,0,1666495362,457,distance_to_pickup,BATCH,hungarian,0,0,order,1
1666495819,492781,1806,319.4526568992658,1,True,False,1218,False,12964,3994,45859942,174562954,45860049,174563255,0,0,1666495366,453,distance_to_pickup,BATCH,hungarian,0,0,order,1
1666495819,97635,501,7426.38014109162,1,True,False,388,False,12964,3994,45921241,174541506,45920910,174534087,0,0,1666495441,378,distance_to_pickup,BATCH,hungarian,0,0,order,1
1666495819,461436,3140,709.2601779319067,1,True,False,149,False,12964,3994,45900881,174525693,45900586,174525048,0,0,1666495462,357,distance_to_pickup,BATCH,hungarian,0,0,order,1
1666495819,278412,434,540.4377855035675,1,True,False,2932,False,12964,3994,45860086,174535165,45860259,174534653,0,0,1666495473,346,distance_to_pickup,BATCH,hungarian,0,0,order,1
1666495819,373121,2295,747.9318150740747,1,True,False,2370,False,12964,3994,45866104,174542947,45866395,174542258,0,0,1666495477,342,distance_to_pickup,BATCH,hungarian,0,0,order,1
1666495819,56958,1138,106.23088063270491,1,True,False,2368,False,12964,3994,45865942,174573593,45865853,174573651,0,0,1666495478,341,distance_to_pickup,BATCH,hungarian,0,0,order,1
1666495819,252690,458,279.45840477609545,1,True,False,1260,False,12964,3994,45769542,174567264,45769733,174567060,0,0,1666495484,335,distance_to_pickup,BATCH,hungarian,0,0,order,1
1666495819,386598,3410,5049.343917777834,1,True,False,3410,False,12964,3994,46052744,174930198,46051587,174925283,0,0,1666495503,316,distance_to_pickup,BATCH,hungarian,0,0,order,1
1666495819,328785,4497,7090.9715131285075,1,True,False,3496,False,12964,3994,45848100,174609236,45844466,174615325,0,0,1666495506,313,distance_to_pickup,BATCH,hungarian,0,0,order,1
1666495819,266963,974,4460.470939261907,1,True,False,181,False,12964,3994,45878066,174592040,45878542,174587605,0,0,1666495585,234,distance_to_pickup,BATCH,hungarian,0,0,order,1
1666495819,176417,3131,3749.7653259904146,1,True,False,4118,False,12964,3994,45853618,174528210,45852304,174531722,0,0,1666495593,226,distance_to_pickup,BATCH,hungarian,0,0,order,1
1666495819,350883,3621,9444.283032607611,1,True,False,2661,False,12964,3994,45821903,174523242,45828374,174530121,0,0,1666495597,222,distance_to_pickup,BATCH,hungarian,0,0,order,1
1666495819,298134,306,71.50524456289902,1,True,False,2773,False,12964,3994,45885749,174551447,45885802,174551495,0,0,1666495598,221,distance_to_pickup,BATCH,hungarian,0,0,order,1
1666495819,518782,4054,509.7783832215721,1,True,False,2173,False,12964,3994,45889306,174578183,45888821,174578340,0,0,1666495598,221,distance_to_pickup,BATCH,hungarian,0,0,order,1
1666495819,182457,1254,3796.6823675414303,1,True,False,2347,False,12964,3994,45878066,174592040,45878432,174588261,0,0,1666495602,217,distance_to_pickup,BATCH,hungarian,0,0,order,1
1666495819,537232,2074,908.6000220118862,1,True,False,1781,False,12964,3994,45855668,174553436,45854941,174552891,0,0,1666495604,215,distance_to_pickup,BATCH,hungarian,0,0,order,1
1666495819,97640,893,221.44976857066254,1,True,False,446,False,12964,3994,45764582,174570265,45764790,174570341,0,0,1666495607,212,distance_to_pickup,BATCH,hungarian,0,0,order,1
1666495819,434975,525,150.1532550429727,1,True,False,1561,False,12964,3994,45859239,174556028,45859200,174556173,0,0,1666495714,105,distance_to_pickup,BATCH,hungarian,0,0,order,1
1666495819,127962,1394,2052.116224778704,1,True,False,1736,False,12964,3994,45854890,174575733,45853015,174574899,0,0,1666495776,43,distance_to_pickup,BATCH,hungarian,0,0,order,1
1666495819,223707,4466,814.3537314951041,1,True,False,975,False,12964,3994,45852983,174578066,45853007,174577252,0,0,1666495777,42,distance_to_pickup,BATCH,hungarian,0,0,order,1
1666495819,555197,1795,710.8002532357456,1,True,False,606,False,12964,3994,45847510,174589140,45847936,174588571,0,0,1666495436,383,distance_to_pickup,BATCH,hungarian,0,0,order,1
1666495819,419040,3984,541.0970338118664,1,True,False,421,False,12964,3994,45888941,174525234,45888406,174525315,0,0,1666495704,115,distance_to_pickup,BATCH,hungarian,0,0,order,1
1666495819,272682,578,16944.58831013607,1,True,False,3646,False,12964,3994,45830427,174573700,45816164,174582848,0,0,1666495569,250,distance_to_pickup,BATCH,hungarian,0,0,order,1
1666495819,326073,2329,1055.445403609301,1,True,False,3337,False,12964,3994,45859685,174606244,45860626,174606722,0,0,1666495785,34,distance_to_pickup,BATCH,hungarian,0,0,order,1
1666495819,241141,2976,6374.798663487342,1,True,False,560,False,12964,3994,45865230,174583102,45870023,174587305,0,0,1666495397,422,distance_to_pickup,BATCH,hungarian,0,0,order,1
1666495819,238212,4426,32.7566787083184,1,True,False,1347,False,12964,3994,45867747,174566888,45867754,174566856,0,0,1666495512,307,distance_to_pickup,BATCH,hungarian,0,0,order,1
1666495819,289700,332,160.262285020525,1,True,False,2802,False,12964,3994,46051177,174953540,46051317,174953618,0,0,1666495776,43,distance_to_pickup,BATCH,hungarian,0,0,order,1
1666495819,124891,527,2919.3930876125605,1,True,False,1432,False,12964,3994,45879340,174647161,45879106,174644251,0,0,1666495399,420,distance_to_pickup,BATCH,hungarian,0,0,order,1
1666581917,112085,4334,0.0,1,True,True,107,False,10124,4074,45889637,174545778,45889637,174545778,0,0,1666322834,259083,distance_to_pickup,BATCH,hungarian,0,0,order,1
1666582037,52621,627,9.055385138137417,1,True,True,591,False,10825,4079,45892908,174566908,45892917,174566907,0,0,1666235271,346766,distance_to_pickup,BATCH,hungarian,0,0,order,1
1666582037,71829,2556,9.433981132056603,1,True,True,624,False,10825,4079,45895612,174555734,45895617,174555742,0,0,1666322618,259419,distance_to_pickup,BATCH,hungarian,0,0,order,1
1666582037,27362,24,7.0,1,True,True,1839,False,10825,4079,45879964,174546543,45879957,174546543,0,0,1666322888,259149,distance_to_pickup,BATCH,hungarian,0,0,order,1
1666582037,158275,1608,9.219544457292887,1,True,True,1494,False,10825,4079,45874700,174648200,45874706,174648193,0,0,1666495776,86261,distance_to_pickup,BATCH,hungarian,0,0,order,1
1666582037,132567,1737,5.0,1,True,False,679,False,10825,4079,45883537,174592777,45883541,174592774,0,0,1666149938,432099,distance_to_pickup,BATCH,hungarian,0,0,order,1
1666582037,302323,63,8.602325267042627,1,True,False,339,False,10825,4079,45896150,174555690,45896145,174555683,0,0,1666149961,432076,distance_to_pickup,BATCH,hungarian,0,0,order,1
1666582217,96117,2814,7.810249675906654,1,True,True,1693,False,11429,4080,45864108,174582488,45864113,174582494,0,0,1666149516,432701,distance_to_pickup,BATCH,hungarian,0,0,order,1
1666582217,46245,3060,7.0710678118654755,1,True,True,219,False,11429,4080,45902763,174586284,45902768,174586289,0,0,1666236159,346058,distance_to_pickup,BATCH,hungarian,0,0,order,1
1666582217,47077,2606,5.0,1,True,True,2009,False,11429,4080,45874747,174650084,45874747,174650079,0,0,1666409216,173001,distance_to_pickup,BATCH,hungarian,0,0,order,1
1666582217,389356,3895,5.0,1,True,True,799,False,11429,4080,45874747,174650084,45874747,174650079,0,0,1666495332,86885,distance_to_pickup,BATCH,hungarian,0,0,order,1
1666582217,12544,354,5.830951894845301,1,True,True,4203,False,11429,4080,45885520,174583087,45885515,174583090,0,0,1666580667,1550,distance_to_pickup,BATCH,hungarian,0,0,order,1
1666582217,255924,817,6.4031242374328485,1,True,True,575,False,11429,4080,45912607,174588126,45912603,174588121,0,0,1666581993,224,distance_to_pickup,BATCH,hungarian,0,0,order,1
