dispatch_time,order_id,baseline_assigned_courier_id,baseline_cost,baseline_courier_rank_by_cost,is_assigned_by_baseline,was_accepted,actual_assigned_courier_id,is_match_with_actual,num_orders_in_batch,num_couriers_in_pool,order_pickup_lat,order_pickup_lng,baseline_courier_lat,baseline_courier_lng,actual_courier_lat,actual_courier_lng,platform_order_time,wait_for_assignment_seconds,cost_function,mode,strategy_key,bundling_on,micro_batch_sec,unit_type,bundle_size
1665977114,522093,2887,1000.0,1,True,True,611,False,658,802,45862054,174581041,45863634,174580136,0,0,1665976830,284,distance_to_pickup,BATCH,milp_vrp,0,0,order,1
1665977114,64002,1455,0.0,1,True,True,1620,False,658,802,45863030,174564980,45862676,174564320,0,0,1665976843,271,distance_to_pickup,BATCH,milp_vrp,0,0,order,1
1665977114,85993,1027,0.0,1,True,True,905,False,658,802,45880173,174546649,45879750,174546588,0,0,1665976876,238,distance_to_pickup,BATCH,milp_vrp,0,0,order,1
1665977114,215713,2342,0.0,1,True,True,2038,False,658,802,45859352,174579486,45860227,174579601,0,0,1665976707,407,distance_to_pickup,BATCH,milp_vrp,0,0,order,1
1665977114,3214,1070,0.0,1,True,True,1061,False,658,802,45886802,174544898,45885938,174545029,0,0,1665976132,982,distance_to_pickup,BATCH,milp_vrp,0,0,order,1
1665977114,395445,553,0.0,1,True,True,84,False,658,802,45867766,174566793,45867668,174566858,0,0,1665977032,82,distance_to_pickup,BATCH,milp_vrp,0,0,order,1
1665977114,293224,388,0.0,1,True,True,81,False,658,802,45905899,174526998,45905813,174526112,0,0,1665976681,433,distance_to_pickup,BATCH,milp_vrp,0,0,order,1
1665977114,432901,3165,1000.0,1,True,True,981,False,658,802,45867403,174569758,45868515,174570620,0,0,1665976614,500,distance_to_pickup,BATCH,milp_vrp,0,0,order,1
1665977114,307304,58,0.0,1,True,True,330,False,658,802,45911894,174529244,45912071,174529446,0,0,1665977085,29,distance_to_pickup,BATCH,milp_vrp,0,0,order,1
1665977114,134860,1999,0.0,1,True,True,407,False,658,802,45895728,174555530,45896036,174555626,0,0,1665976889,225,distance_to_pickup,BATCH,milp_vrp,0,0,order,1
1665977114,329449,535,1000.0,1,True,True,3474,False,658,802,45830427,174573700,45831881,174573737,0,0,1665976896,218,distance_to_pickup,BATCH,milp_vrp,0,0,order,1
1665977114,147009,2738,0.0,1,True,True,1700,False,658,802,45820232,174523174,45819536,174523140,0,0,1665977049,65,distance_to_pickup,BATCH,milp_vrp,0,0,order,1
1665977114,250552,162,2000.0,1,True,True,4891,False,658,802,45882550,174555124,45883361,174552837,0,0,1665975963,1151,distance_to_pickup,BATCH,milp_vrp,0,0,order,1
1665977114,25815,249,0.0,1,True,True,4019,False,658,802,45897008,174553031,45897481,174552948,0,0,1665976161,953,distance_to_pickup,BATCH,milp_vrp,0,0,order,1
1665977114,558419,373,0.0,1,True,True,168,False,658,802,45894980,174554750,45894590,174555639,0,0,1665976783,331,distance_to_pickup,BATCH,milp_vrp,0,0,order,1
1665977114,365592,3237,2000.0,1,True,True,2054,False,658,802,45853197,174599400,45853765,174596544,0,0,1665976916,198,distance_to_pickup,BATCH,milp_vrp,0,0,order,1
1665977114,3218,1744,2000.0,1,True,True,2054,False,658,802,45852942,174591757,45850652,174589942,0,0,1665977017,97,distance_to_pickup,BATCH,milp_vrp,0,0,order,1
1665977114,183218,3237,2000.0,1,True,True,1703,False,658,802,45853197,174599400,45853765,174596544,0,0,1665976966,148,distance_to_pickup,BATCH,milp_vrp,0,0,order,1
1665977114,230204,2184,3000.0,1,True,True,857,False,658,802,45851787,174617479,45849313,174619422,0,0,1665976961,153,distance_to_pickup,BATCH,milp_vrp,0,0,order,1
1665977114,110597,1385,1000.0,1,True,True,1703,False,658,802,45855591,174605363,45854413,174604970,0,0,1665976868,246,distance_to_pickup,BATCH,milp_vrp,0,0,order,1
1665977114,128718,2269,0.0,1,True,True,3233,False,658,802,45895612,174555734,45894621,174555618,0,0,1665976877,237,distance_to_pickup,BATCH,milp_vrp,0,0,order,1
1665977114,304465,3342,0.0,1,True,True,1941,False,658,802,45821950,174527737,45822222,174528083,0,0,1665977097,17,distance_to_pickup,BATCH,milp_vrp,0,0,order,1
1665977114,206680,2100,1000.0,1,True,True,3750,False,658,802,45856330,174579593,45856611,174578061,0,0,1665976736,378,distance_to_pickup,BATCH,milp_vrp,0,0,order,1
1665977114,540428,922,0.0,1,True,True,596,False,658,802,45863303,174559942,45863374,174560142,0,0,1665976852,262,distance_to_pickup,BATCH,milp_vrp,0,0,order,1
1665977114,6485,2300,0.0,1,True,True,875,False,658,802,45860664,174572467,45860634,174572569,0,0,1665976986,128,distance_to_pickup,BATCH,milp_vrp,0,0,order,1
1665977114,177189,4694,0.0,1,True,True,2065,False,658,802,45861700,174583580,45862155,174582802,0,0,1665976952,162,distance_to_pickup,BATCH,milp_vrp,0,0,order,1
1665977114,98378,1901,0.0,1,True,True,1688,False,658,802,45863303,174559942,45864084,174559686,0,0,1665976780,334,distance_to_pickup,BATCH,milp_vrp,0,0,order,1
1665977114,296029,553,0.0,1,True,True,1610,False,658,802,45867462,174566858,45867668,174566858,0,0,1665976748,366,distance_to_pickup,BATCH,milp_vrp,0,0,order,1
1665977114,73398,2862,0.0,1,True,True,227,False,658,802,45863946,174582310,45864061,174582503,0,0,1665976820,294,distance_to_pickup,BATCH,milp_vrp,0,0,order,1
1665977114,406339,2407,0.0,1,True,True,218,False,658,802,45867880,174573167,45868172,174573408,0,0,1665976684,430,distance_to_pickup,BATCH,milp_vrp,0,0,order,1
1665977114,387333,2411,0.0,1,True,True,1259,False,658,802,45858283,174576801,45857813,174577090,0,0,1665976852,262,distance_to_pickup,BATCH,milp_vrp,0,0,order,1
1665977114,318433,58,0.0,1,True,True,330,False,658,802,45911894,174529244,45912071,174529446,0,0,1665976933,181,distance_to_pickup,BATCH,milp_vrp,0,0,order,1
1665977114,25840,2318,0.0,1,True,True,2793,False,658,802,45886610,174551440,45885716,174551005,0,0,1665977069,45,distance_to_pickup,BATCH,milp_vrp,0,0,order,1
1665977114,334972,4130,0.0,1,True,True,391,False,658,802,45896259,174552883,45897019,174552956,0,0,1665976865,249,distance_to_pickup,BATCH,milp_vrp,0,0,order,1
1665977114,483066,249,0.0,1,True,True,2836,False,658,802,45898392,174553042,45897481,174552948,0,0,1665976746,368,distance_to_pickup,BATCH,milp_vrp,0,0,order,1
1665977114,273389,1131,0.0,1,True,True,925,False,658,802,45895620,174555818,45894866,174555249,0,0,1665976805,309,distance_to_pickup,BATCH,milp_vrp,0,0,order,1
1665977114,159039,2374,0.0,1,True,True,4393,False,658,802,45896190,174554821,45896121,174555465,0,0,1665976900,214,distance_to_pickup,BATCH,milp_vrp,0,0,order,1
1665977114,532606,763,0.0,1,True,True,875,False,658,802,45859810,174579420,45860296,174579140,0,0,1665977105,9,distance_to_pickup,BATCH,milp_vrp,0,0,order,1
1665977114,51479,2300,0.0,1,True,True,3283,False,658,802,45860164,174572482,45860634,174572569,0,0,1665976910,204,distance_to_pickup,BATCH,milp_vrp,0,0,order,1
1665977114,287655,1276,1000.0,1,True,True,230,False,658,802,45877759,174578692,45878584,174580241,0,0,1665976916,198,distance_to_pickup,BATCH,milp_vrp,0,0,order,1
1665977114,373801,3099,2000.0,1,True,True,83,False,658,802,45870564,174546942,45869553,174545069,0,0,1665976998,116,distance_to_pickup,BATCH,milp_vrp,0,0,order,1
1665977114,116621,3369,1000.0,1,True,True,2032,False,658,802,45855637,174569692,45854328,174570873,0,0,1665976536,578,distance_to_pickup,BATCH,milp_vrp,0,0,order,1
1665977114,12973,3536,0.0,1,True,True,3718,False,658,802,45862946,174583985,45863375,174583422,0,0,1665976875,239,distance_to_pickup,BATCH,milp_vrp,0,0,order,1
1665977114,89,3099,2000.0,1,True,True,83,False,658,802,45870564,174546942,45869553,174545069,0,0,1665976227,887,distance_to_pickup,BATCH,milp_vrp,0,0,order,1
1665977114,22582,207,0.0,1,True,True,1543,False,658,802,45877890,174578340,45878045,174577506,0,0,1665976785,329,distance_to_pickup,BATCH,milp_vrp,0,0,order,1
1665977114,480559,1708,0.0,1,True,True,538,False,658,802,45879921,174546626,45880097,174547316,0,0,1665976504,610,distance_to_pickup,BATCH,milp_vrp,0,0,order,1
1665977114,88,1455,0.0,1,True,True,1620,False,658,802,45863030,174564980,45862676,174564320,0,0,1665976740,374,distance_to_pickup,BATCH,milp_vrp,0,0,order,1
1665977114,162151,309,0.0,1,True,True,1105,False,658,802,45892908,174566908,45892883,174566912,0,0,1665976864,250,distance_to_pickup,BATCH,milp_vrp,0,0,order,1
1665977114,357227,309,1000.0,1,True,True,3840,False,658,802,45892888,174567981,45892883,174566912,0,0,1665976302,812,distance_to_pickup,BATCH,milp_vrp,0,0,order,1
1665977114,392759,2835,0.0,1,True,True,2742,False,658,802,45886884,174562531,45886862,174562597,0,0,1665977075,39,distance_to_pickup,BATCH,milp_vrp,0,0,order,1
1665977114,267686,513,2000.0,1,True,True,130,False,658,802,45848681,174583880,45846218,174583967,0,0,1665976905,209,distance_to_pickup,BATCH,milp_vrp,0,0,order,1
1665977114,253371,2738,0.0,1,True,True,1941,False,658,802,45820104,174523236,45819536,174523140,0,0,1665977013,101,distance_to_pickup,BATCH,milp_vrp,0,0,order,1
1665977114,165207,2723,1000.0,1,True,True,1941,False,658,802,45819784,174525705,45820045,174527418,0,0,1665977076,38,distance_to_pickup,BATCH,milp_vrp,0,0,order,1
1665977114,376533,368,1000.0,1,True,True,2208,False,658,802,45832424,174540670,45833454,174540709,0,0,1665976542,572,distance_to_pickup,BATCH,milp_vrp,0,0,order,1
1665977114,550663,3754,0.0,1,True,True,4130,False,658,802,45896047,174554578,45895544,174554927,0,0,1665976875,239,distance_to_pickup,BATCH,milp_vrp,0,0,order,1
1665977114,110606,309,0.0,1,True,True,1102,False,658,802,45892958,174566355,45892883,174566912,0,0,1665977085,29,distance_to_pickup,BATCH,milp_vrp,0,0,order,1
1665977114,480562,4223,3000.0,1,True,True,1266,False,658,802,45885886,174563236,45888711,174560583,0,0,1665977074,40,distance_to_pickup,BATCH,milp_vrp,0,0,order,1
1665977114,174195,3279,3000.0,1,True,True,369,False,658,802,45902806,174555734,45898885,174555142,0,0,1665977079,35,distance_to_pickup,BATCH,milp_vrp,0,0,order,1
1665977114,177190,3279,3000.0,1,True,True,2696,False,658,802,45902806,174555734,45898885,174555142,0,0,1665976949,165,distance_to_pickup,BATCH,milp_vrp,0,0,order,1
1665977114,168121,2518,0.0,1,True,True,1105,False,658,802,45892908,174566908,45892952,174566408,0,0,1665976638,476,distance_to_pickup,BATCH,milp_vrp,0,0,order,1
1665977114,140945,2835,0.0,1,True,True,2742,False,658,802,45886884,174562531,45886862,174562597,0,0,1665976893,221,distance_to_pickup,BATCH,milp_vrp,0,0,order,1
1665977114,537895,373,0.0,1,True,True,1754,False,658,802,45894980,174554750,45894590,174555639,0,0,1665976726,388,distance_to_pickup,BATCH,milp_vrp,0,0,order,1
1665977114,384548,2318,1000.0,1,True,True,723,False,658,802,45884568,174549661,45885716,174551005,0,0,1665976967,147,distance_to_pickup,BATCH,milp_vrp,0,0,order,1
1665977114,165208,1970,0.0,1,True,True,4378,False,658,802,45887243,174550790,45886779,174551404,0,0,1665976889,225,distance_to_pickup,BATCH,milp_vrp,0,0,order,1
1665977114,472659,3171,0.0,1,True,True,868,False,658,802,45898786,174565946,45898852,174566262,0,0,1665976836,278,distance_to_pickup,BATCH,milp_vrp,0,0,order,1
1665977114,477934,2181,0.0,1,True,True,2921,False,658,802,45919951,174516559,45920432,174516925,0,0,1665977104,10,distance_to_pickup,BATCH,milp_vrp,0,0,order,1
1665977114,403629,1204,5000.0,1,True,True,1071,False,658,802,45920072,174552641,45921290,174547538,0,0,1665976932,182,distance_to_pickup,BATCH,milp_vrp,0,0,order,1
1665977114,435627,4022,1000.0,1,True,True,1720,False,658,802,45900860,174579410,45899212,174578505,0,0,1665977084,30,distance_to_pickup,BATCH,milp_vrp,0,0,order,1
1665977114,440996,2459,0.0,1,True,True,1119,False,658,802,45901193,174587577,45901086,174588351,0,0,1665977093,21,distance_to_pickup,BATCH,milp_vrp,0,0,order,1
1665977114,159019,1111,0.0,1,True,True,2573,False,658,802,45912464,174588132,45912649,174588053,0,0,1665976939,175,distance_to_pickup,BATCH,milp_vrp,0,0,order,1
1665977114,422236,2459,1000.0,1,True,True,1731,False,658,802,45902274,174589909,45901086,174588351,0,0,1665977064,50,distance_to_pickup,BATCH,milp_vrp,0,0,order,1
1665977114,390033,4130,0.0,1,True,True,1368,False,658,802,45897332,174552722,45897019,174552956,0,0,1665976741,373,distance_to_pickup,BATCH,milp_vrp,0,0,order,1
1665977114,334973,278,0.0,1,True,True,915,False,658,802,45889647,174545036,45890053,174545034,0,0,1665976961,153,distance_to_pickup,BATCH,milp_vrp,0,0,order,1
1665977114,449043,941,1000.0,1,True,True,26,False,658,802,45895743,174547743,45894784,174548628,0,0,1665977051,63,distance_to_pickup,BATCH,milp_vrp,0,0,order,1
1665977114,153048,546,0.0,1,True,True,3426,False,658,802,45885909,174536379,45885889,174536094,0,0,1665976936,178,distance_to_pickup,BATCH,milp_vrp,0,0,order,1
1665977114,89106,3211,3000.0,1,True,True,1362,False,658,802,45885970,174526360,45883752,174524108,0,0,1665976203,911,distance_to_pickup,BATCH,milp_vrp,0,0,order,1
1665977114,174193,1282,0.0,1,True,True,268,False,658,802,45907759,174546285,45907466,174546213,0,0,1665976741,373,distance_to_pickup,BATCH,milp_vrp,0,0,order,1
1665977114,456864,236,1000.0,1,True,True,369,False,658,802,45902806,174555734,45901940,174556736,0,0,1665976823,291,distance_to_pickup,BATCH,milp_vrp,0,0,order,1
1665977114,454280,1282,0.0,1,True,True,268,False,658,802,45907759,174546285,45907466,174546213,0,0,1665977052,62,distance_to_pickup,BATCH,milp_vrp,0,0,order,1
1665977114,89135,454,0.0,1,True,True,3150,False,658,802,45912289,174526370,45912451,174526866,0,0,1665977013,101,distance_to_pickup,BATCH,milp_vrp,0,0,order,1
1665977114,177195,101,0.0,1,True,True,1831,False,658,802,45875792,174574232,45875750,174574308,0,0,1665976816,298,distance_to_pickup,BATCH,milp_vrp,0,0,order,1
1665977114,313018,4694,0.0,1,True,True,2065,False,658,802,45861700,174583580,45862155,174582802,0,0,1665976868,246,distance_to_pickup,BATCH,milp_vrp,0,0,order,1
1665977114,279195,3965,1000.0,1,True,True,425,False,658,802,45887481,174555696,45886456,174557371,0,0,1665976983,131,distance_to_pickup,BATCH,milp_vrp,0,0,order,1
1665977114,156047,2835,1000.0,1,True,True,2742,False,658,802,45885886,174563236,45886862,174562597,0,0,1665976658,456,distance_to_pickup,BATCH,milp_vrp,0,0,order,1
1665977114,215710,2743,0.0,1,True,True,4275,False,658,802,45892850,174552390,45892736,174553125,0,0,1665976991,123,distance_to_pickup,BATCH,milp_vrp,0,0,order,1
1665977114,174196,3670,0.0,1,True,True,407,False,658,802,45897008,174553031,45897512,174552849,0,0,1665977066,48,distance_to_pickup,BATCH,milp_vrp,0,0,order,1
1665977114,282034,2835,1000.0,1,True,True,3185,False,658,802,45885886,174563236,45886862,174562597,0,0,1665977059,55,distance_to_pickup,BATCH,milp_vrp,0,0,order,1
1665977114,451738,1559,0.0,1,True,True,565,False,658,802,45898300,174553788,45898010,174552920,0,0,1665976876,238,distance_to_pickup,BATCH,milp_vrp,0,0,order,1
1665977114,16099,3754,0.0,1,True,True,2773,False,658,802,45896150,174555690,45895544,174554927,0,0,1665976831,283,distance_to_pickup,BATCH,milp_vrp,0,0,order,1
1665977114,236055,2743,0.0,1,True,True,749,False,658,802,45892850,174552390,45892736,174553125,0,0,1665976527,587,distance_to_pickup,BATCH,milp_vrp,0,0,order,1
1665977114,472664,2723,1000.0,1,True,True,1700,False,658,802,45819784,174525705,45820045,174527418,0,0,1665976833,281,distance_to_pickup,BATCH,milp_vrp,0,0,order,1
1665977114,247693,373,0.0,1,True,True,4843,False,658,802,45894980,174554750,45894590,174555639,0,0,1665976693,421,distance_to_pickup,BATCH,milp_vrp,0,0,order,1
1665977114,293214,2558,0.0,1,True,True,611,False,658,802,45862520,174576340,45862531,174575656,0,0,1665976750,364,distance_to_pickup,BATCH,milp_vrp,0,0,order,1
1665977114,542950,2318,1000.0,1,True,True,3483,False,658,802,45884568,174549661,45885716,174551005,0,0,1665976841,273,distance_to_pickup,BATCH,milp_vrp,0,0,order,1
1665977114,230205,3965,1000.0,1,True,True,425,False,658,802,45887481,174555696,45886456,174557371,0,0,1665976869,245,distance_to_pickup,BATCH,milp_vrp,0,0,order,1
1665977114,376539,1204,2000.0,1,True,True,2270,False,658,802,45919660,174549308,45921290,174547538,0,0,1665976187,927,distance_to_pickup,BATCH,milp_vrp,0,0,order,1
1665977114,125700,3872,0.0,1,True,True,1579,False,658,802,45860307,174548890,45860575,174548189,0,0,1665976890,224,distance_to_pickup,BATCH,milp_vrp,0,0,order,1
1665977114,236060,4353,4000.0,1,True,True,3107,False,658,802,45841850,174559905,45844661,174556189,0,0,1665977015,99,distance_to_pickup,BATCH,milp_vrp,0,0,order,1
1665977114,524710,2089,2000.0,1,True,True,1725,False,658,802,45838570,174574635,45841263,174575688,0,0,1665976733,381,distance_to_pickup,BATCH,milp_vrp,0,0,order,1
1665977114,186096,1179,1000.0,1,True,True,4573,False,658,802,45850931,174497166,45852040,174497598,0,0,1665976961,153,distance_to_pickup,BATCH,milp_vrp,0,0,order,1
1665977114,194870,4379,2000.0,1,True,True,2176,False,658,802,45853252,174530042,45855353,174527931,0,0,1665976779,335,distance_to_pickup,BATCH,milp_vrp,0,0,order,1
1665977114,293213,2884,4000.0,1,True,True,844,False,658,802,45860907,174525837,45865390,174525237,0,0,1665976736,378,distance_to_pickup,BATCH,milp_vrp,0,0,order,1
1665977114,3219,3965,1000.0,1,True,True,2055,False,658,802,45887481,174555696,45886456,174557371,0,0,1665976875,239,distance_to_pickup,BATCH,milp_vrp,0,0,order,1
1665977114,348811,3965,1000.0,1,True,True,3185,False,658,802,45887481,174555696,45886456,174557371,0,0,1665977060,54,distance_to_pickup,BATCH,milp_vrp,0,0,order,1
1665977114,379180,2318,0.0,1,True,True,1693,False,658,802,45885675,174551319,45885716,174551005,0,0,1665976744,370,distance_to_pickup,BATCH,milp_vrp,0,0,order,1
1665977114,19402,249,0.0,1,True,True,1587,False,658,802,45897008,174553031,45897481,174552948,0,0,1665977005,109,distance_to_pickup,BATCH,milp_vrp,0,0,order,1
1665977114,424980,1970,0.0,1,True,True,1016,False,658,802,45887243,174550790,45886779,174551404,0,0,1665976878,236,distance_to_pickup,BATCH,milp_vrp,0,0,order,1
1665977114,200772,1568,2000.0,1,True,True,3801,False,658,802,45860803,174537004,45859253,174538615,0,0,1665977087,27,distance_to_pickup,BATCH,milp_vrp,0,0,order,1
1665977114,490851,2898,0.0,1,True,True,1920,False,658,802,45894297,174589367,45894099,174589572,0,0,1665977022,92,distance_to_pickup,BATCH,milp_vrp,0,0,order,1
1665977114,490826,1568,3000.0,1,True,True,2303,False,658,802,45856607,174536801,45859253,174538615,0,0,1665975913,1201,distance_to_pickup,BATCH,milp_vrp,0,0,order,1
1665977114,224392,2884,3000.0,1,True,True,675,False,658,802,45862134,174526400,45865390,174525237,0,0,1665976604,510,distance_to_pickup,BATCH,milp_vrp,0,0,order,1
1665977114,168124,4279,0.0,1,True,True,4342,False,658,802,45868335,174545710,45867530,174545141,0,0,1665976754,360,distance_to_pickup,BATCH,milp_vrp,0,0,order,1
1665977114,150000,3307,5000.0,1,True,True,2297,False,658,802,45864617,174511544,45860388,174514285,0,0,1665977044,70,distance_to_pickup,BATCH,milp_vrp,0,0,order,1
1665977114,57727,2330,0.0,1,True,True,50,False,658,802,45865154,174557054,45865125,174556716,0,0,1665976761,353,distance_to_pickup,BATCH,milp_vrp,0,0,order,1
1665977114,337718,566,0.0,1,True,True,88,False,658,802,45866450,174536750,45866105,174536952,0,0,1665976782,332,distance_to_pickup,BATCH,milp_vrp,0,0,order,1
1665977114,174199,4218,1000.0,1,True,True,747,False,658,802,45874074,174536705,45873800,174538360,0,0,1665976926,188,distance_to_pickup,BATCH,milp_vrp,0,0,order,1
1665977114,16100,263,0.0,1,True,True,1567,False,658,802,45876251,174545467,45876918,174545887,0,0,1665977070,44,distance_to_pickup,BATCH,milp_vrp,0,0,order,1
1665977114,32119,1274,1000.0,1,True,True,604,False,658,802,45873329,174545627,45873636,174544044,0,0,1665977098,16,distance_to_pickup,BATCH,milp_vrp,0,0,order,1
1665977114,95405,94,1000.0,1,True,True,266,False,658,802,45877890,174578340,45876678,174579307,0,0,1665976825,289,distance_to_pickup,BATCH,milp_vrp,0,0,order,1
1665977114,524706,58,0.0,1,True,True,4170,False,658,802,45912080,174529170,45912071,174529446,0,0,1665976770,344,distance_to_pickup,BATCH,milp_vrp,0,0,order,1
1665977114,256232,3246,1000.0,1,True,True,1543,False,658,802,45878123,174577620,45877330,174575856,0,0,1665976869,245,distance_to_pickup,BATCH,milp_vrp,0,0,order,1
1665977114,144001,4837,0.0,1,True,True,2740,False,658,802,45866351,174556191,45866137,174555867,0,0,1665976988,126,distance_to_pickup,BATCH,milp_vrp,0,0,order,1
1665977114,315752,1302,0.0,1,True,True,2037,False,658,802,45876860,174545700,45877538,174545300,0,0,1665976915,199,distance_to_pickup,BATCH,milp_vrp,0,0,order,1
1665977114,561034,1274,1000.0,1,True,True,1622,False,658,802,45872960,174545650,45873636,174544044,0,0,1665977028,86,distance_to_pickup,BATCH,milp_vrp,0,0,order,1
1665977114,503897,646,1000.0,1,True,True,604,False,658,802,45872518,174545918,45873187,174544474,0,0,1665976895,219,distance_to_pickup,BATCH,milp_vrp,0,0,order,1
1665977114,107542,1708,0.0,1,True,True,434,False,658,802,45880110,174548040,45880097,174547316,0,0,1665976913,201,distance_to_pickup,BATCH,milp_vrp,0,0,order,1
1665977114,101606,263,0.0,1,True,True,3573,False,658,802,45876580,174545960,45876918,174545887,0,0,1665976900,214,distance_to_pickup,BATCH,milp_vrp,0,0,order,1
1665977114,509050,1708,0.0,1,True,True,434,False,658,802,45880110,174548040,45880097,174547316,0,0,1665976961,153,distance_to_pickup,BATCH,milp_vrp,0,0,order,1
1665977114,529982,2150,0.0,1,True,True,2002,False,658,802,45920114,174542742,45920315,174541965,0,0,1665977081,33,distance_to_pickup,BATCH,milp_vrp,0,0,order,1
1665977114,206677,1771,5000.0,1,True,True,3524,False,658,802,45927565,174521517,45923150,174524584,0,0,1665976974,140,distance_to_pickup,BATCH,milp_vrp,0,0,order,1
1665977114,104582,2134,0.0,1,True,True,2034,False,658,802,45874701,174571605,45874489,174571517,0,0,1665976613,501,distance_to_pickup,BATCH,milp_vrp,0,0,order,1
1665977114,191940,1546,0.0,1,True,True,2065,False,658,802,45864785,174580827,45864422,174580536,0,0,1665976797,317,distance_to_pickup,BATCH,milp_vrp,0,0,order,1
1665977114,79833,1546,2000.0,1,True,True,1126,False,658,802,45866523,174578800,45864422,174580536,0,0,1665976401,713,distance_to_pickup,BATCH,milp_vrp,0,0,order,1
1665977114,524698,3175,1000.0,1,True,True,2038,False,658,802,45856856,174575762,45855007,174575193,0,0,1665976290,824,distance_to_pickup,BATCH,milp_vrp,0,0,order,1
1665977114,206672,2498,0.0,1,True,True,981,False,658,802,45869364,174570875,45869405,174570734,0,0,1665976805,309,distance_to_pickup,BATCH,milp_vrp,0,0,order,1
1665977114,310174,2134,1000.0,1,True,True,2779,False,658,802,45875922,174572196,45874489,174571517,0,0,1665976813,301,distance_to_pickup,BATCH,milp_vrp,0,0,order,1
1665977114,244726,4429,0.0,1,True,True,4036,False,658,802,45859959,174581509,45860768,174581950,0,0,1665976277,837,distance_to_pickup,BATCH,milp_vrp,0,0,order,1
1665977114,153051,207,0.0,1,True,True,101,False,658,802,45877890,174578340,45878045,174577506,0,0,1665976467,647,distance_to_pickup,BATCH,milp_vrp,0,0,order,1
1665977114,177186,1884,2000.0,1,True,True,3951,False,658,802,45865723,174573423,45867958,174573466,0,0,1665976732,382,distance_to_pickup,BATCH,milp_vrp,0,0,order,1
1665977114,143995,3536,0.0,1,True,True,1625,False,658,802,45862946,174583985,45863375,174583422,0,0,1665976856,258,distance_to_pickup,BATCH,milp_vrp,0,0,order,1
1665977114,48305,207,0.0,1,True,True,101,False,658,802,45877890,174578340,45878045,174577506,0,0,1665977087,27,distance_to_pickup,BATCH,milp_vrp,0,0,order,1
1665977114,12967,1546,0.0,1,True,True,100,False,658,802,45865368,174580855,45864422,174580536,0,0,1665977068,46,distance_to_pickup,BATCH,milp_vrp,0,0,order,1
1665977114,45053,1771,5000.0,1,True,True,976,False,658,802,45927565,174521517,45923150,174524584,0,0,1665976957,157,distance_to_pickup,BATCH,milp_vrp,0,0,order,1
1665977114,224394,1965,1000.0,1,True,True,4079,False,658,802,45897720,174529815,45896729,174529389,0,0,1665976774,340,distance_to_pickup,BATCH,milp_vrp,0,0,order,1
1665977114,177183,3823,2000.0,1,True,True,281,False,658,802,45896370,174524880,45899046,174525559,0,0,1665976577,537,distance_to_pickup,BATCH,milp_vrp,0,0,order,1
1665977114,38504,3823,2000.0,1,True,True,3823,True,658,802,45896370,174524880,45899046,174525559,0,0,1665976849,265,distance_to_pickup,BATCH,milp_vrp,0,0,order,1
1665977114,427557,618,1000.0,1,True,True,3570,False,658,802,45893272,174535152,45891619,174535961,0,0,1665977056,58,distance_to_pickup,BATCH,milp_vrp,0,0,order,1
1665977114,456862,3111,0.0,1,True,True,1693,False,658,802,45885356,174542714,45885498,174543057,0,0,1665977025,89,distance_to_pickup,BATCH,milp_vrp,0,0,order,1
1665977114,101,1546,0.0,1,True,True,100,False,658,802,45865368,174580855,45864422,174580536,0,0,1665976303,811,distance_to_pickup,BATCH,milp_vrp,0,0,order,1
1665977114,35370,278,1000.0,1,True,True,666,False,658,802,45889630,174546285,45890053,174545034,0,0,1665976979,135,distance_to_pickup,BATCH,milp_vrp,0,0,order,1
1665977114,203738,371,0.0,1,True,True,2126,False,658,802,45890990,174546350,45891231,174547077,0,0,1665976856,258,distance_to_pickup,BATCH,milp_vrp,0,0,order,1
1665977114,162147,1965,3000.0,1,True,True,762,False,658,802,45895346,174532388,45896729,174529389,0,0,1665976851,263,distance_to_pickup,BATCH,milp_vrp,0,0,order,1
1665977114,365591,917,3000.0,1,True,True,762,False,658,802,45895346,174532388,45892493,174529631,0,0,1665976659,455,distance_to_pickup,BATCH,milp_vrp,0,0,order,1
1665977114,270511,3425,0.0,1,True,True,1582,False,658,802,45866836,174581477,45866388,174580916,0,0,1665976931,183,distance_to_pickup,BATCH,milp_vrp,0,0,order,1
1665977114,89127,2513,0.0,1,True,True,3536,False,658,802,45858466,174584141,45858344,174583613,0,0,1665976915,199,distance_to_pickup,BATCH,milp_vrp,0,0,order,1
1665977114,561021,4017,3000.0,1,True,True,3380,False,658,802,45885010,174520190,45881588,174521085,0,0,1665976130,984,distance_to_pickup,BATCH,milp_vrp,0,0,order,1
1665977114,38512,1276,1000.0,1,True,True,3103,False,658,802,45877759,174578692,45878584,174580241,0,0,1665977019,95,distance_to_pickup,BATCH,milp_vrp,0,0,order,1
1665977114,82941,1884,0.0,1,True,True,2403,False,658,802,45867880,174573167,45867958,174573466,0,0,1665976677,437,distance_to_pickup,BATCH,milp_vrp,0,0,order,1
1665977114,146967,3423,0.0,1,True,True,1562,False,658,802,45851335,174555897,45851252,174556659,0,0,1665972686,4428,distance_to_pickup,BATCH,milp_vrp,0,0,order,1
1665977114,247687,553,0.0,1,True,True,2063,False,658,802,45867462,174566858,45867668,174566858,0,0,1665976809,305,distance_to_pickup,BATCH,milp_vrp,0,0,order,1
1665977114,48301,3001,0.0,1,True,True,538,False,658,802,45879921,174546626,45879892,174546584,0,0,1665976904,210,distance_to_pickup,BATCH,milp_vrp,0,0,order,1
1665977114,509048,1884,0.0,1,True,True,972,False,658,802,45867851,174574247,45867958,174573466,0,0,1665976821,293,distance_to_pickup,BATCH,milp_vrp,0,0,order,1
1665977114,90,553,0.0,1,True,True,84,False,658,802,45867766,174566793,45867668,174566858,0,0,1665976772,342,distance_to_pickup,BATCH,milp_vrp,0,0,order,1
1665977114,28939,3369,1000.0,1,True,True,2032,False,658,802,45855637,174569692,45854328,174570873,0,0,1665976930,184,distance_to_pickup,BATCH,milp_vrp,0,0,order,1
1665977114,456856,2861,1000.0,1,True,True,90,False,658,802,45873748,174550525,45873726,174549261,0,0,1665976800,314,distance_to_pickup,BATCH,milp_vrp,0,0,order,1
1665977114,212731,3559,1000.0,1,True,True,227,False,658,802,45861844,174579248,45863490,174579277,0,0,1665976720,394,distance_to_pickup,BATCH,milp_vrp,0,0,order,1
1665977114,73399,1274,1000.0,1,True,True,119,False,658,802,45873329,174545627,45873636,174544044,0,0,1665976067,1047,distance_to_pickup,BATCH,milp_vrp,0,0,order,1
1665977114,191944,865,0.0,1,True,True,428,False,658,802,45854334,174566846,45854197,174567469,0,0,1665976804,310,distance_to_pickup,BATCH,milp_vrp,0,0,order,1
1665977114,408973,1579,0.0,1,True,True,1283,False,658,802,45850935,174552690,45851247,174552884,0,0,1665976971,143,distance_to_pickup,BATCH,milp_vrp,0,0,order,1
1665977114,89121,871,0.0,1,True,True,1017,False,658,802,45869057,174574903,45868796,174574360,0,0,1665976889,225,distance_to_pickup,BATCH,milp_vrp,0,0,order,1
1665977114,206676,4504,2000.0,1,True,True,3223,False,658,802,45892888,174524550,45890447,174525688,0,0,1665976911,203,distance_to_pickup,BATCH,milp_vrp,0,0,order,1
1665977114,307299,984,0.0,1,True,True,3053,False,658,802,45846823,174586799,45846899,174587553,0,0,1665976763,351,distance_to_pickup,BATCH,milp_vrp,0,0,order,1
1665977114,545548,1690,0.0,1,True,True,1362,False,658,802,45889549,174535543,45888845,174536217,0,0,1665976910,204,distance_to_pickup,BATCH,milp_vrp,0,0,order,1
1665977114,79837,4218,1000.0,1,True,True,691,False,658,802,45874164,174536556,45873800,174538360,0,0,1665977006,108,distance_to_pickup,BATCH,milp_vrp,0,0,order,1
1665977114,279196,3422,0.0,1,True,True,3718,False,658,802,45864785,174580827,45864399,174580555,0,0,1665976547,567,distance_to_pickup,BATCH,milp_vrp,0,0,order,1
1665977114,153049,4218,1000.0,1,True,True,691,False,658,802,45874164,174536556,45873800,174538360,0,0,1665976210,904,distance_to_pickup,BATCH,milp_vrp,0,0,order,1
1665977114,48304,4311,0.0,1,True,True,1704,False,658,802,45863396,174583501,45863243,174584191,0,0,1665977042,72,distance_to_pickup,BATCH,milp_vrp,0,0,order,1
1665977114,304459,763,0.0,1,True,True,2100,False,658,802,45859748,174579158,45860296,174579140,0,0,1665976861,253,distance_to_pickup,BATCH,milp_vrp,0,0,order,1
1665977114,25842,2407,2000.0,1,True,True,1117,False,658,802,45865723,174573423,45868172,174573408,0,0,1665977021,93,distance_to_pickup,BATCH,milp_vrp,0,0,order,1
1665977114,348808,620,1000.0,1,True,True,1325,False,658,802,45892700,174568290,45892133,174570022,0,0,1665976940,174,distance_to_pickup,BATCH,milp_vrp,0,0,order,1
1665977114,253374,1938,0.0,1,True,True,442,False,658,802,45889647,174545036,45890235,174545327,0,0,1665977050,64,distance_to_pickup,BATCH,milp_vrp,0,0,order,1
1665977114,351610,4036,1000.0,1,True,True,3298,False,658,802,45856521,174587350,45856771,174586374,0,0,1665976777,337,distance_to_pickup,BATCH,milp_vrp,0,0,order,1
1665977114,70310,1367,0.0,1,True,True,391,False,658,802,45898300,174553788,45898585,174553859,0,0,1665976873,241,distance_to_pickup,BATCH,milp_vrp,0,0,order,1
1665977114,427559,289,9000.0,1,True,True,3239,False,658,802,45830737,174561329,45832713,174552152,0,0,1665977079,35,distance_to_pickup,BATCH,milp_vrp,0,0,order,1
1665977114,398151,546,0.0,1,True,True,305,False,658,802,45885839,174536161,45885889,174536094,0,0,1665976282,832,distance_to_pickup,BATCH,milp_vrp,0,0,order,1
1665977114,387335,2841,1000.0,1,True,True,1790,False,658,802,45897286,174566670,45895773,174565517,0,0,1665977002,112,distance_to_pickup,BATCH,milp_vrp,0,0,order,1
1665977114,329454,1515,0.0,1,True,True,1884,False,658,802,45867880,174573167,45868229,174573211,0,0,1665976451,663,distance_to_pickup,BATCH,milp_vrp,0,0,order,1
1665977114,128720,495,0.0,1,True,True,2173,False,658,802,45894039,174584286,45894482,174584397,0,0,1665977094,20,distance_to_pickup,BATCH,milp_vrp,0,0,order,1
1665977114,310171,370,0.0,1,True,True,1905,False,658,802,45884295,174582147,45884090,174582860,0,0,1665976548,566,distance_to_pickup,BATCH,milp_vrp,0,0,order,1
1665977114,563516,4495,3000.0,1,True,True,1643,False,658,802,45895360,174576670,45892636,174578358,0,0,1665976546,568,distance_to_pickup,BATCH,milp_vrp,0,0,order,1
1665977114,22580,1235,2000.0,1,True,True,2136,False,658,802,45902158,174585237,45904917,174584205,0,0,1665976683,431,distance_to_pickup,BATCH,milp_vrp,0,0,order,1
1665977114,501222,4495,3000.0,1,True,True,3206,False,658,802,45895360,174576670,45892636,174578358,0,0,1665976796,318,distance_to_pickup,BATCH,milp_vrp,0,0,order,1
1665977114,63996,3004,0.0,1,True,True,1876,False,658,802,45884468,174592977,45885273,174593408,0,0,1665976869,245,distance_to_pickup,BATCH,milp_vrp,0,0,order,1
1665977114,73408,370,0.0,1,True,True,2744,False,658,802,45884437,174581933,45884090,174582860,0,0,1665976878,236,distance_to_pickup,BATCH,milp_vrp,0,0,order,1
1665977114,270517,2040,0.0,1,True,True,2040,True,658,802,45890444,174572525,45890488,174572519,0,0,1665976537,577,distance_to_pickup,BATCH,milp_vrp,0,0,order,1
1665977114,256234,3254,0.0,1,True,True,3438,False,658,802,45887530,174576520,45887645,174576862,0,0,1665977057,57,distance_to_pickup,BATCH,milp_vrp,0,0,order,1
1665977114,321239,4495,3000.0,1,True,True,748,False,658,802,45895360,174576670,45892636,174578358,0,0,1665975880,1234,distance_to_pickup,BATCH,milp_vrp,0,0,order,1
1665977114,180226,1831,0.0,1,True,True,3591,False,658,802,45884295,174582147,45885060,174582727,0,0,1665976769,345,distance_to_pickup,BATCH,milp_vrp,0,0,order,1
1665977114,296038,1755,2000.0,1,True,True,3438,False,658,802,45887530,174576520,45889625,174578382,0,0,1665977002,112,distance_to_pickup,BATCH,milp_vrp,0,0,order,1
1665977114,293207,370,0.0,1,True,True,4626,False,658,802,45884046,174582459,45884090,174582860,0,0,1665976567,547,distance_to_pickup,BATCH,milp_vrp,0,0,order,1
1665977114,168112,3254,0.0,1,True,True,327,False,658,802,45887530,174576520,45887645,174576862,0,0,1665976357,757,distance_to_pickup,BATCH,milp_vrp,0,0,order,1
1665977114,95398,797,1000.0,1,True,True,2189,False,658,802,45875142,174590607,45873588,174589360,0,0,1665976830,284,distance_to_pickup,BATCH,milp_vrp,0,0,order,1
1665977114,48299,1794,0.0,1,True,True,1425,False,658,802,45874288,174647503,45874607,174648271,0,0,1665976639,475,distance_to_pickup,BATCH,milp_vrp,0,0,order,1
1665977114,67178,686,0.0,1,True,True,2204,False,658,802,45873015,174626148,45872384,174626672,0,0,1665976288,826,distance_to_pickup,BATCH,milp_vrp,0,0,order,1
1665977114,488207,2192,0.0,1,True,True,3178,False,658,802,45900986,174582830,45901211,174582539,0,0,1665976928,186,distance_to_pickup,BATCH,milp_vrp,0,0,order,1
1665977114,76560,3835,0.0,1,True,True,1451,False,658,802,45869765,174595640,45870375,174595393,0,0,1665977034,80,distance_to_pickup,BATCH,milp_vrp,0,0,order,1
1665977114,273386,1279,0.0,1,True,True,3266,False,658,802,45907170,174569840,45907068,174569897,0,0,1665976968,146,distance_to_pickup,BATCH,milp_vrp,0,0,order,1
1665977114,85994,2169,0.0,1,True,True,2204,False,658,802,45873015,174626148,45873141,174626561,0,0,1665977045,69,distance_to_pickup,BATCH,milp_vrp,0,0,order,1
1665977114,337726,2459,2000.0,1,True,True,4185,False,658,802,45899430,174590080,45901086,174588351,0,0,1665977026,88,distance_to_pickup,BATCH,milp_vrp,0,0,order,1
1665977114,48300,686,1000.0,1,True,True,3071,False,658,802,45871427,174624974,45872384,174626672,0,0,1665976901,213,distance_to_pickup,BATCH,milp_vrp,0,0,order,1
1665977114,35362,3181,1000.0,1,True,True,1926,False,658,802,45866326,174602374,45866091,174600721,0,0,1665976845,269,distance_to_pickup,BATCH,milp_vrp,0,0,order,1
1665977114,22588,4701,0.0,1,True,True,3408,False,658,802,45867072,174602180,45867012,174601203,0,0,1665971623,5491,distance_to_pickup,BATCH,milp_vrp,0,0,order,1
1665977114,454276,1159,2000.0,1,True,True,2593,False,658,802,45882640,174597842,45884535,174597136,0,0,1665976914,200,distance_to_pickup,BATCH,milp_vrp,0,0,order,1
1665977114,279194,4099,2000.0,1,True,True,1777,False,658,802,45868994,174597121,45871117,174595521,0,0,1665977075,39,distance_to_pickup,BATCH,milp_vrp,0,0,order,1
1665977114,419678,1558,0.0,1,True,True,4398,False,658,802,45879848,174648286,45879635,174648019,0,0,1665976865,249,distance_to_pickup,BATCH,milp_vrp,0,0,order,1
1665977114,12969,1794,0.0,1,True,True,1425,False,658,802,45874288,174647503,45874607,174648271,0,0,1665976090,1024,distance_to_pickup,BATCH,milp_vrp,0,0,order,1
1665977114,337729,3004,0.0,1,True,True,73,False,658,802,45884468,174592977,45885273,174593408,0,0,1665976964,150,distance_to_pickup,BATCH,milp_vrp,0,0,order,1
1665977114,376546,2744,2000.0,1,True,True,1086,False,658,802,45897498,174588194,45897422,174585738,0,0,1665977077,37,distance_to_pickup,BATCH,milp_vrp,0,0,order,1
1665977114,516887,1865,1000.0,1,True,True,4054,False,658,802,45890563,174573599,45890435,174574862,0,0,1665975661,1453,distance_to_pickup,BATCH,milp_vrp,0,0,order,1
1665977114,171188,1279,1000.0,1,True,True,167,False,658,802,45907518,174567959,45907068,174569897,0,0,1665976821,293,distance_to_pickup,BATCH,milp_vrp,0,0,order,1
1665977114,284884,2744,2000.0,1,True,True,1086,False,658,802,45897498,174588194,45897422,174585738,0,0,1665977024,90,distance_to_pickup,BATCH,milp_vrp,0,0,order,1
1665977114,296034,775,1000.0,1,True,True,1354,False,658,802,45875997,174650469,45875962,174649263,0,0,1665976897,217,distance_to_pickup,BATCH,milp_vrp,0,0,order,1
1665977114,310177,1767,6000.0,1,True,True,3815,False,658,802,45889193,174615514,45889493,174622320,0,0,1665976903,211,distance_to_pickup,BATCH,milp_vrp,0,0,order,1
1665977114,134863,2739,0.0,1,True,True,587,False,658,802,45870770,174595580,45871069,174595886,0,0,1665977086,28,distance_to_pickup,BATCH,milp_vrp,0,0,order,1
1665977114,197827,3049,1000.0,1,True,True,1425,False,658,802,45875776,174650671,45874844,174650041,0,0,1665976365,749,distance_to_pickup,BATCH,milp_vrp,0,0,order,1
1665977114,498606,3552,0.0,1,True,True,2990,False,658,802,45879753,174634491,45880013,174634633,0,0,1665976561,553,distance_to_pickup,BATCH,milp_vrp,0,0,order,1
1665977114,92243,1909,0.0,1,True,True,3170,False,658,802,45874747,174650152,45874847,174650264,0,0,1665976364,750,distance_to_pickup,BATCH,milp_vrp,0,0,order,1
1665977114,540434,4185,3000.0,1,True,True,484,False,658,802,45897160,174590150,45896863,174593700,0,0,1665977062,52,distance_to_pickup,BATCH,milp_vrp,0,0,order,1
1665977114,501220,3184,1000.0,1,True,True,2192,False,658,802,45902763,174586284,45903698,174586746,0,0,1665976723,391,distance_to_pickup,BATCH,milp_vrp,0,0,order,1
1665977114,28937,775,1000.0,1,True,True,3170,False,658,802,45875866,174650314,45875962,174649263,0,0,1665976870,244,distance_to_pickup,BATCH,milp_vrp,0,0,order,1
1665977114,218639,3963,5000.0,1,True,True,3119,False,658,802,45859514,174606372,45856223,174611208,0,0,1665977074,40,distance_to_pickup,BATCH,milp_vrp,0,0,order,1
1665977114,41711,470,4000.0,1,True,True,2937,False,658,802,45884761,174635144,45880214,174634319,0,0,1665972656,4458,distance_to_pickup,BATCH,milp_vrp,0,0,order,1
1665977114,566064,2100,1000.0,1,True,True,2666,False,658,802,45856330,174579593,45856611,174578061,0,0,1665976955,159,distance_to_pickup,BATCH,milp_vrp,0,0,order,1
1665977114,529974,1094,0.0,1,True,True,3160,False,658,802,45864213,174615211,45864085,174615396,0,0,1665976704,410,distance_to_pickup,BATCH,milp_vrp,0,0,order,1
1665977114,535233,3552,4000.0,1,True,True,2937,False,658,802,45884761,174635144,45880013,174634633,0,0,1665976614,500,distance_to_pickup,BATCH,milp_vrp,0,0,order,1
1665977114,104580,3963,5000.0,1,True,True,259,False,658,802,45859397,174606289,45856223,174611208,0,0,1665976979,135,distance_to_pickup,BATCH,milp_vrp,0,0,order,1
1665977114,92257,1657,2000.0,1,True,True,1703,False,658,802,45852846,174602424,45851922,174604280,0,0,1665977025,89,distance_to_pickup,BATCH,milp_vrp,0,0,order,1
1665977114,368308,1909,0.0,1,True,True,3694,False,658,802,45874757,174650325,45874847,174650264,0,0,1665976754,360,distance_to_pickup,BATCH,milp_vrp,0,0,order,1
1665977114,89113,3552,0.0,1,True,True,483,False,658,802,45880013,174634613,45880013,174634633,0,0,1665976122,992,distance_to_pickup,BATCH,milp_vrp,0,0,order,1
1665977114,287656,40,4000.0,1,True,True,1779,False,658,802,45884225,174633972,45879615,174634748,0,0,1665977011,103,distance_to_pickup,BATCH,milp_vrp,0,0,order,1
1665977114,359993,4276,0.0,1,True,True,1451,False,658,802,45870996,174595448,45871198,174595655,0,0,1665976899,215,distance_to_pickup,BATCH,milp_vrp,0,0,order,1
1665977114,438284,3552,4000.0,1,True,True,1304,False,658,802,45884742,174633571,45880013,174634633,0,0,1665977032,82,distance_to_pickup,BATCH,milp_vrp,0,0,order,1
1665977114,76558,2169,0.0,1,True,True,433,False,658,802,45873040,174625865,45873141,174626561,0,0,1665976959,155,distance_to_pickup,BATCH,milp_vrp,0,0,order,1
1665977114,12963,686,0.0,1,True,True,2676,False,658,802,45872691,174625967,45872384,174626672,0,0,1665976956,158,distance_to_pickup,BATCH,milp_vrp,0,0,order,1
1665977114,104572,2797,0.0,1,True,True,3694,False,658,802,45875400,174648139,45875761,174647584,0,0,1665976526,588,distance_to_pickup,BATCH,milp_vrp,0,0,order,1
1665977114,406334,1837,0.0,1,True,True,791,False,658,802,45879636,174648191,45879102,174647937,0,0,1665976936,178,distance_to_pickup,BATCH,milp_vrp,0,0,order,1
1665977114,186097,1237,0.0,1,True,True,1319,False,658,802,45879856,174634533,45879375,174635067,0,0,1665977023,91,distance_to_pickup,BATCH,milp_vrp,0,0,order,1
1665977114,32104,3771,0.0,1,True,True,3708,False,658,802,45879933,174650744,45880392,174650788,0,0,1665976731,383,distance_to_pickup,BATCH,milp_vrp,0,0,order,1
1665977114,462105,196,2000.0,1,True,True,540,False,658,802,45881191,174596618,45879018,174596088,0,0,1665976952,162,distance_to_pickup,BATCH,milp_vrp,0,0,order,1
1665977114,218638,2123,0.0,1,True,True,972,False,658,802,45873171,174577055,45873911,174577054,0,0,1665977067,47,distance_to_pickup,BATCH,milp_vrp,0,0,order,1
1665977114,408974,963,0.0,1,True,True,2733,False,658,802,45858344,174577760,45858376,174577783,0,0,1665977053,61,distance_to_pickup,BATCH,milp_vrp,0,0,order,1
1665977114,456858,1160,0.0,1,True,True,1562,False,658,802,45851420,174554680,45851280,174554407,0,0,1665976904,210,distance_to_pickup,BATCH,milp_vrp,0,0,order,1
1665977114,128716,1986,0.0,1,True,True,702,False,658,802,45861811,174593153,45861622,174593745,0,0,1665976795,319,distance_to_pickup,BATCH,milp_vrp,0,0,order,1
1665977114,467442,2081,0.0,1,True,True,972,False,658,802,45856817,174571067,45857641,174571037,0,0,1665976991,123,distance_to_pickup,BATCH,milp_vrp,0,0,order,1
1665977114,373805,313,1000.0,1,True,True,3527,False,658,802,45872058,174580832,45873147,174581641,0,0,1665977078,36,distance_to_pickup,BATCH,milp_vrp,0,0,order,1
1665977114,315754,1901,0.0,1,True,True,235,False,658,802,45863367,174559783,45864084,174559686,0,0,1665976965,149,distance_to_pickup,BATCH,milp_vrp,0,0,order,1
1665977114,373797,2289,0.0,1,True,True,1781,False,658,802,45872485,174586837,45872299,174586292,0,0,1665976839,275,distance_to_pickup,BATCH,milp_vrp,0,0,order,1
1665977114,6488,969,0.0,1,True,True,494,False,658,802,45859570,174562510,45860369,174562537,0,0,1665977103,11,distance_to_pickup,BATCH,milp_vrp,0,0,order,1
1665977114,490831,4030,0.0,1,True,True,996,False,658,802,45906017,174528217,45905839,174527813,0,0,1665976259,855,distance_to_pickup,BATCH,milp_vrp,0,0,order,1
1665977114,485673,1545,2000.0,1,True,True,269,False,658,802,46050899,174947569,46053373,174946080,0,0,1665977080,34,distance_to_pickup,BATCH,milp_vrp,0,0,order,1
1665977114,221540,574,0.0,1,True,True,777,False,658,802,46051728,174940222,46051675,174939629,0,0,1665976975,139,distance_to_pickup,BATCH,milp_vrp,0,0,order,1
1665977114,332271,3444,0.0,1,True,True,4557,False,658,802,46043232,174940147,46043324,174940956,0,0,1665977097,17,distance_to_pickup,BATCH,milp_vrp,0,0,order,1
1665977114,215714,3444,0.0,1,True,True,1975,False,658,802,46043162,174939975,46043324,174940956,0,0,1665977094,20,distance_to_pickup,BATCH,milp_vrp,0,0,order,1
1665977114,57728,1498,1000.0,1,True,True,457,False,658,802,46042316,174954242,46042726,174953124,0,0,1665977103,11,distance_to_pickup,BATCH,milp_vrp,0,0,order,1
1665977114,516911,184,0.0,1,True,True,2485,False,658,802,46062288,174947094,46062263,174947106,0,0,1665977094,20,distance_to_pickup,BATCH,milp_vrp,0,0,order,1
1665977114,264847,3410,0.0,1,True,True,2159,False,658,802,46052464,174930471,46052832,174931366,0,0,1665977098,16,distance_to_pickup,BATCH,milp_vrp,0,0,order,1
1665977114,307300,1545,2000.0,1,True,True,777,False,658,802,46051597,174947220,46053373,174946080,0,0,1665976842,272,distance_to_pickup,BATCH,milp_vrp,0,0,order,1
1665977114,470047,1814,1000.0,1,True,True,317,False,658,802,46043478,174939239,46044770,174938849,0,0,1665977023,91,distance_to_pickup,BATCH,milp_vrp,0,0,order,1
1665977114,498614,3410,1000.0,1,True,True,2159,False,658,802,46052393,174932299,46052832,174931366,0,0,1665977098,16,distance_to_pickup,BATCH,milp_vrp,0,0,order,1
1665977114,113669,2150,0.0,1,True,True,958,False,658,802,45920123,174542534,45920315,174541965,0,0,1665976939,175,distance_to_pickup,BATCH,milp_vrp,0,0,order,1
1665977114,451740,927,0.0,1,True,True,3346,False,658,802,45920947,174542656,45921169,174542371,0,0,1665977092,22,distance_to_pickup,BATCH,milp_vrp,0,0,order,1
1665977114,357225,3991,1000.0,1,True,True,214,False,658,802,45905669,174544560,45906722,174543873,0,0,1665977068,46,distance_to_pickup,BATCH,milp_vrp,0,0,order,1
1665977114,524713,3909,0.0,1,True,True,830,False,658,802,45907200,174556440,45907274,174556594,0,0,1665977089,25,distance_to_pickup,BATCH,milp_vrp,0,0,order,1
1665977114,82936,1804,2000.0,1,True,True,446,False,658,802,45768655,174566775,45766199,174567205,0,0,1665977032,82,distance_to_pickup,BATCH,milp_vrp,0,0,order,1
1665977114,503901,1029,0.0,1,True,True,1759,False,658,802,45764668,174569944,45764801,174570127,0,0,1665977013,101,distance_to_pickup,BATCH,milp_vrp,0,0,order,1
1665977114,147010,1804,1000.0,1,True,True,2352,False,658,802,45767476,174566349,45766199,174567205,0,0,1665977082,32,distance_to_pickup,BATCH,milp_vrp,0,0,order,1
1665977114,45056,1759,1000.0,1,True,True,1041,False,658,802,45765111,174571328,45764844,174569939,0,0,1665977082,32,distance_to_pickup,BATCH,milp_vrp,0,0,order,1
1665977114,203743,2826,3000.0,1,True,True,2487,False,658,802,45769653,174578806,45772824,174578909,0,0,1665977066,48,distance_to_pickup,BATCH,milp_vrp,0,0,order,1
1665977114,490843,114,1000.0,1,True,True,996,False,658,802,45908534,174530923,45909554,174529821,0,0,1665976772,342,distance_to_pickup,BATCH,milp_vrp,0,0,order,1
1665977114,12966,114,1000.0,1,True,True,3395,False,658,802,45911110,174530490,45909554,174529821,0,0,1665977058,56,distance_to_pickup,BATCH,milp_vrp,0,0,order,1
1665977114,107543,1367,0.0,1,True,True,407,False,658,802,45898300,174553788,45898585,174553859,0,0,1665977075,39,distance_to_pickup,BATCH,milp_vrp,0,0,order,1
1665977114,32120,2454,3000.0,1,True,True,1632,False,658,802,45895979,174575393,45898823,174572584,0,0,1665977063,51,distance_to_pickup,BATCH,milp_vrp,0,0,order,1
1665977114,16088,3965,1000.0,1,True,True,1693,False,658,802,45887697,174556801,45886456,174557371,0,0,1665976545,569,distance_to_pickup,BATCH,milp_vrp,0,0,order,1
1665977114,85998,4651,0.0,1,True,True,1726,False,658,802,45874835,174545439,45874869,174545156,0,0,1665976721,393,distance_to_pickup,BATCH,milp_vrp,0,0,order,1
1665977114,529983,3012,2000.0,1,True,True,1117,False,658,802,45865723,174573423,45865300,174570490,0,0,1665976875,239,distance_to_pickup,BATCH,milp_vrp,0,0,order,1
1665977114,553219,2436,0.0,1,True,True,78,False,658,802,45845467,174552526,45846293,174552920,0,0,1665976940,174,distance_to_pickup,BATCH,milp_vrp,0,0,order,1
1665977114,373804,2715,2000.0,1,True,True,78,False,658,802,45849298,174548682,45849354,174551061,0,0,1665977013,101,distance_to_pickup,BATCH,milp_vrp,0,0,order,1
1665977114,332219,984,0.0,1,True,True,1795,False,658,802,45846475,174587390,45846899,174587553,0,0,1665960615,16499,distance_to_pickup,BATCH,milp_vrp,0,0,order,1
1665977114,16103,1884,1000.0,1,True,True,2400,False,658,802,45866653,174574425,45867958,174573466,0,0,1665976976,138,distance_to_pickup,BATCH,milp_vrp,0,0,order,1
1665977114,28941,1708,0.0,1,True,True,352,False,658,802,45880110,174548040,45880097,174547316,0,0,1665977074,40,distance_to_pickup,BATCH,milp_vrp,0,0,order,1
1665977114,137864,572,1000.0,1,True,True,1571,False,658,802,45856220,174583459,45857988,174584321,0,0,1665976992,122,distance_to_pickup,BATCH,milp_vrp,0,0,order,1
1665977114,550661,236,1000.0,1,True,True,369,False,658,802,45902813,174555825,45901940,174556736,0,0,1665976763,351,distance_to_pickup,BATCH,milp_vrp,0,0,order,1
1665977114,162150,2150,0.0,1,True,True,1862,False,658,802,45920114,174542742,45920315,174541965,0,0,1665977031,83,distance_to_pickup,BATCH,milp_vrp,0,0,order,1
1665977114,456845,454,0.0,1,True,True,2921,False,658,802,45912017,174526299,45912451,174526866,0,0,1665976341,773,distance_to_pickup,BATCH,milp_vrp,0,0,order,1
1665977114,67179,2761,5000.0,1,True,True,3524,False,658,802,45927565,174521517,45928516,174527402,0,0,1665977074,40,distance_to_pickup,BATCH,milp_vrp,0,0,order,1
1665977114,79834,927,0.0,1,True,True,1862,False,658,802,45921088,174542209,45921169,174542371,0,0,1665976912,202,distance_to_pickup,BATCH,milp_vrp,0,0,order,1
1665977114,424987,1273,1000.0,1,True,True,2976,False,658,802,45867140,174551189,45867889,174552273,0,0,1665977035,79,distance_to_pickup,BATCH,milp_vrp,0,0,order,1
1665977114,212728,1274,1000.0,1,True,True,3434,False,658,802,45871867,174544242,45873636,174544044,0,0,1665976866,248,distance_to_pickup,BATCH,milp_vrp,0,0,order,1
1665977114,362768,99,0.0,1,True,True,2355,False,658,802,45861490,174545510,45861252,174545485,0,0,1665976414,700,distance_to_pickup,BATCH,milp_vrp,0,0,order,1
1665977114,459487,2330,0.0,1,True,True,557,False,658,802,45865154,174557054,45865125,174556716,0,0,1665976824,290,distance_to_pickup,BATCH,milp_vrp,0,0,order,1
1665977114,125707,1273,1000.0,1,True,True,3473,False,658,802,45867140,174551189,45867889,174552273,0,0,1665976561,553,distance_to_pickup,BATCH,milp_vrp,0,0,order,1
1665977114,273390,2330,0.0,1,True,True,50,False,658,802,45865852,174556038,45865125,174556716,0,0,1665977062,52,distance_to_pickup,BATCH,milp_vrp,0,0,order,1
1665977114,529972,908,11000.0,1,True,True,4573,False,658,802,45865463,174482601,45876121,174479047,0,0,1665976654,460,distance_to_pickup,BATCH,milp_vrp,0,0,order,1
1665977114,134864,1655,1000.0,1,True,True,404,False,658,802,45893552,174543169,45893913,174544511,0,0,1665977076,38,distance_to_pickup,BATCH,milp_vrp,0,0,order,1
1665977114,282035,4023,0.0,1,True,True,1179,False,658,802,45853157,174526317,45852827,174526824,0,0,1665977002,112,distance_to_pickup,BATCH,milp_vrp,0,0,order,1
1665977114,493446,3211,1000.0,1,True,True,753,False,658,802,45885269,174525154,45883752,174524108,0,0,1665977072,42,distance_to_pickup,BATCH,milp_vrp,0,0,order,1
1665977114,340505,3267,0.0,1,True,True,3557,False,658,802,45890376,174545817,45890123,174545030,0,0,1665976460,654,distance_to_pickup,BATCH,milp_vrp,0,0,order,1
1665977114,323978,3520,0.0,1,True,True,1362,False,658,802,45891276,174536223,45890418,174536129,0,0,1665977082,32,distance_to_pickup,BATCH,milp_vrp,0,0,order,1
1665977114,227332,4731,0.0,1,True,True,3807,False,658,802,45854960,174528670,45855037,174528106,0,0,1665976900,214,distance_to_pickup,BATCH,milp_vrp,0,0,order,1
1665977114,96,584,1000.0,1,True,True,162,False,658,802,45868335,174545710,45866729,174545099,0,0,1665976627,487,distance_to_pickup,BATCH,milp_vrp,0,0,order,1
1665977114,101612,4332,1000.0,1,True,True,593,False,658,802,45900979,174542411,45900924,174543630,0,0,1665977002,112,distance_to_pickup,BATCH,milp_vrp,0,0,order,1
1665977114,548089,58,0.0,1,True,True,4204,False,658,802,45912080,174529170,45912071,174529446,0,0,1665976614,500,distance_to_pickup,BATCH,milp_vrp,0,0,order,1
1665977114,25829,3121,0.0,1,True,True,1000,False,658,802,45910563,174526358,45910761,174526196,0,0,1665976769,345,distance_to_pickup,BATCH,milp_vrp,0,0,order,1
1665977114,189066,3121,0.0,1,True,True,4170,False,658,802,45910030,174526320,45910761,174526196,0,0,1665977075,39,distance_to_pickup,BATCH,milp_vrp,0,0,order,1
1665977114,542955,3279,3000.0,1,True,True,703,False,658,802,45902806,174555734,45898885,174555142,0,0,1665977075,39,distance_to_pickup,BATCH,milp_vrp,0,0,order,1
1665977114,427552,2498,0.0,1,True,True,1831,False,658,802,45869364,174570875,45869405,174570734,0,0,1665976821,293,distance_to_pickup,BATCH,milp_vrp,0,0,order,1
1665977114,424982,1175,0.0,1,True,True,3750,False,658,802,45859811,174572316,45860103,174572514,0,0,1665976879,235,distance_to_pickup,BATCH,milp_vrp,0,0,order,1
1665977114,284883,1970,0.0,1,True,True,2793,False,658,802,45887243,174550790,45886779,174551404,0,0,1665977013,101,distance_to_pickup,BATCH,milp_vrp,0,0,order,1
1665977114,35360,1367,0.0,1,True,True,1212,False,658,802,45898380,174554072,45898585,174553859,0,0,1665976881,233,distance_to_pickup,BATCH,milp_vrp,0,0,order,1
1665977114,422239,405,0.0,1,True,True,766,False,658,802,45897803,174552932,45898131,174552216,0,0,1665976812,302,distance_to_pickup,BATCH,milp_vrp,0,0,order,1
1665977114,125694,122,0.0,1,True,True,397,False,658,802,45875792,174574232,45875369,174574217,0,0,1665976665,449,distance_to_pickup,BATCH,milp_vrp,0,0,order,1
1665977114,116620,891,2000.0,1,True,True,1211,False,658,802,45877696,174531930,45877707,174534709,0,0,1665976924,190,distance_to_pickup,BATCH,milp_vrp,0,0,order,1
1665977114,19403,263,0.0,1,True,True,2984,False,658,802,45875946,174545679,45876918,174545887,0,0,1665976838,276,distance_to_pickup,BATCH,milp_vrp,0,0,order,1
1665977114,6489,58,0.0,1,True,True,2557,False,658,802,45911894,174529244,45912071,174529446,0,0,1665976873,241,distance_to_pickup,BATCH,milp_vrp,0,0,order,1
1665977114,57729,1559,0.0,1,True,True,2827,False,658,802,45898300,174553788,45898010,174552920,0,0,1665976328,786,distance_to_pickup,BATCH,milp_vrp,0,0,order,1
1665977114,371049,1970,0.0,1,True,True,689,False,658,802,45887243,174550790,45886779,174551404,0,0,1665976999,115,distance_to_pickup,BATCH,milp_vrp,0,0,order,1
1665977114,57730,3754,0.0,1,True,True,2057,False,658,802,45895683,174554863,45895544,174554927,0,0,1665977071,43,distance_to_pickup,BATCH,milp_vrp,0,0,order,1
1665977114,462109,454,0.0,1,True,True,2921,False,658,802,45912289,174526370,45912451,174526866,0,0,1665976949,165,distance_to_pickup,BATCH,milp_vrp,0,0,order,1
1665977114,98381,3121,0.0,1,True,True,4170,False,658,802,45910030,174526320,45910761,174526196,0,0,1665976811,303,distance_to_pickup,BATCH,milp_vrp,0,0,order,1
1665977114,498615,328,0.0,1,True,True,2435,False,658,802,45867880,174573167,45868716,174573069,0,0,1665976877,237,distance_to_pickup,BATCH,milp_vrp,0,0,order,1
1665977114,236070,1965,3000.0,1,True,True,4079,False,658,802,45895346,174532388,45896729,174529389,0,0,1665977076,38,distance_to_pickup,BATCH,milp_vrp,0,0,order,1
1665977114,233028,2300,1000.0,1,True,True,875,False,658,802,45859855,174571035,45860634,174572569,0,0,1665976818,296,distance_to_pickup,BATCH,milp_vrp,0,0,order,1
1665977114,273388,3369,1000.0,1,True,True,1034,False,658,802,45855737,174570545,45854328,174570873,0,0,1665976912,202,distance_to_pickup,BATCH,milp_vrp,0,0,order,1
1665977114,41763,3012,2000.0,1,True,True,1117,False,658,802,45865723,174573423,45865300,174570490,0,0,1665977075,39,distance_to_pickup,BATCH,milp_vrp,0,0,order,1
1665977114,212679,4034,0.0,1,True,True,1739,False,658,802,45873444,174547688,45873493,174548080,0,0,1665973336,3778,distance_to_pickup,BATCH,milp_vrp,0,0,order,1
1665977114,373800,1599,0.0,1,True,True,946,False,658,802,45849895,174566798,45849476,174566784,0,0,1665976982,132,distance_to_pickup,BATCH,milp_vrp,0,0,order,1
1665977114,440997,2931,0.0,1,True,True,352,False,658,802,45880110,174548040,45879311,174547981,0,0,1665977000,114,distance_to_pickup,BATCH,milp_vrp,0,0,order,1
1665977114,313015,1180,0.0,1,True,True,2358,False,658,802,45847307,174550841,45847074,174551620,0,0,1665976538,576,distance_to_pickup,BATCH,milp_vrp,0,0,order,1
1665977114,527294,1131,0.0,1,True,True,2773,False,658,802,45894842,174555253,45894866,174555249,0,0,1665976854,260,distance_to_pickup,BATCH,milp_vrp,0,0,order,1
1665977114,550656,967,1000.0,1,True,True,1102,False,658,802,45884894,174566023,45883768,174566618,0,0,1665976611,503,distance_to_pickup,BATCH,milp_vrp,0,0,order,1
1665977114,348809,1664,0.0,1,True,True,689,False,658,802,45885675,174551319,45886461,174551574,0,0,1665976981,133,distance_to_pickup,BATCH,milp_vrp,0,0,order,1
1665977114,351612,2518,0.0,1,True,True,414,False,658,802,45893090,174566900,45892952,174566408,0,0,1665976866,248,distance_to_pickup,BATCH,milp_vrp,0,0,order,1
1665977114,365588,4275,0.0,1,True,True,2742,False,658,802,45887505,174553677,45887508,174553966,0,0,1665976618,496,distance_to_pickup,BATCH,milp_vrp,0,0,order,1
1665977114,424988,278,0.0,1,True,True,3245,False,658,802,45889662,174545698,45890053,174545034,0,0,1665977077,37,distance_to_pickup,BATCH,milp_vrp,0,0,order,1
1665977114,171193,1965,3000.0,1,True,True,4079,False,658,802,45895346,174532388,45896729,174529389,0,0,1665976678,436,distance_to_pickup,BATCH,milp_vrp,0,0,order,1
1665977114,408978,3536,1000.0,1,True,True,227,False,658,802,45863040,174581550,45863375,174583422,0,0,1665976867,247,distance_to_pickup,BATCH,milp_vrp,0,0,order,1
1665977114,290390,1999,0.0,1,True,True,2827,False,658,802,45896150,174555690,45896036,174555626,0,0,1665977002,112,distance_to_pickup,BATCH,milp_vrp,0,0,order,1
1665977114,32106,3360,0.0,1,True,True,3565,False,658,802,45894842,174555253,45894954,174555188,0,0,1665976843,271,distance_to_pickup,BATCH,milp_vrp,0,0,order,1
1665977114,446259,2788,3000.0,1,True,True,1940,False,658,802,45861460,174532407,45863624,174534794,0,0,1665976750,364,distance_to_pickup,BATCH,milp_vrp,0,0,order,1
1665977114,493447,1515,1000.0,1,True,True,2400,False,658,802,45866653,174574425,45868229,174573211,0,0,1665977074,40,distance_to_pickup,BATCH,milp_vrp,0,0,order,1
1665977114,212734,283,3000.0,1,True,True,37,False,658,802,45877682,174539771,45873841,174540628,0,0,1665977082,32,distance_to_pickup,BATCH,milp_vrp,0,0,order,1
1665977114,400939,2127,0.0,1,True,True,161,False,658,802,45877161,174545529,45877414,174544931,0,0,1665977048,66,distance_to_pickup,BATCH,milp_vrp,0,0,order,1
1665977114,270516,4279,0.0,1,True,True,2976,False,658,802,45868335,174545710,45867530,174545141,0,0,1665977076,38,distance_to_pickup,BATCH,milp_vrp,0,0,order,1
1665977114,253377,709,1000.0,1,True,True,140,False,658,802,45853590,174551680,45855274,174552628,0,0,1665977069,45,distance_to_pickup,BATCH,milp_vrp,0,0,order,1
1665977114,57724,1273,1000.0,1,True,True,3473,False,658,802,45867140,174551189,45867889,174552273,0,0,1665976437,677,distance_to_pickup,BATCH,milp_vrp,0,0,order,1
1665977114,387339,99,0.0,1,True,True,2355,False,658,802,45861490,174545510,45861252,174545485,0,0,1665977070,44,distance_to_pickup,BATCH,milp_vrp,0,0,order,1
1665977114,262061,4279,0.0,1,True,True,2976,False,658,802,45868335,174545710,45867530,174545141,0,0,1665976540,574,distance_to_pickup,BATCH,milp_vrp,0,0,order,1
1665977114,116619,4279,0.0,1,True,True,2976,False,658,802,45868335,174545710,45867530,174545141,0,0,1665976930,184,distance_to_pickup,BATCH,milp_vrp,0,0,order,1
1665977114,147011,4099,0.0,1,True,True,2186,False,658,802,45871167,174595947,45871117,174595521,0,0,1665977069,45,distance_to_pickup,BATCH,milp_vrp,0,0,order,1
1665977114,85995,495,1000.0,1,True,True,4044,False,658,802,45894347,174586087,45894482,174584397,0,0,1665977064,50,distance_to_pickup,BATCH,milp_vrp,0,0,order,1
1665977114,376534,1558,0.0,1,True,True,2009,False,658,802,45879721,174647791,45879635,174648019,0,0,1665976593,521,distance_to_pickup,BATCH,milp_vrp,0,0,order,1
1665977114,384546,3511,0.0,1,True,True,3708,False,658,802,45874800,174648440,45874470,174649057,0,0,1665976837,277,distance_to_pickup,BATCH,milp_vrp,0,0,order,1
1665977114,323977,2169,0.0,1,True,True,126,False,658,802,45873015,174626148,45873141,174626561,0,0,1665977064,50,distance_to_pickup,BATCH,milp_vrp,0,0,order,1
1665977114,422238,2169,0.0,1,True,True,126,False,658,802,45873015,174626148,45873141,174626561,0,0,1665976970,144,distance_to_pickup,BATCH,milp_vrp,0,0,order,1
1665977114,125698,1449,3000.0,1,True,True,1154,False,658,802,45874819,174607415,45871159,174606537,0,0,1665977032,82,distance_to_pickup,BATCH,milp_vrp,0,0,order,1
1665977114,180228,4022,2000.0,1,True,True,3391,False,658,802,45901660,174579130,45899212,174578505,0,0,1665976318,796,distance_to_pickup,BATCH,milp_vrp,0,0,order,1
1665977114,307289,1306,0.0,1,True,True,1494,False,658,802,45874320,174648050,45873926,174647635,0,0,1665976209,905,distance_to_pickup,BATCH,milp_vrp,0,0,order,1
1665977114,137868,4022,0.0,1,True,True,1020,False,658,802,45898281,174578532,45899212,174578505,0,0,1665977073,41,distance_to_pickup,BATCH,milp_vrp,0,0,order,1
1665977114,376545,2073,0.0,1,True,True,2898,False,658,802,45898742,174578266,45898811,174578535,0,0,1665977045,69,distance_to_pickup,BATCH,milp_vrp,0,0,order,1
1665977114,16104,3220,0.0,1,True,True,697,False,658,802,45879648,174648076,45879081,174648867,0,0,1665976702,412,distance_to_pickup,BATCH,milp_vrp,0,0,order,1
1665977114,296037,1957,0.0,1,True,True,2781,False,658,802,45886081,174590587,45885562,174591023,0,0,1665976946,168,distance_to_pickup,BATCH,milp_vrp,0,0,order,1
1665977114,548091,1314,0.0,1,True,True,4626,False,658,802,45884516,174581843,45884790,174582558,0,0,1665976668,446,distance_to_pickup,BATCH,milp_vrp,0,0,order,1
1665977114,119649,3064,1000.0,1,True,True,440,False,658,802,45887639,174579160,45886320,174578134,0,0,1665976596,518,distance_to_pickup,BATCH,milp_vrp,0,0,order,1
1665977114,215711,1909,0.0,1,True,True,2606,False,658,802,45875002,174650109,45874847,174650264,0,0,1665977007,107,distance_to_pickup,BATCH,milp_vrp,0,0,order,1
1665977114,381833,220,0.0,1,True,True,3440,False,658,802,45879175,174650529,45878981,174650409,0,0,1665976744,370,distance_to_pickup,BATCH,milp_vrp,0,0,order,1
1665977114,165210,1385,5000.0,1,True,True,2371,False,658,802,45859397,174606289,45854413,174604970,0,0,1665977074,40,distance_to_pickup,BATCH,milp_vrp,0,0,order,1
1665977114,98345,1957,0.0,1,True,True,1864,False,658,802,45885650,174591307,45885562,174591023,0,0,1665972999,4115,distance_to_pickup,BATCH,milp_vrp,0,0,order,1
1665977114,241881,1865,1000.0,1,True,True,3572,False,658,802,45890563,174573599,45890435,174574862,0,0,1665977073,41,distance_to_pickup,BATCH,milp_vrp,0,0,order,1
1665977114,19406,3049,0.0,1,True,True,3708,False,658,802,45875769,174650415,45874844,174650041,0,0,1665976935,179,distance_to_pickup,BATCH,milp_vrp,0,0,order,1
1665977114,122649,2260,0.0,1,True,True,2106,False,658,802,45907167,174525685,45906260,174525686,0,0,1665976302,812,distance_to_pickup,BATCH,milp_vrp,0,0,order,1
1665977114,387340,2087,0.0,1,True,True,3118,False,658,802,46047111,174940175,46047129,174941164,0,0,1665977075,39,distance_to_pickup,BATCH,milp_vrp,0,0,order,1
1665977114,48306,44,3000.0,1,True,True,1893,False,658,802,46043134,174959153,46039697,174957617,0,0,1665977075,39,distance_to_pickup,BATCH,milp_vrp,0,0,order,1
1665977114,351615,2159,0.0,1,True,True,2819,False,658,802,46052240,174936640,46052115,174936380,0,0,1665977077,37,distance_to_pickup,BATCH,milp_vrp,0,0,order,1
1665977114,550665,2087,0.0,1,True,True,2298,False,658,802,46047111,174940175,46047129,174941164,0,0,1665977071,43,distance_to_pickup,BATCH,milp_vrp,0,0,order,1
1665977114,194875,1545,0.0,1,True,True,320,False,658,802,46053038,174946253,46053373,174946080,0,0,1665977071,43,distance_to_pickup,BATCH,milp_vrp,0,0,order,1
1665977114,92259,3147,3000.0,1,True,True,3147,True,658,802,45770776,174560969,45767801,174562880,0,0,1665977067,47,distance_to_pickup,BATCH,milp_vrp,0,0,order,1
1665977114,206681,446,3000.0,1,True,True,1804,False,658,802,45769293,174566824,45766164,174567277,0,0,1665977081,33,distance_to_pickup,BATCH,milp_vrp,0,0,order,1
1665977114,171194,299,0.0,1,True,True,1975,False,658,802,46052348,174943286,46052620,174942544,0,0,1665977073,41,distance_to_pickup,BATCH,milp_vrp,0,0,order,1
1665977114,221544,2087,2000.0,1,True,True,862,False,658,802,46049566,174941858,46047129,174941164,0,0,1665977080,34,distance_to_pickup,BATCH,milp_vrp,0,0,order,1
1665977114,387341,574,2000.0,1,True,True,1893,False,658,802,46050125,174941512,46051675,174939629,0,0,1665977073,41,distance_to_pickup,BATCH,milp_vrp,0,0,order,1
1665977114,168127,1814,1000.0,1,True,True,1065,False,658,802,46043190,174939130,46044770,174938849,0,0,1665977079,35,distance_to_pickup,BATCH,milp_vrp,0,0,order,1
1665977114,304466,3444,0.0,1,True,True,632,False,658,802,46043414,174940828,46043324,174940956,0,0,1665977080,34,distance_to_pickup,BATCH,milp_vrp,0,0,order,1
1665977114,119647,1716,0.0,1,True,True,1341,False,658,802,46046384,174938708,46046291,174938973,0,0,1665977054,60,distance_to_pickup,BATCH,milp_vrp,0,0,order,1
1665977114,12968,831,1000.0,1,True,True,2417,False,658,802,46055371,174942904,46054841,174941862,0,0,1665977069,45,distance_to_pickup,BATCH,milp_vrp,0,0,order,1
1665977114,247695,4311,0.0,1,True,True,3454,False,658,802,45863395,174583590,45863243,174584191,0,0,1665976763,351,distance_to_pickup,BATCH,milp_vrp,0,0,order,1
1665977114,79831,4694,0.0,1,True,True,4694,True,658,802,45861655,174583536,45862155,174582802,0,0,1665976917,197,distance_to_pickup,BATCH,milp_vrp,0,0,order,1
1665977114,32109,207,0.0,1,True,True,1894,False,658,802,45878123,174577620,45878045,174577506,0,0,1665976893,221,distance_to_pickup,BATCH,milp_vrp,0,0,order,1
1665977114,329455,2498,0.0,1,True,True,1017,False,658,802,45869422,174571363,45869405,174570734,0,0,1665976994,120,distance_to_pickup,BATCH,milp_vrp,0,0,order,1
1665977114,496028,3246,1000.0,1,True,True,3103,False,658,802,45878123,174577620,45877330,174575856,0,0,1665976926,188,distance_to_pickup,BATCH,milp_vrp,0,0,order,1
1665977114,262064,2862,0.0,1,True,True,977,False,658,802,45863719,174582514,45864061,174582503,0,0,1665976878,236,distance_to_pickup,BATCH,milp_vrp,0,0,order,1
1665977114,137870,1274,1000.0,1,True,True,1726,False,658,802,45872959,174545634,45873636,174544044,0,0,1665976929,185,distance_to_pickup,BATCH,milp_vrp,0,0,order,1
1665977114,542954,4708,2000.0,1,True,True,3750,False,658,802,45857849,174581004,45859446,174579634,0,0,1665977092,22,distance_to_pickup,BATCH,milp_vrp,0,0,order,1
1665977114,54612,2513,1000.0,1,True,True,1259,False,658,802,45857807,174581892,45858344,174583613,0,0,1665976965,149,distance_to_pickup,BATCH,milp_vrp,0,0,order,1
1665977114,81,1089,0.0,1,True,True,2968,False,658,802,45898320,174550193,45898371,174550156,0,0,1665976529,585,distance_to_pickup,BATCH,milp_vrp,0,0,order,1
1665977114,76562,1568,2000.0,1,True,True,3801,False,658,802,45860803,174537004,45859253,174538615,0,0,1665977082,32,distance_to_pickup,BATCH,milp_vrp,0,0,order,1
1665977114,298823,2788,1000.0,1,True,True,2961,False,658,802,45864228,174536685,45863624,174534794,0,0,1665977076,38,distance_to_pickup,BATCH,milp_vrp,0,0,order,1
1665977114,9736,2788,3000.0,1,True,True,1858,False,658,802,45861610,174531528,45863624,174534794,0,0,1665977059,55,distance_to_pickup,BATCH,milp_vrp,0,0,order,1
1665977114,28936,1574,2000.0,1,True,True,2355,False,658,802,45863248,174541890,45863419,174544353,0,0,1665976855,259,distance_to_pickup,BATCH,milp_vrp,0,0,order,1
1665977114,475321,4130,0.0,1,True,True,749,False,658,802,45896259,174552883,45897019,174552956,0,0,1665977068,46,distance_to_pickup,BATCH,milp_vrp,0,0,order,1
1665977114,70327,1367,0.0,1,True,True,1666,False,658,802,45898300,174553788,45898585,174553859,0,0,1665977026,88,distance_to_pickup,BATCH,milp_vrp,0,0,order,1
1665977114,101600,2181,0.0,1,True,True,2971,False,658,802,45919951,174516559,45920432,174516925,0,0,1665976721,393,distance_to_pickup,BATCH,milp_vrp,0,0,order,1
1665977114,490842,3360,0.0,1,True,True,79,False,658,802,45894861,174555310,45894954,174555188,0,0,1665976599,515,distance_to_pickup,BATCH,milp_vrp,0,0,order,1
1665977114,16105,3793,0.0,1,True,True,3565,False,658,802,45895612,174555834,45895997,174555759,0,0,1665977077,37,distance_to_pickup,BATCH,milp_vrp,0,0,order,1
1665977114,60888,2374,0.0,1,True,True,3565,False,658,802,45895612,174555834,45896121,174555465,0,0,1665976905,209,distance_to_pickup,BATCH,milp_vrp,0,0,order,1
1665977114,147015,1999,0.0,1,True,True,693,False,658,802,45896150,174555690,45896036,174555626,0,0,1665977012,102,distance_to_pickup,BATCH,milp_vrp,0,0,order,1
1665977114,51476,2518,0.0,1,True,True,2454,False,658,802,45892879,174567270,45892952,174566408,0,0,1665977077,37,distance_to_pickup,BATCH,milp_vrp,0,0,order,1
1665977114,262059,412,0.0,1,True,True,2311,False,658,802,45896259,174552883,45897025,174552896,0,0,1665977083,31,distance_to_pickup,BATCH,milp_vrp,0,0,order,1
1665977114,371033,283,3000.0,1,True,True,4003,False,658,802,45877682,174539771,45873841,174540628,0,0,1665976305,809,distance_to_pickup,BATCH,milp_vrp,0,0,order,1
1665977114,264842,4694,0.0,1,True,True,1584,False,658,802,45861509,174583077,45862155,174582802,0,0,1665976902,212,distance_to_pickup,BATCH,milp_vrp,0,0,order,1
1665977114,282025,1628,1000.0,1,True,True,2045,False,658,802,45905669,174544560,45903816,174543914,0,0,1665976595,519,distance_to_pickup,BATCH,milp_vrp,0,0,order,1
1665977114,346096,3175,0.0,1,True,True,1113,False,658,802,45854870,174575810,45855007,174575193,0,0,1665976899,215,distance_to_pickup,BATCH,milp_vrp,0,0,order,1
1665977114,82943,1455,0.0,1,True,True,1605,False,658,802,45862950,174564010,45862676,174564320,0,0,1665977077,37,distance_to_pickup,BATCH,milp_vrp,0,0,order,1
1665977114,35369,1276,1000.0,1,True,True,3103,False,658,802,45877770,174578770,45878584,174580241,0,0,1665976650,464,distance_to_pickup,BATCH,milp_vrp,0,0,order,1
1665977114,301604,3559,0.0,1,True,True,1584,False,658,802,45862631,174579111,45863490,174579277,0,0,1665932960,44154,distance_to_pickup,BATCH,milp_vrp,0,0,order,1
1665977114,276282,1385,1000.0,1,True,True,857,False,658,802,45855787,174605657,45854413,174604970,0,0,1665976676,438,distance_to_pickup,BATCH,milp_vrp,0,0,order,1
1665977114,140927,2072,0.0,1,True,True,1706,False,658,802,45862354,174564276,45861565,174563841,0,0,1665976335,779,distance_to_pickup,BATCH,milp_vrp,0,0,order,1
1665977114,89126,278,1000.0,1,True,True,1251,False,658,802,45889630,174546285,45890053,174545034,0,0,1665977089,25,distance_to_pickup,BATCH,milp_vrp,0,0,order,1
1665977114,45044,546,0.0,1,True,True,3825,False,658,802,45885327,174536696,45885889,174536094,0,0,1665976603,511,distance_to_pickup,BATCH,milp_vrp,0,0,order,1
1665977114,25832,3520,0.0,1,True,True,2592,False,658,802,45889748,174535576,45890418,174536129,0,0,1665976395,719,distance_to_pickup,BATCH,milp_vrp,0,0,order,1
1665977114,95400,3520,0.0,1,True,True,2592,False,658,802,45889748,174535576,45890418,174536129,0,0,1665976505,609,distance_to_pickup,BATCH,milp_vrp,0,0,order,1
1665977114,67174,1475,0.0,1,True,True,1985,False,658,802,45883121,174541663,45882814,174541675,0,0,1665976803,311,distance_to_pickup,BATCH,milp_vrp,0,0,order,1
1665977114,435615,2260,0.0,1,True,True,2253,False,658,802,45905690,174525746,45906260,174525686,0,0,1665976618,496,distance_to_pickup,BATCH,milp_vrp,0,0,order,1
1665977114,70306,388,0.0,1,True,True,149,False,658,802,45905905,174526537,45905813,174526112,0,0,1665976976,138,distance_to_pickup,BATCH,milp_vrp,0,0,order,1
1665977114,443680,987,5000.0,1,True,True,2806,False,658,802,45912320,174519710,45912330,174525300,0,0,1665977067,47,distance_to_pickup,BATCH,milp_vrp,0,0,order,1
1665977114,241865,1628,1000.0,1,True,True,3282,False,658,802,45905669,174544560,45903816,174543914,0,0,1665976267,847,distance_to_pickup,BATCH,milp_vrp,0,0,order,1
1665977114,408975,3909,3000.0,1,True,True,1185,False,658,802,45905340,174559520,45907274,174556594,0,0,1665977073,41,distance_to_pickup,BATCH,milp_vrp,0,0,order,1
1665977114,215717,2841,1000.0,1,True,True,1102,False,658,802,45895200,174566810,45895773,174565517,0,0,1665977076,38,distance_to_pickup,BATCH,milp_vrp,0,0,order,1
1665977114,496022,1546,0.0,1,True,True,1423,False,658,802,45864785,174580827,45864422,174580536,0,0,1665976604,510,distance_to_pickup,BATCH,milp_vrp,0,0,order,1
1665977114,259147,1070,0.0,1,True,True,1061,False,658,802,45886802,174544898,45885938,174545029,0,0,1665977077,37,distance_to_pickup,BATCH,milp_vrp,0,0,order,1
1665977114,293221,3520,1000.0,1,True,True,737,False,658,802,45889158,174535054,45890418,174536129,0,0,1665976890,224,distance_to_pickup,BATCH,milp_vrp,0,0,order,1
1665977114,456860,4694,0.0,1,True,True,4694,True,658,802,45861655,174583536,45862155,174582802,0,0,1665976915,199,distance_to_pickup,BATCH,milp_vrp,0,0,order,1
1665977114,307305,2841,1000.0,1,True,True,2110,False,658,802,45895200,174566810,45895773,174565517,0,0,1665977074,40,distance_to_pickup,BATCH,milp_vrp,0,0,order,1
1665977114,247694,941,1000.0,1,True,True,3731,False,658,802,45893261,174549184,45894784,174548628,0,0,1665976753,361,distance_to_pickup,BATCH,milp_vrp,0,0,order,1
1665977114,41765,1220,1000.0,1,True,True,1149,False,658,802,45868654,174556359,45867196,174556757,0,0,1665977078,36,distance_to_pickup,BATCH,milp_vrp,0,0,order,1
1665977114,16101,2221,4000.0,1,True,True,3758,False,658,802,45819086,174556431,45818222,174560734,0,0,1665977111,3,distance_to_pickup,BATCH,milp_vrp,0,0,order,1
1665977114,462107,1070,0.0,1,True,True,2878,False,658,802,45886802,174544898,45885938,174545029,0,0,1665977005,109,distance_to_pickup,BATCH,milp_vrp,0,0,order,1
1665977114,177214,1089,0.0,1,True,True,2968,False,658,802,45898320,174550193,45898371,174550156,0,0,1665976356,758,distance_to_pickup,BATCH,milp_vrp,0,0,order,1
1665977114,522089,3198,0.0,1,True,True,2730,False,658,802,45879771,174546630,45880229,174546581,0,0,1665976612,502,distance_to_pickup,BATCH,milp_vrp,0,0,order,1
1665977114,212732,4651,0.0,1,True,True,1476,False,658,802,45874835,174545439,45874869,174545156,0,0,1665977008,106,distance_to_pickup,BATCH,milp_vrp,0,0,order,1
1665977114,334978,2073,2000.0,1,True,True,1920,False,658,802,45896298,174578827,45898811,174578535,0,0,1665977069,45,distance_to_pickup,BATCH,milp_vrp,0,0,order,1
1665977114,427561,144,0.0,1,True,True,2850,False,658,802,45912621,174588027,45913124,174588052,0,0,1665977079,35,distance_to_pickup,BATCH,milp_vrp,0,0,order,1
1665977114,273391,1159,2000.0,1,True,True,2593,False,658,802,45882640,174597842,45884535,174597136,0,0,1665977069,45,distance_to_pickup,BATCH,milp_vrp,0,0,order,1
1665977114,262062,1909,0.0,1,True,True,1354,False,658,802,45874703,174650344,45874847,174650264,0,0,1665977008,106,distance_to_pickup,BATCH,milp_vrp,0,0,order,1
1665977114,313016,1760,1000.0,1,True,True,1760,True,658,802,45906263,174574373,45906967,174573128,0,0,1665976795,319,distance_to_pickup,BATCH,milp_vrp,0,0,order,1
1665977114,264848,775,1000.0,1,True,True,1494,False,658,802,45876088,174650428,45875962,174649263,0,0,1665977075,39,distance_to_pickup,BATCH,milp_vrp,0,0,order,1
1665977114,85996,273,0.0,1,True,True,2371,False,658,802,45854218,174605010,45853900,174604830,0,0,1665977070,44,distance_to_pickup,BATCH,milp_vrp,0,0,order,1
1665977114,45058,273,0.0,1,True,True,18,False,658,802,45854218,174605010,45853900,174604830,0,0,1665977075,39,distance_to_pickup,BATCH,milp_vrp,0,0,order,1
1665977114,480553,3049,0.0,1,True,True,1494,False,658,802,45875732,174650419,45874844,174650041,0,0,1665976705,409,distance_to_pickup,BATCH,milp_vrp,0,0,order,1
1665977114,212717,1558,0.0,1,True,True,1494,False,658,802,45879830,174648436,45879635,174648019,0,0,1665976378,736,distance_to_pickup,BATCH,milp_vrp,0,0,order,1
1665977114,177196,495,0.0,1,True,True,1643,False,658,802,45893543,174584356,45894482,174584397,0,0,1665977081,33,distance_to_pickup,BATCH,milp_vrp,0,0,order,1
1665977114,398167,3254,0.0,1,True,True,2053,False,658,802,45887530,174576520,45887645,174576862,0,0,1665977072,42,distance_to_pickup,BATCH,milp_vrp,0,0,order,1
1665977114,390041,3254,0.0,1,True,True,2053,False,658,802,45887530,174576520,45887645,174576862,0,0,1665976945,169,distance_to_pickup,BATCH,milp_vrp,0,0,order,1
1665977114,550615,3175,1000.0,1,True,True,2666,False,658,802,45856856,174575762,45855007,174575193,0,0,1665971802,5312,distance_to_pickup,BATCH,milp_vrp,0,0,order,1
1665977114,73397,4099,0.0,1,True,True,1133,False,658,802,45870996,174595448,45871117,174595521,0,0,1665976905,209,distance_to_pickup,BATCH,milp_vrp,0,0,order,1
1665977114,381842,1159,2000.0,1,True,True,2593,False,658,802,45882640,174597842,45884535,174597136,0,0,1665977008,106,distance_to_pickup,BATCH,milp_vrp,0,0,order,1
1665977114,501217,2169,0.0,1,True,True,445,False,658,802,45873007,174626168,45873141,174626561,0,0,1665976613,501,distance_to_pickup,BATCH,milp_vrp,0,0,order,1
1665977114,555819,1909,0.0,1,True,True,3708,False,658,802,45875735,174650359,45874847,174650264,0,0,1665976468,646,distance_to_pickup,BATCH,milp_vrp,0,0,order,1
1665977114,340511,1098,4000.0,1,True,True,2676,False,658,802,45884742,174633571,45879774,174633021,0,0,1665976729,385,distance_to_pickup,BATCH,milp_vrp,0,0,order,1
1665977114,79835,1444,1000.0,1,True,True,2329,False,658,802,45866830,174606620,45868451,174606630,0,0,1665977082,32,distance_to_pickup,BATCH,milp_vrp,0,0,order,1
1665977114,522100,1237,0.0,1,True,True,483,False,658,802,45879942,174634576,45879375,174635067,0,0,1665977069,45,distance_to_pickup,BATCH,milp_vrp,0,0,order,1
1665977114,427562,1282,0.0,1,True,True,2662,False,658,802,45907759,174546285,45907466,174546213,0,0,1665977078,36,distance_to_pickup,BATCH,milp_vrp,0,0,order,1
1665977114,200773,158,0.0,1,True,True,2187,False,658,802,45909170,174543120,45909628,174543392,0,0,1665977073,41,distance_to_pickup,BATCH,milp_vrp,0,0,order,1
1665977114,446268,835,0.0,1,True,True,228,False,658,802,45919710,174542209,45919642,174542410,0,0,1665977071,43,distance_to_pickup,BATCH,milp_vrp,0,0,order,1
1665977114,416990,2826,3000.0,1,True,True,1523,False,658,802,45769491,174578329,45772824,174578909,0,0,1665977071,43,distance_to_pickup,BATCH,milp_vrp,0,0,order,1
1665977114,424990,1759,1000.0,1,True,True,622,False,658,802,45766070,174570302,45764844,174569939,0,0,1665977026,88,distance_to_pickup,BATCH,milp_vrp,0,0,order,1
1665977114,147012,2478,1000.0,1,True,True,980,False,658,802,45767644,174568016,45766224,174567214,0,0,1665977068,46,distance_to_pickup,BATCH,milp_vrp,0,0,order,1
1665977114,527300,357,7000.0,1,True,True,2825,False,658,802,45924613,174557214,45925787,174564413,0,0,1665977077,37,distance_to_pickup,BATCH,milp_vrp,0,0,order,1
1665977114,32121,2159,0.0,1,True,True,269,False,658,802,46052240,174936640,46052115,174936380,0,0,1665977069,45,distance_to_pickup,BATCH,milp_vrp,0,0,order,1
1665977114,162152,1545,2000.0,1,True,True,2993,False,658,802,46050966,174946024,46053373,174946080,0,0,1665977082,32,distance_to_pickup,BATCH,milp_vrp,0,0,order,1
1665977114,113674,131,2000.0,1,True,True,1290,False,658,802,46053952,174948831,46055398,174946644,0,0,1665977082,32,distance_to_pickup,BATCH,milp_vrp,0,0,order,1
1665977114,315755,299,0.0,1,True,True,840,False,658,802,46052403,174942944,46052620,174942544,0,0,1665977068,46,distance_to_pickup,BATCH,milp_vrp,0,0,order,1
1665977114,194876,2374,0.0,1,True,True,3731,False,658,802,45895683,174554863,45896121,174555465,0,0,1665977070,44,distance_to_pickup,BATCH,milp_vrp,0,0,order,1
1665977114,304467,1204,2000.0,1,True,True,2270,False,658,802,45919660,174549308,45921290,174547538,0,0,1665977077,37,distance_to_pickup,BATCH,milp_vrp,0,0,order,1
1665977114,276286,1599,0.0,1,True,True,946,False,658,802,45849895,174566798,45849476,174566784,0,0,1665977069,45,distance_to_pickup,BATCH,milp_vrp,0,0,order,1
1665977114,293212,2089,1000.0,1,True,True,1158,False,658,802,45842552,174575176,45841263,174575688,0,0,1665976712,402,distance_to_pickup,BATCH,milp_vrp,0,0,order,1
1665977114,19404,2862,0.0,1,True,True,1584,False,658,802,45863946,174582310,45864061,174582503,0,0,1665976940,174,distance_to_pickup,BATCH,milp_vrp,0,0,order,1
1665977114,125697,3872,1000.0,1,True,True,4315,False,658,802,45859196,174548153,45860575,174548189,0,0,1665976683,431,distance_to_pickup,BATCH,milp_vrp,0,0,order,1
1665977114,259128,3012,1000.0,1,True,True,2471,False,658,802,45865778,174572103,45865300,174570490,0,0,1665976282,832,distance_to_pickup,BATCH,milp_vrp,0,0,order,1
1665977114,45059,1089,0.0,1,True,True,278,False,658,802,45898320,174550193,45898371,174550156,0,0,1665976892,222,distance_to_pickup,BATCH,milp_vrp,0,0,order,1
1665977114,28943,162,2000.0,1,True,True,941,False,658,802,45882550,174555124,45883361,174552837,0,0,1665977040,74,distance_to_pickup,BATCH,milp_vrp,0,0,order,1
1665977114,537887,3259,1000.0,1,True,True,4782,False,658,802,45874046,174535364,45873724,174533992,0,0,1665976623,491,distance_to_pickup,BATCH,milp_vrp,0,0,order,1
1665977114,315757,2851,0.0,1,True,True,2086,False,658,802,45907047,174573121,45906600,174573260,0,0,1665977082,32,distance_to_pickup,BATCH,milp_vrp,0,0,order,1
1665977114,454283,2459,1000.0,1,True,True,764,False,658,802,45902274,174589909,45901086,174588351,0,0,1665977055,59,distance_to_pickup,BATCH,milp_vrp,0,0,order,1
1665977114,522102,373,0.0,1,True,True,3084,False,658,802,45894980,174554750,45894590,174555639,0,0,1665976715,399,distance_to_pickup,BATCH,milp_vrp,0,0,order,1
1665977114,532608,546,1000.0,1,True,True,1362,False,658,802,45885583,174537087,45885889,174536094,0,0,1665977072,42,distance_to_pickup,BATCH,milp_vrp,0,0,order,1
1665977114,498616,3197,0.0,1,True,True,1784,False,658,802,45900444,174539926,45900795,174540269,0,0,1665977059,55,distance_to_pickup,BATCH,milp_vrp,0,0,order,1
1665977114,315753,1475,0.0,1,True,True,2965,False,658,802,45882724,174541741,45882814,174541675,0,0,1665976904,210,distance_to_pickup,BATCH,milp_vrp,0,0,order,1
1665977114,241877,618,3000.0,1,True,True,814,False,658,802,45893881,174533468,45891619,174535961,0,0,1665976686,428,distance_to_pickup,BATCH,milp_vrp,0,0,order,1
1665977114,212735,278,0.0,1,True,True,400,False,658,802,45889660,174545030,45890053,174545034,0,0,1665977072,42,distance_to_pickup,BATCH,milp_vrp,0,0,order,1
1665977114,22591,2311,0.0,1,True,True,95,False,658,802,45896231,174555803,45896017,174555818,0,0,1665976351,763,distance_to_pickup,BATCH,milp_vrp,0,0,order,1
1665977114,122663,1089,0.0,1,True,True,278,False,658,802,45898320,174550193,45898371,174550156,0,0,1665977070,44,distance_to_pickup,BATCH,milp_vrp,0,0,order,1
1665977114,25833,2374,0.0,1,True,True,95,False,658,802,45896231,174555803,45896121,174555465,0,0,1665976778,336,distance_to_pickup,BATCH,milp_vrp,0,0,order,1
1665977114,51477,1559,0.0,1,True,True,1238,False,658,802,45898317,174553837,45898010,174552920,0,0,1665976720,394,distance_to_pickup,BATCH,milp_vrp,0,0,order,1
1665977114,537933,1089,0.0,1,True,True,2288,False,658,802,45898320,174550193,45898371,174550156,0,0,1665974152,2962,distance_to_pickup,BATCH,milp_vrp,0,0,order,1
1665977114,371042,3670,0.0,1,True,True,75,False,658,802,45898351,174553300,45897512,174552849,0,0,1665976865,249,distance_to_pickup,BATCH,milp_vrp,0,0,order,1
1665977114,57732,1131,0.0,1,True,True,287,False,658,802,45894929,174555394,45894866,174555249,0,0,1665977075,39,distance_to_pickup,BATCH,milp_vrp,0,0,order,1
1665977114,19393,3872,1000.0,1,True,True,2043,False,658,802,45859196,174548153,45860575,174548189,0,0,1665976653,461,distance_to_pickup,BATCH,milp_vrp,0,0,order,1
1665977114,168128,373,0.0,1,True,True,3437,False,658,802,45894980,174554750,45894590,174555639,0,0,1665976721,393,distance_to_pickup,BATCH,milp_vrp,0,0,order,1
1665977114,60882,3171,0.0,1,True,True,1585,False,658,802,45898786,174565946,45898852,174566262,0,0,1665976938,176,distance_to_pickup,BATCH,milp_vrp,0,0,order,1
1665977114,203736,1559,0.0,1,True,True,115,False,658,802,45898300,174553788,45898010,174552920,0,0,1665976673,441,distance_to_pickup,BATCH,milp_vrp,0,0,order,1
1665977114,427563,1970,0.0,1,True,True,1693,False,658,802,45886650,174551414,45886779,174551404,0,0,1665977082,32,distance_to_pickup,BATCH,milp_vrp,0,0,order,1
1665977114,392747,4837,0.0,1,True,True,1149,False,658,802,45866351,174556191,45866137,174555867,0,0,1665976377,737,distance_to_pickup,BATCH,milp_vrp,0,0,order,1
1665977114,45051,2787,1000.0,1,True,True,171,False,658,802,45860925,174555679,45859390,174556491,0,0,1665976896,218,distance_to_pickup,BATCH,milp_vrp,0,0,order,1
1665977114,35371,236,1000.0,1,True,True,103,False,658,802,45902806,174555734,45901940,174556736,0,0,1665976986,128,distance_to_pickup,BATCH,milp_vrp,0,0,order,1
1665977114,147013,2150,0.0,1,True,True,1589,False,658,802,45920232,174542120,45920315,174541965,0,0,1665977075,39,distance_to_pickup,BATCH,milp_vrp,0,0,order,1
1665977114,116618,3872,0.0,1,True,True,3697,False,658,802,45860307,174548890,45860575,174548189,0,0,1665976978,136,distance_to_pickup,BATCH,milp_vrp,0,0,order,1
1665977114,488203,1708,0.0,1,True,True,723,False,658,802,45879720,174547850,45880097,174547316,0,0,1665976566,548,distance_to_pickup,BATCH,milp_vrp,0,0,order,1
1665977114,446269,3342,0.0,1,True,True,322,False,658,802,45821950,174527737,45822222,174528083,0,0,1665977082,32,distance_to_pickup,BATCH,milp_vrp,0,0,order,1
1665977114,522101,265,0.0,1,True,True,80,False,658,802,45840017,174551254,45839912,174551066,0,0,1665977067,47,distance_to_pickup,BATCH,milp_vrp,0,0,order,1
1665977114,122662,1322,2000.0,1,True,True,1866,False,658,802,45856328,174549215,45856824,174546403,0,0,1665977078,36,distance_to_pickup,BATCH,milp_vrp,0,0,order,1
1665977114,301697,2100,1000.0,1,True,True,2038,False,658,802,45856330,174579593,45856611,174578061,0,0,1665976862,252,distance_to_pickup,BATCH,milp_vrp,0,0,order,1
1665977114,98375,2263,0.0,1,True,True,1160,False,658,802,45851052,174551377,45851193,174551973,0,0,1665976658,456,distance_to_pickup,BATCH,milp_vrp,0,0,order,1
1665977114,28940,418,0.0,1,True,True,4319,False,658,802,45864620,174583120,45865219,174583102,0,0,1665977066,48,distance_to_pickup,BATCH,milp_vrp,0,0,order,1
1665977114,35363,2715,0.0,1,True,True,78,False,658,802,45849940,174550490,45849354,174551061,0,0,1665976900,214,distance_to_pickup,BATCH,milp_vrp,0,0,order,1
1665977114,454281,265,0.0,1,True,True,2309,False,658,802,45839765,174551620,45839912,174551066,0,0,1665977052,62,distance_to_pickup,BATCH,milp_vrp,0,0,order,1
1665977114,159026,265,0.0,1,True,True,2309,False,658,802,45839765,174551620,45839912,174551066,0,0,1665977072,42,distance_to_pickup,BATCH,milp_vrp,0,0,order,1
1665977114,244728,1385,3000.0,1,True,True,2480,False,658,802,45857992,174606072,45854413,174604970,0,0,1665977069,45,distance_to_pickup,BATCH,milp_vrp,0,0,order,1
1665977114,171195,263,0.0,1,True,True,959,False,658,802,45876782,174545911,45876918,174545887,0,0,1665977074,40,distance_to_pickup,BATCH,milp_vrp,0,0,order,1
1665977114,16090,2089,1000.0,1,True,True,916,False,658,802,45842552,174575176,45841263,174575688,0,0,1665976695,419,distance_to_pickup,BATCH,milp_vrp,0,0,order,1
1665977114,403633,4023,3000.0,1,True,True,1043,False,658,802,45849071,174527541,45852827,174526824,0,0,1665976626,488,distance_to_pickup,BATCH,milp_vrp,0,0,order,1
1665977114,206682,3111,0.0,1,True,True,4194,False,658,802,45885356,174542714,45885498,174543057,0,0,1665977064,50,distance_to_pickup,BATCH,milp_vrp,0,0,order,1
1665977114,153047,3511,0.0,1,True,True,32,False,658,802,45874800,174648440,45874470,174649057,0,0,1665976935,179,distance_to_pickup,BATCH,milp_vrp,0,0,order,1
1665977114,197824,4022,0.0,1,True,True,121,False,658,802,45898678,174578044,45899212,174578505,0,0,1665976638,476,distance_to_pickup,BATCH,milp_vrp,0,0,order,1
1665977114,244691,3559,0.0,1,True,True,112,False,658,802,45863417,174579658,45863490,174579277,0,0,1665973572,3542,distance_to_pickup,BATCH,milp_vrp,0,0,order,1
1665977114,558416,3181,0.0,1,True,True,3408,False,658,802,45866961,174601021,45866091,174600721,0,0,1665976649,465,distance_to_pickup,BATCH,milp_vrp,0,0,order,1
1665977114,563528,832,0.0,1,True,True,570,False,658,802,45880251,174649827,45880034,174650795,0,0,1665976965,149,distance_to_pickup,BATCH,milp_vrp,0,0,order,1
1665977114,435628,4099,0.0,1,True,True,2189,False,658,802,45870770,174595580,45871117,174595521,0,0,1665977067,47,distance_to_pickup,BATCH,milp_vrp,0,0,order,1
1665977114,107539,1743,0.0,1,True,True,3058,False,658,802,45871022,174644091,45871427,174644808,0,0,1665976644,470,distance_to_pickup,BATCH,milp_vrp,0,0,order,1
1665977114,63978,3423,0.0,1,True,True,1190,False,658,802,45852183,174556342,45851252,174556659,0,0,1665976217,897,distance_to_pickup,BATCH,milp_vrp,0,0,order,1
1665977114,241885,3548,0.0,1,True,True,1314,False,658,802,45885478,174592525,45885860,174593288,0,0,1665976761,353,distance_to_pickup,BATCH,milp_vrp,0,0,order,1
1665977114,67172,3271,0.0,1,True,True,720,False,658,802,45886780,174581795,45887473,174581524,0,0,1665976677,437,distance_to_pickup,BATCH,milp_vrp,0,0,order,1
1665977114,459489,3271,0.0,1,True,True,720,False,658,802,45887576,174581297,45887473,174581524,0,0,1665977074,40,distance_to_pickup,BATCH,milp_vrp,0,0,order,1
1665977114,427564,451,0.0,1,True,True,4054,False,658,802,45883093,174592612,45883330,174592702,0,0,1665977070,44,distance_to_pickup,BATCH,milp_vrp,0,0,order,1
1665977114,359999,2844,0.0,1,True,True,875,False,658,802,45860600,174576756,45860179,174576412,0,0,1665977074,40,distance_to_pickup,BATCH,milp_vrp,0,0,order,1
1665977114,555829,2498,0.0,1,True,True,2063,False,658,802,45869487,174570705,45869405,174570734,0,0,1665977077,37,distance_to_pickup,BATCH,milp_vrp,0,0,order,1
1665977114,392760,2848,0.0,1,True,True,1292,False,658,802,45857789,174567827,45858694,174568018,0,0,1665977066,48,distance_to_pickup,BATCH,milp_vrp,0,0,order,1
1665977114,392744,2571,0.0,1,True,True,3440,False,658,802,45879400,174647910,45879852,174648131,0,0,1665976372,742,distance_to_pickup,BATCH,milp_vrp,0,0,order,1
1665977114,236059,4099,0.0,1,True,True,2186,False,658,802,45870933,174595486,45871117,174595521,0,0,1665977003,111,distance_to_pickup,BATCH,milp_vrp,0,0,order,1
1665977114,368319,446,0.0,1,True,True,1564,False,658,802,45766076,174566855,45766164,174567277,0,0,1665977062,52,distance_to_pickup,BATCH,milp_vrp,0,0,order,1
1665977114,203744,1041,0.0,1,True,True,740,False,658,802,45763899,174566859,45764020,174567179,0,0,1665977075,39,distance_to_pickup,BATCH,milp_vrp,0,0,order,1
1665977114,6492,446,0.0,1,True,True,2003,False,658,802,45766245,174567179,45766164,174567277,0,0,1665977072,42,distance_to_pickup,BATCH,milp_vrp,0,0,order,1
1665977114,483073,3315,0.0,1,True,True,1339,False,658,802,45919710,174542209,45919215,174541485,0,0,1665977079,35,distance_to_pickup,BATCH,milp_vrp,0,0,order,1
1665977114,41767,184,1000.0,1,True,True,120,False,658,802,46062472,174946061,46062263,174947106,0,0,1665977020,94,distance_to_pickup,BATCH,milp_vrp,0,0,order,1
1665977114,432911,2150,0.0,1,True,True,63,False,658,802,45920280,174542065,45920315,174541965,0,0,1665977078,36,distance_to_pickup,BATCH,milp_vrp,0,0,order,1
1665977114,334979,1382,0.0,1,True,True,820,False,658,802,45905809,174529038,45906083,174529909,0,0,1665977072,42,distance_to_pickup,BATCH,milp_vrp,0,0,order,1
1665977114,524715,3444,0.0,1,True,True,3549,False,658,802,46043232,174940147,46043324,174940956,0,0,1665977068,46,distance_to_pickup,BATCH,milp_vrp,0,0,order,1
1665977114,419685,629,2000.0,1,True,True,1054,False,658,802,46048736,174947932,46045990,174948324,0,0,1665977073,41,distance_to_pickup,BATCH,milp_vrp,0,0,order,1
1665977114,446270,1814,0.0,1,True,True,21,False,658,802,46045145,174938665,46044770,174938849,0,0,1665977071,43,distance_to_pickup,BATCH,milp_vrp,0,0,order,1
1665977114,259151,184,3000.0,1,True,True,3446,False,658,802,46058867,174947322,46062263,174947106,0,0,1665977074,40,distance_to_pickup,BATCH,milp_vrp,0,0,order,1
1665977114,379186,299,1000.0,1,True,True,3555,False,658,802,46051686,174940992,46052620,174942544,0,0,1665977078,36,distance_to_pickup,BATCH,milp_vrp,0,0,order,1
1665977114,406340,3410,1000.0,1,True,True,1217,False,658,802,46052333,174932853,46052832,174931366,0,0,1665977071,43,distance_to_pickup,BATCH,milp_vrp,0,0,order,1
1665977114,483072,299,1000.0,1,True,True,269,False,658,802,46050732,174942316,46052620,174942544,0,0,1665977065,49,distance_to_pickup,BATCH,milp_vrp,0,0,order,1
1665977114,506461,1716,0.0,1,True,True,1757,False,658,802,46045390,174938695,46046291,174938973,0,0,1665977082,32,distance_to_pickup,BATCH,milp_vrp,0,0,order,1
1665977114,218641,927,0.0,1,True,True,1601,False,658,802,45920811,174542956,45921169,174542371,0,0,1665977082,32,distance_to_pickup,BATCH,milp_vrp,0,0,order,1
1665977114,310178,4332,0.0,1,True,True,3725,False,658,802,45901279,174543589,45900924,174543630,0,0,1665977072,42,distance_to_pickup,BATCH,milp_vrp,0,0,order,1
1665977114,259150,574,0.0,1,True,True,2993,False,658,802,46051728,174940222,46051675,174939629,0,0,1665977067,47,distance_to_pickup,BATCH,milp_vrp,0,0,order,1
1665977114,119650,1067,1000.0,1,True,True,2849,False,658,802,46042834,174939970,46042700,174941732,0,0,1665977071,43,distance_to_pickup,BATCH,milp_vrp,0,0,order,1
1665977114,85999,3121,0.0,1,True,True,2144,False,658,802,45910030,174526320,45910761,174526196,0,0,1665977077,37,distance_to_pickup,BATCH,milp_vrp,0,0,order,1
1665977114,259146,2659,0.0,1,True,False,75,False,658,802,45895789,174555609,45895960,174555868,0,0,1665976964,150,distance_to_pickup,BATCH,milp_vrp,0,0,order,1
1665977114,321260,2181,0.0,1,True,False,2921,False,658,802,45919951,174516559,45920432,174516925,0,0,1665976748,366,distance_to_pickup,BATCH,milp_vrp,0,0,order,1
1665977114,12964,236,0.0,1,True,False,339,False,658,802,45902660,174556330,45901940,174556736,0,0,1665976986,128,distance_to_pickup,BATCH,milp_vrp,0,0,order,1
1665977114,140944,2518,1000.0,1,True,False,3840,False,658,802,45892888,174567981,45892952,174566408,0,0,1665977072,42,distance_to_pickup,BATCH,milp_vrp,0,0,order,1
1665977114,180222,973,1000.0,1,True,False,1105,False,658,802,45892700,174568290,45890798,174568272,0,0,1665976817,297,distance_to_pickup,BATCH,milp_vrp,0,0,order,1
1665977114,76554,1367,0.0,1,True,False,1040,False,658,802,45898371,174553499,45898585,174553859,0,0,1665976833,281,distance_to_pickup,BATCH,milp_vrp,0,0,order,1
1665977114,113670,1884,2000.0,1,True,False,1117,False,658,802,45865723,174573423,45867958,174573466,0,0,1665976568,546,distance_to_pickup,BATCH,milp_vrp,0,0,order,1
1665977114,159024,3754,0.0,1,True,False,925,False,658,802,45895728,174555530,45895544,174554927,0,0,1665976884,230,distance_to_pickup,BATCH,milp_vrp,0,0,order,1
1665977114,454279,1455,0.0,1,True,False,1831,False,658,802,45862950,174564010,45862676,174564320,0,0,1665977011,103,distance_to_pickup,BATCH,milp_vrp,0,0,order,1
1665977114,496025,3568,1000.0,1,True,False,1276,False,658,802,45880733,174580196,45879971,174580868,0,0,1665976888,226,distance_to_pickup,BATCH,milp_vrp,0,0,order,1
1665977114,137869,412,0.0,1,True,False,1811,False,658,802,45896917,174551954,45897025,174552896,0,0,1665976866,248,distance_to_pickup,BATCH,milp_vrp,0,0,order,1
1665977114,209744,357,7000.0,1,True,False,42,False,658,802,45924573,174557435,45925787,174564413,0,0,1665976556,558,distance_to_pickup,BATCH,milp_vrp,0,0,order,1
1665977114,273387,4030,0.0,1,True,False,279,False,658,802,45905899,174526998,45905839,174527813,0,0,1665976968,146,distance_to_pickup,BATCH,milp_vrp,0,0,order,1
1665977114,45035,1628,1000.0,1,True,False,3090,False,658,802,45905669,174544560,45903816,174543914,0,0,1665976196,918,distance_to_pickup,BATCH,milp_vrp,0,0,order,1
1665977114,516904,1658,0.0,1,True,False,1272,False,658,802,45861427,174575615,45861236,174575838,0,0,1665976484,630,distance_to_pickup,BATCH,milp_vrp,0,0,order,1
1665977114,519413,4223,3000.0,1,True,False,689,False,658,802,45885892,174563248,45888711,174560583,0,0,1665977032,82,distance_to_pickup,BATCH,milp_vrp,0,0,order,1
1665977114,122659,249,0.0,1,True,False,3721,False,658,802,45897597,174552952,45897481,174552948,0,0,1665976969,145,distance_to_pickup,BATCH,milp_vrp,0,0,order,1
1665977114,233013,249,0.0,1,True,False,4019,False,658,802,45897008,174553031,45897481,174552948,0,0,1665975929,1185,distance_to_pickup,BATCH,milp_vrp,0,0,order,1
1665977114,224396,3266,1000.0,1,True,False,1281,False,658,802,45906263,174574373,45907556,174573067,0,0,1665977038,76,distance_to_pickup,BATCH,milp_vrp,0,0,order,1
1665977114,94,88,0.0,1,True,False,88,False,658,802,45866450,174536750,45866400,174536664,0,0,1665977098,16,distance_to_pickup,BATCH,milp_vrp,0,0,order,1
1665977114,70312,4279,0.0,1,True,False,4342,False,658,802,45868335,174545710,45867530,174545141,0,0,1665977014,100,distance_to_pickup,BATCH,milp_vrp,0,0,order,1
1665977114,177197,1568,1000.0,1,True,False,262,False,658,802,45859122,174540364,45859253,174538615,0,0,1665976592,522,distance_to_pickup,BATCH,milp_vrp,0,0,order,1
1665977114,443679,3259,1000.0,1,True,False,161,False,658,802,45874046,174535364,45873724,174533992,0,0,1665977102,12,distance_to_pickup,BATCH,milp_vrp,0,0,order,1
1665977114,189068,3568,1000.0,1,True,False,266,False,658,802,45880733,174580196,45879971,174580868,0,0,1665976557,557,distance_to_pickup,BATCH,milp_vrp,0,0,order,1
1665977114,290374,1455,0.0,1,True,False,981,False,658,802,45862111,174564163,45862676,174564320,0,0,1665976541,573,distance_to_pickup,BATCH,milp_vrp,0,0,order,1
1665977114,209754,207,0.0,1,True,False,266,False,658,802,45877890,174578340,45878045,174577506,0,0,1665976977,137,distance_to_pickup,BATCH,milp_vrp,0,0,order,1
1665977114,262053,371,0.0,1,True,False,2126,False,658,802,45890990,174546350,45891231,174547077,0,0,1665976931,183,distance_to_pickup,BATCH,milp_vrp,0,0,order,1
1665977114,548095,1773,0.0,1,True,False,404,False,658,802,45887304,174545246,45886636,174544830,0,0,1665976780,334,distance_to_pickup,BATCH,milp_vrp,0,0,order,1
1665977114,6491,1414,0.0,1,True,False,905,False,658,802,45880173,174546649,45879749,174546547,0,0,1665976980,134,distance_to_pickup,BATCH,milp_vrp,0,0,order,1
1665977114,259148,371,1000.0,1,True,False,2716,False,658,802,45889630,174546285,45891231,174547077,0,0,1665977093,21,distance_to_pickup,BATCH,milp_vrp,0,0,order,1
1665977114,509053,1689,0.0,1,True,False,1325,False,658,802,45890977,174577191,45890931,174576522,0,0,1665977038,76,distance_to_pickup,BATCH,milp_vrp,0,0,order,1
1665977114,92249,4495,3000.0,1,True,False,1250,False,658,802,45895360,174576670,45892636,174578358,0,0,1665976572,542,distance_to_pickup,BATCH,milp_vrp,0,0,order,1
1665977114,22586,3835,0.0,1,True,False,1451,False,658,802,45869765,174595640,45870375,174595393,0,0,1665976790,324,distance_to_pickup,BATCH,milp_vrp,0,0,order,1
1665977114,206667,1737,0.0,1,True,False,196,False,658,802,45878269,174600078,45878145,174600820,0,0,1665976620,494,distance_to_pickup,BATCH,milp_vrp,0,0,order,1
1665977114,98382,3511,0.0,1,True,False,4398,False,658,802,45874664,174648154,45874470,174649057,0,0,1665976544,570,distance_to_pickup,BATCH,milp_vrp,0,0,order,1
1665977114,511729,220,0.0,1,True,False,3087,False,658,802,45879039,174649978,45878981,174650409,0,0,1665977041,73,distance_to_pickup,BATCH,milp_vrp,0,0,order,1
1665977114,548098,1237,0.0,1,True,False,1319,False,658,802,45879923,174634741,45879375,174635067,0,0,1665976906,208,distance_to_pickup,BATCH,milp_vrp,0,0,order,1
1665977114,203733,40,0.0,1,True,False,1319,False,658,802,45879942,174634576,45879615,174634748,0,0,1665976750,364,distance_to_pickup,BATCH,milp_vrp,0,0,order,1
1665977114,351614,2786,0.0,1,True,False,224,False,658,802,45870386,174606490,45870205,174606442,0,0,1665977104,10,distance_to_pickup,BATCH,milp_vrp,0,0,order,1
1665977114,221500,2862,0.0,1,True,False,1095,False,658,802,45863946,174582310,45864061,174582503,0,0,1665972217,4897,distance_to_pickup,BATCH,milp_vrp,0,0,order,1
1665977114,459457,2263,0.0,1,True,False,1699,False,658,802,45850935,174552690,45851193,174551973,0,0,1665974381,2733,distance_to_pickup,BATCH,milp_vrp,0,0,order,1
1665977114,171191,1241,0.0,1,True,False,20,False,658,802,45859852,174565050,45859655,174565607,0,0,1665977064,50,distance_to_pickup,BATCH,milp_vrp,0,0,order,1
1665977114,276287,1716,0.0,1,True,False,31,False,658,802,46045870,174938788,46046291,174938973,0,0,1665977052,62,distance_to_pickup,BATCH,milp_vrp,0,0,order,1
1665977114,304464,1523,7000.0,1,True,False,1786,False,658,802,45774990,174561220,45778066,174568245,0,0,1665977097,17,distance_to_pickup,BATCH,milp_vrp,0,0,order,1
1665977114,298821,980,1000.0,1,True,False,980,False,658,802,45767217,174569826,45767540,174571595,0,0,1665977097,17,distance_to_pickup,BATCH,milp_vrp,0,0,order,1
1665977114,194872,4753,0.0,1,True,False,852,False,658,802,45872453,174584718,45872735,174585134,0,0,1665976825,289,distance_to_pickup,BATCH,milp_vrp,0,0,order,1
1665977114,215706,2011,5000.0,1,True,False,830,False,658,802,45914350,174561390,45913113,174556461,0,0,1665976833,281,distance_to_pickup,BATCH,milp_vrp,0,0,order,1
1665977114,12970,1938,0.0,1,True,False,1061,False,658,802,45889986,174545204,45890235,174545327,0,0,1665977046,68,distance_to_pickup,BATCH,milp_vrp,0,0,order,1
1665977114,67180,99,0.0,1,True,False,2295,False,658,802,45861574,174545446,45861252,174545485,0,0,1665977079,35,distance_to_pickup,BATCH,milp_vrp,0,0,order,1
1665977114,247681,2311,0.0,1,True,False,2332,False,658,802,45896070,174555813,45896017,174555818,0,0,1665976572,542,distance_to_pickup,BATCH,milp_vrp,0,0,order,1
1665977114,414282,1131,0.0,1,True,False,95,False,658,802,45894980,174554750,45894866,174555249,0,0,1665970950,6164,distance_to_pickup,BATCH,milp_vrp,0,0,order,1
1665977114,19408,891,2000.0,1,True,False,1211,False,658,802,45877696,174531930,45877707,174534709,0,0,1665977067,47,distance_to_pickup,BATCH,milp_vrp,0,0,order,1
1665977114,477932,2318,0.0,1,True,False,2793,False,658,802,45885675,174551319,45885716,174551005,0,0,1665976886,228,distance_to_pickup,BATCH,milp_vrp,0,0,order,1
1665977114,171178,783,2000.0,1,True,False,783,False,658,802,45817053,174564463,45815191,174563350,0,0,1665976158,956,distance_to_pickup,BATCH,milp_vrp,0,0,order,1
1665977114,334974,3049,0.0,1,True,False,3087,False,658,802,45875750,174650344,45874844,174650041,0,0,1665977023,91,distance_to_pickup,BATCH,milp_vrp,0,0,order,1
1665977114,368317,3049,1000.0,1,True,False,1494,False,658,802,45876088,174650428,45874844,174650041,0,0,1665977074,40,distance_to_pickup,BATCH,milp_vrp,0,0,order,1
1665977114,119648,3246,0.0,1,True,False,1831,False,658,802,45878050,174576479,45877330,174575856,0,0,1665977071,43,distance_to_pickup,BATCH,milp_vrp,0,0,order,1
1665977114,522099,2498,0.0,1,True,False,20,False,658,802,45870123,174570701,45869405,174570734,0,0,1665977079,35,distance_to_pickup,BATCH,milp_vrp,0,0,order,1
1665977114,191945,3254,0.0,1,True,False,3572,False,658,802,45887530,174576520,45887645,174576862,0,0,1665977070,44,distance_to_pickup,BATCH,milp_vrp,0,0,order,1
1665977114,329452,3872,0.0,1,True,False,4315,False,658,802,45860307,174548890,45860575,174548189,0,0,1665976964,150,distance_to_pickup,BATCH,milp_vrp,0,0,order,1
1665977114,456867,88,0.0,1,True,False,2788,False,658,802,45866359,174536720,45866400,174536664,0,0,1665976934,180,distance_to_pickup,BATCH,milp_vrp,0,0,order,1
1665977114,419684,987,5000.0,1,True,False,2806,False,658,802,45912320,174519710,45912330,174525300,0,0,1665976548,566,distance_to_pickup,BATCH,milp_vrp,0,0,order,1
1665977114,304463,1042,0.0,1,True,False,3825,False,658,802,45887997,174533308,45888067,174533289,0,0,1665977096,18,distance_to_pickup,BATCH,milp_vrp,0,0,order,1
1665977114,403635,1131,0.0,1,True,False,2773,False,658,802,45894842,174555253,45894866,174555249,0,0,1665976850,264,distance_to_pickup,BATCH,milp_vrp,0,0,order,1
1665977114,373806,2374,0.0,1,True,False,3731,False,658,802,45895683,174554863,45896121,174555465,0,0,1665977062,52,distance_to_pickup,BATCH,milp_vrp,0,0,order,1
1665977114,51465,371,0.0,1,True,False,2938,False,658,802,45890769,174546558,45891231,174547077,0,0,1665976453,661,distance_to_pickup,BATCH,milp_vrp,0,0,order,1
1665977114,191949,3754,0.0,1,True,False,693,False,658,802,45896047,174554578,45895544,174554927,0,0,1665977083,31,distance_to_pickup,BATCH,milp_vrp,0,0,order,1
1665977114,82942,1279,2000.0,1,True,False,1281,False,658,802,45904394,174568575,45907068,174569897,0,0,1665977082,32,distance_to_pickup,BATCH,milp_vrp,0,0,order,1
1665977114,128725,309,0.0,1,True,False,2454,False,658,802,45892879,174567270,45892883,174566912,0,0,1665976532,582,distance_to_pickup,BATCH,milp_vrp,0,0,order,1
1665977114,477926,2073,3000.0,1,True,False,1585,False,658,802,45895360,174576670,45898811,174578535,0,0,1665976615,499,distance_to_pickup,BATCH,milp_vrp,0,0,order,1
1665977114,440995,1794,0.0,1,True,False,1033,False,658,802,45874776,174648428,45874607,174648271,0,0,1665977047,67,distance_to_pickup,BATCH,milp_vrp,0,0,order,1
1665977114,95403,3552,4000.0,1,True,False,3359,False,658,802,45884761,174635144,45880013,174634633,0,0,1665977080,34,distance_to_pickup,BATCH,milp_vrp,0,0,order,1
1665977114,290385,3720,0.0,1,True,False,139,False,658,802,45909538,174542581,45909734,174543181,0,0,1665977083,31,distance_to_pickup,BATCH,milp_vrp,0,0,order,1
1665977114,107545,1716,0.0,1,True,False,818,False,658,802,46047194,174938821,46046291,174938973,0,0,1665977009,105,distance_to_pickup,BATCH,milp_vrp,0,0,order,1
1665977114,542956,446,3000.0,1,True,False,446,False,658,802,45769703,174567541,45766164,174567277,0,0,1665977062,52,distance_to_pickup,BATCH,milp_vrp,0,0,order,1
1665977114,424991,1814,1000.0,1,True,False,2225,False,658,802,46043190,174939130,46044770,174938849,0,0,1665977068,46,distance_to_pickup,BATCH,milp_vrp,0,0,order,1
1665977114,89131,1545,1000.0,1,True,False,840,False,658,802,46052554,174946860,46053373,174946080,0,0,1665977058,56,distance_to_pickup,BATCH,milp_vrp,0,0,order,1
1665977114,419686,2835,1000.0,1,True,False,3185,False,658,802,45885886,174563236,45886862,174562597,0,0,1665977073,41,distance_to_pickup,BATCH,milp_vrp,0,0,order,1
1665977114,168142,1559,0.0,1,True,False,1238,False,658,802,45898317,174553837,45898010,174552920,0,0,1665977076,38,distance_to_pickup,BATCH,milp_vrp,0,0,order,1
1665977114,57725,418,0.0,1,True,False,672,False,658,802,45864630,174582800,45865219,174583102,0,0,1665976984,130,distance_to_pickup,BATCH,milp_vrp,0,0,order,1
1665977114,561037,1445,1000.0,1,True,False,1941,False,658,802,45820457,174535806,45819784,174534057,0,0,1665977082,32,distance_to_pickup,BATCH,milp_vrp,0,0,order,1
1665977114,162154,236,1000.0,1,True,False,103,False,658,802,45902806,174555734,45901940,174556736,0,0,1665977070,44,distance_to_pickup,BATCH,milp_vrp,0,0,order,1
1665977114,171189,1385,3000.0,1,True,False,29,False,658,802,45857373,174602526,45854413,174604970,0,0,1665976937,177,distance_to_pickup,BATCH,milp_vrp,0,0,order,1
1665977114,548101,1449,0.0,1,True,False,848,False,658,802,45870386,174606490,45871159,174606537,0,0,1665977078,36,distance_to_pickup,BATCH,milp_vrp,0,0,order,1
1665977114,323980,3271,0.0,1,True,False,720,False,658,802,45887576,174581297,45887473,174581524,0,0,1665976267,847,distance_to_pickup,BATCH,milp_vrp,0,0,order,1
1665977114,32122,980,0.0,1,True,False,1041,False,658,802,45767591,174571467,45767540,174571595,0,0,1665977076,38,distance_to_pickup,BATCH,milp_vrp,0,0,order,1
1665977114,253378,2264,0.0,1,True,False,1759,False,658,802,45772747,174569973,45772850,174570026,0,0,1665977071,43,distance_to_pickup,BATCH,milp_vrp,0,0,order,1
1665977114,472666,3444,0.0,1,True,False,1975,False,658,802,46043162,174939975,46043324,174940956,0,0,1665977077,37,distance_to_pickup,BATCH,milp_vrp,0,0,order,1
1665977114,140946,1814,0.0,1,True,False,332,False,658,802,46044917,174938628,46044770,174938849,0,0,1665976973,141,distance_to_pickup,BATCH,milp_vrp,0,0,order,1
1665977114,191947,299,3000.0,1,True,False,2993,False,658,802,46050966,174946024,46052620,174942544,0,0,1665977082,32,distance_to_pickup,BATCH,milp_vrp,0,0,order,1
