timestamp,courier_id,event_type,new_state,reason
1665977114,705,state_change,BUSY,initialized
1665977114,392,state_change,BUSY,initialized
1665977114,3248,state_change,BUSY,initialized
1665977114,993,state_change,BUSY,initialized
1665977114,4183,state_change,BUSY,initialized
1665977114,1877,state_change,BUSY,initialized
1665977114,51,state_change,BUSY,initialized
1665977114,236,state_change,AVAILABLE,initialized
1665977114,4702,state_change,BUSY,initialized
1665977114,2065,state_change,BUSY,initialized
1665977114,4360,state_change,BUSY,initialized
1665977114,1586,state_change,BUSY,initialized
1665977114,2123,state_change,AVAILABLE,initialized
1665977114,1556,state_change,BUSY,initialized
1665977114,1283,state_change,BUSY,initialized
1665977114,3434,state_change,BUSY,initialized
1665977114,2182,state_change,BUSY,initialized
1665977114,1499,state_change,BUSY,initialized
1665977114,2956,state_change,BUSY,initialized
1665977114,2118,state_change,BUSY,initialized
1665977114,2433,state_change,BUSY,initialized
1665977114,4194,state_change,BUSY,initialized
1665977114,251,state_change,BUSY,initialized
1665977114,3334,state_change,BUSY,initialized
1665977114,3483,state_change,BUSY,initialized
1665977114,4172,state_change,AVAILABLE,initialized
1665977114,2589,state_change,BUSY,initialized
1665977114,3257,state_change,BUSY,initialized
1665977114,505,state_change,BUSY,initialized
1665977114,684,state_change,BUSY,initialized
1665977114,4377,state_change,BUSY,initialized
1665977114,1894,state_change,AVAILABLE,initialized
1665977114,3015,state_change,AVAILABLE,initialized
1665977114,1043,state_change,BUSY,initialized
1665977114,429,state_change,BUSY,initialized
1665977114,1773,state_change,AVAILABLE,initialized
1665977114,3131,state_change,AVAILABLE,initialized
1665977114,2117,state_change,BUSY,initialized
1665977114,3217,state_change,BUSY,initialized
1665977114,867,state_change,BUSY,initialized
1665977114,1950,state_change,BUSY,initialized
1665977114,1512,state_change,BUSY,initialized
1665977114,3899,state_change,BUSY,initialized
1665977114,418,state_change,AVAILABLE,initialized
1665977114,1220,state_change,AVAILABLE,initialized
1665977114,2080,state_change,AVAILABLE,initialized
1665977114,319,state_change,BUSY,initialized
1665977114,99,state_change,AVAILABLE,initialized
1665977114,3413,state_change,BUSY,initialized
1665977114,2724,state_change,BUSY,initialized
1665977114,289,state_change,AVAILABLE,initialized
1665977114,3091,state_change,AVAILABLE,initialized
1665977114,2685,state_change,AVAILABLE,initialized
1665977114,149,state_change,BUSY,initialized
1665977114,2189,state_change,BUSY,initialized
1665977114,1937,state_change,BUSY,initialized
1665977114,2353,state_change,BUSY,initialized
1665977114,3034,state_change,BUSY,initialized
1665977114,2365,state_change,BUSY,initialized
1665977114,3130,state_change,AVAILABLE,initialized
1665977114,711,state_change,BUSY,initialized
1665977114,3128,state_change,BUSY,initialized
1665977114,2556,state_change,AVAILABLE,initialized
1665977114,2295,state_change,BUSY,initialized
1665977114,2563,state_change,BUSY,initialized
1665977114,2781,state_change,BUSY,initialized
1665977114,2913,state_change,BUSY,initialized
1665977114,1905,state_change,AVAILABLE,initialized
1665977114,2270,state_change,BUSY,initialized
1665977114,1728,state_change,BUSY,initialized
1665977114,2300,state_change,AVAILABLE,initialized
1665977114,3801,state_change,BUSY,initialized
1665977114,1105,state_change,AVAILABLE,initialized
1665977114,618,state_change,AVAILABLE,initialized
1665977114,690,state_change,BUSY,initialized
1665977114,63,state_change,BUSY,initialized
1665977114,2409,state_change,BUSY,initialized
1665977114,2060,state_change,BUSY,initialized
1665977114,2870,state_change,AVAILABLE,initialized
1665977114,3726,state_change,BUSY,initialized
1665977114,231,state_change,BUSY,initialized
1665977114,2407,state_change,AVAILABLE,initialized
1665977114,4030,state_change,AVAILABLE,initialized
1665977114,1657,state_change,AVAILABLE,initialized
1665977114,2288,state_change,BUSY,initialized
1665977114,1712,state_change,BUSY,initialized
1665977114,2097,state_change,BUSY,initialized
1665977114,701,state_change,BUSY,initialized
1665977114,2674,state_change,AVAILABLE,initialized
1665977114,984,state_change,AVAILABLE,initialized
1665977114,3350,state_change,BUSY,initialized
1665977114,24,state_change,BUSY,initialized
1665977114,2484,state_change,BUSY,initialized
1665977114,2309,state_change,BUSY,initialized
1665977114,503,state_change,BUSY,initialized
1665977114,78,state_change,AVAILABLE,initialized
1665977114,2959,state_change,BUSY,initialized
1665977114,859,state_change,AVAILABLE,initialized
1665977114,1611,state_change,BUSY,initialized
1665977114,385,state_change,BUSY,initialized
1665977114,1626,state_change,BUSY,initialized
1665977114,1968,state_change,BUSY,initialized
1665977114,4311,state_change,AVAILABLE,initialized
1665977114,856,state_change,BUSY,initialized
1665977114,1938,state_change,AVAILABLE,initialized
1665977114,3000,state_change,BUSY,initialized
1665977114,1332,state_change,AVAILABLE,initialized
1665977114,122,state_change,AVAILABLE,initialized
1665977114,2230,state_change,BUSY,initialized
1665977114,801,state_change,BUSY,initialized
1665977114,349,state_change,BUSY,initialized
1665977114,4430,state_change,BUSY,initialized
1665977114,2076,state_change,BUSY,initialized
1665977114,227,state_change,AVAILABLE,initialized
1665977114,64,state_change,BUSY,initialized
1665977114,1294,state_change,BUSY,initialized
1665977114,575,state_change,BUSY,initialized
1665977114,2710,state_change,BUSY,initialized
1665977114,1879,state_change,BUSY,initialized
1665977114,2813,state_change,BUSY,initialized
1665977114,2276,state_change,BUSY,initialized
1665977114,206,state_change,BUSY,initialized
1665977114,371,state_change,AVAILABLE,initialized
1665977114,1993,state_change,BUSY,initialized
1665977114,1505,state_change,BUSY,initialized
1665977114,1567,state_change,BUSY,initialized
1665977114,3725,state_change,BUSY,initialized
1665977114,929,state_change,BUSY,initialized
1665977114,1329,state_change,BUSY,initialized
1665977114,3873,state_change,BUSY,initialized
1665977114,4413,state_change,BUSY,initialized
1665977114,2082,state_change,BUSY,initialized
1665977114,496,state_change,BUSY,initialized
1665977114,2160,state_change,AVAILABLE,initialized
1665977114,2431,state_change,AVAILABLE,initialized
1665977114,1568,state_change,AVAILABLE,initialized
1665977114,2848,state_change,AVAILABLE,initialized
1665977114,2289,state_change,AVAILABLE,initialized
1665977114,1257,state_change,BUSY,initialized
1665977114,3333,state_change,BUSY,initialized
1665977114,2921,state_change,BUSY,initialized
1665977114,3620,state_change,AVAILABLE,initialized
1665977114,1186,state_change,BUSY,initialized
1665977114,1263,state_change,BUSY,initialized
1665977114,558,state_change,AVAILABLE,initialized
1665977114,2862,state_change,AVAILABLE,initialized
1665977114,1175,state_change,AVAILABLE,initialized
1665977114,2836,state_change,BUSY,initialized
1665977114,373,state_change,AVAILABLE,initialized
1665977114,1585,state_change,BUSY,initialized
1665977114,339,state_change,BUSY,initialized
1665977114,2380,state_change,BUSY,initialized
1665977114,2851,state_change,AVAILABLE,initialized
1665977114,2150,state_change,AVAILABLE,initialized
1665977114,444,state_change,BUSY,initialized
1665977114,151,state_change,AVAILABLE,initialized
1665977114,3428,state_change,AVAILABLE,initialized
1665977114,3874,state_change,AVAILABLE,initialized
1665977114,2694,state_change,BUSY,initialized
1665977114,1205,state_change,BUSY,initialized
1665977114,2303,state_change,BUSY,initialized
1665977114,747,state_change,BUSY,initialized
1665977114,804,state_change,BUSY,initialized
1665977114,1166,state_change,AVAILABLE,initialized
1665977114,369,state_change,BUSY,initialized
1665977114,364,state_change,BUSY,initialized
1665977114,851,state_change,BUSY,initialized
1665977114,3289,state_change,AVAILABLE,initialized
1665977114,3218,state_change,BUSY,initialized
1665977114,511,state_change,BUSY,initialized
1665977114,2423,state_change,AVAILABLE,initialized
1665977114,776,state_change,BUSY,initialized
1665977114,1046,state_change,BUSY,initialized
1665977114,3003,state_change,BUSY,initialized
1665977114,1926,state_change,BUSY,initialized
1665977114,1347,state_change,BUSY,initialized
1665977114,4074,state_change,BUSY,initialized
1665977114,4701,state_change,AVAILABLE,initialized
1665977114,1589,state_change,BUSY,initialized
1665977114,1732,state_change,BUSY,initialized
1665977114,3430,state_change,BUSY,initialized
1665977114,485,state_change,BUSY,initialized
1665977114,1525,state_change,BUSY,initialized
1665977114,3153,state_change,BUSY,initialized
1665977114,2266,state_change,BUSY,initialized
1665977114,2901,state_change,BUSY,initialized
1665977114,1462,state_change,BUSY,initialized
1665977114,219,state_change,BUSY,initialized
1665977114,1126,state_change,AVAILABLE,initialized
1665977114,4088,state_change,BUSY,initialized
1665977114,884,state_change,AVAILABLE,initialized
1665977114,225,state_change,BUSY,initialized
1665977114,4315,state_change,BUSY,initialized
1665977114,1552,state_change,BUSY,initialized
1665977114,3684,state_change,BUSY,initialized
1665977114,973,state_change,AVAILABLE,initialized
1665977114,825,state_change,BUSY,initialized
1665977114,3291,state_change,BUSY,initialized
1665977114,749,state_change,BUSY,initialized
1665977114,656,state_change,BUSY,initialized
1665977114,2595,state_change,BUSY,initialized
1665977114,920,state_change,AVAILABLE,initialized
1665977114,3787,state_change,BUSY,initialized
1665977114,748,state_change,AVAILABLE,initialized
1665977114,2759,state_change,BUSY,initialized
1665977114,50,state_change,BUSY,initialized
1665977114,3282,state_change,BUSY,initialized
1665977114,400,state_change,AVAILABLE,initialized
1665977114,4092,state_change,AVAILABLE,initialized
1665977114,745,state_change,BUSY,initialized
1665977114,2919,state_change,AVAILABLE,initialized
1665977114,2382,state_change,BUSY,initialized
1665977114,1481,state_change,BUSY,initialized
1665977114,1790,state_change,BUSY,initialized
1665977114,1282,state_change,AVAILABLE,initialized
1665977114,1562,state_change,BUSY,initialized
1665977114,2658,state_change,AVAILABLE,initialized
1665977114,3559,state_change,AVAILABLE,initialized
1665977114,902,state_change,BUSY,initialized
1665977114,4253,state_change,BUSY,initialized
1665977114,1988,state_change,BUSY,initialized
1665977114,1362,state_change,AVAILABLE,initialized
1665977114,2217,state_change,BUSY,initialized
1665977114,334,state_change,BUSY,initialized
1665977114,190,state_change,BUSY,initialized
1665977114,1446,state_change,BUSY,initialized
1665977114,2974,state_change,BUSY,initialized
1665977114,3294,state_change,BUSY,initialized
1665977114,1873,state_change,BUSY,initialized
1665977114,627,state_change,AVAILABLE,initialized
1665977114,4553,state_change,BUSY,initialized
1665977114,2109,state_change,BUSY,initialized
1665977114,2508,state_change,BUSY,initialized
1665977114,2233,state_change,BUSY,initialized
1665977114,119,state_change,BUSY,initialized
1665977114,1501,state_change,BUSY,initialized
1665977114,2515,state_change,BUSY,initialized
1665977114,2232,state_change,BUSY,initialized
1665977114,1597,state_change,BUSY,initialized
1665977114,2011,state_change,AVAILABLE,initialized
1665977114,4116,state_change,BUSY,initialized
1665977114,2782,state_change,BUSY,initialized
1665977114,355,state_change,BUSY,initialized
1665977114,4036,state_change,AVAILABLE,initialized
1665977114,1475,state_change,AVAILABLE,initialized
1665977114,3604,state_change,AVAILABLE,initialized
1665977114,2966,state_change,BUSY,initialized
1665977114,3626,state_change,BUSY,initialized
1665977114,284,state_change,BUSY,initialized
1665977114,405,state_change,AVAILABLE,initialized
1665977114,844,state_change,BUSY,initialized
1665977114,108,state_change,BUSY,initialized
1665977114,762,state_change,BUSY,initialized
1665977114,124,state_change,BUSY,initialized
1665977114,932,state_change,BUSY,initialized
1665977114,3099,state_change,AVAILABLE,initialized
1665977114,180,state_change,AVAILABLE,initialized
1665977114,4115,state_change,BUSY,initialized
1665977114,325,state_change,BUSY,initialized
1665977114,2041,state_change,AVAILABLE,initialized
1665977114,3758,state_change,BUSY,initialized
1665977114,117,state_change,AVAILABLE,initialized
1665977114,1997,state_change,BUSY,initialized
1665977114,2045,state_change,BUSY,initialized
1665977114,3237,state_change,AVAILABLE,initialized
1665977114,4353,state_change,AVAILABLE,initialized
1665977114,637,state_change,AVAILABLE,initialized
1665977114,2283,state_change,AVAILABLE,initialized
1665977114,2102,state_change,BUSY,initialized
1665977114,372,state_change,AVAILABLE,initialized
1665977114,1325,state_change,BUSY,initialized
1665977114,2737,state_change,BUSY,initialized
1665977114,455,state_change,BUSY,initialized
1665977114,552,state_change,AVAILABLE,initialized
1665977114,2576,state_change,BUSY,initialized
1665977114,1353,state_change,BUSY,initialized
1665977114,2730,state_change,BUSY,initialized
1665977114,130,state_change,BUSY,initialized
1665977114,286,state_change,BUSY,initialized
1665977114,1703,state_change,BUSY,initialized
1665977114,3586,state_change,BUSY,initialized
1665977114,1274,state_change,AVAILABLE,initialized
1665977114,1251,state_change,BUSY,initialized
1665977114,1470,state_change,BUSY,initialized
1665977114,1331,state_change,BUSY,initialized
1665977114,2203,state_change,BUSY,initialized
1665977114,1653,state_change,BUSY,initialized
1665977114,2090,state_change,BUSY,initialized
1665977114,528,state_change,BUSY,initialized
1665977114,3113,state_change,BUSY,initialized
1665977114,80,state_change,BUSY,initialized
1665977114,2856,state_change,AVAILABLE,initialized
1665977114,1957,state_change,AVAILABLE,initialized
1665977114,1038,state_change,BUSY,initialized
1665977114,1189,state_change,BUSY,initialized
1665977114,4014,state_change,AVAILABLE,initialized
1665977114,1089,state_change,AVAILABLE,initialized
1665977114,315,state_change,BUSY,initialized
1665977114,2139,state_change,AVAILABLE,initialized
1665977114,2666,state_change,BUSY,initialized
1665977114,3460,state_change,BUSY,initialized
1665977114,847,state_change,BUSY,initialized
1665977114,2646,state_change,BUSY,initialized
1665977114,2568,state_change,BUSY,initialized
1665977114,235,state_change,BUSY,initialized
1665977114,4782,state_change,BUSY,initialized
1665977114,586,state_change,BUSY,initialized
1665977114,2325,state_change,BUSY,initialized
1665977114,1775,state_change,AVAILABLE,initialized
1665977114,1289,state_change,BUSY,initialized
1665977114,2902,state_change,BUSY,initialized
1665977114,2022,state_change,BUSY,initialized
1665977114,3933,state_change,AVAILABLE,initialized
1665977114,2961,state_change,BUSY,initialized
1665977114,566,state_change,AVAILABLE,initialized
1665977114,1838,state_change,AVAILABLE,initialized
1665977114,1030,state_change,BUSY,initialized
1665977114,2761,state_change,AVAILABLE,initialized
1665977114,3777,state_change,BUSY,initialized
1665977114,2513,state_change,AVAILABLE,initialized
1665977114,3595,state_change,BUSY,initialized
1665977114,2110,state_change,BUSY,initialized
1665977114,2219,state_change,AVAILABLE,initialized
1665977114,525,state_change,BUSY,initialized
1665977114,2055,state_change,BUSY,initialized
1665977114,2332,state_change,BUSY,initialized
1665977114,572,state_change,AVAILABLE,initialized
1665977114,1865,state_change,AVAILABLE,initialized
1665977114,591,state_change,AVAILABLE,initialized
1665977114,2894,state_change,BUSY,initialized
1665977114,4024,state_change,AVAILABLE,initialized
1665977114,3548,state_change,AVAILABLE,initialized
1665977114,69,state_change,BUSY,initialized
1665977114,2359,state_change,BUSY,initialized
1665977114,3266,state_change,AVAILABLE,initialized
1665977114,3242,state_change,BUSY,initialized
1665977114,1138,state_change,AVAILABLE,initialized
1665977114,463,state_change,BUSY,initialized
1665977114,3835,state_change,AVAILABLE,initialized
1665977114,4087,state_change,AVAILABLE,initialized
1665977114,383,state_change,BUSY,initialized
1665977114,1027,state_change,AVAILABLE,initialized
1665977114,3141,state_change,BUSY,initialized
1665977114,822,state_change,BUSY,initialized
1665977114,121,state_change,BUSY,initialized
1665977114,672,state_change,BUSY,initialized
1665977114,3337,state_change,AVAILABLE,initialized
1665977114,1122,state_change,BUSY,initialized
1665977114,4205,state_change,BUSY,initialized
1665977114,172,state_change,AVAILABLE,initialized
1665977114,221,state_change,AVAILABLE,initialized
1665977114,2488,state_change,BUSY,initialized
1665977114,969,state_change,AVAILABLE,initialized
1665977114,1803,state_change,BUSY,initialized
1665977114,889,state_change,BUSY,initialized
1665977114,3508,state_change,AVAILABLE,initialized
1665977114,4137,state_change,BUSY,initialized
1665977114,2178,state_change,AVAILABLE,initialized
1665977114,3754,state_change,AVAILABLE,initialized
1665977114,56,state_change,BUSY,initialized
1665977114,963,state_change,AVAILABLE,initialized
1665977114,3433,state_change,BUSY,initialized
1665977114,2842,state_change,AVAILABLE,initialized
1665977114,2841,state_change,AVAILABLE,initialized
1665977114,20,state_change,BUSY,initialized
1665977114,662,state_change,BUSY,initialized
1665977114,3185,state_change,BUSY,initialized
1665977114,109,state_change,BUSY,initialized
1665977114,2195,state_change,BUSY,initialized
1665977114,3745,state_change,AVAILABLE,initialized
1665977114,2770,state_change,AVAILABLE,initialized
1665977114,919,state_change,BUSY,initialized
1665977114,951,state_change,BUSY,initialized
1665977114,546,state_change,AVAILABLE,initialized
1665977114,2426,state_change,BUSY,initialized
1665977114,438,state_change,BUSY,initialized
1665977114,2447,state_change,BUSY,initialized
1665977114,475,state_change,AVAILABLE,initialized
1665977114,3122,state_change,BUSY,initialized
1665977114,3265,state_change,AVAILABLE,initialized
1665977114,1160,state_change,AVAILABLE,initialized
1665977114,2890,state_change,BUSY,initialized
1665977114,395,state_change,BUSY,initialized
1665977114,7,state_change,AVAILABLE,initialized
1665977114,3241,state_change,BUSY,initialized
1665977114,1478,state_change,BUSY,initialized
1665977114,1091,state_change,BUSY,initialized
1665977114,4539,state_change,AVAILABLE,initialized
1665977114,1536,state_change,BUSY,initialized
1665977114,2987,state_change,BUSY,initialized
1665977114,3005,state_change,AVAILABLE,initialized
1665977114,212,state_change,BUSY,initialized
1665977114,3915,state_change,BUSY,initialized
1665977114,36,state_change,BUSY,initialized
1665977114,1646,state_change,BUSY,initialized
1665977114,1579,state_change,AVAILABLE,initialized
1665977114,404,state_change,BUSY,initialized
1665977114,389,state_change,BUSY,initialized
1665977114,1372,state_change,BUSY,initialized
1665977114,2338,state_change,BUSY,initialized
1665977114,3513,state_change,BUSY,initialized
1665977114,2385,state_change,BUSY,initialized
1665977114,3012,state_change,AVAILABLE,initialized
1665977114,3793,state_change,AVAILABLE,initialized
1665977114,3189,state_change,BUSY,initialized
1665977114,474,state_change,AVAILABLE,initialized
1665977114,3911,state_change,AVAILABLE,initialized
1665977114,195,state_change,BUSY,initialized
1665977114,2779,state_change,BUSY,initialized
1665977114,258,state_change,BUSY,initialized
1665977114,3921,state_change,BUSY,initialized
1665977114,2984,state_change,AVAILABLE,initialized
1665977114,2374,state_change,AVAILABLE,initialized
1665977114,2634,state_change,BUSY,initialized
1665977114,964,state_change,BUSY,initialized
1665977114,2469,state_change,BUSY,initialized
1665977114,519,state_change,AVAILABLE,initialized
1665977114,356,state_change,AVAILABLE,initialized
1665977114,4329,state_change,AVAILABLE,initialized
1665977114,1015,state_change,BUSY,initialized
1665977114,3181,state_change,AVAILABLE,initialized
1665977114,1964,state_change,AVAILABLE,initialized
1665977114,1102,state_change,BUSY,initialized
1665977114,2492,state_change,BUSY,initialized
1665977114,731,state_change,BUSY,initialized
1665977114,3235,state_change,BUSY,initialized
1665977114,675,state_change,BUSY,initialized
1665977114,4411,state_change,BUSY,initialized
1665977114,4369,state_change,BUSY,initialized
1665977114,2122,state_change,BUSY,initialized
1665977114,3111,state_change,AVAILABLE,initialized
1665977114,2077,state_change,BUSY,initialized
1665977114,2059,state_change,AVAILABLE,initialized
1665977114,3751,state_change,BUSY,initialized
1665977114,249,state_change,AVAILABLE,initialized
1665977114,412,state_change,AVAILABLE,initialized
1665977114,1664,state_change,AVAILABLE,initialized
1665977114,1060,state_change,BUSY,initialized
1665977114,1658,state_change,AVAILABLE,initialized
1665977114,1445,state_change,AVAILABLE,initialized
1665977114,288,state_change,BUSY,initialized
1665977114,2498,state_change,AVAILABLE,initialized
1665977114,2931,state_change,AVAILABLE,initialized
1665977114,2597,state_change,BUSY,initialized
1665977114,1184,state_change,BUSY,initialized
1665977114,647,state_change,BUSY,initialized
1665977114,2044,state_change,BUSY,initialized
1665977114,828,state_change,BUSY,initialized
1665977114,1083,state_change,BUSY,initialized
1665977114,3107,state_change,BUSY,initialized
1665977114,104,state_change,BUSY,initialized
1665977114,2677,state_change,BUSY,initialized
1665977114,4753,state_change,AVAILABLE,initialized
1665977114,3757,state_change,BUSY,initialized
1665977114,3381,state_change,BUSY,initialized
1665977114,3278,state_change,BUSY,initialized
1665977114,1214,state_change,AVAILABLE,initialized
1665977114,3967,state_change,BUSY,initialized
1665977114,2529,state_change,BUSY,initialized
1665977114,1076,state_change,AVAILABLE,initialized
1665977114,3589,state_change,BUSY,initialized
1665977114,1574,state_change,AVAILABLE,initialized
1665977114,3822,state_change,BUSY,initialized
1665977114,1718,state_change,BUSY,initialized
1665977114,2854,state_change,BUSY,initialized
1665977114,606,state_change,BUSY,initialized
1665977114,3646,state_change,BUSY,initialized
1665977114,1599,state_change,AVAILABLE,initialized
1665977114,1560,state_change,BUSY,initialized
1665977114,2108,state_change,BUSY,initialized
1665977114,2319,state_change,BUSY,initialized
1665977114,815,state_change,BUSY,initialized
1665977114,1920,state_change,AVAILABLE,initialized
1665977114,3402,state_change,BUSY,initialized
1665977114,1547,state_change,BUSY,initialized
1665977114,1869,state_change,AVAILABLE,initialized
1665977114,2534,state_change,AVAILABLE,initialized
1665977114,1202,state_change,BUSY,initialized
1665977114,3048,state_change,BUSY,initialized
1665977114,1999,state_change,AVAILABLE,initialized
1665977114,1385,state_change,AVAILABLE,initialized
1665977114,168,state_change,BUSY,initialized
1665977114,3057,state_change,BUSY,initialized
1665977114,1540,state_change,BUSY,initialized
1665977114,2679,state_change,BUSY,initialized
1665977114,3127,state_change,AVAILABLE,initialized
1665977114,1628,state_change,AVAILABLE,initialized
1665977114,2278,state_change,BUSY,initialized
1665977114,562,state_change,BUSY,initialized
1665977114,135,state_change,BUSY,initialized
1665977114,865,state_change,AVAILABLE,initialized
1665977114,448,state_change,BUSY,initialized
1665977114,4641,state_change,BUSY,initialized
1665977114,609,state_change,BUSY,initialized
1665977114,542,state_change,BUSY,initialized
1665977114,3876,state_change,BUSY,initialized
1665977114,1765,state_change,BUSY,initialized
1665977114,2918,state_change,BUSY,initialized
1665977114,22,state_change,BUSY,initialized
1665977114,1008,state_change,BUSY,initialized
1665977114,1404,state_change,BUSY,initialized
1665977114,4217,state_change,BUSY,initialized
1665977114,2815,state_change,BUSY,initialized
1665977114,2717,state_change,BUSY,initialized
1665977114,4009,state_change,BUSY,initialized
1665977114,4003,state_change,AVAILABLE,initialized
1665977114,4624,state_change,AVAILABLE,initialized
1665977114,1360,state_change,BUSY,initialized
1665977114,2463,state_change,AVAILABLE,initialized
1665977114,1699,state_change,BUSY,initialized
1665977114,1610,state_change,BUSY,initialized
1665977114,1771,state_change,AVAILABLE,initialized
1665977114,2047,state_change,BUSY,initialized
1665977114,842,state_change,BUSY,initialized
1665977114,2253,state_change,BUSY,initialized
1665977114,66,state_change,BUSY,initialized
1665977114,2869,state_change,BUSY,initialized
1665977114,4200,state_change,BUSY,initialized
1665977114,2299,state_change,BUSY,initialized
1665977114,2211,state_change,BUSY,initialized
1665977114,858,state_change,BUSY,initialized
1665977114,2342,state_change,AVAILABLE,initialized
1665977114,2202,state_change,BUSY,initialized
1665977114,3807,state_change,BUSY,initialized
1665977114,141,state_change,BUSY,initialized
1665977114,1891,state_change,BUSY,initialized
1665977114,337,state_change,AVAILABLE,initialized
1665977114,666,state_change,AVAILABLE,initialized
1665977114,4318,state_change,BUSY,initialized
1665977114,3941,state_change,BUSY,initialized
1665977114,1109,state_change,BUSY,initialized
1665977114,599,state_change,AVAILABLE,initialized
1665977114,35,state_change,BUSY,initialized
1665977114,3229,state_change,BUSY,initialized
1665977114,1311,state_change,BUSY,initialized
1665977114,779,state_change,BUSY,initialized
1665977114,2042,state_change,BUSY,initialized
1665977114,1693,state_change,AVAILABLE,initialized
1665977114,1594,state_change,BUSY,initialized
1665977114,886,state_change,BUSY,initialized
1665977114,1592,state_change,BUSY,initialized
1665977114,2050,state_change,BUSY,initialized
1665977114,207,state_change,AVAILABLE,initialized
1665977114,442,state_change,AVAILABLE,initialized
1665977114,2073,state_change,AVAILABLE,initialized
1665977114,3670,state_change,AVAILABLE,initialized
1665977114,2187,state_change,BUSY,initialized
1665977114,2963,state_change,BUSY,initialized
1665977114,3009,state_change,AVAILABLE,initialized
1665977114,1009,state_change,BUSY,initialized
1665977114,1533,state_change,BUSY,initialized
1665977114,205,state_change,BUSY,initialized
1665977114,1299,state_change,BUSY,initialized
1665977114,143,state_change,AVAILABLE,initialized
1665977114,159,state_change,AVAILABLE,initialized
1665977114,640,state_change,AVAILABLE,initialized
1665977114,4426,state_change,AVAILABLE,initialized
1665977114,2250,state_change,BUSY,initialized
1665977114,513,state_change,AVAILABLE,initialized
1665977114,1382,state_change,AVAILABLE,initialized
1665977114,1087,state_change,BUSY,initialized
1665977114,520,state_change,BUSY,initialized
1665977114,3774,state_change,AVAILABLE,initialized
1665977114,1603,state_change,BUSY,initialized
1665977114,473,state_change,AVAILABLE,initialized
1665977114,2261,state_change,BUSY,initialized
1665977114,1449,state_change,AVAILABLE,initialized
1665977114,3117,state_change,BUSY,initialized
1665977114,215,state_change,BUSY,initialized
1665977114,1003,state_change,BUSY,initialized
1665977114,2990,state_change,AVAILABLE,initialized
1665977114,2119,state_change,BUSY,initialized
1665977114,2005,state_change,AVAILABLE,initialized
1665977114,171,state_change,AVAILABLE,initialized
1665977114,2835,state_change,AVAILABLE,initialized
1665977114,1561,state_change,BUSY,initialized
1665977114,391,state_change,BUSY,initialized
1665977114,2146,state_change,BUSY,initialized
1665977114,2583,state_change,BUSY,initialized
1665977114,3628,state_change,AVAILABLE,initialized
1665977114,1967,state_change,BUSY,initialized
1665977114,967,state_change,AVAILABLE,initialized
1665977114,4833,state_change,AVAILABLE,initialized
1665977114,1339,state_change,BUSY,initialized
1665977114,1784,state_change,AVAILABLE,initialized
1665977114,3026,state_change,AVAILABLE,initialized
1665977114,1839,state_change,BUSY,initialized
1665977114,2373,state_change,BUSY,initialized
1665977114,1452,state_change,BUSY,initialized
1665977114,234,state_change,BUSY,initialized
1665977114,3198,state_change,AVAILABLE,initialized
1665977114,2403,state_change,BUSY,initialized
1665977114,3647,state_change,AVAILABLE,initialized
1665977114,3044,state_change,BUSY,initialized
1665977114,2824,state_change,BUSY,initialized
1665977114,318,state_change,BUSY,initialized
1665977114,2092,state_change,BUSY,initialized
1665977114,2043,state_change,BUSY,initialized
1665977114,3435,state_change,BUSY,initialized
1665977114,2898,state_change,AVAILABLE,initialized
1665977114,1543,state_change,BUSY,initialized
1665977114,3,state_change,AVAILABLE,initialized
1665977114,2429,state_change,BUSY,initialized
1665977114,1958,state_change,BUSY,initialized
1665977114,4148,state_change,BUSY,initialized
1665977114,1459,state_change,BUSY,initialized
1665977114,2243,state_change,AVAILABLE,initialized
1665977114,1744,state_change,AVAILABLE,initialized
1665977114,1685,state_change,AVAILABLE,initialized
1665977114,1389,state_change,BUSY,initialized
1665977114,313,state_change,AVAILABLE,initialized
1665977114,2965,state_change,BUSY,initialized
1665977114,2018,state_change,AVAILABLE,initialized
1665977114,4244,state_change,BUSY,initialized
1665977114,2744,state_change,AVAILABLE,initialized
1665977114,2411,state_change,AVAILABLE,initialized
1665977114,154,state_change,BUSY,initialized
1665977114,2027,state_change,BUSY,initialized
1665977114,4465,state_change,AVAILABLE,initialized
1665977114,965,state_change,BUSY,initialized
1665977114,2470,state_change,BUSY,initialized
1665977114,4451,state_change,BUSY,initialized
1665977114,1193,state_change,BUSY,initialized
1665977114,2973,state_change,BUSY,initialized
1665977114,2972,state_change,AVAILABLE,initialized
1665977114,953,state_change,BUSY,initialized
1665977114,2978,state_change,BUSY,initialized
1665977114,199,state_change,BUSY,initialized
1665977114,2740,state_change,BUSY,initialized
1665977114,1940,state_change,BUSY,initialized
1665977114,2177,state_change,AVAILABLE,initialized
1665977114,398,state_change,BUSY,initialized
1665977114,878,state_change,BUSY,initialized
1665977114,504,state_change,BUSY,initialized
1665977114,1444,state_change,AVAILABLE,initialized
1665977114,3454,state_change,AVAILABLE,initialized
1665977114,3370,state_change,BUSY,initialized
1665977114,274,state_change,BUSY,initialized
1665977114,4099,state_change,AVAILABLE,initialized
1665977114,2773,state_change,BUSY,initialized
1665977114,281,state_change,BUSY,initialized
1665977114,492,state_change,BUSY,initialized
1665977114,2101,state_change,BUSY,initialized
1665977114,1149,state_change,BUSY,initialized
1665977114,2313,state_change,BUSY,initialized
1665977114,3032,state_change,BUSY,initialized
1665977114,1549,state_change,BUSY,initialized
1665977114,3219,state_change,BUSY,initialized
1665977114,4418,state_change,BUSY,initialized
1665977114,2783,state_change,BUSY,initialized
1665977114,3273,state_change,AVAILABLE,initialized
1665977114,1754,state_change,BUSY,initialized
1665977114,3395,state_change,BUSY,initialized
1665977114,139,state_change,BUSY,initialized
1665977114,2362,state_change,BUSY,initialized
1665977114,3040,state_change,BUSY,initialized
1665977114,876,state_change,AVAILABLE,initialized
1665977114,1502,state_change,BUSY,initialized
1665977114,2611,state_change,BUSY,initialized
1665977114,1351,state_change,BUSY,initialized
1665977114,2549,state_change,BUSY,initialized
1665977114,2684,state_change,BUSY,initialized
1665977114,4379,state_change,AVAILABLE,initialized
1665977114,262,state_change,BUSY,initialized
1665977114,306,state_change,AVAILABLE,initialized
1665977114,1422,state_change,BUSY,initialized
1665977114,489,state_change,BUSY,initialized
1665977114,1064,state_change,BUSY,initialized
1665977114,397,state_change,BUSY,initialized
1665977114,3558,state_change,AVAILABLE,initialized
1665977114,3090,state_change,AVAILABLE,initialized
1665977114,2121,state_change,BUSY,initialized
1665977114,2629,state_change,BUSY,initialized
1665977114,2739,state_change,AVAILABLE,initialized
1665977114,943,state_change,BUSY,initialized
1665977114,2459,state_change,AVAILABLE,initialized
1665977114,3175,state_change,AVAILABLE,initialized
1665977114,1671,state_change,BUSY,initialized
1665977114,3114,state_change,AVAILABLE,initialized
1665977114,3480,state_change,BUSY,initialized
1665977114,2504,state_change,BUSY,initialized
1665977114,3151,state_change,BUSY,initialized
1665977114,292,state_change,BUSY,initialized
1665977114,1106,state_change,BUSY,initialized
1665977114,1203,state_change,BUSY,initialized
1665977114,96,state_change,BUSY,initialized
1665977114,3530,state_change,BUSY,initialized
1665977114,3923,state_change,BUSY,initialized
1665977114,3727,state_change,BUSY,initialized
1665977114,2457,state_change,BUSY,initialized
1665977114,1218,state_change,BUSY,initialized
1665977114,751,state_change,BUSY,initialized
1665977114,1500,state_change,BUSY,initialized
1665977114,3397,state_change,BUSY,initialized
1665977114,3144,state_change,BUSY,initialized
1665977114,631,state_change,AVAILABLE,initialized
1665977114,4276,state_change,AVAILABLE,initialized
1665977114,2400,state_change,BUSY,initialized
1665977114,1063,state_change,AVAILABLE,initialized
1665977114,230,state_change,BUSY,initialized
1665977114,3925,state_change,AVAILABLE,initialized
1665977114,1179,state_change,AVAILABLE,initialized
1665977114,4707,state_change,AVAILABLE,initialized
1665977114,589,state_change,BUSY,initialized
1665977114,2662,state_change,BUSY,initialized
1665977114,798,state_change,BUSY,initialized
1665977114,2186,state_change,BUSY,initialized
1665977114,2358,state_change,BUSY,initialized
1665977114,4375,state_change,AVAILABLE,initialized
1665977114,2128,state_change,BUSY,initialized
1665977114,1117,state_change,AVAILABLE,initialized
1665977114,3028,state_change,BUSY,initialized
1665977114,3215,state_change,BUSY,initialized
1665977114,3438,state_change,BUSY,initialized
1665977114,1810,state_change,AVAILABLE,initialized
1665977114,1828,state_change,BUSY,initialized
1665977114,1707,state_change,BUSY,initialized
1665977114,1361,state_change,BUSY,initialized
1665977114,3295,state_change,BUSY,initialized
1665977114,1827,state_change,BUSY,initialized
1665977114,1616,state_change,AVAILABLE,initialized
1665977114,3930,state_change,AVAILABLE,initialized
1665977114,2592,state_change,BUSY,initialized
1665977114,3355,state_change,BUSY,initialized
1665977114,863,state_change,BUSY,initialized
1665977114,273,state_change,AVAILABLE,initialized
1665977114,2546,state_change,BUSY,initialized
1665977114,4495,state_change,AVAILABLE,initialized
1665977114,2691,state_change,BUSY,initialized
1665977114,596,state_change,BUSY,initialized
1665977114,4187,state_change,AVAILABLE,initialized
1665977114,835,state_change,AVAILABLE,initialized
1665977114,1708,state_change,AVAILABLE,initialized
1665977114,1231,state_change,AVAILABLE,initialized
1665977114,1143,state_change,BUSY,initialized
1665977114,2113,state_change,AVAILABLE,initialized
1665977114,3904,state_change,BUSY,initialized
1665977114,196,state_change,AVAILABLE,initialized
1665977114,1895,state_change,BUSY,initialized
1665977114,3881,state_change,AVAILABLE,initialized
1665977114,228,state_change,BUSY,initialized
1665977114,1070,state_change,AVAILABLE,initialized
1665977114,3658,state_change,BUSY,initialized
1665977114,41,state_change,BUSY,initialized
1665977114,1119,state_change,AVAILABLE,initialized
1665977114,2330,state_change,AVAILABLE,initialized
1665977114,4647,state_change,BUSY,initialized
1665977114,2827,state_change,BUSY,initialized
1665977114,2793,state_change,BUSY,initialized
1665977114,2269,state_change,AVAILABLE,initialized
1665977114,484,state_change,BUSY,initialized
1665977114,2191,state_change,BUSY,initialized
1665977114,2514,state_change,BUSY,initialized
1665977114,3346,state_change,BUSY,initialized
1665977114,2727,state_change,BUSY,initialized
1665977114,515,state_change,BUSY,initialized
1665977114,1134,state_change,BUSY,initialized
1665977114,447,state_change,BUSY,initialized
1665977114,2850,state_change,BUSY,initialized
1665977114,2774,state_change,AVAILABLE,initialized
1665977114,1476,state_change,BUSY,initialized
1665977114,763,state_change,AVAILABLE,initialized
1665977114,3768,state_change,BUSY,initialized
1665977114,1962,state_change,BUSY,initialized
1665977114,2399,state_change,AVAILABLE,initialized
1665977114,2506,state_change,AVAILABLE,initialized
1665977114,783,state_change,AVAILABLE,initialized
1665977114,1337,state_change,BUSY,initialized
1665977114,1247,state_change,BUSY,initialized
1665977114,393,state_change,BUSY,initialized
1665977114,833,state_change,BUSY,initialized
1665977114,347,state_change,BUSY,initialized
1665977114,988,state_change,BUSY,initialized
1665977114,2947,state_change,BUSY,initialized
1665977114,1111,state_change,AVAILABLE,initialized
1665977114,757,state_change,BUSY,initialized
1665977114,1682,state_change,BUSY,initialized
1665977114,2144,state_change,AVAILABLE,initialized
1665977114,2132,state_change,AVAILABLE,initialized
1665977114,4294,state_change,AVAILABLE,initialized
1665977114,1368,state_change,BUSY,initialized
1665977114,2046,state_change,AVAILABLE,initialized
1665977114,2222,state_change,BUSY,initialized
1665977114,1081,state_change,BUSY,initialized
1665977114,2032,state_change,BUSY,initialized
1665977114,961,state_change,BUSY,initialized
1665977114,3156,state_change,BUSY,initialized
1665977114,1412,state_change,AVAILABLE,initialized
1665977114,3520,state_change,AVAILABLE,initialized
1665977114,1680,state_change,BUSY,initialized
1665977114,2247,state_change,BUSY,initialized
1665977114,4012,state_change,BUSY,initialized
1665977114,305,state_change,BUSY,initialized
1665977114,3271,state_change,AVAILABLE,initialized
1665977114,551,state_change,BUSY,initialized
1665977114,4308,state_change,AVAILABLE,initialized
1665977114,1862,state_change,AVAILABLE,initialized
1665977114,15,state_change,BUSY,initialized
1665977114,1316,state_change,BUSY,initialized
1665977114,4393,state_change,BUSY,initialized
1665977114,1201,state_change,BUSY,initialized
1665977114,2297,state_change,BUSY,initialized
1665977114,922,state_change,AVAILABLE,initialized
1665977114,2002,state_change,BUSY,initialized
1665977114,3369,state_change,AVAILABLE,initialized
1665977114,2280,state_change,AVAILABLE,initialized
1665977114,2472,state_change,AVAILABLE,initialized
1665977114,376,state_change,BUSY,initialized
1665977114,549,state_change,BUSY,initialized
1665977114,1945,state_change,BUSY,initialized
1665977114,4154,state_change,AVAILABLE,initialized
1665977114,3342,state_change,AVAILABLE,initialized
1665977114,2820,state_change,BUSY,initialized
1665977114,3432,state_change,BUSY,initialized
1665977114,1720,state_change,BUSY,initialized
1665977114,2688,state_change,BUSY,initialized
1665977114,2371,state_change,BUSY,initialized
1665977114,148,state_change,AVAILABLE,initialized
1665977114,1584,state_change,BUSY,initialized
1665977114,68,state_change,BUSY,initialized
1665977114,263,state_change,AVAILABLE,initialized
1665977114,2220,state_change,BUSY,initialized
1665977114,3829,state_change,AVAILABLE,initialized
1665977114,3391,state_change,AVAILABLE,initialized
1665977114,1455,state_change,AVAILABLE,initialized
1665977114,3527,state_change,BUSY,initialized
1665977114,2971,state_change,BUSY,initialized
1665977114,74,state_change,BUSY,initialized
1665977114,3267,state_change,AVAILABLE,initialized
1665977114,1442,state_change,BUSY,initialized
1665977114,1044,state_change,BUSY,initialized
1665977114,413,state_change,AVAILABLE,initialized
1665977114,3345,state_change,BUSY,initialized
1665977114,1342,state_change,AVAILABLE,initialized
1665977114,3692,state_change,BUSY,initialized
1665977114,1355,state_change,BUSY,initialized
1665977114,2361,state_change,BUSY,initialized
1665977114,3039,state_change,BUSY,initialized
1665977114,1115,state_change,BUSY,initialized
1665977114,4034,state_change,AVAILABLE,initialized
1665977114,1960,state_change,AVAILABLE,initialized
1665977114,729,state_change,BUSY,initialized
1665977114,3176,state_change,BUSY,initialized
1665977114,322,state_change,BUSY,initialized
1665977114,3567,state_change,AVAILABLE,initialized
1665977114,927,state_change,AVAILABLE,initialized
1665977114,409,state_change,AVAILABLE,initialized
1665977114,285,state_change,BUSY,initialized
1665977114,852,state_change,BUSY,initialized
1665977114,1880,state_change,AVAILABLE,initialized
1665977114,254,state_change,BUSY,initialized
1665977114,1582,state_change,BUSY,initialized
1665977114,866,state_change,BUSY,initialized
1665977114,715,state_change,AVAILABLE,initialized
1665977114,1542,state_change,BUSY,initialized
1665977114,4258,state_change,AVAILABLE,initialized
1665977114,2667,state_change,AVAILABLE,initialized
1665977114,1890,state_change,BUSY,initialized
1665977114,2306,state_change,BUSY,initialized
1665977114,553,state_change,AVAILABLE,initialized
1665977114,781,state_change,BUSY,initialized
1665977114,2263,state_change,AVAILABLE,initialized
1665977114,516,state_change,BUSY,initialized
1665977114,1280,state_change,BUSY,initialized
1665977114,1913,state_change,BUSY,initialized
1665977114,758,state_change,AVAILABLE,initialized
1665977114,2388,state_change,AVAILABLE,initialized
1665977114,2051,state_change,BUSY,initialized
1665977114,2957,state_change,BUSY,initialized
1665977114,275,state_change,BUSY,initialized
1665977114,3115,state_change,BUSY,initialized
1665977114,3524,state_change,BUSY,initialized
1665977114,2184,state_change,AVAILABLE,initialized
1665977114,77,state_change,BUSY,initialized
1665977114,240,state_change,AVAILABLE,initialized
1665977114,2129,state_change,AVAILABLE,initialized
1665977114,3004,state_change,AVAILABLE,initialized
1665977114,434,state_change,BUSY,initialized
1665977114,537,state_change,AVAILABLE,initialized
1665977114,189,state_change,BUSY,initialized
1665977114,1256,state_change,BUSY,initialized
1665977114,1069,state_change,BUSY,initialized
1665977114,1131,state_change,AVAILABLE,initialized
1665977114,3857,state_change,AVAILABLE,initialized
1665977114,873,state_change,BUSY,initialized
1665977114,2095,state_change,BUSY,initialized
1665977114,478,state_change,BUSY,initialized
1665977114,620,state_change,AVAILABLE,initialized
1665977114,3360,state_change,AVAILABLE,initialized
1665977114,1955,state_change,BUSY,initialized
1665977114,555,state_change,BUSY,initialized
1665977114,2791,state_change,BUSY,initialized
1665977114,2753,state_change,AVAILABLE,initialized
1665977114,4817,state_change,AVAILABLE,initialized
1665977114,3246,state_change,AVAILABLE,initialized
1665977114,3317,state_change,BUSY,initialized
1665977114,2751,state_change,AVAILABLE,initialized
1665977114,1783,state_change,BUSY,initialized
1665977114,2701,state_change,BUSY,initialized
1665977114,1317,state_change,BUSY,initialized
1665977114,3239,state_change,BUSY,initialized
1665977114,1936,state_change,AVAILABLE,initialized
1665977114,2241,state_change,BUSY,initialized
1665977114,3854,state_change,BUSY,initialized
1665977114,3872,state_change,AVAILABLE,initialized
1665977114,4254,state_change,BUSY,initialized
1665977114,3535,state_change,AVAILABLE,initialized
1665977114,3293,state_change,BUSY,initialized
1665977114,4454,state_change,BUSY,initialized
1665977114,2738,state_change,AVAILABLE,initialized
1665977114,3270,state_change,BUSY,initialized
1665977114,1514,state_change,BUSY,initialized
1665977114,1970,state_change,AVAILABLE,initialized
1665977114,660,state_change,BUSY,initialized
1665977114,680,state_change,AVAILABLE,initialized
1665977114,786,state_change,AVAILABLE,initialized
1665977114,1249,state_change,BUSY,initialized
1665977114,2614,state_change,BUSY,initialized
1665977114,1546,state_change,AVAILABLE,initialized
1665977114,2133,state_change,BUSY,initialized
1665977114,3178,state_change,AVAILABLE,initialized
1665977114,1020,state_change,BUSY,initialized
1665977114,1328,state_change,BUSY,initialized
1665977114,1884,state_change,AVAILABLE,initialized
1665977114,1493,state_change,BUSY,initialized
1665977114,742,state_change,BUSY,initialized
1665977114,3717,state_change,BUSY,initialized
1665977114,2846,state_change,BUSY,initialized
1665977114,1605,state_change,BUSY,initialized
1665977114,1941,state_change,BUSY,initialized
1665977114,4103,state_change,BUSY,initialized
1665977114,1690,state_change,AVAILABLE,initialized
1665977114,2982,state_change,BUSY,initialized
1665977114,1348,state_change,BUSY,initialized
1665977114,3842,state_change,BUSY,initialized
1665977114,1510,state_change,BUSY,initialized
1665977114,1747,state_change,BUSY,initialized
1665977114,2227,state_change,BUSY,initialized
1665977114,1649,state_change,BUSY,initialized
1665977114,2452,state_change,BUSY,initialized
1665977114,2915,state_change,BUSY,initialized
1665977114,2322,state_change,BUSY,initialized
1665977114,563,state_change,BUSY,initialized
1665977114,1623,state_change,BUSY,initialized
1665977114,259,state_change,BUSY,initialized
1665977114,2743,state_change,AVAILABLE,initialized
1665977114,4635,state_change,AVAILABLE,initialized
1665977114,2600,state_change,BUSY,initialized
1665977114,272,state_change,BUSY,initialized
1665977114,1634,state_change,BUSY,initialized
1665977114,2149,state_change,AVAILABLE,initialized
1665977114,52,state_change,AVAILABLE,initialized
1665977114,4071,state_change,BUSY,initialized
1665977114,1383,state_change,BUSY,initialized
1665977114,2428,state_change,AVAILABLE,initialized
1665977114,937,state_change,BUSY,initialized
1665977114,1233,state_change,BUSY,initialized
1665977114,1998,state_change,BUSY,initialized
1665977114,3436,state_change,BUSY,initialized
1665977114,2715,state_change,AVAILABLE,initialized
1665977114,1918,state_change,BUSY,initialized
1665977114,1724,state_change,AVAILABLE,initialized
1665977114,26,state_change,BUSY,initialized
1665977114,3427,state_change,BUSY,initialized
1665977114,2072,state_change,AVAILABLE,initialized
1665977114,1928,state_change,BUSY,initialized
1665977114,3104,state_change,BUSY,initialized
1665977114,1019,state_change,BUSY,initialized
1665977114,3449,state_change,BUSY,initialized
1665977114,2844,state_change,AVAILABLE,initialized
1665977114,836,state_change,BUSY,initialized
1665977114,4072,state_change,BUSY,initialized
1665977114,3764,state_change,BUSY,initialized
1665977114,1185,state_change,BUSY,initialized
1665977114,1396,state_change,BUSY,initialized
1665977114,2367,state_change,AVAILABLE,initialized
1665977114,540,state_change,BUSY,initialized
1665977114,156,state_change,BUSY,initialized
1665977114,1084,state_change,BUSY,initialized
1665977114,3591,state_change,BUSY,initialized
1665977114,2115,state_change,BUSY,initialized
1665977114,888,state_change,AVAILABLE,initialized
1665977114,695,state_change,AVAILABLE,initialized
1665977114,1726,state_change,AVAILABLE,initialized
1665977114,1261,state_change,BUSY,initialized
1665977114,698,state_change,BUSY,initialized
1665977114,1336,state_change,BUSY,initialized
1665977114,3274,state_change,AVAILABLE,initialized
1665977114,2415,state_change,AVAILABLE,initialized
1665977114,2985,state_change,AVAILABLE,initialized
1665977114,1414,state_change,AVAILABLE,initialized
1665977114,4096,state_change,BUSY,initialized
1665977114,2079,state_change,BUSY,initialized
1665977114,4076,state_change,BUSY,initialized
1665977114,3150,state_change,BUSY,initialized
1665977114,1736,state_change,BUSY,initialized
1665977114,1153,state_change,AVAILABLE,initialized
1665977114,1866,state_change,AVAILABLE,initialized
1665977114,3247,state_change,BUSY,initialized
1665977114,1154,state_change,BUSY,initialized
1665977114,4178,state_change,BUSY,initialized
1665977114,1366,state_change,BUSY,initialized
1665977114,3976,state_change,AVAILABLE,initialized
1665977114,4634,state_change,BUSY,initialized
1665977114,1209,state_change,BUSY,initialized
1665977114,3561,state_change,AVAILABLE,initialized
1665977114,1190,state_change,BUSY,initialized
1665977114,2932,state_change,BUSY,initialized
1665977114,1965,state_change,AVAILABLE,initialized
1665977114,1448,state_change,AVAILABLE,initialized
1665977114,2441,state_change,AVAILABLE,initialized
1665977114,581,state_change,BUSY,initialized
1665977114,728,state_change,BUSY,initialized
1665977114,1737,state_change,AVAILABLE,initialized
1665977114,2517,state_change,BUSY,initialized
1665977114,430,state_change,BUSY,initialized
1665977114,1259,state_change,BUSY,initialized
1665977114,260,state_change,BUSY,initialized
1665977114,4038,state_change,BUSY,initialized
1665977114,2814,state_change,BUSY,initialized
1665977114,3001,state_change,AVAILABLE,initialized
1665977114,2466,state_change,BUSY,initialized
1665977114,2034,state_change,BUSY,initialized
1665977114,2593,state_change,BUSY,initialized
1665977114,1729,state_change,BUSY,initialized
1665977114,3045,state_change,BUSY,initialized
1665977114,243,state_change,AVAILABLE,initialized
1665977114,4775,state_change,AVAILABLE,initialized
1665977114,1158,state_change,BUSY,initialized
1665977114,789,state_change,BUSY,initialized
1665977114,2776,state_change,BUSY,initialized
1665977114,529,state_change,AVAILABLE,initialized
1665977114,3162,state_change,AVAILABLE,initialized
1665977114,84,state_change,BUSY,initialized
1665977114,2360,state_change,BUSY,initialized
1665977114,1631,state_change,BUSY,initialized
1665977114,802,state_change,BUSY,initialized
1665977114,1677,state_change,BUSY,initialized
1665977114,707,state_change,BUSY,initialized
1665977114,1265,state_change,BUSY,initialized
1665977114,3335,state_change,BUSY,initialized
1665977114,4206,state_change,BUSY,initialized
1665977114,1785,state_change,BUSY,initialized
1665977114,681,state_change,AVAILABLE,initialized
1665977114,2861,state_change,AVAILABLE,initialized
1665977114,2615,state_change,BUSY,initialized
1665977114,1035,state_change,BUSY,initialized
1665977114,1034,state_change,BUSY,initialized
1665977114,3106,state_change,BUSY,initialized
1665977114,2700,state_change,BUSY,initialized
1665977114,970,state_change,BUSY,initialized
1665977114,89,state_change,BUSY,initialized
1665977114,1903,state_change,AVAILABLE,initialized
1665977114,2554,state_change,AVAILABLE,initialized
1665977114,977,state_change,BUSY,initialized
1665977114,2682,state_change,BUSY,initialized
1665977114,410,state_change,BUSY,initialized
1665977114,4866,state_change,BUSY,initialized
1665977114,1349,state_change,BUSY,initialized
1665977114,3657,state_change,BUSY,initialized
1665977114,2420,state_change,BUSY,initialized
1665977114,4555,state_change,AVAILABLE,initialized
1665977114,2089,state_change,AVAILABLE,initialized
1665977114,689,state_change,BUSY,initialized
1665977114,75,state_change,BUSY,initialized
1665977114,2135,state_change,BUSY,initialized
1665977114,1112,state_change,BUSY,initialized
1665977114,2787,state_change,AVAILABLE,initialized
1665977114,753,state_change,BUSY,initialized
1665977114,2153,state_change,BUSY,initialized
1665977114,3373,state_change,AVAILABLE,initialized
1665977114,1021,state_change,BUSY,initialized
1665977114,1963,state_change,BUSY,initialized
1665977114,2181,state_change,AVAILABLE,initialized
1665977114,2368,state_change,BUSY,initialized
1665977114,1706,state_change,BUSY,initialized
1665977114,2976,state_change,BUSY,initialized
1665977114,87,state_change,BUSY,initialized
1665977114,175,state_change,BUSY,initialized
1665977114,2895,state_change,AVAILABLE,initialized
1665977114,4180,state_change,BUSY,initialized
1665977114,1463,state_change,BUSY,initialized
1665977114,2884,state_change,AVAILABLE,initialized
1665977114,1870,state_change,AVAILABLE,initialized
1665977114,3134,state_change,AVAILABLE,initialized
1665977114,981,state_change,BUSY,initialized
1665977114,4199,state_change,BUSY,initialized
1665977114,1529,state_change,BUSY,initialized
1665977114,2155,state_change,BUSY,initialized
1665977114,93,state_change,AVAILABLE,initialized
1665977114,702,state_change,AVAILABLE,initialized
1665977114,2697,state_change,AVAILABLE,initialized
1665977114,625,state_change,BUSY,initialized
1665977114,2687,state_change,AVAILABLE,initialized
1665977114,2659,state_change,AVAILABLE,initialized
1665977114,2880,state_change,AVAILABLE,initialized
1665977114,1082,state_change,BUSY,initialized
1665977114,1095,state_change,BUSY,initialized
1665977114,2389,state_change,AVAILABLE,initialized
1665977114,1725,state_change,AVAILABLE,initialized
1665977114,2170,state_change,BUSY,initialized
1665977114,2321,state_change,BUSY,initialized
1665977114,3553,state_change,BUSY,initialized
1665977114,726,state_change,AVAILABLE,initialized
1665977114,1694,state_change,AVAILABLE,initialized
1665977114,5,state_change,BUSY,initialized
1665977114,2977,state_change,BUSY,initialized
1665977114,2196,state_change,AVAILABLE,initialized
1665977114,3053,state_change,AVAILABLE,initialized
1665977114,1908,state_change,BUSY,initialized
1665977114,4053,state_change,BUSY,initialized
1665977114,3966,state_change,BUSY,initialized
1665977114,663,state_change,BUSY,initialized
1665977114,855,state_change,AVAILABLE,initialized
1665977114,2678,state_change,BUSY,initialized
1665977114,1863,state_change,BUSY,initialized
1665977114,253,state_change,BUSY,initialized
1665977114,3840,state_change,BUSY,initialized
1665977114,170,state_change,AVAILABLE,initialized
1665977114,1227,state_change,BUSY,initialized
1665977114,106,state_change,AVAILABLE,initialized
1665977114,1797,state_change,BUSY,initialized
1665977114,2120,state_change,BUSY,initialized
1665977114,2112,state_change,BUSY,initialized
1665977114,491,state_change,BUSY,initialized
1665977114,461,state_change,BUSY,initialized
1665977114,2210,state_change,BUSY,initialized
1665977114,2078,state_change,BUSY,initialized
1665977114,4232,state_change,BUSY,initialized
1665977114,1931,state_change,AVAILABLE,initialized
1665977114,1254,state_change,BUSY,initialized
1665977114,3489,state_change,BUSY,initialized
1665977114,3711,state_change,BUSY,initialized
1665977114,477,state_change,BUSY,initialized
1665977114,4648,state_change,BUSY,initialized
1665977114,3958,state_change,AVAILABLE,initialized
1665977114,1226,state_change,BUSY,initialized
1665977114,18,state_change,BUSY,initialized
1665977114,1141,state_change,BUSY,initialized
1665977114,913,state_change,BUSY,initialized
1665977114,2716,state_change,BUSY,initialized
1665977114,114,state_change,AVAILABLE,initialized
1665977114,4221,state_change,AVAILABLE,initialized
1665977114,2039,state_change,AVAILABLE,initialized
1665977114,3206,state_change,BUSY,initialized
1665977114,456,state_change,BUSY,initialized
1665977114,3253,state_change,BUSY,initialized
1665977114,770,state_change,BUSY,initialized
1665977114,3532,state_change,AVAILABLE,initialized
1665977114,2510,state_change,BUSY,initialized
1665977114,1595,state_change,BUSY,initialized
1665977114,4139,state_change,AVAILABLE,initialized
1665977114,535,state_change,AVAILABLE,initialized
1665977114,915,state_change,BUSY,initialized
1665977114,291,state_change,BUSY,initialized
1665977114,2852,state_change,AVAILABLE,initialized
1665977114,2015,state_change,BUSY,initialized
1665977114,2725,state_change,BUSY,initialized
1665977114,1327,state_change,BUSY,initialized
1665977114,2636,state_change,AVAILABLE,initialized
1665977114,4490,state_change,BUSY,initialized
1665977114,3195,state_change,BUSY,initialized
1665977114,2960,state_change,BUSY,initialized
1665977114,976,state_change,BUSY,initialized
1665977114,3211,state_change,AVAILABLE,initialized
1665977114,2083,state_change,AVAILABLE,initialized
1665977114,1061,state_change,BUSY,initialized
1665977114,2707,state_change,BUSY,initialized
1665977114,1985,state_change,BUSY,initialized
1665977114,1053,state_change,BUSY,initialized
1665977114,3739,state_change,BUSY,initialized
1665977114,559,state_change,AVAILABLE,initialized
1665977114,958,state_change,BUSY,initialized
1665977114,1925,state_change,BUSY,initialized
1665977114,479,state_change,AVAILABLE,initialized
1665977114,3896,state_change,BUSY,initialized
1665977114,2754,state_change,AVAILABLE,initialized
1665977114,4595,state_change,BUSY,initialized
1665977114,1001,state_change,BUSY,initialized
1665977114,4508,state_change,BUSY,initialized
1665977114,4309,state_change,AVAILABLE,initialized
1665977114,4626,state_change,BUSY,initialized
1665977114,814,state_change,BUSY,initialized
1665977114,3909,state_change,AVAILABLE,initialized
1665977114,2430,state_change,BUSY,initialized
1665977114,2053,state_change,BUSY,initialized
1665977114,1309,state_change,BUSY,initialized
1665977114,4031,state_change,BUSY,initialized
1665977114,3223,state_change,BUSY,initialized
1665977114,3371,state_change,BUSY,initialized
1665977114,1017,state_change,BUSY,initialized
1665977114,4275,state_change,AVAILABLE,initialized
1665977114,1731,state_change,BUSY,initialized
1665977114,1901,state_change,AVAILABLE,initialized
1665977114,82,state_change,BUSY,initialized
1665977114,556,state_change,BUSY,initialized
1665977114,603,state_change,BUSY,initialized
1665977114,713,state_change,BUSY,initialized
1665977114,3474,state_change,BUSY,initialized
1665977114,3731,state_change,BUSY,initialized
1665977114,3233,state_change,BUSY,initialized
1665977114,4202,state_change,BUSY,initialized
1665977114,3095,state_change,BUSY,initialized
1665977114,759,state_change,AVAILABLE,initialized
1665977114,1101,state_change,BUSY,initialized
1665977114,3038,state_change,BUSY,initialized
1665977114,3565,state_change,BUSY,initialized
1665977114,296,state_change,BUSY,initialized
1665977114,3963,state_change,AVAILABLE,initialized
1665977114,1715,state_change,BUSY,initialized
1665977114,3697,state_change,BUSY,initialized
1665977114,3779,state_change,AVAILABLE,initialized
1665977114,3276,state_change,AVAILABLE,initialized
1665977114,3951,state_change,AVAILABLE,initialized
1665977114,2311,state_change,AVAILABLE,initialized
1665977114,2653,state_change,BUSY,initialized
1665977114,3047,state_change,BUSY,initialized
1665977114,3392,state_change,BUSY,initialized
1665977114,2471,state_change,BUSY,initialized
1665977114,2660,state_change,BUSY,initialized
1665977114,2578,state_change,BUSY,initialized
1665977114,1704,state_change,AVAILABLE,initialized
1665977114,3830,state_change,BUSY,initialized
1665977114,1400,state_change,AVAILABLE,initialized
1665977114,1441,state_change,BUSY,initialized
1665977114,4573,state_change,AVAILABLE,initialized
1665977114,4512,state_change,BUSY,initialized
1665977114,1000,state_change,BUSY,initialized
1665977114,1587,state_change,BUSY,initialized
1665977114,4279,state_change,AVAILABLE,initialized
1665977114,1056,state_change,BUSY,initialized
1665977114,401,state_change,BUSY,initialized
1665977114,2157,state_change,AVAILABLE,initialized
1665977114,375,state_change,BUSY,initialized
1665977114,1215,state_change,AVAILABLE,initialized
1665977114,870,state_change,BUSY,initialized
1665977114,4708,state_change,AVAILABLE,initialized
1665977114,1951,state_change,BUSY,initialized
1665977114,440,state_change,BUSY,initialized
1665977114,394,state_change,BUSY,initialized
1665977114,1079,state_change,BUSY,initialized
1665977114,2424,state_change,BUSY,initialized
1665977114,2106,state_change,BUSY,initialized
1665977114,4556,state_change,AVAILABLE,initialized
1665977114,534,state_change,AVAILABLE,initialized
1665977114,2728,state_change,AVAILABLE,initialized
1665977114,1453,state_change,BUSY,initialized
1665977114,4223,state_change,AVAILABLE,initialized
1665977114,136,state_change,AVAILABLE,initialized
1665977114,1401,state_change,BUSY,initialized
1665977114,3080,state_change,BUSY,initialized
1665977114,3093,state_change,AVAILABLE,initialized
1665977114,3159,state_change,BUSY,initialized
1665977114,624,state_change,BUSY,initialized
1665977114,79,state_change,BUSY,initialized
1665977114,736,state_change,BUSY,initialized
1665977114,3437,state_change,BUSY,initialized
1665977114,1292,state_change,BUSY,initialized
1665977114,2063,state_change,BUSY,initialized
1665977114,1040,state_change,BUSY,initialized
1665977114,1876,state_change,BUSY,initialized
1665977114,2370,state_change,BUSY,initialized
1665977114,1764,state_change,AVAILABLE,initialized
1665977114,1486,state_change,BUSY,initialized
1665977114,1228,state_change,BUSY,initialized
1665977114,857,state_change,BUSY,initialized
1665977114,3297,state_change,BUSY,initialized
1665977114,1266,state_change,BUSY,initialized
1665977114,2071,state_change,BUSY,initialized
1665977114,2037,state_change,BUSY,initialized
1665977114,3955,state_change,AVAILABLE,initialized
1665977114,1140,state_change,AVAILABLE,initialized
1665977114,61,state_change,BUSY,initialized
1665977114,3980,state_change,AVAILABLE,initialized
1665977114,416,state_change,BUSY,initialized
1665977114,246,state_change,BUSY,initialized
1665977114,4449,state_change,BUSY,initialized
1665977114,2,state_change,BUSY,initialized
1665977114,755,state_change,BUSY,initialized
1665977114,2495,state_change,BUSY,initialized
1665977114,3919,state_change,AVAILABLE,initialized
1665977114,3171,state_change,AVAILABLE,initialized
1665977114,1485,state_change,BUSY,initialized
1665977114,118,state_change,BUSY,initialized
1665977114,3238,state_change,BUSY,initialized
1665977114,3748,state_change,AVAILABLE,initialized
1665977114,4376,state_change,BUSY,initialized
1665977114,1632,state_change,AVAILABLE,initialized
1665977114,238,state_change,AVAILABLE,initialized
1665977114,387,state_change,AVAILABLE,initialized
1665977114,2085,state_change,BUSY,initialized
1665977114,3882,state_change,BUSY,initialized
1665977114,2084,state_change,BUSY,initialized
1665977114,3634,state_change,AVAILABLE,initialized
1665977114,1684,state_change,BUSY,initialized
1665977114,4042,state_change,BUSY,initialized
1665977114,1563,state_change,BUSY,initialized
1665977114,4288,state_change,BUSY,initialized
1665977114,158,state_change,AVAILABLE,initialized
1665977114,3662,state_change,BUSY,initialized
1665977114,3174,state_change,BUSY,initialized
1665977114,1133,state_change,BUSY,initialized
1665977114,3723,state_change,BUSY,initialized
1665977114,59,state_change,BUSY,initialized
1665977114,1276,state_change,AVAILABLE,initialized
1665977114,881,state_change,BUSY,initialized
1665977114,1286,state_change,BUSY,initialized
1665977114,853,state_change,BUSY,initialized
1665977114,1016,state_change,BUSY,initialized
1665977114,3424,state_change,BUSY,initialized
1665977114,830,state_change,BUSY,initialized
1665977114,2696,state_change,BUSY,initialized
1665977114,4509,state_change,BUSY,initialized
1665977114,1253,state_change,BUSY,initialized
1665977114,3121,state_change,AVAILABLE,initialized
1665977114,2054,state_change,AVAILABLE,initialized
1665977114,2839,state_change,AVAILABLE,initialized
1665977114,3975,state_change,BUSY,initialized
1665977114,2825,state_change,BUSY,initialized
1665977114,1781,state_change,BUSY,initialized
1665977114,2312,state_change,BUSY,initialized
1665977114,507,state_change,BUSY,initialized
1665977114,1242,state_change,BUSY,initialized
1665977114,3456,state_change,BUSY,initialized
1665977114,931,state_change,BUSY,initialized
1665977114,3298,state_change,AVAILABLE,initialized
1665977114,1910,state_change,BUSY,initialized
1665977114,4095,state_change,AVAILABLE,initialized
1665977114,1601,state_change,BUSY,initialized
1665977114,1094,state_change,AVAILABLE,initialized
1665977114,3614,state_change,BUSY,initialized
1665977114,564,state_change,AVAILABLE,initialized
1665977114,2681,state_change,BUSY,initialized
1665977114,2967,state_change,BUSY,initialized
1665977114,2052,state_change,BUSY,initialized
1665977114,3519,state_change,BUSY,initialized
1665977114,1384,state_change,BUSY,initialized
1665977114,3712,state_change,BUSY,initialized
1665977114,737,state_change,BUSY,initialized
1665977114,17,state_change,AVAILABLE,initialized
1665977114,248,state_change,BUSY,initialized
1665977114,1305,state_change,AVAILABLE,initialized
1665977114,1204,state_change,AVAILABLE,initialized
1665977114,877,state_change,AVAILABLE,initialized
1665977114,2610,state_change,BUSY,initialized
1665977114,2577,state_change,BUSY,initialized
1665977114,3146,state_change,BUSY,initialized
1665977114,3729,state_change,BUSY,initialized
1665977114,2807,state_change,BUSY,initialized
1665977114,488,state_change,AVAILABLE,initialized
1665977114,1451,state_change,BUSY,initialized
1665977114,3721,state_change,BUSY,initialized
1665977114,4280,state_change,BUSY,initialized
1665977114,4803,state_change,AVAILABLE,initialized
1665977114,2661,state_change,BUSY,initialized
1665977114,3514,state_change,BUSY,initialized
1665977114,4218,state_change,AVAILABLE,initialized
1665977114,2456,state_change,BUSY,initialized
1665977114,3682,state_change,BUSY,initialized
1665977114,1858,state_change,BUSY,initialized
1665977114,891,state_change,AVAILABLE,initialized
1665977114,1014,state_change,BUSY,initialized
1665977114,1947,state_change,BUSY,initialized
1665977114,2798,state_change,AVAILABLE,initialized
1665977114,2552,state_change,BUSY,initialized
1665977114,2496,state_change,AVAILABLE,initialized
1665977114,167,state_change,BUSY,initialized
1665977114,1221,state_change,BUSY,initialized
1665977114,1114,state_change,BUSY,initialized
1665977114,2357,state_change,AVAILABLE,initialized
1665977114,1250,state_change,BUSY,initialized
1665977114,730,state_change,BUSY,initialized
1665977114,3482,state_change,BUSY,initialized
1665977114,4481,state_change,BUSY,initialized
1665977114,4404,state_change,BUSY,initialized
1665977114,2176,state_change,BUSY,initialized
1665977114,2992,state_change,BUSY,initialized
1665977114,2397,state_change,BUSY,initialized
1665977114,849,state_change,BUSY,initialized
1665977114,1418,state_change,AVAILABLE,initialized
1665977114,3600,state_change,BUSY,initialized
1665977114,868,state_change,BUSY,initialized
1665977114,526,state_change,BUSY,initialized
1665977114,2877,state_change,BUSY,initialized
1665977114,4208,state_change,AVAILABLE,initialized
1665977114,2792,state_change,BUSY,initialized
1665977114,46,state_change,BUSY,initialized
1665977114,2878,state_change,BUSY,initialized
1665977114,2964,state_change,BUSY,initialized
1665977114,1010,state_change,BUSY,initialized
1665977114,4696,state_change,AVAILABLE,initialized
1665977114,2450,state_change,BUSY,initialized
1665977114,239,state_change,BUSY,initialized
1665977114,3290,state_change,BUSY,initialized
1665977114,4029,state_change,AVAILABLE,initialized
1665977114,1125,state_change,BUSY,initialized
1665977114,1272,state_change,BUSY,initialized
1665977114,1559,state_change,AVAILABLE,initialized
1665977114,2899,state_change,BUSY,initialized
1665977114,4325,state_change,AVAILABLE,initialized
1665977114,2208,state_change,BUSY,initialized
1665977114,2350,state_change,BUSY,initialized
1665977114,1534,state_change,BUSY,initialized
1665977114,708,state_change,BUSY,initialized
1665977114,3011,state_change,BUSY,initialized
1665977114,4332,state_change,AVAILABLE,initialized
1665977114,2723,state_change,AVAILABLE,initialized
1665977114,1426,state_change,BUSY,initialized
1665977114,421,state_change,BUSY,initialized
1665977114,95,state_change,BUSY,initialized
1665977114,2538,state_change,BUSY,initialized
1665977114,1,state_change,BUSY,initialized
1665977114,3982,state_change,BUSY,initialized
1665977114,2258,state_change,BUSY,initialized
1665977114,4899,state_change,AVAILABLE,initialized
1665977114,2088,state_change,BUSY,initialized
1665977114,1167,state_change,BUSY,initialized
1665977114,2995,state_change,BUSY,initialized
1665977114,780,state_change,BUSY,initialized
1665977114,3823,state_change,AVAILABLE,initialized
1665977114,2572,state_change,BUSY,initialized
1665977114,536,state_change,BUSY,initialized
1665977114,917,state_change,AVAILABLE,initialized
1665977114,2404,state_change,BUSY,initialized
1665977114,414,state_change,BUSY,initialized
1665977114,2558,state_change,AVAILABLE,initialized
1665977114,1236,state_change,AVAILABLE,initialized
1665977114,3088,state_change,BUSY,initialized
1665977114,1136,state_change,BUSY,initialized
1665977114,2336,state_change,BUSY,initialized
1665977114,1733,state_change,BUSY,initialized
1665977114,1468,state_change,BUSY,initialized
1665977114,1670,state_change,BUSY,initialized
1665977114,2136,state_change,BUSY,initialized
1665977114,3503,state_change,BUSY,initialized
1665977114,4242,state_change,BUSY,initialized
1665977114,3730,state_change,BUSY,initialized
1665977114,4554,state_change,AVAILABLE,initialized
1665977114,3750,state_change,AVAILABLE,initialized
1665977114,941,state_change,AVAILABLE,initialized
1665977114,3426,state_change,BUSY,initialized
1665977114,428,state_change,BUSY,initialized
1665977114,1346,state_change,AVAILABLE,initialized
1665977114,501,state_change,AVAILABLE,initialized
1665977114,892,state_change,BUSY,initialized
1665977114,37,state_change,BUSY,initialized
1665977114,1953,state_change,AVAILABLE,initialized
1665977114,972,state_change,BUSY,initialized
1665977114,57,state_change,BUSY,initialized
1665977114,3674,state_change,AVAILABLE,initialized
1665977114,88,state_change,AVAILABLE,initialized
1665977114,3315,state_change,AVAILABLE,initialized
1665977114,1225,state_change,BUSY,initialized
1665977114,494,state_change,BUSY,initialized
1665977114,4501,state_change,AVAILABLE,initialized
1665977114,600,state_change,BUSY,initialized
1665977114,1811,state_change,BUSY,initialized
1665977114,4319,state_change,BUSY,initialized
1665977114,677,state_change,BUSY,initialized
1665977114,2551,state_change,BUSY,initialized
1665977114,692,state_change,AVAILABLE,initialized
1665977114,3139,state_change,BUSY,initialized
1665977114,2331,state_change,BUSY,initialized
1665977114,329,state_change,AVAILABLE,initialized
1665977114,910,state_change,AVAILABLE,initialized
1665977114,900,state_change,AVAILABLE,initialized
1665977114,716,state_change,AVAILABLE,initialized
1665977114,2733,state_change,BUSY,initialized
1665977114,2271,state_change,BUSY,initialized
1665977114,1991,state_change,BUSY,initialized
1665977114,571,state_change,BUSY,initialized
1665977114,1240,state_change,BUSY,initialized
1665977114,2165,state_change,BUSY,initialized
1665977114,4386,state_change,BUSY,initialized
1665977114,1976,state_change,AVAILABLE,initialized
1665977114,2432,state_change,BUSY,initialized
1665977114,223,state_change,BUSY,initialized
1665977114,3184,state_change,AVAILABLE,initialized
1665977114,4646,state_change,BUSY,initialized
1665977114,1734,state_change,BUSY,initialized
1665977114,2081,state_change,AVAILABLE,initialized
1665977114,782,state_change,AVAILABLE,initialized
1665977114,422,state_change,BUSY,initialized
1665977114,2569,state_change,BUSY,initialized
1665977114,157,state_change,BUSY,initialized
1665977114,3103,state_change,BUSY,initialized
1665977114,4292,state_change,BUSY,initialized
1665977114,2206,state_change,BUSY,initialized
1665977114,358,state_change,BUSY,initialized
1665977114,2735,state_change,AVAILABLE,initialized
1665977114,1681,state_change,BUSY,initialized
1665977114,848,state_change,BUSY,initialized
1665977114,3660,state_change,BUSY,initialized
1665977114,1813,state_change,AVAILABLE,initialized
1665977114,1663,state_change,BUSY,initialized
1665977114,3494,state_change,BUSY,initialized
1665977114,4367,state_change,AVAILABLE,initialized
1665977114,991,state_change,AVAILABLE,initialized
1665977114,2771,state_change,BUSY,initialized
1665977114,1875,state_change,BUSY,initialized
1665977114,160,state_change,BUSY,initialized
1665977114,611,state_change,BUSY,initialized
1665977114,2207,state_change,BUSY,initialized
1665977114,47,state_change,AVAILABLE,initialized
1665977114,3689,state_change,BUSY,initialized
1665977114,1113,state_change,BUSY,initialized
1665977114,407,state_change,BUSY,initialized
1665977114,2968,state_change,BUSY,initialized
1665977114,1410,state_change,AVAILABLE,initialized
1665977114,2038,state_change,AVAILABLE,initialized
1665977114,987,state_change,AVAILABLE,initialized
1665977114,330,state_change,BUSY,initialized
1665977114,3251,state_change,BUSY,initialized
1665977114,214,state_change,BUSY,initialized
1665977114,4002,state_change,AVAILABLE,initialized
1665977114,1077,state_change,BUSY,initialized
1665977114,202,state_change,BUSY,initialized
1665977114,4504,state_change,AVAILABLE,initialized
1665977114,946,state_change,BUSY,initialized
1665977114,2383,state_change,AVAILABLE,initialized
1665977114,2805,state_change,BUSY,initialized
1665977114,493,state_change,AVAILABLE,initialized
1665977114,2518,state_change,AVAILABLE,initialized
1665977114,1625,state_change,BUSY,initialized
1665977114,144,state_change,AVAILABLE,initialized
1665977114,2532,state_change,BUSY,initialized
1665977114,3101,state_change,BUSY,initialized
1665977114,2224,state_change,BUSY,initialized
1665977114,1007,state_change,BUSY,initialized
1665977114,402,state_change,AVAILABLE,initialized
1665977114,538,state_change,BUSY,initialized
1665977114,368,state_change,AVAILABLE,initialized
1665977114,2786,state_change,AVAILABLE,initialized
1665977114,3719,state_change,BUSY,initialized
1665977114,817,state_change,BUSY,initialized
1665977114,2939,state_change,BUSY,initialized
1665977114,1273,state_change,AVAILABLE,initialized
1665977114,4020,state_change,AVAILABLE,initialized
1665977114,3245,state_change,BUSY,initialized
1665977114,3523,state_change,AVAILABLE,initialized
1665977114,2806,state_change,BUSY,initialized
1665977114,1719,state_change,AVAILABLE,initialized
1665977114,1198,state_change,AVAILABLE,initialized
1665977114,2190,state_change,BUSY,initialized
1665977114,297,state_change,AVAILABLE,initialized
1665977114,744,state_change,BUSY,initialized
1665977114,4537,state_change,BUSY,initialized
1665977114,1408,state_change,BUSY,initialized
1665977114,2434,state_change,BUSY,initialized
1665977114,1145,state_change,BUSY,initialized
1665977114,1287,state_change,BUSY,initialized
1665977114,2127,state_change,AVAILABLE,initialized
1665977114,861,state_change,BUSY,initialized
1665977114,790,state_change,BUSY,initialized
1665977114,3017,state_change,BUSY,initialized
1665977114,510,state_change,BUSY,initialized
1665977114,1530,state_change,BUSY,initialized
1665977114,593,state_change,BUSY,initialized
1665977114,2675,state_change,BUSY,initialized
1665977114,1318,state_change,BUSY,initialized
1665977114,4019,state_change,BUSY,initialized
1665977114,1296,state_change,BUSY,initialized
1665977114,1740,state_change,BUSY,initialized
1665977114,3715,state_change,BUSY,initialized
1665977114,1028,state_change,BUSY,initialized
1665977114,1460,state_change,BUSY,initialized
1665977114,3071,state_change,AVAILABLE,initialized
1665977114,916,state_change,AVAILABLE,initialized
1665977114,739,state_change,BUSY,initialized
1665977114,796,state_change,BUSY,initialized
1665977114,2355,state_change,BUSY,initialized
1665977114,3158,state_change,BUSY,initialized
1665977114,1474,state_change,BUSY,initialized
1665977114,3522,state_change,BUSY,initialized
1665977114,4216,state_change,AVAILABLE,initialized
1665977114,211,state_change,BUSY,initialized
1665977114,191,state_change,BUSY,initialized
1665977114,91,state_change,BUSY,initialized
1665977114,3385,state_change,BUSY,initialized
1665977114,732,state_change,BUSY,initialized
1665977114,583,state_change,AVAILABLE,initialized
1665977114,2979,state_change,BUSY,initialized
1665977114,1168,state_change,AVAILABLE,initialized
1665977114,3165,state_change,AVAILABLE,initialized
1665977114,1660,state_change,BUSY,initialized
1665977114,3302,state_change,BUSY,initialized
1665977114,4300,state_change,BUSY,initialized
1665977114,997,state_change,BUSY,initialized
1665977114,4175,state_change,AVAILABLE,initialized
1665977114,58,state_change,AVAILABLE,initialized
1665977114,767,state_change,BUSY,initialized
1665977114,4262,state_change,BUSY,initialized
1665977114,116,state_change,BUSY,initialized
1665977114,244,state_change,BUSY,initialized
1665977114,1150,state_change,BUSY,initialized
1665977114,331,state_change,AVAILABLE,initialized
1665977114,2970,state_change,AVAILABLE,initialized
1665977114,4170,state_change,BUSY,initialized
1665977114,2801,state_change,BUSY,initialized
1665977114,703,state_change,BUSY,initialized
1665977114,2345,state_change,BUSY,initialized
1665977114,4482,state_change,BUSY,initialized
1665977114,3827,state_change,AVAILABLE,initialized
1665977114,137,state_change,BUSY,initialized
1665977114,999,state_change,BUSY,initialized
1665977114,97,state_change,BUSY,initialized
1665977114,1727,state_change,AVAILABLE,initialized
1665977114,3625,state_change,BUSY,initialized
1665977114,3408,state_change,AVAILABLE,initialized
1665977114,1302,state_change,AVAILABLE,initialized
1665977114,2435,state_change,BUSY,initialized
1665977114,1581,state_change,BUSY,initialized
1665977114,2105,state_change,BUSY,initialized
1665977114,2742,state_change,BUSY,initialized
1665977114,1279,state_change,AVAILABLE,initialized
1665977114,309,state_change,AVAILABLE,initialized
1665977114,2172,state_change,BUSY,initialized
1665977114,1826,state_change,BUSY,initialized
1665977114,173,state_change,AVAILABLE,initialized
1665977114,3616,state_change,BUSY,initialized
1665977114,1157,state_change,BUSY,initialized
1665977114,517,state_change,BUSY,initialized
1665977114,2671,state_change,BUSY,initialized
1665977114,914,state_change,BUSY,initialized
1665977114,146,state_change,BUSY,initialized
1665977114,2876,state_change,BUSY,initialized
1665977114,2343,state_change,BUSY,initialized
1665977114,772,state_change,BUSY,initialized
1665977114,83,state_change,BUSY,initialized
1665977114,714,state_change,BUSY,initialized
1665977114,795,state_change,BUSY,initialized
1665977114,1097,state_change,BUSY,initialized
1665977114,452,state_change,BUSY,initialized
1665977114,294,state_change,BUSY,initialized
1665977114,62,state_change,BUSY,initialized
1665977114,1419,state_change,BUSY,initialized
1665977114,2557,state_change,BUSY,initialized
1665977114,86,state_change,BUSY,initialized
1665977114,1739,state_change,BUSY,initialized
1665977114,820,state_change,BUSY,initialized
1665977114,1831,state_change,AVAILABLE,initialized
1665977114,3965,state_change,AVAILABLE,initialized
1665977114,996,state_change,BUSY,initialized
1665977114,1208,state_change,BUSY,initialized
1665977114,419,state_change,BUSY,initialized
1665977114,741,state_change,AVAILABLE,initialized
1665977114,580,state_change,BUSY,initialized
1665977114,3509,state_change,AVAILABLE,initialized
1665977114,2197,state_change,BUSY,initialized
1665977114,2454,state_change,AVAILABLE,initialized
1665977114,2809,state_change,BUSY,initialized
1665977114,3668,state_change,AVAILABLE,initialized
1665977114,4101,state_change,BUSY,initialized
1665977114,2086,state_change,BUSY,initialized
1665977114,1721,state_change,AVAILABLE,initialized
1665977114,1892,state_change,BUSY,initialized
1665977114,1700,state_change,BUSY,initialized
1665977114,2613,state_change,BUSY,initialized
1665977114,2522,state_change,BUSY,initialized
1665977114,794,state_change,BUSY,initialized
1665977114,3762,state_change,BUSY,initialized
1665977114,1602,state_change,BUSY,initialized
1665977114,769,state_change,BUSY,initialized
1665977114,92,state_change,BUSY,initialized
1665977114,4185,state_change,AVAILABLE,initialized
1665977114,3279,state_change,AVAILABLE,initialized
1665977114,2900,state_change,BUSY,initialized
1665977114,283,state_change,AVAILABLE,initialized
1665977114,226,state_change,AVAILABLE,initialized
1665977114,2213,state_change,BUSY,initialized
1665977114,162,state_change,AVAILABLE,initialized
1665977114,465,state_change,AVAILABLE,initialized
1665977114,3429,state_change,BUSY,initialized
1665977114,352,state_change,BUSY,initialized
1665977114,1216,state_change,BUSY,initialized
1665977114,3487,state_change,BUSY,initialized
1665977114,237,state_change,BUSY,initialized
1665977114,1507,state_change,BUSY,initialized
1665977114,4483,state_change,AVAILABLE,initialized
1665977114,3277,state_change,BUSY,initialized
1665977114,1835,state_change,BUSY,initialized
1665977114,1308,state_change,AVAILABLE,initialized
1665977114,1466,state_change,BUSY,initialized
1665977114,1655,state_change,AVAILABLE,initialized
1665977114,1746,state_change,BUSY,initialized
1665977114,279,state_change,BUSY,initialized
1665977114,265,state_change,AVAILABLE,initialized
1665977114,3942,state_change,BUSY,initialized
1665977114,4381,state_change,BUSY,initialized
1665977114,1795,state_change,AVAILABLE,initialized
1665977114,2663,state_change,AVAILABLE,initialized
1665977114,232,state_change,BUSY,initialized
1665977114,1911,state_change,BUSY,initialized
1665977114,3283,state_change,BUSY,initialized
1665977114,208,state_change,BUSY,initialized
1665977114,266,state_change,AVAILABLE,initialized
1665977114,1527,state_change,AVAILABLE,initialized
1665977114,3716,state_change,BUSY,initialized
1665977114,38,state_change,BUSY,initialized
1665977114,3720,state_change,AVAILABLE,initialized
1665977114,1777,state_change,BUSY,initialized
1665977114,1557,state_change,BUSY,initialized
1665977114,1086,state_change,BUSY,initialized
1665977114,4204,state_change,BUSY,initialized
1665977114,912,state_change,BUSY,initialized
1665977114,3497,state_change,BUSY,initialized
1665977114,454,state_change,AVAILABLE,initialized
1665977114,1702,state_change,AVAILABLE,initialized
1665977114,2799,state_change,AVAILABLE,initialized
1665977114,1100,state_change,BUSY,initialized
1665977114,1593,state_change,BUSY,initialized
1665977114,2260,state_change,AVAILABLE,initialized
1665977114,3677,state_change,BUSY,initialized
1665977114,176,state_change,BUSY,initialized
1665977114,222,state_change,BUSY,initialized
1665977114,1129,state_change,AVAILABLE,initialized
1665977114,2126,state_change,BUSY,initialized
1665977114,2573,state_change,BUSY,initialized
1665977114,2695,state_change,BUSY,initialized
1665977114,2192,state_change,AVAILABLE,initialized
1665977114,872,state_change,BUSY,initialized
1665977114,522,state_change,BUSY,initialized
1665977114,2980,state_change,AVAILABLE,initialized
1665977114,370,state_change,AVAILABLE,initialized
1665977114,2162,state_change,BUSY,initialized
1665977114,2892,state_change,BUSY,initialized
1665977114,3160,state_change,AVAILABLE,initialized
1665977114,13,state_change,BUSY,initialized
1665977114,1241,state_change,AVAILABLE,initialized
1665977114,2301,state_change,BUSY,initialized
1665977114,674,state_change,BUSY,initialized
1665977114,161,state_change,BUSY,initialized
1665977114,3680,state_change,BUSY,initialized
1665977114,328,state_change,AVAILABLE,initialized
1665977114,3953,state_change,BUSY,initialized
1665977114,183,state_change,AVAILABLE,initialized
1665977114,792,state_change,BUSY,initialized
1665977114,2581,state_change,BUSY,initialized
1665977114,2709,state_change,BUSY,initialized
1665977114,4,state_change,BUSY,initialized
1665977114,2145,state_change,BUSY,initialized
1665977114,829,state_change,BUSY,initialized
1665977114,3167,state_change,BUSY,initialized
1665977114,76,state_change,BUSY,initialized
1665977114,604,state_change,BUSY,initialized
1665977114,797,state_change,AVAILABLE,initialized
1665977114,2460,state_change,AVAILABLE,initialized
1665977114,2069,state_change,BUSY,initialized
1665977114,998,state_change,BUSY,initialized
1665977114,105,state_change,BUSY,initialized
1665977114,4201,state_change,BUSY,initialized
1665977114,1600,state_change,BUSY,initialized
1665977114,646,state_change,AVAILABLE,initialized
1665977114,1298,state_change,BUSY,initialized
1665977114,165,state_change,BUSY,initialized
1665977114,218,state_change,BUSY,initialized
1665977114,1787,state_change,BUSY,initialized
1665977114,1376,state_change,BUSY,initialized
1665977114,4429,state_change,AVAILABLE,initialized
1665977114,3332,state_change,BUSY,initialized
1665977114,3010,state_change,BUSY,initialized
1665977114,1277,state_change,BUSY,initialized
1665977114,1343,state_change,BUSY,initialized
1665977114,67,state_change,BUSY,initialized
1665977114,2201,state_change,BUSY,initialized
1665977114,2507,state_change,BUSY,initialized
1665977114,2722,state_change,BUSY,initialized
1665977114,140,state_change,BUSY,initialized
1665977114,1104,state_change,BUSY,initialized
1665977114,1912,state_change,BUSY,initialized
1665977114,112,state_change,BUSY,initialized
1665977114,3384,state_change,BUSY,initialized
1665977114,509,state_change,AVAILABLE,initialized
1665977114,3197,state_change,AVAILABLE,initialized
1665977114,2509,state_change,AVAILABLE,initialized
1665977114,959,state_change,BUSY,initialized
1665977114,125,state_change,BUSY,initialized
1665977114,4694,state_change,AVAILABLE,initialized
1665977114,2070,state_change,BUSY,initialized
1665977114,1358,state_change,BUSY,initialized
1665977114,4141,state_change,BUSY,initialized
1665977114,1258,state_change,BUSY,initialized
1665977114,4843,state_change,BUSY,initialized
1665977114,2318,state_change,AVAILABLE,initialized
1665977114,1314,state_change,AVAILABLE,initialized
1665977114,3753,state_change,BUSY,initialized
1665977114,2635,state_change,BUSY,initialized
1665977114,1275,state_change,BUSY,initialized
1665977114,3537,state_change,BUSY,initialized
1665977114,3744,state_change,AVAILABLE,initialized
1665977114,250,state_change,AVAILABLE,initialized
1665977114,2623,state_change,BUSY,initialized
1665977114,85,state_change,BUSY,initialized
1665977114,1169,state_change,AVAILABLE,initialized
1665977114,2897,state_change,BUSY,initialized
1665977114,2004,state_change,BUSY,initialized
1665977114,2794,state_change,BUSY,initialized
1665977114,569,state_change,BUSY,initialized
1665977114,3859,state_change,BUSY,initialized
1665977114,1944,state_change,BUSY,initialized
1665977114,3478,state_change,BUSY,initialized
1665977114,3554,state_change,BUSY,initialized
1665977114,3179,state_change,BUSY,initialized
1665977114,2188,state_change,BUSY,initialized
1665977114,3799,state_change,BUSY,initialized
1665977114,73,state_change,BUSY,initialized
1665977114,754,state_change,BUSY,initialized
1665977114,1096,state_change,BUSY,initialized
1665977114,1688,state_change,BUSY,initialized
1665977114,4179,state_change,BUSY,initialized
1665977114,3340,state_change,BUSY,initialized
1665977114,81,state_change,BUSY,initialized
1665977114,1142,state_change,BUSY,initialized
1665977114,2074,state_change,BUSY,initialized
1665977114,671,state_change,AVAILABLE,initialized
1665977114,2785,state_change,BUSY,initialized
1665977114,3016,state_change,BUSY,initialized
1665977114,2714,state_change,BUSY,initialized
1665977114,734,state_change,BUSY,initialized
1665977114,1696,state_change,BUSY,initialized
1665977114,2621,state_change,BUSY,initialized
1665977114,365,state_change,BUSY,initialized
1665977114,3094,state_change,BUSY,initialized
1665977114,1232,state_change,BUSY,initialized
1665977114,2234,state_change,AVAILABLE,initialized
1665977114,1042,state_change,AVAILABLE,initialized
1665977114,216,state_change,BUSY,initialized
1665977114,469,state_change,AVAILABLE,initialized
1665977114,4108,state_change,AVAILABLE,initialized
1665977114,4207,state_change,BUSY,initialized
1665977114,587,state_change,BUSY,initialized
1665977114,1622,state_change,BUSY,initialized
1665977114,3451,state_change,BUSY,initialized
1665977114,4837,state_change,AVAILABLE,initialized
1665977114,2048,state_change,BUSY,initialized
1665977114,3137,state_change,BUSY,initialized
1665977114,813,state_change,BUSY,initialized
1665977114,3119,state_change,BUSY,initialized
1665977114,1930,state_change,BUSY,initialized
1665977114,1219,state_change,BUSY,initialized
1665977114,925,state_change,BUSY,initialized
1665977114,2315,state_change,BUSY,initialized
1665977114,2183,state_change,BUSY,initialized
1665977114,565,state_change,BUSY,initialized
1665977114,2893,state_change,BUSY,initialized
1665977114,2708,state_change,BUSY,initialized
1665977114,816,state_change,BUSY,initialized
1665977114,278,state_change,AVAILABLE,initialized
1665977114,19,state_change,BUSY,initialized
1665977114,2555,state_change,AVAILABLE,initialized
1665977114,1756,state_change,AVAILABLE,initialized
1665977114,1093,state_change,BUSY,initialized
1665977114,268,state_change,BUSY,initialized
1665977114,2938,state_change,BUSY,initialized
1665977114,3292,state_change,BUSY,initialized
1665977114,557,state_change,BUSY,initialized
1665977114,1577,state_change,BUSY,initialized
1665977114,3031,state_change,BUSY,initialized
1665977114,634,state_change,AVAILABLE,initialized
1665977114,29,state_change,AVAILABLE,initialized
1665977114,3813,state_change,BUSY,initialized
1665977114,4007,state_change,BUSY,initialized
1665977114,425,state_change,BUSY,initialized
1665977114,4017,state_change,AVAILABLE,initialized
1665977114,2100,state_change,AVAILABLE,initialized
1665977114,1691,state_change,BUSY,initialized
1665977114,3100,state_change,BUSY,initialized
1665977114,584,state_change,AVAILABLE,initialized
1665977114,1367,state_change,AVAILABLE,initialized
1665977114,4091,state_change,BUSY,initialized
1665977114,1711,state_change,BUSY,initialized
1665977114,1922,state_change,AVAILABLE,initialized
1665977114,3579,state_change,BUSY,initialized
1665977114,2468,state_change,BUSY,initialized
1665977114,134,state_change,BUSY,initialized
1665977114,939,state_change,BUSY,initialized
1665977114,1281,state_change,BUSY,initialized
1665977114,1511,state_change,BUSY,initialized
1665977114,3825,state_change,BUSY,initialized
1665977114,2323,state_change,BUSY,initialized
1665977114,3536,state_change,AVAILABLE,initialized
1665977114,115,state_change,BUSY,initialized
1665977114,1751,state_change,AVAILABLE,initialized
1665977114,498,state_change,BUSY,initialized
1665977114,2503,state_change,BUSY,initialized
1665977114,1642,state_change,BUSY,initialized
1665977114,3935,state_change,BUSY,initialized
1665977114,3737,state_change,BUSY,initialized
1665977114,1760,state_change,AVAILABLE,initialized
1665977114,1246,state_change,BUSY,initialized
1665977114,1515,state_change,AVAILABLE,initialized
1665977114,4752,state_change,AVAILABLE,initialized
1665977114,25,state_change,BUSY,initialized
1665977114,764,state_change,AVAILABLE,initialized
1665977114,2058,state_change,AVAILABLE,initialized
1665977114,2887,state_change,AVAILABLE,initialized
1665977114,1457,state_change,AVAILABLE,initialized
1665977114,623,state_change,BUSY,initialized
1665977114,3313,state_change,BUSY,initialized
1665977114,2458,state_change,BUSY,initialized
1665977114,1538,state_change,AVAILABLE,initialized
1665977114,1788,state_change,BUSY,initialized
1665977114,90,state_change,BUSY,initialized
1665977114,2567,state_change,BUSY,initialized
1665977114,3476,state_change,BUSY,initialized
1665977114,388,state_change,AVAILABLE,initialized
1665977114,3170,state_change,AVAILABLE,initialized
1665977114,2141,state_change,AVAILABLE,initialized
1665977114,1423,state_change,AVAILABLE,initialized
1665977114,1235,state_change,AVAILABLE,initialized
1665977114,3752,state_change,BUSY,initialized
1665977114,1473,state_change,BUSY,initialized
1665977114,1229,state_change,BUSY,initialized
1665977114,3517,state_change,BUSY,initialized
1665977114,2797,state_change,AVAILABLE,initialized
1665977114,1465,state_change,BUSY,initialized
1665977114,2989,state_change,BUSY,initialized
1665977114,1638,state_change,BUSY,initialized
1665977114,4582,state_change,BUSY,initialized
1665977114,643,state_change,BUSY,initialized
1665977114,2364,state_change,BUSY,initialized
1665977114,4538,state_change,BUSY,initialized
1665977114,3552,state_change,AVAILABLE,initialized
1665977114,2998,state_change,BUSY,initialized
1665977114,188,state_change,BUSY,initialized
1665977114,3694,state_change,BUSY,initialized
1665977114,1794,state_change,AVAILABLE,initialized
1665977114,2249,state_change,AVAILABLE,initialized
1665977114,2566,state_change,BUSY,initialized
1665977114,33,state_change,BUSY,initialized
1665977114,3568,state_change,AVAILABLE,initialized
1665977114,2008,state_change,BUSY,initialized
1665977114,2598,state_change,BUSY,initialized
1665977114,2622,state_change,BUSY,initialized
1665977114,2448,state_change,BUSY,initialized
1665977114,4543,state_change,AVAILABLE,initialized
1665977114,2638,state_change,BUSY,initialized
1665977114,3533,state_change,BUSY,initialized
1665977114,3280,state_change,BUSY,initialized
1665977114,832,state_change,AVAILABLE,initialized
1665977114,327,state_change,BUSY,initialized
1665977114,971,state_change,BUSY,initialized
1665977114,1319,state_change,AVAILABLE,initialized
1665977114,381,state_change,BUSY,initialized
1665977114,582,state_change,BUSY,initialized
1665977114,40,state_change,AVAILABLE,initialized
1665977114,4765,state_change,BUSY,initialized
1665977114,2009,state_change,BUSY,initialized
1665977114,432,state_change,BUSY,initialized
1665977114,126,state_change,BUSY,initialized
1665977114,2617,state_change,AVAILABLE,initialized
1665977114,1085,state_change,BUSY,initialized
1665977114,1779,state_change,BUSY,initialized
1665977114,2171,state_change,AVAILABLE,initialized
1665977114,1932,state_change,BUSY,initialized
1665977114,4054,state_change,BUSY,initialized
1665977114,3771,state_change,AVAILABLE,initialized
1665977114,1864,state_change,AVAILABLE,initialized
1665977114,1237,state_change,AVAILABLE,initialized
1665977114,4410,state_change,BUSY,initialized
1665977114,1558,state_change,AVAILABLE,initialized
1665977114,3815,state_change,BUSY,initialized
1665977114,187,state_change,AVAILABLE,initialized
1665977114,3597,state_change,BUSY,initialized
1665977114,377,state_change,BUSY,initialized
1665977114,1379,state_change,BUSY,initialized
1665977114,2996,state_change,BUSY,initialized
1665977114,495,state_change,AVAILABLE,initialized
1665977114,3572,state_change,AVAILABLE,initialized
1665977114,775,state_change,AVAILABLE,initialized
1665977114,2091,state_change,BUSY,initialized
1665977114,3824,state_change,BUSY,initialized
1665977114,1830,state_change,BUSY,initialized
1665977114,2324,state_change,BUSY,initialized
1665977114,570,state_change,BUSY,initialized
1665977114,1002,state_change,AVAILABLE,initialized
1665977114,470,state_change,AVAILABLE,initialized
1665977114,983,state_change,BUSY,initialized
1665977114,1191,state_change,BUSY,initialized
1665977114,1762,state_change,BUSY,initialized
1665977114,3648,state_change,AVAILABLE,initialized
1665977114,1033,state_change,BUSY,initialized
1665977114,3789,state_change,BUSY,initialized
1665977114,791,state_change,BUSY,initialized
1665977114,1494,state_change,BUSY,initialized
1665977114,2731,state_change,BUSY,initialized
1665977114,1354,state_change,BUSY,initialized
1665977114,16,state_change,BUSY,initialized
1665977114,312,state_change,BUSY,initialized
1665977114,451,state_change,AVAILABLE,initialized
1665977114,3359,state_change,BUSY,initialized
1665977114,2505,state_change,BUSY,initialized
1665977114,220,state_change,AVAILABLE,initialized
1665977114,2736,state_change,BUSY,initialized
1665977114,335,state_change,AVAILABLE,initialized
1665977114,1889,state_change,BUSY,initialized
1665977114,1743,state_change,AVAILABLE,initialized
1665977114,1049,state_change,BUSY,initialized
1665977114,1689,state_change,AVAILABLE,initialized
1665977114,2690,state_change,BUSY,initialized
1665977114,694,state_change,BUSY,initialized
1665977114,3422,state_change,AVAILABLE,initialized
1665977114,3254,state_change,AVAILABLE,initialized
1665977114,1705,state_change,BUSY,initialized
1665977114,192,state_change,BUSY,initialized
1665977114,3064,state_change,AVAILABLE,initialized
1665977114,2372,state_change,BUSY,initialized
1665977114,686,state_change,AVAILABLE,initialized
1665977114,3269,state_change,BUSY,initialized
1665977114,699,state_change,BUSY,initialized
1665977114,805,state_change,BUSY,initialized
1665977114,4050,state_change,AVAILABLE,initialized
1665977114,799,state_change,BUSY,initialized
1665977114,3511,state_change,AVAILABLE,initialized
1665977114,4052,state_change,BUSY,initialized
1665977114,3220,state_change,AVAILABLE,initialized
1665977114,3030,state_change,BUSY,initialized
1665977114,3526,state_change,BUSY,initialized
1665977114,1200,state_change,BUSY,initialized
1665977114,1443,state_change,BUSY,initialized
1665977114,595,state_change,BUSY,initialized
1665977114,2500,state_change,BUSY,initialized
1665977114,1761,state_change,BUSY,initialized
1665977114,1306,state_change,AVAILABLE,initialized
1665977114,3566,state_change,BUSY,initialized
1665977114,34,state_change,BUSY,initialized
1665977114,3870,state_change,AVAILABLE,initialized
1665977114,43,state_change,AVAILABLE,initialized
1665977114,4398,state_change,BUSY,initialized
1665977114,527,state_change,BUSY,initialized
1665977114,1909,state_change,AVAILABLE,initialized
1665977114,472,state_change,AVAILABLE,initialized
1665977114,3087,state_change,AVAILABLE,initialized
1665977114,1837,state_change,AVAILABLE,initialized
1665977114,2486,state_change,AVAILABLE,initialized
1665977114,3541,state_change,BUSY,initialized
1665977114,3440,state_change,BUSY,initialized
1665977114,974,state_change,BUSY,initialized
1665977114,750,state_change,BUSY,initialized
1665977114,316,state_change,AVAILABLE,initialized
1665977114,1673,state_change,AVAILABLE,initialized
1665977114,1554,state_change,BUSY,initialized
1665977114,2134,state_change,AVAILABLE,initialized
1665977114,2547,state_change,BUSY,initialized
1665977114,651,state_change,BUSY,initialized
1665977114,2531,state_change,AVAILABLE,initialized
1665977114,1645,state_change,BUSY,initialized
1665977114,661,state_change,BUSY,initialized
1665977114,1489,state_change,BUSY,initialized
1665977114,2981,state_change,BUSY,initialized
1665977114,3637,state_change,BUSY,initialized
1665977114,2237,state_change,AVAILABLE,initialized
1665977114,2922,state_change,BUSY,initialized
1665977114,1692,state_change,BUSY,initialized
1665977114,1755,state_change,AVAILABLE,initialized
1665977114,48,state_change,BUSY,initialized
1665977114,1073,state_change,BUSY,initialized
1665977114,697,state_change,AVAILABLE,initialized
1665977114,2142,state_change,BUSY,initialized
1665977114,1432,state_change,BUSY,initialized
1665977114,561,state_change,AVAILABLE,initialized
1665977114,324,state_change,BUSY,initialized
1665977114,2606,state_change,BUSY,initialized
1665977114,968,state_change,BUSY,initialized
1665977114,1375,state_change,BUSY,initialized
1665977114,4485,state_change,BUSY,initialized
1665977114,2784,state_change,AVAILABLE,initialized
1665977114,2173,state_change,BUSY,initialized
1665977114,3546,state_change,BUSY,initialized
1665977114,1643,state_change,BUSY,initialized
1665977114,2473,state_change,AVAILABLE,initialized
1665977114,2169,state_change,AVAILABLE,initialized
1665977114,445,state_change,BUSY,initialized
1665977114,1977,state_change,BUSY,initialized
1665977114,1350,state_change,BUSY,initialized
1665977114,2285,state_change,AVAILABLE,initialized
1665977114,2676,state_change,BUSY,initialized
1665977114,3058,state_change,BUSY,initialized
1665977114,3049,state_change,AVAILABLE,initialized
1665977114,2180,state_change,BUSY,initialized
1665977114,4094,state_change,AVAILABLE,initialized
1665977114,2204,state_change,BUSY,initialized
1665977114,3708,state_change,AVAILABLE,initialized
1665977114,1496,state_change,BUSY,initialized
1665977114,2307,state_change,BUSY,initialized
1665977114,4317,state_change,AVAILABLE,initialized
1665977114,32,state_change,BUSY,initialized
1665977114,433,state_change,BUSY,initialized
1665977114,614,state_change,AVAILABLE,initialized
1665977114,1356,state_change,BUSY,initialized
1665977114,1949,state_change,BUSY,initialized
1665977114,3033,state_change,BUSY,initialized
1665977114,471,state_change,AVAILABLE,initialized
1665977114,2031,state_change,BUSY,initialized
1665977114,181,state_change,BUSY,initialized
1665977114,145,state_change,BUSY,initialized
1665977114,3372,state_change,BUSY,initialized
1665977114,2571,state_change,AVAILABLE,initialized
1665977114,2329,state_change,BUSY,initialized
1665977114,1390,state_change,BUSY,initialized
1665977114,2937,state_change,BUSY,initialized
1665977114,2347,state_change,AVAILABLE,initialized
1665977114,1098,state_change,AVAILABLE,initialized
1665977114,533,state_change,BUSY,initialized
1665977114,1139,state_change,BUSY,initialized
1665977114,3200,state_change,BUSY,initialized
1665977114,3577,state_change,BUSY,initialized
1665977114,1425,state_change,AVAILABLE,initialized
1665977114,2497,state_change,AVAILABLE,initialized
1665977114,1519,state_change,BUSY,initialized
1665977114,1447,state_change,BUSY,initialized
1665977114,2200,state_change,BUSY,initialized
1665977114,255,state_change,AVAILABLE,initialized
1665977114,224,state_change,BUSY,initialized
1665977114,1767,state_change,AVAILABLE,initialized
1665977114,854,state_change,BUSY,initialized
1665977114,186,state_change,AVAILABLE,initialized
1665977114,483,state_change,BUSY,initialized
1665977114,1687,state_change,BUSY,initialized
1665977114,1564,state_change,BUSY,initialized
1665977114,4759,state_change,BUSY,initialized
1665977114,831,state_change,AVAILABLE,initialized
1665977114,2545,state_change,BUSY,initialized
1665977114,896,state_change,BUSY,initialized
1665977114,2999,state_change,BUSY,initialized
1665977114,1551,state_change,AVAILABLE,initialized
1665977114,1759,state_change,AVAILABLE,initialized
1665977114,1757,state_change,BUSY,initialized
1665977114,282,state_change,BUSY,initialized
1665977114,127,state_change,BUSY,initialized
1665977114,1345,state_change,AVAILABLE,initialized
1665977114,2650,state_change,BUSY,initialized
1665977114,1695,state_change,BUSY,initialized
1665977114,2485,state_change,BUSY,initialized
1665977114,721,state_change,BUSY,initialized
1665977114,1961,state_change,BUSY,initialized
1665977114,1904,state_change,BUSY,initialized
1665977114,320,state_change,BUSY,initialized
1665977114,1183,state_change,AVAILABLE,initialized
1665977114,72,state_change,BUSY,initialized
1665977114,3264,state_change,BUSY,initialized
1665977114,629,state_change,AVAILABLE,initialized
1665977114,2417,state_change,BUSY,initialized
1665977114,2993,state_change,AVAILABLE,initialized
1665977114,1047,state_change,BUSY,initialized
1665977114,184,state_change,AVAILABLE,initialized
1665977114,3105,state_change,BUSY,initialized
1665977114,261,state_change,BUSY,initialized
1665977114,1260,state_change,BUSY,initialized
1665977114,1421,state_change,BUSY,initialized
1665977114,608,state_change,BUSY,initialized
1665977114,252,state_change,BUSY,initialized
1665977114,1239,state_change,BUSY,initialized
1665977114,1893,state_change,BUSY,initialized
1665977114,3491,state_change,AVAILABLE,initialized
1665977114,897,state_change,BUSY,initialized
1665977114,350,state_change,BUSY,initialized
1665977114,3453,state_change,AVAILABLE,initialized
1665977114,131,state_change,AVAILABLE,initialized
1665977114,44,state_change,AVAILABLE,initialized
1665977114,2755,state_change,BUSY,initialized
1665977114,2087,state_change,AVAILABLE,initialized
1665977114,2601,state_change,BUSY,initialized
1665977114,129,state_change,BUSY,initialized
1665977114,1039,state_change,BUSY,initialized
1665977114,2826,state_change,AVAILABLE,initialized
1665977114,685,state_change,BUSY,initialized
1665977114,49,state_change,BUSY,initialized
1665977114,1435,state_change,BUSY,initialized
1665977114,980,state_change,AVAILABLE,initialized
1665977114,2298,state_change,BUSY,initialized
1665977114,2487,state_change,BUSY,initialized
1665977114,2225,state_change,BUSY,initialized
1665977114,1399,state_change,BUSY,initialized
1665977114,2631,state_change,BUSY,initialized
1665977114,2741,state_change,BUSY,initialized
1665977114,201,state_change,BUSY,initialized
1665977114,269,state_change,BUSY,initialized
1665977114,2248,state_change,BUSY,initialized
1665977114,1975,state_change,BUSY,initialized
1665977114,893,state_change,BUSY,initialized
1665977114,1789,state_change,BUSY,initialized
1665977114,982,state_change,BUSY,initialized
1665977114,1786,state_change,BUSY,initialized
1665977114,1735,state_change,BUSY,initialized
1665977114,1223,state_change,BUSY,initialized
1665977114,777,state_change,BUSY,initialized
1665977114,2969,state_change,BUSY,initialized
1665977114,155,state_change,BUSY,initialized
1665977114,2882,state_change,BUSY,initialized
1665977114,2416,state_change,BUSY,initialized
1665977114,659,state_change,BUSY,initialized
1665977114,960,state_change,BUSY,initialized
1665977114,1548,state_change,BUSY,initialized
1665977114,1629,state_change,BUSY,initialized
1665977114,4093,state_change,BUSY,initialized
1665977114,446,state_change,AVAILABLE,initialized
1665977114,361,state_change,BUSY,initialized
1665977114,193,state_change,BUSY,initialized
1665977114,793,state_change,BUSY,initialized
1665977114,1523,state_change,AVAILABLE,initialized
1665977114,200,state_change,BUSY,initialized
1665977114,632,state_change,BUSY,initialized
1665977114,740,state_change,AVAILABLE,initialized
1665977114,1792,state_change,AVAILABLE,initialized
1665977114,458,state_change,BUSY,initialized
1665977114,1935,state_change,BUSY,initialized
1665977114,209,state_change,BUSY,initialized
1665977114,1110,state_change,BUSY,initialized
1665977114,1745,state_change,AVAILABLE,initialized
1665977114,1065,state_change,BUSY,initialized
1665977114,499,state_change,AVAILABLE,initialized
1665977114,23,state_change,BUSY,initialized
1665977114,2334,state_change,BUSY,initialized
1665977114,1639,state_change,BUSY,initialized
1665977114,514,state_change,BUSY,initialized
1665977114,1067,state_change,AVAILABLE,initialized
1665977114,1841,state_change,BUSY,initialized
1665977114,1290,state_change,BUSY,initialized
1665977114,652,state_change,BUSY,initialized
1665977114,1716,state_change,AVAILABLE,initialized
1665977114,343,state_change,BUSY,initialized
1665977114,3549,state_change,BUSY,initialized
1665977114,1029,state_change,AVAILABLE,initialized
1665977114,3055,state_change,BUSY,initialized
1665977114,342,state_change,AVAILABLE,initialized
1665977114,2885,state_change,AVAILABLE,initialized
1665977114,1152,state_change,AVAILABLE,initialized
1665977114,2264,state_change,AVAILABLE,initialized
1665977114,1814,state_change,AVAILABLE,initialized
1665977114,1573,state_change,BUSY,initialized
1665977114,573,state_change,BUSY,initialized
1665977114,459,state_change,AVAILABLE,initialized
1665977114,299,state_change,AVAILABLE,initialized
1665977114,1403,state_change,BUSY,initialized
1665977114,622,state_change,BUSY,initialized
1665977114,2478,state_change,AVAILABLE,initialized
1665977114,1415,state_change,AVAILABLE,initialized
1665977114,2392,state_change,BUSY,initialized
1665977114,1041,state_change,AVAILABLE,initialized
1665977114,166,state_change,BUSY,initialized
1665977114,4557,state_change,BUSY,initialized
1665977114,1055,state_change,BUSY,initialized
1665977114,2381,state_change,BUSY,initialized
1665977114,462,state_change,AVAILABLE,initialized
1665977114,862,state_change,BUSY,initialized
1665977114,2579,state_change,BUSY,initialized
1665977114,2025,state_change,BUSY,initialized
1665977114,1804,state_change,AVAILABLE,initialized
1665977114,2130,state_change,BUSY,initialized
1665977114,3555,state_change,BUSY,initialized
1665977114,807,state_change,BUSY,initialized
1665977114,3780,state_change,BUSY,initialized
1665977114,2395,state_change,BUSY,initialized
1665977114,271,state_change,AVAILABLE,initialized
1665977114,1555,state_change,BUSY,initialized
1665977114,628,state_change,AVAILABLE,initialized
1665977114,644,state_change,BUSY,initialized
1665977114,500,state_change,BUSY,initialized
1665977114,241,state_change,BUSY,initialized
1665977114,3284,state_change,BUSY,initialized
1665977114,2464,state_change,BUSY,initialized
1665977114,518,state_change,BUSY,initialized
1665977114,3457,state_change,BUSY,initialized
1665977114,2030,state_change,AVAILABLE,initialized
1665977114,3204,state_change,BUSY,initialized
1665977114,3311,state_change,AVAILABLE,initialized
1665977114,2886,state_change,BUSY,initialized
1665977114,930,state_change,AVAILABLE,initialized
1665977114,1132,state_change,BUSY,initialized
1665977114,2107,state_change,BUSY,initialized
1665977114,3377,state_change,BUSY,initialized
1665977114,1338,state_change,BUSY,initialized
1665977114,378,state_change,BUSY,initialized
1665977114,2833,state_change,BUSY,initialized
1665977114,3263,state_change,BUSY,initialized
1665977114,2193,state_change,BUSY,initialized
1665977114,71,state_change,BUSY,initialized
1665977114,899,state_change,BUSY,initialized
1665977114,592,state_change,BUSY,initialized
1665977114,2185,state_change,BUSY,initialized
1665977114,65,state_change,BUSY,initialized
1665977114,2883,state_change,BUSY,initialized
1665977114,3243,state_change,BUSY,initialized
1665977114,2159,state_change,AVAILABLE,initialized
1665977114,128,state_change,BUSY,initialized
1665977114,3147,state_change,AVAILABLE,initialized
1665977114,2683,state_change,BUSY,initialized
1665977114,332,state_change,BUSY,initialized
1665977114,2274,state_change,BUSY,initialized
1665977114,2098,state_change,BUSY,initialized
1665977114,169,state_change,BUSY,initialized
1665977114,293,state_change,BUSY,initialized
1665977114,2352,state_change,BUSY,initialized
1665977114,317,state_change,BUSY,initialized
1665977114,2819,state_change,BUSY,initialized
1665977114,3118,state_change,BUSY,initialized
1665977114,301,state_change,BUSY,initialized
1665977114,435,state_change,BUSY,initialized
1665977114,1927,state_change,AVAILABLE,initialized
1665977114,2929,state_change,BUSY,initialized
1665977114,3410,state_change,AVAILABLE,initialized
1665977114,718,state_change,BUSY,initialized
1665977114,1450,state_change,BUSY,initialized
1665977114,667,state_change,BUSY,initialized
1665977114,803,state_change,BUSY,initialized
1665977114,3446,state_change,BUSY,initialized
1665977114,132,state_change,BUSY,initialized
1665977114,2831,state_change,BUSY,initialized
1665977114,1550,state_change,AVAILABLE,initialized
1665977114,1288,state_change,BUSY,initialized
1665977114,1606,state_change,BUSY,initialized
1665977114,30,state_change,BUSY,initialized
1665977114,3068,state_change,BUSY,initialized
1665977114,2642,state_change,BUSY,initialized
1665977114,1498,state_change,AVAILABLE,initialized
1665977114,3375,state_change,AVAILABLE,initialized
1665977114,2803,state_change,AVAILABLE,initialized
1665977114,2953,state_change,BUSY,initialized
1665977114,4237,state_change,BUSY,initialized
1665977114,2849,state_change,BUSY,initialized
1665977114,147,state_change,BUSY,initialized
1665977114,113,state_change,AVAILABLE,initialized
1665977114,3924,state_change,BUSY,initialized
1665977114,1480,state_change,BUSY,initialized
1665977114,1018,state_change,AVAILABLE,initialized
1665977114,574,state_change,AVAILABLE,initialized
1665977114,743,state_change,BUSY,initialized
1665977114,1847,state_change,BUSY,initialized
1665977114,2802,state_change,BUSY,initialized
1665977114,3006,state_change,AVAILABLE,initialized
1665977114,3714,state_change,BUSY,initialized
1665977114,457,state_change,BUSY,initialized
1665977114,639,state_change,BUSY,initialized
1665977114,1627,state_change,BUSY,initialized
1665977114,3348,state_change,BUSY,initialized
1665977114,1614,state_change,BUSY,initialized
1665977114,840,state_change,BUSY,initialized
1665977114,2003,state_change,BUSY,initialized
1665977114,31,state_change,BUSY,initialized
1665977114,3272,state_change,AVAILABLE,initialized
1665977114,21,state_change,BUSY,initialized
1665977114,1545,state_change,AVAILABLE,initialized
1665977114,27,state_change,BUSY,initialized
1665977114,1916,state_change,AVAILABLE,initialized
1665977114,133,state_change,BUSY,initialized
1665977114,1171,state_change,BUSY,initialized
1665977114,2341,state_change,BUSY,initialized
1665977114,2384,state_change,BUSY,initialized
1665977114,531,state_change,BUSY,initialized
1665977114,1341,state_change,BUSY,initialized
1665977114,1217,state_change,BUSY,initialized
1665977114,3444,state_change,AVAILABLE,initialized
1665977114,818,state_change,BUSY,initialized
1665977114,1054,state_change,BUSY,initialized
1665977114,2570,state_change,BUSY,initialized
1665977114,3205,state_change,BUSY,initialized
1665977114,1848,state_change,BUSY,initialized
1665977114,2040,state_change,AVAILABLE,initialized
1665977114,1417,state_change,AVAILABLE,initialized
1665977114,3069,state_change,AVAILABLE,initialized
1665977114,4390,state_change,AVAILABLE,initialized
1665977114,198,state_change,BUSY,initialized
1665977114,3062,state_change,BUSY,initialized
1665977114,4090,state_change,BUSY,initialized
1665977114,2705,state_change,AVAILABLE,initialized
1665977114,2829,state_change,BUSY,initialized
1665977114,4130,state_change,AVAILABLE,initialized
1665977114,4347,state_change,AVAILABLE,initialized
1665977114,4484,state_change,AVAILABLE,initialized
1665977114,3826,state_change,BUSY,initialized
1665977114,1224,state_change,AVAILABLE,initialized
1665977114,908,state_change,AVAILABLE,initialized
1665977114,3948,state_change,BUSY,initialized
1665977114,554,state_change,AVAILABLE,initialized
1665977114,4155,state_change,AVAILABLE,initialized
1665977114,4077,state_change,BUSY,initialized
1665977114,1012,state_change,AVAILABLE,initialized
1665977114,4133,state_change,AVAILABLE,initialized
1665977114,2821,state_change,BUSY,initialized
1665977114,709,state_change,AVAILABLE,initialized
1665977114,2436,state_change,AVAILABLE,initialized
1665977114,2057,state_change,AVAILABLE,initialized
1665977114,1805,state_change,AVAILABLE,initialized
1665977114,4729,state_change,AVAILABLE,initialized
1665977114,2056,state_change,AVAILABLE,initialized
1665977114,3084,state_change,BUSY,initialized
1665977114,2320,state_change,BUSY,initialized
1665977114,4502,state_change,AVAILABLE,initialized
1665977114,4023,state_change,AVAILABLE,initialized
1665977114,4270,state_change,BUSY,initialized
1665977114,4651,state_change,AVAILABLE,initialized
1665977114,1986,state_change,AVAILABLE,initialized
1665977114,3425,state_change,AVAILABLE,initialized
1665977114,1748,state_change,BUSY,initialized
1665977114,4022,state_change,AVAILABLE,initialized
1665977114,4872,state_change,BUSY,initialized
1665977114,3747,state_change,AVAILABLE,initialized
1665977114,1323,state_change,AVAILABLE,initialized
1665977114,4220,state_change,BUSY,initialized
1665977114,4044,state_change,AVAILABLE,initialized
1665977114,2075,state_change,BUSY,initialized
1665977114,1770,state_change,BUSY,initialized
1665977114,756,state_change,AVAILABLE,initialized
1665977114,3380,state_change,AVAILABLE,initialized
1665977114,3259,state_change,AVAILABLE,initialized
1665977114,1128,state_change,BUSY,initialized
1665977114,3950,state_change,AVAILABLE,initialized
1665977114,2066,state_change,AVAILABLE,initialized
1665977114,4117,state_change,BUSY,initialized
1665977114,3322,state_change,AVAILABLE,initialized
1665977114,1322,state_change,AVAILABLE,initialized
1665977114,3728,state_change,BUSY,initialized
1665977114,142,state_change,BUSY,initialized
1665977114,3937,state_change,BUSY,initialized
1665977114,3498,state_change,BUSY,initialized
1665977114,3991,state_change,AVAILABLE,initialized
1665977114,4406,state_change,BUSY,initialized
1665977114,2745,state_change,BUSY,initialized
1665977114,928,state_change,AVAILABLE,initialized
1665977114,597,state_change,BUSY,initialized
1665977114,1180,state_change,AVAILABLE,initialized
1665977114,717,state_change,AVAILABLE,initialized
1665977114,39,state_change,AVAILABLE,initialized
1665977114,3961,state_change,BUSY,initialized
1665977114,4368,state_change,AVAILABLE,initialized
1665977114,482,state_change,BUSY,initialized
1665977114,1420,state_change,BUSY,initialized
1665977114,3642,state_change,BUSY,initialized
1665977114,163,state_change,AVAILABLE,initialized
1665977114,101,state_change,AVAILABLE,initialized
1665977114,3804,state_change,AVAILABLE,initialized
1665977114,871,state_change,AVAILABLE,initialized
1665977114,1929,state_change,AVAILABLE,initialized
1665977114,3608,state_change,AVAILABLE,initialized
1665977114,4421,state_change,AVAILABLE,initialized
1665977114,3499,state_change,BUSY,initialized
1665977114,4320,state_change,AVAILABLE,initialized
1665977114,875,state_change,AVAILABLE,initialized
1665977114,4480,state_change,BUSY,initialized
1665977114,2455,state_change,BUSY,initialized
1665977114,3525,state_change,AVAILABLE,initialized
1665977114,3886,state_change,AVAILABLE,initialized
1665977114,3191,state_change,BUSY,initialized
1665977114,98,state_change,AVAILABLE,initialized
1665977114,3833,state_change,BUSY,initialized
1665977114,3679,state_change,AVAILABLE,initialized
1665977114,3492,state_change,BUSY,initialized
1665977114,613,state_change,BUSY,initialized
1665977114,4152,state_change,BUSY,initialized
1665977114,2467,state_change,AVAILABLE,initialized
1665977114,4524,state_change,BUSY,initialized
1665977114,3203,state_change,AVAILABLE,initialized
1665977114,4212,state_change,BUSY,initialized
1665977114,1571,state_change,BUSY,initialized
1665977114,4566,state_change,BUSY,initialized
1665977114,1896,state_change,AVAILABLE,initialized
1665977114,4704,state_change,AVAILABLE,initialized
1665977114,2903,state_change,AVAILABLE,initialized
1665977114,1159,state_change,AVAILABLE,initialized
1665977114,670,state_change,AVAILABLE,initialized
1665977114,3409,state_change,AVAILABLE,initialized
1665977114,3330,state_change,AVAILABLE,initialized
1665977114,3140,state_change,AVAILABLE,initialized
1665977114,1424,state_change,AVAILABLE,initialized
1665977114,761,state_change,AVAILABLE,initialized
1665977114,4128,state_change,AVAILABLE,initialized
1665977114,2068,state_change,AVAILABLE,initialized
1665977114,1915,state_change,BUSY,initialized
1665977114,1923,state_change,BUSY,initialized
1665977114,2221,state_change,AVAILABLE,initialized
1665977114,60,state_change,BUSY,initialized
1665977114,94,state_change,AVAILABLE,initialized
1665977114,3852,state_change,AVAILABLE,initialized
1665977114,1919,state_change,BUSY,initialized
1665977114,1618,state_change,AVAILABLE,initialized
1665977114,120,state_change,AVAILABLE,initialized
1665977114,1742,state_change,AVAILABLE,initialized
1665977114,3307,state_change,AVAILABLE,initialized
1665977114,4678,state_change,AVAILABLE,initialized
1665977114,3984,state_change,AVAILABLE,initialized
1665977114,723,state_change,AVAILABLE,initialized
1665977114,4264,state_change,BUSY,initialized
1665977114,633,state_change,AVAILABLE,initialized
1665977114,357,state_change,AVAILABLE,initialized
1665977114,924,state_change,BUSY,initialized
1665977114,4731,state_change,AVAILABLE,initialized
1665977114,287,state_change,AVAILABLE,initialized
1665977114,2067,state_change,AVAILABLE,initialized
1665977114,2788,state_change,AVAILABLE,initialized
1665977114,1620,state_change,AVAILABLE,initialized
1665977114,2366,state_change,BUSY,initialized
1665977114,2789,state_change,BUSY,initialized
1665977114,42,state_change,BUSY,initialized
1665977114,3423,state_change,AVAILABLE,initialized
1665977114,4932,state_change,AVAILABLE,initialized
1665977114,3862,state_change,AVAILABLE,initialized
1665977114,3718,state_change,AVAILABLE,initialized
1665977114,904,state_change,AVAILABLE,initialized
1665977114,323,state_change,AVAILABLE,initialized
1665977114,1772,state_change,AVAILABLE,initialized
1665977114,1212,state_change,BUSY,initialized
1665977114,4079,state_change,BUSY,initialized
1665977114,4694,state_change,BUSY,assigned_order
1665977114,2980,state_change,BUSY,assigned_order
1665977114,387,state_change,BUSY,assigned_order
1665977114,3647,state_change,BUSY,assigned_order
1665977114,47,state_change,BUSY,assigned_order
1665977114,1620,state_change,BUSY,assigned_order
1665977114,3026,state_change,BUSY,assigned_order
1665977114,2463,state_change,BUSY,assigned_order
1665977114,114,state_change,BUSY,assigned_order
1665977114,4347,state_change,BUSY,assigned_order
1665977114,535,state_change,BUSY,assigned_order
1665977114,3774,state_change,BUSY,assigned_order
1665977114,2636,state_change,BUSY,assigned_order
1665977114,249,state_change,BUSY,assigned_order
1665977114,4775,state_change,BUSY,assigned_order
1665977114,4154,state_change,BUSY,assigned_order
1665977114,1744,state_change,BUSY,assigned_order
1665977114,3237,state_change,BUSY,assigned_order
1665977114,2184,state_change,BUSY,assigned_order
1665977114,1385,state_change,BUSY,assigned_order
1665977114,93,state_change,BUSY,assigned_order
1665977114,3342,state_change,BUSY,assigned_order
1665977114,2100,state_change,BUSY,assigned_order
1665977114,922,state_change,BUSY,assigned_order
1665977114,2903,state_change,BUSY,assigned_order
1665977114,877,state_change,BUSY,assigned_order
1665977114,1866,state_change,BUSY,assigned_order
1665977114,1231,state_change,BUSY,assigned_order
1665977114,2862,state_change,BUSY,assigned_order
1665977114,1884,state_change,BUSY,assigned_order
1665977114,2411,state_change,BUSY,assigned_order
1665977114,58,state_change,BUSY,assigned_order
1665977114,1664,state_change,BUSY,assigned_order
1665977114,3748,state_change,BUSY,assigned_order
1665977114,1198,state_change,BUSY,assigned_order
1665977114,1457,state_change,BUSY,assigned_order
1665977114,2374,state_change,BUSY,assigned_order
1665977114,2342,state_change,BUSY,assigned_order
1665977114,1175,state_change,BUSY,assigned_order
1665977114,4753,state_change,BUSY,assigned_order
1665977114,171,state_change,BUSY,assigned_order
1665977114,920,state_change,BUSY,assigned_order
1665977114,4311,state_change,BUSY,assigned_order
1665977114,1273,state_change,BUSY,assigned_order
1665977114,94,state_change,BUSY,assigned_order
1665977114,1414,state_change,BUSY,assigned_order
1665977114,1894,state_change,BUSY,assigned_order
1665977114,726,state_change,BUSY,assigned_order
1665977114,1632,state_change,BUSY,assigned_order
1665977114,2835,state_change,BUSY,assigned_order
1665977114,513,state_change,BUSY,assigned_order
1665977114,2738,state_change,BUSY,assigned_order
1665977114,2723,state_change,BUSY,assigned_order
1665977114,368,state_change,BUSY,assigned_order
1665977114,4258,state_change,BUSY,assigned_order
1665977114,2518,state_change,BUSY,assigned_order
1665977114,4294,state_change,BUSY,assigned_order
1665977114,236,state_change,BUSY,assigned_order
1665977114,1694,state_change,BUSY,assigned_order
1665977114,309,state_change,BUSY,assigned_order
1665977114,4696,state_change,BUSY,assigned_order
1665977114,2018,state_change,BUSY,assigned_order
1665977114,3001,state_change,BUSY,assigned_order
1665977114,2728,state_change,BUSY,assigned_order
1665977114,4002,state_change,BUSY,assigned_order
1665977114,634,state_change,BUSY,assigned_order
1665977114,1204,state_change,BUSY,assigned_order
1665977114,1235,state_change,BUSY,assigned_order
1665977114,2459,state_change,BUSY,assigned_order
1665977114,144,state_change,BUSY,assigned_order
1665977114,473,state_change,BUSY,assigned_order
1665977114,2178,state_change,BUSY,assigned_order
1665977114,3114,state_change,BUSY,assigned_order
1665977114,1724,state_change,BUSY,assigned_order
1665977114,583,state_change,BUSY,assigned_order
1665977114,3211,state_change,BUSY,assigned_order
1665977114,3720,state_change,BUSY,assigned_order
1665977114,3909,state_change,BUSY,assigned_order
1665977114,158,state_change,BUSY,assigned_order
1665977114,454,state_change,BUSY,assigned_order
1665977114,101,state_change,BUSY,assigned_order
1665977114,4325,state_change,BUSY,assigned_order
1665977114,400,state_change,BUSY,assigned_order
1665977114,2080,state_change,BUSY,assigned_order
1665977114,941,state_change,BUSY,assigned_order
1665977114,412,state_change,BUSY,assigned_order
1665977114,741,state_change,BUSY,assigned_order
1665977114,3980,state_change,BUSY,assigned_order
1665977114,2311,state_change,BUSY,assigned_order
1665977114,2743,state_change,BUSY,assigned_order
1665977114,469,state_change,BUSY,assigned_order
1665977114,3360,state_change,BUSY,assigned_order
1665977114,1076,state_change,BUSY,assigned_order
1665977114,723,state_change,BUSY,assigned_order
1665977114,1126,state_change,BUSY,assigned_order
1665977114,1880,state_change,BUSY,assigned_order
1665977114,3872,state_change,BUSY,assigned_order
1665977114,2799,state_change,BUSY,assigned_order
1665977114,3984,state_change,BUSY,assigned_order
1665977114,1179,state_change,BUSY,assigned_order
1665977114,4731,state_change,BUSY,assigned_order
1665977114,680,state_change,BUSY,assigned_order
1665977114,2243,state_change,BUSY,assigned_order
1665977114,1693,state_change,BUSY,assigned_order
1665977114,4095,state_change,BUSY,assigned_order
1665977114,4130,state_change,BUSY,assigned_order
1665977114,1970,state_change,BUSY,assigned_order
1665977114,1568,state_change,BUSY,assigned_order
1665977114,1920,state_change,BUSY,assigned_order
1665977114,240,state_change,BUSY,assigned_order
1665977114,2884,state_change,BUSY,assigned_order
1665977114,4279,state_change,BUSY,assigned_order
1665977114,3307,state_change,BUSY,assigned_order
1665977114,2685,state_change,BUSY,assigned_order
1665977114,3330,state_change,BUSY,assigned_order
1665977114,4218,state_change,BUSY,assigned_order
1665977114,3747,state_change,BUSY,assigned_order
1665977114,4651,state_change,BUSY,assigned_order
1665977114,1418,state_change,BUSY,assigned_order
1665977114,4308,state_change,BUSY,assigned_order
1665977114,207,state_change,BUSY,assigned_order
1665977114,1220,state_change,BUSY,assigned_order
1665977114,4003,state_change,BUSY,assigned_order
1665977114,1274,state_change,BUSY,assigned_order
1665977114,2861,state_change,BUSY,assigned_order
1665977114,2931,state_change,BUSY,assigned_order
1665977114,4175,state_change,BUSY,assigned_order
1665977114,1708,state_change,BUSY,assigned_order
1665977114,835,state_change,BUSY,assigned_order
1665977114,1771,state_change,BUSY,assigned_order
1665977114,2134,state_change,BUSY,assigned_order
1665977114,2887,state_change,BUSY,assigned_order
1665977114,3874,state_change,BUSY,assigned_order
1665977114,4155,state_change,BUSY,assigned_order
1665977114,1810,state_change,BUSY,assigned_order
1665977114,695,state_change,BUSY,assigned_order
1665977114,4429,state_change,BUSY,assigned_order
1665977114,1276,state_change,BUSY,assigned_order
1665977114,4539,state_change,BUSY,assigned_order
1665977114,2441,state_change,BUSY,assigned_order
1665977114,2113,state_change,BUSY,assigned_order
1665977114,418,state_change,BUSY,assigned_order
1665977114,2761,state_change,BUSY,assigned_order
1665977114,2428,state_change,BUSY,assigned_order
1665977114,3823,state_change,BUSY,assigned_order
1665977114,2852,state_change,BUSY,assigned_order
1665977114,4172,state_change,BUSY,assigned_order
1665977114,4087,state_change,BUSY,assigned_order
1665977114,2067,state_change,BUSY,assigned_order
1665977114,4556,state_change,BUSY,assigned_order
1665977114,1424,state_change,BUSY,assigned_order
1665977114,1965,state_change,BUSY,assigned_order
1665977114,2056,state_change,BUSY,assigned_order
1665977114,3425,state_change,BUSY,assigned_order
1665977114,572,state_change,BUSY,assigned_order
1665977114,2399,state_change,BUSY,assigned_order
1665977114,3572,state_change,BUSY,assigned_order
1665977114,1515,state_change,BUSY,assigned_order
1665977114,3423,state_change,BUSY,assigned_order
1665977114,2460,state_change,BUSY,assigned_order
1665977114,372,state_change,BUSY,assigned_order
1665977114,3881,state_change,BUSY,assigned_order
1665977114,553,state_change,BUSY,assigned_order
1665977114,1922,state_change,BUSY,assigned_order
1665977114,2663,state_change,BUSY,assigned_order
1665977114,1976,state_change,BUSY,assigned_order
1665977114,3428,state_change,BUSY,assigned_order
1665977114,865,state_change,BUSY,assigned_order
1665977114,3852,state_change,BUSY,assigned_order
1665977114,871,state_change,BUSY,assigned_order
1665977114,4504,state_change,BUSY,assigned_order
1665977114,3933,state_change,BUSY,assigned_order
1665977114,1690,state_change,BUSY,assigned_order
1665977114,891,state_change,BUSY,assigned_order
1665977114,1546,state_change,BUSY,assigned_order
1665977114,4899,state_change,BUSY,assigned_order
1665977114,227,state_change,BUSY,assigned_order
1665977114,763,state_change,BUSY,assigned_order
1665977114,2705,state_change,BUSY,assigned_order
1665977114,620,state_change,BUSY,assigned_order
1665977114,1166,state_change,BUSY,assigned_order
1665977114,4036,state_change,BUSY,assigned_order
1665977114,537,state_change,BUSY,assigned_order
1665977114,289,state_change,BUSY,assigned_order
1665977114,546,state_change,BUSY,assigned_order
1665977114,493,state_change,BUSY,assigned_order
1665977114,2407,state_change,BUSY,assigned_order
1665977114,534,state_change,BUSY,assigned_order
1665977114,1314,state_change,BUSY,assigned_order
1665977114,1805,state_change,BUSY,assigned_order
1665977114,3391,state_change,BUSY,assigned_order
1665977114,495,state_change,BUSY,assigned_order
1665977114,2249,state_change,BUSY,assigned_order
1665977114,2735,state_change,BUSY,assigned_order
1665977114,2040,state_change,BUSY,assigned_order
1665977114,591,state_change,BUSY,assigned_order
1665977114,255,state_change,BUSY,assigned_order
1665977114,1831,state_change,BUSY,assigned_order
1665977114,758,state_change,BUSY,assigned_order
1665977114,370,state_change,BUSY,assigned_order
1665977114,3064,state_change,BUSY,assigned_order
1665977114,797,state_change,BUSY,assigned_order
1665977114,1743,state_change,BUSY,assigned_order
1665977114,2169,state_change,BUSY,assigned_order
1665977114,2192,state_change,BUSY,assigned_order
1665977114,3835,state_change,BUSY,assigned_order
1665977114,17,state_change,BUSY,assigned_order
1665977114,1342,state_change,BUSY,assigned_order
1665977114,4185,state_change,BUSY,assigned_order
1665977114,3160,state_change,BUSY,assigned_order
1665977114,3181,state_change,BUSY,assigned_order
1665977114,4701,state_change,BUSY,assigned_order
1665977114,2798,state_change,BUSY,assigned_order
1665977114,3071,state_change,BUSY,assigned_order
1665977114,2571,state_change,BUSY,assigned_order
1665977114,1772,state_change,BUSY,assigned_order
1665977114,3004,state_change,BUSY,assigned_order
1665977114,1838,state_change,BUSY,assigned_order
1665977114,1865,state_change,BUSY,assigned_order
1665977114,1279,state_change,BUSY,assigned_order
1665977114,2744,state_change,BUSY,assigned_order
1665977114,775,state_change,BUSY,assigned_order
1665977114,2005,state_change,BUSY,assigned_order
1665977114,329,state_change,BUSY,assigned_order
1665977114,187,state_change,BUSY,assigned_order
1665977114,1319,state_change,BUSY,assigned_order
1665977114,335,state_change,BUSY,assigned_order
1665977114,2898,state_change,BUSY,assigned_order
1665977114,3184,state_change,BUSY,assigned_order
1665977114,2797,state_change,BUSY,assigned_order
1665977114,3827,state_change,BUSY,assigned_order
1665977114,470,state_change,BUSY,assigned_order
1665977114,3298,state_change,BUSY,assigned_order
1665977114,1094,state_change,BUSY,assigned_order
1665977114,1673,state_change,BUSY,assigned_order
1665977114,3668,state_change,BUSY,assigned_order
1665977114,1169,state_change,BUSY,assigned_order
1665977114,1909,state_change,BUSY,assigned_order
1665977114,3552,state_change,BUSY,assigned_order
1665977114,614,state_change,BUSY,assigned_order
1665977114,3620,state_change,BUSY,assigned_order
1665977114,2751,state_change,BUSY,assigned_order
1665977114,2285,state_change,BUSY,assigned_order
1665977114,4208,state_change,BUSY,assigned_order
1665977114,186,state_change,BUSY,assigned_order
1665977114,1837,state_change,BUSY,assigned_order
1665977114,2237,state_change,BUSY,assigned_order
1665977114,832,state_change,BUSY,assigned_order
1665977114,196,state_change,BUSY,assigned_order
1665977114,2123,state_change,BUSY,assigned_order
1665977114,963,state_change,BUSY,assigned_order
1665977114,1160,state_change,BUSY,assigned_order
1665977114,1986,state_change,BUSY,assigned_order
1665977114,2081,state_change,BUSY,assigned_order
1665977114,2177,state_change,BUSY,assigned_order
1665977114,1901,state_change,BUSY,assigned_order
1665977114,4554,state_change,BUSY,assigned_order
1665977114,2674,state_change,BUSY,assigned_order
1665977114,2058,state_change,BUSY,assigned_order
1665977114,1916,state_change,BUSY,assigned_order
1665977114,574,state_change,BUSY,assigned_order
1665977114,1018,state_change,BUSY,assigned_order
1665977114,472,state_change,BUSY,assigned_order
1665977114,44,state_change,BUSY,assigned_order
1665977114,184,state_change,BUSY,assigned_order
1665977114,1745,state_change,BUSY,assigned_order
1665977114,1550,state_change,BUSY,assigned_order
1665977114,4543,state_change,BUSY,assigned_order
1665977114,3410,state_change,BUSY,assigned_order
1665977114,3532,state_change,BUSY,assigned_order
1665977114,2697,state_change,BUSY,assigned_order
1665977114,3090,state_change,BUSY,assigned_order
1665977114,2011,state_change,BUSY,assigned_order
1665977114,2478,state_change,BUSY,assigned_order
1665977114,1759,state_change,BUSY,assigned_order
1665977114,3006,state_change,BUSY,assigned_order
1665977114,1551,state_change,BUSY,assigned_order
1665977114,1183,state_change,BUSY,assigned_order
1665977114,637,state_change,BUSY,assigned_order
1665977114,1784,state_change,BUSY,assigned_order
1665977114,1559,state_change,BUSY,assigned_order
1665977114,4495,state_change,BUSY,assigned_order
1665977114,3965,state_change,BUSY,assigned_order
1665977114,2984,state_change,BUSY,assigned_order
1665977114,3950,state_change,BUSY,assigned_order
1665977114,2436,state_change,BUSY,assigned_order
1665977114,1180,state_change,BUSY,assigned_order
1665977114,984,state_change,BUSY,assigned_order
1665977114,2558,state_change,BUSY,assigned_order
1665977114,4426,state_change,BUSY,assigned_order
1665977114,3608,state_change,BUSY,assigned_order
1665977114,1140,state_change,BUSY,assigned_order
1665977114,2046,state_change,BUSY,assigned_order
1665977114,987,state_change,BUSY,assigned_order
1665977114,1931,state_change,BUSY,assigned_order
1665977114,927,state_change,BUSY,assigned_order
1665977114,4837,state_change,BUSY,assigned_order
1665977114,3099,state_change,BUSY,assigned_order
1665977114,2534,state_change,BUSY,assigned_order
1665977114,3919,state_change,BUSY,assigned_order
1665977114,670,state_change,BUSY,assigned_order
1665977114,2330,state_change,BUSY,assigned_order
1665977114,908,state_change,BUSY,assigned_order
1665977114,3567,state_change,BUSY,assigned_order
1665977114,4023,state_change,BUSY,assigned_order
1665977114,4017,state_change,BUSY,assigned_order
1665977114,1412,state_change,BUSY,assigned_order
1665977114,666,state_change,BUSY,assigned_order
1665977114,4379,state_change,BUSY,assigned_order
1665977114,4133,state_change,BUSY,assigned_order
1665977114,1960,state_change,BUSY,assigned_order
1665977114,3744,state_change,BUSY,assigned_order
1665977114,3121,state_change,BUSY,assigned_order
1665977114,1012,state_change,BUSY,assigned_order
1665977114,4024,state_change,BUSY,assigned_order
1665977114,3165,state_change,BUSY,assigned_order
1665977114,2132,state_change,BUSY,assigned_order
1665977114,3198,state_change,BUSY,assigned_order
1665977114,3279,state_change,BUSY,assigned_order
1665977114,3162,state_change,BUSY,assigned_order
1665977114,122,state_change,BUSY,assigned_order
1665977114,1685,state_change,BUSY,assigned_order
1665977114,1726,state_change,BUSY,assigned_order
1665977114,250,state_change,BUSY,assigned_order
1665977114,1628,state_change,BUSY,assigned_order
1665977114,2383,state_change,BUSY,assigned_order
1665977114,1999,state_change,BUSY,assigned_order
1665977114,226,state_change,BUSY,assigned_order
1665977114,910,state_change,BUSY,assigned_order
1665977114,328,state_change,BUSY,assigned_order
1665977114,640,state_change,BUSY,assigned_order
1665977114,1346,state_change,BUSY,assigned_order
1665977114,3369,state_change,BUSY,assigned_order
1665977114,3674,state_change,BUSY,assigned_order
1665977114,4034,state_change,BUSY,assigned_order
1665977114,1599,state_change,BUSY,assigned_order
1665977114,402,state_change,BUSY,assigned_order
1665977114,1417,state_change,BUSY,assigned_order
1665977114,1131,state_change,BUSY,assigned_order
1665977114,3273,state_change,BUSY,assigned_order
1665977114,2318,state_change,BUSY,assigned_order
1665977114,973,state_change,BUSY,assigned_order
1665977114,4275,state_change,BUSY,assigned_order
1665977114,278,state_change,BUSY,assigned_order
1665977114,3857,state_change,BUSY,assigned_order
1665977114,4707,state_change,BUSY,assigned_order
1665977114,859,state_change,BUSY,assigned_order
1665977114,3276,state_change,BUSY,assigned_order
1665977114,3131,state_change,BUSY,assigned_order
1665977114,1305,state_change,BUSY,assigned_order
1665977114,283,state_change,BUSY,assigned_order
1665977114,1302,state_change,BUSY,assigned_order
1665977114,2787,state_change,BUSY,assigned_order
1665977114,1579,state_change,BUSY,assigned_order
1665977114,2870,state_change,BUSY,assigned_order
1665977114,1322,state_change,BUSY,assigned_order
1665977114,2423,state_change,BUSY,assigned_order
1665977114,584,state_change,BUSY,assigned_order
1665977114,2739,state_change,BUSY,assigned_order
1665977114,1119,state_change,BUSY,assigned_order
1665977114,3708,state_change,BUSY,assigned_order
1665977114,3870,state_change,BUSY,assigned_order
1665977114,3409,state_change,BUSY,assigned_order
1665977114,1444,state_change,BUSY,assigned_order
1665977114,1449,state_change,BUSY,assigned_order
1665977114,4092,state_change,BUSY,assigned_order
1665977114,1306,state_change,BUSY,assigned_order
1665977114,1756,state_change,BUSY,assigned_order
1665977114,2073,state_change,BUSY,assigned_order
1665977114,1558,state_change,BUSY,assigned_order
1665977114,3130,state_change,BUSY,assigned_order
1665977114,3925,state_change,BUSY,assigned_order
1665977114,2617,state_change,BUSY,assigned_order
1665977114,3049,state_change,BUSY,assigned_order
1665977114,220,state_change,BUSY,assigned_order
1665977114,3963,state_change,BUSY,assigned_order
1665977114,1957,state_change,BUSY,assigned_order
1665977114,1755,state_change,BUSY,assigned_order
1665977114,1425,state_change,BUSY,assigned_order
1665977114,3009,state_change,BUSY,assigned_order
1665977114,3375,state_change,BUSY,assigned_order
1665977114,3311,state_change,BUSY,assigned_order
1665977114,930,state_change,BUSY,assigned_order
1665977114,1345,state_change,BUSY,assigned_order
1665977114,1545,state_change,BUSY,assigned_order
1665977114,3147,state_change,BUSY,assigned_order
1665977114,3272,state_change,BUSY,assigned_order
1665977114,131,state_change,BUSY,assigned_order
1665977114,629,state_change,BUSY,assigned_order
1665977114,2087,state_change,BUSY,assigned_order
1665977114,1002,state_change,BUSY,assigned_order
1665977114,3444,state_change,BUSY,assigned_order
1665977114,1716,state_change,BUSY,assigned_order
1665977114,120,state_change,BUSY,assigned_order
1665977114,136,state_change,BUSY,assigned_order
1665977114,2160,state_change,BUSY,assigned_order
1665977114,1929,state_change,BUSY,assigned_order
1665977114,2234,state_change,BUSY,assigned_order
1665977114,313,state_change,BUSY,assigned_order
1665977114,3536,state_change,BUSY,assigned_order
1665977114,646,state_change,BUSY,assigned_order
1665977114,4708,state_change,BUSY,assigned_order
1665977114,2513,state_change,BUSY,assigned_order
1665977114,442,state_change,BUSY,assigned_order
1665977114,409,state_change,BUSY,assigned_order
1665977114,2788,state_change,BUSY,assigned_order
1665977114,2139,state_change,BUSY,assigned_order
1665977114,1574,state_change,BUSY,assigned_order
1665977114,2856,state_change,BUSY,assigned_order
1665977114,405,state_change,BUSY,assigned_order
1665977114,2129,state_change,BUSY,assigned_order
1665977114,2269,state_change,BUSY,assigned_order
1665977114,1903,state_change,BUSY,assigned_order
1665977114,4484,state_change,BUSY,assigned_order
1665977114,3793,state_change,BUSY,assigned_order
1665977114,3535,state_change,BUSY,assigned_order
1665977114,2919,state_change,BUSY,assigned_order
1665977114,1721,state_change,BUSY,assigned_order
1665977114,1423,state_change,BUSY,assigned_order
1665977114,3991,state_change,BUSY,assigned_order
1665977114,3175,state_change,BUSY,assigned_order
1665977114,2072,state_change,BUSY,assigned_order
1665977114,266,state_change,BUSY,assigned_order
1665977114,4050,state_change,BUSY,assigned_order
1665977114,2972,state_change,BUSY,assigned_order
1665977114,4020,state_change,BUSY,assigned_order
1665977114,564,state_change,BUSY,assigned_order
1665977114,2985,state_change,BUSY,assigned_order
1665977114,3520,state_change,BUSY,assigned_order
1665977114,618,state_change,BUSY,assigned_order
1665977114,1475,state_change,BUSY,assigned_order
1665977114,2260,state_change,BUSY,assigned_order
1665977114,388,state_change,BUSY,assigned_order
1665977114,1214,state_change,BUSY,assigned_order
1665977114,4216,state_change,BUSY,assigned_order
1665977114,474,state_change,BUSY,assigned_order
1665977114,2454,state_change,BUSY,assigned_order
1665977114,3422,state_change,BUSY,assigned_order
1665977114,1773,state_change,BUSY,assigned_order
1665977114,52,state_change,BUSY,assigned_order
1665977114,1236,state_change,BUSY,assigned_order
1665977114,2841,state_change,BUSY,assigned_order
1665977114,1168,state_change,BUSY,assigned_order
1665977114,2555,state_change,BUSY,assigned_order
1665977114,2221,state_change,BUSY,assigned_order
1665977114,306,state_change,BUSY,assigned_order
1665977114,928,state_change,BUSY,assigned_order
1665977114,1027,state_change,BUSY,assigned_order
1665977114,2127,state_change,BUSY,assigned_order
1665977114,1775,state_change,BUSY,assigned_order
1665977114,1111,state_change,BUSY,assigned_order
1665977114,1159,state_change,BUSY,assigned_order
1665977114,2171,state_change,BUSY,assigned_order
1665977114,3178,state_change,BUSY,assigned_order
1665977114,4094,state_change,BUSY,assigned_order
1665977114,1657,state_change,BUSY,assigned_order
1665977114,273,state_change,BUSY,assigned_order
1665977114,3511,state_change,BUSY,assigned_order
1665977114,3220,state_change,BUSY,assigned_order
1665977114,561,state_change,BUSY,assigned_order
1665977114,1905,state_change,BUSY,assigned_order
1665977114,3254,state_change,BUSY,assigned_order
1665977114,4390,state_change,BUSY,assigned_order
1665977114,4099,state_change,BUSY,assigned_order
1665977114,1964,state_change,BUSY,assigned_order
1665977114,686,state_change,BUSY,assigned_order
1665977114,2531,state_change,BUSY,assigned_order
1665977114,1767,state_change,BUSY,assigned_order
1665977114,3525,state_change,BUSY,assigned_order
1665977114,471,state_change,BUSY,assigned_order
1665977114,3005,state_change,BUSY,assigned_order
1665977114,558,state_change,BUSY,assigned_order
1665977114,529,state_change,BUSY,assigned_order
1665977114,2826,state_change,BUSY,assigned_order
1665977114,1029,state_change,BUSY,assigned_order
1665977114,446,state_change,BUSY,assigned_order
1665977114,357,state_change,BUSY,assigned_order
1665977114,2159,state_change,BUSY,assigned_order
1665977114,462,state_change,BUSY,assigned_order
1665977114,1415,state_change,BUSY,assigned_order
1665977114,299,state_change,BUSY,assigned_order
1665977114,3754,state_change,BUSY,assigned_order
1665977114,1538,state_change,BUSY,assigned_order
1665977114,4502,state_change,BUSY,assigned_order
1665977114,2089,state_change,BUSY,assigned_order
1665977114,2472,state_change,BUSY,assigned_order
1665977114,709,state_change,BUSY,assigned_order
1665977114,3012,state_change,BUSY,assigned_order
1665977114,1089,state_change,BUSY,assigned_order
1665977114,519,state_change,BUSY,assigned_order
1665977114,2083,state_change,BUSY,assigned_order
1665977114,1760,state_change,BUSY,assigned_order
1665977114,764,state_change,BUSY,assigned_order
1665977114,238,state_change,BUSY,assigned_order
1665977114,7,state_change,BUSY,assigned_order
1665977114,4221,state_change,BUSY,assigned_order
1665977114,243,state_change,BUSY,assigned_order
1665977114,917,state_change,BUSY,assigned_order
1665977114,1410,state_change,BUSY,assigned_order
1665977114,3604,state_change,BUSY,assigned_order
1665977114,2774,state_change,BUSY,assigned_order
1665977114,287,state_change,BUSY,assigned_order
1665977114,1367,state_change,BUSY,assigned_order
1665977114,3197,state_change,BUSY,assigned_order
1665977114,4332,state_change,BUSY,assigned_order
1665977114,1616,state_change,BUSY,assigned_order
1665977114,183,state_change,BUSY,assigned_order
1665977114,4223,state_change,BUSY,assigned_order
1665977114,3171,state_change,BUSY,assigned_order
1665977114,331,state_change,BUSY,assigned_order
1665977114,117,state_change,BUSY,assigned_order
1665977114,2196,state_change,BUSY,assigned_order
1665977114,4932,state_change,BUSY,assigned_order
1665977114,888,state_change,BUSY,assigned_order
1665977114,1896,state_change,BUSY,assigned_order
1665977114,2068,state_change,BUSY,assigned_order
1665977114,2509,state_change,BUSY,assigned_order
1665977114,4729,state_change,BUSY,assigned_order
1665977114,900,state_change,BUSY,assigned_order
1665977114,554,state_change,BUSY,assigned_order
1665977114,173,state_change,BUSY,assigned_order
1665977114,2263,state_change,BUSY,assigned_order
1665977114,1704,state_change,BUSY,assigned_order
1665977114,2715,state_change,BUSY,assigned_order
1665977114,3804,state_change,BUSY,assigned_order
1665977114,265,state_change,BUSY,assigned_order
1665977114,413,state_change,BUSY,assigned_order
1665977114,263,state_change,BUSY,assigned_order
1665977114,2842,state_change,BUSY,assigned_order
1665977114,4367,state_change,BUSY,assigned_order
1665977114,3111,state_change,BUSY,assigned_order
1665977114,43,state_change,BUSY,assigned_order
1665977114,4022,state_change,BUSY,assigned_order
1665977114,3559,state_change,BUSY,assigned_order
1665977114,3,state_change,BUSY,assigned_order
1665977114,3771,state_change,BUSY,assigned_order
1665977114,3408,state_change,BUSY,assigned_order
1665977114,3170,state_change,BUSY,assigned_order
1665977114,1332,state_change,BUSY,assigned_order
1665977114,3548,state_change,BUSY,assigned_order
1665977114,316,state_change,BUSY,assigned_order
1665977114,3271,state_change,BUSY,assigned_order
1665977114,451,state_change,BUSY,assigned_order
1665977114,2844,state_change,BUSY,assigned_order
1665977114,2498,state_change,BUSY,assigned_order
1665977114,875,state_change,BUSY,assigned_order
1665977114,1618,state_change,BUSY,assigned_order
1665977114,1813,state_change,BUSY,assigned_order
1665977114,1041,state_change,BUSY,assigned_order
1665977114,3453,state_change,BUSY,assigned_order
1665977114,1804,state_change,BUSY,assigned_order
1665977114,3315,state_change,BUSY,assigned_order
1665977114,459,state_change,BUSY,assigned_order
1665977114,2150,state_change,BUSY,assigned_order
1665977114,2895,state_change,BUSY,assigned_order
1665977114,1067,state_change,BUSY,assigned_order
1665977114,1498,state_change,BUSY,assigned_order
1665977114,904,state_change,BUSY,assigned_order
1665977114,342,state_change,BUSY,assigned_order
1665977114,831,state_change,BUSY,assigned_order
1665977114,2885,state_change,BUSY,assigned_order
1665977114,2993,state_change,BUSY,assigned_order
1665977114,3886,state_change,BUSY,assigned_order
1665977114,3274,state_change,BUSY,assigned_order
1665977114,991,state_change,BUSY,assigned_order
1665977114,2803,state_change,BUSY,assigned_order
1665977114,323,state_change,BUSY,assigned_order
1665977114,501,state_change,BUSY,assigned_order
1665977234,2179,state_change,AVAILABLE,new_courier
1665977234,4026,state_change,AVAILABLE,new_courier
1665977234,4082,state_change,AVAILABLE,new_courier
1665977234,2246,state_change,AVAILABLE,new_courier
1665977234,3398,state_change,AVAILABLE,new_courier
1665977234,2062,state_change,AVAILABLE,new_courier
1665977234,3479,state_change,AVAILABLE,new_courier
1665977234,233,state_change,AVAILABLE,new_courier
1665977234,2291,state_change,AVAILABLE,new_courier
1665977234,1304,state_change,AVAILABLE,new_courier
1665977234,1071,state_change,AVAILABLE,new_courier
1665977234,2596,state_change,AVAILABLE,new_courier
1665977234,406,state_change,AVAILABLE,new_courier
1665977234,2480,state_change,AVAILABLE,new_courier
1665977234,380,state_change,AVAILABLE,new_courier
1665977234,2777,state_change,AVAILABLE,new_courier
1665977234,720,state_change,AVAILABLE,new_courier
1665977234,3008,state_change,AVAILABLE,new_courier
1665977234,2689,state_change,AVAILABLE,new_courier
1665977234,2465,state_change,AVAILABLE,new_courier
1665977234,138,state_change,AVAILABLE,new_courier
1665977234,3570,state_change,AVAILABLE,new_courier
1665977234,4412,state_change,AVAILABLE,new_courier
1665977234,4842,state_change,AVAILABLE,new_courier
1665977234,691,state_change,AVAILABLE,new_courier
1665977234,2574,state_change,AVAILABLE,new_courier
1665977234,4446,state_change,AVAILABLE,new_courier
1665977234,3455,state_change,AVAILABLE,new_courier
1665977234,2644,state_change,AVAILABLE,new_courier
1665977234,1989,state_change,AVAILABLE,new_courier
1665977234,4417,state_change,AVAILABLE,new_courier
1665977234,178,state_change,AVAILABLE,new_courier
1665977234,4628,state_change,AVAILABLE,new_courier
1665977234,4147,state_change,AVAILABLE,new_courier
1665977234,1641,state_change,AVAILABLE,new_courier
1665977234,545,state_change,AVAILABLE,new_courier
1665977234,111,state_change,AVAILABLE,new_courier
1665977234,766,state_change,AVAILABLE,new_courier
1665977234,1037,state_change,AVAILABLE,new_courier
1665977234,909,state_change,AVAILABLE,new_courier
1665977234,800,state_change,AVAILABLE,new_courier
1665977234,1213,state_change,AVAILABLE,new_courier
1665977234,2339,state_change,AVAILABLE,new_courier
1665977234,4267,state_change,AVAILABLE,new_courier
1665977234,3724,state_change,AVAILABLE,new_courier
1665977234,2244,state_change,AVAILABLE,new_courier
1665977234,1147,state_change,AVAILABLE,new_courier
1665977234,978,state_change,AVAILABLE,new_courier
1665977234,420,state_change,AVAILABLE,new_courier
1665977234,4674,state_change,AVAILABLE,new_courier
1665977234,3518,state_change,AVAILABLE,new_courier
1665977234,3817,state_change,AVAILABLE,new_courier
1665977234,1334,state_change,AVAILABLE,new_courier
1665977234,2024,state_change,AVAILABLE,new_courier
1665977234,1164,state_change,AVAILABLE,new_courier
1665977234,1676,state_change,AVAILABLE,new_courier
1665977234,2541,state_change,AVAILABLE,new_courier
1665977234,3318,state_change,AVAILABLE,new_courier
1665977234,2462,state_change,AVAILABLE,new_courier
1665977234,2588,state_change,AVAILABLE,new_courier
1665977234,2940,state_change,AVAILABLE,new_courier
1665977234,3442,state_change,AVAILABLE,new_courier
1665977234,3540,state_change,AVAILABLE,new_courier
1665977234,1156,state_change,AVAILABLE,new_courier
1665977234,1609,state_change,AVAILABLE,new_courier
1665977234,926,state_change,AVAILABLE,new_courier
1665977234,3603,state_change,AVAILABLE,new_courier
1665977234,194,state_change,AVAILABLE,new_courier
1665977234,2229,state_change,AVAILABLE,new_courier
1665977234,4342,state_change,AVAILABLE,new_courier
1665977234,1387,state_change,AVAILABLE,new_courier
1665977234,336,state_change,AVAILABLE,new_courier
1665977234,4001,state_change,AVAILABLE,new_courier
1665977234,1135,state_change,AVAILABLE,new_courier
1665977234,2363,state_change,AVAILABLE,new_courier
1665977234,2860,state_change,AVAILABLE,new_courier
1665977234,3557,state_change,AVAILABLE,new_courier
1665977234,1482,state_change,AVAILABLE,new_courier
1665977234,693,state_change,AVAILABLE,new_courier
1665977234,3722,state_change,AVAILABLE,new_courier
1665977234,1135,state_change,BUSY,assigned_order
1665977234,1527,state_change,BUSY,assigned_order
1665977234,3745,state_change,BUSY,assigned_order
1665977234,2497,state_change,BUSY,assigned_order
1665977234,3568,state_change,BUSY,assigned_order
1665977234,1117,state_change,BUSY,assigned_order
1665977234,3670,state_change,BUSY,assigned_order
1665977234,2770,state_change,BUSY,assigned_order
1665977234,2181,state_change,BUSY,assigned_order
1665977234,1098,state_change,BUSY,assigned_order
1665977234,2347,state_change,BUSY,assigned_order
1665977234,2066,state_change,BUSY,assigned_order
1665977234,3069,state_change,BUSY,assigned_order
1665977234,380,state_change,BUSY,assigned_order
1665977234,693,state_change,BUSY,assigned_order
1665977234,40,state_change,BUSY,assigned_order
1665977234,566,state_change,BUSY,assigned_order
1665977234,4412,state_change,BUSY,assigned_order
1665977234,3722,state_change,BUSY,assigned_order
1665977234,297,state_change,BUSY,assigned_order
1665977234,1129,state_change,BUSY,assigned_order
1665977234,99,state_change,BUSY,assigned_order
1665977234,2179,state_change,BUSY,assigned_order
1665977234,2473,state_change,BUSY,assigned_order
1665977234,1241,state_change,BUSY,assigned_order
1665977234,691,state_change,BUSY,assigned_order
1665977234,3491,state_change,BUSY,assigned_order
1665977234,3246,state_change,BUSY,assigned_order
1665977234,1689,state_change,BUSY,assigned_order
1665977234,2280,state_change,BUSY,assigned_order
1665977234,4342,state_change,BUSY,assigned_order
1665977234,2462,state_change,BUSY,assigned_order
1665977234,106,state_change,BUSY,assigned_order
1665977234,488,state_change,BUSY,assigned_order
1665977234,1042,state_change,BUSY,assigned_order
1665977234,980,state_change,BUSY,assigned_order
1665977234,151,state_change,BUSY,assigned_order
1665977234,2880,state_change,BUSY,assigned_order
1665977234,2554,state_change,BUSY,assigned_order
1665977234,2689,state_change,BUSY,assigned_order
1665977234,373,state_change,BUSY,assigned_order
1665977234,221,state_change,BUSY,assigned_order
1665977234,2659,state_change,BUSY,assigned_order
1665977234,509,state_change,BUSY,assigned_order
1665977234,4803,state_change,BUSY,assigned_order
1665977234,3951,state_change,BUSY,assigned_order
1665977234,3750,state_change,BUSY,assigned_order
1665977234,148,state_change,BUSY,assigned_order
1665977234,627,state_change,BUSY,assigned_order
1665977234,3322,state_change,BUSY,assigned_order
1665977234,800,state_change,BUSY,assigned_order
1665977234,406,state_change,BUSY,assigned_order
1665977234,1304,state_change,BUSY,assigned_order
1665977234,1870,state_change,BUSY,assigned_order
1665977234,2357,state_change,BUSY,assigned_order
1665977234,3911,state_change,BUSY,assigned_order
1665977234,2848,state_change,BUSY,assigned_order
1665977234,3127,state_change,BUSY,assigned_order
1665977234,3318,state_change,BUSY,assigned_order
1665977234,3540,state_change,BUSY,assigned_order
1665977234,4108,state_change,BUSY,assigned_order
1665977234,4267,state_change,BUSY,assigned_order
1665977234,2786,state_change,BUSY,assigned_order
1665977234,3203,state_change,BUSY,assigned_order
1665977234,4276,state_change,BUSY,assigned_order
1665977234,2777,state_change,BUSY,assigned_order
1665977234,3634,state_change,BUSY,assigned_order
1665977234,782,state_change,BUSY,assigned_order
1665977234,2990,state_change,BUSY,assigned_order
1665977234,29,state_change,BUSY,assigned_order
1665977234,1152,state_change,BUSY,assigned_order
1665977234,2144,state_change,BUSY,assigned_order
1665977234,2039,state_change,BUSY,assigned_order
1665977234,2264,state_change,BUSY,assigned_order
1665977234,2431,state_change,BUSY,assigned_order
1665977234,1282,state_change,BUSY,assigned_order
1665977234,4833,state_change,BUSY,assigned_order
1665977234,3140,state_change,BUSY,assigned_order
1665977234,371,state_change,BUSY,assigned_order
1665977234,2041,state_change,BUSY,assigned_order
1665977234,4674,state_change,BUSY,assigned_order
1665977234,3015,state_change,BUSY,assigned_order
1665977234,783,state_change,BUSY,assigned_order
1665977234,633,state_change,BUSY,assigned_order
1665977234,2556,state_change,BUSY,assigned_order
1665977234,3266,state_change,BUSY,assigned_order
1665977234,715,state_change,BUSY,assigned_order
1665977234,162,state_change,BUSY,assigned_order
1665977234,1702,state_change,BUSY,assigned_order
1665977234,748,state_change,BUSY,assigned_order
1665977234,4421,state_change,BUSY,assigned_order
1665977234,552,state_change,BUSY,assigned_order
1665977234,4555,state_change,BUSY,assigned_order
1665977234,1156,state_change,BUSY,assigned_order
1665977234,4752,state_change,BUSY,assigned_order
1665977234,475,state_change,BUSY,assigned_order
1665977234,1323,state_change,BUSY,assigned_order
1665977234,1936,state_change,BUSY,assigned_order
1665977234,4026,state_change,BUSY,assigned_order
1665977234,2784,state_change,BUSY,assigned_order
1665977234,4320,state_change,BUSY,assigned_order
1665977234,876,state_change,BUSY,assigned_order
1665977234,2219,state_change,BUSY,assigned_order
1665977234,2574,state_change,BUSY,assigned_order
1665977234,337,state_change,BUSY,assigned_order
1665977234,2038,state_change,BUSY,assigned_order
1665977234,170,state_change,BUSY,assigned_order
1665977234,3958,state_change,BUSY,assigned_order
1665977234,1727,state_change,BUSY,assigned_order
1665977234,3442,state_change,BUSY,assigned_order
1665977234,1794,state_change,BUSY,assigned_order
1665977234,1164,state_change,BUSY,assigned_order
1665977234,4446,state_change,BUSY,assigned_order
1665977234,1071,state_change,BUSY,assigned_order
1665977234,740,state_change,BUSY,assigned_order
1665977234,113,state_change,BUSY,assigned_order
1665977234,1070,state_change,BUSY,assigned_order
1665977234,1334,state_change,BUSY,assigned_order
1665977234,1153,state_change,BUSY,assigned_order
1665977234,3380,state_change,BUSY,assigned_order
1665977234,761,state_change,BUSY,assigned_order
1665977234,2289,state_change,BUSY,assigned_order
1665977234,2851,state_change,BUSY,assigned_order
1665977234,2658,state_change,BUSY,assigned_order
1665977234,3053,state_change,BUSY,assigned_order
1665977234,159,state_change,BUSY,assigned_order
1665977234,1725,state_change,BUSY,assigned_order
1665977234,2687,state_change,BUSY,assigned_order
1665977234,1719,state_change,BUSY,assigned_order
1665977234,631,state_change,BUSY,assigned_order
1665977234,2300,state_change,BUSY,assigned_order
1665977234,716,state_change,BUSY,assigned_order
1665977234,1953,state_change,BUSY,assigned_order
1665977234,4704,state_change,BUSY,assigned_order
1665977234,356,state_change,BUSY,assigned_order
1665977234,479,state_change,BUSY,assigned_order
1665977234,4317,state_change,BUSY,assigned_order
1665977234,78,state_change,BUSY,assigned_order
1665977234,4128,state_change,BUSY,assigned_order
1665977234,3093,state_change,BUSY,assigned_order
1665977234,1224,state_change,BUSY,assigned_order
1665977234,1641,state_change,BUSY,assigned_order
1665977234,2486,state_change,BUSY,assigned_order
1665977234,720,state_change,BUSY,assigned_order
1665977234,2283,state_change,BUSY,assigned_order
1665977234,3558,state_change,BUSY,assigned_order
1665977234,786,state_change,BUSY,assigned_order
1665977234,717,state_change,BUSY,assigned_order
1665977234,2367,state_change,BUSY,assigned_order
1665977234,4417,state_change,BUSY,assigned_order
1665977234,1308,state_change,BUSY,assigned_order
1665977234,2024,state_change,BUSY,assigned_order
1665977234,4628,state_change,BUSY,assigned_order
1665977234,3570,state_change,BUSY,assigned_order
1665977234,1609,state_change,BUSY,assigned_order
1665977234,98,state_change,BUSY,assigned_order
1665977234,2141,state_change,BUSY,assigned_order
1665977234,1862,state_change,BUSY,assigned_order
1665977234,3134,state_change,BUSY,assigned_order
1665977234,2054,state_change,BUSY,assigned_order
1665977234,1037,state_change,BUSY,assigned_order
1665977234,1445,state_change,BUSY,assigned_order
1665977234,180,state_change,BUSY,assigned_order
1665977234,545,state_change,BUSY,assigned_order
1665977234,4030,state_change,BUSY,assigned_order
1665977234,3518,state_change,BUSY,assigned_order
1665977234,702,state_change,BUSY,assigned_order
1665977234,759,state_change,BUSY,assigned_order
1665977234,4573,state_change,BUSY,assigned_order
1665977234,233,state_change,BUSY,assigned_order
1665977234,3523,state_change,BUSY,assigned_order
1665977234,1448,state_change,BUSY,assigned_order
1665977234,3454,state_change,BUSY,assigned_order
1665977234,2596,state_change,BUSY,assigned_order
1665977234,4082,state_change,BUSY,assigned_order
1665977234,2057,state_change,BUSY,assigned_order
1665977234,3091,state_change,BUSY,assigned_order
1665977234,3373,state_change,BUSY,assigned_order
1665977234,3628,state_change,BUSY,assigned_order
1665977234,1455,state_change,BUSY,assigned_order
1665977234,4029,state_change,BUSY,assigned_order
1665977234,2157,state_change,BUSY,assigned_order
1665977234,194,state_change,BUSY,assigned_order
1665977234,4635,state_change,BUSY,assigned_order
1665977234,855,state_change,BUSY,assigned_order
1665977234,1215,state_change,BUSY,assigned_order
1665977234,3455,state_change,BUSY,assigned_order
1665977234,2940,state_change,BUSY,assigned_order
1665977234,628,state_change,BUSY,assigned_order
1665977234,2030,state_change,BUSY,assigned_order
1665977234,2389,state_change,BUSY,assigned_order
1665977234,3779,state_change,BUSY,assigned_order
1665977234,163,state_change,BUSY,assigned_order
1665977234,3479,state_change,BUSY,assigned_order
1665977234,3265,state_change,BUSY,assigned_order
1665977234,1869,state_change,BUSY,assigned_order
1665977234,4501,state_change,BUSY,assigned_order
1665977234,4624,state_change,BUSY,assigned_order
1665977234,3508,state_change,BUSY,assigned_order
1665977234,4139,state_change,BUSY,assigned_order
1665977234,420,state_change,BUSY,assigned_order
1665977234,1147,state_change,BUSY,assigned_order
1665977234,3817,state_change,BUSY,assigned_order
1665977234,2246,state_change,BUSY,assigned_order
1665977234,1400,state_change,BUSY,assigned_order
1665977234,465,state_change,BUSY,assigned_order
1665977234,4817,state_change,BUSY,assigned_order
1665977234,4329,state_change,BUSY,assigned_order
1665977234,1795,state_change,BUSY,assigned_order
1665977234,1382,state_change,BUSY,assigned_order
1665977234,1658,state_change,BUSY,assigned_order
1665977234,2363,state_change,BUSY,assigned_order
1665977234,3724,state_change,BUSY,assigned_order
1665977234,2062,state_change,BUSY,assigned_order
1665977234,2465,state_change,BUSY,assigned_order
1665977234,756,state_change,BUSY,assigned_order
1665977234,3398,state_change,BUSY,assigned_order
1665977234,138,state_change,BUSY,assigned_order
1665977234,978,state_change,BUSY,assigned_order
1665977234,926,state_change,BUSY,assigned_order
1665977234,2506,state_change,BUSY,assigned_order
1665977234,967,state_change,BUSY,assigned_order
1665977234,4187,state_change,BUSY,assigned_order
1665977234,2667,state_change,BUSY,assigned_order
1665977234,2415,state_change,BUSY,assigned_order
1665977234,1989,state_change,BUSY,assigned_order
1665977234,2480,state_change,BUSY,assigned_order
1665977234,39,state_change,BUSY,assigned_order
1665977234,3955,state_change,BUSY,assigned_order
1665977234,2839,state_change,BUSY,assigned_order
1665977234,178,state_change,BUSY,assigned_order
1665977234,2291,state_change,BUSY,assigned_order
1665977234,1138,state_change,BUSY,assigned_order
1665977234,111,state_change,BUSY,assigned_order
1665977234,2149,state_change,BUSY,assigned_order
1665977234,1792,state_change,BUSY,assigned_order
1665977234,1814,state_change,BUSY,assigned_order
1665977234,4368,state_change,BUSY,assigned_order
1665977234,4014,state_change,BUSY,assigned_order
1665977234,2339,state_change,BUSY,assigned_order
1665977234,3289,state_change,BUSY,assigned_order
1665977234,1742,state_change,BUSY,assigned_order
1665977234,3930,state_change,BUSY,assigned_order
1665977234,4001,state_change,BUSY,assigned_order
1665977234,4465,state_change,BUSY,assigned_order
1665977234,2059,state_change,BUSY,assigned_order
1665977234,766,state_change,BUSY,assigned_order
1665977234,3976,state_change,BUSY,assigned_order
1665977234,2753,state_change,BUSY,assigned_order
1665977234,2229,state_change,BUSY,assigned_order
1665977234,2467,state_change,BUSY,assigned_order
1665977234,2244,state_change,BUSY,assigned_order
1665977234,559,state_change,BUSY,assigned_order
1665977234,969,state_change,BUSY,assigned_order
1665977234,3509,state_change,BUSY,assigned_order
1665977234,1213,state_change,BUSY,assigned_order
1665977234,143,state_change,BUSY,assigned_order
1665977234,1938,state_change,BUSY,assigned_order
1665977234,1655,state_change,BUSY,assigned_order
1665977234,4309,state_change,BUSY,assigned_order
1665977234,1362,state_change,BUSY,assigned_order
1665977234,3259,state_change,BUSY,assigned_order
1665977234,599,state_change,BUSY,assigned_order
1665977234,2754,state_change,BUSY,assigned_order
1665977234,2496,state_change,BUSY,assigned_order
1665977234,3718,state_change,BUSY,assigned_order
1665977234,172,state_change,BUSY,assigned_order
1665977234,3648,state_change,BUSY,assigned_order
1665977234,2541,state_change,BUSY,assigned_order
1665977234,2588,state_change,BUSY,assigned_order
1665977234,1737,state_change,BUSY,assigned_order
1665977234,2388,state_change,BUSY,assigned_order
1665977234,1387,state_change,BUSY,assigned_order
1665977234,3679,state_change,BUSY,assigned_order
1665977234,1676,state_change,BUSY,assigned_order
1665977234,4147,state_change,BUSY,assigned_order
1665977234,3337,state_change,BUSY,assigned_order
1665977234,3008,state_change,BUSY,assigned_order
1665977234,671,state_change,BUSY,assigned_order
1665977234,4044,state_change,BUSY,assigned_order
1665977234,2644,state_change,BUSY,assigned_order
1665977234,1523,state_change,BUSY,assigned_order
1665977234,499,state_change,BUSY,assigned_order
1665977234,271,state_change,BUSY,assigned_order
1665977234,336,state_change,BUSY,assigned_order
1665977414,2061,state_change,AVAILABLE,new_courier
1665977414,1521,state_change,AVAILABLE,new_courier
1665977414,1352,state_change,AVAILABLE,new_courier
1665977414,942,state_change,AVAILABLE,new_courier
1665977414,1897,state_change,AVAILABLE,new_courier
1665977414,1120,state_change,AVAILABLE,new_courier
1665977414,824,state_change,AVAILABLE,new_courier
1665977414,3619,state_change,AVAILABLE,new_courier
1665977414,2438,state_change,AVAILABLE,new_courier
1665977414,3654,state_change,AVAILABLE,new_courier
1665977414,3018,state_change,AVAILABLE,new_courier
1665977414,727,state_change,AVAILABLE,new_courier
1665977414,2214,state_change,AVAILABLE,new_courier
1665977414,956,state_change,AVAILABLE,new_courier
1665977414,4305,state_change,AVAILABLE,new_courier
1665977414,1270,state_change,AVAILABLE,new_courier
1665977414,3029,state_change,AVAILABLE,new_courier
1665977414,906,state_change,AVAILABLE,new_courier
1665977414,363,state_change,AVAILABLE,new_courier
1665977414,934,state_change,AVAILABLE,new_courier
1665977414,290,state_change,AVAILABLE,new_courier
1665977414,1378,state_change,AVAILABLE,new_courier
1665977414,3488,state_change,AVAILABLE,new_courier
1665977414,2064,state_change,AVAILABLE,new_courier
1665977414,487,state_change,AVAILABLE,new_courier
1665977414,2747,state_change,AVAILABLE,new_courier
1665977414,3685,state_change,AVAILABLE,new_courier
1665977414,3286,state_change,AVAILABLE,new_courier
1665977414,1516,state_change,AVAILABLE,new_courier
1665977414,3358,state_change,AVAILABLE,new_courier
1665977414,2443,state_change,AVAILABLE,new_courier
1665977414,1023,state_change,AVAILABLE,new_courier
1665977414,3325,state_change,AVAILABLE,new_courier
1665977414,3331,state_change,AVAILABLE,new_courier
1665977414,601,state_change,AVAILABLE,new_courier
1665977414,4528,state_change,AVAILABLE,new_courier
1665977414,1829,state_change,AVAILABLE,new_courier
1665977414,1816,state_change,AVAILABLE,new_courier
1665977414,827,state_change,AVAILABLE,new_courier
1665977414,4010,state_change,AVAILABLE,new_courier
1665977414,3839,state_change,AVAILABLE,new_courier
1665977414,655,state_change,AVAILABLE,new_courier
1665977414,4021,state_change,AVAILABLE,new_courier
1665977414,4191,state_change,AVAILABLE,new_courier
1665977414,664,state_change,AVAILABLE,new_courier
1665977414,182,state_change,AVAILABLE,new_courier
1665977414,3464,state_change,AVAILABLE,new_courier
1665977414,3065,state_change,AVAILABLE,new_courier
1665977414,2308,state_change,AVAILABLE,new_courier
1665977414,602,state_change,AVAILABLE,new_courier
1665977414,2265,state_change,AVAILABLE,new_courier
1665977414,827,state_change,BUSY,assigned_order
1665977414,916,state_change,BUSY,assigned_order
1665977414,824,state_change,BUSY,assigned_order
1665977414,1063,state_change,BUSY,assigned_order
1665977414,934,state_change,BUSY,assigned_order
1665977414,2438,state_change,BUSY,assigned_order
1665977414,3557,state_change,BUSY,assigned_order
1665977414,956,state_change,BUSY,assigned_order
1665977414,4191,state_change,BUSY,assigned_order
1665977414,3087,state_change,BUSY,assigned_order
1665977414,3267,state_change,BUSY,assigned_order
1665977414,4483,state_change,BUSY,assigned_order
1665977414,1816,state_change,BUSY,assigned_order
1665977414,363,state_change,BUSY,assigned_order
1665977414,1105,state_change,BUSY,assigned_order
1665977414,3603,state_change,BUSY,assigned_order
1665977414,1482,state_change,BUSY,assigned_order
1665977414,3561,state_change,BUSY,assigned_order
1665977414,1927,state_change,BUSY,assigned_order
1665977414,602,state_change,BUSY,assigned_order
1665977414,3464,state_change,BUSY,assigned_order
1665977414,182,state_change,BUSY,assigned_order
1665977414,1352,state_change,BUSY,assigned_order
1665977414,4842,state_change,BUSY,assigned_order
1665977414,4678,state_change,BUSY,assigned_order
1665977414,3325,state_change,BUSY,assigned_order
1665977414,655,state_change,BUSY,assigned_order
1665977414,3829,state_change,BUSY,assigned_order
1665977414,3619,state_change,BUSY,assigned_order
1665977414,4528,state_change,BUSY,assigned_order
1665977414,2061,state_change,BUSY,assigned_order
1665977414,2265,state_change,BUSY,assigned_order
1665977414,664,state_change,BUSY,assigned_order
1665977414,727,state_change,BUSY,assigned_order
1665977414,3839,state_change,BUSY,assigned_order
1665977414,884,state_change,BUSY,assigned_order
1665977414,3331,state_change,BUSY,assigned_order
1665977414,2747,state_change,BUSY,assigned_order
1665977414,3286,state_change,BUSY,assigned_order
1665977414,88,state_change,BUSY,assigned_order
1665977414,909,state_change,BUSY,assigned_order
1665977414,3654,state_change,BUSY,assigned_order
1665977414,2443,state_change,BUSY,assigned_order
1665977414,4375,state_change,BUSY,assigned_order
1665977414,4305,state_change,BUSY,assigned_order
1665977414,2860,state_change,BUSY,assigned_order
1665977414,2308,state_change,BUSY,assigned_order
1665977414,4010,state_change,BUSY,assigned_order
1665977414,1516,state_change,BUSY,assigned_order
1665977414,1023,state_change,BUSY,assigned_order
1665977414,1751,state_change,BUSY,assigned_order
1665977414,1864,state_change,BUSY,assigned_order
1665977414,2064,state_change,BUSY,assigned_order
1665977414,1764,state_change,BUSY,assigned_order
1665977414,681,state_change,BUSY,assigned_order
1665977414,2970,state_change,BUSY,assigned_order
1665977414,3488,state_change,BUSY,assigned_order
1665977414,942,state_change,BUSY,assigned_order
1665977414,1829,state_change,BUSY,assigned_order
1665977414,3065,state_change,BUSY,assigned_order
1665977414,290,state_change,BUSY,assigned_order
1665977414,1378,state_change,BUSY,assigned_order
1665977414,1237,state_change,BUSY,assigned_order
1665977414,1120,state_change,BUSY,assigned_order
1665977414,601,state_change,BUSY,assigned_order
1666063506,415,state_change,AVAILABLE,new_courier
1666063506,2161,state_change,AVAILABLE,new_courier
1666063506,544,state_change,AVAILABLE,new_courier
1666063506,311,state_change,AVAILABLE,new_courier
1666063506,568,state_change,AVAILABLE,new_courier
1666063506,2796,state_change,AVAILABLE,new_courier
1666063506,1234,state_change,AVAILABLE,new_courier
1666063506,2748,state_change,AVAILABLE,new_courier
1666063506,579,state_change,AVAILABLE,new_courier
1666063506,439,state_change,AVAILABLE,new_courier
1666063506,4675,state_change,AVAILABLE,new_courier
1666063506,1520,state_change,AVAILABLE,new_courier
1666063506,417,state_change,AVAILABLE,new_courier
1666063506,3076,state_change,AVAILABLE,new_courier
1666063506,2444,state_change,AVAILABLE,new_courier
1666063506,1822,state_change,AVAILABLE,new_courier
1666063506,2212,state_change,AVAILABLE,new_courier
1666063506,3074,state_change,AVAILABLE,new_courier
1666063506,1812,state_change,AVAILABLE,new_courier
1666063506,3486,state_change,AVAILABLE,new_courier
1666063506,2706,state_change,AVAILABLE,new_courier
1666063506,3037,state_change,AVAILABLE,new_courier
1666063506,2476,state_change,AVAILABLE,new_courier
1666063506,103,state_change,AVAILABLE,new_courier
1666063506,621,state_change,AVAILABLE,new_courier
1666063506,12,state_change,AVAILABLE,new_courier
1666063506,3475,state_change,AVAILABLE,new_courier
1666063506,2493,state_change,AVAILABLE,new_courier
1666063506,687,state_change,AVAILABLE,new_courier
1666063506,1674,state_change,AVAILABLE,new_courier
1666063506,1181,state_change,AVAILABLE,new_courier
1666063506,2703,state_change,AVAILABLE,new_courier
1666063506,4263,state_change,AVAILABLE,new_courier
1666063506,3515,state_change,AVAILABLE,new_courier
1666063506,3364,state_change,AVAILABLE,new_courier
1666063506,3936,state_change,AVAILABLE,new_courier
1666063506,4261,state_change,AVAILABLE,new_courier
1666063506,2641,state_change,AVAILABLE,new_courier
1666063506,3983,state_change,AVAILABLE,new_courier
1666063506,3820,state_change,AVAILABLE,new_courier
1666063506,2257,state_change,AVAILABLE,new_courier
1666063506,3605,state_change,AVAILABLE,new_courier
1666063506,3060,state_change,AVAILABLE,new_courier
1666063506,1293,state_change,AVAILABLE,new_courier
1666063506,3481,state_change,AVAILABLE,new_courier
1666063506,1874,state_change,AVAILABLE,new_courier
1666063506,1301,state_change,AVAILABLE,new_courier
1666063506,4460,state_change,AVAILABLE,new_courier
1666063506,3869,state_change,AVAILABLE,new_courier
1666063506,550,state_change,AVAILABLE,new_courier
1666063506,585,state_change,AVAILABLE,new_courier
1666063506,2151,state_change,AVAILABLE,new_courier
1666063506,1320,state_change,AVAILABLE,new_courier
1666063506,2881,state_change,AVAILABLE,new_courier
1666063506,955,state_change,AVAILABLE,new_courier
1666063506,2013,state_change,AVAILABLE,new_courier
1666063506,2252,state_change,AVAILABLE,new_courier
1666063506,811,state_change,AVAILABLE,new_courier
1666063506,3258,state_change,AVAILABLE,new_courier
1666063506,4458,state_change,AVAILABLE,new_courier
1666063506,3036,state_change,AVAILABLE,new_courier
1666063506,771,state_change,AVAILABLE,new_courier
1666063506,1377,state_change,AVAILABLE,new_courier
1666063506,2348,state_change,AVAILABLE,new_courier
1666063506,374,state_change,AVAILABLE,new_courier
1666063506,110,state_change,AVAILABLE,new_courier
1666063506,521,state_change,AVAILABLE,new_courier
1666063506,3562,state_change,AVAILABLE,new_courier
1666063506,390,state_change,AVAILABLE,new_courier
1666063506,1245,state_change,AVAILABLE,new_courier
1666063506,607,state_change,AVAILABLE,new_courier
1666063506,2585,state_change,AVAILABLE,new_courier
1666063506,1291,state_change,AVAILABLE,new_courier
1666063506,869,state_change,AVAILABLE,new_courier
1666063506,411,state_change,AVAILABLE,new_courier
1666063506,617,state_change,AVAILABLE,new_courier
1666063506,1123,state_change,AVAILABLE,new_courier
1666063506,4184,state_change,AVAILABLE,new_courier
1666063506,4078,state_change,AVAILABLE,new_courier
1666063506,2111,state_change,AVAILABLE,new_courier
1666063506,3059,state_change,AVAILABLE,new_courier
1666063506,1966,state_change,AVAILABLE,new_courier
1666063506,2512,state_change,AVAILABLE,new_courier
1666063506,353,state_change,AVAILABLE,new_courier
1666063506,3997,state_change,AVAILABLE,new_courier
1666063506,3741,state_change,AVAILABLE,new_courier
1666063506,3732,state_change,AVAILABLE,new_courier
1666063506,359,state_change,AVAILABLE,new_courier
1666063506,2975,state_change,AVAILABLE,new_courier
1666063506,464,state_change,AVAILABLE,new_courier
1666063506,2302,state_change,AVAILABLE,new_courier
1666063506,3309,state_change,AVAILABLE,new_courier
1666063506,2548,state_change,AVAILABLE,new_courier
1666063506,3851,state_change,AVAILABLE,new_courier
1666063506,1121,state_change,AVAILABLE,new_courier
1666063506,722,state_change,AVAILABLE,new_courier
1666063506,1492,state_change,AVAILABLE,new_courier
1666063506,1868,state_change,AVAILABLE,new_courier
1666063506,541,state_change,AVAILABLE,new_courier
1666063506,3490,state_change,AVAILABLE,new_courier
1666063506,3021,state_change,AVAILABLE,new_courier
1666063506,1464,state_change,AVAILABLE,new_courier
1666063506,481,state_change,AVAILABLE,new_courier
1666063506,2891,state_change,AVAILABLE,new_courier
1666063506,210,state_change,AVAILABLE,new_courier
1666063506,1939,state_change,AVAILABLE,new_courier
1666063506,423,state_change,AVAILABLE,new_courier
1666063506,2205,state_change,AVAILABLE,new_courier
1666063506,1059,state_change,AVAILABLE,new_courier
1666063506,3046,state_change,AVAILABLE,new_courier
1666063506,2174,state_change,AVAILABLE,new_courier
1666063506,3485,state_change,AVAILABLE,new_courier
1666063506,4716,state_change,AVAILABLE,new_courier
1666063506,1163,state_change,AVAILABLE,new_courier
1666063506,1578,state_change,AVAILABLE,new_courier
1666063506,1714,state_change,AVAILABLE,new_courier
1666063506,3569,state_change,AVAILABLE,new_courier
1666063506,3186,state_change,AVAILABLE,new_courier
1666063506,2945,state_change,AVAILABLE,new_courier
1666063506,3228,state_change,AVAILABLE,new_courier
1666063506,3927,state_change,AVAILABLE,new_courier
1666063506,3070,state_change,AVAILABLE,new_courier
1666063506,845,state_change,AVAILABLE,new_courier
1666063506,2859,state_change,AVAILABLE,new_courier
1666063506,3650,state_change,AVAILABLE,new_courier
1666063506,4028,state_change,AVAILABLE,new_courier
1666063506,3954,state_change,AVAILABLE,new_courier
1666063506,1374,state_change,AVAILABLE,new_courier
1666063506,4222,state_change,AVAILABLE,new_courier
1666063506,962,state_change,AVAILABLE,new_courier
1666063506,1255,state_change,AVAILABLE,new_courier
1666063506,70,state_change,AVAILABLE,new_courier
1666063506,3180,state_change,AVAILABLE,new_courier
1666063506,4048,state_change,AVAILABLE,new_courier
1666063506,3308,state_change,AVAILABLE,new_courier
1666063506,778,state_change,AVAILABLE,new_courier
1666063506,4051,state_change,AVAILABLE,new_courier
1666063506,4070,state_change,AVAILABLE,new_courier
1666063506,4619,state_change,AVAILABLE,new_courier
1666063506,883,state_change,AVAILABLE,new_courier
1666063506,3353,state_change,AVAILABLE,new_courier
1666063506,1371,state_change,AVAILABLE,new_courier
1666063506,2198,state_change,AVAILABLE,new_courier
1666063506,2012,state_change,AVAILABLE,new_courier
1666063506,3231,state_change,AVAILABLE,new_courier
1666063506,3998,state_change,AVAILABLE,new_courier
1666063506,4140,state_change,AVAILABLE,new_courier
1666063506,2116,state_change,AVAILABLE,new_courier
1666063506,2633,state_change,AVAILABLE,new_courier
1666063506,1924,state_change,AVAILABLE,new_courier
1666063506,386,state_change,AVAILABLE,new_courier
1666063506,2933,state_change,AVAILABLE,new_courier
1666063506,2647,state_change,AVAILABLE,new_courier
1666063506,2686,state_change,AVAILABLE,new_courier
1666063506,2986,state_change,AVAILABLE,new_courier
1666063506,2425,state_change,AVAILABLE,new_courier
1666063506,2327,state_change,AVAILABLE,new_courier
1666063506,2657,state_change,AVAILABLE,new_courier
1666063506,1570,state_change,AVAILABLE,new_courier
1666063506,2402,state_change,AVAILABLE,new_courier
1666063506,1833,state_change,AVAILABLE,new_courier
1666063506,3416,state_change,AVAILABLE,new_courier
1666063506,3014,state_change,AVAILABLE,new_courier
1666063506,4895,state_change,AVAILABLE,new_courier
1666063506,2386,state_change,AVAILABLE,new_courier
1666063506,3749,state_change,AVAILABLE,new_courier
1666063506,2391,state_change,AVAILABLE,new_courier
1666063506,2019,state_change,AVAILABLE,new_courier
1666063506,3296,state_change,AVAILABLE,new_courier
1666063506,2231,state_change,AVAILABLE,new_courier
1666063506,530,state_change,AVAILABLE,new_courier
1666063506,812,state_change,AVAILABLE,new_courier
1666063506,3651,state_change,AVAILABLE,new_courier
1666063506,1072,state_change,AVAILABLE,new_courier
1666063506,2587,state_change,AVAILABLE,new_courier
1666063506,985,state_change,AVAILABLE,new_courier
1666063506,2124,state_change,AVAILABLE,new_courier
1666063506,2904,state_change,AVAILABLE,new_courier
1666063506,490,state_change,AVAILABLE,new_courier
1666063506,450,state_change,AVAILABLE,new_courier
1666063506,1431,state_change,AVAILABLE,new_courier
1666063506,874,state_change,AVAILABLE,new_courier
1666063506,944,state_change,AVAILABLE,new_courier
1666063506,1188,state_change,AVAILABLE,new_courier
1666063506,3571,state_change,AVAILABLE,new_courier
1666063506,4058,state_change,AVAILABLE,new_courier
1666063506,1395,state_change,AVAILABLE,new_courier
1666063506,1005,state_change,AVAILABLE,new_courier
1666063506,990,state_change,AVAILABLE,new_courier
1666063506,612,state_change,AVAILABLE,new_courier
1666063506,508,state_change,AVAILABLE,new_courier
1666063506,1032,state_change,AVAILABLE,new_courier
1666063506,4772,state_change,AVAILABLE,new_courier
1666063506,2137,state_change,AVAILABLE,new_courier
1666063506,256,state_change,AVAILABLE,new_courier
1666063506,4420,state_change,AVAILABLE,new_courier
1666063506,3901,state_change,AVAILABLE,new_courier
1666063506,2143,state_change,AVAILABLE,new_courier
1666063506,177,state_change,AVAILABLE,new_courier
1666063506,994,state_change,AVAILABLE,new_courier
1666063506,1045,state_change,AVAILABLE,new_courier
1666063506,102,state_change,AVAILABLE,new_courier
1666063506,2603,state_change,AVAILABLE,new_courier
1666063506,2138,state_change,AVAILABLE,new_courier
1666063506,382,state_change,AVAILABLE,new_courier
1666063506,3221,state_change,AVAILABLE,new_courier
1666063506,3683,state_change,AVAILABLE,new_courier
1666063506,467,state_change,AVAILABLE,new_courier
1666063506,1898,state_change,AVAILABLE,new_courier
1666063506,1683,state_change,AVAILABLE,new_courier
1666063506,578,state_change,AVAILABLE,new_courier
1666063506,3328,state_change,AVAILABLE,new_courier
1666063506,4339,state_change,AVAILABLE,new_courier
1666063506,3621,state_change,AVAILABLE,new_courier
1666063506,4383,state_change,AVAILABLE,new_courier
1666063506,4120,state_change,AVAILABLE,new_courier
1666063506,4507,state_change,AVAILABLE,new_courier
1666063506,1825,state_change,AVAILABLE,new_courier
1666063506,247,state_change,AVAILABLE,new_courier
1666063506,821,state_change,AVAILABLE,new_courier
1666063506,310,state_change,AVAILABLE,new_courier
1666063506,3672,state_change,AVAILABLE,new_courier
1666063506,2294,state_change,AVAILABLE,new_courier
1666063506,1398,state_change,AVAILABLE,new_courier
1666063506,1971,state_change,AVAILABLE,new_courier
1666063506,826,state_change,AVAILABLE,new_courier
1666063506,1906,state_change,AVAILABLE,new_courier
1666063506,1878,state_change,AVAILABLE,new_courier
1666063506,3686,state_change,AVAILABLE,new_courier
1666063506,1344,state_change,AVAILABLE,new_courier
1666063506,846,state_change,AVAILABLE,new_courier
1666063506,4565,state_change,AVAILABLE,new_courier
1666063506,1036,state_change,AVAILABLE,new_courier
1666063506,153,state_change,AVAILABLE,new_courier
1666063506,4188,state_change,AVAILABLE,new_courier
1666063506,4661,state_change,AVAILABLE,new_courier
1666063506,3407,state_change,AVAILABLE,new_courier
1666063506,809,state_change,AVAILABLE,new_courier
1666063506,1782,state_change,AVAILABLE,new_courier
1666063506,276,state_change,AVAILABLE,new_courier
1666063506,4333,state_change,AVAILABLE,new_courier
1666063506,3025,state_change,AVAILABLE,new_courier
1666063506,3389,state_change,AVAILABLE,new_courier
1666063506,3946,state_change,AVAILABLE,new_courier
1666063506,408,state_change,AVAILABLE,new_courier
1666063506,3960,state_change,AVAILABLE,new_courier
1666063506,304,state_change,AVAILABLE,new_courier
1666063506,1575,state_change,AVAILABLE,new_courier
1666063506,1509,state_change,AVAILABLE,new_courier
1666063506,523,state_change,AVAILABLE,new_courier
1666063506,4620,state_change,AVAILABLE,new_courier
1666063506,3593,state_change,AVAILABLE,new_courier
1666063506,1819,state_change,AVAILABLE,new_courier
1666063506,4444,state_change,AVAILABLE,new_courier
1666063506,4089,state_change,AVAILABLE,new_courier
1666063506,4123,state_change,AVAILABLE,new_courier
1666063506,1902,state_change,AVAILABLE,new_courier
1666063506,2804,state_change,AVAILABLE,new_courier
1666063506,2199,state_change,AVAILABLE,new_courier
1666063506,2305,state_change,AVAILABLE,new_courier
1666063506,3163,state_change,AVAILABLE,new_courier
1666063506,615,state_change,AVAILABLE,new_courier
1666063506,724,state_change,AVAILABLE,new_courier
1666063506,2489,state_change,AVAILABLE,new_courier
1666063506,2445,state_change,AVAILABLE,new_courier
1666063506,3743,state_change,AVAILABLE,new_courier
1666063506,3776,state_change,AVAILABLE,new_courier
1666063506,1199,state_change,AVAILABLE,new_courier
1666063506,788,state_change,AVAILABLE,new_courier
1666063506,4032,state_change,AVAILABLE,new_courier
1666063506,1108,state_change,AVAILABLE,new_courier
1666063506,3225,state_change,AVAILABLE,new_courier
1666063506,4136,state_change,AVAILABLE,new_courier
1666063506,3041,state_change,AVAILABLE,new_courier
1666063506,4686,state_change,AVAILABLE,new_courier
1666063506,3798,state_change,AVAILABLE,new_courier
1666063506,3644,state_change,AVAILABLE,new_courier
1666063506,2640,state_change,AVAILABLE,new_courier
1666063506,2262,state_change,AVAILABLE,new_courier
1666063506,1025,state_change,AVAILABLE,new_courier
1666063506,379,state_change,AVAILABLE,new_courier
1666063506,1541,state_change,AVAILABLE,new_courier
1666063506,441,state_change,AVAILABLE,new_courier
1666063506,1267,state_change,AVAILABLE,new_courier
1666063506,654,state_change,AVAILABLE,new_courier
1666063506,1326,state_change,AVAILABLE,new_courier
1666063506,2670,state_change,AVAILABLE,new_courier
1666063506,1844,state_change,AVAILABLE,new_courier
1666063506,3473,state_change,AVAILABLE,new_courier
1666063506,3035,state_change,AVAILABLE,new_courier
1666063506,1954,state_change,AVAILABLE,new_courier
1666063506,3260,state_change,AVAILABLE,new_courier
1666063506,2349,state_change,AVAILABLE,new_courier
1666063506,2962,state_change,AVAILABLE,new_courier
1666063506,3148,state_change,AVAILABLE,new_courier
1666063506,1469,state_change,AVAILABLE,new_courier
1666063506,3560,state_change,AVAILABLE,new_courier
1666063506,636,state_change,AVAILABLE,new_courier
1666063506,2560,state_change,AVAILABLE,new_courier
1666063506,360,state_change,AVAILABLE,new_courier
1666063506,4153,state_change,AVAILABLE,new_courier
1666063506,2293,state_change,AVAILABLE,new_courier
1666063506,901,state_change,AVAILABLE,new_courier
1666063506,4943,state_change,AVAILABLE,new_courier
1666063506,911,state_change,AVAILABLE,new_courier
1666063506,4059,state_change,AVAILABLE,new_courier
1666063506,648,state_change,AVAILABLE,new_courier
1666063506,945,state_change,AVAILABLE,new_courier
1666063506,1615,state_change,AVAILABLE,new_courier
1666063506,2790,state_change,AVAILABLE,new_courier
1666063506,3108,state_change,AVAILABLE,new_courier
1666063506,2328,state_change,AVAILABLE,new_courier
1666063506,2916,state_change,AVAILABLE,new_courier
1666063506,700,state_change,AVAILABLE,new_courier
1666063506,975,state_change,AVAILABLE,new_courier
1666063506,4219,state_change,AVAILABLE,new_courier
1666063506,3664,state_change,AVAILABLE,new_courier
1666063506,2855,state_change,AVAILABLE,new_courier
1666063506,3125,state_change,AVAILABLE,new_courier
1666063506,54,state_change,AVAILABLE,new_courier
1666063506,1613,state_change,AVAILABLE,new_courier
1666063506,774,state_change,AVAILABLE,new_courier
1666063506,4283,state_change,AVAILABLE,new_courier
1666063506,657,state_change,AVAILABLE,new_courier
1666063506,1793,state_change,AVAILABLE,new_courier
1666063506,2093,state_change,AVAILABLE,new_courier
1666063506,3506,state_change,AVAILABLE,new_courier
1666063506,1943,state_change,AVAILABLE,new_courier
1666063506,3169,state_change,AVAILABLE,new_courier
1666063506,2310,state_change,AVAILABLE,new_courier
1666063506,1103,state_change,AVAILABLE,new_courier
1666063506,2422,state_change,AVAILABLE,new_courier
1666063506,1974,state_change,AVAILABLE,new_courier
1666063506,3617,state_change,AVAILABLE,new_courier
1666063506,2523,state_change,AVAILABLE,new_courier
1666063506,3988,state_change,AVAILABLE,new_courier
1666063506,918,state_change,AVAILABLE,new_courier
1666063506,366,state_change,AVAILABLE,new_courier
1666063506,992,state_change,AVAILABLE,new_courier
1666063506,384,state_change,AVAILABLE,new_courier
1666063506,3406,state_change,AVAILABLE,new_courier
1666063506,2528,state_change,AVAILABLE,new_courier
1666063506,4680,state_change,AVAILABLE,new_courier
1666063506,1752,state_change,AVAILABLE,new_courier
1666063506,1604,state_change,AVAILABLE,new_courier
1666063506,4378,state_change,AVAILABLE,new_courier
1666063506,3629,state_change,AVAILABLE,new_courier
1666063506,598,state_change,AVAILABLE,new_courier
1666063506,879,state_change,AVAILABLE,new_courier
1666063506,1206,state_change,AVAILABLE,new_courier
1666063506,1717,state_change,AVAILABLE,new_courier
1666063506,4649,state_change,AVAILABLE,new_courier
1666063506,3188,state_change,AVAILABLE,new_courier
1666063506,2194,state_change,AVAILABLE,new_courier
1666063506,460,state_change,AVAILABLE,new_courier
1666063506,4618,state_change,AVAILABLE,new_courier
1666063506,3884,state_change,AVAILABLE,new_courier
1666063506,2482,state_change,AVAILABLE,new_courier
1666063506,725,state_change,AVAILABLE,new_courier
1666063506,746,state_change,AVAILABLE,new_courier
1666063506,2268,state_change,AVAILABLE,new_courier
1666063506,2909,state_change,AVAILABLE,new_courier
1666063506,1612,state_change,AVAILABLE,new_courier
1666063506,2944,state_change,AVAILABLE,new_courier
1666063506,3439,state_change,AVAILABLE,new_courier
1666063506,1173,state_change,AVAILABLE,new_courier
1666063506,1278,state_change,AVAILABLE,new_courier
1666063506,2140,state_change,AVAILABLE,new_courier
1666063506,45,state_change,AVAILABLE,new_courier
1666063506,4856,state_change,AVAILABLE,new_courier
1666063506,1454,state_change,AVAILABLE,new_courier
1666063506,1488,state_change,AVAILABLE,new_courier
1666063506,2586,state_change,AVAILABLE,new_courier
1666063506,4269,state_change,AVAILABLE,new_courier
1666063506,1026,state_change,AVAILABLE,new_courier
1666063506,4277,state_change,AVAILABLE,new_courier
1666063506,635,state_change,AVAILABLE,new_courier
1666063506,480,state_change,AVAILABLE,new_courier
1666063506,3756,state_change,AVAILABLE,new_courier
1666063506,213,state_change,AVAILABLE,new_courier
1666063506,3922,state_change,AVAILABLE,new_courier
1666063506,2103,state_change,AVAILABLE,new_courier
1666063506,466,state_change,AVAILABLE,new_courier
1666063506,3043,state_change,AVAILABLE,new_courier
1666063506,399,state_change,AVAILABLE,new_courier
1666063506,3327,state_change,AVAILABLE,new_courier
1666063506,449,state_change,AVAILABLE,new_courier
1666063506,1137,state_change,AVAILABLE,new_courier
1666063506,679,state_change,AVAILABLE,new_courier
1666063506,2242,state_change,AVAILABLE,new_courier
1666063506,367,state_change,AVAILABLE,new_courier
1666063506,3109,state_change,AVAILABLE,new_courier
1666063506,2648,state_change,AVAILABLE,new_courier
1666063506,2379,state_change,AVAILABLE,new_courier
1666063506,1753,state_change,AVAILABLE,new_courier
1666063506,3645,state_change,AVAILABLE,new_courier
1666063506,2818,state_change,AVAILABLE,new_courier
1666063506,3615,state_change,AVAILABLE,new_courier
1666063506,2643,state_change,AVAILABLE,new_courier
1666063506,810,state_change,AVAILABLE,new_courier
1666063506,2811,state_change,AVAILABLE,new_courier
1666063506,4604,state_change,AVAILABLE,new_courier
1666063506,590,state_change,AVAILABLE,new_courier
1666063506,1647,state_change,AVAILABLE,new_courier
1666063506,765,state_change,AVAILABLE,new_courier
1666063506,1636,state_change,AVAILABLE,new_courier
1666063506,2033,state_change,AVAILABLE,new_courier
1666063506,3467,state_change,AVAILABLE,new_courier
1666063506,4513,state_change,AVAILABLE,new_courier
1666063506,4673,state_change,AVAILABLE,new_courier
1666063506,1517,state_change,AVAILABLE,new_courier
1666063506,4363,state_change,AVAILABLE,new_courier
1666063506,576,state_change,AVAILABLE,new_courier
1666063506,3663,state_change,AVAILABLE,new_courier
1666063506,1758,state_change,AVAILABLE,new_courier
1666063506,2461,state_change,AVAILABLE,new_courier
1666063506,3853,state_change,AVAILABLE,new_courier
1666063506,2817,state_change,AVAILABLE,new_courier
1666063506,3800,state_change,AVAILABLE,new_courier
1666063506,396,state_change,AVAILABLE,new_courier
1666063506,4214,state_change,AVAILABLE,new_courier
1666063506,3338,state_change,AVAILABLE,new_courier
1666063506,4459,state_change,AVAILABLE,new_courier
1666063506,3051,state_change,AVAILABLE,new_courier
1666063506,4233,state_change,AVAILABLE,new_courier
1666063506,3168,state_change,AVAILABLE,new_courier
1666063506,2279,state_change,AVAILABLE,new_courier
1666063506,3981,state_change,AVAILABLE,new_courier
1666063506,4121,state_change,AVAILABLE,new_courier
1666063506,1380,state_change,AVAILABLE,new_courier
1666063506,4625,state_change,AVAILABLE,new_courier
1666063506,436,state_change,AVAILABLE,new_courier
1666063506,1477,state_change,AVAILABLE,new_courier
1666063506,2094,state_change,AVAILABLE,new_courier
1666063506,2491,state_change,AVAILABLE,new_courier
1666063506,839,state_change,AVAILABLE,new_courier
1666063506,2326,state_change,AVAILABLE,new_courier
1666063506,1196,state_change,AVAILABLE,new_courier
1666063506,1248,state_change,AVAILABLE,new_courier
1666063506,2401,state_change,AVAILABLE,new_courier
1666063506,3161,state_change,AVAILABLE,new_courier
1666063506,1596,state_change,AVAILABLE,new_courier
1666063506,4190,state_change,AVAILABLE,new_courier
1666063506,4359,state_change,AVAILABLE,new_courier
1666063506,4709,state_change,AVAILABLE,new_courier
1666063506,4080,state_change,AVAILABLE,new_courier
1666063506,150,state_change,AVAILABLE,new_courier
1666063506,3287,state_change,AVAILABLE,new_courier
1666063506,2665,state_change,AVAILABLE,new_courier
1666063506,3249,state_change,AVAILABLE,new_courier
1666063506,1313,state_change,AVAILABLE,new_courier
1666063506,4834,state_change,AVAILABLE,new_courier
1666063506,1672,state_change,AVAILABLE,new_courier
1666063506,2580,state_change,AVAILABLE,new_courier
1666063506,3618,state_change,AVAILABLE,new_courier
1666063506,1806,state_change,AVAILABLE,new_courier
1666063506,4793,state_change,AVAILABLE,new_courier
1666063506,3803,state_change,AVAILABLE,new_courier
1666063506,1722,state_change,AVAILABLE,new_courier
1666063506,4907,state_change,AVAILABLE,new_courier
1666063506,3445,state_change,AVAILABLE,new_courier
1666063506,2316,state_change,AVAILABLE,new_courier
1666063506,4142,state_change,AVAILABLE,new_courier
1666063506,2926,state_change,AVAILABLE,new_courier
1666063506,2888,state_change,AVAILABLE,new_courier
1666063506,3821,state_change,AVAILABLE,new_courier
1666063506,3769,state_change,AVAILABLE,new_courier
1666063506,4127,state_change,AVAILABLE,new_courier
1666063506,1659,state_change,AVAILABLE,new_courier
1666063506,2014,state_change,AVAILABLE,new_courier
1666063506,2475,state_change,AVAILABLE,new_courier
1666063506,3448,state_change,AVAILABLE,new_courier
1666063506,605,state_change,AVAILABLE,new_courier
1666063506,3947,state_change,AVAILABLE,new_courier
1666063506,2746,state_change,AVAILABLE,new_courier
1666063506,2656,state_change,AVAILABLE,new_courier
1666063506,431,state_change,AVAILABLE,new_courier
1666063506,2847,state_change,AVAILABLE,new_courier
1666063506,1842,state_change,AVAILABLE,new_courier
1666063506,2449,state_change,AVAILABLE,new_courier
1666063506,3066,state_change,AVAILABLE,new_courier
1666063506,4102,state_change,AVAILABLE,new_courier
1666063506,3838,state_change,AVAILABLE,new_courier
1666063506,4802,state_change,AVAILABLE,new_courier
1666063506,1518,state_change,AVAILABLE,new_courier
1666063506,895,state_change,AVAILABLE,new_courier
1666063506,2561,state_change,AVAILABLE,new_courier
1666063506,4428,state_change,AVAILABLE,new_courier
1666063506,3528,state_change,AVAILABLE,new_courier
1666063506,3848,state_change,AVAILABLE,new_courier
1666063506,468,state_change,AVAILABLE,new_courier
1666063506,641,state_change,AVAILABLE,new_courier
1666063506,1881,state_change,AVAILABLE,new_courier
1666063506,1867,state_change,AVAILABLE,new_courier
1666063506,1315,state_change,AVAILABLE,new_courier
1666063506,2175,state_change,AVAILABLE,new_courier
1666063506,4580,state_change,AVAILABLE,new_courier
1666063506,2540,state_change,AVAILABLE,new_courier
1666063506,705,state_change,AVAILABLE,completed_delivery
1666063506,392,state_change,AVAILABLE,completed_delivery
1666063506,3248,state_change,AVAILABLE,completed_delivery
1666063506,993,state_change,AVAILABLE,completed_delivery
1666063506,4183,state_change,AVAILABLE,completed_delivery
1666063506,1877,state_change,AVAILABLE,completed_delivery
1666063506,51,state_change,AVAILABLE,completed_delivery
1666063506,236,state_change,AVAILABLE,completed_delivery
1666063506,4702,state_change,AVAILABLE,completed_delivery
1666063506,2065,state_change,AVAILABLE,completed_delivery
1666063506,4360,state_change,AVAILABLE,completed_delivery
1666063506,1586,state_change,AVAILABLE,completed_delivery
1666063506,2123,state_change,AVAILABLE,completed_delivery
1666063506,1556,state_change,AVAILABLE,completed_delivery
1666063506,1283,state_change,AVAILABLE,completed_delivery
1666063506,3434,state_change,AVAILABLE,completed_delivery
1666063506,2182,state_change,AVAILABLE,completed_delivery
1666063506,1499,state_change,AVAILABLE,completed_delivery
1666063506,2956,state_change,AVAILABLE,completed_delivery
1666063506,2118,state_change,AVAILABLE,completed_delivery
1666063506,2433,state_change,AVAILABLE,completed_delivery
1666063506,4194,state_change,AVAILABLE,completed_delivery
1666063506,251,state_change,AVAILABLE,completed_delivery
1666063506,3334,state_change,AVAILABLE,completed_delivery
1666063506,3483,state_change,AVAILABLE,completed_delivery
1666063506,4172,state_change,AVAILABLE,completed_delivery
1666063506,2589,state_change,AVAILABLE,completed_delivery
1666063506,3257,state_change,AVAILABLE,completed_delivery
1666063506,505,state_change,AVAILABLE,completed_delivery
1666063506,684,state_change,AVAILABLE,completed_delivery
1666063506,4377,state_change,AVAILABLE,completed_delivery
1666063506,1894,state_change,AVAILABLE,completed_delivery
1666063506,3015,state_change,AVAILABLE,completed_delivery
1666063506,1043,state_change,AVAILABLE,completed_delivery
1666063506,429,state_change,AVAILABLE,completed_delivery
1666063506,1773,state_change,AVAILABLE,completed_delivery
1666063506,3131,state_change,AVAILABLE,completed_delivery
1666063506,2117,state_change,AVAILABLE,completed_delivery
1666063506,3217,state_change,AVAILABLE,completed_delivery
1666063506,867,state_change,AVAILABLE,completed_delivery
1666063506,1950,state_change,AVAILABLE,completed_delivery
1666063506,1512,state_change,AVAILABLE,completed_delivery
1666063506,3899,state_change,AVAILABLE,completed_delivery
1666063506,418,state_change,AVAILABLE,completed_delivery
1666063506,1220,state_change,AVAILABLE,completed_delivery
1666063506,2080,state_change,AVAILABLE,completed_delivery
1666063506,319,state_change,AVAILABLE,completed_delivery
1666063506,99,state_change,AVAILABLE,completed_delivery
1666063506,3413,state_change,AVAILABLE,completed_delivery
1666063506,2724,state_change,AVAILABLE,completed_delivery
1666063506,289,state_change,AVAILABLE,completed_delivery
1666063506,3091,state_change,AVAILABLE,completed_delivery
1666063506,2685,state_change,AVAILABLE,completed_delivery
1666063506,149,state_change,AVAILABLE,completed_delivery
1666063506,2189,state_change,AVAILABLE,completed_delivery
1666063506,1937,state_change,AVAILABLE,completed_delivery
1666063506,2353,state_change,AVAILABLE,completed_delivery
1666063506,3034,state_change,AVAILABLE,completed_delivery
1666063506,2365,state_change,AVAILABLE,completed_delivery
1666063506,3130,state_change,AVAILABLE,completed_delivery
1666063506,711,state_change,AVAILABLE,completed_delivery
1666063506,3128,state_change,AVAILABLE,completed_delivery
1666063506,2556,state_change,AVAILABLE,completed_delivery
1666063506,2295,state_change,AVAILABLE,completed_delivery
1666063506,2563,state_change,AVAILABLE,completed_delivery
1666063506,2781,state_change,AVAILABLE,completed_delivery
1666063506,2913,state_change,AVAILABLE,completed_delivery
1666063506,1905,state_change,AVAILABLE,completed_delivery
1666063506,2270,state_change,AVAILABLE,completed_delivery
1666063506,1728,state_change,AVAILABLE,completed_delivery
1666063506,2300,state_change,AVAILABLE,completed_delivery
1666063506,3801,state_change,AVAILABLE,completed_delivery
1666063506,1105,state_change,AVAILABLE,completed_delivery
1666063506,618,state_change,AVAILABLE,completed_delivery
1666063506,690,state_change,AVAILABLE,completed_delivery
1666063506,63,state_change,AVAILABLE,completed_delivery
1666063506,2409,state_change,AVAILABLE,completed_delivery
1666063506,2060,state_change,AVAILABLE,completed_delivery
1666063506,2870,state_change,AVAILABLE,completed_delivery
1666063506,3726,state_change,AVAILABLE,completed_delivery
1666063506,231,state_change,AVAILABLE,completed_delivery
1666063506,2407,state_change,AVAILABLE,completed_delivery
1666063506,4030,state_change,AVAILABLE,completed_delivery
1666063506,1657,state_change,AVAILABLE,completed_delivery
1666063506,2288,state_change,AVAILABLE,completed_delivery
1666063506,1712,state_change,AVAILABLE,completed_delivery
1666063506,2097,state_change,AVAILABLE,completed_delivery
1666063506,701,state_change,AVAILABLE,completed_delivery
1666063506,2674,state_change,AVAILABLE,completed_delivery
1666063506,984,state_change,AVAILABLE,completed_delivery
1666063506,3350,state_change,AVAILABLE,completed_delivery
1666063506,24,state_change,AVAILABLE,completed_delivery
1666063506,2484,state_change,AVAILABLE,completed_delivery
1666063506,2309,state_change,AVAILABLE,completed_delivery
1666063506,503,state_change,AVAILABLE,completed_delivery
1666063506,78,state_change,AVAILABLE,completed_delivery
1666063506,2959,state_change,AVAILABLE,completed_delivery
1666063506,859,state_change,AVAILABLE,completed_delivery
1666063506,1611,state_change,AVAILABLE,completed_delivery
1666063506,385,state_change,AVAILABLE,completed_delivery
1666063506,1626,state_change,AVAILABLE,completed_delivery
1666063506,1968,state_change,AVAILABLE,completed_delivery
1666063506,4311,state_change,AVAILABLE,completed_delivery
1666063506,856,state_change,AVAILABLE,completed_delivery
1666063506,1938,state_change,AVAILABLE,completed_delivery
1666063506,3000,state_change,AVAILABLE,completed_delivery
1666063506,1332,state_change,AVAILABLE,completed_delivery
1666063506,122,state_change,AVAILABLE,completed_delivery
1666063506,2230,state_change,AVAILABLE,completed_delivery
1666063506,801,state_change,AVAILABLE,completed_delivery
1666063506,349,state_change,AVAILABLE,completed_delivery
1666063506,4430,state_change,AVAILABLE,completed_delivery
1666063506,2076,state_change,AVAILABLE,completed_delivery
1666063506,227,state_change,AVAILABLE,completed_delivery
1666063506,64,state_change,AVAILABLE,completed_delivery
1666063506,1294,state_change,AVAILABLE,completed_delivery
1666063506,575,state_change,AVAILABLE,completed_delivery
1666063506,2710,state_change,AVAILABLE,completed_delivery
1666063506,1879,state_change,AVAILABLE,completed_delivery
1666063506,2813,state_change,AVAILABLE,completed_delivery
1666063506,2276,state_change,AVAILABLE,completed_delivery
1666063506,206,state_change,AVAILABLE,completed_delivery
1666063506,371,state_change,AVAILABLE,completed_delivery
1666063506,1993,state_change,AVAILABLE,completed_delivery
1666063506,1505,state_change,AVAILABLE,completed_delivery
1666063506,1567,state_change,AVAILABLE,completed_delivery
1666063506,3725,state_change,AVAILABLE,completed_delivery
1666063506,929,state_change,AVAILABLE,completed_delivery
1666063506,1329,state_change,AVAILABLE,completed_delivery
1666063506,3873,state_change,AVAILABLE,completed_delivery
1666063506,4413,state_change,AVAILABLE,completed_delivery
1666063506,2082,state_change,AVAILABLE,completed_delivery
1666063506,496,state_change,AVAILABLE,completed_delivery
1666063506,2160,state_change,AVAILABLE,completed_delivery
1666063506,2431,state_change,AVAILABLE,completed_delivery
1666063506,1568,state_change,AVAILABLE,completed_delivery
1666063506,2848,state_change,AVAILABLE,completed_delivery
1666063506,2289,state_change,AVAILABLE,completed_delivery
1666063506,1257,state_change,AVAILABLE,completed_delivery
1666063506,3333,state_change,AVAILABLE,completed_delivery
1666063506,2921,state_change,AVAILABLE,completed_delivery
1666063506,3620,state_change,AVAILABLE,completed_delivery
1666063506,1186,state_change,AVAILABLE,completed_delivery
1666063506,1263,state_change,AVAILABLE,completed_delivery
1666063506,558,state_change,AVAILABLE,completed_delivery
1666063506,2862,state_change,AVAILABLE,completed_delivery
1666063506,1175,state_change,AVAILABLE,completed_delivery
1666063506,2836,state_change,AVAILABLE,completed_delivery
1666063506,373,state_change,AVAILABLE,completed_delivery
1666063506,1585,state_change,AVAILABLE,completed_delivery
1666063506,339,state_change,AVAILABLE,completed_delivery
1666063506,2380,state_change,AVAILABLE,completed_delivery
1666063506,2851,state_change,AVAILABLE,completed_delivery
1666063506,2150,state_change,AVAILABLE,completed_delivery
1666063506,444,state_change,AVAILABLE,completed_delivery
1666063506,151,state_change,AVAILABLE,completed_delivery
1666063506,3428,state_change,AVAILABLE,completed_delivery
1666063506,3874,state_change,AVAILABLE,completed_delivery
1666063506,2694,state_change,AVAILABLE,completed_delivery
1666063506,1205,state_change,AVAILABLE,completed_delivery
1666063506,2303,state_change,AVAILABLE,completed_delivery
1666063506,747,state_change,AVAILABLE,completed_delivery
1666063506,804,state_change,AVAILABLE,completed_delivery
1666063506,1166,state_change,AVAILABLE,completed_delivery
1666063506,369,state_change,AVAILABLE,completed_delivery
1666063506,364,state_change,AVAILABLE,completed_delivery
1666063506,851,state_change,AVAILABLE,completed_delivery
1666063506,3289,state_change,AVAILABLE,completed_delivery
1666063506,3218,state_change,AVAILABLE,completed_delivery
1666063506,511,state_change,AVAILABLE,completed_delivery
1666063506,2423,state_change,AVAILABLE,completed_delivery
1666063506,776,state_change,AVAILABLE,completed_delivery
1666063506,1046,state_change,AVAILABLE,completed_delivery
1666063506,3003,state_change,AVAILABLE,completed_delivery
1666063506,1926,state_change,AVAILABLE,completed_delivery
1666063506,1347,state_change,AVAILABLE,completed_delivery
1666063506,4074,state_change,AVAILABLE,completed_delivery
1666063506,4701,state_change,AVAILABLE,completed_delivery
1666063506,1589,state_change,AVAILABLE,completed_delivery
1666063506,1732,state_change,AVAILABLE,completed_delivery
1666063506,3430,state_change,AVAILABLE,completed_delivery
1666063506,485,state_change,AVAILABLE,completed_delivery
1666063506,1525,state_change,AVAILABLE,completed_delivery
1666063506,3153,state_change,AVAILABLE,completed_delivery
1666063506,2266,state_change,AVAILABLE,completed_delivery
1666063506,2901,state_change,AVAILABLE,completed_delivery
1666063506,1462,state_change,AVAILABLE,completed_delivery
1666063506,219,state_change,AVAILABLE,completed_delivery
1666063506,1126,state_change,AVAILABLE,completed_delivery
1666063506,4088,state_change,AVAILABLE,completed_delivery
1666063506,884,state_change,AVAILABLE,completed_delivery
1666063506,225,state_change,AVAILABLE,completed_delivery
1666063506,4315,state_change,AVAILABLE,completed_delivery
1666063506,1552,state_change,AVAILABLE,completed_delivery
1666063506,3684,state_change,AVAILABLE,completed_delivery
1666063506,973,state_change,AVAILABLE,completed_delivery
1666063506,825,state_change,AVAILABLE,completed_delivery
1666063506,3291,state_change,AVAILABLE,completed_delivery
1666063506,749,state_change,AVAILABLE,completed_delivery
1666063506,656,state_change,AVAILABLE,completed_delivery
1666063506,2595,state_change,AVAILABLE,completed_delivery
1666063506,920,state_change,AVAILABLE,completed_delivery
1666063506,3787,state_change,AVAILABLE,completed_delivery
1666063506,748,state_change,AVAILABLE,completed_delivery
1666063506,2759,state_change,AVAILABLE,completed_delivery
1666063506,50,state_change,AVAILABLE,completed_delivery
1666063506,3282,state_change,AVAILABLE,completed_delivery
1666063506,400,state_change,AVAILABLE,completed_delivery
1666063506,4092,state_change,AVAILABLE,completed_delivery
1666063506,745,state_change,AVAILABLE,completed_delivery
1666063506,2919,state_change,AVAILABLE,completed_delivery
1666063506,2382,state_change,AVAILABLE,completed_delivery
1666063506,1481,state_change,AVAILABLE,completed_delivery
1666063506,1790,state_change,AVAILABLE,completed_delivery
1666063506,1282,state_change,AVAILABLE,completed_delivery
1666063506,1562,state_change,AVAILABLE,completed_delivery
1666063506,2658,state_change,AVAILABLE,completed_delivery
1666063506,3559,state_change,AVAILABLE,completed_delivery
1666063506,902,state_change,AVAILABLE,completed_delivery
1666063506,4253,state_change,AVAILABLE,completed_delivery
1666063506,1988,state_change,AVAILABLE,completed_delivery
1666063506,1362,state_change,AVAILABLE,completed_delivery
1666063506,2217,state_change,AVAILABLE,completed_delivery
1666063506,334,state_change,AVAILABLE,completed_delivery
1666063506,190,state_change,AVAILABLE,completed_delivery
1666063506,1446,state_change,AVAILABLE,completed_delivery
1666063506,2974,state_change,AVAILABLE,completed_delivery
1666063506,3294,state_change,AVAILABLE,completed_delivery
1666063506,1873,state_change,AVAILABLE,completed_delivery
1666063506,627,state_change,AVAILABLE,completed_delivery
1666063506,4553,state_change,AVAILABLE,completed_delivery
1666063506,2109,state_change,AVAILABLE,completed_delivery
1666063506,2508,state_change,AVAILABLE,completed_delivery
1666063506,2233,state_change,AVAILABLE,completed_delivery
1666063506,119,state_change,AVAILABLE,completed_delivery
1666063506,1501,state_change,AVAILABLE,completed_delivery
1666063506,2515,state_change,AVAILABLE,completed_delivery
1666063506,2232,state_change,AVAILABLE,completed_delivery
1666063506,1597,state_change,AVAILABLE,completed_delivery
1666063506,2011,state_change,AVAILABLE,completed_delivery
1666063506,4116,state_change,AVAILABLE,completed_delivery
1666063506,2782,state_change,AVAILABLE,completed_delivery
1666063506,355,state_change,AVAILABLE,completed_delivery
1666063506,4036,state_change,AVAILABLE,completed_delivery
1666063506,1475,state_change,AVAILABLE,completed_delivery
1666063506,3604,state_change,AVAILABLE,completed_delivery
1666063506,2966,state_change,AVAILABLE,completed_delivery
1666063506,3626,state_change,AVAILABLE,completed_delivery
1666063506,284,state_change,AVAILABLE,completed_delivery
1666063506,405,state_change,AVAILABLE,completed_delivery
1666063506,844,state_change,AVAILABLE,completed_delivery
1666063506,108,state_change,AVAILABLE,completed_delivery
1666063506,762,state_change,AVAILABLE,completed_delivery
1666063506,124,state_change,AVAILABLE,completed_delivery
1666063506,932,state_change,AVAILABLE,completed_delivery
1666063506,3099,state_change,AVAILABLE,completed_delivery
1666063506,180,state_change,AVAILABLE,completed_delivery
1666063506,4115,state_change,AVAILABLE,completed_delivery
1666063506,325,state_change,AVAILABLE,completed_delivery
1666063506,2041,state_change,AVAILABLE,completed_delivery
1666063506,3758,state_change,AVAILABLE,completed_delivery
1666063506,117,state_change,AVAILABLE,completed_delivery
1666063506,1997,state_change,AVAILABLE,completed_delivery
1666063506,2045,state_change,AVAILABLE,completed_delivery
1666063506,3237,state_change,AVAILABLE,completed_delivery
1666063506,637,state_change,AVAILABLE,completed_delivery
1666063506,2283,state_change,AVAILABLE,completed_delivery
1666063506,2102,state_change,AVAILABLE,completed_delivery
1666063506,372,state_change,AVAILABLE,completed_delivery
1666063506,1325,state_change,AVAILABLE,completed_delivery
1666063506,2737,state_change,AVAILABLE,completed_delivery
1666063506,455,state_change,AVAILABLE,completed_delivery
1666063506,552,state_change,AVAILABLE,completed_delivery
1666063506,2576,state_change,AVAILABLE,completed_delivery
1666063506,1353,state_change,AVAILABLE,completed_delivery
1666063506,2730,state_change,AVAILABLE,completed_delivery
1666063506,130,state_change,AVAILABLE,completed_delivery
1666063506,286,state_change,AVAILABLE,completed_delivery
1666063506,1703,state_change,AVAILABLE,completed_delivery
1666063506,3586,state_change,AVAILABLE,completed_delivery
1666063506,1274,state_change,AVAILABLE,completed_delivery
1666063506,1251,state_change,AVAILABLE,completed_delivery
1666063506,1470,state_change,AVAILABLE,completed_delivery
1666063506,1331,state_change,AVAILABLE,completed_delivery
1666063506,2203,state_change,AVAILABLE,completed_delivery
1666063506,1653,state_change,AVAILABLE,completed_delivery
1666063506,2090,state_change,AVAILABLE,completed_delivery
1666063506,528,state_change,AVAILABLE,completed_delivery
1666063506,3113,state_change,AVAILABLE,completed_delivery
1666063506,80,state_change,AVAILABLE,completed_delivery
1666063506,2856,state_change,AVAILABLE,completed_delivery
1666063506,1957,state_change,AVAILABLE,completed_delivery
1666063506,1038,state_change,AVAILABLE,completed_delivery
1666063506,1189,state_change,AVAILABLE,completed_delivery
1666063506,4014,state_change,AVAILABLE,completed_delivery
1666063506,1089,state_change,AVAILABLE,completed_delivery
1666063506,315,state_change,AVAILABLE,completed_delivery
1666063506,2139,state_change,AVAILABLE,completed_delivery
1666063506,2666,state_change,AVAILABLE,completed_delivery
1666063506,3460,state_change,AVAILABLE,completed_delivery
1666063506,847,state_change,AVAILABLE,completed_delivery
1666063506,2646,state_change,AVAILABLE,completed_delivery
1666063506,2568,state_change,AVAILABLE,completed_delivery
1666063506,235,state_change,AVAILABLE,completed_delivery
1666063506,4782,state_change,AVAILABLE,completed_delivery
1666063506,586,state_change,AVAILABLE,completed_delivery
1666063506,2325,state_change,AVAILABLE,completed_delivery
1666063506,1775,state_change,AVAILABLE,completed_delivery
1666063506,1289,state_change,AVAILABLE,completed_delivery
1666063506,2902,state_change,AVAILABLE,completed_delivery
1666063506,2022,state_change,AVAILABLE,completed_delivery
1666063506,3933,state_change,AVAILABLE,completed_delivery
1666063506,2961,state_change,AVAILABLE,completed_delivery
1666063506,566,state_change,AVAILABLE,completed_delivery
1666063506,1838,state_change,AVAILABLE,completed_delivery
1666063506,1030,state_change,AVAILABLE,completed_delivery
1666063506,2761,state_change,AVAILABLE,completed_delivery
1666063506,3777,state_change,AVAILABLE,completed_delivery
1666063506,2513,state_change,AVAILABLE,completed_delivery
1666063506,3595,state_change,AVAILABLE,completed_delivery
1666063506,2110,state_change,AVAILABLE,completed_delivery
1666063506,2219,state_change,AVAILABLE,completed_delivery
1666063506,525,state_change,AVAILABLE,completed_delivery
1666063506,2055,state_change,AVAILABLE,completed_delivery
1666063506,2332,state_change,AVAILABLE,completed_delivery
1666063506,572,state_change,AVAILABLE,completed_delivery
1666063506,1865,state_change,AVAILABLE,completed_delivery
1666063506,591,state_change,AVAILABLE,completed_delivery
1666063506,2894,state_change,AVAILABLE,completed_delivery
1666063506,4024,state_change,AVAILABLE,completed_delivery
1666063506,3548,state_change,AVAILABLE,completed_delivery
1666063506,69,state_change,AVAILABLE,completed_delivery
1666063506,2359,state_change,AVAILABLE,completed_delivery
1666063506,3266,state_change,AVAILABLE,completed_delivery
1666063506,3242,state_change,AVAILABLE,completed_delivery
1666063506,1138,state_change,AVAILABLE,completed_delivery
1666063506,463,state_change,AVAILABLE,completed_delivery
1666063506,3835,state_change,AVAILABLE,completed_delivery
1666063506,4087,state_change,AVAILABLE,completed_delivery
1666063506,383,state_change,AVAILABLE,completed_delivery
1666063506,1027,state_change,AVAILABLE,completed_delivery
1666063506,3141,state_change,AVAILABLE,completed_delivery
1666063506,822,state_change,AVAILABLE,completed_delivery
1666063506,121,state_change,AVAILABLE,completed_delivery
1666063506,672,state_change,AVAILABLE,completed_delivery
1666063506,3337,state_change,AVAILABLE,completed_delivery
1666063506,1122,state_change,AVAILABLE,completed_delivery
1666063506,4205,state_change,AVAILABLE,completed_delivery
1666063506,172,state_change,AVAILABLE,completed_delivery
1666063506,221,state_change,AVAILABLE,completed_delivery
1666063506,2488,state_change,AVAILABLE,completed_delivery
1666063506,969,state_change,AVAILABLE,completed_delivery
1666063506,1803,state_change,AVAILABLE,completed_delivery
1666063506,889,state_change,AVAILABLE,completed_delivery
1666063506,3508,state_change,AVAILABLE,completed_delivery
1666063506,4137,state_change,AVAILABLE,completed_delivery
1666063506,2178,state_change,AVAILABLE,completed_delivery
1666063506,3754,state_change,AVAILABLE,completed_delivery
1666063506,56,state_change,AVAILABLE,completed_delivery
1666063506,963,state_change,AVAILABLE,completed_delivery
1666063506,3433,state_change,AVAILABLE,completed_delivery
1666063506,2842,state_change,AVAILABLE,completed_delivery
1666063506,2841,state_change,AVAILABLE,completed_delivery
1666063506,20,state_change,AVAILABLE,completed_delivery
1666063506,662,state_change,AVAILABLE,completed_delivery
1666063506,3185,state_change,AVAILABLE,completed_delivery
1666063506,109,state_change,AVAILABLE,completed_delivery
1666063506,2195,state_change,AVAILABLE,completed_delivery
1666063506,3745,state_change,AVAILABLE,completed_delivery
1666063506,2770,state_change,AVAILABLE,completed_delivery
1666063506,919,state_change,AVAILABLE,completed_delivery
1666063506,951,state_change,AVAILABLE,completed_delivery
1666063506,546,state_change,AVAILABLE,completed_delivery
1666063506,2426,state_change,AVAILABLE,completed_delivery
1666063506,438,state_change,AVAILABLE,completed_delivery
1666063506,2447,state_change,AVAILABLE,completed_delivery
1666063506,475,state_change,AVAILABLE,completed_delivery
1666063506,3122,state_change,AVAILABLE,completed_delivery
1666063506,3265,state_change,AVAILABLE,completed_delivery
1666063506,1160,state_change,AVAILABLE,completed_delivery
1666063506,2890,state_change,AVAILABLE,completed_delivery
1666063506,395,state_change,AVAILABLE,completed_delivery
1666063506,7,state_change,AVAILABLE,completed_delivery
1666063506,3241,state_change,AVAILABLE,completed_delivery
1666063506,1478,state_change,AVAILABLE,completed_delivery
1666063506,1091,state_change,AVAILABLE,completed_delivery
1666063506,4539,state_change,AVAILABLE,completed_delivery
1666063506,1536,state_change,AVAILABLE,completed_delivery
1666063506,2987,state_change,AVAILABLE,completed_delivery
1666063506,3005,state_change,AVAILABLE,completed_delivery
1666063506,212,state_change,AVAILABLE,completed_delivery
1666063506,3915,state_change,AVAILABLE,completed_delivery
1666063506,36,state_change,AVAILABLE,completed_delivery
1666063506,1646,state_change,AVAILABLE,completed_delivery
1666063506,1579,state_change,AVAILABLE,completed_delivery
1666063506,404,state_change,AVAILABLE,completed_delivery
1666063506,389,state_change,AVAILABLE,completed_delivery
1666063506,1372,state_change,AVAILABLE,completed_delivery
1666063506,2338,state_change,AVAILABLE,completed_delivery
1666063506,3513,state_change,AVAILABLE,completed_delivery
1666063506,2385,state_change,AVAILABLE,completed_delivery
1666063506,3012,state_change,AVAILABLE,completed_delivery
1666063506,3793,state_change,AVAILABLE,completed_delivery
1666063506,3189,state_change,AVAILABLE,completed_delivery
1666063506,474,state_change,AVAILABLE,completed_delivery
1666063506,3911,state_change,AVAILABLE,completed_delivery
1666063506,195,state_change,AVAILABLE,completed_delivery
1666063506,2779,state_change,AVAILABLE,completed_delivery
1666063506,258,state_change,AVAILABLE,completed_delivery
1666063506,3921,state_change,AVAILABLE,completed_delivery
1666063506,2984,state_change,AVAILABLE,completed_delivery
1666063506,2374,state_change,AVAILABLE,completed_delivery
1666063506,2634,state_change,AVAILABLE,completed_delivery
1666063506,964,state_change,AVAILABLE,completed_delivery
1666063506,2469,state_change,AVAILABLE,completed_delivery
1666063506,519,state_change,AVAILABLE,completed_delivery
1666063506,356,state_change,AVAILABLE,completed_delivery
1666063506,4329,state_change,AVAILABLE,completed_delivery
1666063506,1015,state_change,AVAILABLE,completed_delivery
1666063506,3181,state_change,AVAILABLE,completed_delivery
1666063506,1964,state_change,AVAILABLE,completed_delivery
1666063506,1102,state_change,AVAILABLE,completed_delivery
1666063506,2492,state_change,AVAILABLE,completed_delivery
1666063506,731,state_change,AVAILABLE,completed_delivery
1666063506,3235,state_change,AVAILABLE,completed_delivery
1666063506,675,state_change,AVAILABLE,completed_delivery
1666063506,4411,state_change,AVAILABLE,completed_delivery
1666063506,4369,state_change,AVAILABLE,completed_delivery
1666063506,2122,state_change,AVAILABLE,completed_delivery
1666063506,3111,state_change,AVAILABLE,completed_delivery
1666063506,2077,state_change,AVAILABLE,completed_delivery
1666063506,2059,state_change,AVAILABLE,completed_delivery
1666063506,3751,state_change,AVAILABLE,completed_delivery
1666063506,249,state_change,AVAILABLE,completed_delivery
1666063506,412,state_change,AVAILABLE,completed_delivery
1666063506,1664,state_change,AVAILABLE,completed_delivery
1666063506,1060,state_change,AVAILABLE,completed_delivery
1666063506,1658,state_change,AVAILABLE,completed_delivery
1666063506,1445,state_change,AVAILABLE,completed_delivery
1666063506,288,state_change,AVAILABLE,completed_delivery
1666063506,2498,state_change,AVAILABLE,completed_delivery
1666063506,2931,state_change,AVAILABLE,completed_delivery
1666063506,2597,state_change,AVAILABLE,completed_delivery
1666063506,1184,state_change,AVAILABLE,completed_delivery
1666063506,647,state_change,AVAILABLE,completed_delivery
1666063506,2044,state_change,AVAILABLE,completed_delivery
1666063506,828,state_change,AVAILABLE,completed_delivery
1666063506,1083,state_change,AVAILABLE,completed_delivery
1666063506,3107,state_change,AVAILABLE,completed_delivery
1666063506,104,state_change,AVAILABLE,completed_delivery
1666063506,2677,state_change,AVAILABLE,completed_delivery
1666063506,4753,state_change,AVAILABLE,completed_delivery
1666063506,3757,state_change,AVAILABLE,completed_delivery
1666063506,3381,state_change,AVAILABLE,completed_delivery
1666063506,3278,state_change,AVAILABLE,completed_delivery
1666063506,1214,state_change,AVAILABLE,completed_delivery
1666063506,3967,state_change,AVAILABLE,completed_delivery
1666063506,2529,state_change,AVAILABLE,completed_delivery
1666063506,1076,state_change,AVAILABLE,completed_delivery
1666063506,3589,state_change,AVAILABLE,completed_delivery
1666063506,1574,state_change,AVAILABLE,completed_delivery
1666063506,3822,state_change,AVAILABLE,completed_delivery
1666063506,1718,state_change,AVAILABLE,completed_delivery
1666063506,2854,state_change,AVAILABLE,completed_delivery
1666063506,606,state_change,AVAILABLE,completed_delivery
1666063506,3646,state_change,AVAILABLE,completed_delivery
1666063506,1599,state_change,AVAILABLE,completed_delivery
1666063506,1560,state_change,AVAILABLE,completed_delivery
1666063506,2108,state_change,AVAILABLE,completed_delivery
1666063506,2319,state_change,AVAILABLE,completed_delivery
1666063506,815,state_change,AVAILABLE,completed_delivery
1666063506,1920,state_change,AVAILABLE,completed_delivery
1666063506,3402,state_change,AVAILABLE,completed_delivery
1666063506,1547,state_change,AVAILABLE,completed_delivery
1666063506,1869,state_change,AVAILABLE,completed_delivery
1666063506,2534,state_change,AVAILABLE,completed_delivery
1666063506,1202,state_change,AVAILABLE,completed_delivery
1666063506,3048,state_change,AVAILABLE,completed_delivery
1666063506,1999,state_change,AVAILABLE,completed_delivery
1666063506,1385,state_change,AVAILABLE,completed_delivery
1666063506,168,state_change,AVAILABLE,completed_delivery
1666063506,3057,state_change,AVAILABLE,completed_delivery
1666063506,1540,state_change,AVAILABLE,completed_delivery
1666063506,2679,state_change,AVAILABLE,completed_delivery
1666063506,3127,state_change,AVAILABLE,completed_delivery
1666063506,1628,state_change,AVAILABLE,completed_delivery
1666063506,2278,state_change,AVAILABLE,completed_delivery
1666063506,562,state_change,AVAILABLE,completed_delivery
1666063506,135,state_change,AVAILABLE,completed_delivery
1666063506,865,state_change,AVAILABLE,completed_delivery
1666063506,448,state_change,AVAILABLE,completed_delivery
1666063506,4641,state_change,AVAILABLE,completed_delivery
1666063506,609,state_change,AVAILABLE,completed_delivery
1666063506,542,state_change,AVAILABLE,completed_delivery
1666063506,3876,state_change,AVAILABLE,completed_delivery
1666063506,1765,state_change,AVAILABLE,completed_delivery
1666063506,2918,state_change,AVAILABLE,completed_delivery
1666063506,22,state_change,AVAILABLE,completed_delivery
1666063506,1008,state_change,AVAILABLE,completed_delivery
1666063506,1404,state_change,AVAILABLE,completed_delivery
1666063506,4217,state_change,AVAILABLE,completed_delivery
1666063506,2815,state_change,AVAILABLE,completed_delivery
1666063506,2717,state_change,AVAILABLE,completed_delivery
1666063506,4009,state_change,AVAILABLE,completed_delivery
1666063506,4003,state_change,AVAILABLE,completed_delivery
1666063506,4624,state_change,AVAILABLE,completed_delivery
1666063506,1360,state_change,AVAILABLE,completed_delivery
1666063506,2463,state_change,AVAILABLE,completed_delivery
1666063506,1699,state_change,AVAILABLE,completed_delivery
1666063506,1610,state_change,AVAILABLE,completed_delivery
1666063506,1771,state_change,AVAILABLE,completed_delivery
1666063506,2047,state_change,AVAILABLE,completed_delivery
1666063506,842,state_change,AVAILABLE,completed_delivery
1666063506,2253,state_change,AVAILABLE,completed_delivery
1666063506,66,state_change,AVAILABLE,completed_delivery
1666063506,2869,state_change,AVAILABLE,completed_delivery
1666063506,4200,state_change,AVAILABLE,completed_delivery
1666063506,2299,state_change,AVAILABLE,completed_delivery
1666063506,2211,state_change,AVAILABLE,completed_delivery
1666063506,858,state_change,AVAILABLE,completed_delivery
1666063506,2342,state_change,AVAILABLE,completed_delivery
1666063506,2202,state_change,AVAILABLE,completed_delivery
1666063506,3807,state_change,AVAILABLE,completed_delivery
1666063506,141,state_change,AVAILABLE,completed_delivery
1666063506,1891,state_change,AVAILABLE,completed_delivery
1666063506,337,state_change,AVAILABLE,completed_delivery
1666063506,666,state_change,AVAILABLE,completed_delivery
1666063506,4318,state_change,AVAILABLE,completed_delivery
1666063506,3941,state_change,AVAILABLE,completed_delivery
1666063506,1109,state_change,AVAILABLE,completed_delivery
1666063506,599,state_change,AVAILABLE,completed_delivery
1666063506,35,state_change,AVAILABLE,completed_delivery
1666063506,3229,state_change,AVAILABLE,completed_delivery
1666063506,1311,state_change,AVAILABLE,completed_delivery
1666063506,779,state_change,AVAILABLE,completed_delivery
1666063506,2042,state_change,AVAILABLE,completed_delivery
1666063506,1693,state_change,AVAILABLE,completed_delivery
1666063506,1594,state_change,AVAILABLE,completed_delivery
1666063506,886,state_change,AVAILABLE,completed_delivery
1666063506,1592,state_change,AVAILABLE,completed_delivery
1666063506,2050,state_change,AVAILABLE,completed_delivery
1666063506,207,state_change,AVAILABLE,completed_delivery
1666063506,442,state_change,AVAILABLE,completed_delivery
1666063506,2073,state_change,AVAILABLE,completed_delivery
1666063506,3670,state_change,AVAILABLE,completed_delivery
1666063506,2187,state_change,AVAILABLE,completed_delivery
1666063506,2963,state_change,AVAILABLE,completed_delivery
1666063506,3009,state_change,AVAILABLE,completed_delivery
1666063506,1009,state_change,AVAILABLE,completed_delivery
1666063506,1533,state_change,AVAILABLE,completed_delivery
1666063506,205,state_change,AVAILABLE,completed_delivery
1666063506,1299,state_change,AVAILABLE,completed_delivery
1666063506,143,state_change,AVAILABLE,completed_delivery
1666063506,159,state_change,AVAILABLE,completed_delivery
1666063506,640,state_change,AVAILABLE,completed_delivery
1666063506,4426,state_change,AVAILABLE,completed_delivery
1666063506,2250,state_change,AVAILABLE,completed_delivery
1666063506,513,state_change,AVAILABLE,completed_delivery
1666063506,1382,state_change,AVAILABLE,completed_delivery
1666063506,1087,state_change,AVAILABLE,completed_delivery
1666063506,520,state_change,AVAILABLE,completed_delivery
1666063506,3774,state_change,AVAILABLE,completed_delivery
1666063506,1603,state_change,AVAILABLE,completed_delivery
1666063506,473,state_change,AVAILABLE,completed_delivery
1666063506,2261,state_change,AVAILABLE,completed_delivery
1666063506,1449,state_change,AVAILABLE,completed_delivery
1666063506,3117,state_change,AVAILABLE,completed_delivery
1666063506,215,state_change,AVAILABLE,completed_delivery
1666063506,1003,state_change,AVAILABLE,completed_delivery
1666063506,2990,state_change,AVAILABLE,completed_delivery
1666063506,2119,state_change,AVAILABLE,completed_delivery
1666063506,2005,state_change,AVAILABLE,completed_delivery
1666063506,171,state_change,AVAILABLE,completed_delivery
1666063506,2835,state_change,AVAILABLE,completed_delivery
1666063506,1561,state_change,AVAILABLE,completed_delivery
1666063506,391,state_change,AVAILABLE,completed_delivery
1666063506,2146,state_change,AVAILABLE,completed_delivery
1666063506,2583,state_change,AVAILABLE,completed_delivery
1666063506,3628,state_change,AVAILABLE,completed_delivery
1666063506,1967,state_change,AVAILABLE,completed_delivery
1666063506,967,state_change,AVAILABLE,completed_delivery
1666063506,4833,state_change,AVAILABLE,completed_delivery
1666063506,1339,state_change,AVAILABLE,completed_delivery
1666063506,1784,state_change,AVAILABLE,completed_delivery
1666063506,3026,state_change,AVAILABLE,completed_delivery
1666063506,1839,state_change,AVAILABLE,completed_delivery
1666063506,2373,state_change,AVAILABLE,completed_delivery
1666063506,1452,state_change,AVAILABLE,completed_delivery
1666063506,234,state_change,AVAILABLE,completed_delivery
1666063506,3198,state_change,AVAILABLE,completed_delivery
1666063506,2403,state_change,AVAILABLE,completed_delivery
1666063506,3647,state_change,AVAILABLE,completed_delivery
1666063506,3044,state_change,AVAILABLE,completed_delivery
1666063506,2824,state_change,AVAILABLE,completed_delivery
1666063506,318,state_change,AVAILABLE,completed_delivery
1666063506,2092,state_change,AVAILABLE,completed_delivery
1666063506,2043,state_change,AVAILABLE,completed_delivery
1666063506,3435,state_change,AVAILABLE,completed_delivery
1666063506,2898,state_change,AVAILABLE,completed_delivery
1666063506,1543,state_change,AVAILABLE,completed_delivery
1666063506,3,state_change,AVAILABLE,completed_delivery
1666063506,2429,state_change,AVAILABLE,completed_delivery
1666063506,1958,state_change,AVAILABLE,completed_delivery
1666063506,4148,state_change,AVAILABLE,completed_delivery
1666063506,1459,state_change,AVAILABLE,completed_delivery
1666063506,2243,state_change,AVAILABLE,completed_delivery
1666063506,1744,state_change,AVAILABLE,completed_delivery
1666063506,1685,state_change,AVAILABLE,completed_delivery
1666063506,1389,state_change,AVAILABLE,completed_delivery
1666063506,313,state_change,AVAILABLE,completed_delivery
1666063506,2965,state_change,AVAILABLE,completed_delivery
1666063506,2018,state_change,AVAILABLE,completed_delivery
1666063506,4244,state_change,AVAILABLE,completed_delivery
1666063506,2744,state_change,AVAILABLE,completed_delivery
1666063506,2411,state_change,AVAILABLE,completed_delivery
1666063506,154,state_change,AVAILABLE,completed_delivery
1666063506,2027,state_change,AVAILABLE,completed_delivery
1666063506,4465,state_change,AVAILABLE,completed_delivery
1666063506,965,state_change,AVAILABLE,completed_delivery
1666063506,2470,state_change,AVAILABLE,completed_delivery
1666063506,4451,state_change,AVAILABLE,completed_delivery
1666063506,1193,state_change,AVAILABLE,completed_delivery
1666063506,2973,state_change,AVAILABLE,completed_delivery
1666063506,2972,state_change,AVAILABLE,completed_delivery
1666063506,953,state_change,AVAILABLE,completed_delivery
1666063506,2978,state_change,AVAILABLE,completed_delivery
1666063506,199,state_change,AVAILABLE,completed_delivery
1666063506,2740,state_change,AVAILABLE,completed_delivery
1666063506,1940,state_change,AVAILABLE,completed_delivery
1666063506,2177,state_change,AVAILABLE,completed_delivery
1666063506,398,state_change,AVAILABLE,completed_delivery
1666063506,878,state_change,AVAILABLE,completed_delivery
1666063506,504,state_change,AVAILABLE,completed_delivery
1666063506,1444,state_change,AVAILABLE,completed_delivery
1666063506,3454,state_change,AVAILABLE,completed_delivery
1666063506,3370,state_change,AVAILABLE,completed_delivery
1666063506,274,state_change,AVAILABLE,completed_delivery
1666063506,4099,state_change,AVAILABLE,completed_delivery
1666063506,2773,state_change,AVAILABLE,completed_delivery
1666063506,281,state_change,AVAILABLE,completed_delivery
1666063506,492,state_change,AVAILABLE,completed_delivery
1666063506,2101,state_change,AVAILABLE,completed_delivery
1666063506,1149,state_change,AVAILABLE,completed_delivery
1666063506,2313,state_change,AVAILABLE,completed_delivery
1666063506,3032,state_change,AVAILABLE,completed_delivery
1666063506,1549,state_change,AVAILABLE,completed_delivery
1666063506,3219,state_change,AVAILABLE,completed_delivery
1666063506,4418,state_change,AVAILABLE,completed_delivery
1666063506,2783,state_change,AVAILABLE,completed_delivery
1666063506,3273,state_change,AVAILABLE,completed_delivery
1666063506,1754,state_change,AVAILABLE,completed_delivery
1666063506,3395,state_change,AVAILABLE,completed_delivery
1666063506,139,state_change,AVAILABLE,completed_delivery
1666063506,2362,state_change,AVAILABLE,completed_delivery
1666063506,3040,state_change,AVAILABLE,completed_delivery
1666063506,876,state_change,AVAILABLE,completed_delivery
1666063506,1502,state_change,AVAILABLE,completed_delivery
1666063506,2611,state_change,AVAILABLE,completed_delivery
1666063506,1351,state_change,AVAILABLE,completed_delivery
1666063506,2549,state_change,AVAILABLE,completed_delivery
1666063506,2684,state_change,AVAILABLE,completed_delivery
1666063506,4379,state_change,AVAILABLE,completed_delivery
1666063506,262,state_change,AVAILABLE,completed_delivery
1666063506,306,state_change,AVAILABLE,completed_delivery
1666063506,1422,state_change,AVAILABLE,completed_delivery
1666063506,489,state_change,AVAILABLE,completed_delivery
1666063506,1064,state_change,AVAILABLE,completed_delivery
1666063506,397,state_change,AVAILABLE,completed_delivery
1666063506,3558,state_change,AVAILABLE,completed_delivery
1666063506,3090,state_change,AVAILABLE,completed_delivery
1666063506,2121,state_change,AVAILABLE,completed_delivery
1666063506,2629,state_change,AVAILABLE,completed_delivery
1666063506,2739,state_change,AVAILABLE,completed_delivery
1666063506,943,state_change,AVAILABLE,completed_delivery
1666063506,2459,state_change,AVAILABLE,completed_delivery
1666063506,3175,state_change,AVAILABLE,completed_delivery
1666063506,1671,state_change,AVAILABLE,completed_delivery
1666063506,3114,state_change,AVAILABLE,completed_delivery
1666063506,3480,state_change,AVAILABLE,completed_delivery
1666063506,2504,state_change,AVAILABLE,completed_delivery
1666063506,3151,state_change,AVAILABLE,completed_delivery
1666063506,292,state_change,AVAILABLE,completed_delivery
1666063506,1106,state_change,AVAILABLE,completed_delivery
1666063506,1203,state_change,AVAILABLE,completed_delivery
1666063506,96,state_change,AVAILABLE,completed_delivery
1666063506,3530,state_change,AVAILABLE,completed_delivery
1666063506,3923,state_change,AVAILABLE,completed_delivery
1666063506,3727,state_change,AVAILABLE,completed_delivery
1666063506,2457,state_change,AVAILABLE,completed_delivery
1666063506,1218,state_change,AVAILABLE,completed_delivery
1666063506,751,state_change,AVAILABLE,completed_delivery
1666063506,1500,state_change,AVAILABLE,completed_delivery
1666063506,3397,state_change,AVAILABLE,completed_delivery
1666063506,3144,state_change,AVAILABLE,completed_delivery
1666063506,631,state_change,AVAILABLE,completed_delivery
1666063506,4276,state_change,AVAILABLE,completed_delivery
1666063506,2400,state_change,AVAILABLE,completed_delivery
1666063506,1063,state_change,AVAILABLE,completed_delivery
1666063506,230,state_change,AVAILABLE,completed_delivery
1666063506,3925,state_change,AVAILABLE,completed_delivery
1666063506,1179,state_change,AVAILABLE,completed_delivery
1666063506,4707,state_change,AVAILABLE,completed_delivery
1666063506,589,state_change,AVAILABLE,completed_delivery
1666063506,2662,state_change,AVAILABLE,completed_delivery
1666063506,798,state_change,AVAILABLE,completed_delivery
1666063506,2186,state_change,AVAILABLE,completed_delivery
1666063506,2358,state_change,AVAILABLE,completed_delivery
1666063506,4375,state_change,AVAILABLE,completed_delivery
1666063506,2128,state_change,AVAILABLE,completed_delivery
1666063506,1117,state_change,AVAILABLE,completed_delivery
1666063506,3028,state_change,AVAILABLE,completed_delivery
1666063506,3215,state_change,AVAILABLE,completed_delivery
1666063506,3438,state_change,AVAILABLE,completed_delivery
1666063506,1810,state_change,AVAILABLE,completed_delivery
1666063506,1828,state_change,AVAILABLE,completed_delivery
1666063506,1707,state_change,AVAILABLE,completed_delivery
1666063506,1361,state_change,AVAILABLE,completed_delivery
1666063506,3295,state_change,AVAILABLE,completed_delivery
1666063506,1827,state_change,AVAILABLE,completed_delivery
1666063506,1616,state_change,AVAILABLE,completed_delivery
1666063506,3930,state_change,AVAILABLE,completed_delivery
1666063506,2592,state_change,AVAILABLE,completed_delivery
1666063506,3355,state_change,AVAILABLE,completed_delivery
1666063506,863,state_change,AVAILABLE,completed_delivery
1666063506,273,state_change,AVAILABLE,completed_delivery
1666063506,2546,state_change,AVAILABLE,completed_delivery
1666063506,4495,state_change,AVAILABLE,completed_delivery
1666063506,2691,state_change,AVAILABLE,completed_delivery
1666063506,596,state_change,AVAILABLE,completed_delivery
1666063506,4187,state_change,AVAILABLE,completed_delivery
1666063506,835,state_change,AVAILABLE,completed_delivery
1666063506,1708,state_change,AVAILABLE,completed_delivery
1666063506,1231,state_change,AVAILABLE,completed_delivery
1666063506,1143,state_change,AVAILABLE,completed_delivery
1666063506,2113,state_change,AVAILABLE,completed_delivery
1666063506,3904,state_change,AVAILABLE,completed_delivery
1666063506,196,state_change,AVAILABLE,completed_delivery
1666063506,1895,state_change,AVAILABLE,completed_delivery
1666063506,3881,state_change,AVAILABLE,completed_delivery
1666063506,228,state_change,AVAILABLE,completed_delivery
1666063506,1070,state_change,AVAILABLE,completed_delivery
1666063506,3658,state_change,AVAILABLE,completed_delivery
1666063506,41,state_change,AVAILABLE,completed_delivery
1666063506,1119,state_change,AVAILABLE,completed_delivery
1666063506,2330,state_change,AVAILABLE,completed_delivery
1666063506,4647,state_change,AVAILABLE,completed_delivery
1666063506,2827,state_change,AVAILABLE,completed_delivery
1666063506,2793,state_change,AVAILABLE,completed_delivery
1666063506,2269,state_change,AVAILABLE,completed_delivery
1666063506,484,state_change,AVAILABLE,completed_delivery
1666063506,2191,state_change,AVAILABLE,completed_delivery
1666063506,2514,state_change,AVAILABLE,completed_delivery
1666063506,3346,state_change,AVAILABLE,completed_delivery
1666063506,2727,state_change,AVAILABLE,completed_delivery
1666063506,515,state_change,AVAILABLE,completed_delivery
1666063506,1134,state_change,AVAILABLE,completed_delivery
1666063506,447,state_change,AVAILABLE,completed_delivery
1666063506,2850,state_change,AVAILABLE,completed_delivery
1666063506,2774,state_change,AVAILABLE,completed_delivery
1666063506,1476,state_change,AVAILABLE,completed_delivery
1666063506,763,state_change,AVAILABLE,completed_delivery
1666063506,3768,state_change,AVAILABLE,completed_delivery
1666063506,1962,state_change,AVAILABLE,completed_delivery
1666063506,2399,state_change,AVAILABLE,completed_delivery
1666063506,2506,state_change,AVAILABLE,completed_delivery
1666063506,783,state_change,AVAILABLE,completed_delivery
1666063506,1337,state_change,AVAILABLE,completed_delivery
1666063506,1247,state_change,AVAILABLE,completed_delivery
1666063506,393,state_change,AVAILABLE,completed_delivery
1666063506,833,state_change,AVAILABLE,completed_delivery
1666063506,347,state_change,AVAILABLE,completed_delivery
1666063506,988,state_change,AVAILABLE,completed_delivery
1666063506,2947,state_change,AVAILABLE,completed_delivery
1666063506,1111,state_change,AVAILABLE,completed_delivery
1666063506,757,state_change,AVAILABLE,completed_delivery
1666063506,1682,state_change,AVAILABLE,completed_delivery
1666063506,2144,state_change,AVAILABLE,completed_delivery
1666063506,2132,state_change,AVAILABLE,completed_delivery
1666063506,4294,state_change,AVAILABLE,completed_delivery
1666063506,1368,state_change,AVAILABLE,completed_delivery
1666063506,2046,state_change,AVAILABLE,completed_delivery
1666063506,2222,state_change,AVAILABLE,completed_delivery
1666063506,1081,state_change,AVAILABLE,completed_delivery
1666063506,2032,state_change,AVAILABLE,completed_delivery
1666063506,961,state_change,AVAILABLE,completed_delivery
1666063506,3156,state_change,AVAILABLE,completed_delivery
1666063506,1412,state_change,AVAILABLE,completed_delivery
1666063506,3520,state_change,AVAILABLE,completed_delivery
1666063506,1680,state_change,AVAILABLE,completed_delivery
1666063506,2247,state_change,AVAILABLE,completed_delivery
1666063506,4012,state_change,AVAILABLE,completed_delivery
1666063506,305,state_change,AVAILABLE,completed_delivery
1666063506,3271,state_change,AVAILABLE,completed_delivery
1666063506,551,state_change,AVAILABLE,completed_delivery
1666063506,4308,state_change,AVAILABLE,completed_delivery
1666063506,1862,state_change,AVAILABLE,completed_delivery
1666063506,15,state_change,AVAILABLE,completed_delivery
1666063506,1316,state_change,AVAILABLE,completed_delivery
1666063506,4393,state_change,AVAILABLE,completed_delivery
1666063506,1201,state_change,AVAILABLE,completed_delivery
1666063506,2297,state_change,AVAILABLE,completed_delivery
1666063506,922,state_change,AVAILABLE,completed_delivery
1666063506,2002,state_change,AVAILABLE,completed_delivery
1666063506,3369,state_change,AVAILABLE,completed_delivery
1666063506,2280,state_change,AVAILABLE,completed_delivery
1666063506,2472,state_change,AVAILABLE,completed_delivery
1666063506,376,state_change,AVAILABLE,completed_delivery
1666063506,549,state_change,AVAILABLE,completed_delivery
1666063506,1945,state_change,AVAILABLE,completed_delivery
1666063506,4154,state_change,AVAILABLE,completed_delivery
1666063506,3342,state_change,AVAILABLE,completed_delivery
1666063506,2820,state_change,AVAILABLE,completed_delivery
1666063506,3432,state_change,AVAILABLE,completed_delivery
1666063506,1720,state_change,AVAILABLE,completed_delivery
1666063506,2688,state_change,AVAILABLE,completed_delivery
1666063506,2371,state_change,AVAILABLE,completed_delivery
1666063506,148,state_change,AVAILABLE,completed_delivery
1666063506,1584,state_change,AVAILABLE,completed_delivery
1666063506,68,state_change,AVAILABLE,completed_delivery
1666063506,263,state_change,AVAILABLE,completed_delivery
1666063506,2220,state_change,AVAILABLE,completed_delivery
1666063506,3829,state_change,AVAILABLE,completed_delivery
1666063506,3391,state_change,AVAILABLE,completed_delivery
1666063506,1455,state_change,AVAILABLE,completed_delivery
1666063506,3527,state_change,AVAILABLE,completed_delivery
1666063506,2971,state_change,AVAILABLE,completed_delivery
1666063506,74,state_change,AVAILABLE,completed_delivery
1666063506,3267,state_change,AVAILABLE,completed_delivery
1666063506,1442,state_change,AVAILABLE,completed_delivery
1666063506,1044,state_change,AVAILABLE,completed_delivery
1666063506,413,state_change,AVAILABLE,completed_delivery
1666063506,3345,state_change,AVAILABLE,completed_delivery
1666063506,1342,state_change,AVAILABLE,completed_delivery
1666063506,3692,state_change,AVAILABLE,completed_delivery
1666063506,1355,state_change,AVAILABLE,completed_delivery
1666063506,2361,state_change,AVAILABLE,completed_delivery
1666063506,3039,state_change,AVAILABLE,completed_delivery
1666063506,1115,state_change,AVAILABLE,completed_delivery
1666063506,4034,state_change,AVAILABLE,completed_delivery
1666063506,1960,state_change,AVAILABLE,completed_delivery
1666063506,729,state_change,AVAILABLE,completed_delivery
1666063506,3176,state_change,AVAILABLE,completed_delivery
1666063506,322,state_change,AVAILABLE,completed_delivery
1666063506,3567,state_change,AVAILABLE,completed_delivery
1666063506,927,state_change,AVAILABLE,completed_delivery
1666063506,409,state_change,AVAILABLE,completed_delivery
1666063506,285,state_change,AVAILABLE,completed_delivery
1666063506,852,state_change,AVAILABLE,completed_delivery
1666063506,1880,state_change,AVAILABLE,completed_delivery
1666063506,254,state_change,AVAILABLE,completed_delivery
1666063506,1582,state_change,AVAILABLE,completed_delivery
1666063506,866,state_change,AVAILABLE,completed_delivery
1666063506,715,state_change,AVAILABLE,completed_delivery
1666063506,1542,state_change,AVAILABLE,completed_delivery
1666063506,4258,state_change,AVAILABLE,completed_delivery
1666063506,2667,state_change,AVAILABLE,completed_delivery
1666063506,1890,state_change,AVAILABLE,completed_delivery
1666063506,2306,state_change,AVAILABLE,completed_delivery
1666063506,553,state_change,AVAILABLE,completed_delivery
1666063506,781,state_change,AVAILABLE,completed_delivery
1666063506,2263,state_change,AVAILABLE,completed_delivery
1666063506,516,state_change,AVAILABLE,completed_delivery
1666063506,1280,state_change,AVAILABLE,completed_delivery
1666063506,1913,state_change,AVAILABLE,completed_delivery
1666063506,758,state_change,AVAILABLE,completed_delivery
1666063506,2388,state_change,AVAILABLE,completed_delivery
1666063506,2051,state_change,AVAILABLE,completed_delivery
1666063506,2957,state_change,AVAILABLE,completed_delivery
1666063506,275,state_change,AVAILABLE,completed_delivery
1666063506,3115,state_change,AVAILABLE,completed_delivery
1666063506,3524,state_change,AVAILABLE,completed_delivery
1666063506,2184,state_change,AVAILABLE,completed_delivery
1666063506,77,state_change,AVAILABLE,completed_delivery
1666063506,240,state_change,AVAILABLE,completed_delivery
1666063506,2129,state_change,AVAILABLE,completed_delivery
1666063506,3004,state_change,AVAILABLE,completed_delivery
1666063506,434,state_change,AVAILABLE,completed_delivery
1666063506,537,state_change,AVAILABLE,completed_delivery
1666063506,189,state_change,AVAILABLE,completed_delivery
1666063506,1256,state_change,AVAILABLE,completed_delivery
1666063506,1069,state_change,AVAILABLE,completed_delivery
1666063506,1131,state_change,AVAILABLE,completed_delivery
1666063506,3857,state_change,AVAILABLE,completed_delivery
1666063506,873,state_change,AVAILABLE,completed_delivery
1666063506,2095,state_change,AVAILABLE,completed_delivery
1666063506,478,state_change,AVAILABLE,completed_delivery
1666063506,620,state_change,AVAILABLE,completed_delivery
1666063506,3360,state_change,AVAILABLE,completed_delivery
1666063506,1955,state_change,AVAILABLE,completed_delivery
1666063506,555,state_change,AVAILABLE,completed_delivery
1666063506,2791,state_change,AVAILABLE,completed_delivery
1666063506,2753,state_change,AVAILABLE,completed_delivery
1666063506,4817,state_change,AVAILABLE,completed_delivery
1666063506,3246,state_change,AVAILABLE,completed_delivery
1666063506,3317,state_change,AVAILABLE,completed_delivery
1666063506,2751,state_change,AVAILABLE,completed_delivery
1666063506,1783,state_change,AVAILABLE,completed_delivery
1666063506,2701,state_change,AVAILABLE,completed_delivery
1666063506,1317,state_change,AVAILABLE,completed_delivery
1666063506,3239,state_change,AVAILABLE,completed_delivery
1666063506,1936,state_change,AVAILABLE,completed_delivery
1666063506,2241,state_change,AVAILABLE,completed_delivery
1666063506,3854,state_change,AVAILABLE,completed_delivery
1666063506,3872,state_change,AVAILABLE,completed_delivery
1666063506,4254,state_change,AVAILABLE,completed_delivery
1666063506,3535,state_change,AVAILABLE,completed_delivery
1666063506,3293,state_change,AVAILABLE,completed_delivery
1666063506,4454,state_change,AVAILABLE,completed_delivery
1666063506,2738,state_change,AVAILABLE,completed_delivery
1666063506,3270,state_change,AVAILABLE,completed_delivery
1666063506,1514,state_change,AVAILABLE,completed_delivery
1666063506,1970,state_change,AVAILABLE,completed_delivery
1666063506,660,state_change,AVAILABLE,completed_delivery
1666063506,680,state_change,AVAILABLE,completed_delivery
1666063506,786,state_change,AVAILABLE,completed_delivery
1666063506,1249,state_change,AVAILABLE,completed_delivery
1666063506,2614,state_change,AVAILABLE,completed_delivery
1666063506,1546,state_change,AVAILABLE,completed_delivery
1666063506,2133,state_change,AVAILABLE,completed_delivery
1666063506,3178,state_change,AVAILABLE,completed_delivery
1666063506,1020,state_change,AVAILABLE,completed_delivery
1666063506,1328,state_change,AVAILABLE,completed_delivery
1666063506,1884,state_change,AVAILABLE,completed_delivery
1666063506,1493,state_change,AVAILABLE,completed_delivery
1666063506,742,state_change,AVAILABLE,completed_delivery
1666063506,3717,state_change,AVAILABLE,completed_delivery
1666063506,2846,state_change,AVAILABLE,completed_delivery
1666063506,1605,state_change,AVAILABLE,completed_delivery
1666063506,1941,state_change,AVAILABLE,completed_delivery
1666063506,4103,state_change,AVAILABLE,completed_delivery
1666063506,1690,state_change,AVAILABLE,completed_delivery
1666063506,2982,state_change,AVAILABLE,completed_delivery
1666063506,1348,state_change,AVAILABLE,completed_delivery
1666063506,3842,state_change,AVAILABLE,completed_delivery
1666063506,1510,state_change,AVAILABLE,completed_delivery
1666063506,1747,state_change,AVAILABLE,completed_delivery
1666063506,2227,state_change,AVAILABLE,completed_delivery
1666063506,1649,state_change,AVAILABLE,completed_delivery
1666063506,2452,state_change,AVAILABLE,completed_delivery
1666063506,2915,state_change,AVAILABLE,completed_delivery
1666063506,2322,state_change,AVAILABLE,completed_delivery
1666063506,563,state_change,AVAILABLE,completed_delivery
1666063506,1623,state_change,AVAILABLE,completed_delivery
1666063506,259,state_change,AVAILABLE,completed_delivery
1666063506,2743,state_change,AVAILABLE,completed_delivery
1666063506,4635,state_change,AVAILABLE,completed_delivery
1666063506,2600,state_change,AVAILABLE,completed_delivery
1666063506,272,state_change,AVAILABLE,completed_delivery
1666063506,1634,state_change,AVAILABLE,completed_delivery
1666063506,2149,state_change,AVAILABLE,completed_delivery
1666063506,52,state_change,AVAILABLE,completed_delivery
1666063506,4071,state_change,AVAILABLE,completed_delivery
1666063506,1383,state_change,AVAILABLE,completed_delivery
1666063506,2428,state_change,AVAILABLE,completed_delivery
1666063506,937,state_change,AVAILABLE,completed_delivery
1666063506,1233,state_change,AVAILABLE,completed_delivery
1666063506,1998,state_change,AVAILABLE,completed_delivery
1666063506,3436,state_change,AVAILABLE,completed_delivery
1666063506,2715,state_change,AVAILABLE,completed_delivery
1666063506,1918,state_change,AVAILABLE,completed_delivery
1666063506,1724,state_change,AVAILABLE,completed_delivery
1666063506,26,state_change,AVAILABLE,completed_delivery
1666063506,3427,state_change,AVAILABLE,completed_delivery
1666063506,2072,state_change,AVAILABLE,completed_delivery
1666063506,1928,state_change,AVAILABLE,completed_delivery
1666063506,3104,state_change,AVAILABLE,completed_delivery
1666063506,1019,state_change,AVAILABLE,completed_delivery
1666063506,3449,state_change,AVAILABLE,completed_delivery
1666063506,2844,state_change,AVAILABLE,completed_delivery
1666063506,836,state_change,AVAILABLE,completed_delivery
1666063506,4072,state_change,AVAILABLE,completed_delivery
1666063506,3764,state_change,AVAILABLE,completed_delivery
1666063506,1185,state_change,AVAILABLE,completed_delivery
1666063506,1396,state_change,AVAILABLE,completed_delivery
1666063506,2367,state_change,AVAILABLE,completed_delivery
1666063506,540,state_change,AVAILABLE,completed_delivery
1666063506,156,state_change,AVAILABLE,completed_delivery
1666063506,1084,state_change,AVAILABLE,completed_delivery
1666063506,3591,state_change,AVAILABLE,completed_delivery
1666063506,2115,state_change,AVAILABLE,completed_delivery
1666063506,888,state_change,AVAILABLE,completed_delivery
1666063506,695,state_change,AVAILABLE,completed_delivery
1666063506,1726,state_change,AVAILABLE,completed_delivery
1666063506,1261,state_change,AVAILABLE,completed_delivery
1666063506,698,state_change,AVAILABLE,completed_delivery
1666063506,1336,state_change,AVAILABLE,completed_delivery
1666063506,3274,state_change,AVAILABLE,completed_delivery
1666063506,2415,state_change,AVAILABLE,completed_delivery
1666063506,2985,state_change,AVAILABLE,completed_delivery
1666063506,1414,state_change,AVAILABLE,completed_delivery
1666063506,4096,state_change,AVAILABLE,completed_delivery
1666063506,2079,state_change,AVAILABLE,completed_delivery
1666063506,4076,state_change,AVAILABLE,completed_delivery
1666063506,3150,state_change,AVAILABLE,completed_delivery
1666063506,1736,state_change,AVAILABLE,completed_delivery
1666063506,1153,state_change,AVAILABLE,completed_delivery
1666063506,1866,state_change,AVAILABLE,completed_delivery
1666063506,3247,state_change,AVAILABLE,completed_delivery
1666063506,1154,state_change,AVAILABLE,completed_delivery
1666063506,4178,state_change,AVAILABLE,completed_delivery
1666063506,1366,state_change,AVAILABLE,completed_delivery
1666063506,3976,state_change,AVAILABLE,completed_delivery
1666063506,4634,state_change,AVAILABLE,completed_delivery
1666063506,1209,state_change,AVAILABLE,completed_delivery
1666063506,3561,state_change,AVAILABLE,completed_delivery
1666063506,1190,state_change,AVAILABLE,completed_delivery
1666063506,2932,state_change,AVAILABLE,completed_delivery
1666063506,1965,state_change,AVAILABLE,completed_delivery
1666063506,1448,state_change,AVAILABLE,completed_delivery
1666063506,2441,state_change,AVAILABLE,completed_delivery
1666063506,581,state_change,AVAILABLE,completed_delivery
1666063506,728,state_change,AVAILABLE,completed_delivery
1666063506,1737,state_change,AVAILABLE,completed_delivery
1666063506,2517,state_change,AVAILABLE,completed_delivery
1666063506,430,state_change,AVAILABLE,completed_delivery
1666063506,1259,state_change,AVAILABLE,completed_delivery
1666063506,260,state_change,AVAILABLE,completed_delivery
1666063506,4038,state_change,AVAILABLE,completed_delivery
1666063506,2814,state_change,AVAILABLE,completed_delivery
1666063506,3001,state_change,AVAILABLE,completed_delivery
1666063506,2466,state_change,AVAILABLE,completed_delivery
1666063506,2034,state_change,AVAILABLE,completed_delivery
1666063506,2593,state_change,AVAILABLE,completed_delivery
1666063506,1729,state_change,AVAILABLE,completed_delivery
1666063506,3045,state_change,AVAILABLE,completed_delivery
1666063506,243,state_change,AVAILABLE,completed_delivery
1666063506,4775,state_change,AVAILABLE,completed_delivery
1666063506,1158,state_change,AVAILABLE,completed_delivery
1666063506,789,state_change,AVAILABLE,completed_delivery
1666063506,2776,state_change,AVAILABLE,completed_delivery
1666063506,529,state_change,AVAILABLE,completed_delivery
1666063506,3162,state_change,AVAILABLE,completed_delivery
1666063506,84,state_change,AVAILABLE,completed_delivery
1666063506,2360,state_change,AVAILABLE,completed_delivery
1666063506,1631,state_change,AVAILABLE,completed_delivery
1666063506,802,state_change,AVAILABLE,completed_delivery
1666063506,1677,state_change,AVAILABLE,completed_delivery
1666063506,707,state_change,AVAILABLE,completed_delivery
1666063506,1265,state_change,AVAILABLE,completed_delivery
1666063506,3335,state_change,AVAILABLE,completed_delivery
1666063506,4206,state_change,AVAILABLE,completed_delivery
1666063506,1785,state_change,AVAILABLE,completed_delivery
1666063506,681,state_change,AVAILABLE,completed_delivery
1666063506,2861,state_change,AVAILABLE,completed_delivery
1666063506,2615,state_change,AVAILABLE,completed_delivery
1666063506,1035,state_change,AVAILABLE,completed_delivery
1666063506,1034,state_change,AVAILABLE,completed_delivery
1666063506,3106,state_change,AVAILABLE,completed_delivery
1666063506,2700,state_change,AVAILABLE,completed_delivery
1666063506,970,state_change,AVAILABLE,completed_delivery
1666063506,89,state_change,AVAILABLE,completed_delivery
1666063506,1903,state_change,AVAILABLE,completed_delivery
1666063506,2554,state_change,AVAILABLE,completed_delivery
1666063506,977,state_change,AVAILABLE,completed_delivery
1666063506,2682,state_change,AVAILABLE,completed_delivery
1666063506,410,state_change,AVAILABLE,completed_delivery
1666063506,4866,state_change,AVAILABLE,completed_delivery
1666063506,1349,state_change,AVAILABLE,completed_delivery
1666063506,3657,state_change,AVAILABLE,completed_delivery
1666063506,2420,state_change,AVAILABLE,completed_delivery
1666063506,4555,state_change,AVAILABLE,completed_delivery
1666063506,2089,state_change,AVAILABLE,completed_delivery
1666063506,689,state_change,AVAILABLE,completed_delivery
1666063506,75,state_change,AVAILABLE,completed_delivery
1666063506,2135,state_change,AVAILABLE,completed_delivery
1666063506,1112,state_change,AVAILABLE,completed_delivery
1666063506,2787,state_change,AVAILABLE,completed_delivery
1666063506,753,state_change,AVAILABLE,completed_delivery
1666063506,2153,state_change,AVAILABLE,completed_delivery
1666063506,3373,state_change,AVAILABLE,completed_delivery
1666063506,1021,state_change,AVAILABLE,completed_delivery
1666063506,1963,state_change,AVAILABLE,completed_delivery
1666063506,2181,state_change,AVAILABLE,completed_delivery
1666063506,2368,state_change,AVAILABLE,completed_delivery
1666063506,1706,state_change,AVAILABLE,completed_delivery
1666063506,2976,state_change,AVAILABLE,completed_delivery
1666063506,87,state_change,AVAILABLE,completed_delivery
1666063506,175,state_change,AVAILABLE,completed_delivery
1666063506,2895,state_change,AVAILABLE,completed_delivery
1666063506,4180,state_change,AVAILABLE,completed_delivery
1666063506,1463,state_change,AVAILABLE,completed_delivery
1666063506,2884,state_change,AVAILABLE,completed_delivery
1666063506,1870,state_change,AVAILABLE,completed_delivery
1666063506,3134,state_change,AVAILABLE,completed_delivery
1666063506,981,state_change,AVAILABLE,completed_delivery
1666063506,4199,state_change,AVAILABLE,completed_delivery
1666063506,1529,state_change,AVAILABLE,completed_delivery
1666063506,2155,state_change,AVAILABLE,completed_delivery
1666063506,93,state_change,AVAILABLE,completed_delivery
1666063506,702,state_change,AVAILABLE,completed_delivery
1666063506,2697,state_change,AVAILABLE,completed_delivery
1666063506,625,state_change,AVAILABLE,completed_delivery
1666063506,2687,state_change,AVAILABLE,completed_delivery
1666063506,2659,state_change,AVAILABLE,completed_delivery
1666063506,2880,state_change,AVAILABLE,completed_delivery
1666063506,1082,state_change,AVAILABLE,completed_delivery
1666063506,1095,state_change,AVAILABLE,completed_delivery
1666063506,2389,state_change,AVAILABLE,completed_delivery
1666063506,1725,state_change,AVAILABLE,completed_delivery
1666063506,2170,state_change,AVAILABLE,completed_delivery
1666063506,2321,state_change,AVAILABLE,completed_delivery
1666063506,3553,state_change,AVAILABLE,completed_delivery
1666063506,726,state_change,AVAILABLE,completed_delivery
1666063506,1694,state_change,AVAILABLE,completed_delivery
1666063506,5,state_change,AVAILABLE,completed_delivery
1666063506,2977,state_change,AVAILABLE,completed_delivery
1666063506,2196,state_change,AVAILABLE,completed_delivery
1666063506,3053,state_change,AVAILABLE,completed_delivery
1666063506,1908,state_change,AVAILABLE,completed_delivery
1666063506,4053,state_change,AVAILABLE,completed_delivery
1666063506,3966,state_change,AVAILABLE,completed_delivery
1666063506,663,state_change,AVAILABLE,completed_delivery
1666063506,855,state_change,AVAILABLE,completed_delivery
1666063506,2678,state_change,AVAILABLE,completed_delivery
1666063506,1863,state_change,AVAILABLE,completed_delivery
1666063506,253,state_change,AVAILABLE,completed_delivery
1666063506,3840,state_change,AVAILABLE,completed_delivery
1666063506,170,state_change,AVAILABLE,completed_delivery
1666063506,1227,state_change,AVAILABLE,completed_delivery
1666063506,106,state_change,AVAILABLE,completed_delivery
1666063506,1797,state_change,AVAILABLE,completed_delivery
1666063506,2120,state_change,AVAILABLE,completed_delivery
1666063506,2112,state_change,AVAILABLE,completed_delivery
1666063506,491,state_change,AVAILABLE,completed_delivery
1666063506,461,state_change,AVAILABLE,completed_delivery
1666063506,2210,state_change,AVAILABLE,completed_delivery
1666063506,2078,state_change,AVAILABLE,completed_delivery
1666063506,4232,state_change,AVAILABLE,completed_delivery
1666063506,1931,state_change,AVAILABLE,completed_delivery
1666063506,1254,state_change,AVAILABLE,completed_delivery
1666063506,3489,state_change,AVAILABLE,completed_delivery
1666063506,3711,state_change,AVAILABLE,completed_delivery
1666063506,477,state_change,AVAILABLE,completed_delivery
1666063506,4648,state_change,AVAILABLE,completed_delivery
1666063506,3958,state_change,AVAILABLE,completed_delivery
1666063506,1226,state_change,AVAILABLE,completed_delivery
1666063506,18,state_change,AVAILABLE,completed_delivery
1666063506,1141,state_change,AVAILABLE,completed_delivery
1666063506,913,state_change,AVAILABLE,completed_delivery
1666063506,2716,state_change,AVAILABLE,completed_delivery
1666063506,114,state_change,AVAILABLE,completed_delivery
1666063506,4221,state_change,AVAILABLE,completed_delivery
1666063506,2039,state_change,AVAILABLE,completed_delivery
1666063506,3206,state_change,AVAILABLE,completed_delivery
1666063506,456,state_change,AVAILABLE,completed_delivery
1666063506,3253,state_change,AVAILABLE,completed_delivery
1666063506,770,state_change,AVAILABLE,completed_delivery
1666063506,3532,state_change,AVAILABLE,completed_delivery
1666063506,2510,state_change,AVAILABLE,completed_delivery
1666063506,1595,state_change,AVAILABLE,completed_delivery
1666063506,4139,state_change,AVAILABLE,completed_delivery
1666063506,535,state_change,AVAILABLE,completed_delivery
1666063506,915,state_change,AVAILABLE,completed_delivery
1666063506,291,state_change,AVAILABLE,completed_delivery
1666063506,2852,state_change,AVAILABLE,completed_delivery
1666063506,2015,state_change,AVAILABLE,completed_delivery
1666063506,2725,state_change,AVAILABLE,completed_delivery
1666063506,1327,state_change,AVAILABLE,completed_delivery
1666063506,2636,state_change,AVAILABLE,completed_delivery
1666063506,4490,state_change,AVAILABLE,completed_delivery
1666063506,3195,state_change,AVAILABLE,completed_delivery
1666063506,2960,state_change,AVAILABLE,completed_delivery
1666063506,976,state_change,AVAILABLE,completed_delivery
1666063506,3211,state_change,AVAILABLE,completed_delivery
1666063506,2083,state_change,AVAILABLE,completed_delivery
1666063506,1061,state_change,AVAILABLE,completed_delivery
1666063506,2707,state_change,AVAILABLE,completed_delivery
1666063506,1985,state_change,AVAILABLE,completed_delivery
1666063506,1053,state_change,AVAILABLE,completed_delivery
1666063506,3739,state_change,AVAILABLE,completed_delivery
1666063506,559,state_change,AVAILABLE,completed_delivery
1666063506,958,state_change,AVAILABLE,completed_delivery
1666063506,1925,state_change,AVAILABLE,completed_delivery
1666063506,479,state_change,AVAILABLE,completed_delivery
1666063506,3896,state_change,AVAILABLE,completed_delivery
1666063506,2754,state_change,AVAILABLE,completed_delivery
1666063506,4595,state_change,AVAILABLE,completed_delivery
1666063506,1001,state_change,AVAILABLE,completed_delivery
1666063506,4508,state_change,AVAILABLE,completed_delivery
1666063506,4309,state_change,AVAILABLE,completed_delivery
1666063506,4626,state_change,AVAILABLE,completed_delivery
1666063506,814,state_change,AVAILABLE,completed_delivery
1666063506,3909,state_change,AVAILABLE,completed_delivery
1666063506,2430,state_change,AVAILABLE,completed_delivery
1666063506,2053,state_change,AVAILABLE,completed_delivery
1666063506,1309,state_change,AVAILABLE,completed_delivery
1666063506,4031,state_change,AVAILABLE,completed_delivery
1666063506,3223,state_change,AVAILABLE,completed_delivery
1666063506,3371,state_change,AVAILABLE,completed_delivery
1666063506,1017,state_change,AVAILABLE,completed_delivery
1666063506,4275,state_change,AVAILABLE,completed_delivery
1666063506,1731,state_change,AVAILABLE,completed_delivery
1666063506,1901,state_change,AVAILABLE,completed_delivery
1666063506,82,state_change,AVAILABLE,completed_delivery
1666063506,556,state_change,AVAILABLE,completed_delivery
1666063506,603,state_change,AVAILABLE,completed_delivery
1666063506,713,state_change,AVAILABLE,completed_delivery
1666063506,3474,state_change,AVAILABLE,completed_delivery
1666063506,3731,state_change,AVAILABLE,completed_delivery
1666063506,3233,state_change,AVAILABLE,completed_delivery
1666063506,4202,state_change,AVAILABLE,completed_delivery
1666063506,3095,state_change,AVAILABLE,completed_delivery
1666063506,759,state_change,AVAILABLE,completed_delivery
1666063506,1101,state_change,AVAILABLE,completed_delivery
1666063506,3038,state_change,AVAILABLE,completed_delivery
1666063506,3565,state_change,AVAILABLE,completed_delivery
1666063506,296,state_change,AVAILABLE,completed_delivery
1666063506,3963,state_change,AVAILABLE,completed_delivery
1666063506,1715,state_change,AVAILABLE,completed_delivery
1666063506,3697,state_change,AVAILABLE,completed_delivery
1666063506,3779,state_change,AVAILABLE,completed_delivery
1666063506,3276,state_change,AVAILABLE,completed_delivery
1666063506,3951,state_change,AVAILABLE,completed_delivery
1666063506,2311,state_change,AVAILABLE,completed_delivery
1666063506,2653,state_change,AVAILABLE,completed_delivery
1666063506,3047,state_change,AVAILABLE,completed_delivery
1666063506,3392,state_change,AVAILABLE,completed_delivery
1666063506,2471,state_change,AVAILABLE,completed_delivery
1666063506,2660,state_change,AVAILABLE,completed_delivery
1666063506,2578,state_change,AVAILABLE,completed_delivery
1666063506,1704,state_change,AVAILABLE,completed_delivery
1666063506,3830,state_change,AVAILABLE,completed_delivery
1666063506,1400,state_change,AVAILABLE,completed_delivery
1666063506,1441,state_change,AVAILABLE,completed_delivery
1666063506,4573,state_change,AVAILABLE,completed_delivery
1666063506,4512,state_change,AVAILABLE,completed_delivery
1666063506,1000,state_change,AVAILABLE,completed_delivery
1666063506,1587,state_change,AVAILABLE,completed_delivery
1666063506,4279,state_change,AVAILABLE,completed_delivery
1666063506,1056,state_change,AVAILABLE,completed_delivery
1666063506,401,state_change,AVAILABLE,completed_delivery
1666063506,2157,state_change,AVAILABLE,completed_delivery
1666063506,375,state_change,AVAILABLE,completed_delivery
1666063506,1215,state_change,AVAILABLE,completed_delivery
1666063506,870,state_change,AVAILABLE,completed_delivery
1666063506,4708,state_change,AVAILABLE,completed_delivery
1666063506,1951,state_change,AVAILABLE,completed_delivery
1666063506,440,state_change,AVAILABLE,completed_delivery
1666063506,394,state_change,AVAILABLE,completed_delivery
1666063506,1079,state_change,AVAILABLE,completed_delivery
1666063506,2424,state_change,AVAILABLE,completed_delivery
1666063506,2106,state_change,AVAILABLE,completed_delivery
1666063506,4556,state_change,AVAILABLE,completed_delivery
1666063506,534,state_change,AVAILABLE,completed_delivery
1666063506,2728,state_change,AVAILABLE,completed_delivery
1666063506,1453,state_change,AVAILABLE,completed_delivery
1666063506,4223,state_change,AVAILABLE,completed_delivery
1666063506,136,state_change,AVAILABLE,completed_delivery
1666063506,1401,state_change,AVAILABLE,completed_delivery
1666063506,3080,state_change,AVAILABLE,completed_delivery
1666063506,3093,state_change,AVAILABLE,completed_delivery
1666063506,3159,state_change,AVAILABLE,completed_delivery
1666063506,624,state_change,AVAILABLE,completed_delivery
1666063506,79,state_change,AVAILABLE,completed_delivery
1666063506,736,state_change,AVAILABLE,completed_delivery
1666063506,3437,state_change,AVAILABLE,completed_delivery
1666063506,1292,state_change,AVAILABLE,completed_delivery
1666063506,2063,state_change,AVAILABLE,completed_delivery
1666063506,1040,state_change,AVAILABLE,completed_delivery
1666063506,1876,state_change,AVAILABLE,completed_delivery
1666063506,2370,state_change,AVAILABLE,completed_delivery
1666063506,1764,state_change,AVAILABLE,completed_delivery
1666063506,1486,state_change,AVAILABLE,completed_delivery
1666063506,1228,state_change,AVAILABLE,completed_delivery
1666063506,857,state_change,AVAILABLE,completed_delivery
1666063506,3297,state_change,AVAILABLE,completed_delivery
1666063506,1266,state_change,AVAILABLE,completed_delivery
1666063506,2071,state_change,AVAILABLE,completed_delivery
1666063506,2037,state_change,AVAILABLE,completed_delivery
1666063506,3955,state_change,AVAILABLE,completed_delivery
1666063506,1140,state_change,AVAILABLE,completed_delivery
1666063506,61,state_change,AVAILABLE,completed_delivery
1666063506,3980,state_change,AVAILABLE,completed_delivery
1666063506,416,state_change,AVAILABLE,completed_delivery
1666063506,246,state_change,AVAILABLE,completed_delivery
1666063506,4449,state_change,AVAILABLE,completed_delivery
1666063506,2,state_change,AVAILABLE,completed_delivery
1666063506,755,state_change,AVAILABLE,completed_delivery
1666063506,2495,state_change,AVAILABLE,completed_delivery
1666063506,3919,state_change,AVAILABLE,completed_delivery
1666063506,3171,state_change,AVAILABLE,completed_delivery
1666063506,1485,state_change,AVAILABLE,completed_delivery
1666063506,118,state_change,AVAILABLE,completed_delivery
1666063506,3238,state_change,AVAILABLE,completed_delivery
1666063506,3748,state_change,AVAILABLE,completed_delivery
1666063506,4376,state_change,AVAILABLE,completed_delivery
1666063506,1632,state_change,AVAILABLE,completed_delivery
1666063506,238,state_change,AVAILABLE,completed_delivery
1666063506,387,state_change,AVAILABLE,completed_delivery
1666063506,2085,state_change,AVAILABLE,completed_delivery
1666063506,3882,state_change,AVAILABLE,completed_delivery
1666063506,2084,state_change,AVAILABLE,completed_delivery
1666063506,3634,state_change,AVAILABLE,completed_delivery
1666063506,1684,state_change,AVAILABLE,completed_delivery
1666063506,4042,state_change,AVAILABLE,completed_delivery
1666063506,1563,state_change,AVAILABLE,completed_delivery
1666063506,4288,state_change,AVAILABLE,completed_delivery
1666063506,158,state_change,AVAILABLE,completed_delivery
1666063506,3662,state_change,AVAILABLE,completed_delivery
1666063506,3174,state_change,AVAILABLE,completed_delivery
1666063506,1133,state_change,AVAILABLE,completed_delivery
1666063506,3723,state_change,AVAILABLE,completed_delivery
1666063506,59,state_change,AVAILABLE,completed_delivery
1666063506,1276,state_change,AVAILABLE,completed_delivery
1666063506,881,state_change,AVAILABLE,completed_delivery
1666063506,1286,state_change,AVAILABLE,completed_delivery
1666063506,853,state_change,AVAILABLE,completed_delivery
1666063506,1016,state_change,AVAILABLE,completed_delivery
1666063506,3424,state_change,AVAILABLE,completed_delivery
1666063506,830,state_change,AVAILABLE,completed_delivery
1666063506,2696,state_change,AVAILABLE,completed_delivery
1666063506,4509,state_change,AVAILABLE,completed_delivery
1666063506,1253,state_change,AVAILABLE,completed_delivery
1666063506,3121,state_change,AVAILABLE,completed_delivery
1666063506,2054,state_change,AVAILABLE,completed_delivery
1666063506,2839,state_change,AVAILABLE,completed_delivery
1666063506,3975,state_change,AVAILABLE,completed_delivery
1666063506,2825,state_change,AVAILABLE,completed_delivery
1666063506,1781,state_change,AVAILABLE,completed_delivery
1666063506,2312,state_change,AVAILABLE,completed_delivery
1666063506,507,state_change,AVAILABLE,completed_delivery
1666063506,1242,state_change,AVAILABLE,completed_delivery
1666063506,3456,state_change,AVAILABLE,completed_delivery
1666063506,931,state_change,AVAILABLE,completed_delivery
1666063506,3298,state_change,AVAILABLE,completed_delivery
1666063506,1910,state_change,AVAILABLE,completed_delivery
1666063506,4095,state_change,AVAILABLE,completed_delivery
1666063506,1601,state_change,AVAILABLE,completed_delivery
1666063506,1094,state_change,AVAILABLE,completed_delivery
1666063506,3614,state_change,AVAILABLE,completed_delivery
1666063506,564,state_change,AVAILABLE,completed_delivery
1666063506,2681,state_change,AVAILABLE,completed_delivery
1666063506,2967,state_change,AVAILABLE,completed_delivery
1666063506,2052,state_change,AVAILABLE,completed_delivery
1666063506,3519,state_change,AVAILABLE,completed_delivery
1666063506,1384,state_change,AVAILABLE,completed_delivery
1666063506,3712,state_change,AVAILABLE,completed_delivery
1666063506,737,state_change,AVAILABLE,completed_delivery
1666063506,17,state_change,AVAILABLE,completed_delivery
1666063506,248,state_change,AVAILABLE,completed_delivery
1666063506,1305,state_change,AVAILABLE,completed_delivery
1666063506,1204,state_change,AVAILABLE,completed_delivery
1666063506,877,state_change,AVAILABLE,completed_delivery
1666063506,2610,state_change,AVAILABLE,completed_delivery
1666063506,2577,state_change,AVAILABLE,completed_delivery
1666063506,3146,state_change,AVAILABLE,completed_delivery
1666063506,3729,state_change,AVAILABLE,completed_delivery
1666063506,2807,state_change,AVAILABLE,completed_delivery
1666063506,488,state_change,AVAILABLE,completed_delivery
1666063506,1451,state_change,AVAILABLE,completed_delivery
1666063506,3721,state_change,AVAILABLE,completed_delivery
1666063506,4280,state_change,AVAILABLE,completed_delivery
1666063506,4803,state_change,AVAILABLE,completed_delivery
1666063506,2661,state_change,AVAILABLE,completed_delivery
1666063506,3514,state_change,AVAILABLE,completed_delivery
1666063506,4218,state_change,AVAILABLE,completed_delivery
1666063506,2456,state_change,AVAILABLE,completed_delivery
1666063506,3682,state_change,AVAILABLE,completed_delivery
1666063506,1858,state_change,AVAILABLE,completed_delivery
1666063506,891,state_change,AVAILABLE,completed_delivery
1666063506,1014,state_change,AVAILABLE,completed_delivery
1666063506,1947,state_change,AVAILABLE,completed_delivery
1666063506,2798,state_change,AVAILABLE,completed_delivery
1666063506,2552,state_change,AVAILABLE,completed_delivery
1666063506,2496,state_change,AVAILABLE,completed_delivery
1666063506,167,state_change,AVAILABLE,completed_delivery
1666063506,1221,state_change,AVAILABLE,completed_delivery
1666063506,1114,state_change,AVAILABLE,completed_delivery
1666063506,2357,state_change,AVAILABLE,completed_delivery
1666063506,1250,state_change,AVAILABLE,completed_delivery
1666063506,730,state_change,AVAILABLE,completed_delivery
1666063506,3482,state_change,AVAILABLE,completed_delivery
1666063506,4481,state_change,AVAILABLE,completed_delivery
1666063506,4404,state_change,AVAILABLE,completed_delivery
1666063506,2176,state_change,AVAILABLE,completed_delivery
1666063506,2992,state_change,AVAILABLE,completed_delivery
1666063506,2397,state_change,AVAILABLE,completed_delivery
1666063506,849,state_change,AVAILABLE,completed_delivery
1666063506,1418,state_change,AVAILABLE,completed_delivery
1666063506,3600,state_change,AVAILABLE,completed_delivery
1666063506,868,state_change,AVAILABLE,completed_delivery
1666063506,526,state_change,AVAILABLE,completed_delivery
1666063506,2877,state_change,AVAILABLE,completed_delivery
1666063506,4208,state_change,AVAILABLE,completed_delivery
1666063506,2792,state_change,AVAILABLE,completed_delivery
1666063506,46,state_change,AVAILABLE,completed_delivery
1666063506,2878,state_change,AVAILABLE,completed_delivery
1666063506,2964,state_change,AVAILABLE,completed_delivery
1666063506,1010,state_change,AVAILABLE,completed_delivery
1666063506,4696,state_change,AVAILABLE,completed_delivery
1666063506,2450,state_change,AVAILABLE,completed_delivery
1666063506,239,state_change,AVAILABLE,completed_delivery
1666063506,3290,state_change,AVAILABLE,completed_delivery
1666063506,4029,state_change,AVAILABLE,completed_delivery
1666063506,1125,state_change,AVAILABLE,completed_delivery
1666063506,1272,state_change,AVAILABLE,completed_delivery
1666063506,1559,state_change,AVAILABLE,completed_delivery
1666063506,2899,state_change,AVAILABLE,completed_delivery
1666063506,4325,state_change,AVAILABLE,completed_delivery
1666063506,2208,state_change,AVAILABLE,completed_delivery
1666063506,2350,state_change,AVAILABLE,completed_delivery
1666063506,1534,state_change,AVAILABLE,completed_delivery
1666063506,708,state_change,AVAILABLE,completed_delivery
1666063506,3011,state_change,AVAILABLE,completed_delivery
1666063506,4332,state_change,AVAILABLE,completed_delivery
1666063506,2723,state_change,AVAILABLE,completed_delivery
1666063506,1426,state_change,AVAILABLE,completed_delivery
1666063506,421,state_change,AVAILABLE,completed_delivery
1666063506,95,state_change,AVAILABLE,completed_delivery
1666063506,2538,state_change,AVAILABLE,completed_delivery
1666063506,1,state_change,AVAILABLE,completed_delivery
1666063506,3982,state_change,AVAILABLE,completed_delivery
1666063506,2258,state_change,AVAILABLE,completed_delivery
1666063506,4899,state_change,AVAILABLE,completed_delivery
1666063506,2088,state_change,AVAILABLE,completed_delivery
1666063506,1167,state_change,AVAILABLE,completed_delivery
1666063506,2995,state_change,AVAILABLE,completed_delivery
1666063506,780,state_change,AVAILABLE,completed_delivery
1666063506,3823,state_change,AVAILABLE,completed_delivery
1666063506,2572,state_change,AVAILABLE,completed_delivery
1666063506,536,state_change,AVAILABLE,completed_delivery
1666063506,917,state_change,AVAILABLE,completed_delivery
1666063506,2404,state_change,AVAILABLE,completed_delivery
1666063506,414,state_change,AVAILABLE,completed_delivery
1666063506,2558,state_change,AVAILABLE,completed_delivery
1666063506,1236,state_change,AVAILABLE,completed_delivery
1666063506,3088,state_change,AVAILABLE,completed_delivery
1666063506,1136,state_change,AVAILABLE,completed_delivery
1666063506,2336,state_change,AVAILABLE,completed_delivery
1666063506,1733,state_change,AVAILABLE,completed_delivery
1666063506,1468,state_change,AVAILABLE,completed_delivery
1666063506,1670,state_change,AVAILABLE,completed_delivery
1666063506,2136,state_change,AVAILABLE,completed_delivery
1666063506,3503,state_change,AVAILABLE,completed_delivery
1666063506,4242,state_change,AVAILABLE,completed_delivery
1666063506,3730,state_change,AVAILABLE,completed_delivery
1666063506,4554,state_change,AVAILABLE,completed_delivery
1666063506,3750,state_change,AVAILABLE,completed_delivery
1666063506,941,state_change,AVAILABLE,completed_delivery
1666063506,3426,state_change,AVAILABLE,completed_delivery
1666063506,428,state_change,AVAILABLE,completed_delivery
1666063506,1346,state_change,AVAILABLE,completed_delivery
1666063506,501,state_change,AVAILABLE,completed_delivery
1666063506,892,state_change,AVAILABLE,completed_delivery
1666063506,37,state_change,AVAILABLE,completed_delivery
1666063506,1953,state_change,AVAILABLE,completed_delivery
1666063506,972,state_change,AVAILABLE,completed_delivery
1666063506,57,state_change,AVAILABLE,completed_delivery
1666063506,3674,state_change,AVAILABLE,completed_delivery
1666063506,88,state_change,AVAILABLE,completed_delivery
1666063506,3315,state_change,AVAILABLE,completed_delivery
1666063506,1225,state_change,AVAILABLE,completed_delivery
1666063506,494,state_change,AVAILABLE,completed_delivery
1666063506,4501,state_change,AVAILABLE,completed_delivery
1666063506,600,state_change,AVAILABLE,completed_delivery
1666063506,1811,state_change,AVAILABLE,completed_delivery
1666063506,4319,state_change,AVAILABLE,completed_delivery
1666063506,677,state_change,AVAILABLE,completed_delivery
1666063506,2551,state_change,AVAILABLE,completed_delivery
1666063506,3139,state_change,AVAILABLE,completed_delivery
1666063506,2331,state_change,AVAILABLE,completed_delivery
1666063506,329,state_change,AVAILABLE,completed_delivery
1666063506,910,state_change,AVAILABLE,completed_delivery
1666063506,900,state_change,AVAILABLE,completed_delivery
1666063506,716,state_change,AVAILABLE,completed_delivery
1666063506,2733,state_change,AVAILABLE,completed_delivery
1666063506,2271,state_change,AVAILABLE,completed_delivery
1666063506,1991,state_change,AVAILABLE,completed_delivery
1666063506,571,state_change,AVAILABLE,completed_delivery
1666063506,1240,state_change,AVAILABLE,completed_delivery
1666063506,2165,state_change,AVAILABLE,completed_delivery
1666063506,4386,state_change,AVAILABLE,completed_delivery
1666063506,1976,state_change,AVAILABLE,completed_delivery
1666063506,2432,state_change,AVAILABLE,completed_delivery
1666063506,223,state_change,AVAILABLE,completed_delivery
1666063506,3184,state_change,AVAILABLE,completed_delivery
1666063506,4646,state_change,AVAILABLE,completed_delivery
1666063506,1734,state_change,AVAILABLE,completed_delivery
1666063506,2081,state_change,AVAILABLE,completed_delivery
1666063506,782,state_change,AVAILABLE,completed_delivery
1666063506,422,state_change,AVAILABLE,completed_delivery
1666063506,2569,state_change,AVAILABLE,completed_delivery
1666063506,157,state_change,AVAILABLE,completed_delivery
1666063506,3103,state_change,AVAILABLE,completed_delivery
1666063506,4292,state_change,AVAILABLE,completed_delivery
1666063506,2206,state_change,AVAILABLE,completed_delivery
1666063506,358,state_change,AVAILABLE,completed_delivery
1666063506,2735,state_change,AVAILABLE,completed_delivery
1666063506,1681,state_change,AVAILABLE,completed_delivery
1666063506,848,state_change,AVAILABLE,completed_delivery
1666063506,3660,state_change,AVAILABLE,completed_delivery
1666063506,1813,state_change,AVAILABLE,completed_delivery
1666063506,1663,state_change,AVAILABLE,completed_delivery
1666063506,3494,state_change,AVAILABLE,completed_delivery
1666063506,4367,state_change,AVAILABLE,completed_delivery
1666063506,991,state_change,AVAILABLE,completed_delivery
1666063506,2771,state_change,AVAILABLE,completed_delivery
1666063506,1875,state_change,AVAILABLE,completed_delivery
1666063506,160,state_change,AVAILABLE,completed_delivery
1666063506,611,state_change,AVAILABLE,completed_delivery
1666063506,2207,state_change,AVAILABLE,completed_delivery
1666063506,47,state_change,AVAILABLE,completed_delivery
1666063506,3689,state_change,AVAILABLE,completed_delivery
1666063506,1113,state_change,AVAILABLE,completed_delivery
1666063506,407,state_change,AVAILABLE,completed_delivery
1666063506,2968,state_change,AVAILABLE,completed_delivery
1666063506,1410,state_change,AVAILABLE,completed_delivery
1666063506,2038,state_change,AVAILABLE,completed_delivery
1666063506,987,state_change,AVAILABLE,completed_delivery
1666063506,330,state_change,AVAILABLE,completed_delivery
1666063506,3251,state_change,AVAILABLE,completed_delivery
1666063506,214,state_change,AVAILABLE,completed_delivery
1666063506,4002,state_change,AVAILABLE,completed_delivery
1666063506,1077,state_change,AVAILABLE,completed_delivery
1666063506,202,state_change,AVAILABLE,completed_delivery
1666063506,4504,state_change,AVAILABLE,completed_delivery
1666063506,946,state_change,AVAILABLE,completed_delivery
1666063506,2383,state_change,AVAILABLE,completed_delivery
1666063506,2805,state_change,AVAILABLE,completed_delivery
1666063506,493,state_change,AVAILABLE,completed_delivery
1666063506,2518,state_change,AVAILABLE,completed_delivery
1666063506,1625,state_change,AVAILABLE,completed_delivery
1666063506,144,state_change,AVAILABLE,completed_delivery
1666063506,2532,state_change,AVAILABLE,completed_delivery
1666063506,3101,state_change,AVAILABLE,completed_delivery
1666063506,2224,state_change,AVAILABLE,completed_delivery
1666063506,1007,state_change,AVAILABLE,completed_delivery
1666063506,402,state_change,AVAILABLE,completed_delivery
1666063506,538,state_change,AVAILABLE,completed_delivery
1666063506,368,state_change,AVAILABLE,completed_delivery
1666063506,2786,state_change,AVAILABLE,completed_delivery
1666063506,3719,state_change,AVAILABLE,completed_delivery
1666063506,817,state_change,AVAILABLE,completed_delivery
1666063506,2939,state_change,AVAILABLE,completed_delivery
1666063506,1273,state_change,AVAILABLE,completed_delivery
1666063506,4020,state_change,AVAILABLE,completed_delivery
1666063506,3245,state_change,AVAILABLE,completed_delivery
1666063506,3523,state_change,AVAILABLE,completed_delivery
1666063506,2806,state_change,AVAILABLE,completed_delivery
1666063506,1719,state_change,AVAILABLE,completed_delivery
1666063506,1198,state_change,AVAILABLE,completed_delivery
1666063506,2190,state_change,AVAILABLE,completed_delivery
1666063506,297,state_change,AVAILABLE,completed_delivery
1666063506,744,state_change,AVAILABLE,completed_delivery
1666063506,4537,state_change,AVAILABLE,completed_delivery
1666063506,1408,state_change,AVAILABLE,completed_delivery
1666063506,2434,state_change,AVAILABLE,completed_delivery
1666063506,1145,state_change,AVAILABLE,completed_delivery
1666063506,1287,state_change,AVAILABLE,completed_delivery
1666063506,2127,state_change,AVAILABLE,completed_delivery
1666063506,861,state_change,AVAILABLE,completed_delivery
1666063506,790,state_change,AVAILABLE,completed_delivery
1666063506,3017,state_change,AVAILABLE,completed_delivery
1666063506,510,state_change,AVAILABLE,completed_delivery
1666063506,1530,state_change,AVAILABLE,completed_delivery
1666063506,593,state_change,AVAILABLE,completed_delivery
1666063506,2675,state_change,AVAILABLE,completed_delivery
1666063506,1318,state_change,AVAILABLE,completed_delivery
1666063506,4019,state_change,AVAILABLE,completed_delivery
1666063506,1296,state_change,AVAILABLE,completed_delivery
1666063506,1740,state_change,AVAILABLE,completed_delivery
1666063506,3715,state_change,AVAILABLE,completed_delivery
1666063506,1028,state_change,AVAILABLE,completed_delivery
1666063506,1460,state_change,AVAILABLE,completed_delivery
1666063506,3071,state_change,AVAILABLE,completed_delivery
1666063506,916,state_change,AVAILABLE,completed_delivery
1666063506,739,state_change,AVAILABLE,completed_delivery
1666063506,796,state_change,AVAILABLE,completed_delivery
1666063506,2355,state_change,AVAILABLE,completed_delivery
1666063506,3158,state_change,AVAILABLE,completed_delivery
1666063506,1474,state_change,AVAILABLE,completed_delivery
1666063506,3522,state_change,AVAILABLE,completed_delivery
1666063506,4216,state_change,AVAILABLE,completed_delivery
1666063506,211,state_change,AVAILABLE,completed_delivery
1666063506,191,state_change,AVAILABLE,completed_delivery
1666063506,91,state_change,AVAILABLE,completed_delivery
1666063506,3385,state_change,AVAILABLE,completed_delivery
1666063506,732,state_change,AVAILABLE,completed_delivery
1666063506,583,state_change,AVAILABLE,completed_delivery
1666063506,2979,state_change,AVAILABLE,completed_delivery
1666063506,1168,state_change,AVAILABLE,completed_delivery
1666063506,3165,state_change,AVAILABLE,completed_delivery
1666063506,1660,state_change,AVAILABLE,completed_delivery
1666063506,3302,state_change,AVAILABLE,completed_delivery
1666063506,4300,state_change,AVAILABLE,completed_delivery
1666063506,997,state_change,AVAILABLE,completed_delivery
1666063506,4175,state_change,AVAILABLE,completed_delivery
1666063506,58,state_change,AVAILABLE,completed_delivery
1666063506,767,state_change,AVAILABLE,completed_delivery
1666063506,4262,state_change,AVAILABLE,completed_delivery
1666063506,116,state_change,AVAILABLE,completed_delivery
1666063506,244,state_change,AVAILABLE,completed_delivery
1666063506,1150,state_change,AVAILABLE,completed_delivery
1666063506,331,state_change,AVAILABLE,completed_delivery
1666063506,2970,state_change,AVAILABLE,completed_delivery
1666063506,4170,state_change,AVAILABLE,completed_delivery
1666063506,2801,state_change,AVAILABLE,completed_delivery
1666063506,703,state_change,AVAILABLE,completed_delivery
1666063506,2345,state_change,AVAILABLE,completed_delivery
1666063506,4482,state_change,AVAILABLE,completed_delivery
1666063506,3827,state_change,AVAILABLE,completed_delivery
1666063506,137,state_change,AVAILABLE,completed_delivery
1666063506,999,state_change,AVAILABLE,completed_delivery
1666063506,97,state_change,AVAILABLE,completed_delivery
1666063506,1727,state_change,AVAILABLE,completed_delivery
1666063506,3625,state_change,AVAILABLE,completed_delivery
1666063506,3408,state_change,AVAILABLE,completed_delivery
1666063506,1302,state_change,AVAILABLE,completed_delivery
1666063506,2435,state_change,AVAILABLE,completed_delivery
1666063506,1581,state_change,AVAILABLE,completed_delivery
1666063506,2105,state_change,AVAILABLE,completed_delivery
1666063506,2742,state_change,AVAILABLE,completed_delivery
1666063506,1279,state_change,AVAILABLE,completed_delivery
1666063506,309,state_change,AVAILABLE,completed_delivery
1666063506,2172,state_change,AVAILABLE,completed_delivery
1666063506,1826,state_change,AVAILABLE,completed_delivery
1666063506,173,state_change,AVAILABLE,completed_delivery
1666063506,3616,state_change,AVAILABLE,completed_delivery
1666063506,1157,state_change,AVAILABLE,completed_delivery
1666063506,517,state_change,AVAILABLE,completed_delivery
1666063506,2671,state_change,AVAILABLE,completed_delivery
1666063506,914,state_change,AVAILABLE,completed_delivery
1666063506,146,state_change,AVAILABLE,completed_delivery
1666063506,2876,state_change,AVAILABLE,completed_delivery
1666063506,2343,state_change,AVAILABLE,completed_delivery
1666063506,772,state_change,AVAILABLE,completed_delivery
1666063506,83,state_change,AVAILABLE,completed_delivery
1666063506,714,state_change,AVAILABLE,completed_delivery
1666063506,795,state_change,AVAILABLE,completed_delivery
1666063506,1097,state_change,AVAILABLE,completed_delivery
1666063506,452,state_change,AVAILABLE,completed_delivery
1666063506,294,state_change,AVAILABLE,completed_delivery
1666063506,62,state_change,AVAILABLE,completed_delivery
1666063506,1419,state_change,AVAILABLE,completed_delivery
1666063506,2557,state_change,AVAILABLE,completed_delivery
1666063506,86,state_change,AVAILABLE,completed_delivery
1666063506,1739,state_change,AVAILABLE,completed_delivery
1666063506,820,state_change,AVAILABLE,completed_delivery
1666063506,1831,state_change,AVAILABLE,completed_delivery
1666063506,3965,state_change,AVAILABLE,completed_delivery
1666063506,996,state_change,AVAILABLE,completed_delivery
1666063506,1208,state_change,AVAILABLE,completed_delivery
1666063506,419,state_change,AVAILABLE,completed_delivery
1666063506,741,state_change,AVAILABLE,completed_delivery
1666063506,580,state_change,AVAILABLE,completed_delivery
1666063506,3509,state_change,AVAILABLE,completed_delivery
1666063506,2197,state_change,AVAILABLE,completed_delivery
1666063506,2454,state_change,AVAILABLE,completed_delivery
1666063506,2809,state_change,AVAILABLE,completed_delivery
1666063506,3668,state_change,AVAILABLE,completed_delivery
1666063506,4101,state_change,AVAILABLE,completed_delivery
1666063506,2086,state_change,AVAILABLE,completed_delivery
1666063506,1721,state_change,AVAILABLE,completed_delivery
1666063506,1892,state_change,AVAILABLE,completed_delivery
1666063506,1700,state_change,AVAILABLE,completed_delivery
1666063506,2613,state_change,AVAILABLE,completed_delivery
1666063506,2522,state_change,AVAILABLE,completed_delivery
1666063506,794,state_change,AVAILABLE,completed_delivery
1666063506,3762,state_change,AVAILABLE,completed_delivery
1666063506,1602,state_change,AVAILABLE,completed_delivery
1666063506,769,state_change,AVAILABLE,completed_delivery
1666063506,92,state_change,AVAILABLE,completed_delivery
1666063506,4185,state_change,AVAILABLE,completed_delivery
1666063506,3279,state_change,AVAILABLE,completed_delivery
1666063506,2900,state_change,AVAILABLE,completed_delivery
1666063506,283,state_change,AVAILABLE,completed_delivery
1666063506,226,state_change,AVAILABLE,completed_delivery
1666063506,2213,state_change,AVAILABLE,completed_delivery
1666063506,162,state_change,AVAILABLE,completed_delivery
1666063506,465,state_change,AVAILABLE,completed_delivery
1666063506,3429,state_change,AVAILABLE,completed_delivery
1666063506,352,state_change,AVAILABLE,completed_delivery
1666063506,1216,state_change,AVAILABLE,completed_delivery
1666063506,3487,state_change,AVAILABLE,completed_delivery
1666063506,237,state_change,AVAILABLE,completed_delivery
1666063506,1507,state_change,AVAILABLE,completed_delivery
1666063506,4483,state_change,AVAILABLE,completed_delivery
1666063506,3277,state_change,AVAILABLE,completed_delivery
1666063506,1835,state_change,AVAILABLE,completed_delivery
1666063506,1308,state_change,AVAILABLE,completed_delivery
1666063506,1466,state_change,AVAILABLE,completed_delivery
1666063506,1655,state_change,AVAILABLE,completed_delivery
1666063506,1746,state_change,AVAILABLE,completed_delivery
1666063506,279,state_change,AVAILABLE,completed_delivery
1666063506,265,state_change,AVAILABLE,completed_delivery
1666063506,3942,state_change,AVAILABLE,completed_delivery
1666063506,4381,state_change,AVAILABLE,completed_delivery
1666063506,1795,state_change,AVAILABLE,completed_delivery
1666063506,2663,state_change,AVAILABLE,completed_delivery
1666063506,232,state_change,AVAILABLE,completed_delivery
1666063506,1911,state_change,AVAILABLE,completed_delivery
1666063506,3283,state_change,AVAILABLE,completed_delivery
1666063506,208,state_change,AVAILABLE,completed_delivery
1666063506,266,state_change,AVAILABLE,completed_delivery
1666063506,1527,state_change,AVAILABLE,completed_delivery
1666063506,3716,state_change,AVAILABLE,completed_delivery
1666063506,38,state_change,AVAILABLE,completed_delivery
1666063506,3720,state_change,AVAILABLE,completed_delivery
1666063506,1777,state_change,AVAILABLE,completed_delivery
1666063506,1557,state_change,AVAILABLE,completed_delivery
1666063506,1086,state_change,AVAILABLE,completed_delivery
1666063506,4204,state_change,AVAILABLE,completed_delivery
1666063506,912,state_change,AVAILABLE,completed_delivery
1666063506,3497,state_change,AVAILABLE,completed_delivery
1666063506,454,state_change,AVAILABLE,completed_delivery
1666063506,1702,state_change,AVAILABLE,completed_delivery
1666063506,2799,state_change,AVAILABLE,completed_delivery
1666063506,1100,state_change,AVAILABLE,completed_delivery
1666063506,1593,state_change,AVAILABLE,completed_delivery
1666063506,2260,state_change,AVAILABLE,completed_delivery
1666063506,3677,state_change,AVAILABLE,completed_delivery
1666063506,176,state_change,AVAILABLE,completed_delivery
1666063506,222,state_change,AVAILABLE,completed_delivery
1666063506,1129,state_change,AVAILABLE,completed_delivery
1666063506,2126,state_change,AVAILABLE,completed_delivery
1666063506,2573,state_change,AVAILABLE,completed_delivery
1666063506,2695,state_change,AVAILABLE,completed_delivery
1666063506,2192,state_change,AVAILABLE,completed_delivery
1666063506,872,state_change,AVAILABLE,completed_delivery
1666063506,522,state_change,AVAILABLE,completed_delivery
1666063506,2980,state_change,AVAILABLE,completed_delivery
1666063506,370,state_change,AVAILABLE,completed_delivery
1666063506,2162,state_change,AVAILABLE,completed_delivery
1666063506,2892,state_change,AVAILABLE,completed_delivery
1666063506,3160,state_change,AVAILABLE,completed_delivery
1666063506,13,state_change,AVAILABLE,completed_delivery
1666063506,1241,state_change,AVAILABLE,completed_delivery
1666063506,2301,state_change,AVAILABLE,completed_delivery
1666063506,674,state_change,AVAILABLE,completed_delivery
1666063506,161,state_change,AVAILABLE,completed_delivery
1666063506,3680,state_change,AVAILABLE,completed_delivery
1666063506,328,state_change,AVAILABLE,completed_delivery
1666063506,3953,state_change,AVAILABLE,completed_delivery
1666063506,183,state_change,AVAILABLE,completed_delivery
1666063506,792,state_change,AVAILABLE,completed_delivery
1666063506,2581,state_change,AVAILABLE,completed_delivery
1666063506,2709,state_change,AVAILABLE,completed_delivery
1666063506,4,state_change,AVAILABLE,completed_delivery
1666063506,2145,state_change,AVAILABLE,completed_delivery
1666063506,829,state_change,AVAILABLE,completed_delivery
1666063506,3167,state_change,AVAILABLE,completed_delivery
1666063506,76,state_change,AVAILABLE,completed_delivery
1666063506,604,state_change,AVAILABLE,completed_delivery
1666063506,797,state_change,AVAILABLE,completed_delivery
1666063506,2460,state_change,AVAILABLE,completed_delivery
1666063506,2069,state_change,AVAILABLE,completed_delivery
1666063506,998,state_change,AVAILABLE,completed_delivery
1666063506,105,state_change,AVAILABLE,completed_delivery
1666063506,4201,state_change,AVAILABLE,completed_delivery
1666063506,1600,state_change,AVAILABLE,completed_delivery
1666063506,646,state_change,AVAILABLE,completed_delivery
1666063506,1298,state_change,AVAILABLE,completed_delivery
1666063506,165,state_change,AVAILABLE,completed_delivery
1666063506,218,state_change,AVAILABLE,completed_delivery
1666063506,1787,state_change,AVAILABLE,completed_delivery
1666063506,1376,state_change,AVAILABLE,completed_delivery
1666063506,4429,state_change,AVAILABLE,completed_delivery
1666063506,3332,state_change,AVAILABLE,completed_delivery
1666063506,3010,state_change,AVAILABLE,completed_delivery
1666063506,1277,state_change,AVAILABLE,completed_delivery
1666063506,1343,state_change,AVAILABLE,completed_delivery
1666063506,67,state_change,AVAILABLE,completed_delivery
1666063506,2201,state_change,AVAILABLE,completed_delivery
1666063506,2507,state_change,AVAILABLE,completed_delivery
1666063506,2722,state_change,AVAILABLE,completed_delivery
1666063506,140,state_change,AVAILABLE,completed_delivery
1666063506,1104,state_change,AVAILABLE,completed_delivery
1666063506,1912,state_change,AVAILABLE,completed_delivery
1666063506,112,state_change,AVAILABLE,completed_delivery
1666063506,3384,state_change,AVAILABLE,completed_delivery
1666063506,509,state_change,AVAILABLE,completed_delivery
1666063506,3197,state_change,AVAILABLE,completed_delivery
1666063506,2509,state_change,AVAILABLE,completed_delivery
1666063506,959,state_change,AVAILABLE,completed_delivery
1666063506,125,state_change,AVAILABLE,completed_delivery
1666063506,4694,state_change,AVAILABLE,completed_delivery
1666063506,2070,state_change,AVAILABLE,completed_delivery
1666063506,1358,state_change,AVAILABLE,completed_delivery
1666063506,4141,state_change,AVAILABLE,completed_delivery
1666063506,1258,state_change,AVAILABLE,completed_delivery
1666063506,4843,state_change,AVAILABLE,completed_delivery
1666063506,2318,state_change,AVAILABLE,completed_delivery
1666063506,1314,state_change,AVAILABLE,completed_delivery
1666063506,3753,state_change,AVAILABLE,completed_delivery
1666063506,2635,state_change,AVAILABLE,completed_delivery
1666063506,1275,state_change,AVAILABLE,completed_delivery
1666063506,3537,state_change,AVAILABLE,completed_delivery
1666063506,3744,state_change,AVAILABLE,completed_delivery
1666063506,250,state_change,AVAILABLE,completed_delivery
1666063506,2623,state_change,AVAILABLE,completed_delivery
1666063506,85,state_change,AVAILABLE,completed_delivery
1666063506,1169,state_change,AVAILABLE,completed_delivery
1666063506,2897,state_change,AVAILABLE,completed_delivery
1666063506,2004,state_change,AVAILABLE,completed_delivery
1666063506,2794,state_change,AVAILABLE,completed_delivery
1666063506,569,state_change,AVAILABLE,completed_delivery
1666063506,3859,state_change,AVAILABLE,completed_delivery
1666063506,1944,state_change,AVAILABLE,completed_delivery
1666063506,3478,state_change,AVAILABLE,completed_delivery
1666063506,3554,state_change,AVAILABLE,completed_delivery
1666063506,3179,state_change,AVAILABLE,completed_delivery
1666063506,2188,state_change,AVAILABLE,completed_delivery
1666063506,3799,state_change,AVAILABLE,completed_delivery
1666063506,73,state_change,AVAILABLE,completed_delivery
1666063506,754,state_change,AVAILABLE,completed_delivery
1666063506,1096,state_change,AVAILABLE,completed_delivery
1666063506,1688,state_change,AVAILABLE,completed_delivery
1666063506,4179,state_change,AVAILABLE,completed_delivery
1666063506,3340,state_change,AVAILABLE,completed_delivery
1666063506,81,state_change,AVAILABLE,completed_delivery
1666063506,1142,state_change,AVAILABLE,completed_delivery
1666063506,2074,state_change,AVAILABLE,completed_delivery
1666063506,671,state_change,AVAILABLE,completed_delivery
1666063506,2785,state_change,AVAILABLE,completed_delivery
1666063506,3016,state_change,AVAILABLE,completed_delivery
1666063506,2714,state_change,AVAILABLE,completed_delivery
1666063506,734,state_change,AVAILABLE,completed_delivery
1666063506,1696,state_change,AVAILABLE,completed_delivery
1666063506,2621,state_change,AVAILABLE,completed_delivery
1666063506,365,state_change,AVAILABLE,completed_delivery
1666063506,3094,state_change,AVAILABLE,completed_delivery
1666063506,1232,state_change,AVAILABLE,completed_delivery
1666063506,2234,state_change,AVAILABLE,completed_delivery
1666063506,1042,state_change,AVAILABLE,completed_delivery
1666063506,216,state_change,AVAILABLE,completed_delivery
1666063506,469,state_change,AVAILABLE,completed_delivery
1666063506,4108,state_change,AVAILABLE,completed_delivery
1666063506,4207,state_change,AVAILABLE,completed_delivery
1666063506,587,state_change,AVAILABLE,completed_delivery
1666063506,1622,state_change,AVAILABLE,completed_delivery
1666063506,3451,state_change,AVAILABLE,completed_delivery
1666063506,4837,state_change,AVAILABLE,completed_delivery
1666063506,2048,state_change,AVAILABLE,completed_delivery
1666063506,3137,state_change,AVAILABLE,completed_delivery
1666063506,813,state_change,AVAILABLE,completed_delivery
1666063506,3119,state_change,AVAILABLE,completed_delivery
1666063506,1930,state_change,AVAILABLE,completed_delivery
1666063506,1219,state_change,AVAILABLE,completed_delivery
1666063506,925,state_change,AVAILABLE,completed_delivery
1666063506,2315,state_change,AVAILABLE,completed_delivery
1666063506,2183,state_change,AVAILABLE,completed_delivery
1666063506,565,state_change,AVAILABLE,completed_delivery
1666063506,2893,state_change,AVAILABLE,completed_delivery
1666063506,2708,state_change,AVAILABLE,completed_delivery
1666063506,816,state_change,AVAILABLE,completed_delivery
1666063506,278,state_change,AVAILABLE,completed_delivery
1666063506,19,state_change,AVAILABLE,completed_delivery
1666063506,2555,state_change,AVAILABLE,completed_delivery
1666063506,1756,state_change,AVAILABLE,completed_delivery
1666063506,1093,state_change,AVAILABLE,completed_delivery
1666063506,268,state_change,AVAILABLE,completed_delivery
1666063506,2938,state_change,AVAILABLE,completed_delivery
1666063506,3292,state_change,AVAILABLE,completed_delivery
1666063506,557,state_change,AVAILABLE,completed_delivery
1666063506,1577,state_change,AVAILABLE,completed_delivery
1666063506,3031,state_change,AVAILABLE,completed_delivery
1666063506,634,state_change,AVAILABLE,completed_delivery
1666063506,29,state_change,AVAILABLE,completed_delivery
1666063506,3813,state_change,AVAILABLE,completed_delivery
1666063506,4007,state_change,AVAILABLE,completed_delivery
1666063506,425,state_change,AVAILABLE,completed_delivery
1666063506,4017,state_change,AVAILABLE,completed_delivery
1666063506,2100,state_change,AVAILABLE,completed_delivery
1666063506,1691,state_change,AVAILABLE,completed_delivery
1666063506,3100,state_change,AVAILABLE,completed_delivery
1666063506,584,state_change,AVAILABLE,completed_delivery
1666063506,1367,state_change,AVAILABLE,completed_delivery
1666063506,4091,state_change,AVAILABLE,completed_delivery
1666063506,1711,state_change,AVAILABLE,completed_delivery
1666063506,1922,state_change,AVAILABLE,completed_delivery
1666063506,3579,state_change,AVAILABLE,completed_delivery
1666063506,2468,state_change,AVAILABLE,completed_delivery
1666063506,134,state_change,AVAILABLE,completed_delivery
1666063506,939,state_change,AVAILABLE,completed_delivery
1666063506,1281,state_change,AVAILABLE,completed_delivery
1666063506,1511,state_change,AVAILABLE,completed_delivery
1666063506,3825,state_change,AVAILABLE,completed_delivery
1666063506,2323,state_change,AVAILABLE,completed_delivery
1666063506,3536,state_change,AVAILABLE,completed_delivery
1666063506,115,state_change,AVAILABLE,completed_delivery
1666063506,1751,state_change,AVAILABLE,completed_delivery
1666063506,498,state_change,AVAILABLE,completed_delivery
1666063506,2503,state_change,AVAILABLE,completed_delivery
1666063506,1642,state_change,AVAILABLE,completed_delivery
1666063506,3935,state_change,AVAILABLE,completed_delivery
1666063506,3737,state_change,AVAILABLE,completed_delivery
1666063506,1760,state_change,AVAILABLE,completed_delivery
1666063506,1246,state_change,AVAILABLE,completed_delivery
1666063506,1515,state_change,AVAILABLE,completed_delivery
1666063506,4752,state_change,AVAILABLE,completed_delivery
1666063506,25,state_change,AVAILABLE,completed_delivery
1666063506,764,state_change,AVAILABLE,completed_delivery
1666063506,2058,state_change,AVAILABLE,completed_delivery
1666063506,2887,state_change,AVAILABLE,completed_delivery
1666063506,1457,state_change,AVAILABLE,completed_delivery
1666063506,623,state_change,AVAILABLE,completed_delivery
1666063506,3313,state_change,AVAILABLE,completed_delivery
1666063506,2458,state_change,AVAILABLE,completed_delivery
1666063506,1538,state_change,AVAILABLE,completed_delivery
1666063506,1788,state_change,AVAILABLE,completed_delivery
1666063506,90,state_change,AVAILABLE,completed_delivery
1666063506,2567,state_change,AVAILABLE,completed_delivery
1666063506,3476,state_change,AVAILABLE,completed_delivery
1666063506,388,state_change,AVAILABLE,completed_delivery
1666063506,3170,state_change,AVAILABLE,completed_delivery
1666063506,2141,state_change,AVAILABLE,completed_delivery
1666063506,1423,state_change,AVAILABLE,completed_delivery
1666063506,1235,state_change,AVAILABLE,completed_delivery
1666063506,3752,state_change,AVAILABLE,completed_delivery
1666063506,1473,state_change,AVAILABLE,completed_delivery
1666063506,1229,state_change,AVAILABLE,completed_delivery
1666063506,3517,state_change,AVAILABLE,completed_delivery
1666063506,2797,state_change,AVAILABLE,completed_delivery
1666063506,1465,state_change,AVAILABLE,completed_delivery
1666063506,2989,state_change,AVAILABLE,completed_delivery
1666063506,1638,state_change,AVAILABLE,completed_delivery
1666063506,4582,state_change,AVAILABLE,completed_delivery
1666063506,643,state_change,AVAILABLE,completed_delivery
1666063506,2364,state_change,AVAILABLE,completed_delivery
1666063506,4538,state_change,AVAILABLE,completed_delivery
1666063506,3552,state_change,AVAILABLE,completed_delivery
1666063506,2998,state_change,AVAILABLE,completed_delivery
1666063506,188,state_change,AVAILABLE,completed_delivery
1666063506,3694,state_change,AVAILABLE,completed_delivery
1666063506,1794,state_change,AVAILABLE,completed_delivery
1666063506,2249,state_change,AVAILABLE,completed_delivery
1666063506,2566,state_change,AVAILABLE,completed_delivery
1666063506,33,state_change,AVAILABLE,completed_delivery
1666063506,3568,state_change,AVAILABLE,completed_delivery
1666063506,2008,state_change,AVAILABLE,completed_delivery
1666063506,2598,state_change,AVAILABLE,completed_delivery
1666063506,2622,state_change,AVAILABLE,completed_delivery
1666063506,2448,state_change,AVAILABLE,completed_delivery
1666063506,4543,state_change,AVAILABLE,completed_delivery
1666063506,2638,state_change,AVAILABLE,completed_delivery
1666063506,3533,state_change,AVAILABLE,completed_delivery
1666063506,3280,state_change,AVAILABLE,completed_delivery
1666063506,832,state_change,AVAILABLE,completed_delivery
1666063506,327,state_change,AVAILABLE,completed_delivery
1666063506,971,state_change,AVAILABLE,completed_delivery
1666063506,1319,state_change,AVAILABLE,completed_delivery
1666063506,381,state_change,AVAILABLE,completed_delivery
1666063506,582,state_change,AVAILABLE,completed_delivery
1666063506,40,state_change,AVAILABLE,completed_delivery
1666063506,4765,state_change,AVAILABLE,completed_delivery
1666063506,2009,state_change,AVAILABLE,completed_delivery
1666063506,432,state_change,AVAILABLE,completed_delivery
1666063506,126,state_change,AVAILABLE,completed_delivery
1666063506,2617,state_change,AVAILABLE,completed_delivery
1666063506,1085,state_change,AVAILABLE,completed_delivery
1666063506,1779,state_change,AVAILABLE,completed_delivery
1666063506,2171,state_change,AVAILABLE,completed_delivery
1666063506,1932,state_change,AVAILABLE,completed_delivery
1666063506,4054,state_change,AVAILABLE,completed_delivery
1666063506,3771,state_change,AVAILABLE,completed_delivery
1666063506,1864,state_change,AVAILABLE,completed_delivery
1666063506,1237,state_change,AVAILABLE,completed_delivery
1666063506,4410,state_change,AVAILABLE,completed_delivery
1666063506,1558,state_change,AVAILABLE,completed_delivery
1666063506,3815,state_change,AVAILABLE,completed_delivery
1666063506,187,state_change,AVAILABLE,completed_delivery
1666063506,3597,state_change,AVAILABLE,completed_delivery
1666063506,377,state_change,AVAILABLE,completed_delivery
1666063506,1379,state_change,AVAILABLE,completed_delivery
1666063506,2996,state_change,AVAILABLE,completed_delivery
1666063506,495,state_change,AVAILABLE,completed_delivery
1666063506,3572,state_change,AVAILABLE,completed_delivery
1666063506,775,state_change,AVAILABLE,completed_delivery
1666063506,2091,state_change,AVAILABLE,completed_delivery
1666063506,3824,state_change,AVAILABLE,completed_delivery
1666063506,1830,state_change,AVAILABLE,completed_delivery
1666063506,2324,state_change,AVAILABLE,completed_delivery
1666063506,570,state_change,AVAILABLE,completed_delivery
1666063506,1002,state_change,AVAILABLE,completed_delivery
1666063506,470,state_change,AVAILABLE,completed_delivery
1666063506,983,state_change,AVAILABLE,completed_delivery
1666063506,1191,state_change,AVAILABLE,completed_delivery
1666063506,1762,state_change,AVAILABLE,completed_delivery
1666063506,3648,state_change,AVAILABLE,completed_delivery
1666063506,1033,state_change,AVAILABLE,completed_delivery
1666063506,3789,state_change,AVAILABLE,completed_delivery
1666063506,791,state_change,AVAILABLE,completed_delivery
1666063506,1494,state_change,AVAILABLE,completed_delivery
1666063506,2731,state_change,AVAILABLE,completed_delivery
1666063506,1354,state_change,AVAILABLE,completed_delivery
1666063506,16,state_change,AVAILABLE,completed_delivery
1666063506,312,state_change,AVAILABLE,completed_delivery
1666063506,451,state_change,AVAILABLE,completed_delivery
1666063506,3359,state_change,AVAILABLE,completed_delivery
1666063506,2505,state_change,AVAILABLE,completed_delivery
1666063506,220,state_change,AVAILABLE,completed_delivery
1666063506,2736,state_change,AVAILABLE,completed_delivery
1666063506,335,state_change,AVAILABLE,completed_delivery
1666063506,1889,state_change,AVAILABLE,completed_delivery
1666063506,1743,state_change,AVAILABLE,completed_delivery
1666063506,1049,state_change,AVAILABLE,completed_delivery
1666063506,1689,state_change,AVAILABLE,completed_delivery
1666063506,2690,state_change,AVAILABLE,completed_delivery
1666063506,694,state_change,AVAILABLE,completed_delivery
1666063506,3422,state_change,AVAILABLE,completed_delivery
1666063506,3254,state_change,AVAILABLE,completed_delivery
1666063506,1705,state_change,AVAILABLE,completed_delivery
1666063506,192,state_change,AVAILABLE,completed_delivery
1666063506,3064,state_change,AVAILABLE,completed_delivery
1666063506,2372,state_change,AVAILABLE,completed_delivery
1666063506,686,state_change,AVAILABLE,completed_delivery
1666063506,3269,state_change,AVAILABLE,completed_delivery
1666063506,699,state_change,AVAILABLE,completed_delivery
1666063506,805,state_change,AVAILABLE,completed_delivery
1666063506,4050,state_change,AVAILABLE,completed_delivery
1666063506,799,state_change,AVAILABLE,completed_delivery
1666063506,3511,state_change,AVAILABLE,completed_delivery
1666063506,4052,state_change,AVAILABLE,completed_delivery
1666063506,3220,state_change,AVAILABLE,completed_delivery
1666063506,3030,state_change,AVAILABLE,completed_delivery
1666063506,3526,state_change,AVAILABLE,completed_delivery
1666063506,1200,state_change,AVAILABLE,completed_delivery
1666063506,1443,state_change,AVAILABLE,completed_delivery
1666063506,595,state_change,AVAILABLE,completed_delivery
1666063506,2500,state_change,AVAILABLE,completed_delivery
1666063506,1761,state_change,AVAILABLE,completed_delivery
1666063506,1306,state_change,AVAILABLE,completed_delivery
1666063506,3566,state_change,AVAILABLE,completed_delivery
1666063506,34,state_change,AVAILABLE,completed_delivery
1666063506,3870,state_change,AVAILABLE,completed_delivery
1666063506,43,state_change,AVAILABLE,completed_delivery
1666063506,4398,state_change,AVAILABLE,completed_delivery
1666063506,527,state_change,AVAILABLE,completed_delivery
1666063506,1909,state_change,AVAILABLE,completed_delivery
1666063506,472,state_change,AVAILABLE,completed_delivery
1666063506,3087,state_change,AVAILABLE,completed_delivery
1666063506,1837,state_change,AVAILABLE,completed_delivery
1666063506,2486,state_change,AVAILABLE,completed_delivery
1666063506,3541,state_change,AVAILABLE,completed_delivery
1666063506,3440,state_change,AVAILABLE,completed_delivery
1666063506,974,state_change,AVAILABLE,completed_delivery
1666063506,750,state_change,AVAILABLE,completed_delivery
1666063506,316,state_change,AVAILABLE,completed_delivery
1666063506,1673,state_change,AVAILABLE,completed_delivery
1666063506,1554,state_change,AVAILABLE,completed_delivery
1666063506,2134,state_change,AVAILABLE,completed_delivery
1666063506,2547,state_change,AVAILABLE,completed_delivery
1666063506,651,state_change,AVAILABLE,completed_delivery
1666063506,2531,state_change,AVAILABLE,completed_delivery
1666063506,1645,state_change,AVAILABLE,completed_delivery
1666063506,661,state_change,AVAILABLE,completed_delivery
1666063506,1489,state_change,AVAILABLE,completed_delivery
1666063506,2981,state_change,AVAILABLE,completed_delivery
1666063506,3637,state_change,AVAILABLE,completed_delivery
1666063506,2237,state_change,AVAILABLE,completed_delivery
1666063506,2922,state_change,AVAILABLE,completed_delivery
1666063506,1692,state_change,AVAILABLE,completed_delivery
1666063506,1755,state_change,AVAILABLE,completed_delivery
1666063506,48,state_change,AVAILABLE,completed_delivery
1666063506,1073,state_change,AVAILABLE,completed_delivery
1666063506,2142,state_change,AVAILABLE,completed_delivery
1666063506,1432,state_change,AVAILABLE,completed_delivery
1666063506,561,state_change,AVAILABLE,completed_delivery
1666063506,324,state_change,AVAILABLE,completed_delivery
1666063506,2606,state_change,AVAILABLE,completed_delivery
1666063506,968,state_change,AVAILABLE,completed_delivery
1666063506,1375,state_change,AVAILABLE,completed_delivery
1666063506,4485,state_change,AVAILABLE,completed_delivery
1666063506,2784,state_change,AVAILABLE,completed_delivery
1666063506,2173,state_change,AVAILABLE,completed_delivery
1666063506,3546,state_change,AVAILABLE,completed_delivery
1666063506,1643,state_change,AVAILABLE,completed_delivery
1666063506,2473,state_change,AVAILABLE,completed_delivery
1666063506,2169,state_change,AVAILABLE,completed_delivery
1666063506,445,state_change,AVAILABLE,completed_delivery
1666063506,1977,state_change,AVAILABLE,completed_delivery
1666063506,1350,state_change,AVAILABLE,completed_delivery
1666063506,2285,state_change,AVAILABLE,completed_delivery
1666063506,2676,state_change,AVAILABLE,completed_delivery
1666063506,3058,state_change,AVAILABLE,completed_delivery
1666063506,3049,state_change,AVAILABLE,completed_delivery
1666063506,2180,state_change,AVAILABLE,completed_delivery
1666063506,4094,state_change,AVAILABLE,completed_delivery
1666063506,2204,state_change,AVAILABLE,completed_delivery
1666063506,3708,state_change,AVAILABLE,completed_delivery
1666063506,1496,state_change,AVAILABLE,completed_delivery
1666063506,2307,state_change,AVAILABLE,completed_delivery
1666063506,4317,state_change,AVAILABLE,completed_delivery
1666063506,32,state_change,AVAILABLE,completed_delivery
1666063506,433,state_change,AVAILABLE,completed_delivery
1666063506,614,state_change,AVAILABLE,completed_delivery
1666063506,1356,state_change,AVAILABLE,completed_delivery
1666063506,1949,state_change,AVAILABLE,completed_delivery
1666063506,3033,state_change,AVAILABLE,completed_delivery
1666063506,471,state_change,AVAILABLE,completed_delivery
1666063506,2031,state_change,AVAILABLE,completed_delivery
1666063506,181,state_change,AVAILABLE,completed_delivery
1666063506,145,state_change,AVAILABLE,completed_delivery
1666063506,3372,state_change,AVAILABLE,completed_delivery
1666063506,2571,state_change,AVAILABLE,completed_delivery
1666063506,2329,state_change,AVAILABLE,completed_delivery
1666063506,1390,state_change,AVAILABLE,completed_delivery
1666063506,2937,state_change,AVAILABLE,completed_delivery
1666063506,2347,state_change,AVAILABLE,completed_delivery
1666063506,1098,state_change,AVAILABLE,completed_delivery
1666063506,533,state_change,AVAILABLE,completed_delivery
1666063506,1139,state_change,AVAILABLE,completed_delivery
1666063506,3200,state_change,AVAILABLE,completed_delivery
1666063506,3577,state_change,AVAILABLE,completed_delivery
1666063506,1425,state_change,AVAILABLE,completed_delivery
1666063506,2497,state_change,AVAILABLE,completed_delivery
1666063506,1519,state_change,AVAILABLE,completed_delivery
1666063506,1447,state_change,AVAILABLE,completed_delivery
1666063506,2200,state_change,AVAILABLE,completed_delivery
1666063506,255,state_change,AVAILABLE,completed_delivery
1666063506,224,state_change,AVAILABLE,completed_delivery
1666063506,1767,state_change,AVAILABLE,completed_delivery
1666063506,854,state_change,AVAILABLE,completed_delivery
1666063506,186,state_change,AVAILABLE,completed_delivery
1666063506,483,state_change,AVAILABLE,completed_delivery
1666063506,1687,state_change,AVAILABLE,completed_delivery
1666063506,1564,state_change,AVAILABLE,completed_delivery
1666063506,4759,state_change,AVAILABLE,completed_delivery
1666063506,831,state_change,AVAILABLE,completed_delivery
1666063506,2545,state_change,AVAILABLE,completed_delivery
1666063506,896,state_change,AVAILABLE,completed_delivery
1666063506,2999,state_change,AVAILABLE,completed_delivery
1666063506,1551,state_change,AVAILABLE,completed_delivery
1666063506,1759,state_change,AVAILABLE,completed_delivery
1666063506,1757,state_change,AVAILABLE,completed_delivery
1666063506,282,state_change,AVAILABLE,completed_delivery
1666063506,127,state_change,AVAILABLE,completed_delivery
1666063506,1345,state_change,AVAILABLE,completed_delivery
1666063506,2650,state_change,AVAILABLE,completed_delivery
1666063506,1695,state_change,AVAILABLE,completed_delivery
1666063506,2485,state_change,AVAILABLE,completed_delivery
1666063506,721,state_change,AVAILABLE,completed_delivery
1666063506,1961,state_change,AVAILABLE,completed_delivery
1666063506,1904,state_change,AVAILABLE,completed_delivery
1666063506,320,state_change,AVAILABLE,completed_delivery
1666063506,1183,state_change,AVAILABLE,completed_delivery
1666063506,72,state_change,AVAILABLE,completed_delivery
1666063506,3264,state_change,AVAILABLE,completed_delivery
1666063506,629,state_change,AVAILABLE,completed_delivery
1666063506,2417,state_change,AVAILABLE,completed_delivery
1666063506,2993,state_change,AVAILABLE,completed_delivery
1666063506,1047,state_change,AVAILABLE,completed_delivery
1666063506,184,state_change,AVAILABLE,completed_delivery
1666063506,3105,state_change,AVAILABLE,completed_delivery
1666063506,261,state_change,AVAILABLE,completed_delivery
1666063506,1260,state_change,AVAILABLE,completed_delivery
1666063506,1421,state_change,AVAILABLE,completed_delivery
1666063506,608,state_change,AVAILABLE,completed_delivery
1666063506,252,state_change,AVAILABLE,completed_delivery
1666063506,1239,state_change,AVAILABLE,completed_delivery
1666063506,1893,state_change,AVAILABLE,completed_delivery
1666063506,3491,state_change,AVAILABLE,completed_delivery
1666063506,897,state_change,AVAILABLE,completed_delivery
1666063506,350,state_change,AVAILABLE,completed_delivery
1666063506,3453,state_change,AVAILABLE,completed_delivery
1666063506,131,state_change,AVAILABLE,completed_delivery
1666063506,44,state_change,AVAILABLE,completed_delivery
1666063506,2755,state_change,AVAILABLE,completed_delivery
1666063506,2087,state_change,AVAILABLE,completed_delivery
1666063506,2601,state_change,AVAILABLE,completed_delivery
1666063506,129,state_change,AVAILABLE,completed_delivery
1666063506,1039,state_change,AVAILABLE,completed_delivery
1666063506,2826,state_change,AVAILABLE,completed_delivery
1666063506,685,state_change,AVAILABLE,completed_delivery
1666063506,49,state_change,AVAILABLE,completed_delivery
1666063506,1435,state_change,AVAILABLE,completed_delivery
1666063506,980,state_change,AVAILABLE,completed_delivery
1666063506,2298,state_change,AVAILABLE,completed_delivery
1666063506,2487,state_change,AVAILABLE,completed_delivery
1666063506,2225,state_change,AVAILABLE,completed_delivery
1666063506,1399,state_change,AVAILABLE,completed_delivery
1666063506,2631,state_change,AVAILABLE,completed_delivery
1666063506,2741,state_change,AVAILABLE,completed_delivery
1666063506,201,state_change,AVAILABLE,completed_delivery
1666063506,269,state_change,AVAILABLE,completed_delivery
1666063506,2248,state_change,AVAILABLE,completed_delivery
1666063506,1975,state_change,AVAILABLE,completed_delivery
1666063506,893,state_change,AVAILABLE,completed_delivery
1666063506,1789,state_change,AVAILABLE,completed_delivery
1666063506,982,state_change,AVAILABLE,completed_delivery
1666063506,1786,state_change,AVAILABLE,completed_delivery
1666063506,1735,state_change,AVAILABLE,completed_delivery
1666063506,1223,state_change,AVAILABLE,completed_delivery
1666063506,777,state_change,AVAILABLE,completed_delivery
1666063506,2969,state_change,AVAILABLE,completed_delivery
1666063506,155,state_change,AVAILABLE,completed_delivery
1666063506,2882,state_change,AVAILABLE,completed_delivery
1666063506,2416,state_change,AVAILABLE,completed_delivery
1666063506,659,state_change,AVAILABLE,completed_delivery
1666063506,960,state_change,AVAILABLE,completed_delivery
1666063506,1548,state_change,AVAILABLE,completed_delivery
1666063506,1629,state_change,AVAILABLE,completed_delivery
1666063506,4093,state_change,AVAILABLE,completed_delivery
1666063506,446,state_change,AVAILABLE,completed_delivery
1666063506,361,state_change,AVAILABLE,completed_delivery
1666063506,193,state_change,AVAILABLE,completed_delivery
1666063506,793,state_change,AVAILABLE,completed_delivery
1666063506,1523,state_change,AVAILABLE,completed_delivery
1666063506,200,state_change,AVAILABLE,completed_delivery
1666063506,632,state_change,AVAILABLE,completed_delivery
1666063506,740,state_change,AVAILABLE,completed_delivery
1666063506,1792,state_change,AVAILABLE,completed_delivery
1666063506,458,state_change,AVAILABLE,completed_delivery
1666063506,1935,state_change,AVAILABLE,completed_delivery
1666063506,209,state_change,AVAILABLE,completed_delivery
1666063506,1110,state_change,AVAILABLE,completed_delivery
1666063506,1745,state_change,AVAILABLE,completed_delivery
1666063506,1065,state_change,AVAILABLE,completed_delivery
1666063506,499,state_change,AVAILABLE,completed_delivery
1666063506,23,state_change,AVAILABLE,completed_delivery
1666063506,2334,state_change,AVAILABLE,completed_delivery
1666063506,1639,state_change,AVAILABLE,completed_delivery
1666063506,514,state_change,AVAILABLE,completed_delivery
1666063506,1067,state_change,AVAILABLE,completed_delivery
1666063506,1841,state_change,AVAILABLE,completed_delivery
1666063506,1290,state_change,AVAILABLE,completed_delivery
1666063506,652,state_change,AVAILABLE,completed_delivery
1666063506,1716,state_change,AVAILABLE,completed_delivery
1666063506,343,state_change,AVAILABLE,completed_delivery
1666063506,3549,state_change,AVAILABLE,completed_delivery
1666063506,1029,state_change,AVAILABLE,completed_delivery
1666063506,3055,state_change,AVAILABLE,completed_delivery
1666063506,342,state_change,AVAILABLE,completed_delivery
1666063506,2885,state_change,AVAILABLE,completed_delivery
1666063506,1152,state_change,AVAILABLE,completed_delivery
1666063506,2264,state_change,AVAILABLE,completed_delivery
1666063506,1814,state_change,AVAILABLE,completed_delivery
1666063506,1573,state_change,AVAILABLE,completed_delivery
1666063506,573,state_change,AVAILABLE,completed_delivery
1666063506,459,state_change,AVAILABLE,completed_delivery
1666063506,299,state_change,AVAILABLE,completed_delivery
1666063506,1403,state_change,AVAILABLE,completed_delivery
1666063506,622,state_change,AVAILABLE,completed_delivery
1666063506,2478,state_change,AVAILABLE,completed_delivery
1666063506,1415,state_change,AVAILABLE,completed_delivery
1666063506,2392,state_change,AVAILABLE,completed_delivery
1666063506,1041,state_change,AVAILABLE,completed_delivery
1666063506,166,state_change,AVAILABLE,completed_delivery
1666063506,4557,state_change,AVAILABLE,completed_delivery
1666063506,1055,state_change,AVAILABLE,completed_delivery
1666063506,2381,state_change,AVAILABLE,completed_delivery
1666063506,462,state_change,AVAILABLE,completed_delivery
1666063506,862,state_change,AVAILABLE,completed_delivery
1666063506,2579,state_change,AVAILABLE,completed_delivery
1666063506,2025,state_change,AVAILABLE,completed_delivery
1666063506,1804,state_change,AVAILABLE,completed_delivery
1666063506,2130,state_change,AVAILABLE,completed_delivery
1666063506,3555,state_change,AVAILABLE,completed_delivery
1666063506,807,state_change,AVAILABLE,completed_delivery
1666063506,3780,state_change,AVAILABLE,completed_delivery
1666063506,2395,state_change,AVAILABLE,completed_delivery
1666063506,271,state_change,AVAILABLE,completed_delivery
1666063506,1555,state_change,AVAILABLE,completed_delivery
1666063506,628,state_change,AVAILABLE,completed_delivery
1666063506,644,state_change,AVAILABLE,completed_delivery
1666063506,500,state_change,AVAILABLE,completed_delivery
1666063506,241,state_change,AVAILABLE,completed_delivery
1666063506,3284,state_change,AVAILABLE,completed_delivery
1666063506,2464,state_change,AVAILABLE,completed_delivery
1666063506,518,state_change,AVAILABLE,completed_delivery
1666063506,3457,state_change,AVAILABLE,completed_delivery
1666063506,2030,state_change,AVAILABLE,completed_delivery
1666063506,3204,state_change,AVAILABLE,completed_delivery
1666063506,3311,state_change,AVAILABLE,completed_delivery
1666063506,2886,state_change,AVAILABLE,completed_delivery
1666063506,930,state_change,AVAILABLE,completed_delivery
1666063506,1132,state_change,AVAILABLE,completed_delivery
1666063506,2107,state_change,AVAILABLE,completed_delivery
1666063506,3377,state_change,AVAILABLE,completed_delivery
1666063506,1338,state_change,AVAILABLE,completed_delivery
1666063506,378,state_change,AVAILABLE,completed_delivery
1666063506,2833,state_change,AVAILABLE,completed_delivery
1666063506,3263,state_change,AVAILABLE,completed_delivery
1666063506,2193,state_change,AVAILABLE,completed_delivery
1666063506,71,state_change,AVAILABLE,completed_delivery
1666063506,899,state_change,AVAILABLE,completed_delivery
1666063506,592,state_change,AVAILABLE,completed_delivery
1666063506,2185,state_change,AVAILABLE,completed_delivery
1666063506,65,state_change,AVAILABLE,completed_delivery
1666063506,2883,state_change,AVAILABLE,completed_delivery
1666063506,3243,state_change,AVAILABLE,completed_delivery
1666063506,2159,state_change,AVAILABLE,completed_delivery
1666063506,128,state_change,AVAILABLE,completed_delivery
1666063506,3147,state_change,AVAILABLE,completed_delivery
1666063506,2683,state_change,AVAILABLE,completed_delivery
1666063506,332,state_change,AVAILABLE,completed_delivery
1666063506,2274,state_change,AVAILABLE,completed_delivery
1666063506,2098,state_change,AVAILABLE,completed_delivery
1666063506,169,state_change,AVAILABLE,completed_delivery
1666063506,293,state_change,AVAILABLE,completed_delivery
1666063506,2352,state_change,AVAILABLE,completed_delivery
1666063506,317,state_change,AVAILABLE,completed_delivery
1666063506,2819,state_change,AVAILABLE,completed_delivery
1666063506,3118,state_change,AVAILABLE,completed_delivery
1666063506,301,state_change,AVAILABLE,completed_delivery
1666063506,435,state_change,AVAILABLE,completed_delivery
1666063506,1927,state_change,AVAILABLE,completed_delivery
1666063506,2929,state_change,AVAILABLE,completed_delivery
1666063506,3410,state_change,AVAILABLE,completed_delivery
1666063506,718,state_change,AVAILABLE,completed_delivery
1666063506,1450,state_change,AVAILABLE,completed_delivery
1666063506,667,state_change,AVAILABLE,completed_delivery
1666063506,803,state_change,AVAILABLE,completed_delivery
1666063506,3446,state_change,AVAILABLE,completed_delivery
1666063506,132,state_change,AVAILABLE,completed_delivery
1666063506,2831,state_change,AVAILABLE,completed_delivery
1666063506,1550,state_change,AVAILABLE,completed_delivery
1666063506,1288,state_change,AVAILABLE,completed_delivery
1666063506,1606,state_change,AVAILABLE,completed_delivery
1666063506,30,state_change,AVAILABLE,completed_delivery
1666063506,3068,state_change,AVAILABLE,completed_delivery
1666063506,2642,state_change,AVAILABLE,completed_delivery
1666063506,1498,state_change,AVAILABLE,completed_delivery
1666063506,3375,state_change,AVAILABLE,completed_delivery
1666063506,2803,state_change,AVAILABLE,completed_delivery
1666063506,2953,state_change,AVAILABLE,completed_delivery
1666063506,4237,state_change,AVAILABLE,completed_delivery
1666063506,2849,state_change,AVAILABLE,completed_delivery
1666063506,147,state_change,AVAILABLE,completed_delivery
1666063506,113,state_change,AVAILABLE,completed_delivery
1666063506,3924,state_change,AVAILABLE,completed_delivery
1666063506,1480,state_change,AVAILABLE,completed_delivery
1666063506,1018,state_change,AVAILABLE,completed_delivery
1666063506,574,state_change,AVAILABLE,completed_delivery
1666063506,743,state_change,AVAILABLE,completed_delivery
1666063506,1847,state_change,AVAILABLE,completed_delivery
1666063506,2802,state_change,AVAILABLE,completed_delivery
1666063506,3006,state_change,AVAILABLE,completed_delivery
1666063506,3714,state_change,AVAILABLE,completed_delivery
1666063506,457,state_change,AVAILABLE,completed_delivery
1666063506,639,state_change,AVAILABLE,completed_delivery
1666063506,1627,state_change,AVAILABLE,completed_delivery
1666063506,3348,state_change,AVAILABLE,completed_delivery
1666063506,1614,state_change,AVAILABLE,completed_delivery
1666063506,840,state_change,AVAILABLE,completed_delivery
1666063506,2003,state_change,AVAILABLE,completed_delivery
1666063506,31,state_change,AVAILABLE,completed_delivery
1666063506,3272,state_change,AVAILABLE,completed_delivery
1666063506,21,state_change,AVAILABLE,completed_delivery
1666063506,1545,state_change,AVAILABLE,completed_delivery
1666063506,27,state_change,AVAILABLE,completed_delivery
1666063506,1916,state_change,AVAILABLE,completed_delivery
1666063506,133,state_change,AVAILABLE,completed_delivery
1666063506,1171,state_change,AVAILABLE,completed_delivery
1666063506,2341,state_change,AVAILABLE,completed_delivery
1666063506,2384,state_change,AVAILABLE,completed_delivery
1666063506,531,state_change,AVAILABLE,completed_delivery
1666063506,1341,state_change,AVAILABLE,completed_delivery
1666063506,1217,state_change,AVAILABLE,completed_delivery
1666063506,3444,state_change,AVAILABLE,completed_delivery
1666063506,818,state_change,AVAILABLE,completed_delivery
1666063506,1054,state_change,AVAILABLE,completed_delivery
1666063506,2570,state_change,AVAILABLE,completed_delivery
1666063506,3205,state_change,AVAILABLE,completed_delivery
1666063506,1848,state_change,AVAILABLE,completed_delivery
1666063506,2040,state_change,AVAILABLE,completed_delivery
1666063506,1417,state_change,AVAILABLE,completed_delivery
1666063506,3069,state_change,AVAILABLE,completed_delivery
1666063506,4390,state_change,AVAILABLE,completed_delivery
1666063506,198,state_change,AVAILABLE,completed_delivery
1666063506,3062,state_change,AVAILABLE,completed_delivery
1666063506,4090,state_change,AVAILABLE,completed_delivery
1666063506,2705,state_change,AVAILABLE,completed_delivery
1666063506,2829,state_change,AVAILABLE,completed_delivery
1666063506,4130,state_change,AVAILABLE,completed_delivery
1666063506,4347,state_change,AVAILABLE,completed_delivery
1666063506,4484,state_change,AVAILABLE,completed_delivery
1666063506,3826,state_change,AVAILABLE,completed_delivery
1666063506,1224,state_change,AVAILABLE,completed_delivery
1666063506,908,state_change,AVAILABLE,completed_delivery
1666063506,3948,state_change,AVAILABLE,completed_delivery
1666063506,554,state_change,AVAILABLE,completed_delivery
1666063506,4155,state_change,AVAILABLE,completed_delivery
1666063506,4077,state_change,AVAILABLE,completed_delivery
1666063506,1012,state_change,AVAILABLE,completed_delivery
1666063506,4133,state_change,AVAILABLE,completed_delivery
1666063506,2821,state_change,AVAILABLE,completed_delivery
1666063506,709,state_change,AVAILABLE,completed_delivery
1666063506,2436,state_change,AVAILABLE,completed_delivery
1666063506,2057,state_change,AVAILABLE,completed_delivery
1666063506,1805,state_change,AVAILABLE,completed_delivery
1666063506,4729,state_change,AVAILABLE,completed_delivery
1666063506,2056,state_change,AVAILABLE,completed_delivery
1666063506,3084,state_change,AVAILABLE,completed_delivery
1666063506,2320,state_change,AVAILABLE,completed_delivery
1666063506,4502,state_change,AVAILABLE,completed_delivery
1666063506,4023,state_change,AVAILABLE,completed_delivery
1666063506,4270,state_change,AVAILABLE,completed_delivery
1666063506,4651,state_change,AVAILABLE,completed_delivery
1666063506,1986,state_change,AVAILABLE,completed_delivery
1666063506,3425,state_change,AVAILABLE,completed_delivery
1666063506,1748,state_change,AVAILABLE,completed_delivery
1666063506,4022,state_change,AVAILABLE,completed_delivery
1666063506,4872,state_change,AVAILABLE,completed_delivery
1666063506,3747,state_change,AVAILABLE,completed_delivery
1666063506,1323,state_change,AVAILABLE,completed_delivery
1666063506,4220,state_change,AVAILABLE,completed_delivery
1666063506,4044,state_change,AVAILABLE,completed_delivery
1666063506,2075,state_change,AVAILABLE,completed_delivery
1666063506,1770,state_change,AVAILABLE,completed_delivery
1666063506,756,state_change,AVAILABLE,completed_delivery
1666063506,3380,state_change,AVAILABLE,completed_delivery
1666063506,3259,state_change,AVAILABLE,completed_delivery
1666063506,1128,state_change,AVAILABLE,completed_delivery
1666063506,3950,state_change,AVAILABLE,completed_delivery
1666063506,2066,state_change,AVAILABLE,completed_delivery
1666063506,4117,state_change,AVAILABLE,completed_delivery
1666063506,3322,state_change,AVAILABLE,completed_delivery
1666063506,1322,state_change,AVAILABLE,completed_delivery
1666063506,3728,state_change,AVAILABLE,completed_delivery
1666063506,142,state_change,AVAILABLE,completed_delivery
1666063506,3937,state_change,AVAILABLE,completed_delivery
1666063506,3498,state_change,AVAILABLE,completed_delivery
1666063506,3991,state_change,AVAILABLE,completed_delivery
1666063506,4406,state_change,AVAILABLE,completed_delivery
1666063506,2745,state_change,AVAILABLE,completed_delivery
1666063506,928,state_change,AVAILABLE,completed_delivery
1666063506,597,state_change,AVAILABLE,completed_delivery
1666063506,1180,state_change,AVAILABLE,completed_delivery
1666063506,717,state_change,AVAILABLE,completed_delivery
1666063506,39,state_change,AVAILABLE,completed_delivery
1666063506,3961,state_change,AVAILABLE,completed_delivery
1666063506,4368,state_change,AVAILABLE,completed_delivery
1666063506,482,state_change,AVAILABLE,completed_delivery
1666063506,1420,state_change,AVAILABLE,completed_delivery
1666063506,3642,state_change,AVAILABLE,completed_delivery
1666063506,163,state_change,AVAILABLE,completed_delivery
1666063506,101,state_change,AVAILABLE,completed_delivery
1666063506,3804,state_change,AVAILABLE,completed_delivery
1666063506,871,state_change,AVAILABLE,completed_delivery
1666063506,1929,state_change,AVAILABLE,completed_delivery
1666063506,3608,state_change,AVAILABLE,completed_delivery
1666063506,4421,state_change,AVAILABLE,completed_delivery
1666063506,3499,state_change,AVAILABLE,completed_delivery
1666063506,4320,state_change,AVAILABLE,completed_delivery
1666063506,875,state_change,AVAILABLE,completed_delivery
1666063506,4480,state_change,AVAILABLE,completed_delivery
1666063506,2455,state_change,AVAILABLE,completed_delivery
1666063506,3525,state_change,AVAILABLE,completed_delivery
1666063506,3886,state_change,AVAILABLE,completed_delivery
1666063506,3191,state_change,AVAILABLE,completed_delivery
1666063506,98,state_change,AVAILABLE,completed_delivery
1666063506,3833,state_change,AVAILABLE,completed_delivery
1666063506,3679,state_change,AVAILABLE,completed_delivery
1666063506,3492,state_change,AVAILABLE,completed_delivery
1666063506,613,state_change,AVAILABLE,completed_delivery
1666063506,4152,state_change,AVAILABLE,completed_delivery
1666063506,2467,state_change,AVAILABLE,completed_delivery
1666063506,4524,state_change,AVAILABLE,completed_delivery
1666063506,3203,state_change,AVAILABLE,completed_delivery
1666063506,4212,state_change,AVAILABLE,completed_delivery
1666063506,1571,state_change,AVAILABLE,completed_delivery
1666063506,4566,state_change,AVAILABLE,completed_delivery
1666063506,1896,state_change,AVAILABLE,completed_delivery
1666063506,4704,state_change,AVAILABLE,completed_delivery
1666063506,2903,state_change,AVAILABLE,completed_delivery
1666063506,1159,state_change,AVAILABLE,completed_delivery
1666063506,670,state_change,AVAILABLE,completed_delivery
1666063506,3409,state_change,AVAILABLE,completed_delivery
1666063506,3330,state_change,AVAILABLE,completed_delivery
1666063506,3140,state_change,AVAILABLE,completed_delivery
1666063506,1424,state_change,AVAILABLE,completed_delivery
1666063506,761,state_change,AVAILABLE,completed_delivery
1666063506,4128,state_change,AVAILABLE,completed_delivery
1666063506,2068,state_change,AVAILABLE,completed_delivery
1666063506,1915,state_change,AVAILABLE,completed_delivery
1666063506,1923,state_change,AVAILABLE,completed_delivery
1666063506,2221,state_change,AVAILABLE,completed_delivery
1666063506,60,state_change,AVAILABLE,completed_delivery
1666063506,94,state_change,AVAILABLE,completed_delivery
1666063506,3852,state_change,AVAILABLE,completed_delivery
1666063506,1919,state_change,AVAILABLE,completed_delivery
1666063506,1618,state_change,AVAILABLE,completed_delivery
1666063506,120,state_change,AVAILABLE,completed_delivery
1666063506,1742,state_change,AVAILABLE,completed_delivery
1666063506,3307,state_change,AVAILABLE,completed_delivery
1666063506,4678,state_change,AVAILABLE,completed_delivery
1666063506,3984,state_change,AVAILABLE,completed_delivery
1666063506,723,state_change,AVAILABLE,completed_delivery
1666063506,4264,state_change,AVAILABLE,completed_delivery
1666063506,633,state_change,AVAILABLE,completed_delivery
1666063506,357,state_change,AVAILABLE,completed_delivery
1666063506,924,state_change,AVAILABLE,completed_delivery
1666063506,4731,state_change,AVAILABLE,completed_delivery
1666063506,287,state_change,AVAILABLE,completed_delivery
1666063506,2067,state_change,AVAILABLE,completed_delivery
1666063506,2788,state_change,AVAILABLE,completed_delivery
1666063506,1620,state_change,AVAILABLE,completed_delivery
1666063506,2366,state_change,AVAILABLE,completed_delivery
1666063506,2789,state_change,AVAILABLE,completed_delivery
1666063506,42,state_change,AVAILABLE,completed_delivery
1666063506,3423,state_change,AVAILABLE,completed_delivery
1666063506,4932,state_change,AVAILABLE,completed_delivery
1666063506,3718,state_change,AVAILABLE,completed_delivery
1666063506,904,state_change,AVAILABLE,completed_delivery
1666063506,323,state_change,AVAILABLE,completed_delivery
1666063506,1772,state_change,AVAILABLE,completed_delivery
1666063506,1212,state_change,AVAILABLE,completed_delivery
1666063506,4079,state_change,AVAILABLE,completed_delivery
1666063506,2179,state_change,AVAILABLE,completed_delivery
1666063506,4026,state_change,AVAILABLE,completed_delivery
1666063506,4082,state_change,AVAILABLE,completed_delivery
1666063506,2246,state_change,AVAILABLE,completed_delivery
1666063506,3398,state_change,AVAILABLE,completed_delivery
1666063506,2062,state_change,AVAILABLE,completed_delivery
1666063506,3479,state_change,AVAILABLE,completed_delivery
1666063506,233,state_change,AVAILABLE,completed_delivery
1666063506,2291,state_change,AVAILABLE,completed_delivery
1666063506,1304,state_change,AVAILABLE,completed_delivery
1666063506,1071,state_change,AVAILABLE,completed_delivery
1666063506,2596,state_change,AVAILABLE,completed_delivery
1666063506,406,state_change,AVAILABLE,completed_delivery
1666063506,2480,state_change,AVAILABLE,completed_delivery
1666063506,380,state_change,AVAILABLE,completed_delivery
1666063506,2777,state_change,AVAILABLE,completed_delivery
1666063506,720,state_change,AVAILABLE,completed_delivery
1666063506,3008,state_change,AVAILABLE,completed_delivery
1666063506,2689,state_change,AVAILABLE,completed_delivery
1666063506,2465,state_change,AVAILABLE,completed_delivery
1666063506,138,state_change,AVAILABLE,completed_delivery
1666063506,3570,state_change,AVAILABLE,completed_delivery
1666063506,4412,state_change,AVAILABLE,completed_delivery
1666063506,4842,state_change,AVAILABLE,completed_delivery
1666063506,691,state_change,AVAILABLE,completed_delivery
1666063506,2574,state_change,AVAILABLE,completed_delivery
1666063506,4446,state_change,AVAILABLE,completed_delivery
1666063506,3455,state_change,AVAILABLE,completed_delivery
1666063506,2644,state_change,AVAILABLE,completed_delivery
1666063506,1989,state_change,AVAILABLE,completed_delivery
1666063506,4417,state_change,AVAILABLE,completed_delivery
1666063506,178,state_change,AVAILABLE,completed_delivery
1666063506,4628,state_change,AVAILABLE,completed_delivery
1666063506,4147,state_change,AVAILABLE,completed_delivery
1666063506,1641,state_change,AVAILABLE,completed_delivery
1666063506,545,state_change,AVAILABLE,completed_delivery
1666063506,111,state_change,AVAILABLE,completed_delivery
1666063506,766,state_change,AVAILABLE,completed_delivery
1666063506,1037,state_change,AVAILABLE,completed_delivery
1666063506,909,state_change,AVAILABLE,completed_delivery
1666063506,800,state_change,AVAILABLE,completed_delivery
1666063506,1213,state_change,AVAILABLE,completed_delivery
1666063506,2339,state_change,AVAILABLE,completed_delivery
1666063506,4267,state_change,AVAILABLE,completed_delivery
1666063506,3724,state_change,AVAILABLE,completed_delivery
1666063506,2244,state_change,AVAILABLE,completed_delivery
1666063506,1147,state_change,AVAILABLE,completed_delivery
1666063506,978,state_change,AVAILABLE,completed_delivery
1666063506,420,state_change,AVAILABLE,completed_delivery
1666063506,4674,state_change,AVAILABLE,completed_delivery
1666063506,3518,state_change,AVAILABLE,completed_delivery
1666063506,3817,state_change,AVAILABLE,completed_delivery
1666063506,1334,state_change,AVAILABLE,completed_delivery
1666063506,2024,state_change,AVAILABLE,completed_delivery
1666063506,1164,state_change,AVAILABLE,completed_delivery
1666063506,1676,state_change,AVAILABLE,completed_delivery
1666063506,2541,state_change,AVAILABLE,completed_delivery
1666063506,3318,state_change,AVAILABLE,completed_delivery
1666063506,2462,state_change,AVAILABLE,completed_delivery
1666063506,2588,state_change,AVAILABLE,completed_delivery
1666063506,2940,state_change,AVAILABLE,completed_delivery
1666063506,3442,state_change,AVAILABLE,completed_delivery
1666063506,3540,state_change,AVAILABLE,completed_delivery
1666063506,1156,state_change,AVAILABLE,completed_delivery
1666063506,1609,state_change,AVAILABLE,completed_delivery
1666063506,926,state_change,AVAILABLE,completed_delivery
1666063506,3603,state_change,AVAILABLE,completed_delivery
1666063506,194,state_change,AVAILABLE,completed_delivery
1666063506,2229,state_change,AVAILABLE,completed_delivery
1666063506,4342,state_change,AVAILABLE,completed_delivery
1666063506,1387,state_change,AVAILABLE,completed_delivery
1666063506,336,state_change,AVAILABLE,completed_delivery
1666063506,4001,state_change,AVAILABLE,completed_delivery
1666063506,1135,state_change,AVAILABLE,completed_delivery
1666063506,2363,state_change,AVAILABLE,completed_delivery
1666063506,2860,state_change,AVAILABLE,completed_delivery
1666063506,3557,state_change,AVAILABLE,completed_delivery
1666063506,1482,state_change,AVAILABLE,completed_delivery
1666063506,693,state_change,AVAILABLE,completed_delivery
1666063506,3722,state_change,AVAILABLE,completed_delivery
1666063506,2061,state_change,AVAILABLE,completed_delivery
1666063506,1352,state_change,AVAILABLE,completed_delivery
1666063506,942,state_change,AVAILABLE,completed_delivery
1666063506,1120,state_change,AVAILABLE,completed_delivery
1666063506,824,state_change,AVAILABLE,completed_delivery
1666063506,3619,state_change,AVAILABLE,completed_delivery
1666063506,2438,state_change,AVAILABLE,completed_delivery
1666063506,3654,state_change,AVAILABLE,completed_delivery
1666063506,727,state_change,AVAILABLE,completed_delivery
1666063506,956,state_change,AVAILABLE,completed_delivery
1666063506,4305,state_change,AVAILABLE,completed_delivery
1666063506,363,state_change,AVAILABLE,completed_delivery
1666063506,934,state_change,AVAILABLE,completed_delivery
1666063506,290,state_change,AVAILABLE,completed_delivery
1666063506,1378,state_change,AVAILABLE,completed_delivery
1666063506,3488,state_change,AVAILABLE,completed_delivery
1666063506,2064,state_change,AVAILABLE,completed_delivery
1666063506,2747,state_change,AVAILABLE,completed_delivery
1666063506,3286,state_change,AVAILABLE,completed_delivery
1666063506,1516,state_change,AVAILABLE,completed_delivery
1666063506,2443,state_change,AVAILABLE,completed_delivery
1666063506,1023,state_change,AVAILABLE,completed_delivery
1666063506,3325,state_change,AVAILABLE,completed_delivery
1666063506,3331,state_change,AVAILABLE,completed_delivery
1666063506,601,state_change,AVAILABLE,completed_delivery
1666063506,4528,state_change,AVAILABLE,completed_delivery
1666063506,1829,state_change,AVAILABLE,completed_delivery
1666063506,1816,state_change,AVAILABLE,completed_delivery
1666063506,827,state_change,AVAILABLE,completed_delivery
1666063506,4010,state_change,AVAILABLE,completed_delivery
1666063506,3839,state_change,AVAILABLE,completed_delivery
1666063506,655,state_change,AVAILABLE,completed_delivery
1666063506,4191,state_change,AVAILABLE,completed_delivery
1666063506,664,state_change,AVAILABLE,completed_delivery
1666063506,182,state_change,AVAILABLE,completed_delivery
1666063506,3464,state_change,AVAILABLE,completed_delivery
1666063506,3065,state_change,AVAILABLE,completed_delivery
1666063506,2308,state_change,AVAILABLE,completed_delivery
1666063506,602,state_change,AVAILABLE,completed_delivery
1666063506,2265,state_change,AVAILABLE,completed_delivery
1666063506,4200,state_change,BUSY,assigned_order
1666063506,872,state_change,BUSY,assigned_order
1666063626,548,state_change,AVAILABLE,new_courier
1666063626,453,state_change,AVAILABLE,new_courier
1666063626,2215,state_change,AVAILABLE,new_courier
1666063626,3783,state_change,AVAILABLE,new_courier
1666063626,2612,state_change,AVAILABLE,new_courier
1666063626,3132,state_change,AVAILABLE,new_courier
1666063626,53,state_change,AVAILABLE,new_courier
1666063626,2010,state_change,AVAILABLE,new_courier
1666063626,1058,state_change,AVAILABLE,new_courier
1666063626,719,state_change,AVAILABLE,new_courier
1666063626,1921,state_change,AVAILABLE,new_courier
1666063626,4637,state_change,AVAILABLE,new_courier
1666063626,3985,state_change,AVAILABLE,new_courier
1666063626,4516,state_change,AVAILABLE,new_courier
1666063626,4274,state_change,AVAILABLE,new_courier
1666063626,995,state_change,AVAILABLE,new_courier
1666063626,4605,state_change,AVAILABLE,new_courier
1666063626,3655,state_change,AVAILABLE,new_courier
1666063626,1130,state_change,AVAILABLE,new_courier
1666063626,1148,state_change,AVAILABLE,new_courier
1666063626,1174,state_change,AVAILABLE,new_courier
1666063626,645,state_change,AVAILABLE,new_courier
1666063626,164,state_change,AVAILABLE,new_courier
1666063626,1967,state_change,BUSY,assigned_order
1666063626,3449,state_change,BUSY,assigned_order
1666063626,137,state_change,BUSY,assigned_order
1666063626,386,state_change,BUSY,assigned_order
1666063806,2521,state_change,AVAILABLE,new_courier
1666063806,3504,state_change,AVAILABLE,new_courier
1666063806,610,state_change,AVAILABLE,new_courier
1666063806,1238,state_change,AVAILABLE,new_courier
1666063806,3640,state_change,AVAILABLE,new_courier
1666063806,1300,state_change,AVAILABLE,new_courier
1666063806,3949,state_change,AVAILABLE,new_courier
1666063806,2490,state_change,AVAILABLE,new_courier
1666063806,424,state_change,AVAILABLE,new_courier
1666063806,1801,state_change,AVAILABLE,new_courier
1666063806,3081,state_change,AVAILABLE,new_courier
1666063806,476,state_change,AVAILABLE,new_courier
1666063806,1394,state_change,AVAILABLE,new_courier
1666063806,3521,state_change,AVAILABLE,new_courier
1666063806,426,state_change,AVAILABLE,new_courier
1666063806,107,state_change,AVAILABLE,new_courier
1666063806,2718,state_change,AVAILABLE,new_courier
1666063806,229,state_change,AVAILABLE,new_courier
1666063806,682,state_change,AVAILABLE,new_courier
1666063806,354,state_change,AVAILABLE,new_courier
1666063806,3735,state_change,AVAILABLE,new_courier
1666063806,1888,state_change,AVAILABLE,new_courier
1666063806,2377,state_change,AVAILABLE,new_courier
1666063806,938,state_change,AVAILABLE,new_courier
1666063806,2935,state_change,AVAILABLE,new_courier
1666063806,860,state_change,AVAILABLE,new_courier
1666063806,1392,state_change,AVAILABLE,new_courier
1666063806,3354,state_change,AVAILABLE,new_courier
1666063806,2032,state_change,BUSY,assigned_order
1666063806,3642,state_change,BUSY,assigned_order
1666063806,286,state_change,BUSY,assigned_order
1666149913,2553,state_change,AVAILABLE,new_courier
1666149913,3796,state_change,AVAILABLE,new_courier
1666149913,1698,state_change,AVAILABLE,new_courier
1666149913,1386,state_change,AVAILABLE,new_courier
1666149913,3986,state_change,AVAILABLE,new_courier
1666149913,4238,state_change,AVAILABLE,new_courier
1666149913,3341,state_change,AVAILABLE,new_courier
1666149913,2239,state_change,AVAILABLE,new_courier
1666149913,885,state_change,AVAILABLE,new_courier
1666149913,3863,state_change,AVAILABLE,new_courier
1666149913,3281,state_change,AVAILABLE,new_courier
1666149913,1539,state_change,AVAILABLE,new_courier
1666149913,819,state_change,AVAILABLE,new_courier
1666149913,1330,state_change,AVAILABLE,new_courier
1666149913,2375,state_change,AVAILABLE,new_courier
1666149913,2720,state_change,AVAILABLE,new_courier
1666149913,2125,state_change,AVAILABLE,new_courier
1666149913,1640,state_change,AVAILABLE,new_courier
1666149913,4473,state_change,AVAILABLE,new_courier
1666149913,4271,state_change,AVAILABLE,new_courier
1666149913,933,state_change,AVAILABLE,new_courier
1666149913,2474,state_change,AVAILABLE,new_courier
1666149913,3971,state_change,AVAILABLE,new_courier
1666149913,1022,state_change,AVAILABLE,new_courier
1666149913,1187,state_change,AVAILABLE,new_courier
1666149913,3630,state_change,AVAILABLE,new_courier
1666149913,123,state_change,AVAILABLE,new_courier
1666149913,1487,state_change,AVAILABLE,new_courier
1666149913,3962,state_change,AVAILABLE,new_courier
1666149913,954,state_change,AVAILABLE,new_courier
1666149913,3878,state_change,AVAILABLE,new_courier
1666149913,3564,state_change,AVAILABLE,new_courier
1666149913,340,state_change,AVAILABLE,new_courier
1666149913,3782,state_change,AVAILABLE,new_courier
1666149913,1675,state_change,AVAILABLE,new_courier
1666149913,3386,state_change,AVAILABLE,new_courier
1666149913,3222,state_change,AVAILABLE,new_courier
1666149913,4652,state_change,AVAILABLE,new_courier
1666149913,1107,state_change,AVAILABLE,new_courier
1666149913,1303,state_change,AVAILABLE,new_courier
1666149913,1210,state_change,AVAILABLE,new_courier
1666149913,2344,state_change,AVAILABLE,new_courier
1666149913,1491,state_change,AVAILABLE,new_courier
1666149913,3551,state_change,AVAILABLE,new_courier
1666149913,3086,state_change,AVAILABLE,new_courier
1666149913,3096,state_change,AVAILABLE,new_courier
1666149913,3196,state_change,AVAILABLE,new_courier
1666149913,2236,state_change,AVAILABLE,new_courier
1666149913,3072,state_change,AVAILABLE,new_courier
1666149913,1882,state_change,AVAILABLE,new_courier
1666149913,2290,state_change,AVAILABLE,new_courier
1666149913,2254,state_change,AVAILABLE,new_courier
1666149913,4487,state_change,AVAILABLE,new_courier
1666149913,1780,state_change,AVAILABLE,new_courier
1666149913,1373,state_change,AVAILABLE,new_courier
1666149913,1820,state_change,AVAILABLE,new_courier
1666149913,712,state_change,AVAILABLE,new_courier
1666149913,1068,state_change,AVAILABLE,new_courier
1666149913,3742,state_change,AVAILABLE,new_courier
1666149913,2912,state_change,AVAILABLE,new_courier
1666149913,882,state_change,AVAILABLE,new_courier
1666149913,1310,state_change,AVAILABLE,new_courier
1666149913,2618,state_change,AVAILABLE,new_courier
1666149913,2451,state_change,AVAILABLE,new_courier
1666149913,1467,state_change,AVAILABLE,new_courier
1666149913,3773,state_change,AVAILABLE,new_courier
1666149913,1531,state_change,AVAILABLE,new_courier
1666149913,4461,state_change,AVAILABLE,new_courier
1666149913,2396,state_change,AVAILABLE,new_courier
1666149913,3652,state_change,AVAILABLE,new_courier
1666149913,4296,state_change,AVAILABLE,new_courier
1666149913,3194,state_change,AVAILABLE,new_courier
1666149913,1244,state_change,AVAILABLE,new_courier
1666149913,3484,state_change,AVAILABLE,new_courier
1666149913,512,state_change,AVAILABLE,new_courier
1666149913,2314,state_change,AVAILABLE,new_courier
1666149913,3496,state_change,AVAILABLE,new_courier
1666149913,1405,state_change,AVAILABLE,new_courier
1666149913,4794,state_change,AVAILABLE,new_courier
1666149913,787,state_change,AVAILABLE,new_courier
1666149913,1667,state_change,AVAILABLE,new_courier
1666149913,785,state_change,AVAILABLE,new_courier
1666149913,3089,state_change,AVAILABLE,new_courier
1666149913,4606,state_change,AVAILABLE,new_courier
1666149913,989,state_change,AVAILABLE,new_courier
1666149913,1972,state_change,AVAILABLE,new_courier
1666149913,4156,state_change,AVAILABLE,new_courier
1666149913,1004,state_change,AVAILABLE,new_courier
1666149913,4613,state_change,AVAILABLE,new_courier
1666149913,4542,state_change,AVAILABLE,new_courier
1666149913,1080,state_change,AVAILABLE,new_courier
1666149913,2698,state_change,AVAILABLE,new_courier
1666149913,4126,state_change,AVAILABLE,new_courier
1666149913,4186,state_change,AVAILABLE,new_courier
1666149913,2620,state_change,AVAILABLE,new_courier
1666149913,486,state_change,AVAILABLE,new_courier
1666149913,1802,state_change,AVAILABLE,new_courier
1666149913,2282,state_change,AVAILABLE,new_courier
1666149913,3964,state_change,AVAILABLE,new_courier
1666149913,2704,state_change,AVAILABLE,new_courier
1666149913,1666,state_change,AVAILABLE,new_courier
1666149913,3250,state_change,AVAILABLE,new_courier
1666149913,4113,state_change,AVAILABLE,new_courier
1666149913,4515,state_change,AVAILABLE,new_courier
1666149913,3592,state_change,AVAILABLE,new_courier
1666149913,3306,state_change,AVAILABLE,new_courier
1666149913,4623,state_change,AVAILABLE,new_courier
1666149913,2800,state_change,AVAILABLE,new_courier
1666149913,2394,state_change,AVAILABLE,new_courier
1666149913,3378,state_change,AVAILABLE,new_courier
1666149913,4144,state_change,AVAILABLE,new_courier
1666149913,1697,state_change,AVAILABLE,new_courier
1666149913,543,state_change,AVAILABLE,new_courier
1666149913,1933,state_change,AVAILABLE,new_courier
1666149913,3775,state_change,AVAILABLE,new_courier
1666149913,4151,state_change,AVAILABLE,new_courier
1666149913,3550,state_change,AVAILABLE,new_courier
1666149913,1800,state_change,AVAILABLE,new_courier
1666149913,2639,state_change,AVAILABLE,new_courier
1666149913,264,state_change,AVAILABLE,new_courier
1666149913,437,state_change,AVAILABLE,new_courier
1666149913,1508,state_change,AVAILABLE,new_courier
1666149913,28,state_change,AVAILABLE,new_courier
1666149913,4198,state_change,AVAILABLE,new_courier
1666149913,3368,state_change,AVAILABLE,new_courier
1666149913,4564,state_change,AVAILABLE,new_courier
1666149913,1409,state_change,AVAILABLE,new_courier
1666149913,321,state_change,AVAILABLE,new_courier
1666149913,3581,state_change,AVAILABLE,new_courier
1666149913,3512,state_change,AVAILABLE,new_courier
1666149913,1778,state_change,AVAILABLE,new_courier
1666149913,1052,state_change,AVAILABLE,new_courier
1666149913,2387,state_change,AVAILABLE,new_courier
1666149913,1843,state_change,AVAILABLE,new_courier
1666149913,3124,state_change,AVAILABLE,new_courier
1666149913,1312,state_change,AVAILABLE,new_courier
1666149913,3602,state_change,AVAILABLE,new_courier
1666149913,4584,state_change,AVAILABLE,new_courier
1666149913,2590,state_change,AVAILABLE,new_courier
1666149913,2994,state_change,AVAILABLE,new_courier
1666149913,1269,state_change,AVAILABLE,new_courier
1666149913,1818,state_change,AVAILABLE,new_courier
1666149913,4621,state_change,AVAILABLE,new_courier
1666149913,3785,state_change,AVAILABLE,new_courier
1666149913,524,state_change,AVAILABLE,new_courier
1666149913,1648,state_change,AVAILABLE,new_courier
1666149913,547,state_change,AVAILABLE,new_courier
1666149913,3926,state_change,AVAILABLE,new_courier
1666149913,2768,state_change,AVAILABLE,new_courier
1666149913,4710,state_change,AVAILABLE,new_courier
1666149913,2453,state_change,AVAILABLE,new_courier
1666149913,650,state_change,AVAILABLE,new_courier
1666149913,2147,state_change,AVAILABLE,new_courier
1666149913,2562,state_change,AVAILABLE,new_courier
1666149913,2702,state_change,AVAILABLE,new_courier
1666149913,838,state_change,AVAILABLE,new_courier
1666149913,3841,state_change,AVAILABLE,new_courier
1666149913,1799,state_change,AVAILABLE,new_courier
1666149913,3994,state_change,AVAILABLE,new_courier
1666149913,1194,state_change,AVAILABLE,new_courier
1666149913,4561,state_change,AVAILABLE,new_courier
1666149913,2292,state_change,AVAILABLE,new_courier
1666149913,704,state_change,AVAILABLE,new_courier
1666149913,4135,state_change,AVAILABLE,new_courier
1666149913,3755,state_change,AVAILABLE,new_courier
1666149913,3580,state_change,AVAILABLE,new_courier
1666149913,3968,state_change,AVAILABLE,new_courier
1666149913,2501,state_change,AVAILABLE,new_courier
1666149913,2924,state_change,AVAILABLE,new_courier
1666149913,696,state_change,AVAILABLE,new_courier
1666149913,267,state_change,AVAILABLE,new_courier
1666149913,2356,state_change,AVAILABLE,new_courier
1666149913,3305,state_change,AVAILABLE,new_courier
1666149913,952,state_change,AVAILABLE,new_courier
1666149913,1566,state_change,AVAILABLE,new_courier
1666149913,1078,state_change,AVAILABLE,new_courier
1666149913,808,state_change,AVAILABLE,new_courier
1666149913,2354,state_change,AVAILABLE,new_courier
1666149913,4530,state_change,AVAILABLE,new_courier
1666149913,2693,state_change,AVAILABLE,new_courier
1666149913,710,state_change,AVAILABLE,new_courier
1666149913,3157,state_change,AVAILABLE,new_courier
1666149913,2699,state_change,AVAILABLE,new_courier
1666149913,4591,state_change,AVAILABLE,new_courier
1666149913,55,state_change,AVAILABLE,new_courier
1666149913,4450,state_change,AVAILABLE,new_courier
1666149913,344,state_change,AVAILABLE,new_courier
1666149913,3061,state_change,AVAILABLE,new_courier
1666149913,3594,state_change,AVAILABLE,new_courier
1666149913,1497,state_change,AVAILABLE,new_courier
1666149913,1580,state_change,AVAILABLE,new_courier
1666149913,638,state_change,AVAILABLE,new_courier
1666149913,1192,state_change,AVAILABLE,new_courier
1666149913,3929,state_change,AVAILABLE,new_courier
1666149913,2905,state_change,AVAILABLE,new_courier
1666149913,1994,state_change,AVAILABLE,new_courier
1666149913,2369,state_change,AVAILABLE,new_courier
1666149913,4281,state_change,AVAILABLE,new_courier
1666149913,4068,state_change,AVAILABLE,new_courier
1666149913,3575,state_change,AVAILABLE,new_courier
1666149913,4832,state_change,AVAILABLE,new_courier
1666149913,1852,state_change,AVAILABLE,new_courier
1666149913,738,state_change,AVAILABLE,new_courier
1666149913,706,state_change,AVAILABLE,new_courier
1666149913,4177,state_change,AVAILABLE,new_courier
1666149913,1297,state_change,AVAILABLE,new_courier
1666149913,1363,state_change,AVAILABLE,new_courier
1666149913,1243,state_change,AVAILABLE,new_courier
1666149913,2216,state_change,AVAILABLE,new_courier
1666149913,1617,state_change,AVAILABLE,new_courier
1666149913,3323,state_change,AVAILABLE,new_courier
1666149913,4396,state_change,AVAILABLE,new_courier
1666149913,903,state_change,AVAILABLE,new_courier
1666149913,2616,state_change,AVAILABLE,new_courier
1666149913,4268,state_change,AVAILABLE,new_courier
1666149913,1987,state_change,AVAILABLE,new_courier
1666149913,3374,state_change,AVAILABLE,new_courier
1666149913,4463,state_change,AVAILABLE,new_courier
1666149913,2864,state_change,AVAILABLE,new_courier
1666149913,4527,state_change,AVAILABLE,new_courier
1666149913,4594,state_change,AVAILABLE,new_courier
1666149913,1357,state_change,AVAILABLE,new_courier
1666149913,1857,state_change,AVAILABLE,new_courier
1666149913,4607,state_change,AVAILABLE,new_courier
1666149913,2317,state_change,AVAILABLE,new_courier
1666149913,4105,state_change,AVAILABLE,new_courier
1666149913,242,state_change,AVAILABLE,new_courier
1666149913,1738,state_change,AVAILABLE,new_courier
1666149913,3778,state_change,AVAILABLE,new_courier
1666149913,752,state_change,AVAILABLE,new_courier
1666149913,3781,state_change,AVAILABLE,new_courier
1666149913,2672,state_change,AVAILABLE,new_courier
1666149913,4840,state_change,AVAILABLE,new_courier
1666149913,4176,state_change,AVAILABLE,new_courier
1666149913,2049,state_change,AVAILABLE,new_courier
1666149913,4209,state_change,AVAILABLE,new_courier
1666149913,3713,state_change,AVAILABLE,new_courier
1666149913,286,state_change,AVAILABLE,completed_delivery
1666149913,4200,state_change,AVAILABLE,completed_delivery
1666149913,1967,state_change,AVAILABLE,completed_delivery
1666149913,2032,state_change,AVAILABLE,completed_delivery
1666149913,3449,state_change,AVAILABLE,completed_delivery
1666149913,137,state_change,AVAILABLE,completed_delivery
1666149913,872,state_change,AVAILABLE,completed_delivery
1666149913,3642,state_change,AVAILABLE,completed_delivery
1666149913,386,state_change,AVAILABLE,completed_delivery
1666149913,2773,state_change,BUSY,assigned_order
1666149913,1647,state_change,BUSY,assigned_order
1666149913,4135,state_change,BUSY,assigned_order
1666149913,2999,state_change,BUSY,assigned_order
1666150033,3356,state_change,AVAILABLE,new_courier
1666150033,3574,state_change,AVAILABLE,new_courier
1666150033,2017,state_change,AVAILABLE,new_courier
1666150033,4466,state_change,AVAILABLE,new_courier
1666150033,4431,state_change,AVAILABLE,new_courier
1666150033,3441,state_change,AVAILABLE,new_courier
1666150033,1066,state_change,AVAILABLE,new_courier
1666150033,4380,state_change,AVAILABLE,new_courier
1666150033,3075,state_change,AVAILABLE,new_courier
1666150033,773,state_change,AVAILABLE,new_courier
1666150033,1381,state_change,AVAILABLE,new_courier
1666150033,3063,state_change,AVAILABLE,new_courier
1666150033,2810,state_change,AVAILABLE,new_courier
1666150033,3227,state_change,AVAILABLE,new_courier
1666150033,2304,state_change,AVAILABLE,new_courier
1666150033,1886,state_change,AVAILABLE,new_courier
1666150033,1877,state_change,BUSY,assigned_order
1666150033,1242,state_change,BUSY,assigned_order
1666150033,2688,state_change,BUSY,assigned_order
1666150033,579,state_change,BUSY,assigned_order
1666150213,1170,state_change,AVAILABLE,new_courier
1666150213,1197,state_change,AVAILABLE,new_courier
1666150213,3363,state_change,AVAILABLE,new_courier
1666150213,1650,state_change,AVAILABLE,new_courier
1666150213,3116,state_change,AVAILABLE,new_courier
1666150213,2627,state_change,AVAILABLE,new_courier
1666150213,3790,state_change,AVAILABLE,new_courier
1666150213,502,state_change,AVAILABLE,new_courier
1666150213,1871,state_change,AVAILABLE,new_courier
1666150213,735,state_change,AVAILABLE,new_courier
1666150213,4239,state_change,AVAILABLE,new_courier
1666150213,2440,state_change,AVAILABLE,new_courier
1666150213,3102,state_change,AVAILABLE,new_courier
1666150213,3786,state_change,AVAILABLE,new_courier
1666150213,4741,state_change,AVAILABLE,new_courier
1666150213,4257,state_change,AVAILABLE,new_courier
1666150213,1504,state_change,AVAILABLE,new_courier
1666150213,1321,state_change,AVAILABLE,new_courier
1666150213,314,state_change,AVAILABLE,new_courier
1666150213,2257,state_change,BUSY,assigned_order
1666150213,3541,state_change,BUSY,assigned_order
1666150213,2518,state_change,BUSY,assigned_order
1666150213,879,state_change,BUSY,assigned_order
1666150213,800,state_change,BUSY,assigned_order
1666150213,1915,state_change,BUSY,assigned_order
1666150213,3568,state_change,BUSY,assigned_order
1666150213,3528,state_change,BUSY,assigned_order
1666236312,4227,state_change,AVAILABLE,new_courier
1666236312,4114,state_change,AVAILABLE,new_courier
1666236312,979,state_change,AVAILABLE,new_courier
1666236312,3547,state_change,AVAILABLE,new_courier
1666236312,823,state_change,AVAILABLE,new_courier
1666236312,2259,state_change,AVAILABLE,new_courier
1666236312,3230,state_change,AVAILABLE,new_courier
1666236312,4272,state_change,AVAILABLE,new_courier
1666236312,4668,state_change,AVAILABLE,new_courier
1666236312,4391,state_change,AVAILABLE,new_courier
1666236312,1178,state_change,AVAILABLE,new_courier
1666236312,4060,state_change,AVAILABLE,new_courier
1666236312,2442,state_change,AVAILABLE,new_courier
1666236312,1840,state_change,AVAILABLE,new_courier
1666236312,351,state_change,AVAILABLE,new_courier
1666236312,3172,state_change,AVAILABLE,new_courier
1666236312,3301,state_change,AVAILABLE,new_courier
1666236312,768,state_change,AVAILABLE,new_courier
1666236312,2427,state_change,AVAILABLE,new_courier
1666236312,1031,state_change,AVAILABLE,new_courier
1666236312,1388,state_change,AVAILABLE,new_courier
1666236312,1723,state_change,AVAILABLE,new_courier
1666236312,4610,state_change,AVAILABLE,new_courier
1666236312,4576,state_change,AVAILABLE,new_courier
1666236312,3154,state_change,AVAILABLE,new_courier
1666236312,1099,state_change,AVAILABLE,new_courier
1666236312,1075,state_change,AVAILABLE,new_courier
1666236312,3740,state_change,AVAILABLE,new_courier
1666236312,2609,state_change,AVAILABLE,new_courier
1666236312,2907,state_change,AVAILABLE,new_courier
1666236312,174,state_change,AVAILABLE,new_courier
1666236312,4427,state_change,AVAILABLE,new_courier
1666236312,3850,state_change,AVAILABLE,new_courier
1666236312,3556,state_change,AVAILABLE,new_courier
1666236312,3240,state_change,AVAILABLE,new_courier
1666236312,1883,state_change,AVAILABLE,new_courier
1666236312,4284,state_change,AVAILABLE,new_courier
1666236312,2550,state_change,AVAILABLE,new_courier
1666236312,2594,state_change,AVAILABLE,new_courier
1666236312,3201,state_change,AVAILABLE,new_courier
1666236312,1050,state_change,AVAILABLE,new_courier
1666236312,733,state_change,AVAILABLE,new_courier
1666236312,4823,state_change,AVAILABLE,new_courier
1666236312,1679,state_change,AVAILABLE,new_courier
1666236312,2337,state_change,AVAILABLE,new_courier
1666236312,3632,state_change,AVAILABLE,new_courier
1666236312,1686,state_change,AVAILABLE,new_courier
1666236312,3828,state_change,AVAILABLE,new_courier
1666236312,4544,state_change,AVAILABLE,new_courier
1666236312,1791,state_change,AVAILABLE,new_courier
1666236312,4125,state_change,AVAILABLE,new_courier
1666236312,1416,state_change,AVAILABLE,new_courier
1666236312,2000,state_change,AVAILABLE,new_courier
1666236312,1011,state_change,AVAILABLE,new_courier
1666236312,2535,state_change,AVAILABLE,new_courier
1666236312,4047,state_change,AVAILABLE,new_courier
1666236312,4464,state_change,AVAILABLE,new_courier
1666236312,1006,state_change,AVAILABLE,new_courier
1666236312,2481,state_change,AVAILABLE,new_courier
1666236312,3135,state_change,AVAILABLE,new_courier
1666236312,3329,state_change,AVAILABLE,new_courier
1666236312,1846,state_change,AVAILABLE,new_courier
1666236312,3836,state_change,AVAILABLE,new_courier
1666236312,936,state_change,AVAILABLE,new_courier
1666236312,1749,state_change,AVAILABLE,new_courier
1666236312,4808,state_change,AVAILABLE,new_courier
1666236312,1669,state_change,AVAILABLE,new_courier
1666236312,1544,state_change,AVAILABLE,new_courier
1666236312,4407,state_change,AVAILABLE,new_courier
1666236312,2439,state_change,AVAILABLE,new_courier
1666236312,4203,state_change,AVAILABLE,new_courier
1666236312,1513,state_change,AVAILABLE,new_courier
1666236312,1324,state_change,AVAILABLE,new_courier
1666236312,3326,state_change,AVAILABLE,new_courier
1666236312,4351,state_change,AVAILABLE,new_courier
1666236312,957,state_change,AVAILABLE,new_courier
1666236312,1268,state_change,AVAILABLE,new_courier
1666236312,3599,state_change,AVAILABLE,new_courier
1666236312,887,state_change,AVAILABLE,new_courier
1666236312,1048,state_change,AVAILABLE,new_courier
1666236312,4815,state_change,AVAILABLE,new_courier
1666236312,2446,state_change,AVAILABLE,new_courier
1666236312,3875,state_change,AVAILABLE,new_courier
1666236312,4229,state_change,AVAILABLE,new_courier
1666236312,3534,state_change,AVAILABLE,new_courier
1666236312,1917,state_change,AVAILABLE,new_courier
1666236312,2575,state_change,AVAILABLE,new_courier
1666236312,1946,state_change,AVAILABLE,new_courier
1666236312,4609,state_change,AVAILABLE,new_courier
1666236312,3545,state_change,AVAILABLE,new_courier
1666236312,3304,state_change,AVAILABLE,new_courier
1666236312,4256,state_change,AVAILABLE,new_courier
1666236312,3802,state_change,AVAILABLE,new_courier
1666236312,3885,state_change,AVAILABLE,new_courier
1666236312,3702,state_change,AVAILABLE,new_courier
1666236312,4468,state_change,AVAILABLE,new_courier
1666236312,1484,state_change,AVAILABLE,new_courier
1666236312,2477,state_change,AVAILABLE,new_courier
1666236312,2769,state_change,AVAILABLE,new_courier
1666236312,1074,state_change,AVAILABLE,new_courier
1666236312,2267,state_change,AVAILABLE,new_courier
1666236312,4100,state_change,AVAILABLE,new_courier
1666236312,4844,state_change,AVAILABLE,new_courier
1666236312,4896,state_change,AVAILABLE,new_courier
1666236312,4728,state_change,AVAILABLE,new_courier
1666236312,3649,state_change,AVAILABLE,new_courier
1666236312,4656,state_change,AVAILABLE,new_courier
1666236312,2419,state_change,AVAILABLE,new_courier
1666236312,1907,state_change,AVAILABLE,new_courier
1666236312,3531,state_change,AVAILABLE,new_courier
1666236312,1701,state_change,AVAILABLE,new_courier
1666236312,3394,state_change,AVAILABLE,new_courier
1666236312,532,state_change,AVAILABLE,new_courier
1666236312,3596,state_change,AVAILABLE,new_courier
1666236312,843,state_change,AVAILABLE,new_courier
1666236312,3216,state_change,AVAILABLE,new_courier
1666236312,4104,state_change,AVAILABLE,new_courier
1666236312,3145,state_change,AVAILABLE,new_courier
1666236312,905,state_change,AVAILABLE,new_courier
1666236312,947,state_change,AVAILABLE,new_courier
1666236312,4000,state_change,AVAILABLE,new_courier
1666236312,1437,state_change,AVAILABLE,new_courier
1666236312,4335,state_change,AVAILABLE,new_courier
1666236312,2390,state_change,AVAILABLE,new_courier
1666236312,4688,state_change,AVAILABLE,new_courier
1666236312,3336,state_change,AVAILABLE,new_courier
1666236312,185,state_change,AVAILABLE,new_courier
1666236312,203,state_change,AVAILABLE,new_courier
1666236312,1608,state_change,AVAILABLE,new_courier
1666236312,3236,state_change,AVAILABLE,new_courier
1666236312,2148,state_change,AVAILABLE,new_courier
1666236312,3703,state_change,AVAILABLE,new_courier
1666236312,4129,state_change,AVAILABLE,new_courier
1666236312,4529,state_change,AVAILABLE,new_courier
1666236312,3887,state_change,AVAILABLE,new_courier
1666236312,4789,state_change,AVAILABLE,new_courier
1666236312,1713,state_change,AVAILABLE,new_courier
1666236312,1364,state_change,AVAILABLE,new_courier
1666236312,2156,state_change,AVAILABLE,new_courier
1666236312,1522,state_change,AVAILABLE,new_courier
1666236312,653,state_change,AVAILABLE,new_courier
1666236312,4915,state_change,AVAILABLE,new_courier
1666236312,2822,state_change,AVAILABLE,new_courier
1666236312,4878,state_change,AVAILABLE,new_courier
1666236312,2544,state_change,AVAILABLE,new_courier
1666236312,3024,state_change,AVAILABLE,new_courier
1666236312,683,state_change,AVAILABLE,new_courier
1666236312,2542,state_change,AVAILABLE,new_courier
1666236312,4112,state_change,AVAILABLE,new_courier
1666236312,4867,state_change,AVAILABLE,new_courier
1666236312,4655,state_change,AVAILABLE,new_courier
1666236312,3469,state_change,AVAILABLE,new_courier
1666236312,2296,state_change,AVAILABLE,new_courier
1666236312,3349,state_change,AVAILABLE,new_courier
1666236312,1877,state_change,AVAILABLE,completed_delivery
1666236312,2773,state_change,AVAILABLE,completed_delivery
1666236312,2688,state_change,AVAILABLE,completed_delivery
1666236312,1242,state_change,AVAILABLE,completed_delivery
1666236312,2518,state_change,AVAILABLE,completed_delivery
1666236312,3568,state_change,AVAILABLE,completed_delivery
1666236312,3541,state_change,AVAILABLE,completed_delivery
1666236312,2999,state_change,AVAILABLE,completed_delivery
1666236312,1915,state_change,AVAILABLE,completed_delivery
1666236312,800,state_change,AVAILABLE,completed_delivery
1666236312,579,state_change,AVAILABLE,completed_delivery
1666236312,2257,state_change,AVAILABLE,completed_delivery
1666236312,879,state_change,AVAILABLE,completed_delivery
1666236312,1647,state_change,AVAILABLE,completed_delivery
1666236312,3528,state_change,AVAILABLE,completed_delivery
1666236312,4135,state_change,AVAILABLE,completed_delivery
1666236312,1827,state_change,BUSY,assigned_order
1666236312,4154,state_change,BUSY,assigned_order
1666236312,1181,state_change,BUSY,assigned_order
1666236312,480,state_change,BUSY,assigned_order
1666236312,3769,state_change,BUSY,assigned_order
1666236432,986,state_change,AVAILABLE,new_courier
1666236432,4767,state_change,AVAILABLE,new_courier
1666236432,100,state_change,AVAILABLE,new_courier
1666236432,4106,state_change,AVAILABLE,new_courier
1666236432,2889,state_change,AVAILABLE,new_courier
1666236432,1709,state_change,AVAILABLE,new_courier
1666236432,4687,state_change,AVAILABLE,new_courier
1666236432,3797,state_change,AVAILABLE,new_courier
1666236432,2654,state_change,AVAILABLE,new_courier
1666236432,2016,state_change,AVAILABLE,new_courier
1666236432,3624,state_change,AVAILABLE,new_courier
1666236432,1524,state_change,AVAILABLE,new_courier
1666236432,1124,state_change,AVAILABLE,new_courier
1666236432,3173,state_change,AVAILABLE,new_courier
1666236432,2168,state_change,AVAILABLE,new_courier
1666236432,688,state_change,AVAILABLE,new_courier
1666236432,2218,state_change,AVAILABLE,new_courier
1666236432,2928,state_change,AVAILABLE,new_courier
1666236432,2630,state_change,AVAILABLE,new_courier
1666236432,74,state_change,BUSY,assigned_order
1666236432,1543,state_change,BUSY,assigned_order
1666236432,2755,state_change,BUSY,assigned_order
1666236612,940,state_change,AVAILABLE,new_courier
1666236612,3166,state_change,AVAILABLE,new_courier
1666236612,864,state_change,AVAILABLE,new_courier
1666236612,1503,state_change,AVAILABLE,new_courier
1666236612,4387,state_change,AVAILABLE,new_courier
1666236612,832,state_change,BUSY,assigned_order
1666236612,758,state_change,BUSY,assigned_order
1666322707,3079,state_change,AVAILABLE,new_courier
1666322707,1285,state_change,AVAILABLE,new_courier
1666322707,4035,state_change,AVAILABLE,new_courier
1666322707,2020,state_change,AVAILABLE,new_courier
1666322707,3458,state_change,AVAILABLE,new_courier
1666322707,1365,state_change,AVAILABLE,new_courier
1666322707,4313,state_change,AVAILABLE,new_courier
1666322707,4004,state_change,AVAILABLE,new_courier
1666322707,3319,state_change,AVAILABLE,new_courier
1666322707,3226,state_change,AVAILABLE,new_courier
1666322707,3695,state_change,AVAILABLE,new_courier
1666322707,1264,state_change,AVAILABLE,new_courier
1666322707,3234,state_change,AVAILABLE,new_courier
1666322707,2520,state_change,AVAILABLE,new_courier
1666322707,1948,state_change,AVAILABLE,new_courier
1666322707,1583,state_change,AVAILABLE,new_courier
1666322707,2565,state_change,AVAILABLE,new_courier
1666322707,1340,state_change,AVAILABLE,new_courier
1666322707,3880,state_change,AVAILABLE,new_courier
1666322707,4433,state_change,AVAILABLE,new_courier
1666322707,4122,state_change,AVAILABLE,new_courier
1666322707,2559,state_change,AVAILABLE,new_courier
1666322707,4289,state_change,AVAILABLE,new_courier
1666322707,1146,state_change,AVAILABLE,new_courier
1666322707,1798,state_change,AVAILABLE,new_courier
1666322707,1768,state_change,AVAILABLE,new_courier
1666322707,3232,state_change,AVAILABLE,new_courier
1666322707,4241,state_change,AVAILABLE,new_courier
1666322707,3190,state_change,AVAILABLE,new_courier
1666322707,1284,state_change,AVAILABLE,new_courier
1666322707,3120,state_change,AVAILABLE,new_courier
1666322707,308,state_change,AVAILABLE,new_courier
1666322707,1230,state_change,AVAILABLE,new_courier
1666322707,4124,state_change,AVAILABLE,new_courier
1666322707,3636,state_change,AVAILABLE,new_courier
1666322707,2625,state_change,AVAILABLE,new_courier
1666322707,2564,state_change,AVAILABLE,new_courier
1666322707,1996,state_change,AVAILABLE,new_courier
1666322707,3587,state_change,AVAILABLE,new_courier
1666322707,4145,state_change,AVAILABLE,new_courier
1666322707,3563,state_change,AVAILABLE,new_courier
1666322707,3404,state_change,AVAILABLE,new_courier
1666322707,3042,state_change,AVAILABLE,new_courier
1666322707,4796,state_change,AVAILABLE,new_courier
1666322707,4737,state_change,AVAILABLE,new_courier
1666322707,3877,state_change,AVAILABLE,new_courier
1666322707,3656,state_change,AVAILABLE,new_courier
1666322707,2543,state_change,AVAILABLE,new_courier
1666322707,2832,state_change,AVAILABLE,new_courier
1666322707,4056,state_change,AVAILABLE,new_courier
1666322707,4910,state_change,AVAILABLE,new_courier
1666322707,2499,state_change,AVAILABLE,new_courier
1666322707,2335,state_change,AVAILABLE,new_courier
1666322707,4445,state_change,AVAILABLE,new_courier
1666322707,2772,state_change,AVAILABLE,new_courier
1666322707,4006,state_change,AVAILABLE,new_courier
1666322707,3224,state_change,AVAILABLE,new_courier
1666322707,4494,state_change,AVAILABLE,new_courier
1666322707,1565,state_change,AVAILABLE,new_courier
1666322707,4307,state_change,AVAILABLE,new_courier
1666322707,3633,state_change,AVAILABLE,new_courier
1666322707,4287,state_change,AVAILABLE,new_courier
1666322707,3214,state_change,AVAILABLE,new_courier
1666322707,3452,state_change,AVAILABLE,new_courier
1666322707,3431,state_change,AVAILABLE,new_courier
1666322707,4290,state_change,AVAILABLE,new_courier
1666322707,1413,state_change,AVAILABLE,new_courier
1666322707,1262,state_change,AVAILABLE,new_courier
1666322707,2760,state_change,AVAILABLE,new_courier
1666322707,1591,state_change,AVAILABLE,new_courier
1666322707,4784,state_change,AVAILABLE,new_courier
1666322707,3516,state_change,AVAILABLE,new_courier
1666322707,3897,state_change,AVAILABLE,new_courier
1666322707,1207,state_change,AVAILABLE,new_courier
1666322707,4497,state_change,AVAILABLE,new_courier
1666322707,1678,state_change,AVAILABLE,new_courier
1666322707,3588,state_change,AVAILABLE,new_courier
1666322707,4877,state_change,AVAILABLE,new_courier
1666322707,4698,state_change,AVAILABLE,new_courier
1666322707,3995,state_change,AVAILABLE,new_courier
1666322707,4355,state_change,AVAILABLE,new_courier
1666322707,676,state_change,AVAILABLE,new_courier
1666322707,4836,state_change,AVAILABLE,new_courier
1666322707,4143,state_change,AVAILABLE,new_courier
1666322707,1472,state_change,AVAILABLE,new_courier
1666322707,3199,state_change,AVAILABLE,new_courier
1666322707,1750,state_change,AVAILABLE,new_courier
1666322707,1222,state_change,AVAILABLE,new_courier
1666322707,2494,state_change,AVAILABLE,new_courier
1666322707,3403,state_change,AVAILABLE,new_courier
1666322707,3255,state_change,AVAILABLE,new_courier
1666322707,806,state_change,AVAILABLE,new_courier
1666322707,1427,state_change,AVAILABLE,new_courier
1666322707,3898,state_change,AVAILABLE,new_courier
1666322707,2006,state_change,AVAILABLE,new_courier
1666322707,4013,state_change,AVAILABLE,new_courier
1666322707,4807,state_change,AVAILABLE,new_courier
1666322707,4493,state_change,AVAILABLE,new_courier
1666322707,1335,state_change,AVAILABLE,new_courier
1666322707,3007,state_change,AVAILABLE,new_courier
1666322707,4159,state_change,AVAILABLE,new_courier
1666322707,3706,state_change,AVAILABLE,new_courier
1666322707,4016,state_change,AVAILABLE,new_courier
1666322707,4213,state_change,AVAILABLE,new_courier
1666322707,2163,state_change,AVAILABLE,new_courier
1666322707,3999,state_change,AVAILABLE,new_courier
1666322707,4847,state_change,AVAILABLE,new_courier
1666322707,3809,state_change,AVAILABLE,new_courier
1666322707,4792,state_change,AVAILABLE,new_courier
1666322707,1195,state_change,AVAILABLE,new_courier
1666322707,3784,state_change,AVAILABLE,new_courier
1666322707,3819,state_change,AVAILABLE,new_courier
1666322707,4086,state_change,AVAILABLE,new_courier
1666322707,4326,state_change,AVAILABLE,new_courier
1666322707,594,state_change,AVAILABLE,new_courier
1666322707,1834,state_change,AVAILABLE,new_courier
1666322707,1461,state_change,AVAILABLE,new_courier
1666322707,3401,state_change,AVAILABLE,new_courier
1666322707,1899,state_change,AVAILABLE,new_courier
1666322707,2104,state_change,AVAILABLE,new_courier
1666322707,1543,state_change,AVAILABLE,completed_delivery
1666322707,1827,state_change,AVAILABLE,completed_delivery
1666322707,4154,state_change,AVAILABLE,completed_delivery
1666322707,74,state_change,AVAILABLE,completed_delivery
1666322707,758,state_change,AVAILABLE,completed_delivery
1666322707,832,state_change,AVAILABLE,completed_delivery
1666322707,2755,state_change,AVAILABLE,completed_delivery
1666322707,1181,state_change,AVAILABLE,completed_delivery
1666322707,480,state_change,AVAILABLE,completed_delivery
1666322707,3769,state_change,AVAILABLE,completed_delivery
1666322707,943,state_change,BUSY,assigned_order
1666322707,1937,state_change,BUSY,assigned_order
1666322707,1371,state_change,BUSY,assigned_order
1666322707,3712,state_change,BUSY,assigned_order
1666322707,4038,state_change,BUSY,assigned_order
1666322707,1707,state_change,BUSY,assigned_order
1666322707,3966,state_change,BUSY,assigned_order
1666322707,3431,state_change,BUSY,assigned_order
1666322827,3867,state_change,AVAILABLE,new_courier
1666322827,2277,state_change,AVAILABLE,new_courier
1666322827,4736,state_change,AVAILABLE,new_courier
1666322827,1914,state_change,AVAILABLE,new_courier
1666322827,4549,state_change,AVAILABLE,new_courier
1666322827,3635,state_change,AVAILABLE,new_courier
1666322827,3976,state_change,BUSY,assigned_order
1666322827,1693,state_change,BUSY,assigned_order
1666322827,3440,state_change,BUSY,assigned_order
1666322827,2183,state_change,BUSY,assigned_order
1666322827,1829,state_change,BUSY,assigned_order
1666322827,2103,state_change,BUSY,assigned_order
1666323007,9,state_change,AVAILABLE,new_courier
1666323007,4401,state_change,AVAILABLE,new_courier
1666323007,1438,state_change,AVAILABLE,new_courier
1666323007,898,state_change,AVAILABLE,new_courier
1666323007,1506,state_change,AVAILABLE,new_courier
1666323007,4917,state_change,AVAILABLE,new_courier
1666323007,759,state_change,BUSY,assigned_order
1666323007,3095,state_change,BUSY,assigned_order
1666323007,1414,state_change,BUSY,assigned_order
1666323007,4272,state_change,BUSY,assigned_order
1666409110,3808,state_change,AVAILABLE,new_courier
1666409110,1397,state_change,AVAILABLE,new_courier
1666409110,4671,state_change,AVAILABLE,new_courier
1666409110,1710,state_change,AVAILABLE,new_courier
1666409110,3013,state_change,AVAILABLE,new_courier
1666409110,3352,state_change,AVAILABLE,new_courier
1666409110,2756,state_change,AVAILABLE,new_courier
1666409110,2726,state_change,AVAILABLE,new_courier
1666409110,3275,state_change,AVAILABLE,new_courier
1666409110,3792,state_change,AVAILABLE,new_courier
1666409110,4521,state_change,AVAILABLE,new_courier
1666409110,1483,state_change,AVAILABLE,new_courier
1666409110,3987,state_change,AVAILABLE,new_courier
1666409110,4248,state_change,AVAILABLE,new_courier
1666409110,1887,state_change,AVAILABLE,new_courier
1666409110,2023,state_change,AVAILABLE,new_courier
1666409110,3858,state_change,AVAILABLE,new_courier
1666409110,3622,state_change,AVAILABLE,new_courier
1666409110,2421,state_change,AVAILABLE,new_courier
1666409110,2943,state_change,AVAILABLE,new_courier
1666409110,1526,state_change,AVAILABLE,new_courier
1666409110,3312,state_change,AVAILABLE,new_courier
1666409110,4439,state_change,AVAILABLE,new_courier
1666409110,2599,state_change,AVAILABLE,new_courier
1666409110,1572,state_change,AVAILABLE,new_courier
1666409110,1271,state_change,AVAILABLE,new_courier
1666409110,1763,state_change,AVAILABLE,new_courier
1666409110,4725,state_change,AVAILABLE,new_courier
1666409110,4146,state_change,AVAILABLE,new_courier
1666409110,3027,state_change,AVAILABLE,new_courier
1666409110,4364,state_change,AVAILABLE,new_courier
1666409110,2692,state_change,AVAILABLE,new_courier
1666409110,1479,state_change,AVAILABLE,new_courier
1666409110,1528,state_change,AVAILABLE,new_courier
1666409110,4723,state_change,AVAILABLE,new_courier
1666409110,1490,state_change,AVAILABLE,new_courier
1666409110,3653,state_change,AVAILABLE,new_courier
1666409110,4498,state_change,AVAILABLE,new_courier
1666409110,1885,state_change,AVAILABLE,new_courier
1666409110,4786,state_change,AVAILABLE,new_courier
1666409110,3138,state_change,AVAILABLE,new_courier
1666409110,3903,state_change,AVAILABLE,new_courier
1666409110,4722,state_change,AVAILABLE,new_courier
1666409110,1359,state_change,AVAILABLE,new_courier
1666409110,4298,state_change,AVAILABLE,new_courier
1666409110,2001,state_change,AVAILABLE,new_courier
1666409110,2673,state_change,AVAILABLE,new_courier
1666409110,3974,state_change,AVAILABLE,new_courier
1666409110,3244,state_change,AVAILABLE,new_courier
1666409110,1062,state_change,AVAILABLE,new_courier
1666409110,3795,state_change,AVAILABLE,new_courier
1666409110,3855,state_change,AVAILABLE,new_courier
1666409110,4282,state_change,AVAILABLE,new_courier
1666409110,497,state_change,AVAILABLE,new_courier
1666409110,1090,state_change,AVAILABLE,new_courier
1666409110,2711,state_change,AVAILABLE,new_courier
1666409110,3387,state_change,AVAILABLE,new_courier
1666409110,1118,state_change,AVAILABLE,new_courier
1666409110,4629,state_change,AVAILABLE,new_courier
1666409110,1992,state_change,AVAILABLE,new_courier
1666409110,2376,state_change,AVAILABLE,new_courier
1666409110,3888,state_change,AVAILABLE,new_courier
1666409110,2778,state_change,AVAILABLE,new_courier
1666409110,1832,state_change,AVAILABLE,new_courier
1666409110,894,state_change,AVAILABLE,new_courier
1666409110,506,state_change,AVAILABLE,new_courier
1666409110,3931,state_change,AVAILABLE,new_courier
1666409110,1458,state_change,AVAILABLE,new_courier
1666409110,4766,state_change,AVAILABLE,new_courier
1666409110,2914,state_change,AVAILABLE,new_courier
1666409110,658,state_change,AVAILABLE,new_courier
1666409110,1644,state_change,AVAILABLE,new_courier
1666409110,3733,state_change,AVAILABLE,new_courier
1666409110,3288,state_change,AVAILABLE,new_courier
1666409110,1959,state_change,AVAILABLE,new_courier
1666409110,3856,state_change,AVAILABLE,new_courier
1666409110,3671,state_change,AVAILABLE,new_courier
1666409110,1598,state_change,AVAILABLE,new_courier
1666409110,3788,state_change,AVAILABLE,new_courier
1666409110,4328,state_change,AVAILABLE,new_courier
1666409110,4138,state_change,AVAILABLE,new_courier
1666409110,152,state_change,AVAILABLE,new_courier
1666409110,3182,state_change,AVAILABLE,new_courier
1666409110,4859,state_change,AVAILABLE,new_courier
1666409110,3631,state_change,AVAILABLE,new_courier
1666409110,3213,state_change,AVAILABLE,new_courier
1666409110,2668,state_change,AVAILABLE,new_courier
1666409110,4400,state_change,AVAILABLE,new_courier
1666409110,1537,state_change,AVAILABLE,new_courier
1666409110,3019,state_change,AVAILABLE,new_courier
1666409110,3285,state_change,AVAILABLE,new_courier
1666409110,4350,state_change,AVAILABLE,new_courier
1666409110,665,state_change,AVAILABLE,new_courier
1666409110,1808,state_change,AVAILABLE,new_courier
1666409110,3678,state_change,AVAILABLE,new_courier
1666409110,4911,state_change,AVAILABLE,new_courier
1666409110,2712,state_change,AVAILABLE,new_courier
1666409110,4738,state_change,AVAILABLE,new_courier
1666409110,1619,state_change,AVAILABLE,new_courier
1666409110,4299,state_change,AVAILABLE,new_courier
1666409110,4228,state_change,AVAILABLE,new_courier
1666409110,2734,state_change,AVAILABLE,new_courier
1666409110,4346,state_change,AVAILABLE,new_courier
1666409110,3299,state_change,AVAILABLE,new_courier
1666409110,2607,state_change,AVAILABLE,new_courier
1666409110,1576,state_change,AVAILABLE,new_courier
1666409110,4388,state_change,AVAILABLE,new_courier
1666409110,4827,state_change,AVAILABLE,new_courier
1666409110,3412,state_change,AVAILABLE,new_courier
1666409110,4037,state_change,AVAILABLE,new_courier
1666409110,1969,state_change,AVAILABLE,new_courier
1666409110,2256,state_change,AVAILABLE,new_courier
1666409110,4399,state_change,AVAILABLE,new_courier
1666409110,3912,state_change,AVAILABLE,new_courier
1666409110,2750,state_change,AVAILABLE,new_courier
1666409110,4773,state_change,AVAILABLE,new_courier
1666409110,1851,state_change,AVAILABLE,new_courier
1666409110,4769,state_change,AVAILABLE,new_courier
1666409110,2413,state_change,AVAILABLE,new_courier
1666409110,3940,state_change,AVAILABLE,new_courier
1666409110,2483,state_change,AVAILABLE,new_courier
1666409110,3321,state_change,AVAILABLE,new_courier
1666409110,1471,state_change,AVAILABLE,new_courier
1666409110,3939,state_change,AVAILABLE,new_courier
1666409110,1088,state_change,AVAILABLE,new_courier
1666409110,300,state_change,AVAILABLE,new_courier
1666409110,1937,state_change,AVAILABLE,completed_delivery
1666409110,1693,state_change,AVAILABLE,completed_delivery
1666409110,943,state_change,AVAILABLE,completed_delivery
1666409110,1707,state_change,AVAILABLE,completed_delivery
1666409110,1414,state_change,AVAILABLE,completed_delivery
1666409110,3976,state_change,AVAILABLE,completed_delivery
1666409110,4038,state_change,AVAILABLE,completed_delivery
1666409110,3966,state_change,AVAILABLE,completed_delivery
1666409110,3095,state_change,AVAILABLE,completed_delivery
1666409110,759,state_change,AVAILABLE,completed_delivery
1666409110,3712,state_change,AVAILABLE,completed_delivery
1666409110,2183,state_change,AVAILABLE,completed_delivery
1666409110,3440,state_change,AVAILABLE,completed_delivery
1666409110,1829,state_change,AVAILABLE,completed_delivery
1666409110,1371,state_change,AVAILABLE,completed_delivery
1666409110,2103,state_change,AVAILABLE,completed_delivery
1666409110,4272,state_change,AVAILABLE,completed_delivery
1666409110,3431,state_change,AVAILABLE,completed_delivery
1666409110,3140,state_change,BUSY,assigned_order
1666409110,478,state_change,BUSY,assigned_order
1666409110,4145,state_change,BUSY,assigned_order
1666409110,3008,state_change,BUSY,assigned_order
1666409110,479,state_change,BUSY,assigned_order
1666409110,811,state_change,BUSY,assigned_order
1666409230,3365,state_change,AVAILABLE,new_courier
1666409230,1057,state_change,AVAILABLE,new_courier
1666409230,4397,state_change,AVAILABLE,new_courier
1666409230,333,state_change,AVAILABLE,new_courier
1666409230,1495,state_change,AVAILABLE,new_courier
1666409230,1634,state_change,BUSY,assigned_order
1666409230,1688,state_change,BUSY,assigned_order
1666409410,1535,state_change,AVAILABLE,new_courier
1666409410,4349,state_change,AVAILABLE,new_courier
1666409410,1730,state_change,AVAILABLE,new_courier
1666409410,4310,state_change,AVAILABLE,new_courier
1666409410,4520,state_change,AVAILABLE,new_courier
1666409410,560,state_change,AVAILABLE,new_courier
1666409410,4551,state_change,AVAILABLE,new_courier
1666409410,4730,state_change,AVAILABLE,new_courier
1666409410,3493,state_change,AVAILABLE,new_courier
1666409410,496,state_change,BUSY,assigned_order
1666409410,3901,state_change,BUSY,assigned_order
1666409410,3485,state_change,BUSY,assigned_order
1666495519,1607,state_change,AVAILABLE,new_courier
1666495519,4181,state_change,AVAILABLE,new_courier
1666495519,3690,state_change,AVAILABLE,new_courier
1666495519,3959,state_change,AVAILABLE,new_courier
1666495519,4548,state_change,AVAILABLE,new_courier
1666495519,427,state_change,AVAILABLE,new_courier
1666495519,4304,state_change,AVAILABLE,new_courier
1666495519,1809,state_change,AVAILABLE,new_courier
1666495519,4474,state_change,AVAILABLE,new_courier
1666495519,3871,state_change,AVAILABLE,new_courier
1666495519,2251,state_change,AVAILABLE,new_courier
1666495519,760,state_change,AVAILABLE,new_courier
1666495519,4075,state_change,AVAILABLE,new_courier
1666495519,3463,state_change,AVAILABLE,new_courier
1666495519,1161,state_change,AVAILABLE,new_courier
1666495519,4039,state_change,AVAILABLE,new_courier
1666495519,1836,state_change,AVAILABLE,new_courier
1666495519,3142,state_change,AVAILABLE,new_courier
1666495519,3837,state_change,AVAILABLE,new_courier
1666495519,2525,state_change,AVAILABLE,new_courier
1666495519,1776,state_change,AVAILABLE,new_courier
1666495519,4356,state_change,AVAILABLE,new_courier
1666495519,1807,state_change,AVAILABLE,new_courier
1666495519,2775,state_change,AVAILABLE,new_courier
1666495519,2954,state_change,AVAILABLE,new_courier
1666495519,2664,state_change,AVAILABLE,new_courier
1666495519,2838,state_change,AVAILABLE,new_courier
1666495519,1637,state_change,AVAILABLE,new_courier
1666495519,4164,state_change,AVAILABLE,new_courier
1666495519,4255,state_change,AVAILABLE,new_courier
1666495519,2340,state_change,AVAILABLE,new_courier
1666495519,4230,state_change,AVAILABLE,new_courier
1666495519,2652,state_change,AVAILABLE,new_courier
1666495519,4118,state_change,AVAILABLE,new_courier
1666495519,2780,state_change,AVAILABLE,new_courier
1666495519,4158,state_change,AVAILABLE,new_courier
1666495519,1741,state_change,AVAILABLE,new_courier
1666495519,1942,state_change,AVAILABLE,new_courier
1666495519,257,state_change,AVAILABLE,new_courier
1666495519,4150,state_change,AVAILABLE,new_courier
1666495519,4689,state_change,AVAILABLE,new_courier
1666495519,2378,state_change,AVAILABLE,new_courier
1666495519,2927,state_change,AVAILABLE,new_courier
1666495519,3344,state_change,AVAILABLE,new_courier
1666495519,4597,state_change,AVAILABLE,new_courier
1666495519,1406,state_change,AVAILABLE,new_courier
1666495519,4163,state_change,AVAILABLE,new_courier
1666495519,4302,state_change,AVAILABLE,new_courier
1666495519,3979,state_change,AVAILABLE,new_courier
1666495519,3643,state_change,AVAILABLE,new_courier
1666495519,4477,state_change,AVAILABLE,new_courier
1666495519,2843,state_change,AVAILABLE,new_courier
1666495519,4405,state_change,AVAILABLE,new_courier
1666495519,3845,state_change,AVAILABLE,new_courier
1666495519,4432,state_change,AVAILABLE,new_courier
1666495519,443,state_change,AVAILABLE,new_courier
1666495519,1845,state_change,AVAILABLE,new_courier
1666495519,4345,state_change,AVAILABLE,new_courier
1666495519,3932,state_change,AVAILABLE,new_courier
1666495519,1984,state_change,AVAILABLE,new_courier
1666495519,3339,state_change,AVAILABLE,new_courier
1666495519,3665,state_change,AVAILABLE,new_courier
1666495519,4157,state_change,AVAILABLE,new_courier
1666495519,4293,state_change,AVAILABLE,new_courier
1666495519,2604,state_change,AVAILABLE,new_courier
1666495519,4234,state_change,AVAILABLE,new_courier
1666495519,302,state_change,AVAILABLE,new_courier
1666495519,2808,state_change,AVAILABLE,new_courier
1666495519,2830,state_change,AVAILABLE,new_courier
1666495519,4523,state_change,AVAILABLE,new_courier
1666495519,2729,state_change,AVAILABLE,new_courier
1666495519,2920,state_change,AVAILABLE,new_courier
1666495519,4846,state_change,AVAILABLE,new_courier
1666495519,2605,state_change,AVAILABLE,new_courier
1666495519,3347,state_change,AVAILABLE,new_courier
1666495519,2626,state_change,AVAILABLE,new_courier
1666495519,3382,state_change,AVAILABLE,new_courier
1666495519,1990,state_change,AVAILABLE,new_courier
1666495519,4571,state_change,AVAILABLE,new_courier
1666495519,3791,state_change,AVAILABLE,new_courier
1666495519,3895,state_change,AVAILABLE,new_courier
1666495519,2519,state_change,AVAILABLE,new_courier
1666495519,2936,state_change,AVAILABLE,new_courier
1666495519,4249,state_change,AVAILABLE,new_courier
1666495519,3707,state_change,AVAILABLE,new_courier
1666495519,4065,state_change,AVAILABLE,new_courier
1666495519,4885,state_change,AVAILABLE,new_courier
1666495519,850,state_change,AVAILABLE,new_courier
1666495519,4475,state_change,AVAILABLE,new_courier
1666495519,1973,state_change,AVAILABLE,new_courier
1666495519,4334,state_change,AVAILABLE,new_courier
1666495519,496,state_change,AVAILABLE,completed_delivery
1666495519,478,state_change,AVAILABLE,completed_delivery
1666495519,1634,state_change,AVAILABLE,completed_delivery
1666495519,479,state_change,AVAILABLE,completed_delivery
1666495519,1688,state_change,AVAILABLE,completed_delivery
1666495519,3140,state_change,AVAILABLE,completed_delivery
1666495519,3008,state_change,AVAILABLE,completed_delivery
1666495519,811,state_change,AVAILABLE,completed_delivery
1666495519,3485,state_change,AVAILABLE,completed_delivery
1666495519,3901,state_change,AVAILABLE,completed_delivery
1666495519,4145,state_change,AVAILABLE,completed_delivery
1666495519,325,state_change,BUSY,assigned_order
1666495519,994,state_change,BUSY,assigned_order
1666495519,4404,state_change,BUSY,assigned_order
1666495519,1377,state_change,BUSY,assigned_order
1666495519,2482,state_change,BUSY,assigned_order
1666495519,2389,state_change,BUSY,assigned_order
1666495519,1563,state_change,BUSY,assigned_order
1666495519,3053,state_change,BUSY,assigned_order
1666495519,878,state_change,BUSY,assigned_order
1666495639,2923,state_change,AVAILABLE,new_courier
1666495639,3606,state_change,AVAILABLE,new_courier
1666495639,4160,state_change,AVAILABLE,new_courier
1666495639,3696,state_change,AVAILABLE,new_courier
1666495639,3343,state_change,AVAILABLE,new_courier
1666495639,4810,state_change,AVAILABLE,new_courier
1666495639,3310,state_change,AVAILABLE,new_courier
1666495639,2591,state_change,AVAILABLE,new_courier
1666495639,4041,state_change,AVAILABLE,new_courier
1666495639,2382,state_change,BUSY,assigned_order
1666495639,2509,state_change,BUSY,assigned_order
1666495639,2477,state_change,BUSY,assigned_order
1666495639,2352,state_change,BUSY,assigned_order
1666495639,938,state_change,BUSY,assigned_order
1666495639,133,state_change,BUSY,assigned_order
1666495819,3623,state_change,AVAILABLE,new_courier
1666495819,1369,state_change,AVAILABLE,new_courier
1666495819,4286,state_change,AVAILABLE,new_courier
1666495819,3400,state_change,AVAILABLE,new_courier
1666495819,2132,state_change,BUSY,assigned_order
1666495819,420,state_change,BUSY,assigned_order
1666495819,3313,state_change,BUSY,assigned_order
1666495819,4318,state_change,BUSY,assigned_order
1666495819,272,state_change,BUSY,assigned_order
1666495819,32,state_change,BUSY,assigned_order
1666495819,4000,state_change,BUSY,assigned_order
1666495819,538,state_change,BUSY,assigned_order
1666495819,89,state_change,BUSY,assigned_order
1666495819,2385,state_change,BUSY,assigned_order
1666495819,3228,state_change,BUSY,assigned_order
1666495819,1547,state_change,BUSY,assigned_order
1666495819,15,state_change,BUSY,assigned_order
1666495819,1010,state_change,BUSY,assigned_order
1666495819,222,state_change,BUSY,assigned_order
1666495819,404,state_change,BUSY,assigned_order
1666495819,2650,state_change,BUSY,assigned_order
1666495819,441,state_change,BUSY,assigned_order
1666495819,63,state_change,BUSY,assigned_order
1666495819,3438,state_change,BUSY,assigned_order
1666495819,1396,state_change,BUSY,assigned_order
1666495819,1269,state_change,BUSY,assigned_order
1666495819,411,state_change,BUSY,assigned_order
1666495819,624,state_change,BUSY,assigned_order
1666495819,2054,state_change,BUSY,assigned_order
1666495819,2484,state_change,BUSY,assigned_order
1666495819,1360,state_change,BUSY,assigned_order
1666495819,4320,state_change,BUSY,assigned_order
1666495819,1084,state_change,BUSY,assigned_order
1666495819,3114,state_change,BUSY,assigned_order
1666495819,1133,state_change,BUSY,assigned_order
1666495819,4289,state_change,BUSY,assigned_order
1666495819,2815,state_change,BUSY,assigned_order
1666495819,3670,state_change,BUSY,assigned_order
1666495819,2836,state_change,BUSY,assigned_order
1666495819,3358,state_change,BUSY,assigned_order
1666495819,2150,state_change,BUSY,assigned_order
1666495819,1642,state_change,BUSY,assigned_order
1666495819,161,state_change,BUSY,assigned_order
1666495819,2856,state_change,BUSY,assigned_order
1666495819,4454,state_change,BUSY,assigned_order
1666495819,1297,state_change,BUSY,assigned_order
1666495819,1773,state_change,BUSY,assigned_order
1666495819,2552,state_change,BUSY,assigned_order
1666495819,1306,state_change,BUSY,assigned_order
1666495819,1945,state_change,BUSY,assigned_order
1666495819,1042,state_change,BUSY,assigned_order
1666495819,110,state_change,BUSY,assigned_order
1666495819,1778,state_change,BUSY,assigned_order
1666495819,3933,state_change,BUSY,assigned_order
1666495819,656,state_change,BUSY,assigned_order
1666495819,1990,state_change,BUSY,assigned_order
1666495819,2210,state_change,BUSY,assigned_order
1666495819,1784,state_change,BUSY,assigned_order
1666495819,2144,state_change,BUSY,assigned_order
1666495819,4093,state_change,BUSY,assigned_order
1666495819,776,state_change,BUSY,assigned_order
1666495819,733,state_change,BUSY,assigned_order
1666495819,4775,state_change,BUSY,assigned_order
1666495819,228,state_change,BUSY,assigned_order
1666495819,2092,state_change,BUSY,assigned_order
1666495819,3259,state_change,BUSY,assigned_order
1666495819,1777,state_change,BUSY,assigned_order
1666495819,1694,state_change,BUSY,assigned_order
1666495819,1690,state_change,BUSY,assigned_order
1666495819,3751,state_change,BUSY,assigned_order
1666495819,1349,state_change,BUSY,assigned_order
1666495819,2919,state_change,BUSY,assigned_order
1666495819,1071,state_change,BUSY,assigned_order
1666495819,108,state_change,BUSY,assigned_order
1666495819,1752,state_change,BUSY,assigned_order
1666495819,231,state_change,BUSY,assigned_order
1666495819,4618,state_change,BUSY,assigned_order
1666495819,3959,state_change,BUSY,assigned_order
1666495819,3238,state_change,BUSY,assigned_order
1666495819,851,state_change,BUSY,assigned_order
1666495819,1781,state_change,BUSY,assigned_order
1666495819,3266,state_change,BUSY,assigned_order
1666495819,2423,state_change,BUSY,assigned_order
1666495819,1219,state_change,BUSY,assigned_order
1666495819,1255,state_change,BUSY,assigned_order
1666495819,2725,state_change,BUSY,assigned_order
1666495819,1225,state_change,BUSY,assigned_order
1666495819,1040,state_change,BUSY,assigned_order
1666495819,1831,state_change,BUSY,assigned_order
1666495819,3265,state_change,BUSY,assigned_order
1666495819,971,state_change,BUSY,assigned_order
1666495819,2782,state_change,BUSY,assigned_order
1666495819,3125,state_change,BUSY,assigned_order
1666495819,4292,state_change,BUSY,assigned_order
1666495819,286,state_change,BUSY,assigned_order
1666495819,1771,state_change,BUSY,assigned_order
1666495819,842,state_change,BUSY,assigned_order
1666495819,3923,state_change,BUSY,assigned_order
1666495819,455,state_change,BUSY,assigned_order
1666495819,372,state_change,BUSY,assigned_order
1666495819,3084,state_change,BUSY,assigned_order
1666495819,2797,state_change,BUSY,assigned_order
1666495819,2053,state_change,BUSY,assigned_order
1666495819,1478,state_change,BUSY,assigned_order
1666495819,2985,state_change,BUSY,assigned_order
1666495819,3737,state_change,BUSY,assigned_order
1666495819,1465,state_change,BUSY,assigned_order
1666495819,2771,state_change,BUSY,assigned_order
1666495819,658,state_change,BUSY,assigned_order
1666495819,4766,state_change,BUSY,assigned_order
1666495819,2497,state_change,BUSY,assigned_order
1666495819,1098,state_change,BUSY,assigned_order
1666495819,3003,state_change,BUSY,assigned_order
1666495819,1367,state_change,BUSY,assigned_order
1666495819,2282,state_change,BUSY,assigned_order
1666495819,3574,state_change,BUSY,assigned_order
1666495819,2666,state_change,BUSY,assigned_order
1666495819,4076,state_change,BUSY,assigned_order
1666495819,2773,state_change,BUSY,assigned_order
1666495819,4610,state_change,BUSY,assigned_order
1666495819,718,state_change,BUSY,assigned_order
1666495819,3555,state_change,BUSY,assigned_order
1666495819,1408,state_change,BUSY,assigned_order
1666495819,227,state_change,BUSY,assigned_order
1666495819,249,state_change,BUSY,assigned_order
1666495819,3170,state_change,BUSY,assigned_order
1666495819,2451,state_change,BUSY,assigned_order
1666495819,2188,state_change,BUSY,assigned_order
1666495819,4116,state_change,BUSY,assigned_order
1666495819,2079,state_change,BUSY,assigned_order
1666495819,990,state_change,BUSY,assigned_order
1666495819,927,state_change,BUSY,assigned_order
1666495819,2572,state_change,BUSY,assigned_order
1666495819,1520,state_change,BUSY,assigned_order
1666495819,2045,state_change,BUSY,assigned_order
1666495819,467,state_change,BUSY,assigned_order
1666495819,1546,state_change,BUSY,assigned_order
1666495819,3276,state_change,BUSY,assigned_order
1666495819,562,state_change,BUSY,assigned_order
1666495819,1658,state_change,BUSY,assigned_order
1666495819,1121,state_change,BUSY,assigned_order
1666495819,2182,state_change,BUSY,assigned_order
1666495819,184,state_change,BUSY,assigned_order
1666495819,3512,state_change,BUSY,assigned_order
1666495819,3009,state_change,BUSY,assigned_order
1666495819,825,state_change,BUSY,assigned_order
1666495819,2456,state_change,BUSY,assigned_order
1666495819,1443,state_change,BUSY,assigned_order
1666495819,2635,state_change,BUSY,assigned_order
1666495819,2512,state_change,BUSY,assigned_order
1666495819,253,state_change,BUSY,assigned_order
1666495819,111,state_change,BUSY,assigned_order
1666495819,2073,state_change,BUSY,assigned_order
1666495819,4183,state_change,BUSY,assigned_order
1666495819,575,state_change,BUSY,assigned_order
1666495819,1070,state_change,BUSY,assigned_order
1666495819,3876,state_change,BUSY,assigned_order
1666495819,2289,state_change,BUSY,assigned_order
1666495819,2735,state_change,BUSY,assigned_order
1666495819,514,state_change,BUSY,assigned_order
1666495819,4548,state_change,BUSY,assigned_order
1666495819,57,state_change,BUSY,assigned_order
1666495819,446,state_change,BUSY,assigned_order
1666495819,375,state_change,BUSY,assigned_order
1666495819,1203,state_change,BUSY,assigned_order
1666495819,1574,state_change,BUSY,assigned_order
1666495819,816,state_change,BUSY,assigned_order
1666495819,196,state_change,BUSY,assigned_order
1666495819,1499,state_change,BUSY,assigned_order
1666495819,238,state_change,BUSY,assigned_order
1666495819,1522,state_change,BUSY,assigned_order
1666495819,2554,state_change,BUSY,assigned_order
1666495819,1235,state_change,BUSY,assigned_order
1666495819,2658,state_change,BUSY,assigned_order
1666495819,2929,state_change,BUSY,assigned_order
1666495819,3279,state_change,BUSY,assigned_order
1666495819,2470,state_change,BUSY,assigned_order
1666495819,7,state_change,BUSY,assigned_order
1666495819,1318,state_change,BUSY,assigned_order
1666495819,2356,state_change,BUSY,assigned_order
1666495819,376,state_change,BUSY,assigned_order
1666495819,2931,state_change,BUSY,assigned_order
1666495819,2794,state_change,BUSY,assigned_order
1666495819,207,state_change,BUSY,assigned_order
1666495819,1149,state_change,BUSY,assigned_order
1666495819,920,state_change,BUSY,assigned_order
1666495819,1951,state_change,BUSY,assigned_order
1666495819,352,state_change,BUSY,assigned_order
1666495819,1698,state_change,BUSY,assigned_order
1666495819,3057,state_change,BUSY,assigned_order
1666495819,4123,state_change,BUSY,assigned_order
1666495819,4376,state_change,BUSY,assigned_order
1666495819,3336,state_change,BUSY,assigned_order
1666495819,2298,state_change,BUSY,assigned_order
1666495819,1500,state_change,BUSY,assigned_order
1666495819,1938,state_change,BUSY,assigned_order
1666495819,670,state_change,BUSY,assigned_order
1666495819,138,state_change,BUSY,assigned_order
1666495819,2609,state_change,BUSY,assigned_order
1666495819,3115,state_change,BUSY,assigned_order
1666495819,2202,state_change,BUSY,assigned_order
1666495819,1351,state_change,BUSY,assigned_order
1666495819,2965,state_change,BUSY,assigned_order
1666495819,129,state_change,BUSY,assigned_order
1666495819,4485,state_change,BUSY,assigned_order
1666495819,1623,state_change,BUSY,assigned_order
1666495819,3822,state_change,BUSY,assigned_order
1666495819,1435,state_change,BUSY,assigned_order
1666495819,1722,state_change,BUSY,assigned_order
1666495819,3714,state_change,BUSY,assigned_order
1666495819,3979,state_change,BUSY,assigned_order
1666495819,1708,state_change,BUSY,assigned_order
1666495819,815,state_change,BUSY,assigned_order
1666495819,4276,state_change,BUSY,assigned_order
1666495819,210,state_change,BUSY,assigned_order
1666495819,2117,state_change,BUSY,assigned_order
1666495819,1421,state_change,BUSY,assigned_order
1666495819,1080,state_change,BUSY,assigned_order
1666495819,378,state_change,BUSY,assigned_order
1666495819,585,state_change,BUSY,assigned_order
1666495819,781,state_change,BUSY,assigned_order
1666495819,1078,state_change,BUSY,assigned_order
1666495819,1166,state_change,BUSY,assigned_order
1666495819,69,state_change,BUSY,assigned_order
1666495819,2737,state_change,BUSY,assigned_order
1666495819,1629,state_change,BUSY,assigned_order
1666495819,3715,state_change,BUSY,assigned_order
1666495819,2556,state_change,BUSY,assigned_order
1666495819,1339,state_change,BUSY,assigned_order
1666495819,628,state_change,BUSY,assigned_order
1666495819,2678,state_change,BUSY,assigned_order
1666495819,551,state_change,BUSY,assigned_order
1666495819,3431,state_change,BUSY,assigned_order
1666495819,131,state_change,BUSY,assigned_order
1666495819,1288,state_change,BUSY,assigned_order
1666495819,2004,state_change,BUSY,assigned_order
1666495819,2631,state_change,BUSY,assigned_order
1666495819,1441,state_change,BUSY,assigned_order
1666495819,4725,state_change,BUSY,assigned_order
1666495819,1183,state_change,BUSY,assigned_order
1666495819,802,state_change,BUSY,assigned_order
1666495819,3099,state_change,BUSY,assigned_order
1666495819,2478,state_change,BUSY,assigned_order
1666495819,535,state_change,BUSY,assigned_order
1666495819,1091,state_change,BUSY,assigned_order
1666495819,168,state_change,BUSY,assigned_order
1666495819,2522,state_change,BUSY,assigned_order
1666495819,798,state_change,BUSY,assigned_order
1666495819,2968,state_change,BUSY,assigned_order
1666495819,1310,state_change,BUSY,assigned_order
1666495819,2161,state_change,BUSY,assigned_order
1666495819,2078,state_change,BUSY,assigned_order
1666495819,1460,state_change,BUSY,assigned_order
1666495819,1366,state_change,BUSY,assigned_order
1666495819,2159,state_change,BUSY,assigned_order
1666495819,903,state_change,BUSY,assigned_order
1666495819,2236,state_change,BUSY,assigned_order
1666495819,2854,state_change,BUSY,assigned_order
1666495819,3456,state_change,BUSY,assigned_order
1666495819,891,state_change,BUSY,assigned_order
1666495819,1137,state_change,BUSY,assigned_order
1666495819,1068,state_change,BUSY,assigned_order
1666495819,2611,state_change,BUSY,assigned_order
1666495819,618,state_change,BUSY,assigned_order
1666495819,71,state_change,BUSY,assigned_order
1666495819,343,state_change,BUSY,assigned_order
1666495819,2392,state_change,BUSY,assigned_order
1666495819,1262,state_change,BUSY,assigned_order
1666495819,4194,state_change,BUSY,assigned_order
1666495819,174,state_change,BUSY,assigned_order
1666495819,68,state_change,BUSY,assigned_order
1666495819,3006,state_change,BUSY,assigned_order
1666495819,3589,state_change,BUSY,assigned_order
1666495819,533,state_change,BUSY,assigned_order
1666495819,1693,state_change,BUSY,assigned_order
1666495819,3350,state_change,BUSY,assigned_order
1666495819,2563,state_change,BUSY,assigned_order
1666495819,1875,state_change,BUSY,assigned_order
1666495819,3874,state_change,BUSY,assigned_order
1666495819,1742,state_change,BUSY,assigned_order
1666495819,1867,state_change,BUSY,assigned_order
1666495819,1712,state_change,BUSY,assigned_order
1666495819,30,state_change,BUSY,assigned_order
1666495819,36,state_change,BUSY,assigned_order
1666495819,1493,state_change,BUSY,assigned_order
1666495819,897,state_change,BUSY,assigned_order
1666495819,447,state_change,BUSY,assigned_order
1666495819,406,state_change,BUSY,assigned_order
1666495819,2024,state_change,BUSY,assigned_order
1666495819,997,state_change,BUSY,assigned_order
1666495819,319,state_change,BUSY,assigned_order
1666495819,621,state_change,BUSY,assigned_order
1666495819,1577,state_change,BUSY,assigned_order
1666495819,2814,state_change,BUSY,assigned_order
1666495819,4803,state_change,BUSY,assigned_order
1666495819,1646,state_change,BUSY,assigned_order
1666495819,1540,state_change,BUSY,assigned_order
1666495819,755,state_change,BUSY,assigned_order
1666495819,3406,state_change,BUSY,assigned_order
1666495819,2759,state_change,BUSY,assigned_order
1666495819,258,state_change,BUSY,assigned_order
1666495819,3635,state_change,BUSY,assigned_order
1666495819,4410,state_change,BUSY,assigned_order
1666495819,127,state_change,BUSY,assigned_order
1666495819,2498,state_change,BUSY,assigned_order
1666495819,715,state_change,BUSY,assigned_order
1666495819,1494,state_change,BUSY,assigned_order
1666495819,3726,state_change,BUSY,assigned_order
1666495819,3122,state_change,BUSY,assigned_order
1666495819,2109,state_change,BUSY,assigned_order
1666495819,2481,state_change,BUSY,assigned_order
1666495819,1653,state_change,BUSY,assigned_order
1666495819,105,state_change,BUSY,assigned_order
1666495819,3898,state_change,BUSY,assigned_order
1666495819,3801,state_change,BUSY,assigned_order
1666495819,545,state_change,BUSY,assigned_order
1666495819,2312,state_change,BUSY,assigned_order
1666495819,3196,state_change,BUSY,assigned_order
1666495819,2155,state_change,BUSY,assigned_order
1666495819,970,state_change,BUSY,assigned_order
1666495819,2462,state_change,BUSY,assigned_order
1666495819,934,state_change,BUSY,assigned_order
1666495819,1214,state_change,BUSY,assigned_order
1666495819,1160,state_change,BUSY,assigned_order
1666495819,687,state_change,BUSY,assigned_order
1666495819,2850,state_change,BUSY,assigned_order
1666495819,951,state_change,BUSY,assigned_order
1666495819,2323,state_change,BUSY,assigned_order
1666495819,1237,state_change,BUSY,assigned_order
1666495819,3444,state_change,BUSY,assigned_order
1666495819,1283,state_change,BUSY,assigned_order
1666495819,3592,state_change,BUSY,assigned_order
1666495819,1169,state_change,BUSY,assigned_order
1666495819,2270,state_change,BUSY,assigned_order
1666495819,3,state_change,BUSY,assigned_order
1666495819,3139,state_change,BUSY,assigned_order
1666495819,1134,state_change,BUSY,assigned_order
1666495819,53,state_change,BUSY,assigned_order
1666495819,438,state_change,BUSY,assigned_order
1666495819,1731,state_change,BUSY,assigned_order
1666495819,721,state_change,BUSY,assigned_order
1666495819,777,state_change,BUSY,assigned_order
1666495819,1877,state_change,BUSY,assigned_order
1666495819,1514,state_change,BUSY,assigned_order
1666495819,224,state_change,BUSY,assigned_order
1666495819,1921,state_change,BUSY,assigned_order
1666495819,4702,state_change,BUSY,assigned_order
1666495819,1497,state_change,BUSY,assigned_order
1666495819,740,state_change,BUSY,assigned_order
1666495819,3815,state_change,BUSY,assigned_order
1666495819,1257,state_change,BUSY,assigned_order
1666495819,1136,state_change,BUSY,assigned_order
1666495819,3754,state_change,BUSY,assigned_order
1666495819,1622,state_change,BUSY,assigned_order
1666495819,513,state_change,BUSY,assigned_order
1666495819,827,state_change,BUSY,assigned_order
1666495819,1716,state_change,BUSY,assigned_order
1666495819,867,state_change,BUSY,assigned_order
1666495819,4146,state_change,BUSY,assigned_order
1666495819,4078,state_change,BUSY,assigned_order
1666495819,2791,state_change,BUSY,assigned_order
1666495819,1463,state_change,BUSY,assigned_order
1666495819,662,state_change,BUSY,assigned_order
1666495819,1663,state_change,BUSY,assigned_order
1666495819,2989,state_change,BUSY,assigned_order
1666495819,1999,state_change,BUSY,assigned_order
1666495819,2897,state_change,BUSY,assigned_order
1666495819,2507,state_change,BUSY,assigned_order
1666495819,4360,state_change,BUSY,assigned_order
1666495819,2005,state_change,BUSY,assigned_order
1666495819,1287,state_change,BUSY,assigned_order
1666495819,462,state_change,BUSY,assigned_order
1666495819,2411,state_change,BUSY,assigned_order
1666495819,3430,state_change,BUSY,assigned_order
1666495819,2424,state_change,BUSY,assigned_order
1666495819,2905,state_change,BUSY,assigned_order
1666495819,3244,state_change,BUSY,assigned_order
1666495819,999,state_change,BUSY,assigned_order
1666495819,292,state_change,BUSY,assigned_order
1666495819,3158,state_change,BUSY,assigned_order
1666495819,1385,state_change,BUSY,assigned_order
1666495819,1122,state_change,BUSY,assigned_order
1666495819,4135,state_change,BUSY,assigned_order
1666495819,4557,state_change,BUSY,assigned_order
1666495819,2165,state_change,BUSY,assigned_order
1666495819,1236,state_change,BUSY,assigned_order
1666495819,52,state_change,BUSY,assigned_order
1666495819,599,state_change,BUSY,assigned_order
1666495819,132,state_change,BUSY,assigned_order
1666495819,4091,state_change,BUSY,assigned_order
1666495819,1247,state_change,BUSY,assigned_order
1666495819,4237,state_change,BUSY,assigned_order
1666495819,1975,state_change,BUSY,assigned_order
1666495819,1114,state_change,BUSY,assigned_order
1666495819,3190,state_change,BUSY,assigned_order
1666495819,2081,state_change,BUSY,assigned_order
1666495819,2487,state_change,BUSY,assigned_order
1666495819,2701,state_change,BUSY,assigned_order
1666495819,2241,state_change,BUSY,assigned_order
1666495819,27,state_change,BUSY,assigned_order
1666495819,993,state_change,BUSY,assigned_order
1666495819,1003,state_change,BUSY,assigned_order
1666495819,1786,state_change,BUSY,assigned_order
1666495819,3225,state_change,BUSY,assigned_order
1666495819,3565,state_change,BUSY,assigned_order
1666495819,1724,state_change,BUSY,assigned_order
1666495819,395,state_change,BUSY,assigned_order
1666495819,689,state_change,BUSY,assigned_order
1666495819,4728,state_change,BUSY,assigned_order
1666495819,40,state_change,BUSY,assigned_order
1666495819,518,state_change,BUSY,assigned_order
1666495819,2304,state_change,BUSY,assigned_order
1666495819,3652,state_change,BUSY,assigned_order
1666495819,1299,state_change,BUSY,assigned_order
1666495819,1454,state_change,BUSY,assigned_order
1666495819,3113,state_change,BUSY,assigned_order
1666495819,1355,state_change,BUSY,assigned_order
1666495819,1920,state_change,BUSY,assigned_order
1666495819,463,state_change,BUSY,assigned_order
1666495819,4179,state_change,BUSY,assigned_order
1666495819,3380,state_change,BUSY,assigned_order
1666495819,2806,state_change,BUSY,assigned_order
1666495819,1187,state_change,BUSY,assigned_order
1666495819,271,state_change,BUSY,assigned_order
1666495819,1239,state_change,BUSY,assigned_order
1666495819,2299,state_change,BUSY,assigned_order
1666495819,822,state_change,BUSY,assigned_order
1666495819,960,state_change,BUSY,assigned_order
1666495819,3128,state_change,BUSY,assigned_order
1666495819,1104,state_change,BUSY,assigned_order
1666495819,1822,state_change,BUSY,assigned_order
1666495819,500,state_change,BUSY,assigned_order
1666495819,3873,state_change,BUSY,assigned_order
1666495819,269,state_change,BUSY,assigned_order
1666495819,2160,state_change,BUSY,assigned_order
1666495819,3206,state_change,BUSY,assigned_order
1666495819,1683,state_change,BUSY,assigned_order
1666495819,3163,state_change,BUSY,assigned_order
1666495819,289,state_change,BUSY,assigned_order
1666495819,3337,state_change,BUSY,assigned_order
1666495819,801,state_change,BUSY,assigned_order
1666495819,2886,state_change,BUSY,assigned_order
1666495819,457,state_change,BUSY,assigned_order
1666495819,2513,state_change,BUSY,assigned_order
1666495819,2264,state_change,BUSY,assigned_order
1666495819,421,state_change,BUSY,assigned_order
1666495819,2684,state_change,BUSY,assigned_order
1666495819,66,state_change,BUSY,assigned_order
1666495819,1132,state_change,BUSY,assigned_order
1666495819,2118,state_change,BUSY,assigned_order
1666495819,2193,state_change,BUSY,assigned_order
1666495819,320,state_change,BUSY,assigned_order
1666495819,1229,state_change,BUSY,assigned_order
1666495819,3435,state_change,BUSY,assigned_order
1666495819,552,state_change,BUSY,assigned_order
1666495819,517,state_change,BUSY,assigned_order
1666495819,4298,state_change,BUSY,assigned_order
1666495819,3185,state_change,BUSY,assigned_order
1666495819,266,state_change,BUSY,assigned_order
1666495819,859,state_change,BUSY,assigned_order
1666495819,219,state_change,BUSY,assigned_order
1666495819,1475,state_change,BUSY,assigned_order
1666495819,1249,state_change,BUSY,assigned_order
1666495819,548,state_change,BUSY,assigned_order
1666495819,3824,state_change,BUSY,assigned_order
1666495819,3305,state_change,BUSY,assigned_order
1666495819,804,state_change,BUSY,assigned_order
1666495819,937,state_change,BUSY,assigned_order
1666495819,555,state_change,BUSY,assigned_order
1666495819,4115,state_change,BUSY,assigned_order
1666495819,2947,state_change,BUSY,assigned_order
1666495819,3541,state_change,BUSY,assigned_order
1666495819,1358,state_change,BUSY,assigned_order
1666495819,1909,state_change,BUSY,assigned_order
1666495819,1862,state_change,BUSY,assigned_order
1666495819,136,state_change,BUSY,assigned_order
1666495819,331,state_change,BUSY,assigned_order
1666495819,2434,state_change,BUSY,assigned_order
1666495819,1164,state_change,BUSY,assigned_order
1666495819,1336,state_change,BUSY,assigned_order
1666495819,1467,state_change,BUSY,assigned_order
1666495819,148,state_change,BUSY,assigned_order
1666495819,3247,state_change,BUSY,assigned_order
1666495819,4584,state_change,BUSY,assigned_order
1666495819,41,state_change,BUSY,assigned_order
1666495819,1682,state_change,BUSY,assigned_order
1666495819,3774,state_change,BUSY,assigned_order
1666495819,3024,state_change,BUSY,assigned_order
1666495819,1248,state_change,BUSY,assigned_order
1666495819,1675,state_change,BUSY,assigned_order
1666495819,1989,state_change,BUSY,assigned_order
1666495819,928,state_change,BUSY,assigned_order
1666495819,3162,state_change,BUSY,assigned_order
1666495819,1802,state_change,BUSY,assigned_order
1666495819,3181,state_change,BUSY,assigned_order
1666495819,33,state_change,BUSY,assigned_order
1666495819,554,state_change,BUSY,assigned_order
1666495819,877,state_change,BUSY,assigned_order
1666495819,2672,state_change,BUSY,assigned_order
1666495819,3107,state_change,BUSY,assigned_order
1666495819,3725,state_change,BUSY,assigned_order
1666495819,3029,state_change,BUSY,assigned_order
1666495819,1175,state_change,BUSY,assigned_order
1666495819,4406,state_change,BUSY,assigned_order
1666495819,2396,state_change,BUSY,assigned_order
1666495819,1400,state_change,BUSY,assigned_order
1666495819,1544,state_change,BUSY,assigned_order
1666495819,3452,state_change,BUSY,assigned_order
1666495819,426,state_change,BUSY,assigned_order
1666495819,728,state_change,BUSY,assigned_order
1666495819,3150,state_change,BUSY,assigned_order
1666495819,432,state_change,BUSY,assigned_order
1666495819,4281,state_change,BUSY,assigned_order
1666495819,1425,state_change,BUSY,assigned_order
1666495819,3004,state_change,BUSY,assigned_order
1666495819,1238,state_change,BUSY,assigned_order
1666495819,3402,state_change,BUSY,assigned_order
1666495819,2326,state_change,BUSY,assigned_order
1666495819,1531,state_change,BUSY,assigned_order
1666495819,1196,state_change,BUSY,assigned_order
1666495819,1974,state_change,BUSY,assigned_order
1666495819,2055,state_change,BUSY,assigned_order
1666495819,3568,state_change,BUSY,assigned_order
1666495819,2104,state_change,BUSY,assigned_order
1666495819,4248,state_change,BUSY,assigned_order
1666495819,2259,state_change,BUSY,assigned_order
1666495819,3239,state_change,BUSY,assigned_order
1666495819,1489,state_change,BUSY,assigned_order
1666495819,142,state_change,BUSY,assigned_order
1666495819,3649,state_change,BUSY,assigned_order
1666495819,46,state_change,BUSY,assigned_order
1666495819,789,state_change,BUSY,assigned_order
1666495819,2362,state_change,BUSY,assigned_order
1666495819,384,state_change,BUSY,assigned_order
1666495819,4609,state_change,BUSY,assigned_order
1666495819,2912,state_change,BUSY,assigned_order
1666495819,431,state_change,BUSY,assigned_order
1666495819,4307,state_change,BUSY,assigned_order
1666495819,2496,state_change,BUSY,assigned_order
1666495819,1641,state_change,BUSY,assigned_order
1666495819,3167,state_change,BUSY,assigned_order
1666495819,3777,state_change,BUSY,assigned_order
1666495819,1685,state_change,BUSY,assigned_order
1666495819,1379,state_change,BUSY,assigned_order
1666495819,614,state_change,BUSY,assigned_order
1666495819,961,state_change,BUSY,assigned_order
1666495819,173,state_change,BUSY,assigned_order
1666495819,3326,state_change,BUSY,assigned_order
1666495819,4386,state_change,BUSY,assigned_order
1666495819,1926,state_change,BUSY,assigned_order
1666495819,281,state_change,BUSY,assigned_order
1666495819,2616,state_change,BUSY,assigned_order
1666495819,2043,state_change,BUSY,assigned_order
1666495819,472,state_change,BUSY,assigned_order
1666495819,1728,state_change,BUSY,assigned_order
1666495819,56,state_change,BUSY,assigned_order
1666495819,2268,state_change,BUSY,assigned_order
1666495819,3608,state_change,BUSY,assigned_order
1666495819,3552,state_change,BUSY,assigned_order
1666495819,3370,state_change,BUSY,assigned_order
1666495819,4333,state_change,BUSY,assigned_order
1666495819,2994,state_change,BUSY,assigned_order
1666495819,3949,state_change,BUSY,assigned_order
1666495819,1846,state_change,BUSY,assigned_order
1666495819,541,state_change,BUSY,assigned_order
1666495819,2677,state_change,BUSY,assigned_order
1666495819,4190,state_change,BUSY,assigned_order
1666495819,134,state_change,BUSY,assigned_order
1666495819,1085,state_change,BUSY,assigned_order
1666495819,2300,state_change,BUSY,assigned_order
1666495819,2476,state_change,BUSY,assigned_order
1666495819,1672,state_change,BUSY,assigned_order
1666495819,2022,state_change,BUSY,assigned_order
1666495819,1296,state_change,BUSY,assigned_order
1666495819,1053,state_change,BUSY,assigned_order
1666495819,4351,state_change,BUSY,assigned_order
1666495819,3427,state_change,BUSY,assigned_order
1666495819,2860,state_change,BUSY,assigned_order
1666495819,2407,state_change,BUSY,assigned_order
1666495819,2198,state_change,BUSY,assigned_order
1666495819,116,state_change,BUSY,assigned_order
1666495819,2907,state_change,BUSY,assigned_order
1666495819,3697,state_change,BUSY,assigned_order
1666495819,1359,state_change,BUSY,assigned_order
1666495819,139,state_change,BUSY,assigned_order
1666495819,699,state_change,BUSY,assigned_order
1666495819,2303,state_change,BUSY,assigned_order
1666495819,2534,state_change,BUSY,assigned_order
1666495819,2663,state_change,BUSY,assigned_order
1666495819,4629,state_change,BUSY,assigned_order
1666495819,4736,state_change,BUSY,assigned_order
1666495819,747,state_change,BUSY,assigned_order
1666495819,4465,state_change,BUSY,assigned_order
1666495819,4163,state_change,BUSY,assigned_order
1666495819,707,state_change,BUSY,assigned_order
1666495819,1937,state_change,BUSY,assigned_order
1666495819,4716,state_change,BUSY,assigned_order
1666495819,2051,state_change,BUSY,assigned_order
1666495819,358,state_change,BUSY,assigned_order
1666495819,117,state_change,BUSY,assigned_order
1666495819,3188,state_change,BUSY,assigned_order
1666495819,1501,state_change,BUSY,assigned_order
1666495819,3076,state_change,BUSY,assigned_order
1666495819,2261,state_change,BUSY,assigned_order
1666495819,2433,state_change,BUSY,assigned_order
1666495819,1422,state_change,BUSY,assigned_order
1666495819,3618,state_change,BUSY,assigned_order
1666495819,2125,state_change,BUSY,assigned_order
1666495819,4680,state_change,BUSY,assigned_order
1666495819,1143,state_change,BUSY,assigned_order
1666495819,2219,state_change,BUSY,assigned_order
1666495819,956,state_change,BUSY,assigned_order
1666495819,2149,state_change,BUSY,assigned_order
1666495819,2614,state_change,BUSY,assigned_order
1666495819,1117,state_change,BUSY,assigned_order
1666495819,4595,state_change,BUSY,assigned_order
1666495819,3904,state_change,BUSY,assigned_order
1666495819,356,state_change,BUSY,assigned_order
1666495819,523,state_change,BUSY,assigned_order
1666495819,2610,state_change,BUSY,assigned_order
1666495819,1014,state_change,BUSY,assigned_order
1666495819,4053,state_change,BUSY,assigned_order
1666495819,216,state_change,BUSY,assigned_order
1666495819,1102,state_change,BUSY,assigned_order
1666495819,2278,state_change,BUSY,assigned_order
1666495819,828,state_change,BUSY,assigned_order
1666495819,2015,state_change,BUSY,assigned_order
1666495819,1087,state_change,BUSY,assigned_order
1666495819,1602,state_change,BUSY,assigned_order
1666495819,4430,state_change,BUSY,assigned_order
1666495819,4407,state_change,BUSY,assigned_order
1666495819,4188,state_change,BUSY,assigned_order
1666495819,915,state_change,BUSY,assigned_order
1666495819,958,state_change,BUSY,assigned_order
1666495819,863,state_change,BUSY,assigned_order
1666495819,866,state_change,BUSY,assigned_order
1666495819,1444,state_change,BUSY,assigned_order
1666495819,4843,state_change,BUSY,assigned_order
1666495819,279,state_change,BUSY,assigned_order
1666495819,3930,state_change,BUSY,assigned_order
1666495819,2571,state_change,BUSY,assigned_order
1666495819,1342,state_change,BUSY,assigned_order
1666495819,1185,state_change,BUSY,assigned_order
1666495819,984,state_change,BUSY,assigned_order
1666495819,2137,state_change,BUSY,assigned_order
1666495819,2135,state_change,BUSY,assigned_order
1666495819,2153,state_change,BUSY,assigned_order
1666495819,931,state_change,BUSY,assigned_order
1666495819,3485,state_change,BUSY,assigned_order
1666495819,884,state_change,BUSY,assigned_order
1666495819,2441,state_change,BUSY,assigned_order
1666495819,3803,state_change,BUSY,assigned_order
1666495819,4139,state_change,BUSY,assigned_order
1666495819,3282,state_change,BUSY,assigned_order
1666495819,3947,state_change,BUSY,assigned_order
1666495819,1785,state_change,BUSY,assigned_order
1666495819,530,state_change,BUSY,assigned_order
1666495819,1976,state_change,BUSY,assigned_order
1666495819,1215,state_change,BUSY,assigned_order
1666495819,2835,state_change,BUSY,assigned_order
1666495819,734,state_change,BUSY,assigned_order
1666495819,3246,state_change,BUSY,assigned_order
1666495819,1311,state_change,BUSY,assigned_order
1666495819,2449,state_change,BUSY,assigned_order
1666495819,1404,state_change,BUSY,assigned_order
1666495819,2151,state_change,BUSY,assigned_order
1666495819,2747,state_change,BUSY,assigned_order
1666495819,125,state_change,BUSY,assigned_order
1666495819,711,state_change,BUSY,assigned_order
1666495819,586,state_change,BUSY,assigned_order
1666495819,4652,state_change,BUSY,assigned_order
1666495819,925,state_change,BUSY,assigned_order
1666495819,4019,state_change,BUSY,assigned_order
1666495819,3503,state_change,BUSY,assigned_order
1666495819,3546,state_change,BUSY,assigned_order
1666495819,448,state_change,BUSY,assigned_order
1666495819,3474,state_change,BUSY,assigned_order
1666495819,943,state_change,BUSY,assigned_order
1666495819,3692,state_change,BUSY,assigned_order
1666495819,2162,state_change,BUSY,assigned_order
1666495819,313,state_change,BUSY,assigned_order
1666495819,2894,state_change,BUSY,assigned_order
1666495819,2981,state_change,BUSY,assigned_order
1666495819,2829,state_change,BUSY,assigned_order
1666495819,493,state_change,BUSY,assigned_order
1666495819,294,state_change,BUSY,assigned_order
1666495819,2063,state_change,BUSY,assigned_order
1666495819,4012,state_change,BUSY,assigned_order
1666495819,4217,state_change,BUSY,assigned_order
1666495819,234,state_change,BUSY,assigned_order
1666495819,2962,state_change,BUSY,assigned_order
1666495819,4007,state_change,BUSY,assigned_order
1666495819,524,state_change,BUSY,assigned_order
1666495819,1889,state_change,BUSY,assigned_order
1666495819,1285,state_change,BUSY,assigned_order
1666495819,450,state_change,BUSY,assigned_order
1666495819,287,state_change,BUSY,assigned_order
1666495819,4283,state_change,BUSY,assigned_order
1666495819,1016,state_change,BUSY,assigned_order
1666495819,3229,state_change,BUSY,assigned_order
1666495819,4405,state_change,BUSY,assigned_order
1666495819,2740,state_change,BUSY,assigned_order
1666495819,2629,state_change,BUSY,assigned_order
1666495819,3869,state_change,BUSY,assigned_order
1666495819,1250,state_change,BUSY,assigned_order
1666495819,3784,state_change,BUSY,assigned_order
1666495819,237,state_change,BUSY,assigned_order
1666495819,2097,state_change,BUSY,assigned_order
1666495819,1167,state_change,BUSY,assigned_order
1666495819,2320,state_change,BUSY,assigned_order
1666495819,4498,state_change,BUSY,assigned_order
1666495819,638,state_change,BUSY,assigned_order
1666495819,2280,state_change,BUSY,assigned_order
1666495819,1585,state_change,BUSY,assigned_order
1666495819,38,state_change,BUSY,assigned_order
1666495819,912,state_change,BUSY,assigned_order
1666495819,2531,state_change,BUSY,assigned_order
1666495819,1518,state_change,BUSY,assigned_order
1666495819,2220,state_change,BUSY,assigned_order
1666495819,3899,state_change,BUSY,assigned_order
1666495819,368,state_change,BUSY,assigned_order
1666495819,225,state_change,BUSY,assigned_order
1666495819,1616,state_change,BUSY,assigned_order
1666495819,2134,state_change,BUSY,assigned_order
1666495819,2807,state_change,BUSY,assigned_order
1666495819,4176,state_change,BUSY,assigned_order
1666495819,3921,state_change,BUSY,assigned_order
1666495819,4501,state_change,BUSY,assigned_order
1666495819,701,state_change,BUSY,assigned_order
1666495819,651,state_change,BUSY,assigned_order
1666495819,1901,state_change,BUSY,assigned_order
1666495819,753,state_change,BUSY,assigned_order
1666495819,422,state_change,BUSY,assigned_order
1666495819,1272,state_change,BUSY,assigned_order
1666495819,20,state_change,BUSY,assigned_order
1666495819,1704,state_change,BUSY,assigned_order
1666495819,2938,state_change,BUSY,assigned_order
1666495819,681,state_change,BUSY,assigned_order
1666495819,675,state_change,BUSY,assigned_order
1666495819,1180,state_change,BUSY,assigned_order
1666495819,2082,state_change,BUSY,assigned_order
1666495819,3159,state_change,BUSY,assigned_order
1666495819,3757,state_change,BUSY,assigned_order
1666495819,1660,state_change,BUSY,assigned_order
1666495819,4221,state_change,BUSY,assigned_order
1666495819,2682,state_change,BUSY,assigned_order
1666495819,371,state_change,BUSY,assigned_order
1666495819,1271,state_change,BUSY,assigned_order
1666495819,478,state_change,BUSY,assigned_order
1666495819,3322,state_change,BUSY,assigned_order
1666495819,631,state_change,BUSY,assigned_order
1666495819,2243,state_change,BUSY,assigned_order
1666495819,22,state_change,BUSY,assigned_order
1666495819,1263,state_change,BUSY,assigned_order
1666495819,2620,state_change,BUSY,assigned_order
1666495819,180,state_change,BUSY,assigned_order
1666495819,2714,state_change,BUSY,assigned_order
1666495819,2604,state_change,BUSY,assigned_order
1666495819,3695,state_change,BUSY,assigned_order
1666495819,490,state_change,BUSY,assigned_order
1666495819,2538,state_change,BUSY,assigned_order
1666495819,120,state_change,BUSY,assigned_order
1666495819,2269,state_change,BUSY,assigned_order
1666495819,694,state_change,BUSY,assigned_order
1666495819,557,state_change,BUSY,assigned_order
1666495819,4866,state_change,BUSY,assigned_order
1666495819,2047,state_change,BUSY,assigned_order
1666495819,3833,state_change,BUSY,assigned_order
1666495819,741,state_change,BUSY,assigned_order
1666495819,613,state_change,BUSY,assigned_order
1666495819,1556,state_change,BUSY,assigned_order
1666495819,3373,state_change,BUSY,assigned_order
1666495819,1844,state_change,BUSY,assigned_order
1666495819,1765,state_change,BUSY,assigned_order
1666495819,3382,state_change,BUSY,assigned_order
1666495819,4031,state_change,BUSY,assigned_order
1666495819,2457,state_change,BUSY,assigned_order
1666495819,688,state_change,BUSY,assigned_order
1666495819,1184,state_change,BUSY,assigned_order
1666495819,1897,state_change,BUSY,assigned_order
1666495819,1354,state_change,BUSY,assigned_order
1666495819,1245,state_change,BUSY,assigned_order
1666495819,2891,state_change,BUSY,assigned_order
1666495819,3768,state_change,BUSY,assigned_order
1666495819,4242,state_change,BUSY,assigned_order
1666495819,4233,state_change,BUSY,assigned_order
1666495819,1286,state_change,BUSY,assigned_order
1666495819,1452,state_change,BUSY,assigned_order
1666495819,1703,state_change,BUSY,assigned_order
1666495819,2181,state_change,BUSY,assigned_order
1666495819,2822,state_change,BUSY,assigned_order
1666495819,2549,state_change,BUSY,assigned_order
1666495819,3296,state_change,BUSY,assigned_order
1666495819,2141,state_change,BUSY,assigned_order
1666495819,373,state_change,BUSY,assigned_order
1666495819,1113,state_change,BUSY,assigned_order
1666495819,4186,state_change,BUSY,assigned_order
1666495819,1069,state_change,BUSY,assigned_order
1666495819,483,state_change,BUSY,assigned_order
1666495819,2869,state_change,BUSY,assigned_order
1666495819,4709,state_change,BUSY,assigned_order
1666495819,3965,state_change,BUSY,assigned_order
1666495819,3308,state_change,BUSY,assigned_order
1666495819,1240,state_change,BUSY,assigned_order
1666495819,785,state_change,BUSY,assigned_order
1666495819,1241,state_change,BUSY,assigned_order
1666495819,3679,state_change,BUSY,assigned_order
1666495819,1356,state_change,BUSY,assigned_order
1666495819,4856,state_change,BUSY,assigned_order
1666495819,2180,state_change,BUSY,assigned_order
1666495819,4539,state_change,BUSY,assigned_order
1666495819,2893,state_change,BUSY,assigned_order
1666495819,516,state_change,BUSY,assigned_order
1666495819,2751,state_change,BUSY,assigned_order
1666495819,2337,state_change,BUSY,assigned_order
1666495819,3830,state_change,BUSY,assigned_order
1666495819,335,state_change,BUSY,assigned_order
1666495819,600,state_change,BUSY,assigned_order
1666495819,3968,state_change,BUSY,assigned_order
1666495819,484,state_change,BUSY,assigned_order
1666495819,64,state_change,BUSY,assigned_order
1666495819,3221,state_change,BUSY,assigned_order
1666495819,2003,state_change,BUSY,assigned_order
1666495819,3881,state_change,BUSY,assigned_order
1666495819,3995,state_change,BUSY,assigned_order
1666495819,4096,state_change,BUSY,assigned_order
1666495819,2463,state_change,BUSY,assigned_order
1666495819,4127,state_change,BUSY,assigned_order
1666495819,4468,state_change,BUSY,assigned_order
1666495819,415,state_change,BUSY,assigned_order
1666495819,3516,state_change,BUSY,assigned_order
1666495819,430,state_change,BUSY,assigned_order
1666495819,3058,state_change,BUSY,assigned_order
1666495819,318,state_change,BUSY,assigned_order
1666495819,940,state_change,BUSY,assigned_order
1666495819,2804,state_change,BUSY,assigned_order
1666495819,636,state_change,BUSY,assigned_order
1666495819,748,state_change,BUSY,assigned_order
1666495819,3354,state_change,BUSY,assigned_order
1666495819,2664,state_change,BUSY,assigned_order
1666495819,48,state_change,BUSY,assigned_order
1666495819,2042,state_change,BUSY,assigned_order
1666495819,2218,state_change,BUSY,assigned_order
1666495819,3360,state_change,BUSY,assigned_order
1666495819,2862,state_change,BUSY,assigned_order
1666495819,3886,state_change,BUSY,assigned_order
1666495819,296,state_change,BUSY,assigned_order
1666495819,1599,state_change,BUSY,assigned_order
1666495819,1930,state_change,BUSY,assigned_order
1666495819,2060,state_change,BUSY,assigned_order
1666495819,3637,state_change,BUSY,assigned_order
1666495819,1915,state_change,BUSY,assigned_order
1666495819,3713,state_change,BUSY,assigned_order
1666495819,1852,state_change,BUSY,assigned_order
1666495819,2820,state_change,BUSY,assigned_order
1666495819,2686,state_change,BUSY,assigned_order
1666495819,3089,state_change,BUSY,assigned_order
1666495819,232,state_change,BUSY,assigned_order
1666495819,1986,state_change,BUSY,assigned_order
1666495819,1948,state_change,BUSY,assigned_order
1666495819,4687,state_change,BUSY,assigned_order
1666495819,4044,state_change,BUSY,assigned_order
1666495819,1173,state_change,BUSY,assigned_order
1666495819,4707,state_change,BUSY,assigned_order
1666495819,2674,state_change,BUSY,assigned_order
1666495819,3275,state_change,BUSY,assigned_order
1666495819,1159,state_change,BUSY,assigned_order
1666495819,593,state_change,BUSY,assigned_order
1666495819,364,state_change,BUSY,assigned_order
1666495819,2493,state_change,BUSY,assigned_order
1666495819,634,state_change,BUSY,assigned_order
1666495819,1783,state_change,BUSY,assigned_order
1666495819,542,state_change,BUSY,assigned_order
1666495819,3937,state_change,BUSY,assigned_order
1666495819,2691,state_change,BUSY,assigned_order
1666495819,3523,state_change,BUSY,assigned_order
1666495819,1126,state_change,BUSY,assigned_order
1666495819,2598,state_change,BUSY,assigned_order
1666495819,2562,state_change,BUSY,assigned_order
1666495819,1962,state_change,BUSY,assigned_order
1666495819,2232,state_change,BUSY,assigned_order
1666495819,3686,state_change,BUSY,assigned_order
1666495819,2998,state_change,BUSY,assigned_order
1666495819,3531,state_change,BUSY,assigned_order
1666495819,4159,state_change,BUSY,assigned_order
1666495819,2508,state_change,BUSY,assigned_order
1666495819,1954,state_change,BUSY,assigned_order
1666495819,3051,state_change,BUSY,assigned_order
1666495819,1445,state_change,BUSY,assigned_order
1666495819,1061,state_change,BUSY,assigned_order
1666495819,4421,state_change,BUSY,assigned_order
1666495819,1955,state_change,BUSY,assigned_order
1666495819,629,state_change,BUSY,assigned_order
1666495819,3339,state_change,BUSY,assigned_order
1666495819,3771,state_change,BUSY,assigned_order
1666495819,381,state_change,BUSY,assigned_order
1666495819,88,state_change,BUSY,assigned_order
1666495819,189,state_change,BUSY,assigned_order
1666495819,1857,state_change,BUSY,assigned_order
1666495819,1220,state_change,BUSY,assigned_order
1666495819,4293,state_change,BUSY,assigned_order
1666495819,4048,state_change,BUSY,assigned_order
1666495819,2754,state_change,BUSY,assigned_order
1666495819,2848,state_change,BUSY,assigned_order
1666495819,3372,state_change,BUSY,assigned_order
1666495819,324,state_change,BUSY,assigned_order
1666495819,244,state_change,BUSY,assigned_order
1666495819,680,state_change,BUSY,assigned_order
1666495819,2518,state_change,BUSY,assigned_order
1666495819,3858,state_change,BUSY,assigned_order
1666495819,2540,state_change,BUSY,assigned_order
1666495819,759,state_change,BUSY,assigned_order
1666495819,564,state_change,BUSY,assigned_order
1666495819,4553,state_change,BUSY,assigned_order
1666495819,856,state_change,BUSY,assigned_order
1666495819,4576,state_change,BUSY,assigned_order
1666495819,3245,state_change,BUSY,assigned_order
1666495819,1931,state_change,BUSY,assigned_order
1666495819,725,state_change,BUSY,assigned_order
1666495819,2217,state_change,BUSY,assigned_order
1666495819,2944,state_change,BUSY,assigned_order
1666495819,2365,state_change,BUSY,assigned_order
1666495819,311,state_change,BUSY,assigned_order
1666495819,4635,state_change,BUSY,assigned_order
1666495819,191,state_change,BUSY,assigned_order
1666495819,1382,state_change,BUSY,assigned_order
1666495819,3961,state_change,BUSY,assigned_order
1666495819,2709,state_change,BUSY,assigned_order
1666495819,3040,state_change,BUSY,assigned_order
1666495819,659,state_change,BUSY,assigned_order
1666495819,3494,state_change,BUSY,assigned_order
1666495819,2613,state_change,BUSY,assigned_order
1666495819,329,state_change,BUSY,assigned_order
1666495819,941,state_change,BUSY,assigned_order
1666495819,1601,state_change,BUSY,assigned_order
1666495819,667,state_change,BUSY,assigned_order
1666495819,3487,state_change,BUSY,assigned_order
1666495819,1676,state_change,BUSY,assigned_order
1666495819,418,state_change,BUSY,assigned_order
1666495819,3032,state_change,BUSY,assigned_order
1666495819,2975,state_change,BUSY,assigned_order
1666495819,750,state_change,BUSY,assigned_order
1666495819,1726,state_change,BUSY,assigned_order
1666495819,2821,state_change,BUSY,assigned_order
1666495819,3614,state_change,BUSY,assigned_order
1666495819,2201,state_change,BUSY,assigned_order
1666495819,3690,state_change,BUSY,assigned_order
1666495819,328,state_change,BUSY,assigned_order
1666495819,2355,state_change,BUSY,assigned_order
1666495819,2128,state_change,BUSY,assigned_order
1666495819,543,state_change,BUSY,assigned_order
1666495819,2933,state_change,BUSY,assigned_order
1666495819,3689,state_change,BUSY,assigned_order
1666495819,1021,state_change,BUSY,assigned_order
1666495819,3134,state_change,BUSY,assigned_order
1666495819,2473,state_change,BUSY,assigned_order
1666495819,2359,state_change,BUSY,assigned_order
1666495819,852,state_change,BUSY,assigned_order
1666495819,3195,state_change,BUSY,assigned_order
1666495819,3569,state_change,BUSY,assigned_order
1666495819,1891,state_change,BUSY,assigned_order
1666495819,261,state_change,BUSY,assigned_order
1666495819,3731,state_change,BUSY,assigned_order
1666495819,74,state_change,BUSY,assigned_order
1666495819,1711,state_change,BUSY,assigned_order
1666495819,1115,state_change,BUSY,assigned_order
1666495819,1816,state_change,BUSY,assigned_order
1666495819,2739,state_change,BUSY,assigned_order
1666495819,2370,state_change,BUSY,assigned_order
1666495819,4837,state_change,BUSY,assigned_order
1666495819,99,state_change,BUSY,assigned_order
1666495819,1529,state_change,BUSY,assigned_order
1666495819,2087,state_change,BUSY,assigned_order
1666495819,3215,state_change,BUSY,assigned_order
1666495819,1620,state_change,BUSY,assigned_order
1666495819,1486,state_change,BUSY,assigned_order
1666495819,1037,state_change,BUSY,assigned_order
1666495819,738,state_change,BUSY,assigned_order
1666495819,2409,state_change,BUSY,assigned_order
1666495819,2568,state_change,BUSY,assigned_order
1666495819,461,state_change,BUSY,assigned_order
1666495819,2233,state_change,BUSY,assigned_order
1666495819,592,state_change,BUSY,assigned_order
1666495819,424,state_change,BUSY,assigned_order
1666495819,4204,state_change,BUSY,assigned_order
1666495819,23,state_change,BUSY,assigned_order
1666495819,2589,state_change,BUSY,assigned_order
1666495819,1256,state_change,BUSY,assigned_order
1666495819,2671,state_change,BUSY,assigned_order
1666495819,2173,state_change,BUSY,assigned_order
1666495819,3728,state_change,BUSY,assigned_order
1666495819,968,state_change,BUSY,assigned_order
1666495819,1266,state_change,BUSY,assigned_order
1666495819,3049,state_change,BUSY,assigned_order
1666495819,1223,state_change,BUSY,assigned_order
1666495819,199,state_change,BUSY,assigned_order
1666495819,879,state_change,BUSY,assigned_order
1666495819,4349,state_change,BUSY,assigned_order
1666495819,4261,state_change,BUSY,assigned_order
1666495819,2826,state_change,BUSY,assigned_order
1666495819,4325,state_change,BUSY,assigned_order
1666495819,3219,state_change,BUSY,assigned_order
1666495819,1903,state_change,BUSY,assigned_order
1666495819,744,state_change,BUSY,assigned_order
1666495819,1575,state_change,BUSY,assigned_order
1666495819,2495,state_change,BUSY,assigned_order
1666495819,639,state_change,BUSY,assigned_order
1666495819,87,state_change,BUSY,assigned_order
1666495819,861,state_change,BUSY,assigned_order
1666495819,96,state_change,BUSY,assigned_order
1666495819,2390,state_change,BUSY,assigned_order
1666495819,595,state_change,BUSY,assigned_order
1666495819,1812,state_change,BUSY,assigned_order
1666495819,3315,state_change,BUSY,assigned_order
1666495819,4092,state_change,BUSY,assigned_order
1666495819,3747,state_change,BUSY,assigned_order
1666495819,1870,state_change,BUSY,assigned_order
1666495819,445,state_change,BUSY,assigned_order
1666495819,4840,state_change,BUSY,assigned_order
1666495819,2429,state_change,BUSY,assigned_order
1666495819,3694,state_change,BUSY,assigned_order
1666495819,4329,state_change,BUSY,assigned_order
1666495819,2583,state_change,BUSY,assigned_order
1666495819,2420,state_change,BUSY,assigned_order
1666495819,2704,state_change,BUSY,assigned_order
1666495819,4280,state_change,BUSY,assigned_order
1666495819,566,state_change,BUSY,assigned_order
1666495819,3780,state_change,BUSY,assigned_order
1666495819,3454,state_change,BUSY,assigned_order
1666495819,2260,state_change,BUSY,assigned_order
1666495819,3272,state_change,BUSY,assigned_order
1666495819,3616,state_change,BUSY,assigned_order
1666495819,2391,state_change,BUSY,assigned_order
1666495819,2687,state_change,BUSY,assigned_order
1666495819,2731,state_change,BUSY,assigned_order
1666495819,2959,state_change,BUSY,assigned_order
1666495819,3307,state_change,BUSY,assigned_order
1666495819,1224,state_change,BUSY,assigned_order
1666495819,3217,state_change,BUSY,assigned_order
1666495819,3533,state_change,BUSY,assigned_order
1666495819,3386,state_change,BUSY,assigned_order
1666495819,4102,state_change,BUSY,assigned_order
1666495819,580,state_change,BUSY,assigned_order
1666495819,2033,state_change,BUSY,assigned_order
1666495819,162,state_change,BUSY,assigned_order
1666495819,3368,state_change,BUSY,assigned_order
1666495819,4451,state_change,BUSY,assigned_order
1666495819,840,state_change,BUSY,assigned_order
1666495819,3962,state_change,BUSY,assigned_order
1666495819,442,state_change,BUSY,assigned_order
1666495819,220,state_change,BUSY,assigned_order
1666495819,1673,state_change,BUSY,assigned_order
1666495819,340,state_change,BUSY,assigned_order
1666495819,726,state_change,BUSY,assigned_order
1666495819,895,state_change,BUSY,assigned_order
1666495819,1628,state_change,BUSY,assigned_order
1666495819,397,state_change,BUSY,assigned_order
1666495819,773,state_change,BUSY,assigned_order
1666495819,2787,state_change,BUSY,assigned_order
1666495819,291,state_change,BUSY,assigned_order
1666495819,3408,state_change,BUSY,assigned_order
1666495819,1667,state_change,BUSY,assigned_order
1666495819,3293,state_change,BUSY,assigned_order
1666495819,3742,state_change,BUSY,assigned_order
1666495819,464,state_change,BUSY,assigned_order
1666495819,2133,state_change,BUSY,assigned_order
1666495819,3606,state_change,BUSY,assigned_order
1666495819,2436,state_change,BUSY,assigned_order
1666495819,177,state_change,BUSY,assigned_order
1666495819,145,state_change,BUSY,assigned_order
1666495819,1864,state_change,BUSY,assigned_order
1666495819,2439,state_change,BUSY,assigned_order
1666495819,1006,state_change,BUSY,assigned_order
1666495819,2205,state_change,BUSY,assigned_order
1666495819,393,state_change,BUSY,assigned_order
1666495819,297,state_change,BUSY,assigned_order
1666495819,3796,state_change,BUSY,assigned_order
1666495819,558,state_change,BUSY,assigned_order
1666495819,3656,state_change,BUSY,assigned_order
1666495819,1560,state_change,BUSY,assigned_order
1666495819,4363,state_change,BUSY,assigned_order
1666495819,4399,state_change,BUSY,assigned_order
1666495819,2728,state_change,BUSY,assigned_order
1666495819,898,state_change,BUSY,assigned_order
1666495819,4287,state_change,BUSY,assigned_order
1666495819,1105,state_change,BUSY,assigned_order
1666495819,3172,state_change,BUSY,assigned_order
1666495819,4484,state_change,BUSY,assigned_order
1666495819,607,state_change,BUSY,assigned_order
1666495819,4275,state_change,BUSY,assigned_order
1666495819,2870,state_change,BUSY,assigned_order
1666495819,981,state_change,BUSY,assigned_order
1666495819,1757,state_change,BUSY,assigned_order
1666495819,2774,state_change,BUSY,assigned_order
1666495819,3878,state_change,BUSY,assigned_order
1666495819,246,state_change,BUSY,assigned_order
1666495819,2169,state_change,BUSY,assigned_order
1666495819,2761,state_change,BUSY,assigned_order
1666495819,3277,state_change,BUSY,assigned_order
1666495819,1639,state_change,BUSY,assigned_order
1666495819,1755,state_change,BUSY,assigned_order
1666495819,4504,state_change,BUSY,assigned_order
1666495819,159,state_change,BUSY,assigned_order
1666495819,906,state_change,BUSY,assigned_order
1666495819,980,state_change,BUSY,assigned_order
1666495819,769,state_change,BUSY,assigned_order
1666495819,4507,state_change,BUSY,assigned_order
1666495819,2799,state_change,BUSY,assigned_order
1666495819,2679,state_change,BUSY,assigned_order
1666495819,2438,state_change,BUSY,assigned_order
1666495819,3068,state_change,BUSY,assigned_order
1666495819,1089,state_change,BUSY,assigned_order
1666495819,4138,state_change,BUSY,assigned_order
1666495819,3948,state_change,BUSY,assigned_order
1666495819,4279,state_change,BUSY,assigned_order
1666495819,264,state_change,BUSY,assigned_order
1666495819,135,state_change,BUSY,assigned_order
1666495819,2877,state_change,BUSY,assigned_order
1666495819,1615,state_change,BUSY,assigned_order
1666495819,3055,state_change,BUSY,assigned_order
1666495819,2579,state_change,BUSY,assigned_order
1666495819,2993,state_change,BUSY,assigned_order
1666495819,2861,state_change,BUSY,assigned_order
1666495819,2996,state_change,BUSY,assigned_order
1666495819,3634,state_change,BUSY,assigned_order
1666495819,1030,state_change,BUSY,assigned_order
1666495819,1748,state_change,BUSY,assigned_order
1666495819,2803,state_change,BUSY,assigned_order
1666495819,4158,state_change,BUSY,assigned_order
1666495819,2633,state_change,BUSY,assigned_order
1666495819,3263,state_change,BUSY,assigned_order
1666495819,1819,state_change,BUSY,assigned_order
1666495819,2474,state_change,BUSY,assigned_order
1666495819,3260,state_change,BUSY,assigned_order
1666495819,1804,state_change,BUSY,assigned_order
1666495819,3599,state_change,BUSY,assigned_order
1666495819,4626,state_change,BUSY,assigned_order
1666495819,1398,state_change,BUSY,assigned_order
1666495819,4444,state_change,BUSY,assigned_order
1666495819,474,state_change,BUSY,assigned_order
1666495819,181,state_change,BUSY,assigned_order
1666495819,685,state_change,BUSY,assigned_order
1666495819,3395,state_change,BUSY,assigned_order
1666495819,2431,state_change,BUSY,assigned_order
1666495819,2056,state_change,BUSY,assigned_order
1666495819,1788,state_change,BUSY,assigned_order
1666495819,209,state_change,BUSY,assigned_order
1666495819,2593,state_change,BUSY,assigned_order
1666495819,730,state_change,BUSY,assigned_order
1666495819,1988,state_change,BUSY,assigned_order
1666495819,1002,state_change,BUSY,assigned_order
1666495819,3106,state_change,BUSY,assigned_order
1666495819,3941,state_change,BUSY,assigned_order
1666495819,3062,state_change,BUSY,assigned_order
1666495819,1034,state_change,BUSY,assigned_order
1666495819,791,state_change,BUSY,assigned_order
1666495819,143,state_change,BUSY,assigned_order
1666495819,550,state_change,BUSY,assigned_order
1666495819,2833,state_change,BUSY,assigned_order
1666495819,282,state_change,BUSY,assigned_order
1666495819,2435,state_change,BUSY,assigned_order
1666495819,3682,state_change,BUSY,assigned_order
1666495819,2625,state_change,BUSY,assigned_order
1666495819,1399,state_change,BUSY,assigned_order
1666495819,1483,state_change,BUSY,assigned_order
1666495819,355,state_change,BUSY,assigned_order
1666495819,3848,state_change,BUSY,assigned_order
1666495819,3463,state_change,BUSY,assigned_order
1666495819,4449,state_change,BUSY,assigned_order
1666495819,3927,state_change,BUSY,assigned_order
1666495819,986,state_change,BUSY,assigned_order
1666495819,3633,state_change,BUSY,assigned_order
1666495819,77,state_change,BUSY,assigned_order
1666495819,1517,state_change,BUSY,assigned_order
1666495819,1063,state_change,BUSY,assigned_order
1666495819,1882,state_change,BUSY,assigned_order
1666495819,786,state_change,BUSY,assigned_order
1666495819,532,state_change,BUSY,assigned_order
1666495819,212,state_change,BUSY,assigned_order
1666495819,26,state_change,BUSY,assigned_order
1666495819,829,state_change,BUSY,assigned_order
1666495819,2251,state_change,BUSY,assigned_order
1666495819,1073,state_change,BUSY,assigned_order
1666495819,4637,state_change,BUSY,assigned_order
1666495819,4431,state_change,BUSY,assigned_order
1666495819,2515,state_change,BUSY,assigned_order
1666495819,1023,state_change,BUSY,assigned_order
1666495819,103,state_change,BUSY,assigned_order
1666495819,34,state_change,BUSY,assigned_order
1666495819,3074,state_change,BUSY,assigned_order
1666495819,596,state_change,BUSY,assigned_order
1666495819,3365,state_change,BUSY,assigned_order
1666495819,4253,state_change,BUSY,assigned_order
1666495819,3243,state_change,BUSY,assigned_order
1666495819,1329,state_change,BUSY,assigned_order
1666495819,3773,state_change,BUSY,assigned_order
1666495819,1581,state_change,BUSY,assigned_order
1666495819,3755,state_change,BUSY,assigned_order
1666495819,2577,state_change,BUSY,assigned_order
1666495819,2460,state_change,BUSY,assigned_order
1666495819,72,state_change,BUSY,assigned_order
1666495819,58,state_change,BUSY,assigned_order
1666495819,1094,state_change,BUSY,assigned_order
1666495819,2895,state_change,BUSY,assigned_order
1666495819,1100,state_change,BUSY,assigned_order
1666495819,1555,state_change,BUSY,assigned_order
1666495819,865,state_change,BUSY,assigned_order
1666495819,2002,state_change,BUSY,assigned_order
1666495819,344,state_change,BUSY,assigned_order
1666495819,2421,state_change,BUSY,assigned_order
1666495819,4206,state_change,BUSY,assigned_order
1666495819,113,state_change,BUSY,assigned_order
1666495819,3318,state_change,BUSY,assigned_order
1666495819,836,state_change,BUSY,assigned_order
1666495819,65,state_change,BUSY,assigned_order
1666495819,122,state_change,BUSY,assigned_order
1666495819,1842,state_change,BUSY,assigned_order
1666495819,3439,state_change,BUSY,assigned_order
1666495819,1879,state_change,BUSY,assigned_order
1666495819,1570,state_change,BUSY,assigned_order
1666495819,419,state_change,BUSY,assigned_order
1666495819,3199,state_change,BUSY,assigned_order
1666495819,1969,state_change,BUSY,assigned_order
1666495819,1670,state_change,BUSY,assigned_order
1666495819,1825,state_change,BUSY,assigned_order
1666495819,1279,state_change,BUSY,assigned_order
1666495819,2846,state_change,BUSY,assigned_order
1666495819,118,state_change,BUSY,assigned_order
1666495819,4846,state_change,BUSY,assigned_order
1666495819,1552,state_change,BUSY,assigned_order
1666495819,2801,state_change,BUSY,assigned_order
1666495819,4094,state_change,BUSY,assigned_order
1666495819,3809,state_change,BUSY,assigned_order
1666495819,3184,state_change,BUSY,assigned_order
1666495819,719,state_change,BUSY,assigned_order
1666495819,510,state_change,BUSY,assigned_order
1666495819,317,state_change,BUSY,assigned_order
1666495819,2297,state_change,BUSY,assigned_order
1666495819,402,state_change,BUSY,assigned_order
1666495819,2653,state_change,BUSY,assigned_order
1666495819,2343,state_change,BUSY,assigned_order
1666495819,2191,state_change,BUSY,assigned_order
1666495819,4483,state_change,BUSY,assigned_order
1666495819,2381,state_change,BUSY,assigned_order
1666495819,2403,state_change,BUSY,assigned_order
1666495819,1505,state_change,BUSY,assigned_order
1666495819,1807,state_change,BUSY,assigned_order
1666495819,4752,state_change,BUSY,assigned_order
1666495819,417,state_change,BUSY,assigned_order
1666495819,767,state_change,BUSY,assigned_order
1666495819,3643,state_change,BUSY,assigned_order
1666495819,2101,state_change,BUSY,assigned_order
1666495819,576,state_change,BUSY,assigned_order
1666495819,1997,state_change,BUSY,assigned_order
1666495819,2957,state_change,BUSY,assigned_order
1666495819,2120,state_change,BUSY,assigned_order
1666495819,1231,state_change,BUSY,assigned_order
1666495819,3963,state_change,BUSY,assigned_order
1666495819,1847,state_change,BUSY,assigned_order
1666495819,4516,state_change,BUSY,assigned_order
1666495819,2596,state_change,BUSY,assigned_order
1666495819,1598,state_change,BUSY,assigned_order
1666495819,83,state_change,BUSY,assigned_order
1666495819,676,state_change,BUSY,assigned_order
1666495819,1324,state_change,BUSY,assigned_order
1666495819,2670,state_change,BUSY,assigned_order
1666495819,1171,state_change,BUSY,assigned_order
1666495819,661,state_change,BUSY,assigned_order
1666495819,1967,state_change,BUSY,assigned_order
1666495819,221,state_change,BUSY,assigned_order
1666495819,1304,state_change,BUSY,assigned_order
1666495819,1567,state_change,BUSY,assigned_order
1666495819,2234,state_change,BUSY,assigned_order
1666495819,4124,state_change,BUSY,assigned_order
1666495819,2685,state_change,BUSY,assigned_order
1666495819,433,state_change,BUSY,assigned_order
1666495819,1964,state_change,BUSY,assigned_order
1666495819,4113,state_change,BUSY,assigned_order
1666495819,2178,state_change,BUSY,assigned_order
1666495819,2095,state_change,BUSY,assigned_order
1666495819,2447,state_change,BUSY,assigned_order
1666495819,1549,state_change,BUSY,assigned_order
1666495819,1803,state_change,BUSY,assigned_order
1666495819,4218,state_change,BUSY,assigned_order
1666495819,1270,state_change,BUSY,assigned_order
1666495819,826,state_change,BUSY,assigned_order
1666495819,2012,state_change,BUSY,assigned_order
1666495819,862,state_change,BUSY,assigned_order
1666495819,3426,state_change,BUSY,assigned_order
1666495819,1593,state_change,BUSY,assigned_order
1666495819,4678,state_change,BUSY,assigned_order
1666495819,2580,state_change,BUSY,assigned_order
1666495819,1838,state_change,BUSY,assigned_order
1666495819,2541,state_change,BUSY,assigned_order
1666495819,2960,state_change,BUSY,assigned_order
1666495819,4137,state_change,BUSY,assigned_order
1666495819,686,state_change,BUSY,assigned_order
1666495819,677,state_change,BUSY,assigned_order
1666495819,37,state_change,BUSY,assigned_order
1666495819,2445,state_change,BUSY,assigned_order
1666495819,2041,state_change,BUSY,assigned_order
1666495819,1363,state_change,BUSY,assigned_order
1666495819,2291,state_change,BUSY,assigned_order
1666495819,1335,state_change,BUSY,assigned_order
1666495819,4029,state_change,BUSY,assigned_order
1666495819,2070,state_change,BUSY,assigned_order
1666495819,2203,state_change,BUSY,assigned_order
1666495819,466,state_change,BUSY,assigned_order
1666495819,1680,state_change,BUSY,assigned_order
1666495819,2888,state_change,BUSY,assigned_order
1666495819,383,state_change,BUSY,assigned_order
1666495819,42,state_change,BUSY,assigned_order
1666495819,2338,state_change,BUSY,assigned_order
1666495819,2062,state_change,BUSY,assigned_order
1666495819,101,state_change,BUSY,assigned_order
1666495819,158,state_change,BUSY,assigned_order
1666495819,3911,state_change,BUSY,assigned_order
1666495819,4412,state_change,BUSY,assigned_order
1666495819,2157,state_change,BUSY,assigned_order
1666495819,1727,state_change,BUSY,assigned_order
1666495819,2142,state_change,BUSY,assigned_order
1666495819,4155,state_change,BUSY,assigned_order
1666495819,1448,state_change,BUSY,assigned_order
1666495819,2018,state_change,BUSY,assigned_order
1666495819,3479,state_change,BUSY,assigned_order
1666495819,3018,state_change,BUSY,assigned_order
1666495819,3946,state_change,BUSY,assigned_order
1666495819,3026,state_change,BUSY,assigned_order
1666495819,540,state_change,BUSY,assigned_order
1666495819,4117,state_change,BUSY,assigned_order
1666495819,1218,state_change,BUSY,assigned_order
1666495819,2115,state_change,BUSY,assigned_order
1666495819,3413,state_change,BUSY,assigned_order
1666495819,3935,state_change,BUSY,assigned_order
1666495819,1794,state_change,BUSY,assigned_order
1666495819,1416,state_change,BUSY,assigned_order
1666495819,4032,state_change,BUSY,assigned_order
1666495819,188,state_change,BUSY,assigned_order
1666495819,2276,state_change,BUSY,assigned_order
1666495819,2592,state_change,BUSY,assigned_order
1666495819,690,state_change,BUSY,assigned_order
1666495819,2374,state_change,BUSY,assigned_order
1666495819,1442,state_change,BUSY,assigned_order
1666495819,150,state_change,BUSY,assigned_order
1666495819,2698,state_change,BUSY,assigned_order
1666495819,4673,state_change,BUSY,assigned_order
1666495819,3174,state_change,BUSY,assigned_order
1666495819,394,state_change,BUSY,assigned_order
1666495819,3109,state_change,BUSY,assigned_order
1666495819,1515,state_change,BUSY,assigned_order
1666495819,3117,state_change,BUSY,assigned_order
1666495819,2214,state_change,BUSY,assigned_order
1666495819,1123,state_change,BUSY,assigned_order
1666495819,2265,state_change,BUSY,assigned_order
1666495819,2184,state_change,BUSY,assigned_order
1666495819,691,state_change,BUSY,assigned_order
1666495819,4229,state_change,BUSY,assigned_order
1666495819,2008,state_change,BUSY,assigned_order
1666495819,2798,state_change,BUSY,assigned_order
1666495819,868,state_change,BUSY,assigned_order
1666495819,3175,state_change,BUSY,assigned_order
1666495819,967,state_change,BUSY,assigned_order
1666495819,2119,state_change,BUSY,assigned_order
1666495819,1597,state_change,BUSY,assigned_order
1666495819,3488,state_change,BUSY,assigned_order
1666495819,1273,state_change,BUSY,assigned_order
1666495819,1274,state_change,BUSY,assigned_order
1666495819,3953,state_change,BUSY,assigned_order
1666495819,4319,state_change,BUSY,assigned_order
1666495819,1984,state_change,BUSY,assigned_order
1666495819,526,state_change,BUSY,assigned_order
1666495819,2921,state_change,BUSY,assigned_order
1666495819,2145,state_change,BUSY,assigned_order
1666495819,2072,state_change,BUSY,assigned_order
1666495819,2594,state_change,BUSY,assigned_order
1666495819,2206,state_change,BUSY,assigned_order
1666495819,998,state_change,BUSY,assigned_order
1666495819,4463,state_change,BUSY,assigned_order
1666495819,2197,state_change,BUSY,assigned_order
1666495819,2048,state_change,BUSY,assigned_order
1666495819,1810,state_change,BUSY,assigned_order
1666495819,3561,state_change,BUSY,assigned_order
1666495819,1476,state_change,BUSY,assigned_order
1666495819,1526,state_change,BUSY,assigned_order
1666495819,1919,state_change,BUSY,assigned_order
1666495819,2466,state_change,BUSY,assigned_order
1666495819,4368,state_change,BUSY,assigned_order
1666495819,1212,state_change,BUSY,assigned_order
1666495819,2311,state_change,BUSY,assigned_order
1666495819,1671,state_change,BUSY,assigned_order
1666495819,563,state_change,BUSY,assigned_order
1666495819,3711,state_change,BUSY,assigned_order
1666495819,2350,state_change,BUSY,assigned_order
1666495819,3964,state_change,BUSY,assigned_order
1666495819,1947,state_change,BUSY,assigned_order
1666495819,2483,state_change,BUSY,assigned_order
1666495819,3489,state_change,BUSY,assigned_order
1666495819,1321,state_change,BUSY,assigned_order
1666495819,2681,state_change,BUSY,assigned_order
1666495819,186,state_change,BUSY,assigned_order
1666495819,3748,state_change,BUSY,assigned_order
1666495819,3404,state_change,BUSY,assigned_order
1666495819,2492,state_change,BUSY,assigned_order
1666495819,2634,state_change,BUSY,assigned_order
1666495819,4014,state_change,BUSY,assigned_order
1666495819,749,state_change,BUSY,assigned_order
1666495819,2832,state_change,BUSY,assigned_order
1666495819,766,state_change,BUSY,assigned_order
1666495819,2603,state_change,BUSY,assigned_order
1666495819,3560,state_change,BUSY,assigned_order
1666495819,2256,state_change,BUSY,assigned_order
1666495819,2112,state_change,BUSY,assigned_order
1666495819,187,state_change,BUSY,assigned_order
1666495819,1868,state_change,BUSY,assigned_order
1666495819,4241,state_change,BUSY,assigned_order
1666495819,2322,state_change,BUSY,assigned_order
1666495819,1835,state_change,BUSY,assigned_order
1666495819,3280,state_change,BUSY,assigned_order
1666495819,4296,state_change,BUSY,assigned_order
1666495819,757,state_change,BUSY,assigned_order
1666495819,440,state_change,BUSY,assigned_order
1666495819,4379,state_change,BUSY,assigned_order
1666495819,308,state_change,BUSY,assigned_order
1666495819,1079,state_change,BUSY,assigned_order
1666495819,3267,state_change,BUSY,assigned_order
1666495819,3061,state_change,BUSY,assigned_order
1666495819,2059,state_change,BUSY,assigned_order
1666495819,4152,state_change,BUSY,assigned_order
1666495819,615,state_change,BUSY,assigned_order
1666495819,1595,state_change,BUSY,assigned_order
1666495819,285,state_change,BUSY,assigned_order
1666495819,3290,state_change,BUSY,assigned_order
1666495819,2621,state_change,BUSY,assigned_order
1666495819,2194,state_change,BUSY,assigned_order
1666495819,2520,state_change,BUSY,assigned_order
1666495819,235,state_change,BUSY,assigned_order
1666495819,4450,state_change,BUSY,assigned_order
1666495819,3297,state_change,BUSY,assigned_order
1666495819,3723,state_change,BUSY,assigned_order
1666495819,390,state_change,BUSY,assigned_order
1666495819,2689,state_change,BUSY,assigned_order
1666495819,3017,state_change,BUSY,assigned_order
1666495819,645,state_change,BUSY,assigned_order
1666495819,1327,state_change,BUSY,assigned_order
1666495819,1470,state_change,BUSY,assigned_order
1666495819,2313,state_change,BUSY,assigned_order
1666495819,3271,state_change,BUSY,assigned_order
1666495819,2922,state_change,BUSY,assigned_order
1666495819,170,state_change,BUSY,assigned_order
1666495819,3625,state_change,BUSY,assigned_order
1666495819,1206,state_change,BUSY,assigned_order
1666495819,2373,state_change,BUSY,assigned_order
1666495819,1221,state_change,BUSY,assigned_order
1666495819,3363,state_change,BUSY,assigned_order
1666495819,3744,state_change,BUSY,assigned_order
1666495819,1753,state_change,BUSY,assigned_order
1666495819,1798,state_change,BUSY,assigned_order
1666495819,3492,state_change,BUSY,assigned_order
1666495819,1944,state_change,BUSY,assigned_order
1666495819,2428,state_change,BUSY,assigned_order
1666495819,4087,state_change,BUSY,assigned_order
1666495819,3094,state_change,BUSY,assigned_order
1666495819,3653,state_change,BUSY,assigned_order
1666495819,3579,state_change,BUSY,assigned_order
1666495819,300,state_change,BUSY,assigned_order
1666495819,1996,state_change,BUSY,assigned_order
1666495819,1195,state_change,BUSY,assigned_order
1666495819,1655,state_change,BUSY,assigned_order
1666495819,4605,state_change,BUSY,assigned_order
1666495819,4328,state_change,BUSY,assigned_order
1666495819,1170,state_change,BUSY,assigned_order
1666495819,2372,state_change,BUSY,assigned_order
1666495819,1125,state_change,BUSY,assigned_order
1666495819,2279,state_change,BUSY,assigned_order
1666495819,5,state_change,BUSY,assigned_order
1666495819,468,state_change,BUSY,assigned_order
1666495819,589,state_change,BUSY,assigned_order
1666495819,2336,state_change,BUSY,assigned_order
1666495819,653,state_change,BUSY,assigned_order
1666495819,2076,state_change,BUSY,assigned_order
1666495819,2378,state_change,BUSY,assigned_order
1666495819,1412,state_change,BUSY,assigned_order
1666495819,1200,state_change,BUSY,assigned_order
1666495819,2966,state_change,BUSY,assigned_order
1666495819,3717,state_change,BUSY,assigned_order
1666495819,3233,state_change,BUSY,assigned_order
1666495819,3142,state_change,BUSY,assigned_order
1666495819,606,state_change,BUSY,assigned_order
1666495819,2263,state_change,BUSY,assigned_order
1666495819,1461,state_change,BUSY,assigned_order
1666495819,3448,state_change,BUSY,assigned_order
1666495819,3359,state_change,BUSY,assigned_order
1666495819,3171,state_change,BUSY,assigned_order
1666495819,3852,state_change,BUSY,assigned_order
1666495819,4375,state_change,BUSY,assigned_order
1666495819,1027,state_change,BUSY,assigned_order
1666495819,565,state_change,BUSY,assigned_order
1666495819,4200,state_change,BUSY,assigned_order
1666495819,2904,state_change,BUSY,assigned_order
1666495819,2745,state_change,BUSY,assigned_order
1666495819,2675,state_change,BUSY,assigned_order
1666495819,2084,state_change,BUSY,assigned_order
1666495819,4089,state_change,BUSY,assigned_order
1666495819,582,state_change,BUSY,assigned_order
1666495819,2088,state_change,BUSY,assigned_order
1666495819,2517,state_change,BUSY,assigned_order
1666495819,1696,state_change,BUSY,assigned_order
1666495819,732,state_change,BUSY,assigned_order
1666495819,889,state_change,BUSY,assigned_order
1666495819,1908,state_change,BUSY,assigned_order
1666495819,1130,state_change,BUSY,assigned_order
1666495819,1449,state_change,BUSY,assigned_order
1666495819,3790,state_change,BUSY,assigned_order
1666495819,2990,state_change,BUSY,assigned_order
1666495819,2426,state_change,BUSY,assigned_order
1666495819,1291,state_change,BUSY,assigned_order
1666495819,1181,state_change,BUSY,assigned_order
1666495819,1924,state_change,BUSY,assigned_order
1666495819,4943,state_change,BUSY,assigned_order
1666495819,2887,state_change,BUSY,assigned_order
1666495819,4036,state_change,BUSY,assigned_order
1666495819,1216,state_change,BUSY,assigned_order
1666495819,4212,state_change,BUSY,assigned_order
1666495819,4022,state_change,BUSY,assigned_order
1666495819,1075,state_change,BUSY,assigned_order
1666495819,939,state_change,BUSY,assigned_order
1666495819,24,state_change,BUSY,assigned_order
1666495819,4625,state_change,BUSY,assigned_order
1666495819,4068,state_change,BUSY,assigned_order
1666495819,2982,state_change,BUSY,assigned_order
1666495819,1525,state_change,BUSY,assigned_order
1666495819,3428,state_change,BUSY,assigned_order
1666495819,3650,state_change,BUSY,assigned_order
1666495819,914,state_change,BUSY,assigned_order
1666495819,4646,state_change,BUSY,assigned_order
1666495819,3235,state_change,BUSY,assigned_order
1666495819,476,state_change,BUSY,assigned_order
1666495819,206,state_change,BUSY,assigned_order
1666495819,1426,state_change,BUSY,assigned_order
1666495819,2855,state_change,BUSY,assigned_order
1666495819,354,state_change,BUSY,assigned_order
1666495819,3104,state_change,BUSY,assigned_order
1666495819,1058,state_change,BUSY,assigned_order
1666495819,4074,state_change,BUSY,assigned_order
1666495819,3820,state_change,BUSY,assigned_order
1666495819,2597,state_change,BUSY,assigned_order
1666495819,2253,state_change,BUSY,assigned_order
1666495819,2494,state_change,BUSY,assigned_order
1666495819,1971,state_change,BUSY,assigned_order
1666495819,144,state_change,BUSY,assigned_order
1666495819,1709,state_change,BUSY,assigned_order
1666495819,4428,state_change,BUSY,assigned_order
1666495819,2347,state_change,BUSY,assigned_order
1666495819,4628,state_change,BUSY,assigned_order
1666495819,4544,state_change,BUSY,assigned_order
1666495819,3497,state_change,BUSY,assigned_order
1666495819,763,state_change,BUSY,assigned_order
1666495819,4393,state_change,BUSY,assigned_order
1666495819,3476,state_change,BUSY,assigned_order
1666495819,3148,state_change,BUSY,assigned_order
1666495819,2330,state_change,BUSY,assigned_order
1666495819,2093,state_change,BUSY,assigned_order
1666495819,2177,state_change,BUSY,assigned_order
1666495819,4411,state_change,BUSY,assigned_order
1666495819,1950,state_change,BUSY,assigned_order
1666495819,587,state_change,BUSY,assigned_order
1666495819,4052,state_change,BUSY,assigned_order
1666495819,456,state_change,BUSY,assigned_order
1666495819,2676,state_change,BUSY,assigned_order
1666495819,4723,state_change,BUSY,assigned_order
1666495819,1749,state_change,BUSY,assigned_order
1666495819,2500,state_change,BUSY,assigned_order
1666495819,3855,state_change,BUSY,assigned_order
1666495819,2422,state_change,BUSY,assigned_order
1666495819,4731,state_change,BUSY,assigned_order
1666495819,1120,state_change,BUSY,assigned_order
1666495819,1188,state_change,BUSY,assigned_order
1666495819,1686,state_change,BUSY,assigned_order
1666495819,498,state_change,BUSY,assigned_order
1666495819,4332,state_change,BUSY,assigned_order
1666495819,4023,state_change,BUSY,assigned_order
1666495819,2189,state_change,BUSY,assigned_order
1666495819,1106,state_change,BUSY,assigned_order
1666495819,1315,state_change,BUSY,assigned_order
1666495819,2471,state_change,BUSY,assigned_order
1666495819,2130,state_change,BUSY,assigned_order
1666495819,2038,state_change,BUSY,assigned_order
1666495819,3338,state_change,BUSY,assigned_order
1666495819,1265,state_change,BUSY,assigned_order
1666495819,1723,state_change,BUSY,assigned_order
1666495819,4222,state_change,BUSY,assigned_order
1666495819,3111,state_change,BUSY,assigned_order
1666495819,1350,state_change,BUSY,assigned_order
1666495819,90,state_change,BUSY,assigned_order
1666495819,1922,state_change,BUSY,assigned_order
1666495819,3371,state_change,BUSY,assigned_order
1666495819,1762,state_change,BUSY,assigned_order
1666495819,1828,state_change,BUSY,assigned_order
1666495819,2547,state_change,BUSY,assigned_order
1666495819,989,state_change,BUSY,assigned_order
1666495819,805,state_change,BUSY,assigned_order
1666495819,3035,state_change,BUSY,assigned_order
1666495819,377,state_change,BUSY,assigned_order
1666495819,1064,state_change,BUSY,assigned_order
1666495819,1050,state_change,BUSY,assigned_order
1666495819,4604,state_change,BUSY,assigned_order
1666495819,3775,state_change,BUSY,assigned_order
1666495819,2013,state_change,BUSY,assigned_order
1666495819,3198,state_change,BUSY,assigned_order
1666495819,2769,state_change,BUSY,assigned_order
1666495819,3826,state_change,BUSY,assigned_order
1666495819,1364,state_change,BUSY,assigned_order
1666495819,163,state_change,BUSY,assigned_order
1666495819,361,state_change,BUSY,assigned_order
1666495819,3642,state_change,BUSY,assigned_order
1666495819,1746,state_change,BUSY,assigned_order
1666495819,60,state_change,BUSY,assigned_order
1666495819,3065,state_change,BUSY,assigned_order
1666495819,4101,state_change,BUSY,assigned_order
1666495819,454,state_change,BUSY,assigned_order
1666495819,1431,state_change,BUSY,assigned_order
1666495819,2014,state_change,BUSY,assigned_order
1666495819,3932,state_change,BUSY,assigned_order
1666495819,2971,state_change,BUSY,assigned_order
1666495819,3478,state_change,BUSY,assigned_order
1666495819,871,state_change,BUSY,assigned_order
1666495819,1820,state_change,BUSY,assigned_order
1666495819,1573,state_change,BUSY,assigned_order
1666495819,1898,state_change,BUSY,assigned_order
1666495819,2778,state_change,BUSY,assigned_order
1666495819,13,state_change,BUSY,assigned_order
1666495819,2328,state_change,BUSY,assigned_order
1666495819,1142,state_change,BUSY,assigned_order
1666495819,2667,state_change,BUSY,assigned_order
1666495819,2083,state_change,BUSY,assigned_order
1666495819,1958,state_change,BUSY,assigned_order
1666495819,3721,state_change,BUSY,assigned_order
1666495819,153,state_change,BUSY,assigned_order
1666495819,1300,state_change,BUSY,assigned_order
1666495819,811,state_change,BUSY,assigned_order
1666495819,78,state_change,BUSY,assigned_order
1666495819,1409,state_change,BUSY,assigned_order
1666495819,2961,state_change,BUSY,assigned_order
1666495819,3323,state_change,BUSY,assigned_order
1666495819,44,state_change,BUSY,assigned_order
1666495819,1345,state_change,BUSY,assigned_order
1666495819,1789,state_change,BUSY,assigned_order
1666495819,2703,state_change,BUSY,assigned_order
1666495819,1261,state_change,BUSY,assigned_order
1666495819,1992,state_change,BUSY,assigned_order
1666495819,80,state_change,BUSY,assigned_order
1666495819,1140,state_change,BUSY,assigned_order
1666495819,978,state_change,BUSY,assigned_order
1666495819,3823,state_change,BUSY,assigned_order
1666495819,388,state_change,BUSY,assigned_order
1666495819,1490,state_change,BUSY,assigned_order
1666495819,1038,state_change,BUSY,assigned_order
1666495819,4262,state_change,BUSY,assigned_order
1666495819,449,state_change,BUSY,assigned_order
1666495819,2668,state_change,BUSY,assigned_order
1666495819,2659,state_change,BUSY,assigned_order
1666495819,3756,state_change,BUSY,assigned_order
1666495819,3030,state_change,BUSY,assigned_order
1666495819,1488,state_change,BUSY,assigned_order
1666495819,1108,state_change,BUSY,assigned_order
1666495819,4347,state_change,BUSY,assigned_order
1666495819,3925,state_change,BUSY,assigned_order
1666495819,2342,state_change,BUSY,assigned_order
1666495819,573,state_change,BUSY,assigned_order
1666495819,3069,state_change,BUSY,assigned_order
1666495819,2009,state_change,BUSY,assigned_order
1666495819,604,state_change,BUSY,assigned_order
1666495819,3566,state_change,BUSY,assigned_order
1666495819,178,state_change,BUSY,assigned_order
1666495819,3449,state_change,BUSY,assigned_order
1666495819,2283,state_change,BUSY,assigned_order
1666495819,3087,state_change,BUSY,assigned_order
1666495819,1101,state_change,BUSY,assigned_order
1666495819,1565,state_change,BUSY,assigned_order
1666495819,1873,state_change,BUSY,assigned_order
1666495819,2683,state_change,BUSY,assigned_order
1666495819,1858,state_change,BUSY,assigned_order
1666495819,3446,state_change,BUSY,assigned_order
1666495819,637,state_change,BUSY,assigned_order
1666495819,262,state_change,BUSY,assigned_order
1666495819,337,state_change,BUSY,assigned_order
1666495819,3750,state_change,BUSY,assigned_order
1666495819,3178,state_change,BUSY,assigned_order
1666495819,2977,state_change,BUSY,assigned_order
1666495819,1536,state_change,BUSY,assigned_order
1666495819,845,state_change,BUSY,assigned_order
1666495819,141,state_change,BUSY,assigned_order
1666495819,3877,state_change,BUSY,assigned_order
1666495819,1866,state_change,BUSY,assigned_order
1666495819,1317,state_change,BUSY,assigned_order
1666495819,870,state_change,BUSY,assigned_order
1666495819,115,state_change,BUSY,assigned_order
1666495819,2641,state_change,BUSY,assigned_order
1666495819,900,state_change,BUSY,assigned_order
1666495819,796,state_change,BUSY,assigned_order
1666495819,1513,state_change,BUSY,assigned_order
1666495819,2113,state_change,BUSY,assigned_order
1666495819,3016,state_change,BUSY,assigned_order
1666495819,2110,state_change,BUSY,assigned_order
1666495819,223,state_change,BUSY,assigned_order
1666495819,273,state_change,BUSY,assigned_order
1666495819,492,state_change,BUSY,assigned_order
1666495819,439,state_change,BUSY,assigned_order
1666495819,4387,state_change,BUSY,assigned_order
1666495819,1758,state_change,BUSY,assigned_order
1666495819,3991,state_change,BUSY,assigned_order
1666495819,3859,state_change,BUSY,assigned_order
1666495819,4100,state_change,BUSY,assigned_order
1666495819,2743,state_change,BUSY,assigned_order
1666495819,1482,state_change,BUSY,assigned_order
1666495819,230,state_change,BUSY,assigned_order
1666495819,2636,state_change,BUSY,assigned_order
1666495819,4254,state_change,BUSY,assigned_order
1666495819,1204,state_change,BUSY,assigned_order
1666495819,4932,state_change,BUSY,assigned_order
1666495819,1977,state_change,BUSY,assigned_order
1666495819,4118,state_change,BUSY,assigned_order
1666495819,3575,state_change,BUSY,assigned_order
1666495819,2564,state_change,BUSY,assigned_order
1666495819,809,state_change,BUSY,assigned_order
1666495819,3807,state_change,BUSY,assigned_order
1666495819,622,state_change,BUSY,assigned_order
1666495819,2939,state_change,BUSY,assigned_order
1666495819,894,state_change,BUSY,assigned_order
1666495819,239,state_change,BUSY,assigned_order
1666495819,4009,state_change,BUSY,assigned_order
1666495819,3433,state_change,BUSY,assigned_order
1666495819,553,state_change,BUSY,assigned_order
1666495819,1953,state_change,BUSY,assigned_order
1666495819,3491,state_change,BUSY,assigned_order
1666495819,4021,state_change,BUSY,assigned_order
1666495819,4016,state_change,BUSY,assigned_order
1666495819,2402,state_change,BUSY,assigned_order
1666495819,799,state_change,BUSY,assigned_order
1666495819,3967,state_change,BUSY,assigned_order
1666495819,4,state_change,BUSY,assigned_order
1666495819,520,state_change,BUSY,assigned_order
1666495819,4334,state_change,BUSY,assigned_order
1666495819,3909,state_change,BUSY,assigned_order
1666495819,1568,state_change,BUSY,assigned_order
1666495819,4249,state_change,BUSY,assigned_order
1666495819,4620,state_change,BUSY,assigned_order
1666495819,1110,state_change,BUSY,assigned_order
1666495819,2246,state_change,BUSY,assigned_order
1666495819,973,state_change,BUSY,assigned_order
1666495819,165,state_change,BUSY,assigned_order
1666495819,716,state_change,BUSY,assigned_order
1666495819,574,state_change,BUSY,assigned_order
1666495819,2717,state_change,BUSY,assigned_order
1666495819,1405,state_change,BUSY,assigned_order
1666495819,43,state_change,BUSY,assigned_order
1666495819,1895,state_change,BUSY,assigned_order
1666495819,4284,state_change,BUSY,assigned_order
1666495819,1745,state_change,BUSY,assigned_order
1666495819,2453,state_change,BUSY,assigned_order
1666495819,1009,state_change,BUSY,assigned_order
1666495819,169,state_change,BUSY,assigned_order
1666495819,2324,state_change,BUSY,assigned_order
1666495819,3304,state_change,BUSY,assigned_order
1666495819,926,state_change,BUSY,assigned_order
1666495819,3033,state_change,BUSY,assigned_order
1666495819,1047,state_change,BUSY,assigned_order
1666495819,4509,state_change,BUSY,assigned_order
1666495819,657,state_change,BUSY,assigned_order
1666495819,916,state_change,BUSY,assigned_order
1666495819,1065,state_change,BUSY,assigned_order
1666495819,1314,state_change,BUSY,assigned_order
1666495819,2642,state_change,BUSY,assigned_order
1666495819,682,state_change,BUSY,assigned_order
1666495819,1305,state_change,BUSY,assigned_order
1666495819,2576,state_change,BUSY,assigned_order
1666495819,107,state_change,BUSY,assigned_order
1666495819,3321,state_change,BUSY,assigned_order
1666495819,2170,state_change,BUSY,assigned_order
1666495819,437,state_change,BUSY,assigned_order
1666495819,537,state_change,BUSY,assigned_order
1666495819,2890,state_change,BUSY,assigned_order
1666495819,3258,state_change,BUSY,assigned_order
1666495819,504,state_change,BUSY,assigned_order
1666495819,3623,state_change,BUSY,assigned_order
1666495819,3377,state_change,BUSY,assigned_order
1666495819,359,state_change,BUSY,assigned_order
1666495819,233,state_change,BUSY,assigned_order
1666495819,392,state_change,BUSY,assigned_order
1666495819,2440,state_change,BUSY,assigned_order
1666495819,807,state_change,BUSY,assigned_order
1666495819,1086,state_change,BUSY,assigned_order
1666495819,1507,state_change,BUSY,assigned_order
1666495819,729,state_change,BUSY,assigned_order
1666495819,1020,state_change,BUSY,assigned_order
1666495819,2953,state_change,BUSY,assigned_order
1666495819,1277,state_change,BUSY,assigned_order
1666495819,713,state_change,BUSY,assigned_order
1666495819,608,state_change,BUSY,assigned_order
1666495819,1453,state_change,BUSY,assigned_order
1666495819,1558,state_change,BUSY,assigned_order
1666495819,3778,state_change,BUSY,assigned_order
1666495819,4807,state_change,BUSY,assigned_order
1666495819,2915,state_change,BUSY,assigned_order
1666495819,833,state_change,BUSY,assigned_order
1666495819,1217,state_change,BUSY,assigned_order
1666495819,896,state_change,BUSY,assigned_order
1666495819,160,state_change,BUSY,assigned_order
1666495819,671,state_change,BUSY,assigned_order
1666495819,739,state_change,BUSY,assigned_order
1666495819,2230,state_change,BUSY,assigned_order
1666495819,226,state_change,BUSY,assigned_order
1666495819,2501,state_change,BUSY,assigned_order
1666495819,1863,state_change,BUSY,assigned_order
1666495819,2970,state_change,BUSY,assigned_order
1666495819,2020,state_change,BUSY,assigned_order
1666495819,507,state_change,BUSY,assigned_order
1666495819,3960,state_change,BUSY,assigned_order
1666495819,3677,state_change,BUSY,assigned_order
1666495819,1761,state_change,BUSY,assigned_order
1666495819,2707,state_change,BUSY,assigned_order
1666495819,4661,state_change,BUSY,assigned_order
1666495819,1818,state_change,BUSY,assigned_order
1666495819,1634,state_change,BUSY,assigned_order
1666495819,2254,state_change,BUSY,assigned_order
1666495819,2920,state_change,BUSY,assigned_order
1666495819,3306,state_change,BUSY,assigned_order
1666495819,4792,state_change,BUSY,assigned_order
1666495819,2753,state_change,BUSY,assigned_order
1666495819,697,state_change,BUSY,assigned_order
1666495819,4213,state_change,BUSY,assigned_order
1666495819,4234,state_change,BUSY,assigned_order
1666495819,3517,state_change,BUSY,assigned_order
1666495819,1519,state_change,BUSY,assigned_order
1666495819,155,state_change,BUSY,assigned_order
1666495819,4911,state_change,BUSY,assigned_order
1666495819,3654,state_change,BUSY,assigned_order
1666495819,79,state_change,BUSY,assigned_order
1666495819,2710,state_change,BUSY,assigned_order
1666495819,782,state_change,BUSY,assigned_order
1666495819,1492,state_change,BUSY,assigned_order
1666495819,2899,state_change,BUSY,assigned_order
1666495819,1600,state_change,BUSY,assigned_order
1666495819,4034,state_change,BUSY,assigned_order
1666495819,3519,state_change,BUSY,assigned_order
1666495819,2581,state_change,BUSY,assigned_order
1666495819,3176,state_change,BUSY,assigned_order
1666495819,3524,state_change,BUSY,assigned_order
1666495819,3274,state_change,BUSY,assigned_order
1666495819,752,state_change,BUSY,assigned_order
1666495819,1841,state_change,BUSY,assigned_order
1666495819,1902,state_change,BUSY,assigned_order
1666495819,4647,state_change,BUSY,assigned_order
1666495819,2274,state_change,BUSY,assigned_order
1666495819,929,state_change,BUSY,assigned_order
1666495819,2419,state_change,BUSY,assigned_order
1666495819,2768,state_change,BUSY,assigned_order
1666495819,1702,state_change,BUSY,assigned_order
1666495819,3028,state_change,BUSY,assigned_order
1666495819,267,state_change,BUSY,assigned_order
1666495819,647,state_change,BUSY,assigned_order
1666495819,2361,state_change,BUSY,assigned_order
1666495819,824,state_change,BUSY,assigned_order
1666495819,3200,state_change,BUSY,assigned_order
1666495819,1148,state_change,BUSY,assigned_order
1666495819,1242,state_change,BUSY,assigned_order
1666495819,847,state_change,BUSY,assigned_order
1666495819,1548,state_change,BUSY,assigned_order
1666495819,765,state_change,BUSY,assigned_order
1666495819,2171,state_change,BUSY,assigned_order
1666495819,4209,state_change,BUSY,assigned_order
1666495819,2775,state_change,BUSY,assigned_order
1666495819,4607,state_change,BUSY,assigned_order
1666495819,2363,state_change,BUSY,assigned_order
1666495819,1523,state_change,BUSY,assigned_order
1666495819,3425,state_change,BUSY,assigned_order
1666495819,969,state_change,BUSY,assigned_order
1666495819,3025,state_change,BUSY,assigned_order
1666495819,3120,state_change,BUSY,assigned_order
1666495819,2979,state_change,BUSY,assigned_order
1666495819,1258,state_change,BUSY,assigned_order
1666495819,2085,state_change,BUSY,assigned_order
1666495819,4185,state_change,BUSY,assigned_order
1666495819,1328,state_change,BUSY,assigned_order
1666495819,793,state_change,BUSY,assigned_order
1666495819,4026,state_change,BUSY,assigned_order
1666495819,2715,state_change,BUSY,assigned_order
1666495819,4439,state_change,BUSY,assigned_order
1666495819,4573,state_change,BUSY,assigned_order
1666495819,3683,state_change,BUSY,assigned_order
1666495819,4651,state_change,BUSY,assigned_order
1666495819,3348,state_change,BUSY,assigned_order
1666495819,3924,state_change,BUSY,assigned_order
1666495819,2570,state_change,BUSY,assigned_order
1666495819,275,state_change,BUSY,assigned_order
1666495819,3021,state_change,BUSY,assigned_order
1666495819,349,state_change,BUSY,assigned_order
1666495819,465,state_change,BUSY,assigned_order
1666495819,623,state_change,BUSY,assigned_order
1666495819,1743,state_change,BUSY,assigned_order
1666495819,2317,state_change,BUSY,assigned_order
1666495819,2656,state_change,BUSY,assigned_order
1666495819,2963,state_change,BUSY,assigned_order
1666495819,3340,state_change,BUSY,assigned_order
1666495819,4542,state_change,BUSY,assigned_order
1666495819,602,state_change,BUSY,assigned_order
1666495819,3048,state_change,BUSY,assigned_order
1666495819,183,state_change,BUSY,assigned_order
1666495819,2430,state_change,BUSY,assigned_order
1666495819,1298,state_change,BUSY,assigned_order
1666495819,1912,state_change,BUSY,assigned_order
1666495819,3657,state_change,BUSY,assigned_order
1666495819,2192,state_change,BUSY,assigned_order
1666495819,2585,state_change,BUSY,assigned_order
1666495819,1689,state_change,BUSY,assigned_order
1666495819,1631,state_change,BUSY,assigned_order
1666495819,3137,state_change,BUSY,assigned_order
1666495819,3789,state_change,BUSY,assigned_order
1666495819,2702,state_change,BUSY,assigned_order
1666495819,2400,state_change,BUSY,assigned_order
1666495819,190,state_change,BUSY,assigned_order
1666495819,1446,state_change,BUSY,assigned_order
1666495819,4239,state_change,BUSY,assigned_order
1666495819,4342,state_change,BUSY,assigned_order
1666495819,695,state_change,BUSY,assigned_order
1666495819,1485,state_change,BUSY,assigned_order
1666495819,975,state_change,BUSY,assigned_order
1666495819,3779,state_change,BUSY,assigned_order
1666495819,810,state_change,BUSY,assigned_order
1666495819,3845,state_change,BUSY,assigned_order
1666495819,4090,state_change,BUSY,assigned_order
1666495819,2626,state_change,BUSY,assigned_order
1666495819,1054,state_change,BUSY,assigned_order
1666495819,3369,state_change,BUSY,assigned_order
1666495819,3596,state_change,BUSY,assigned_order
1666495819,4753,state_change,BUSY,assigned_order
1666495819,1420,state_change,BUSY,assigned_order
1666495819,1610,state_change,BUSY,assigned_order
1666495819,904,state_change,BUSY,assigned_order
1666495819,808,state_change,BUSY,assigned_order
1666495819,1596,state_change,BUSY,assigned_order
1666495819,2575,state_change,BUSY,assigned_order
1666495819,3189,state_change,BUSY,assigned_order
1666495819,3060,state_change,BUSY,assigned_order
1666495819,251,state_change,BUSY,assigned_order
1666495819,3651,state_change,BUSY,assigned_order
1666495819,67,state_change,BUSY,assigned_order
1666495819,911,state_change,BUSY,assigned_order
1666495819,1648,state_change,BUSY,assigned_order
1666495819,4121,state_change,BUSY,assigned_order
1666495819,1227,state_change,BUSY,assigned_order
1666495819,2557,state_change,BUSY,assigned_order
1666495819,3854,state_change,BUSY,assigned_order
1666495819,4634,state_change,BUSY,assigned_order
1666495819,2825,state_change,BUSY,assigned_order
1666495819,3138,state_change,BUSY,assigned_order
1666495819,2746,state_change,BUSY,assigned_order
1666495819,85,state_change,BUSY,assigned_order
1666495819,1985,state_change,BUSY,assigned_order
1666495819,255,state_change,BUSY,assigned_order
1666495819,2183,state_change,BUSY,assigned_order
1666495819,3409,state_change,BUSY,assigned_order
1666495819,2069,state_change,BUSY,assigned_order
1666495819,1884,state_change,BUSY,assigned_order
1666495819,353,state_change,BUSY,assigned_order
1666495819,2064,state_change,BUSY,assigned_order
1666495819,2490,state_change,BUSY,assigned_order
1666495819,278,state_change,BUSY,assigned_order
1666495819,2504,state_change,BUSY,assigned_order
1666495819,4270,state_change,BUSY,assigned_order
1666495819,4299,state_change,BUSY,assigned_order
1666495819,1557,state_change,BUSY,assigned_order
1666495819,4141,state_change,BUSY,assigned_order
1666495819,410,state_change,BUSY,assigned_order
1666495819,3718,state_change,BUSY,assigned_order
1666495819,3954,state_change,BUSY,assigned_order
1666495819,3398,state_change,BUSY,assigned_order
1666495819,4378,state_change,BUSY,assigned_order
1666495819,3130,state_change,BUSY,assigned_order
1666495819,3173,state_change,BUSY,assigned_order
1666495819,1145,state_change,BUSY,assigned_order
1666495819,1780,state_change,BUSY,assigned_order
1666495819,2221,state_change,BUSY,assigned_order
1666495819,3521,state_change,BUSY,assigned_order
1666495819,1809,state_change,BUSY,assigned_order
1666495819,2383,state_change,BUSY,assigned_order
1666495819,4565,state_change,BUSY,assigned_order
1666495819,2486,state_change,BUSY,assigned_order
1666495819,2600,state_change,BUSY,assigned_order
1666495819,756,state_change,BUSY,assigned_order
1666495819,4554,state_change,BUSY,assigned_order
1666495819,4227,state_change,BUSY,assigned_order
1666495819,2694,state_change,BUSY,assigned_order
1666495819,3015,state_change,BUSY,assigned_order
1666495819,2973,state_change,BUSY,assigned_order
1666495819,3226,state_change,BUSY,assigned_order
1666495819,3169,state_change,BUSY,assigned_order
1666495819,1932,state_change,BUSY,assigned_order
1666495819,396,state_change,BUSY,assigned_order
1666495819,1933,state_change,BUSY,assigned_order
1666495819,570,state_change,BUSY,assigned_order
1666495819,1530,state_change,BUSY,assigned_order
1666495819,2252,state_change,BUSY,assigned_order
1666495819,4047,state_change,BUSY,assigned_order
1666495819,374,state_change,BUSY,assigned_order
1666495819,1226,state_change,BUSY,assigned_order
1666495819,2784,state_change,BUSY,assigned_order
1666495819,175,state_change,BUSY,assigned_order
1666495819,4369,state_change,BUSY,assigned_order
1666495819,1135,state_change,BUSY,assigned_order
1666495819,2779,state_change,BUSY,assigned_order
1666495819,830,state_change,BUSY,assigned_order
1666495819,3672,state_change,BUSY,assigned_order
1666495819,54,state_change,BUSY,assigned_order
1666495819,3180,state_change,BUSY,assigned_order
1666495819,778,state_change,BUSY,assigned_order
1666495819,2847,state_change,BUSY,assigned_order
1666495819,194,state_change,BUSY,assigned_order
1666495819,646,state_change,BUSY,assigned_order
1666495819,489,state_change,BUSY,assigned_order
1666495819,2903,state_change,BUSY,assigned_order
1666495819,1082,state_change,BUSY,assigned_order
1666495819,2061,state_change,BUSY,assigned_order
1666495819,1056,state_change,BUSY,assigned_order
1666495819,1508,state_change,BUSY,assigned_order
1666495819,4288,state_change,BUSY,assigned_order
1666495819,800,state_change,BUSY,assigned_order
1666495819,4088,state_change,BUSY,assigned_order
1666495819,1190,state_change,BUSY,assigned_order
1666495819,947,state_change,BUSY,assigned_order
1666495819,2638,state_change,BUSY,assigned_order
1666495819,2187,state_change,BUSY,assigned_order
1666495819,4555,state_change,BUSY,assigned_order
1666495819,797,state_change,BUSY,assigned_order
1666495819,2544,state_change,BUSY,assigned_order
1666495819,2786,state_change,BUSY,assigned_order
1666495819,486,state_change,BUSY,assigned_order
1666495819,3283,state_change,BUSY,assigned_order
1666495819,663,state_change,BUSY,assigned_order
1666495819,3270,state_change,BUSY,assigned_order
1666495819,4072,state_change,BUSY,assigned_order
1666495819,508,state_change,BUSY,assigned_order
1666495819,1511,state_change,BUSY,assigned_order
1666495819,4686,state_change,BUSY,assigned_order
1666495819,274,state_change,BUSY,assigned_order
1666495819,1209,state_change,BUSY,assigned_order
1666495819,2044,state_change,BUSY,assigned_order
1666495819,3151,state_change,BUSY,assigned_order
1666495819,2461,state_change,BUSY,assigned_order
1666495819,1612,state_change,BUSY,assigned_order
1666495819,696,state_change,BUSY,assigned_order
1666495819,2108,state_change,BUSY,assigned_order
1666495819,529,state_change,BUSY,assigned_order
1666495819,97,state_change,BUSY,assigned_order
1666495819,470,state_change,BUSY,assigned_order
1666495819,2121,state_change,BUSY,assigned_order
1666495819,1076,state_change,BUSY,assigned_order
1666495819,2660,state_change,BUSY,assigned_order
1666495819,885,state_change,BUSY,assigned_order
1666495819,4258,state_change,BUSY,assigned_order
1666495819,590,state_change,BUSY,assigned_order
1666495819,922,state_change,BUSY,assigned_order
1666495819,3288,state_change,BUSY,assigned_order
1666495819,3343,state_change,BUSY,assigned_order
1666495819,3194,state_change,BUSY,assigned_order
1666495819,4300,state_change,BUSY,assigned_order
1666495819,2918,state_change,BUSY,assigned_order
1666495819,3821,state_change,BUSY,assigned_order
1666495819,3000,state_change,BUSY,assigned_order
1666495819,665,state_change,BUSY,assigned_order
1666495819,2588,state_change,BUSY,assigned_order
1666495819,4153,state_change,BUSY,assigned_order
1666495819,4773,state_change,BUSY,assigned_order
1666495819,3940,state_change,BUSY,assigned_order
1666495819,1000,state_change,BUSY,assigned_order
1666495819,2339,state_change,BUSY,assigned_order
1666495819,1512,state_change,BUSY,assigned_order
1666495819,1619,state_change,BUSY,assigned_order
1666495819,487,state_change,BUSY,assigned_order
1666495819,1451,state_change,BUSY,assigned_order
1666495819,1251,state_change,BUSY,assigned_order
1666495819,2695,state_change,BUSY,assigned_order
1666495819,2878,state_change,BUSY,assigned_order
1666495819,4551,state_change,BUSY,assigned_order
1666495819,3044,state_change,BUSY,assigned_order
1666495819,1455,state_change,BUSY,assigned_order
1666495819,2705,state_change,BUSY,assigned_order
1666495819,1502,state_change,BUSY,assigned_order
1666495819,3702,state_change,BUSY,assigned_order
1666495819,610,state_change,BUSY,assigned_order
1666495819,2525,state_change,BUSY,assigned_order
1666495819,3269,state_change,BUSY,assigned_order
1666495819,2842,state_change,BUSY,assigned_order
1666495819,1729,state_change,BUSY,assigned_order
1666495819,3455,state_change,BUSY,assigned_order
1666495819,727,state_change,BUSY,assigned_order
1666495819,1432,state_change,BUSY,assigned_order
1666495819,2257,state_change,BUSY,assigned_order
1666495819,3157,state_change,BUSY,assigned_order
1666495819,609,state_change,BUSY,assigned_order
1666495819,888,state_change,BUSY,assigned_order
1666495819,995,state_change,BUSY,assigned_order
1666495819,409,state_change,BUSY,assigned_order
1666495819,3896,state_change,BUSY,assigned_order
1666495819,342,state_change,BUSY,assigned_order
1666495819,2738,state_change,BUSY,assigned_order
1666495819,126,state_change,BUSY,assigned_order
1666495819,4796,state_change,BUSY,assigned_order
1666495819,3671,state_change,BUSY,assigned_order
1666495819,3743,state_change,BUSY,assigned_order
1666495819,963,state_change,BUSY,assigned_order
1666495819,4187,state_change,BUSY,assigned_order
1666495819,1521,state_change,BUSY,assigned_order
1666495819,3079,state_change,BUSY,assigned_order
1666495819,1994,state_change,BUSY,assigned_order
1666495819,1719,state_change,BUSY,assigned_order
1666495819,1374,state_change,BUSY,assigned_order
1666495819,3532,state_change,BUSY,assigned_order
1666495819,2800,state_change,BUSY,assigned_order
1666495819,2475,state_change,BUSY,assigned_order
1666495819,1968,state_change,BUSY,assigned_order
1666495819,3787,state_change,BUSY,assigned_order
1666495819,4133,state_change,BUSY,assigned_order
1666495819,1459,state_change,BUSY,assigned_order
1666495819,611,state_change,BUSY,assigned_order
1666495819,3950,state_change,BUSY,assigned_order
1666495819,357,state_change,BUSY,assigned_order
1666495819,4255,state_change,BUSY,assigned_order
1666495819,4353,state_change,BUSY,assigned_order
1666495819,2926,state_change,BUSY,assigned_order
1666495819,3394,state_change,BUSY,assigned_order
1666495819,2605,state_change,BUSY,assigned_order
1666495819,761,state_change,BUSY,assigned_order
1666495819,3739,state_change,BUSY,assigned_order
1666495819,2510,state_change,BUSY,assigned_order
1666495819,1099,state_change,BUSY,assigned_order
1666495819,3769,state_change,BUSY,assigned_order
1666495819,3668,state_change,BUSY,assigned_order
1666495819,1987,state_change,BUSY,assigned_order
1666495819,2561,state_change,BUSY,assigned_order
1666495819,720,state_change,BUSY,assigned_order
1666495819,2172,state_change,BUSY,assigned_order
1666495819,1017,state_change,BUSY,assigned_order
1666495819,3001,state_change,BUSY,assigned_order
1666495819,2369,state_change,BUSY,assigned_order
1666495819,2216,state_change,BUSY,assigned_order
1666495819,1767,state_change,BUSY,assigned_order
1666495819,3147,state_change,BUSY,assigned_order
1666495819,2839,state_change,BUSY,assigned_order
1666495819,3255,state_change,BUSY,assigned_order
1666495819,1386,state_change,BUSY,assigned_order
1666495819,1410,state_change,BUSY,assigned_order
1666495819,2528,state_change,BUSY,assigned_order
1666495819,2465,state_change,BUSY,assigned_order
1666495819,1764,state_change,BUSY,assigned_order
1666495819,2505,state_change,BUSY,assigned_order
1666495819,3936,state_change,BUSY,assigned_order
1666495819,4477,state_change,BUSY,assigned_order
1666495819,3063,state_change,BUSY,assigned_order
1666495819,1874,state_change,BUSY,assigned_order
1666495819,3007,state_change,BUSY,assigned_order
1666495819,2657,state_change,BUSY,assigned_order
1666495819,365,state_change,BUSY,assigned_order
1666495819,2450,state_change,BUSY,assigned_order
1666495819,633,state_change,BUSY,assigned_order
1666495819,2086,state_change,BUSY,assigned_order
1666495819,3872,state_change,BUSY,assigned_order
1666495819,3039,state_change,BUSY,assigned_order
1666495819,312,state_change,BUSY,assigned_order
1666495819,549,state_change,BUSY,assigned_order
1666495819,3328,state_change,BUSY,assigned_order
1666495819,1301,state_change,BUSY,assigned_order
1666495819,3882,state_change,BUSY,assigned_order
1666495819,1779,state_change,BUSY,assigned_order
1666495819,2196,state_change,BUSY,assigned_order
1666495819,724,state_change,BUSY,assigned_order
1666495819,1153,state_change,BUSY,assigned_order
1666495819,1699,state_change,BUSY,assigned_order
1666495819,1450,state_change,BUSY,assigned_order
1666495819,709,state_change,BUSY,assigned_order
1666495819,4867,state_change,BUSY,assigned_order
1666495819,31,state_change,BUSY,assigned_order
1666495819,3231,state_change,BUSY,assigned_order
1666495819,2935,state_change,BUSY,assigned_order
1666495819,4606,state_change,BUSY,assigned_order
1666495819,1614,state_change,BUSY,assigned_order
1666495819,3986,state_change,BUSY,assigned_order
1666495819,3867,state_change,BUSY,assigned_order
1666495819,1213,state_change,BUSY,assigned_order
1666495819,1048,state_change,BUSY,assigned_order
1666495819,4429,state_change,BUSY,assigned_order
1666495819,443,state_change,BUSY,assigned_order
1666495819,976,state_change,BUSY,assigned_order
1666495819,2937,state_change,BUSY,assigned_order
1666495819,3630,state_change,BUSY,assigned_order
1666495819,2089,state_change,BUSY,assigned_order
1666495819,1741,state_change,BUSY,assigned_order
1666495819,1650,state_change,BUSY,assigned_order
1666495819,1437,state_change,BUSY,assigned_order
1666495819,2824,state_change,BUSY,assigned_order
1666495819,4112,state_change,BUSY,assigned_order
1666495819,4694,state_change,BUSY,assigned_order
1666495819,2098,state_change,BUSY,assigned_order
1666495819,2277,state_change,BUSY,assigned_order
1666495819,930,state_change,BUSY,assigned_order
1666495819,1890,state_change,BUSY,assigned_order
1666495819,3179,state_change,BUSY,assigned_order
1666495819,2237,state_change,BUSY,assigned_order
1666495819,360,state_change,BUSY,assigned_order
1666495819,3331,state_change,BUSY,assigned_order
1666495819,2366,state_change,BUSY,assigned_order
1666495819,166,state_change,BUSY,assigned_order
1666495819,2617,state_change,BUSY,assigned_order
1666495819,1290,state_change,BUSY,assigned_order
1666495819,299,state_change,BUSY,assigned_order
1666495819,2882,state_change,BUSY,assigned_order
1666495819,855,state_change,BUSY,assigned_order
1666495819,112,state_change,BUSY,assigned_order
1666495819,3870,state_change,BUSY,assigned_order
1666495819,3644,state_change,BUSY,assigned_order
1666495819,114,state_change,BUSY,assigned_order
1666495819,2756,state_change,BUSY,assigned_order
1666495819,1401,state_change,BUSY,assigned_order
1666495819,3998,state_change,BUSY,assigned_order
1666495819,61,state_change,BUSY,assigned_order
1666495819,1090,state_change,BUSY,assigned_order
1666495819,3401,state_change,BUSY,assigned_order
1666495819,2345,state_change,BUSY,assigned_order
1666495819,4143,state_change,BUSY,assigned_order
1666495819,218,state_change,BUSY,assigned_order
1666495819,1865,state_change,BUSY,assigned_order
1666495819,2200,state_change,BUSY,assigned_order
1666495819,302,state_change,BUSY,assigned_order
1666495819,2783,state_change,BUSY,assigned_order
1666495819,1592,state_change,BUSY,assigned_order
1666495819,3254,state_change,BUSY,assigned_order
1666495819,2622,state_change,BUSY,assigned_order
1666495819,762,state_change,BUSY,assigned_order
1666495819,3072,state_change,BUSY,assigned_order
1666495819,3548,state_change,BUSY,assigned_order
1666495819,2986,state_change,BUSY,assigned_order
1666495819,3716,state_change,BUSY,assigned_order
1666495819,1644,state_change,BUSY,assigned_order
1666495819,1768,state_change,BUSY,assigned_order
1666495819,3647,state_change,BUSY,assigned_order
1666495819,1737,state_change,BUSY,assigned_order
1666495819,323,state_change,BUSY,assigned_order
1666495819,1341,state_change,BUSY,assigned_order
1666495819,2190,state_change,BUSY,assigned_order
1666495819,1174,state_change,BUSY,assigned_order
1666495819,1946,state_change,BUSY,assigned_order
1666495819,475,state_change,BUSY,assigned_order
1666495819,4390,state_change,BUSY,assigned_order
1666495819,4302,state_change,BUSY,assigned_order
1666495819,2514,state_change,BUSY,assigned_order
1666495819,1276,state_change,BUSY,assigned_order
1666495819,2692,state_change,BUSY,assigned_order
1666495819,3031,state_change,BUSY,assigned_order
1666495819,1896,state_change,BUSY,assigned_order
1666495819,243,state_change,BUSY,assigned_order
1666495819,3819,state_change,BUSY,assigned_order
1666495819,12,state_change,BUSY,assigned_order
1666495819,4885,state_change,BUSY,assigned_order
1666495819,2399,state_change,BUSY,assigned_order
1666495819,3423,state_change,BUSY,assigned_order
1666495819,4502,state_change,BUSY,assigned_order
1666495819,4537,state_change,BUSY,assigned_order
1666495819,4104,state_change,BUSY,assigned_order
1666495819,3482,state_change,BUSY,assigned_order
1666495819,3445,state_change,BUSY,assigned_order
1666495819,1551,state_change,BUSY,assigned_order
1666495819,3557,state_change,BUSY,assigned_order
1666495819,1916,state_change,BUSY,assigned_order
1666495819,1542,state_change,BUSY,assigned_order
1666495819,201,state_change,BUSY,assigned_order
1666495819,814,state_change,BUSY,assigned_order
1666495819,1632,state_change,BUSY,assigned_order
1666495819,3678,state_change,BUSY,assigned_order
1666495819,4035,state_change,BUSY,assigned_order
1666495819,288,state_change,BUSY,assigned_order
1666495819,3987,state_change,BUSY,assigned_order
1666495819,3319,state_change,BUSY,assigned_order
1666495819,4571,state_change,BUSY,assigned_order
1666495819,1790,state_change,BUSY,assigned_order
1666495819,459,state_change,BUSY,assigned_order
1666495819,1578,state_change,BUSY,assigned_order
1666495819,3278,state_change,BUSY,assigned_order
1666495819,2340,state_change,BUSY,assigned_order
1666495819,3514,state_change,BUSY,assigned_order
1666495819,236,state_change,BUSY,assigned_order
1666495819,2591,state_change,BUSY,assigned_order
1666495819,2358,state_change,BUSY,assigned_order
1666495819,2080,state_change,BUSY,assigned_order
1666495819,3251,state_change,BUSY,assigned_order
1666495819,2792,state_change,BUSY,assigned_order
1666495819,1993,state_change,BUSY,assigned_order
1666495819,2019,state_change,BUSY,assigned_order
1666495819,1028,state_change,BUSY,assigned_order
1666495819,3629,state_change,BUSY,assigned_order
1666495819,4623,state_change,BUSY,assigned_order
1666495819,844,state_change,BUSY,assigned_order
1666495819,1403,state_change,BUSY,assigned_order
1666495819,1645,state_change,BUSY,assigned_order
1666495819,3741,state_change,BUSY,assigned_order
1666495819,49,state_change,BUSY,assigned_order
1666495819,605,state_change,BUSY,assigned_order
1666495819,705,state_change,BUSY,assigned_order
1666495819,758,state_change,BUSY,assigned_order
1666495819,534,state_change,BUSY,assigned_order
1666495819,4671,state_change,BUSY,assigned_order
1666495819,3631,state_change,BUSY,assigned_order
1666495819,1072,state_change,BUSY,assigned_order
1666495819,1243,state_change,BUSY,assigned_order
1666495819,700,state_change,BUSY,assigned_order
1666495819,1369,state_change,BUSY,assigned_order
1666495819,4140,state_change,BUSY,assigned_order
1666495819,4095,state_change,BUSY,assigned_order
1666495819,1528,state_change,BUSY,assigned_order
1666495819,3034,state_change,BUSY,assigned_order
1666495819,3005,state_change,BUSY,assigned_order
1666495819,4277,state_change,BUSY,assigned_order
1666495819,515,state_change,BUSY,assigned_order
1666495819,4003,state_change,BUSY,assigned_order
1666495819,3939,state_change,BUSY,assigned_order
1666495819,850,state_change,BUSY,assigned_order
1666495819,581,state_change,BUSY,assigned_order
1666495819,1131,state_change,BUSY,assigned_order
1666495819,745,state_change,BUSY,assigned_order
1666495819,1735,state_change,BUSY,assigned_order
1666495819,1469,state_change,BUSY,assigned_order
1666495819,2231,state_change,BUSY,assigned_order
1666495819,2811,state_change,BUSY,assigned_order
1666495819,3375,state_change,BUSY,assigned_order
1666495819,2464,state_change,BUSY,assigned_order
1666495819,883,state_change,BUSY,assigned_order
1666495819,3518,state_change,BUSY,assigned_order
1666495819,650,state_change,BUSY,assigned_order
1666495819,1381,state_change,BUSY,assigned_order
1666495819,1510,state_change,BUSY,assigned_order
1666495819,2880,state_change,BUSY,assigned_order
1666495819,4377,state_change,BUSY,assigned_order
1666495819,584,state_change,BUSY,assigned_order
1666495819,1973,state_change,BUSY,assigned_order
1666495819,1904,state_change,BUSY,assigned_order
1666495819,2057,state_change,BUSY,assigned_order
1666495819,1692,state_change,BUSY,assigned_order
1666495819,2819,state_change,BUSY,assigned_order
1666495819,3680,state_change,BUSY,assigned_order
1666495819,3213,state_change,BUSY,assigned_order
1666495819,4487,state_change,BUSY,assigned_order
1666495819,3862,state_change,BUSY,assigned_order
1666495819,1936,state_change,BUSY,assigned_order
1666495819,2523,state_change,BUSY,assigned_order
1666495819,2700,state_change,BUSY,assigned_order
1666495819,1477,state_change,BUSY,assigned_order
1666495819,1617,state_change,BUSY,assigned_order
1666495819,423,state_change,BUSY,assigned_order
1666495819,3091,state_change,BUSY,assigned_order
1666495819,875,state_change,BUSY,assigned_order
1666495819,4028,state_change,BUSY,assigned_order
1666495819,3840,state_change,BUSY,assigned_order
1666495819,3562,state_change,BUSY,assigned_order
1666495819,2090,state_change,BUSY,assigned_order
1666495819,1012,state_change,BUSY,assigned_order
1666495819,1760,state_change,BUSY,assigned_order
1666495819,3458,state_change,BUSY,assigned_order
1666495819,988,state_change,BUSY,assigned_order
1666495819,4075,state_change,BUSY,assigned_order
1666495819,413,state_change,BUSY,assigned_order
1666495819,3086,state_change,BUSY,assigned_order
1666495819,2802,state_change,BUSY,assigned_order
1666495819,1338,state_change,BUSY,assigned_order
1666495819,1914,state_change,BUSY,assigned_order
1666495819,1759,state_change,BUSY,assigned_order
1666495819,4130,state_change,BUSY,assigned_order
1666495819,4674,state_change,BUSY,assigned_order
1666495819,3467,state_change,BUSY,assigned_order
1666495819,3311,state_change,BUSY,assigned_order
1666495819,854,state_change,BUSY,assigned_order
1666495819,2229,state_change,BUSY,assigned_order
1666495819,2969,state_change,BUSY,assigned_order
1666495819,4065,state_change,BUSY,assigned_order
1666495819,2136,state_change,BUSY,assigned_order
1666495819,1281,state_change,BUSY,assigned_order
1666495819,1389,state_change,BUSY,assigned_order
1666495819,336,state_change,BUSY,assigned_order
1666495819,479,state_change,BUSY,assigned_order
1666495819,2943,state_change,BUSY,assigned_order
1666495819,790,state_change,BUSY,assigned_order
1666495819,860,state_change,BUSY,assigned_order
1666495819,3880,state_change,BUSY,assigned_order
1666495819,193,state_change,BUSY,assigned_order
1666495819,1524,state_change,BUSY,assigned_order
1666495819,4802,state_change,BUSY,assigned_order
1666495819,4474,state_change,BUSY,assigned_order
1666495819,3577,state_change,BUSY,assigned_order
1666495819,1848,state_change,BUSY,assigned_order
1666495819,3437,state_change,BUSY,assigned_order
1666495819,641,state_change,BUSY,assigned_order
1666495819,104,state_change,BUSY,assigned_order
1666495819,1007,state_change,BUSY,assigned_order
1666495819,832,state_change,BUSY,assigned_order
1666495819,2830,state_change,BUSY,assigned_order
1666495819,4220,state_change,BUSY,assigned_order
1666495819,2980,state_change,BUSY,assigned_order
1666495819,597,state_change,BUSY,assigned_order
1666495819,3817,state_change,BUSY,assigned_order
1666495819,4315,state_change,BUSY,assigned_order
1666495819,4580,state_change,BUSY,assigned_order
1666495819,1487,state_change,BUSY,assigned_order
1666495819,82,state_change,BUSY,assigned_order
1666495819,2590,state_change,BUSY,assigned_order
1666495819,482,state_change,BUSY,assigned_order
1666495819,370,state_change,BUSY,assigned_order
1666495819,3798,state_change,BUSY,assigned_order
1666495819,3014,state_change,BUSY,assigned_order
1666495819,4459,state_change,BUSY,assigned_order
1666495819,154,state_change,BUSY,assigned_order
1666495819,1147,state_change,BUSY,assigned_order
1666495819,3412,state_change,BUSY,assigned_order
1666495819,2733,state_change,BUSY,assigned_order
1666495819,2529,state_change,BUSY,assigned_order
1666495819,182,state_change,BUSY,assigned_order
1666495819,119,state_change,BUSY,assigned_order
1666495819,3593,state_change,BUSY,assigned_order
1666495819,2452,state_change,BUSY,assigned_order
1666495819,4010,state_change,BUSY,assigned_order
1666495819,3498,state_change,BUSY,assigned_order
1666495819,1124,state_change,BUSY,assigned_order
1666495819,717,state_change,BUSY,assigned_order
1666495819,1244,state_change,BUSY,assigned_order
1666495819,1649,state_change,BUSY,assigned_order
1666495819,708,state_change,BUSY,assigned_order
1666495819,2138,state_change,BUSY,assigned_order
1666495819,1294,state_change,BUSY,assigned_order
1666495819,391,state_change,BUSY,assigned_order
1666495819,3135,state_change,BUSY,assigned_order
1666495819,240,state_change,BUSY,assigned_order
1666495819,1406,state_change,BUSY,assigned_order
1666495819,1292,state_change,BUSY,assigned_order
1666495819,4524,state_change,BUSY,assigned_order
1666495819,263,state_change,BUSY,assigned_order
1666495819,4383,state_change,BUSY,assigned_order
1666495819,2506,state_change,BUSY,assigned_order
1666495819,3381,state_change,BUSY,assigned_order
1666495819,1797,state_change,BUSY,assigned_order
1666495819,3341,state_change,BUSY,assigned_order
1666495819,3121,state_change,BUSY,assigned_order
1666495819,509,state_change,BUSY,assigned_order
1666495819,3559,state_change,BUSY,assigned_order
1666495819,2555,state_change,BUSY,assigned_order
1666495819,1836,state_change,BUSY,assigned_order
1666495819,2726,state_change,BUSY,assigned_order
1666495819,3349,state_change,BUSY,assigned_order
1666495819,4391,state_change,BUSY,assigned_order
1666495819,3788,state_change,BUSY,assigned_order
1666495819,4401,state_change,BUSY,assigned_order
1666495819,3783,state_change,BUSY,assigned_order
1666495819,3330,state_change,BUSY,assigned_order
1666495819,1539,state_change,BUSY,assigned_order
1666495819,910,state_change,BUSY,assigned_order
1666495819,1720,state_change,BUSY,assigned_order
1666495819,1395,state_change,BUSY,assigned_order
1666495819,1491,state_change,BUSY,assigned_order
1666495819,946,state_change,BUSY,assigned_order
1666495819,257,state_change,BUSY,assigned_order
1666495819,4877,state_change,BUSY,assigned_order
1666495819,55,state_change,BUSY,assigned_order
1666495819,4594,state_change,BUSY,assigned_order
1666495819,1496,state_change,BUSY,assigned_order
1666495819,736,state_change,BUSY,assigned_order
1666495819,4150,state_change,BUSY,assigned_order
1666495819,1077,state_change,BUSY,assigned_order
1666495819,3041,state_change,BUSY,assigned_order
1666495819,242,state_change,BUSY,assigned_order
1666495819,1580,state_change,BUSY,assigned_order
1666495819,140,state_change,BUSY,assigned_order
1666495819,1447,state_change,BUSY,assigned_order
1666495819,2302,state_change,BUSY,assigned_order
1666495819,2332,state_change,BUSY,assigned_order
1666495819,3982,state_change,BUSY,assigned_order
1666495819,737,state_change,BUSY,assigned_order
1666495819,2105,state_change,BUSY,assigned_order
1666495819,2394,state_change,BUSY,assigned_order
1666495819,2844,state_change,BUSY,assigned_order
1666495819,2349,state_change,BUSY,assigned_order
1666495819,3875,state_change,BUSY,assigned_order
1666495819,4120,state_change,BUSY,assigned_order
1666495819,1738,state_change,BUSY,assigned_order
1666495819,1905,state_change,BUSY,assigned_order
1666495819,59,state_change,BUSY,assigned_order
1666495819,429,state_change,BUSY,assigned_order
1666495819,3971,state_change,BUSY,assigned_order
1666495819,4810,state_change,BUSY,assigned_order
1666495819,4154,state_change,BUSY,assigned_order
1666495819,1157,state_change,BUSY,assigned_order
1666495819,2204,state_change,BUSY,assigned_order
1666495819,176,state_change,BUSY,assigned_order
1666495819,1473,state_change,BUSY,assigned_order
1666495819,2318,state_change,BUSY,assigned_order
1666495819,3648,state_change,BUSY,assigned_order
1666495819,1418,state_change,BUSY,assigned_order
1666495819,2124,state_change,BUSY,assigned_order
1666495819,2607,state_change,BUSY,assigned_order
1666495819,4178,state_change,BUSY,assigned_order
1666495819,333,state_change,BUSY,assigned_order
1666495819,4380,state_change,BUSY,assigned_order
1666495819,3116,state_change,BUSY,assigned_order
1666495819,123,state_change,BUSY,assigned_order
1666495819,4668,state_change,BUSY,assigned_order
1666495819,1111,state_change,BUSY,assigned_order
1666495819,3011,state_change,BUSY,assigned_order
1666495819,4786,state_change,BUSY,assigned_order
1666495819,172,state_change,BUSY,assigned_order
1666495819,2468,state_change,BUSY,assigned_order
1666495819,2805,state_change,BUSY,assigned_order
1666495819,2565,state_change,BUSY,assigned_order
1666495819,4388,state_change,BUSY,assigned_order
1666495819,3237,state_change,BUSY,assigned_order
1666495819,2587,state_change,BUSY,assigned_order
1666495819,1375,state_change,BUSY,assigned_order
1666495819,4125,state_change,BUSY,assigned_order
1666495819,4042,state_change,BUSY,assigned_order
1666495819,2630,state_change,BUSY,assigned_order
1666495819,3216,state_change,BUSY,assigned_order
1666495819,2290,state_change,BUSY,assigned_order
1666495819,839,state_change,BUSY,assigned_order
1666495819,1770,state_change,BUSY,assigned_order
1666495819,3919,state_change,BUSY,assigned_order
1666495819,4648,state_change,BUSY,assigned_order
1666495819,1025,state_change,BUSY,assigned_order
1666495819,2789,state_change,BUSY,assigned_order
1666495819,620,state_change,BUSY,assigned_order
1666495819,1340,state_change,BUSY,assigned_order
1666495819,3451,state_change,BUSY,assigned_order
1666495819,4164,state_change,BUSY,assigned_order
1666495819,471,state_change,BUSY,assigned_order
1666495819,2788,state_change,BUSY,assigned_order
1666495819,3660,state_change,BUSY,assigned_order
1666495819,1337,state_change,BUSY,assigned_order
1666495819,873,state_change,BUSY,assigned_order
1666495819,4079,state_change,BUSY,assigned_order
1666495819,2067,state_change,BUSY,assigned_order
1666495819,703,state_change,BUSY,assigned_order
1666495819,1097,state_change,BUSY,assigned_order
1666495819,1081,state_change,BUSY,assigned_order
1666495819,1464,state_change,BUSY,assigned_order
1666495819,367,state_change,BUSY,assigned_order
1666495819,4256,state_change,BUSY,assigned_order
1666495819,4527,state_change,BUSY,assigned_order
1666495819,3724,state_change,BUSY,assigned_order
1666495819,3587,state_change,BUSY,assigned_order
1666495819,100,state_change,BUSY,assigned_order
1666495819,792,state_change,BUSY,assigned_order
1666495819,3329,state_change,BUSY,assigned_order
1666495819,1268,state_change,BUSY,assigned_order
1666495819,334,state_change,BUSY,assigned_order
1666495819,977,state_change,BUSY,assigned_order
1666495819,568,state_change,BUSY,assigned_order
1666495819,3572,state_change,BUSY,assigned_order
1666495819,102,state_change,BUSY,assigned_order
1666495819,4899,state_change,BUSY,assigned_order
1666495819,1894,state_change,BUSY,assigned_order
1666495819,2126,state_change,BUSY,assigned_order
1666495819,3191,state_change,BUSY,assigned_order
1666495819,4730,state_change,BUSY,assigned_order
1666495819,2046,state_change,BUSY,assigned_order
1666495819,3951,state_change,BUSY,assigned_order
1666495819,128,state_change,BUSY,assigned_order
1666495819,4269,state_change,BUSY,assigned_order
1666495819,3887,state_change,BUSY,assigned_order
1666495819,496,state_change,BUSY,assigned_order
1666495819,28,state_change,BUSY,assigned_order
1666495819,1627,state_change,BUSY,assigned_order
1666495819,1466,state_change,BUSY,assigned_order
1666495819,3356,state_change,BUSY,assigned_order
1666495819,918,state_change,BUSY,assigned_order
1666495819,819,state_change,BUSY,assigned_order
1666495819,2643,state_change,BUSY,assigned_order
1666495819,248,state_change,BUSY,assigned_order
1666495819,2379,state_change,BUSY,assigned_order
1666495819,3912,state_change,BUSY,assigned_order
1666495819,214,state_change,BUSY,assigned_order
1666495819,3012,state_change,BUSY,assigned_order
1666495819,379,state_change,BUSY,assigned_order
1666495819,3374,state_change,BUSY,assigned_order
1666495819,3800,state_change,BUSY,assigned_order
1666495819,627,state_change,BUSY,assigned_order
1666495819,2723,state_change,BUSY,assigned_order
1666495819,414,state_change,BUSY,assigned_order
1666495819,3619,state_change,BUSY,assigned_order
1666495819,3132,state_change,BUSY,assigned_order
1666495819,203,state_change,BUSY,assigned_order
1666495819,1509,state_change,BUSY,assigned_order
1666495819,3347,state_change,BUSY,assigned_order
1666495819,1516,state_change,BUSY,assigned_order
1666495819,531,state_change,BUSY,assigned_order
1666495819,497,state_change,BUSY,assigned_order
1666495819,617,state_change,BUSY,assigned_order
1666495819,399,state_change,BUSY,assigned_order
1666495819,2292,state_change,BUSY,assigned_order
1666495819,3407,state_change,BUSY,assigned_order
1666495819,2995,state_change,BUSY,assigned_order
1666495819,3976,state_change,BUSY,assigned_order
1666495819,247,state_change,BUSY,assigned_order
1666495819,1388,state_change,BUSY,assigned_order
1666495819,693,state_change,BUSY,assigned_order
1666495819,3042,state_change,BUSY,assigned_order
1666495819,3595,state_change,BUSY,assigned_order
1666495819,591,state_change,BUSY,assigned_order
1666495819,1325,state_change,BUSY,assigned_order
1666495819,2647,state_change,BUSY,assigned_order
1666495819,1605,state_change,BUSY,assigned_order
1666495819,4294,state_change,BUSY,assigned_order
1666495819,4082,state_change,BUSY,assigned_order
1666495819,996,state_change,BUSY,assigned_order
1666495819,2107,state_change,BUSY,assigned_order
1666495819,1609,state_change,BUSY,assigned_order
1666495819,416,state_change,BUSY,assigned_order
1666495819,3975,state_change,BUSY,assigned_order
1666495819,4494,state_change,BUSY,assigned_order
1666495819,849,state_change,BUSY,assigned_order
1666495819,2301,state_change,BUSY,assigned_order
1666495819,1199,state_change,BUSY,assigned_order
1666495819,4597,state_change,BUSY,assigned_order
1666495819,1695,state_change,BUSY,assigned_order
1666495819,1312,state_change,BUSY,assigned_order
1666495819,4656,state_change,BUSY,assigned_order
1666495819,2417,state_change,BUSY,assigned_order
1666495819,3416,state_change,BUSY,assigned_order
1666495819,1498,state_change,BUSY,assigned_order
1666495819,3615,state_change,BUSY,assigned_order
1666495819,3729,state_change,BUSY,assigned_order
1666495819,149,state_change,BUSY,assigned_order
1666495819,2039,state_change,BUSY,assigned_order
1666495819,1361,state_change,BUSY,assigned_order
1666495819,75,state_change,BUSY,assigned_order
1666495819,1591,state_change,BUSY,assigned_order
1666495819,4006,state_change,BUSY,assigned_order
1666495819,473,state_change,BUSY,assigned_order
1666495819,2623,state_change,BUSY,assigned_order
1666495819,2964,state_change,BUSY,assigned_order
1666495819,485,state_change,BUSY,assigned_order
1666495819,4103,state_change,BUSY,assigned_order
1666495819,4024,state_change,BUSY,assigned_order
1666495819,1417,state_change,BUSY,assigned_order
1666495819,3785,state_change,BUSY,assigned_order
1666495819,4521,state_change,BUSY,assigned_order
1666495819,1725,state_change,BUSY,assigned_order
1666495819,4326,state_change,BUSY,assigned_order
1666495819,322,state_change,BUSY,assigned_order
1666495819,1146,state_change,BUSY,assigned_order
1666495819,2615,state_change,BUSY,assigned_order
1666495819,843,state_change,BUSY,assigned_order
1666495819,1747,state_change,BUSY,assigned_order
1666495819,94,state_change,BUSY,assigned_order
1666495819,2559,state_change,BUSY,assigned_order
1666495819,1504,state_change,BUSY,assigned_order
1666495819,3310,state_change,BUSY,assigned_order
1666495819,3536,state_change,BUSY,assigned_order
1666495819,3895,state_change,BUSY,assigned_order
1666495819,1039,state_change,BUSY,assigned_order
1666495819,1887,state_change,BUSY,assigned_order
1666495819,3795,state_change,BUSY,assigned_order
1666495819,3509,state_change,BUSY,assigned_order
1666495819,2662,state_change,BUSY,assigned_order
1666495819,2900,state_change,BUSY,assigned_order
1666495819,2924,state_change,BUSY,assigned_order
1666495819,3499,state_change,BUSY,assigned_order
1666495819,2599,state_change,BUSY,assigned_order
1666495819,2127,state_change,BUSY,assigned_order
1666495819,51,state_change,BUSY,assigned_order
1666495819,3434,state_change,BUSY,assigned_order
1666495819,1414,state_change,BUSY,assigned_order
1666495819,316,state_change,BUSY,assigned_order
1666495819,1710,state_change,BUSY,assigned_order
1666495819,70,state_change,BUSY,assigned_order
1666495819,1751,state_change,BUSY,assigned_order
1666495819,401,state_change,BUSY,assigned_order
1666495819,1193,state_change,BUSY,assigned_order
1666495819,2793,state_change,BUSY,assigned_order
1666495819,1088,state_change,BUSY,assigned_order
1666495819,3515,state_change,BUSY,assigned_order
1666495819,2455,state_change,BUSY,assigned_order
1666495819,1833,state_change,BUSY,assigned_order
1666495819,3762,state_change,BUSY,assigned_order
1666495819,1484,state_change,BUSY,assigned_order
1666495819,3201,state_change,BUSY,assigned_order
1666495819,21,state_change,BUSY,assigned_order
1666495819,2558,state_change,BUSY,assigned_order
1666495819,831,state_change,BUSY,assigned_order
1666495819,3605,state_change,BUSY,assigned_order
1666495819,4836,state_change,BUSY,assigned_order
1666495819,1687,state_change,BUSY,assigned_order
1666495819,1911,state_change,BUSY,assigned_order
1666495819,887,state_change,BUSY,assigned_order
1666495819,351,state_change,BUSY,assigned_order
1666495819,1721,state_change,BUSY,assigned_order
1666495819,3958,state_change,BUSY,assigned_order
1666495819,2551,state_change,BUSY,assigned_order
1666495819,655,state_change,BUSY,assigned_order
1666495819,469,state_change,BUSY,assigned_order
1666495819,4223,state_change,BUSY,assigned_order
1666495819,2722,state_change,BUSY,assigned_order
1666495819,3786,state_change,BUSY,assigned_order
1666495819,1332,state_change,BUSY,assigned_order
1666495819,2999,state_change,BUSY,assigned_order
1666495819,4896,state_change,BUSY,assigned_order
1666495819,2945,state_change,BUSY,assigned_order
1666495819,2031,state_change,BUSY,assigned_order
1666495819,3161,state_change,BUSY,assigned_order
1666495819,1035,state_change,BUSY,assigned_order
1666495819,4737,state_change,BUSY,assigned_order
1666495819,3108,state_change,BUSY,assigned_order
1666495819,2413,state_change,BUSY,assigned_order
1666495819,350,state_change,BUSY,assigned_order
1666495819,1782,state_change,BUSY,assigned_order
1666495819,1740,state_change,BUSY,assigned_order
1666495819,16,state_change,BUSY,assigned_order
1666495819,4591,state_change,BUSY,assigned_order
1666495819,1059,state_change,BUSY,assigned_order
1666495819,2902,state_change,BUSY,assigned_order
1666495819,942,state_change,BUSY,assigned_order
1666495819,4417,state_change,BUSY,assigned_order
1666495819,779,state_change,BUSY,assigned_order
1666495819,1957,state_change,BUSY,assigned_order
1666495819,1208,state_change,BUSY,assigned_order
1666495819,4513,state_change,BUSY,assigned_order
1666495819,846,state_change,BUSY,assigned_order
1666495819,3522,state_change,BUSY,assigned_order
1666495819,4910,state_change,BUSY,assigned_order
1666495819,1384,state_change,BUSY,assigned_order
1666495819,528,state_change,BUSY,assigned_order
1666495819,436,state_change,BUSY,assigned_order
1666495819,1775,state_change,BUSY,assigned_order
1666495819,2386,state_change,BUSY,assigned_order
1666495819,2364,state_change,BUSY,assigned_order
1666495819,812,state_change,BUSY,assigned_order
1666495819,654,state_change,BUSY,assigned_order
1666495819,3504,state_change,BUSY,assigned_order
1666495819,848,state_change,BUSY,assigned_order
1666495819,2305,state_change,BUSY,assigned_order
1666495819,4013,state_change,BUSY,assigned_order
1666495819,1892,state_change,BUSY,assigned_order
1666495819,908,state_change,BUSY,assigned_order
1666495819,314,state_change,BUSY,assigned_order
1666495819,1150,state_change,BUSY,assigned_order
1666495819,3636,state_change,BUSY,assigned_order
1666495819,731,state_change,BUSY,assigned_order
1666495819,1943,state_change,BUSY,assigned_order
1666495819,3490,state_change,BUSY,assigned_order
1666495819,985,state_change,BUSY,assigned_order
1666495819,1413,state_change,BUSY,assigned_order
1666495819,321,state_change,BUSY,assigned_order
1666495819,3825,state_change,BUSY,assigned_order
1666495819,4268,state_change,BUSY,assigned_order
1666495819,2646,state_change,BUSY,assigned_order
1666495819,4156,state_change,BUSY,assigned_order
1666495819,2395,state_change,BUSY,assigned_order
1666495819,2247,state_change,BUSY,assigned_order
1666495819,4202,state_change,BUSY,assigned_order
1666495819,3580,state_change,BUSY,assigned_order
1666495819,4359,state_change,BUSY,assigned_order
1666495819,2401,state_change,BUSY,assigned_order
1666495819,1928,state_change,BUSY,assigned_order
1666495819,1538,state_change,BUSY,assigned_order
1666495819,1571,state_change,BUSY,assigned_order
1666495819,4859,state_change,BUSY,assigned_order
1666495819,3203,state_change,BUSY,assigned_order
1666495819,2199,state_change,BUSY,assigned_order
1666495819,1564,state_change,BUSY,assigned_order
1666495819,2755,state_change,BUSY,assigned_order
1666495819,3586,state_change,BUSY,assigned_order
1666495819,2884,state_change,BUSY,assigned_order
1666495819,957,state_change,BUSY,assigned_order
1666495819,4729,state_change,BUSY,assigned_order
1666495819,229,state_change,BUSY,assigned_order
1666495819,2785,state_change,BUSY,assigned_order
1666495819,2864,state_change,BUSY,assigned_order
1666495819,407,state_change,BUSY,assigned_order
1666495819,2928,state_change,BUSY,assigned_order
1666495819,1383,state_change,BUSY,assigned_order
1666495819,3799,state_change,BUSY,assigned_order
1666495819,2267,state_change,BUSY,assigned_order
1666495819,81,state_change,BUSY,assigned_order
1666495819,4257,state_change,BUSY,assigned_order
1666495819,1029,state_change,BUSY,assigned_order
1666495819,2574,state_change,BUSY,assigned_order
1666495819,25,state_change,BUSY,assigned_order
1666495819,2050,state_change,BUSY,assigned_order
1666495819,4641,state_change,BUSY,assigned_order
1666495819,3997,state_change,BUSY,assigned_order
1666495819,3066,state_change,BUSY,assigned_order
1666495819,1011,state_change,BUSY,assigned_order
1666495819,2532,state_change,BUSY,assigned_order
1666495819,3436,state_change,BUSY,assigned_order
1666495819,2371,state_change,BUSY,assigned_order
1666495819,909,state_change,BUSY,assigned_order
1666495819,2601,state_change,BUSY,assigned_order
1666495819,192,state_change,BUSY,assigned_order
1666495819,991,state_change,BUSY,assigned_order
1666495819,2222,state_change,BUSY,assigned_order
1666495819,992,state_change,BUSY,assigned_order
1666495819,3571,state_change,BUSY,assigned_order
1666495819,1677,state_change,BUSY,assigned_order
1666495819,2250,state_change,BUSY,assigned_order
1666495819,4772,state_change,BUSY,assigned_order
1666495819,2071,state_change,BUSY,assigned_order
1666495819,4128,state_change,BUSY,assigned_order
1666495819,2425,state_change,BUSY,assigned_order
1666495819,714,state_change,BUSY,assigned_order
1666495819,3168,state_change,BUSY,assigned_order
1666495819,1998,state_change,BUSY,assigned_order
1666495819,3640,state_change,BUSY,assigned_order
1666495819,2175,state_change,BUSY,assigned_order
1666495819,4350,state_change,BUSY,assigned_order
1666495819,635,state_change,BUSY,assigned_order
1666495819,398,state_change,BUSY,assigned_order
1666495819,2091,state_change,BUSY,assigned_order
1666495819,1776,state_change,BUSY,assigned_order
1666495819,2883,state_change,BUSY,assigned_order
1666495819,1156,state_change,BUSY,assigned_order
1666495819,3273,state_change,BUSY,assigned_order
1666495819,2011,state_change,BUSY,assigned_order
1666495819,2032,state_change,BUSY,assigned_order
1666495819,4582,state_change,BUSY,assigned_order
1666495819,2727,state_change,BUSY,assigned_order
1666495819,3441,state_change,BUSY,assigned_order
1666495819,3720,state_change,BUSY,assigned_order
1666495819,1717,state_change,BUSY,assigned_order
1666495819,1883,state_change,BUSY,assigned_order
1666495819,3332,state_change,BUSY,assigned_order
1666495819,1008,state_change,BUSY,assigned_order
1666495819,795,state_change,BUSY,assigned_order
1666495819,1801,state_change,BUSY,assigned_order
1666495819,4475,state_change,BUSY,assigned_order
1666495819,872,state_change,BUSY,assigned_order
1666495819,4689,state_change,BUSY,assigned_order
1666495819,1062,state_change,BUSY,assigned_order
1666495819,2010,state_change,BUSY,assigned_order
1666495819,4613,state_change,BUSY,assigned_order
1666495819,4420,state_change,BUSY,assigned_order
1666495819,924,state_change,BUSY,assigned_order
1666495819,3508,state_change,BUSY,assigned_order
1666495819,4311,state_change,BUSY,assigned_order
1666495819,1344,state_change,BUSY,assigned_order
1666495819,3534,state_change,BUSY,assigned_order
1666495819,965,state_change,BUSY,assigned_order
1666495819,2211,state_change,BUSY,assigned_order
1666495819,310,state_change,BUSY,assigned_order
1666495819,2916,state_change,BUSY,assigned_order
1666495819,4364,state_change,BUSY,assigned_order
1666495819,451,state_change,BUSY,assigned_order
1666495819,3980,state_change,BUSY,assigned_order
1666495819,2325,state_change,BUSY,assigned_order
1666495819,3093,state_change,BUSY,assigned_order
1666495819,1,state_change,BUSY,assigned_order
1666495819,1066,state_change,BUSY,assigned_order
1666495819,2706,state_change,BUSY,assigned_order
1666495819,1293,state_change,BUSY,assigned_order
1666495819,290,state_change,BUSY,assigned_order
1666495819,2143,state_change,BUSY,assigned_order
1666495819,1506,state_change,BUSY,assigned_order
1666495819,3335,state_change,BUSY,assigned_order
1666495819,3537,state_change,BUSY,assigned_order
1666495819,1022,state_change,BUSY,assigned_order
1666495819,4445,state_change,BUSY,assigned_order
1666495819,1559,state_change,BUSY,assigned_order
1666495819,4304,state_change,BUSY,assigned_order
1666495819,3046,state_change,BUSY,assigned_order
1666495819,4136,state_change,BUSY,assigned_order
1666495819,1158,state_change,BUSY,assigned_order
1666495819,572,state_change,BUSY,assigned_order
1666495819,2881,state_change,BUSY,assigned_order
1666495819,3145,state_change,BUSY,assigned_order
1666495819,1899,state_change,BUSY,assigned_order
1666495819,4698,state_change,BUSY,assigned_order
1666495819,3526,state_change,BUSY,assigned_order
1666495819,3732,state_change,BUSY,assigned_order
1666495819,583,state_change,BUSY,assigned_order
1666495819,2102,state_change,BUSY,assigned_order
1666495819,1474,state_change,BUSY,assigned_order
1666495819,2612,state_change,BUSY,assigned_order
1666495819,2077,state_change,BUSY,assigned_order
1666495819,4649,state_change,BUSY,assigned_order
1666495819,1972,state_change,BUSY,assigned_order
1666495819,3563,state_change,BUSY,assigned_order
1666495819,3344,state_change,BUSY,assigned_order
1666495819,2708,state_change,BUSY,assigned_order
1666495819,1316,state_change,BUSY,assigned_order
1666495819,9,state_change,BUSY,assigned_order
1666495819,1584,state_change,BUSY,assigned_order
1666495819,3735,state_change,BUSY,assigned_order
1666495819,1829,state_change,BUSY,assigned_order
1666495819,315,state_change,BUSY,assigned_order
1666495819,2859,state_change,BUSY,assigned_order
1666495819,1562,state_change,BUSY,assigned_order
1666495819,2377,state_change,BUSY,assigned_order
1666495819,3257,state_change,BUSY,assigned_order
1666495819,3513,state_change,BUSY,assigned_order
1666495819,2567,state_change,BUSY,assigned_order
1666495819,1031,state_change,BUSY,assigned_order
1666495819,2458,state_change,BUSY,assigned_order
1666495819,1472,state_change,BUSY,assigned_order
1666495819,4832,state_change,BUSY,assigned_order
1666495819,3156,state_change,BUSY,assigned_order
1666495819,746,state_change,BUSY,assigned_order
1666495819,1438,state_change,BUSY,assigned_order
1666495819,3250,state_change,BUSY,assigned_order
1666495819,1191,state_change,BUSY,assigned_order
1666495819,1913,state_change,BUSY,assigned_order
1666495819,3626,state_change,BUSY,assigned_order
1666495819,2472,state_change,BUSY,assigned_order
1666495819,3294,state_change,BUSY,assigned_order
1666495819,2730,state_change,BUSY,assigned_order
1666495819,3070,state_change,BUSY,assigned_order
1666495819,4515,state_change,BUSY,assigned_order
1666495819,3554,state_change,BUSY,assigned_order
1666495819,2427,state_change,BUSY,assigned_order
1666495819,330,state_change,BUSY,assigned_order
1666495819,1572,state_change,BUSY,assigned_order
1666495819,4398,state_change,BUSY,assigned_order
1666495819,4122,state_change,BUSY,assigned_order
1666495819,2546,state_change,BUSY,assigned_order
1666495819,936,state_change,BUSY,assigned_order
1666495819,382,state_change,BUSY,assigned_order
1666495819,389,state_change,BUSY,assigned_order
1666495819,3730,state_change,BUSY,assigned_order
1666495819,3981,state_change,BUSY,assigned_order
1666495819,2569,state_change,BUSY,assigned_order
1666495819,2168,state_change,BUSY,assigned_order
1666495819,4834,state_change,BUSY,assigned_order
1666495819,1074,state_change,BUSY,assigned_order
1666495819,3836,state_change,BUSY,assigned_order
1666495819,4198,state_change,BUSY,assigned_order
1666495819,2777,state_change,BUSY,assigned_order
1666495819,156,state_change,BUSY,assigned_order
1666495819,1049,state_change,BUSY,assigned_order
1666495819,18,state_change,BUSY,assigned_order
1666495819,152,state_change,BUSY,assigned_order
1666495819,481,state_change,BUSY,assigned_order
1666495819,4710,state_change,BUSY,assigned_order
1666495819,1202,state_change,BUSY,assigned_order
1666495819,2827,state_change,BUSY,assigned_order
1666495819,2699,state_change,BUSY,assigned_order
1666495819,2262,state_change,BUSY,assigned_order
1666495819,3628,state_change,BUSY,assigned_order
1666495819,2810,state_change,BUSY,assigned_order
1666495819,215,state_change,BUSY,assigned_order
1666495819,735,state_change,BUSY,assigned_order
1666495819,2122,state_change,BUSY,assigned_order
1666495819,962,state_change,BUSY,assigned_order
1666495819,512,state_change,BUSY,assigned_order
1666495819,3662,state_change,BUSY,assigned_order
1666495819,3186,state_change,BUSY,assigned_order
1666495819,4508,state_change,BUSY,assigned_order
1666495819,4308,state_change,BUSY,assigned_order
1666495819,1210,state_change,BUSY,assigned_order
1666495819,2442,state_change,BUSY,assigned_order
1666495819,601,state_change,BUSY,assigned_order
1666495819,1880,state_change,BUSY,assigned_order
1666495819,4356,state_change,BUSY,assigned_order
1666495819,2742,state_change,BUSY,assigned_order
1666495819,1387,state_change,BUSY,assigned_order
1666495819,780,state_change,BUSY,assigned_order
1666495819,2956,state_change,BUSY,assigned_order
1666495819,3100,state_change,BUSY,assigned_order
1666495819,130,state_change,BUSY,assigned_order
1666495819,3469,state_change,BUSY,assigned_order
1666495819,1322,state_change,BUSY,assigned_order
1666495819,3974,state_change,BUSY,assigned_order
1666495819,1576,state_change,BUSY,assigned_order
1666495819,1910,state_change,BUSY,assigned_order
1666495819,683,state_change,BUSY,assigned_order
1666495819,1427,state_change,BUSY,assigned_order
1666495819,2335,state_change,BUSY,assigned_order
1666495819,1733,state_change,BUSY,assigned_order
1666495819,2841,state_change,BUSY,assigned_order
1666495819,3835,state_change,BUSY,assigned_order
1666495819,4160,state_change,BUSY,assigned_order
1666495819,2892,state_change,BUSY,assigned_order
1666495819,3988,state_change,BUSY,assigned_order
1666495819,1233,state_change,BUSY,assigned_order
1666495819,2446,state_change,BUSY,assigned_order
1666495819,3230,state_change,BUSY,assigned_order
1666495819,2790,state_change,BUSY,assigned_order
1666495819,2027,state_change,BUSY,assigned_order
1666495819,4815,state_change,BUSY,assigned_order
1666495819,4464,state_change,BUSY,assigned_order
1666495819,2294,state_change,BUSY,assigned_order
1666495819,380,state_change,BUSY,assigned_order
1666495819,2519,state_change,BUSY,assigned_order
1666495819,3749,state_change,BUSY,assigned_order
1666495819,987,state_change,BUSY,assigned_order
1666495819,882,state_change,BUSY,assigned_order
1666495819,1234,state_change,BUSY,assigned_order
1666495819,1481,state_change,BUSY,assigned_order
1666495819,452,state_change,BUSY,assigned_order
1666495819,959,state_change,BUSY,assigned_order
1666495819,3712,state_change,BUSY,assigned_order
1666495819,2023,state_change,BUSY,assigned_order
1666495819,1657,state_change,BUSY,assigned_order
1666495819,167,state_change,BUSY,assigned_order
1666495819,2876,state_change,BUSY,assigned_order
1666495819,743,state_change,BUSY,assigned_order
1666495819,4151,state_change,BUSY,assigned_order
1666495819,157,state_change,BUSY,assigned_order
1666495819,3791,state_change,BUSY,assigned_order
1666495819,327,state_change,BUSY,assigned_order
1666495819,1280,state_change,BUSY,assigned_order
1666495819,3090,state_change,BUSY,assigned_order
1666495819,3291,state_change,BUSY,assigned_order
1666495819,2416,state_change,BUSY,assigned_order
1666495819,1346,state_change,BUSY,assigned_order
1666495819,2375,state_change,BUSY,assigned_order
1666495819,268,state_change,BUSY,assigned_order
1666495819,3922,state_change,BUSY,assigned_order
1666495819,1594,state_change,BUSY,assigned_order
1666495819,4481,state_change,BUSY,assigned_order
1666495819,4789,state_change,BUSY,assigned_order
1666495819,952,state_change,BUSY,assigned_order
1666495819,4493,state_change,BUSY,assigned_order
1666495819,2207,state_change,BUSY,assigned_order
1666495819,4381,state_change,BUSY,assigned_order
1666495819,536,state_change,BUSY,assigned_order
1666495819,1018,state_change,BUSY,assigned_order
1666495819,3334,state_change,BUSY,assigned_order
1666495819,3287,state_change,BUSY,assigned_order
1666495819,1119,state_change,BUSY,assigned_order
1666495819,2491,state_change,BUSY,assigned_order
1666495819,3389,state_change,BUSY,assigned_order
1666495819,3241,state_change,BUSY,assigned_order
1666495819,4624,state_change,BUSY,assigned_order
1666495819,648,state_change,BUSY,assigned_order
1666495819,2696,state_change,BUSY,assigned_order
1666495819,944,state_change,BUSY,assigned_order
1666495819,4105,state_change,BUSY,assigned_order
1666495819,2978,state_change,BUSY,assigned_order
1666495819,4566,state_change,BUSY,assigned_order
1666495819,3550,state_change,BUSY,assigned_order
1666495819,2817,state_change,BUSY,assigned_order
1666495819,2293,state_change,BUSY,assigned_order
1666495819,3540,state_change,BUSY,assigned_order
1666495819,3926,state_change,BUSY,assigned_order
1666495819,1457,state_change,BUSY,assigned_order
1666495819,4782,state_change,BUSY,assigned_order
1666495819,1832,state_change,BUSY,assigned_order
1666495819,771,state_change,BUSY,assigned_order
1666495819,3528,state_change,BUSY,assigned_order
1666495819,1808,state_change,BUSY,assigned_order
1666495819,3722,state_change,BUSY,assigned_order
1666495819,4844,state_change,BUSY,assigned_order
1666495819,1561,state_change,BUSY,assigned_order
1666495819,428,state_change,BUSY,assigned_order
1666495819,1330,state_change,BUSY,assigned_order
1666495819,2186,state_change,BUSY,assigned_order
1666495819,2017,state_change,BUSY,assigned_order
1666495819,4172,state_change,BUSY,assigned_order
1666495819,4688,state_change,BUSY,assigned_order
1666495819,1032,state_change,BUSY,assigned_order
1666495819,1837,state_change,BUSY,assigned_order
1666495819,4482,state_change,BUSY,assigned_order
1666495819,4400,state_change,BUSY,assigned_order
1666495819,3727,state_change,BUSY,assigned_order
1666495819,3355,state_change,BUSY,assigned_order
1666495819,1918,state_change,BUSY,assigned_order
1666495819,2049,state_change,BUSY,assigned_order
1666495819,1618,state_change,BUSY,assigned_order
1666495819,3295,state_change,BUSY,assigned_order
1666495819,2225,state_change,BUSY,assigned_order
1666495819,2224,state_change,BUSY,assigned_order
1666495819,146,state_change,BUSY,assigned_order
1666495819,3045,state_change,BUSY,assigned_order
1666495819,3558,state_change,BUSY,assigned_order
1666495819,3182,state_change,BUSY,assigned_order
1666495819,124,state_change,BUSY,assigned_order
1666495819,4002,state_change,BUSY,assigned_order
1666495819,1800,state_change,BUSY,assigned_order
1666495819,2485,state_change,BUSY,assigned_order
1666495819,2851,state_change,BUSY,assigned_order
1666495819,2718,state_change,BUSY,assigned_order
1666495819,3075,state_change,BUSY,assigned_order
1666495819,151,state_change,BUSY,assigned_order
1666495819,2932,state_change,BUSY,assigned_order
1666495819,1343,state_change,BUSY,assigned_order
1666495819,4759,state_change,BUSY,assigned_order
1666495819,704,state_change,BUSY,assigned_order
1666495819,1372,state_change,BUSY,assigned_order
1666495819,2404,state_change,BUSY,assigned_order
1666495819,3567,state_change,BUSY,assigned_order
1666495819,92,state_change,BUSY,assigned_order
1666495819,1331,state_change,BUSY,assigned_order
1666495819,3127,state_change,BUSY,assigned_order
1666495819,1222,state_change,BUSY,assigned_order
1666495819,1827,state_change,BUSY,assigned_order
1666495819,2147,state_change,BUSY,assigned_order
1666495819,435,state_change,BUSY,assigned_order
1666495819,764,state_change,BUSY,assigned_order
1666495819,2148,state_change,BUSY,assigned_order
1666495819,4020,state_change,BUSY,assigned_order
1666495819,1603,state_change,BUSY,assigned_order
1666495819,1666,state_change,BUSY,assigned_order
1666495819,913,state_change,BUSY,assigned_order
1666495819,4310,state_change,BUSY,assigned_order
1666495819,3632,state_change,BUSY,assigned_order
1666495819,1178,state_change,BUSY,assigned_order
1666495819,3105,state_change,BUSY,assigned_order
1666495819,2116,state_change,BUSY,assigned_order
1666495819,2156,state_change,BUSY,assigned_order
1666495819,252,state_change,BUSY,assigned_order
1666495819,652,state_change,BUSY,assigned_order
1666495819,522,state_change,BUSY,assigned_order
1666495819,1197,state_change,BUSY,assigned_order
1666495819,1352,state_change,BUSY,assigned_order
1666495819,3850,state_change,BUSY,assigned_order
1666495819,1961,state_change,BUSY,assigned_order
1666495819,3525,state_change,BUSY,assigned_order
1666495819,3707,state_change,BUSY,assigned_order
1666495819,2037,state_change,BUSY,assigned_order
1666495819,3352,state_change,BUSY,assigned_order
1666495819,1845,state_change,BUSY,assigned_order
1666495819,2185,state_change,BUSY,assigned_order
1666495819,1419,state_change,BUSY,assigned_order
1666495819,4317,state_change,BUSY,assigned_order
1666495819,1495,state_change,BUSY,assigned_order
1666495819,4473,state_change,BUSY,assigned_order
1666495819,521,state_change,BUSY,assigned_order
1666495819,983,state_change,BUSY,assigned_order
1666495819,712,state_change,BUSY,assigned_order
1666495819,3364,state_change,BUSY,assigned_order
1666495819,1587,state_change,BUSY,assigned_order
1666495819,4216,state_change,BUSY,assigned_order
1666495819,674,state_change,BUSY,assigned_order
1666495819,1813,state_change,BUSY,assigned_order
1666495819,1537,state_change,BUSY,assigned_order
1666495819,1129,state_change,BUSY,assigned_order
1666495819,4282,state_change,BUSY,assigned_order
1666495819,3036,state_change,BUSY,assigned_order
1666495819,1566,state_change,BUSY,assigned_order
1666495819,4205,state_change,BUSY,assigned_order
1666495819,571,state_change,BUSY,assigned_order
1666495819,3752,state_change,BUSY,assigned_order
1666495819,4238,state_change,BUSY,assigned_order
1666495819,3797,state_change,BUSY,assigned_order
1666495819,4561,state_change,BUSY,assigned_order
1666495819,495,state_change,BUSY,assigned_order
1666495819,1834,state_change,BUSY,assigned_order
1666495819,1701,state_change,BUSY,assigned_order
1666495819,1471,state_change,BUSY,assigned_order
1666495819,499,state_change,BUSY,assigned_order
1666495819,137,state_change,BUSY,assigned_order
1666495819,3903,state_change,BUSY,assigned_order
1666495819,505,state_change,BUSY,assigned_order
1666495819,2927,state_change,BUSY,assigned_order
1666495819,3564,state_change,BUSY,assigned_order
1666495819,3871,state_change,BUSY,assigned_order
1666495819,4564,state_change,BUSY,assigned_order
1666495819,1362,state_change,BUSY,assigned_order
1666495819,1923,state_change,BUSY,assigned_order
1666495819,4769,state_change,BUSY,assigned_order
1666495819,3547,state_change,BUSY,assigned_order
1666495819,4538,state_change,BUSY,assigned_order
1666495819,2296,state_change,BUSY,assigned_order
1666495819,2984,state_change,BUSY,assigned_order
1666495819,3037,state_change,BUSY,assigned_order
1666495819,4872,state_change,BUSY,assigned_order
1666495819,3442,state_change,BUSY,assigned_order
1666495819,2992,state_change,BUSY,assigned_order
1666495819,3827,state_change,BUSY,assigned_order
1666495819,644,state_change,BUSY,assigned_order
1666495819,3118,state_change,BUSY,assigned_order
1666495819,1152,state_change,BUSY,assigned_order
1666495819,4056,state_change,BUSY,assigned_order
1666495819,1756,state_change,BUSY,assigned_order
1666495819,1734,state_change,BUSY,assigned_order
1666495819,1681,state_change,BUSY,assigned_order
1666495819,1205,state_change,BUSY,assigned_order
1666495819,901,state_change,BUSY,assigned_order
1666495819,710,state_change,BUSY,assigned_order
1666495819,3264,state_change,BUSY,assigned_order
1666495819,2384,state_change,BUSY,assigned_order
1666495819,4272,state_change,BUSY,assigned_order
1666495819,3484,state_change,BUSY,assigned_order
1666495819,787,state_change,BUSY,assigned_order
1666495819,4228,state_change,BUSY,assigned_order
1666495819,1545,state_change,BUSY,assigned_order
1666495819,4232,state_change,BUSY,assigned_order
1666495819,2308,state_change,BUSY,assigned_order
1666495819,254,state_change,BUSY,assigned_order
1666495819,2016,state_change,BUSY,assigned_order
1666495819,4704,state_change,BUSY,assigned_order
1666495819,4335,state_change,BUSY,assigned_order
1666495819,2936,state_change,BUSY,assigned_order
1666495819,1960,state_change,BUSY,assigned_order
1666495819,2644,state_change,BUSY,assigned_order
1666495819,39,state_change,BUSY,assigned_order
1666495819,3782,state_change,BUSY,assigned_order
1666495819,3298,state_change,BUSY,assigned_order
1666495819,98,state_change,BUSY,assigned_order
1666495819,4201,state_change,BUSY,assigned_order
1666495819,794,state_change,BUSY,assigned_order
1666495819,4071,state_change,BUSY,assigned_order
1666495819,3403,state_change,BUSY,assigned_order
1666495819,2244,state_change,BUSY,assigned_order
1666495819,1373,state_change,BUSY,assigned_order
1666495819,2716,state_change,BUSY,assigned_order
1666495819,1005,state_change,BUSY,assigned_order
1666495819,2661,state_change,BUSY,assigned_order
1666495819,1940,state_change,BUSY,assigned_order
1666495819,698,state_change,BUSY,assigned_order
1666495819,76,state_change,BUSY,assigned_order
1666495819,1052,state_change,BUSY,assigned_order
1666495819,202,state_change,BUSY,assigned_order
1666495819,3299,state_change,BUSY,assigned_order
1666495819,3102,state_change,BUSY,assigned_order
1666495819,1163,state_change,BUSY,assigned_order
1666495819,3808,state_change,BUSY,assigned_order
1666495819,3227,state_change,BUSY,assigned_order
1666495819,4290,state_change,BUSY,assigned_order
1666495819,2838,state_change,BUSY,assigned_order
1666495819,1799,state_change,BUSY,assigned_order
1666495819,4708,state_change,BUSY,assigned_order
1666495819,598,state_change,BUSY,assigned_order
1666495819,460,state_change,BUSY,assigned_order
1666495819,1705,state_change,BUSY,assigned_order
1666495819,2140,state_change,BUSY,assigned_order
1666495819,3249,state_change,BUSY,assigned_order
1666495819,4847,state_change,BUSY,assigned_order
1666495819,1805,state_change,BUSY,assigned_order
1666495819,2720,state_change,BUSY,assigned_order
1666495819,1939,state_change,BUSY,assigned_order
1666495819,1869,state_change,BUSY,assigned_order
1666495819,427,state_change,BUSY,assigned_order
1666495819,185,state_change,BUSY,assigned_order
1666495819,250,state_change,BUSY,assigned_order
1666495819,1843,state_change,BUSY,assigned_order
1666495819,1959,state_change,BUSY,assigned_order
1666495819,3236,state_change,BUSY,assigned_order
1666495819,366,state_change,BUSY,assigned_order
1666495819,1637,state_change,BUSY,assigned_order
1666495819,3658,state_change,BUSY,assigned_order
1666495819,1871,state_change,BUSY,assigned_order
1666495819,3684,state_change,BUSY,assigned_order
1666495819,3885,state_change,BUSY,assigned_order
1666495819,488,state_change,BUSY,assigned_order
1666495819,3863,state_change,BUSY,assigned_order
1666495819,1107,state_change,BUSY,assigned_order
1666495819,17,state_change,BUSY,assigned_order
1666495819,1674,state_change,BUSY,assigned_order
1666495819,3010,state_change,BUSY,assigned_order
1666495819,3391,state_change,BUSY,assigned_order
1666495819,2106,state_change,BUSY,assigned_order
1666495819,1001,state_change,BUSY,assigned_order
1666495819,4346,state_change,BUSY,assigned_order
1666495819,2573,state_change,BUSY,assigned_order
1666495819,3624,state_change,BUSY,assigned_order
1666495819,2397,state_change,BUSY,assigned_order
1666495819,1397,state_change,BUSY,assigned_order
1666495819,3234,state_change,BUSY,assigned_order
1666495819,3124,state_change,BUSY,assigned_order
1666495819,3432,state_change,BUSY,assigned_order
1666495819,3588,state_change,BUSY,assigned_order
1666495819,1267,state_change,BUSY,assigned_order
1666495819,1736,state_change,BUSY,assigned_order
1666495819,1750,state_change,BUSY,assigned_order
1666495819,3019,state_change,BUSY,assigned_order
1666495819,3248,state_change,BUSY,assigned_order
1666495819,1043,state_change,BUSY,assigned_order
1666495819,3985,state_change,BUSY,assigned_order
1666495819,3387,state_change,BUSY,assigned_order
1666495819,2334,state_change,BUSY,assigned_order
1666495819,3603,state_change,BUSY,assigned_order
1666495819,4827,state_change,BUSY,assigned_order
1666495819,4219,state_change,BUSY,assigned_order
1666495819,2736,state_change,BUSY,assigned_order
1666495819,2560,state_change,BUSY,assigned_order
1666495819,2034,state_change,BUSY,assigned_order
1666495819,4114,state_change,BUSY,assigned_order
1666495819,1371,state_change,BUSY,assigned_order
1666495819,1643,state_change,BUSY,assigned_order
1666495819,1713,state_change,BUSY,assigned_order
1666495819,259,state_change,BUSY,assigned_order
1666495819,3013,state_change,BUSY,assigned_order
1666495819,1607,state_change,BUSY,assigned_order
1666495819,4106,state_change,BUSY,assigned_order
1666495819,823,state_change,BUSY,assigned_order
1666495819,1535,state_change,BUSY,assigned_order
1666495819,4621,state_change,BUSY,assigned_order
1666495819,1700,state_change,BUSY,assigned_order
1666495819,1691,state_change,BUSY,assigned_order
1666495819,4655,state_change,BUSY,assigned_order
1666495819,679,state_change,BUSY,assigned_order
1666495819,1365,state_change,BUSY,assigned_order
1666495819,4461,state_change,BUSY,assigned_order
1666495819,1060,state_change,BUSY,assigned_order
1666495819,4696,state_change,BUSY,assigned_order
1666495819,4230,state_change,BUSY,assigned_order
1666495819,1036,state_change,BUSY,assigned_order
1666495819,2459,state_change,BUSY,assigned_order
1666495819,1697,state_change,BUSY,assigned_order
1666495819,4396,state_change,BUSY,assigned_order
1666495819,3327,state_change,BUSY,assigned_order
1666495819,3776,state_change,BUSY,assigned_order
1666495819,4528,state_change,BUSY,assigned_order
1666495819,3317,state_change,BUSY,assigned_order
1666495819,3080,state_change,BUSY,assigned_order
1666495819,3027,state_change,BUSY,assigned_order
1666495819,2548,state_change,BUSY,assigned_order
1666495819,972,state_change,BUSY,assigned_order
1666495819,1320,state_change,BUSY,assigned_order
1666495819,3064,state_change,BUSY,assigned_order
1666495819,2940,state_change,BUSY,assigned_order
1666495819,2627,state_change,BUSY,assigned_order
1666495819,73,state_change,BUSY,assigned_order
1666495819,3496,state_change,BUSY,assigned_order
1666495819,386,state_change,BUSY,assigned_order
1666495819,3424,state_change,BUSY,assigned_order
1666495819,3897,state_change,BUSY,assigned_order
1666495819,768,state_change,BUSY,assigned_order
1666495819,1004,state_change,BUSY,assigned_order
1666495819,1458,state_change,BUSY,assigned_order
1666495819,4915,state_change,BUSY,assigned_order
1666495819,1323,state_change,BUSY,assigned_order
1666495819,1664,state_change,BUSY,assigned_order
1666495819,1582,state_change,BUSY,assigned_order
1666495819,3594,state_change,BUSY,assigned_order
1666495819,2344,state_change,BUSY,assigned_order
1666495819,2693,state_change,BUSY,assigned_order
1666495819,2227,state_change,BUSY,assigned_order
1666495819,664,state_change,BUSY,assigned_order
1666495819,2075,state_change,BUSY,assigned_order
1666495819,820,state_change,BUSY,assigned_order
1666495819,3545,state_change,BUSY,assigned_order
1666495819,3549,state_change,BUSY,assigned_order
1666495819,3703,state_change,BUSY,assigned_order
1666495819,1376,state_change,BUSY,assigned_order
1666495819,2357,state_change,BUSY,assigned_order
1666495819,4058,state_change,BUSY,assigned_order
1666495819,4147,state_change,BUSY,assigned_order
1666495819,1380,state_change,BUSY,assigned_order
1666495819,1046,state_change,BUSY,assigned_order
1666495819,3758,state_change,BUSY,assigned_order
1666495819,4099,state_change,BUSY,assigned_order
1666495819,2760,state_change,BUSY,assigned_order
1666495819,953,state_change,BUSY,assigned_order
1666495819,4895,state_change,BUSY,assigned_order
1666495819,1608,state_change,BUSY,assigned_order
1666495819,1714,state_change,BUSY,assigned_order
1666495819,3828,state_change,BUSY,assigned_order
1666495819,1308,state_change,BUSY,assigned_order
1666495819,3553,state_change,BUSY,assigned_order
1666495819,3620,state_change,BUSY,assigned_order
1666495819,3740,state_change,BUSY,assigned_order
1666495819,1647,state_change,BUSY,assigned_order
1666495819,400,state_change,BUSY,assigned_order
1666495819,1925,state_change,BUSY,assigned_order
1666495819,1554,state_change,BUSY,assigned_order
1666495819,4433,state_change,BUSY,assigned_order
1666495819,1893,state_change,BUSY,assigned_order
1666495819,2852,state_change,BUSY,assigned_order
1666495819,4060,state_change,BUSY,assigned_order
1666495819,1907,state_change,BUSY,assigned_order
1666495819,2499,state_change,BUSY,assigned_order
1666495819,1679,state_change,BUSY,assigned_order
1666495819,3154,state_change,BUSY,assigned_order
1666495819,4523,state_change,BUSY,assigned_order
1666495819,2068,state_change,BUSY,assigned_order
1666495819,3792,state_change,BUSY,assigned_order
1666495819,3813,state_change,BUSY,assigned_order
1666495819,2711,state_change,BUSY,assigned_order
1666495819,3829,state_change,BUSY,assigned_order
1666495819,1415,state_change,BUSY,assigned_order
1666495819,3153,state_change,BUSY,assigned_order
1666495819,3994,state_change,BUSY,assigned_order
1666495819,3802,state_change,BUSY,assigned_order
1666495819,817,state_change,BUSY,assigned_order
1666495819,3888,state_change,BUSY,assigned_order
1666495819,3223,state_change,BUSY,assigned_order
1666495819,506,state_change,BUSY,assigned_order
1666495819,1534,state_change,BUSY,assigned_order
1666495819,1118,state_change,BUSY,assigned_order
1666495819,35,state_change,BUSY,assigned_order
1666495819,3622,state_change,BUSY,assigned_order
1666495819,4214,state_change,BUSY,assigned_order
1666495819,964,state_change,BUSY,assigned_order
1666495819,1550,state_change,BUSY,assigned_order
1666495819,2387,state_change,BUSY,assigned_order
1666495819,2208,state_change,BUSY,assigned_order
1666495819,4244,state_change,BUSY,assigned_order
1666495819,3942,state_change,BUSY,assigned_order
1666495819,1878,state_change,BUSY,assigned_order
1666495819,4184,state_change,BUSY,assigned_order
1666495819,3955,state_change,BUSY,assigned_order
1666495819,265,state_change,BUSY,assigned_order
1666495819,4145,state_change,BUSY,assigned_order
1666495819,3096,state_change,BUSY,assigned_order
1666495819,3486,state_change,BUSY,assigned_order
1666495819,4051,state_change,BUSY,assigned_order
1666495819,1715,state_change,BUSY,assigned_order
1666495819,2353,state_change,BUSY,assigned_order
1666495819,4041,state_change,BUSY,assigned_order
1666495819,109,state_change,BUSY,assigned_order
1666495819,1941,state_change,BUSY,assigned_order
1666495819,932,state_change,BUSY,assigned_order
1666495819,560,state_change,BUSY,assigned_order
1666495819,3292,state_change,BUSY,assigned_order
1666495819,86,state_change,BUSY,assigned_order
1666495819,4286,state_change,BUSY,assigned_order
1666495819,2058,state_change,BUSY,assigned_order
1666495819,1168,state_change,BUSY,assigned_order
1666495819,2914,state_change,BUSY,assigned_order
1666495819,2566,state_change,BUSY,assigned_order
1666495819,4530,state_change,BUSY,assigned_order
1666495819,4181,state_change,BUSY,assigned_order
1666495819,1929,state_change,BUSY,assigned_order
1666495819,4397,state_change,BUSY,assigned_order
1666495819,2489,state_change,BUSY,assigned_order
1666495819,3839,state_change,BUSY,assigned_order
1666495819,3253,state_change,BUSY,assigned_order
1666495819,2258,state_change,BUSY,assigned_order
1666495819,2432,state_change,BUSY,assigned_order
1666495819,770,state_change,BUSY,assigned_order
1666495819,3224,state_change,BUSY,assigned_order
1666495819,3400,state_change,BUSY,assigned_order
1666495819,3781,state_change,BUSY,assigned_order
1666495819,4345,state_change,BUSY,assigned_order
1666495819,1684,state_change,BUSY,assigned_order
1666495819,4490,state_change,BUSY,assigned_order
1666495819,3483,state_change,BUSY,assigned_order
1666495819,4907,state_change,BUSY,assigned_order
1666495819,2316,state_change,BUSY,assigned_order
1666495819,632,state_change,BUSY,assigned_order
1666495819,2809,state_change,BUSY,assigned_order
1666495819,3851,state_change,BUSY,assigned_order
1666495819,147,state_change,BUSY,assigned_order
1666495819,3604,state_change,BUSY,assigned_order
1666495819,4765,state_change,BUSY,assigned_order
1666495819,1970,state_change,BUSY,assigned_order
1666495819,4367,state_change,BUSY,assigned_order
1666495819,4738,state_change,BUSY,assigned_order
1666495819,2843,state_change,BUSY,assigned_order
1666495819,29,state_change,BUSY,assigned_order
1666495819,3289,state_change,BUSY,assigned_order
1666495819,945,state_change,BUSY,assigned_order
1666495819,4520,state_change,BUSY,assigned_order
1666495819,1917,state_change,BUSY,assigned_order
1666495819,579,state_change,BUSY,assigned_order
1666495819,477,state_change,BUSY,assigned_order
1666495819,561,state_change,BUSY,assigned_order
1666495819,2354,state_change,BUSY,assigned_order
1666495819,1793,state_change,BUSY,assigned_order
1666495819,4004,state_change,BUSY,assigned_order
1666495819,2818,state_change,BUSY,assigned_order
1666495819,1228,state_change,BUSY,assigned_order
1666495819,1659,state_change,BUSY,assigned_order
1666495819,213,state_change,BUSY,assigned_order
1666495819,853,state_change,BUSY,assigned_order
1666495819,2006,state_change,BUSY,assigned_order
1666495819,2712,state_change,BUSY,assigned_order
1666495819,3346,state_change,BUSY,assigned_order
1666495819,2923,state_change,BUSY,assigned_order
1666495819,3440,state_change,BUSY,assigned_order
1666495819,3309,state_change,BUSY,assigned_order
1666495819,1688,state_change,BUSY,assigned_order
1666495819,2310,state_change,BUSY,assigned_order
1666495819,4157,state_change,BUSY,assigned_order
1666495819,2146,state_change,BUSY,assigned_order
1666495819,2503,state_change,BUSY,assigned_order
1666495819,2266,state_change,BUSY,assigned_order
1666495819,2734,state_change,BUSY,assigned_order
1666495819,3312,state_change,BUSY,assigned_order
1666495819,4878,state_change,BUSY,assigned_order
1666495819,4458,state_change,BUSY,assigned_order
1666495819,1194,state_change,BUSY,assigned_order
1666495819,3602,state_change,BUSY,assigned_order
1666495819,62,state_change,BUSY,assigned_order
1666495819,4305,state_change,BUSY,assigned_order
1666495819,594,state_change,BUSY,assigned_order
1666495819,706,state_change,BUSY,assigned_order
1666495819,305,state_change,BUSY,assigned_order
1666495819,2665,state_change,BUSY,assigned_order
1666495819,4271,state_change,BUSY,assigned_order
1666495819,47,state_change,BUSY,assigned_order
1666495819,3856,state_change,BUSY,assigned_order
1666495819,3038,state_change,BUSY,assigned_order
1666495819,3837,state_change,BUSY,assigned_order
1666495819,106,state_change,BUSY,assigned_order
1666495819,2729,state_change,BUSY,assigned_order
1666495819,3204,state_change,BUSY,assigned_order
1666495819,4017,state_change,BUSY,assigned_order
1666495819,2444,state_change,BUSY,assigned_order
1666495819,2376,state_change,BUSY,assigned_order
1666495819,1045,state_change,BUSY,assigned_order
1666495819,4191,state_change,BUSY,assigned_order
1666581917,4506,state_change,AVAILABLE,new_courier
1666581917,3910,state_change,AVAILABLE,new_courier
1666581917,3889,state_change,AVAILABLE,new_courier
1666581917,4240,state_change,AVAILABLE,new_courier
1666581917,4226,state_change,AVAILABLE,new_courier
1666581917,2762,state_change,AVAILABLE,new_courier
1666581917,307,state_change,AVAILABLE,new_courier
1666581917,4371,state_change,AVAILABLE,new_courier
1666581917,3667,state_change,AVAILABLE,new_courier
1666581917,4800,state_change,AVAILABLE,new_courier
1666581917,4682,state_change,AVAILABLE,new_courier
1666581917,3688,state_change,AVAILABLE,new_courier
1666581917,3902,state_change,AVAILABLE,new_courier
1666581917,3388,state_change,AVAILABLE,new_courier
1666581917,4402,state_change,AVAILABLE,new_courier
1666581917,2906,state_change,AVAILABLE,new_courier
1666581917,3701,state_change,AVAILABLE,new_courier
1666581917,2765,state_change,AVAILABLE,new_courier
1666581917,4690,state_change,AVAILABLE,new_courier
1666581917,4478,state_change,AVAILABLE,new_courier
1666581917,2007,state_change,AVAILABLE,new_courier
1666581917,3393,state_change,AVAILABLE,new_courier
1666581917,4667,state_change,AVAILABLE,new_courier
1666581917,4171,state_change,AVAILABLE,new_courier
1666581917,4860,state_change,AVAILABLE,new_courier
1666581917,4361,state_change,AVAILABLE,new_courier
1666581917,4479,state_change,AVAILABLE,new_courier
1666581917,3900,state_change,AVAILABLE,new_courier
1666581917,4614,state_change,AVAILABLE,new_courier
1666581917,3383,state_change,AVAILABLE,new_courier
1666581917,1155,state_change,AVAILABLE,new_courier
1666581917,950,state_change,AVAILABLE,new_courier
1666581917,4416,state_change,AVAILABLE,new_courier
1666581917,4505,state_change,AVAILABLE,new_courier
1666581917,1821,state_change,AVAILABLE,new_courier
1666581917,1774,state_change,AVAILABLE,new_courier
1666581917,2952,state_change,AVAILABLE,new_courier
1666581917,2837,state_change,AVAILABLE,new_courier
1666581917,4770,state_change,AVAILABLE,new_courier
1666581917,3396,state_change,AVAILABLE,new_courier
1666581917,2152,state_change,AVAILABLE,new_courier
1666581917,3687,state_change,AVAILABLE,new_courier
1666581917,4797,state_change,AVAILABLE,new_courier
1666581917,3907,state_change,AVAILABLE,new_courier
1666581917,3906,state_change,AVAILABLE,new_courier
1666581917,4684,state_change,AVAILABLE,new_courier
1666581917,4061,state_change,AVAILABLE,new_courier
1666581917,2911,state_change,AVAILABLE,new_courier
1666581917,2941,state_change,AVAILABLE,new_courier
1666581917,4057,state_change,AVAILABLE,new_courier
1666581917,4245,state_change,AVAILABLE,new_courier
1666581917,2099,state_change,AVAILABLE,new_courier
1666581917,3379,state_change,AVAILABLE,new_courier
1666581917,2910,state_change,AVAILABLE,new_courier
1666581917,3699,state_change,AVAILABLE,new_courier
1666581917,3443,state_change,AVAILABLE,new_courier
1666581917,3868,state_change,AVAILABLE,new_courier
1666581917,4169,state_change,AVAILABLE,new_courier
1666581917,4414,state_change,AVAILABLE,new_courier
1666581917,4699,state_change,AVAILABLE,new_courier
1666581917,4903,state_change,AVAILABLE,new_courier
1666581917,4055,state_change,AVAILABLE,new_courier
1666581917,2896,state_change,AVAILABLE,new_courier
1666581917,4830,state_change,AVAILABLE,new_courier
1666581917,2908,state_change,AVAILABLE,new_courier
1666581917,705,state_change,AVAILABLE,completed_delivery
1666581917,392,state_change,AVAILABLE,completed_delivery
1666581917,3248,state_change,AVAILABLE,completed_delivery
1666581917,993,state_change,AVAILABLE,completed_delivery
1666581917,4183,state_change,AVAILABLE,completed_delivery
1666581917,1877,state_change,AVAILABLE,completed_delivery
1666581917,51,state_change,AVAILABLE,completed_delivery
1666581917,236,state_change,AVAILABLE,completed_delivery
1666581917,4702,state_change,AVAILABLE,completed_delivery
1666581917,4360,state_change,AVAILABLE,completed_delivery
1666581917,1556,state_change,AVAILABLE,completed_delivery
1666581917,1283,state_change,AVAILABLE,completed_delivery
1666581917,3434,state_change,AVAILABLE,completed_delivery
1666581917,2182,state_change,AVAILABLE,completed_delivery
1666581917,1499,state_change,AVAILABLE,completed_delivery
1666581917,2956,state_change,AVAILABLE,completed_delivery
1666581917,2118,state_change,AVAILABLE,completed_delivery
1666581917,2433,state_change,AVAILABLE,completed_delivery
1666581917,4194,state_change,AVAILABLE,completed_delivery
1666581917,251,state_change,AVAILABLE,completed_delivery
1666581917,3334,state_change,AVAILABLE,completed_delivery
1666581917,3483,state_change,AVAILABLE,completed_delivery
1666581917,4172,state_change,AVAILABLE,completed_delivery
1666581917,2589,state_change,AVAILABLE,completed_delivery
1666581917,3257,state_change,AVAILABLE,completed_delivery
1666581917,505,state_change,AVAILABLE,completed_delivery
1666581917,4377,state_change,AVAILABLE,completed_delivery
1666581917,1894,state_change,AVAILABLE,completed_delivery
1666581917,3015,state_change,AVAILABLE,completed_delivery
1666581917,1043,state_change,AVAILABLE,completed_delivery
1666581917,429,state_change,AVAILABLE,completed_delivery
1666581917,1773,state_change,AVAILABLE,completed_delivery
1666581917,2117,state_change,AVAILABLE,completed_delivery
1666581917,3217,state_change,AVAILABLE,completed_delivery
1666581917,867,state_change,AVAILABLE,completed_delivery
1666581917,1950,state_change,AVAILABLE,completed_delivery
1666581917,1512,state_change,AVAILABLE,completed_delivery
1666581917,3899,state_change,AVAILABLE,completed_delivery
1666581917,418,state_change,AVAILABLE,completed_delivery
1666581917,1220,state_change,AVAILABLE,completed_delivery
1666581917,2080,state_change,AVAILABLE,completed_delivery
1666581917,319,state_change,AVAILABLE,completed_delivery
1666581917,99,state_change,AVAILABLE,completed_delivery
1666581917,3413,state_change,AVAILABLE,completed_delivery
1666581917,289,state_change,AVAILABLE,completed_delivery
1666581917,3091,state_change,AVAILABLE,completed_delivery
1666581917,2685,state_change,AVAILABLE,completed_delivery
1666581917,149,state_change,AVAILABLE,completed_delivery
1666581917,2189,state_change,AVAILABLE,completed_delivery
1666581917,1937,state_change,AVAILABLE,completed_delivery
1666581917,2353,state_change,AVAILABLE,completed_delivery
1666581917,3034,state_change,AVAILABLE,completed_delivery
1666581917,2365,state_change,AVAILABLE,completed_delivery
1666581917,3130,state_change,AVAILABLE,completed_delivery
1666581917,711,state_change,AVAILABLE,completed_delivery
1666581917,3128,state_change,AVAILABLE,completed_delivery
1666581917,2556,state_change,AVAILABLE,completed_delivery
1666581917,2563,state_change,AVAILABLE,completed_delivery
1666581917,1905,state_change,AVAILABLE,completed_delivery
1666581917,2270,state_change,AVAILABLE,completed_delivery
1666581917,1728,state_change,AVAILABLE,completed_delivery
1666581917,2300,state_change,AVAILABLE,completed_delivery
1666581917,3801,state_change,AVAILABLE,completed_delivery
1666581917,1105,state_change,AVAILABLE,completed_delivery
1666581917,618,state_change,AVAILABLE,completed_delivery
1666581917,690,state_change,AVAILABLE,completed_delivery
1666581917,63,state_change,AVAILABLE,completed_delivery
1666581917,2409,state_change,AVAILABLE,completed_delivery
1666581917,2060,state_change,AVAILABLE,completed_delivery
1666581917,2870,state_change,AVAILABLE,completed_delivery
1666581917,3726,state_change,AVAILABLE,completed_delivery
1666581917,231,state_change,AVAILABLE,completed_delivery
1666581917,2407,state_change,AVAILABLE,completed_delivery
1666581917,1657,state_change,AVAILABLE,completed_delivery
1666581917,1712,state_change,AVAILABLE,completed_delivery
1666581917,2097,state_change,AVAILABLE,completed_delivery
1666581917,701,state_change,AVAILABLE,completed_delivery
1666581917,2674,state_change,AVAILABLE,completed_delivery
1666581917,984,state_change,AVAILABLE,completed_delivery
1666581917,3350,state_change,AVAILABLE,completed_delivery
1666581917,24,state_change,AVAILABLE,completed_delivery
1666581917,2484,state_change,AVAILABLE,completed_delivery
1666581917,78,state_change,AVAILABLE,completed_delivery
1666581917,2959,state_change,AVAILABLE,completed_delivery
1666581917,859,state_change,AVAILABLE,completed_delivery
1666581917,1968,state_change,AVAILABLE,completed_delivery
1666581917,4311,state_change,AVAILABLE,completed_delivery
1666581917,856,state_change,AVAILABLE,completed_delivery
1666581917,1938,state_change,AVAILABLE,completed_delivery
1666581917,3000,state_change,AVAILABLE,completed_delivery
1666581917,1332,state_change,AVAILABLE,completed_delivery
1666581917,122,state_change,AVAILABLE,completed_delivery
1666581917,2230,state_change,AVAILABLE,completed_delivery
1666581917,801,state_change,AVAILABLE,completed_delivery
1666581917,349,state_change,AVAILABLE,completed_delivery
1666581917,4430,state_change,AVAILABLE,completed_delivery
1666581917,2076,state_change,AVAILABLE,completed_delivery
1666581917,227,state_change,AVAILABLE,completed_delivery
1666581917,64,state_change,AVAILABLE,completed_delivery
1666581917,1294,state_change,AVAILABLE,completed_delivery
1666581917,575,state_change,AVAILABLE,completed_delivery
1666581917,2710,state_change,AVAILABLE,completed_delivery
1666581917,1879,state_change,AVAILABLE,completed_delivery
1666581917,2276,state_change,AVAILABLE,completed_delivery
1666581917,206,state_change,AVAILABLE,completed_delivery
1666581917,371,state_change,AVAILABLE,completed_delivery
1666581917,1993,state_change,AVAILABLE,completed_delivery
1666581917,1505,state_change,AVAILABLE,completed_delivery
1666581917,1567,state_change,AVAILABLE,completed_delivery
1666581917,3725,state_change,AVAILABLE,completed_delivery
1666581917,929,state_change,AVAILABLE,completed_delivery
1666581917,1329,state_change,AVAILABLE,completed_delivery
1666581917,3873,state_change,AVAILABLE,completed_delivery
1666581917,2082,state_change,AVAILABLE,completed_delivery
1666581917,496,state_change,AVAILABLE,completed_delivery
1666581917,2160,state_change,AVAILABLE,completed_delivery
1666581917,2431,state_change,AVAILABLE,completed_delivery
1666581917,1568,state_change,AVAILABLE,completed_delivery
1666581917,2848,state_change,AVAILABLE,completed_delivery
1666581917,2289,state_change,AVAILABLE,completed_delivery
1666581917,1257,state_change,AVAILABLE,completed_delivery
1666581917,2921,state_change,AVAILABLE,completed_delivery
1666581917,3620,state_change,AVAILABLE,completed_delivery
1666581917,1263,state_change,AVAILABLE,completed_delivery
1666581917,558,state_change,AVAILABLE,completed_delivery
1666581917,2862,state_change,AVAILABLE,completed_delivery
1666581917,1175,state_change,AVAILABLE,completed_delivery
1666581917,2836,state_change,AVAILABLE,completed_delivery
1666581917,373,state_change,AVAILABLE,completed_delivery
1666581917,1585,state_change,AVAILABLE,completed_delivery
1666581917,2851,state_change,AVAILABLE,completed_delivery
1666581917,2150,state_change,AVAILABLE,completed_delivery
1666581917,151,state_change,AVAILABLE,completed_delivery
1666581917,3428,state_change,AVAILABLE,completed_delivery
1666581917,3874,state_change,AVAILABLE,completed_delivery
1666581917,2694,state_change,AVAILABLE,completed_delivery
1666581917,1205,state_change,AVAILABLE,completed_delivery
1666581917,2303,state_change,AVAILABLE,completed_delivery
1666581917,747,state_change,AVAILABLE,completed_delivery
1666581917,804,state_change,AVAILABLE,completed_delivery
1666581917,1166,state_change,AVAILABLE,completed_delivery
1666581917,364,state_change,AVAILABLE,completed_delivery
1666581917,851,state_change,AVAILABLE,completed_delivery
1666581917,3289,state_change,AVAILABLE,completed_delivery
1666581917,2423,state_change,AVAILABLE,completed_delivery
1666581917,776,state_change,AVAILABLE,completed_delivery
1666581917,1046,state_change,AVAILABLE,completed_delivery
1666581917,3003,state_change,AVAILABLE,completed_delivery
1666581917,1926,state_change,AVAILABLE,completed_delivery
1666581917,4074,state_change,AVAILABLE,completed_delivery
1666581917,3430,state_change,AVAILABLE,completed_delivery
1666581917,485,state_change,AVAILABLE,completed_delivery
1666581917,1525,state_change,AVAILABLE,completed_delivery
1666581917,3153,state_change,AVAILABLE,completed_delivery
1666581917,2266,state_change,AVAILABLE,completed_delivery
1666581917,219,state_change,AVAILABLE,completed_delivery
1666581917,1126,state_change,AVAILABLE,completed_delivery
1666581917,4088,state_change,AVAILABLE,completed_delivery
1666581917,884,state_change,AVAILABLE,completed_delivery
1666581917,225,state_change,AVAILABLE,completed_delivery
1666581917,4315,state_change,AVAILABLE,completed_delivery
1666581917,1552,state_change,AVAILABLE,completed_delivery
1666581917,3684,state_change,AVAILABLE,completed_delivery
1666581917,973,state_change,AVAILABLE,completed_delivery
1666581917,825,state_change,AVAILABLE,completed_delivery
1666581917,3291,state_change,AVAILABLE,completed_delivery
1666581917,749,state_change,AVAILABLE,completed_delivery
1666581917,656,state_change,AVAILABLE,completed_delivery
1666581917,920,state_change,AVAILABLE,completed_delivery
1666581917,3787,state_change,AVAILABLE,completed_delivery
1666581917,748,state_change,AVAILABLE,completed_delivery
1666581917,2759,state_change,AVAILABLE,completed_delivery
1666581917,3282,state_change,AVAILABLE,completed_delivery
1666581917,400,state_change,AVAILABLE,completed_delivery
1666581917,4092,state_change,AVAILABLE,completed_delivery
1666581917,745,state_change,AVAILABLE,completed_delivery
1666581917,2919,state_change,AVAILABLE,completed_delivery
1666581917,2382,state_change,AVAILABLE,completed_delivery
1666581917,1481,state_change,AVAILABLE,completed_delivery
1666581917,1790,state_change,AVAILABLE,completed_delivery
1666581917,1562,state_change,AVAILABLE,completed_delivery
1666581917,2658,state_change,AVAILABLE,completed_delivery
1666581917,3559,state_change,AVAILABLE,completed_delivery
1666581917,4253,state_change,AVAILABLE,completed_delivery
1666581917,1988,state_change,AVAILABLE,completed_delivery
1666581917,1362,state_change,AVAILABLE,completed_delivery
1666581917,2217,state_change,AVAILABLE,completed_delivery
1666581917,334,state_change,AVAILABLE,completed_delivery
1666581917,190,state_change,AVAILABLE,completed_delivery
1666581917,1446,state_change,AVAILABLE,completed_delivery
1666581917,3294,state_change,AVAILABLE,completed_delivery
1666581917,1873,state_change,AVAILABLE,completed_delivery
1666581917,627,state_change,AVAILABLE,completed_delivery
1666581917,4553,state_change,AVAILABLE,completed_delivery
1666581917,2109,state_change,AVAILABLE,completed_delivery
1666581917,2508,state_change,AVAILABLE,completed_delivery
1666581917,2233,state_change,AVAILABLE,completed_delivery
1666581917,119,state_change,AVAILABLE,completed_delivery
1666581917,1501,state_change,AVAILABLE,completed_delivery
1666581917,2515,state_change,AVAILABLE,completed_delivery
1666581917,2232,state_change,AVAILABLE,completed_delivery
1666581917,1597,state_change,AVAILABLE,completed_delivery
1666581917,2011,state_change,AVAILABLE,completed_delivery
1666581917,4116,state_change,AVAILABLE,completed_delivery
1666581917,2782,state_change,AVAILABLE,completed_delivery
1666581917,355,state_change,AVAILABLE,completed_delivery
1666581917,4036,state_change,AVAILABLE,completed_delivery
1666581917,1475,state_change,AVAILABLE,completed_delivery
1666581917,3604,state_change,AVAILABLE,completed_delivery
1666581917,2966,state_change,AVAILABLE,completed_delivery
1666581917,3626,state_change,AVAILABLE,completed_delivery
1666581917,844,state_change,AVAILABLE,completed_delivery
1666581917,108,state_change,AVAILABLE,completed_delivery
1666581917,762,state_change,AVAILABLE,completed_delivery
1666581917,124,state_change,AVAILABLE,completed_delivery
1666581917,932,state_change,AVAILABLE,completed_delivery
1666581917,3099,state_change,AVAILABLE,completed_delivery
1666581917,180,state_change,AVAILABLE,completed_delivery
1666581917,4115,state_change,AVAILABLE,completed_delivery
1666581917,325,state_change,AVAILABLE,completed_delivery
1666581917,2041,state_change,AVAILABLE,completed_delivery
1666581917,3758,state_change,AVAILABLE,completed_delivery
1666581917,117,state_change,AVAILABLE,completed_delivery
1666581917,1997,state_change,AVAILABLE,completed_delivery
1666581917,2045,state_change,AVAILABLE,completed_delivery
1666581917,3237,state_change,AVAILABLE,completed_delivery
1666581917,4353,state_change,AVAILABLE,completed_delivery
1666581917,637,state_change,AVAILABLE,completed_delivery
1666581917,2283,state_change,AVAILABLE,completed_delivery
1666581917,2102,state_change,AVAILABLE,completed_delivery
1666581917,372,state_change,AVAILABLE,completed_delivery
1666581917,1325,state_change,AVAILABLE,completed_delivery
1666581917,2737,state_change,AVAILABLE,completed_delivery
1666581917,455,state_change,AVAILABLE,completed_delivery
1666581917,552,state_change,AVAILABLE,completed_delivery
1666581917,2576,state_change,AVAILABLE,completed_delivery
1666581917,2730,state_change,AVAILABLE,completed_delivery
1666581917,130,state_change,AVAILABLE,completed_delivery
1666581917,286,state_change,AVAILABLE,completed_delivery
1666581917,1703,state_change,AVAILABLE,completed_delivery
1666581917,3586,state_change,AVAILABLE,completed_delivery
1666581917,1274,state_change,AVAILABLE,completed_delivery
1666581917,1251,state_change,AVAILABLE,completed_delivery
1666581917,1470,state_change,AVAILABLE,completed_delivery
1666581917,1331,state_change,AVAILABLE,completed_delivery
1666581917,2203,state_change,AVAILABLE,completed_delivery
1666581917,1653,state_change,AVAILABLE,completed_delivery
1666581917,2090,state_change,AVAILABLE,completed_delivery
1666581917,528,state_change,AVAILABLE,completed_delivery
1666581917,3113,state_change,AVAILABLE,completed_delivery
1666581917,80,state_change,AVAILABLE,completed_delivery
1666581917,2856,state_change,AVAILABLE,completed_delivery
1666581917,1957,state_change,AVAILABLE,completed_delivery
1666581917,1038,state_change,AVAILABLE,completed_delivery
1666581917,4014,state_change,AVAILABLE,completed_delivery
1666581917,1089,state_change,AVAILABLE,completed_delivery
1666581917,315,state_change,AVAILABLE,completed_delivery
1666581917,2666,state_change,AVAILABLE,completed_delivery
1666581917,847,state_change,AVAILABLE,completed_delivery
1666581917,2646,state_change,AVAILABLE,completed_delivery
1666581917,2568,state_change,AVAILABLE,completed_delivery
1666581917,235,state_change,AVAILABLE,completed_delivery
1666581917,4782,state_change,AVAILABLE,completed_delivery
1666581917,586,state_change,AVAILABLE,completed_delivery
1666581917,2325,state_change,AVAILABLE,completed_delivery
1666581917,1775,state_change,AVAILABLE,completed_delivery
1666581917,2902,state_change,AVAILABLE,completed_delivery
1666581917,2022,state_change,AVAILABLE,completed_delivery
1666581917,3933,state_change,AVAILABLE,completed_delivery
1666581917,2961,state_change,AVAILABLE,completed_delivery
1666581917,566,state_change,AVAILABLE,completed_delivery
1666581917,1838,state_change,AVAILABLE,completed_delivery
1666581917,1030,state_change,AVAILABLE,completed_delivery
1666581917,2761,state_change,AVAILABLE,completed_delivery
1666581917,3777,state_change,AVAILABLE,completed_delivery
1666581917,2513,state_change,AVAILABLE,completed_delivery
1666581917,3595,state_change,AVAILABLE,completed_delivery
1666581917,2110,state_change,AVAILABLE,completed_delivery
1666581917,2219,state_change,AVAILABLE,completed_delivery
1666581917,2055,state_change,AVAILABLE,completed_delivery
1666581917,2332,state_change,AVAILABLE,completed_delivery
1666581917,572,state_change,AVAILABLE,completed_delivery
1666581917,1865,state_change,AVAILABLE,completed_delivery
1666581917,591,state_change,AVAILABLE,completed_delivery
1666581917,2894,state_change,AVAILABLE,completed_delivery
1666581917,4024,state_change,AVAILABLE,completed_delivery
1666581917,3548,state_change,AVAILABLE,completed_delivery
1666581917,69,state_change,AVAILABLE,completed_delivery
1666581917,2359,state_change,AVAILABLE,completed_delivery
1666581917,3266,state_change,AVAILABLE,completed_delivery
1666581917,463,state_change,AVAILABLE,completed_delivery
1666581917,3835,state_change,AVAILABLE,completed_delivery
1666581917,4087,state_change,AVAILABLE,completed_delivery
1666581917,383,state_change,AVAILABLE,completed_delivery
1666581917,1027,state_change,AVAILABLE,completed_delivery
1666581917,822,state_change,AVAILABLE,completed_delivery
1666581917,3337,state_change,AVAILABLE,completed_delivery
1666581917,1122,state_change,AVAILABLE,completed_delivery
1666581917,4205,state_change,AVAILABLE,completed_delivery
1666581917,172,state_change,AVAILABLE,completed_delivery
1666581917,221,state_change,AVAILABLE,completed_delivery
1666581917,969,state_change,AVAILABLE,completed_delivery
1666581917,1803,state_change,AVAILABLE,completed_delivery
1666581917,889,state_change,AVAILABLE,completed_delivery
1666581917,3508,state_change,AVAILABLE,completed_delivery
1666581917,4137,state_change,AVAILABLE,completed_delivery
1666581917,2178,state_change,AVAILABLE,completed_delivery
1666581917,3754,state_change,AVAILABLE,completed_delivery
1666581917,56,state_change,AVAILABLE,completed_delivery
1666581917,963,state_change,AVAILABLE,completed_delivery
1666581917,3433,state_change,AVAILABLE,completed_delivery
1666581917,2842,state_change,AVAILABLE,completed_delivery
1666581917,2841,state_change,AVAILABLE,completed_delivery
1666581917,20,state_change,AVAILABLE,completed_delivery
1666581917,662,state_change,AVAILABLE,completed_delivery
1666581917,3185,state_change,AVAILABLE,completed_delivery
1666581917,109,state_change,AVAILABLE,completed_delivery
1666581917,951,state_change,AVAILABLE,completed_delivery
1666581917,2426,state_change,AVAILABLE,completed_delivery
1666581917,438,state_change,AVAILABLE,completed_delivery
1666581917,2447,state_change,AVAILABLE,completed_delivery
1666581917,475,state_change,AVAILABLE,completed_delivery
1666581917,3122,state_change,AVAILABLE,completed_delivery
1666581917,3265,state_change,AVAILABLE,completed_delivery
1666581917,1160,state_change,AVAILABLE,completed_delivery
1666581917,2890,state_change,AVAILABLE,completed_delivery
1666581917,395,state_change,AVAILABLE,completed_delivery
1666581917,7,state_change,AVAILABLE,completed_delivery
1666581917,3241,state_change,AVAILABLE,completed_delivery
1666581917,1478,state_change,AVAILABLE,completed_delivery
1666581917,1091,state_change,AVAILABLE,completed_delivery
1666581917,4539,state_change,AVAILABLE,completed_delivery
1666581917,1536,state_change,AVAILABLE,completed_delivery
1666581917,3005,state_change,AVAILABLE,completed_delivery
1666581917,212,state_change,AVAILABLE,completed_delivery
1666581917,36,state_change,AVAILABLE,completed_delivery
1666581917,1646,state_change,AVAILABLE,completed_delivery
1666581917,404,state_change,AVAILABLE,completed_delivery
1666581917,389,state_change,AVAILABLE,completed_delivery
1666581917,1372,state_change,AVAILABLE,completed_delivery
1666581917,2338,state_change,AVAILABLE,completed_delivery
1666581917,3513,state_change,AVAILABLE,completed_delivery
1666581917,2385,state_change,AVAILABLE,completed_delivery
1666581917,3012,state_change,AVAILABLE,completed_delivery
1666581917,3189,state_change,AVAILABLE,completed_delivery
1666581917,474,state_change,AVAILABLE,completed_delivery
1666581917,3911,state_change,AVAILABLE,completed_delivery
1666581917,2779,state_change,AVAILABLE,completed_delivery
1666581917,258,state_change,AVAILABLE,completed_delivery
1666581917,3921,state_change,AVAILABLE,completed_delivery
1666581917,2984,state_change,AVAILABLE,completed_delivery
1666581917,2374,state_change,AVAILABLE,completed_delivery
1666581917,2634,state_change,AVAILABLE,completed_delivery
1666581917,964,state_change,AVAILABLE,completed_delivery
1666581917,356,state_change,AVAILABLE,completed_delivery
1666581917,4329,state_change,AVAILABLE,completed_delivery
1666581917,3181,state_change,AVAILABLE,completed_delivery
1666581917,1964,state_change,AVAILABLE,completed_delivery
1666581917,1102,state_change,AVAILABLE,completed_delivery
1666581917,2492,state_change,AVAILABLE,completed_delivery
1666581917,731,state_change,AVAILABLE,completed_delivery
1666581917,3235,state_change,AVAILABLE,completed_delivery
1666581917,675,state_change,AVAILABLE,completed_delivery
1666581917,4411,state_change,AVAILABLE,completed_delivery
1666581917,4369,state_change,AVAILABLE,completed_delivery
1666581917,2122,state_change,AVAILABLE,completed_delivery
1666581917,3111,state_change,AVAILABLE,completed_delivery
1666581917,2077,state_change,AVAILABLE,completed_delivery
1666581917,2059,state_change,AVAILABLE,completed_delivery
1666581917,3751,state_change,AVAILABLE,completed_delivery
1666581917,249,state_change,AVAILABLE,completed_delivery
1666581917,1664,state_change,AVAILABLE,completed_delivery
1666581917,1060,state_change,AVAILABLE,completed_delivery
1666581917,1658,state_change,AVAILABLE,completed_delivery
1666581917,1445,state_change,AVAILABLE,completed_delivery
1666581917,288,state_change,AVAILABLE,completed_delivery
1666581917,2498,state_change,AVAILABLE,completed_delivery
1666581917,2931,state_change,AVAILABLE,completed_delivery
1666581917,2597,state_change,AVAILABLE,completed_delivery
1666581917,1184,state_change,AVAILABLE,completed_delivery
1666581917,647,state_change,AVAILABLE,completed_delivery
1666581917,2044,state_change,AVAILABLE,completed_delivery
1666581917,828,state_change,AVAILABLE,completed_delivery
1666581917,3107,state_change,AVAILABLE,completed_delivery
1666581917,104,state_change,AVAILABLE,completed_delivery
1666581917,2677,state_change,AVAILABLE,completed_delivery
1666581917,4753,state_change,AVAILABLE,completed_delivery
1666581917,3757,state_change,AVAILABLE,completed_delivery
1666581917,3381,state_change,AVAILABLE,completed_delivery
1666581917,3278,state_change,AVAILABLE,completed_delivery
1666581917,1214,state_change,AVAILABLE,completed_delivery
1666581917,3967,state_change,AVAILABLE,completed_delivery
1666581917,2529,state_change,AVAILABLE,completed_delivery
1666581917,1076,state_change,AVAILABLE,completed_delivery
1666581917,3589,state_change,AVAILABLE,completed_delivery
1666581917,1574,state_change,AVAILABLE,completed_delivery
1666581917,3822,state_change,AVAILABLE,completed_delivery
1666581917,2854,state_change,AVAILABLE,completed_delivery
1666581917,606,state_change,AVAILABLE,completed_delivery
1666581917,1599,state_change,AVAILABLE,completed_delivery
1666581917,1560,state_change,AVAILABLE,completed_delivery
1666581917,2108,state_change,AVAILABLE,completed_delivery
1666581917,815,state_change,AVAILABLE,completed_delivery
1666581917,1920,state_change,AVAILABLE,completed_delivery
1666581917,3402,state_change,AVAILABLE,completed_delivery
1666581917,1547,state_change,AVAILABLE,completed_delivery
1666581917,1869,state_change,AVAILABLE,completed_delivery
1666581917,2534,state_change,AVAILABLE,completed_delivery
1666581917,1202,state_change,AVAILABLE,completed_delivery
1666581917,3048,state_change,AVAILABLE,completed_delivery
1666581917,1999,state_change,AVAILABLE,completed_delivery
1666581917,1385,state_change,AVAILABLE,completed_delivery
1666581917,168,state_change,AVAILABLE,completed_delivery
1666581917,3057,state_change,AVAILABLE,completed_delivery
1666581917,1540,state_change,AVAILABLE,completed_delivery
1666581917,2679,state_change,AVAILABLE,completed_delivery
1666581917,3127,state_change,AVAILABLE,completed_delivery
1666581917,1628,state_change,AVAILABLE,completed_delivery
1666581917,2278,state_change,AVAILABLE,completed_delivery
1666581917,562,state_change,AVAILABLE,completed_delivery
1666581917,135,state_change,AVAILABLE,completed_delivery
1666581917,865,state_change,AVAILABLE,completed_delivery
1666581917,448,state_change,AVAILABLE,completed_delivery
1666581917,4641,state_change,AVAILABLE,completed_delivery
1666581917,609,state_change,AVAILABLE,completed_delivery
1666581917,542,state_change,AVAILABLE,completed_delivery
1666581917,3876,state_change,AVAILABLE,completed_delivery
1666581917,1765,state_change,AVAILABLE,completed_delivery
1666581917,2918,state_change,AVAILABLE,completed_delivery
1666581917,22,state_change,AVAILABLE,completed_delivery
1666581917,1008,state_change,AVAILABLE,completed_delivery
1666581917,1404,state_change,AVAILABLE,completed_delivery
1666581917,4217,state_change,AVAILABLE,completed_delivery
1666581917,2815,state_change,AVAILABLE,completed_delivery
1666581917,2717,state_change,AVAILABLE,completed_delivery
1666581917,4009,state_change,AVAILABLE,completed_delivery
1666581917,4003,state_change,AVAILABLE,completed_delivery
1666581917,4624,state_change,AVAILABLE,completed_delivery
1666581917,1360,state_change,AVAILABLE,completed_delivery
1666581917,2463,state_change,AVAILABLE,completed_delivery
1666581917,1699,state_change,AVAILABLE,completed_delivery
1666581917,1610,state_change,AVAILABLE,completed_delivery
1666581917,1771,state_change,AVAILABLE,completed_delivery
1666581917,2047,state_change,AVAILABLE,completed_delivery
1666581917,842,state_change,AVAILABLE,completed_delivery
1666581917,2253,state_change,AVAILABLE,completed_delivery
1666581917,66,state_change,AVAILABLE,completed_delivery
1666581917,2869,state_change,AVAILABLE,completed_delivery
1666581917,4200,state_change,AVAILABLE,completed_delivery
1666581917,2299,state_change,AVAILABLE,completed_delivery
1666581917,2211,state_change,AVAILABLE,completed_delivery
1666581917,2342,state_change,AVAILABLE,completed_delivery
1666581917,2202,state_change,AVAILABLE,completed_delivery
1666581917,3807,state_change,AVAILABLE,completed_delivery
1666581917,141,state_change,AVAILABLE,completed_delivery
1666581917,1891,state_change,AVAILABLE,completed_delivery
1666581917,337,state_change,AVAILABLE,completed_delivery
1666581917,4318,state_change,AVAILABLE,completed_delivery
1666581917,3941,state_change,AVAILABLE,completed_delivery
1666581917,599,state_change,AVAILABLE,completed_delivery
1666581917,35,state_change,AVAILABLE,completed_delivery
1666581917,3229,state_change,AVAILABLE,completed_delivery
1666581917,1311,state_change,AVAILABLE,completed_delivery
1666581917,779,state_change,AVAILABLE,completed_delivery
1666581917,2042,state_change,AVAILABLE,completed_delivery
1666581917,1693,state_change,AVAILABLE,completed_delivery
1666581917,1594,state_change,AVAILABLE,completed_delivery
1666581917,1592,state_change,AVAILABLE,completed_delivery
1666581917,2050,state_change,AVAILABLE,completed_delivery
1666581917,207,state_change,AVAILABLE,completed_delivery
1666581917,442,state_change,AVAILABLE,completed_delivery
1666581917,2073,state_change,AVAILABLE,completed_delivery
1666581917,3670,state_change,AVAILABLE,completed_delivery
1666581917,2187,state_change,AVAILABLE,completed_delivery
1666581917,2963,state_change,AVAILABLE,completed_delivery
1666581917,3009,state_change,AVAILABLE,completed_delivery
1666581917,1009,state_change,AVAILABLE,completed_delivery
1666581917,1299,state_change,AVAILABLE,completed_delivery
1666581917,143,state_change,AVAILABLE,completed_delivery
1666581917,159,state_change,AVAILABLE,completed_delivery
1666581917,2250,state_change,AVAILABLE,completed_delivery
1666581917,513,state_change,AVAILABLE,completed_delivery
1666581917,1382,state_change,AVAILABLE,completed_delivery
1666581917,1087,state_change,AVAILABLE,completed_delivery
1666581917,520,state_change,AVAILABLE,completed_delivery
1666581917,3774,state_change,AVAILABLE,completed_delivery
1666581917,1603,state_change,AVAILABLE,completed_delivery
1666581917,473,state_change,AVAILABLE,completed_delivery
1666581917,2261,state_change,AVAILABLE,completed_delivery
1666581917,1449,state_change,AVAILABLE,completed_delivery
1666581917,3117,state_change,AVAILABLE,completed_delivery
1666581917,215,state_change,AVAILABLE,completed_delivery
1666581917,1003,state_change,AVAILABLE,completed_delivery
1666581917,2990,state_change,AVAILABLE,completed_delivery
1666581917,2119,state_change,AVAILABLE,completed_delivery
1666581917,2005,state_change,AVAILABLE,completed_delivery
1666581917,2835,state_change,AVAILABLE,completed_delivery
1666581917,1561,state_change,AVAILABLE,completed_delivery
1666581917,391,state_change,AVAILABLE,completed_delivery
1666581917,2146,state_change,AVAILABLE,completed_delivery
1666581917,2583,state_change,AVAILABLE,completed_delivery
1666581917,3628,state_change,AVAILABLE,completed_delivery
1666581917,1967,state_change,AVAILABLE,completed_delivery
1666581917,967,state_change,AVAILABLE,completed_delivery
1666581917,1339,state_change,AVAILABLE,completed_delivery
1666581917,1784,state_change,AVAILABLE,completed_delivery
1666581917,3026,state_change,AVAILABLE,completed_delivery
1666581917,2373,state_change,AVAILABLE,completed_delivery
1666581917,1452,state_change,AVAILABLE,completed_delivery
1666581917,234,state_change,AVAILABLE,completed_delivery
1666581917,3198,state_change,AVAILABLE,completed_delivery
1666581917,2403,state_change,AVAILABLE,completed_delivery
1666581917,3647,state_change,AVAILABLE,completed_delivery
1666581917,3044,state_change,AVAILABLE,completed_delivery
1666581917,2824,state_change,AVAILABLE,completed_delivery
1666581917,318,state_change,AVAILABLE,completed_delivery
1666581917,2092,state_change,AVAILABLE,completed_delivery
1666581917,2043,state_change,AVAILABLE,completed_delivery
1666581917,3435,state_change,AVAILABLE,completed_delivery
1666581917,3,state_change,AVAILABLE,completed_delivery
1666581917,2429,state_change,AVAILABLE,completed_delivery
1666581917,1958,state_change,AVAILABLE,completed_delivery
1666581917,1459,state_change,AVAILABLE,completed_delivery
1666581917,2243,state_change,AVAILABLE,completed_delivery
1666581917,1685,state_change,AVAILABLE,completed_delivery
1666581917,1389,state_change,AVAILABLE,completed_delivery
1666581917,313,state_change,AVAILABLE,completed_delivery
1666581917,2965,state_change,AVAILABLE,completed_delivery
1666581917,2018,state_change,AVAILABLE,completed_delivery
1666581917,4244,state_change,AVAILABLE,completed_delivery
1666581917,2411,state_change,AVAILABLE,completed_delivery
1666581917,154,state_change,AVAILABLE,completed_delivery
1666581917,2027,state_change,AVAILABLE,completed_delivery
1666581917,4465,state_change,AVAILABLE,completed_delivery
1666581917,965,state_change,AVAILABLE,completed_delivery
1666581917,2470,state_change,AVAILABLE,completed_delivery
1666581917,4451,state_change,AVAILABLE,completed_delivery
1666581917,1193,state_change,AVAILABLE,completed_delivery
1666581917,2973,state_change,AVAILABLE,completed_delivery
1666581917,953,state_change,AVAILABLE,completed_delivery
1666581917,2978,state_change,AVAILABLE,completed_delivery
1666581917,199,state_change,AVAILABLE,completed_delivery
1666581917,2740,state_change,AVAILABLE,completed_delivery
1666581917,1940,state_change,AVAILABLE,completed_delivery
1666581917,2177,state_change,AVAILABLE,completed_delivery
1666581917,398,state_change,AVAILABLE,completed_delivery
1666581917,878,state_change,AVAILABLE,completed_delivery
1666581917,504,state_change,AVAILABLE,completed_delivery
1666581917,1444,state_change,AVAILABLE,completed_delivery
1666581917,3454,state_change,AVAILABLE,completed_delivery
1666581917,3370,state_change,AVAILABLE,completed_delivery
1666581917,274,state_change,AVAILABLE,completed_delivery
1666581917,4099,state_change,AVAILABLE,completed_delivery
1666581917,2773,state_change,AVAILABLE,completed_delivery
1666581917,281,state_change,AVAILABLE,completed_delivery
1666581917,492,state_change,AVAILABLE,completed_delivery
1666581917,2101,state_change,AVAILABLE,completed_delivery
1666581917,1149,state_change,AVAILABLE,completed_delivery
1666581917,2313,state_change,AVAILABLE,completed_delivery
1666581917,3032,state_change,AVAILABLE,completed_delivery
1666581917,1549,state_change,AVAILABLE,completed_delivery
1666581917,3219,state_change,AVAILABLE,completed_delivery
1666581917,2783,state_change,AVAILABLE,completed_delivery
1666581917,3273,state_change,AVAILABLE,completed_delivery
1666581917,3395,state_change,AVAILABLE,completed_delivery
1666581917,139,state_change,AVAILABLE,completed_delivery
1666581917,2362,state_change,AVAILABLE,completed_delivery
1666581917,3040,state_change,AVAILABLE,completed_delivery
1666581917,1502,state_change,AVAILABLE,completed_delivery
1666581917,2611,state_change,AVAILABLE,completed_delivery
1666581917,1351,state_change,AVAILABLE,completed_delivery
1666581917,2549,state_change,AVAILABLE,completed_delivery
1666581917,2684,state_change,AVAILABLE,completed_delivery
1666581917,4379,state_change,AVAILABLE,completed_delivery
1666581917,262,state_change,AVAILABLE,completed_delivery
1666581917,1422,state_change,AVAILABLE,completed_delivery
1666581917,489,state_change,AVAILABLE,completed_delivery
1666581917,1064,state_change,AVAILABLE,completed_delivery
1666581917,397,state_change,AVAILABLE,completed_delivery
1666581917,3558,state_change,AVAILABLE,completed_delivery
1666581917,3090,state_change,AVAILABLE,completed_delivery
1666581917,2121,state_change,AVAILABLE,completed_delivery
1666581917,2629,state_change,AVAILABLE,completed_delivery
1666581917,2739,state_change,AVAILABLE,completed_delivery
1666581917,943,state_change,AVAILABLE,completed_delivery
1666581917,2459,state_change,AVAILABLE,completed_delivery
1666581917,3175,state_change,AVAILABLE,completed_delivery
1666581917,1671,state_change,AVAILABLE,completed_delivery
1666581917,3114,state_change,AVAILABLE,completed_delivery
1666581917,2504,state_change,AVAILABLE,completed_delivery
1666581917,3151,state_change,AVAILABLE,completed_delivery
1666581917,292,state_change,AVAILABLE,completed_delivery
1666581917,1106,state_change,AVAILABLE,completed_delivery
1666581917,1203,state_change,AVAILABLE,completed_delivery
1666581917,96,state_change,AVAILABLE,completed_delivery
1666581917,3923,state_change,AVAILABLE,completed_delivery
1666581917,3727,state_change,AVAILABLE,completed_delivery
1666581917,2457,state_change,AVAILABLE,completed_delivery
1666581917,1218,state_change,AVAILABLE,completed_delivery
1666581917,1500,state_change,AVAILABLE,completed_delivery
1666581917,631,state_change,AVAILABLE,completed_delivery
1666581917,4276,state_change,AVAILABLE,completed_delivery
1666581917,2400,state_change,AVAILABLE,completed_delivery
1666581917,1063,state_change,AVAILABLE,completed_delivery
1666581917,230,state_change,AVAILABLE,completed_delivery
1666581917,3925,state_change,AVAILABLE,completed_delivery
1666581917,4707,state_change,AVAILABLE,completed_delivery
1666581917,589,state_change,AVAILABLE,completed_delivery
1666581917,2662,state_change,AVAILABLE,completed_delivery
1666581917,798,state_change,AVAILABLE,completed_delivery
1666581917,2186,state_change,AVAILABLE,completed_delivery
1666581917,2358,state_change,AVAILABLE,completed_delivery
1666581917,4375,state_change,AVAILABLE,completed_delivery
1666581917,2128,state_change,AVAILABLE,completed_delivery
1666581917,1117,state_change,AVAILABLE,completed_delivery
1666581917,3028,state_change,AVAILABLE,completed_delivery
1666581917,3215,state_change,AVAILABLE,completed_delivery
1666581917,3438,state_change,AVAILABLE,completed_delivery
1666581917,1810,state_change,AVAILABLE,completed_delivery
1666581917,1828,state_change,AVAILABLE,completed_delivery
1666581917,1361,state_change,AVAILABLE,completed_delivery
1666581917,3295,state_change,AVAILABLE,completed_delivery
1666581917,1827,state_change,AVAILABLE,completed_delivery
1666581917,1616,state_change,AVAILABLE,completed_delivery
1666581917,3930,state_change,AVAILABLE,completed_delivery
1666581917,2592,state_change,AVAILABLE,completed_delivery
1666581917,3355,state_change,AVAILABLE,completed_delivery
1666581917,863,state_change,AVAILABLE,completed_delivery
1666581917,273,state_change,AVAILABLE,completed_delivery
1666581917,2546,state_change,AVAILABLE,completed_delivery
1666581917,2691,state_change,AVAILABLE,completed_delivery
1666581917,596,state_change,AVAILABLE,completed_delivery
1666581917,4187,state_change,AVAILABLE,completed_delivery
1666581917,1708,state_change,AVAILABLE,completed_delivery
1666581917,1231,state_change,AVAILABLE,completed_delivery
1666581917,1143,state_change,AVAILABLE,completed_delivery
1666581917,2113,state_change,AVAILABLE,completed_delivery
1666581917,3904,state_change,AVAILABLE,completed_delivery
1666581917,196,state_change,AVAILABLE,completed_delivery
1666581917,1895,state_change,AVAILABLE,completed_delivery
1666581917,3881,state_change,AVAILABLE,completed_delivery
1666581917,228,state_change,AVAILABLE,completed_delivery
1666581917,1070,state_change,AVAILABLE,completed_delivery
1666581917,3658,state_change,AVAILABLE,completed_delivery
1666581917,41,state_change,AVAILABLE,completed_delivery
1666581917,1119,state_change,AVAILABLE,completed_delivery
1666581917,2330,state_change,AVAILABLE,completed_delivery
1666581917,4647,state_change,AVAILABLE,completed_delivery
1666581917,2827,state_change,AVAILABLE,completed_delivery
1666581917,2793,state_change,AVAILABLE,completed_delivery
1666581917,2269,state_change,AVAILABLE,completed_delivery
1666581917,484,state_change,AVAILABLE,completed_delivery
1666581917,2191,state_change,AVAILABLE,completed_delivery
1666581917,2514,state_change,AVAILABLE,completed_delivery
1666581917,3346,state_change,AVAILABLE,completed_delivery
1666581917,2727,state_change,AVAILABLE,completed_delivery
1666581917,515,state_change,AVAILABLE,completed_delivery
1666581917,1134,state_change,AVAILABLE,completed_delivery
1666581917,447,state_change,AVAILABLE,completed_delivery
1666581917,2850,state_change,AVAILABLE,completed_delivery
1666581917,2774,state_change,AVAILABLE,completed_delivery
1666581917,1476,state_change,AVAILABLE,completed_delivery
1666581917,763,state_change,AVAILABLE,completed_delivery
1666581917,3768,state_change,AVAILABLE,completed_delivery
1666581917,1962,state_change,AVAILABLE,completed_delivery
1666581917,2399,state_change,AVAILABLE,completed_delivery
1666581917,2506,state_change,AVAILABLE,completed_delivery
1666581917,1337,state_change,AVAILABLE,completed_delivery
1666581917,1247,state_change,AVAILABLE,completed_delivery
1666581917,393,state_change,AVAILABLE,completed_delivery
1666581917,833,state_change,AVAILABLE,completed_delivery
1666581917,988,state_change,AVAILABLE,completed_delivery
1666581917,2947,state_change,AVAILABLE,completed_delivery
1666581917,1111,state_change,AVAILABLE,completed_delivery
1666581917,757,state_change,AVAILABLE,completed_delivery
1666581917,1682,state_change,AVAILABLE,completed_delivery
1666581917,2144,state_change,AVAILABLE,completed_delivery
1666581917,2132,state_change,AVAILABLE,completed_delivery
1666581917,4294,state_change,AVAILABLE,completed_delivery
1666581917,2046,state_change,AVAILABLE,completed_delivery
1666581917,2222,state_change,AVAILABLE,completed_delivery
1666581917,1081,state_change,AVAILABLE,completed_delivery
1666581917,2032,state_change,AVAILABLE,completed_delivery
1666581917,961,state_change,AVAILABLE,completed_delivery
1666581917,3156,state_change,AVAILABLE,completed_delivery
1666581917,1412,state_change,AVAILABLE,completed_delivery
1666581917,1680,state_change,AVAILABLE,completed_delivery
1666581917,2247,state_change,AVAILABLE,completed_delivery
1666581917,4012,state_change,AVAILABLE,completed_delivery
1666581917,305,state_change,AVAILABLE,completed_delivery
1666581917,3271,state_change,AVAILABLE,completed_delivery
1666581917,551,state_change,AVAILABLE,completed_delivery
1666581917,4308,state_change,AVAILABLE,completed_delivery
1666581917,1862,state_change,AVAILABLE,completed_delivery
1666581917,15,state_change,AVAILABLE,completed_delivery
1666581917,1316,state_change,AVAILABLE,completed_delivery
1666581917,4393,state_change,AVAILABLE,completed_delivery
1666581917,2297,state_change,AVAILABLE,completed_delivery
1666581917,922,state_change,AVAILABLE,completed_delivery
1666581917,2002,state_change,AVAILABLE,completed_delivery
1666581917,3369,state_change,AVAILABLE,completed_delivery
1666581917,2280,state_change,AVAILABLE,completed_delivery
1666581917,2472,state_change,AVAILABLE,completed_delivery
1666581917,376,state_change,AVAILABLE,completed_delivery
1666581917,549,state_change,AVAILABLE,completed_delivery
1666581917,1945,state_change,AVAILABLE,completed_delivery
1666581917,4154,state_change,AVAILABLE,completed_delivery
1666581917,2820,state_change,AVAILABLE,completed_delivery
1666581917,3432,state_change,AVAILABLE,completed_delivery
1666581917,1720,state_change,AVAILABLE,completed_delivery
1666581917,2371,state_change,AVAILABLE,completed_delivery
1666581917,148,state_change,AVAILABLE,completed_delivery
1666581917,1584,state_change,AVAILABLE,completed_delivery
1666581917,68,state_change,AVAILABLE,completed_delivery
1666581917,263,state_change,AVAILABLE,completed_delivery
1666581917,2220,state_change,AVAILABLE,completed_delivery
1666581917,3829,state_change,AVAILABLE,completed_delivery
1666581917,3391,state_change,AVAILABLE,completed_delivery
1666581917,1455,state_change,AVAILABLE,completed_delivery
1666581917,2971,state_change,AVAILABLE,completed_delivery
1666581917,74,state_change,AVAILABLE,completed_delivery
1666581917,3267,state_change,AVAILABLE,completed_delivery
1666581917,1442,state_change,AVAILABLE,completed_delivery
1666581917,413,state_change,AVAILABLE,completed_delivery
1666581917,1342,state_change,AVAILABLE,completed_delivery
1666581917,3692,state_change,AVAILABLE,completed_delivery
1666581917,1355,state_change,AVAILABLE,completed_delivery
1666581917,2361,state_change,AVAILABLE,completed_delivery
1666581917,3039,state_change,AVAILABLE,completed_delivery
1666581917,1115,state_change,AVAILABLE,completed_delivery
1666581917,4034,state_change,AVAILABLE,completed_delivery
1666581917,1960,state_change,AVAILABLE,completed_delivery
1666581917,729,state_change,AVAILABLE,completed_delivery
1666581917,3176,state_change,AVAILABLE,completed_delivery
1666581917,322,state_change,AVAILABLE,completed_delivery
1666581917,3567,state_change,AVAILABLE,completed_delivery
1666581917,927,state_change,AVAILABLE,completed_delivery
1666581917,409,state_change,AVAILABLE,completed_delivery
1666581917,285,state_change,AVAILABLE,completed_delivery
1666581917,852,state_change,AVAILABLE,completed_delivery
1666581917,1880,state_change,AVAILABLE,completed_delivery
1666581917,254,state_change,AVAILABLE,completed_delivery
1666581917,1582,state_change,AVAILABLE,completed_delivery
1666581917,866,state_change,AVAILABLE,completed_delivery
1666581917,715,state_change,AVAILABLE,completed_delivery
1666581917,1542,state_change,AVAILABLE,completed_delivery
1666581917,4258,state_change,AVAILABLE,completed_delivery
1666581917,2667,state_change,AVAILABLE,completed_delivery
1666581917,1890,state_change,AVAILABLE,completed_delivery
1666581917,553,state_change,AVAILABLE,completed_delivery
1666581917,781,state_change,AVAILABLE,completed_delivery
1666581917,2263,state_change,AVAILABLE,completed_delivery
1666581917,516,state_change,AVAILABLE,completed_delivery
1666581917,1280,state_change,AVAILABLE,completed_delivery
1666581917,1913,state_change,AVAILABLE,completed_delivery
1666581917,758,state_change,AVAILABLE,completed_delivery
1666581917,2051,state_change,AVAILABLE,completed_delivery
1666581917,2957,state_change,AVAILABLE,completed_delivery
1666581917,275,state_change,AVAILABLE,completed_delivery
1666581917,3115,state_change,AVAILABLE,completed_delivery
1666581917,3524,state_change,AVAILABLE,completed_delivery
1666581917,2184,state_change,AVAILABLE,completed_delivery
1666581917,77,state_change,AVAILABLE,completed_delivery
1666581917,240,state_change,AVAILABLE,completed_delivery
1666581917,3004,state_change,AVAILABLE,completed_delivery
1666581917,537,state_change,AVAILABLE,completed_delivery
1666581917,189,state_change,AVAILABLE,completed_delivery
1666581917,1256,state_change,AVAILABLE,completed_delivery
1666581917,1069,state_change,AVAILABLE,completed_delivery
1666581917,1131,state_change,AVAILABLE,completed_delivery
1666581917,873,state_change,AVAILABLE,completed_delivery
1666581917,2095,state_change,AVAILABLE,completed_delivery
1666581917,478,state_change,AVAILABLE,completed_delivery
1666581917,620,state_change,AVAILABLE,completed_delivery
1666581917,3360,state_change,AVAILABLE,completed_delivery
1666581917,1955,state_change,AVAILABLE,completed_delivery
1666581917,555,state_change,AVAILABLE,completed_delivery
1666581917,2791,state_change,AVAILABLE,completed_delivery
1666581917,2753,state_change,AVAILABLE,completed_delivery
1666581917,3246,state_change,AVAILABLE,completed_delivery
1666581917,3317,state_change,AVAILABLE,completed_delivery
1666581917,2751,state_change,AVAILABLE,completed_delivery
1666581917,1783,state_change,AVAILABLE,completed_delivery
1666581917,2701,state_change,AVAILABLE,completed_delivery
1666581917,1317,state_change,AVAILABLE,completed_delivery
1666581917,3239,state_change,AVAILABLE,completed_delivery
1666581917,1936,state_change,AVAILABLE,completed_delivery
1666581917,2241,state_change,AVAILABLE,completed_delivery
1666581917,3854,state_change,AVAILABLE,completed_delivery
1666581917,3872,state_change,AVAILABLE,completed_delivery
1666581917,4254,state_change,AVAILABLE,completed_delivery
1666581917,3293,state_change,AVAILABLE,completed_delivery
1666581917,4454,state_change,AVAILABLE,completed_delivery
1666581917,2738,state_change,AVAILABLE,completed_delivery
1666581917,3270,state_change,AVAILABLE,completed_delivery
1666581917,1514,state_change,AVAILABLE,completed_delivery
1666581917,1970,state_change,AVAILABLE,completed_delivery
1666581917,680,state_change,AVAILABLE,completed_delivery
1666581917,786,state_change,AVAILABLE,completed_delivery
1666581917,1249,state_change,AVAILABLE,completed_delivery
1666581917,2614,state_change,AVAILABLE,completed_delivery
1666581917,1546,state_change,AVAILABLE,completed_delivery
1666581917,2133,state_change,AVAILABLE,completed_delivery
1666581917,3178,state_change,AVAILABLE,completed_delivery
1666581917,1020,state_change,AVAILABLE,completed_delivery
1666581917,1328,state_change,AVAILABLE,completed_delivery
1666581917,1884,state_change,AVAILABLE,completed_delivery
1666581917,1493,state_change,AVAILABLE,completed_delivery
1666581917,3717,state_change,AVAILABLE,completed_delivery
1666581917,2846,state_change,AVAILABLE,completed_delivery
1666581917,1605,state_change,AVAILABLE,completed_delivery
1666581917,1941,state_change,AVAILABLE,completed_delivery
1666581917,4103,state_change,AVAILABLE,completed_delivery
1666581917,1690,state_change,AVAILABLE,completed_delivery
1666581917,2982,state_change,AVAILABLE,completed_delivery
1666581917,1510,state_change,AVAILABLE,completed_delivery
1666581917,1747,state_change,AVAILABLE,completed_delivery
1666581917,2227,state_change,AVAILABLE,completed_delivery
1666581917,1649,state_change,AVAILABLE,completed_delivery
1666581917,2452,state_change,AVAILABLE,completed_delivery
1666581917,2915,state_change,AVAILABLE,completed_delivery
1666581917,2322,state_change,AVAILABLE,completed_delivery
1666581917,563,state_change,AVAILABLE,completed_delivery
1666581917,1623,state_change,AVAILABLE,completed_delivery
1666581917,259,state_change,AVAILABLE,completed_delivery
1666581917,2743,state_change,AVAILABLE,completed_delivery
1666581917,4635,state_change,AVAILABLE,completed_delivery
1666581917,2600,state_change,AVAILABLE,completed_delivery
1666581917,272,state_change,AVAILABLE,completed_delivery
1666581917,1634,state_change,AVAILABLE,completed_delivery
1666581917,2149,state_change,AVAILABLE,completed_delivery
1666581917,52,state_change,AVAILABLE,completed_delivery
1666581917,4071,state_change,AVAILABLE,completed_delivery
1666581917,1383,state_change,AVAILABLE,completed_delivery
1666581917,2428,state_change,AVAILABLE,completed_delivery
1666581917,937,state_change,AVAILABLE,completed_delivery
1666581917,1233,state_change,AVAILABLE,completed_delivery
1666581917,1998,state_change,AVAILABLE,completed_delivery
1666581917,3436,state_change,AVAILABLE,completed_delivery
1666581917,2715,state_change,AVAILABLE,completed_delivery
1666581917,1918,state_change,AVAILABLE,completed_delivery
1666581917,1724,state_change,AVAILABLE,completed_delivery
1666581917,26,state_change,AVAILABLE,completed_delivery
1666581917,3427,state_change,AVAILABLE,completed_delivery
1666581917,2072,state_change,AVAILABLE,completed_delivery
1666581917,1928,state_change,AVAILABLE,completed_delivery
1666581917,3104,state_change,AVAILABLE,completed_delivery
1666581917,3449,state_change,AVAILABLE,completed_delivery
1666581917,2844,state_change,AVAILABLE,completed_delivery
1666581917,836,state_change,AVAILABLE,completed_delivery
1666581917,4072,state_change,AVAILABLE,completed_delivery
1666581917,1185,state_change,AVAILABLE,completed_delivery
1666581917,1396,state_change,AVAILABLE,completed_delivery
1666581917,540,state_change,AVAILABLE,completed_delivery
1666581917,156,state_change,AVAILABLE,completed_delivery
1666581917,1084,state_change,AVAILABLE,completed_delivery
1666581917,2115,state_change,AVAILABLE,completed_delivery
1666581917,888,state_change,AVAILABLE,completed_delivery
1666581917,695,state_change,AVAILABLE,completed_delivery
1666581917,1726,state_change,AVAILABLE,completed_delivery
1666581917,1261,state_change,AVAILABLE,completed_delivery
1666581917,698,state_change,AVAILABLE,completed_delivery
1666581917,1336,state_change,AVAILABLE,completed_delivery
1666581917,3274,state_change,AVAILABLE,completed_delivery
1666581917,2985,state_change,AVAILABLE,completed_delivery
1666581917,1414,state_change,AVAILABLE,completed_delivery
1666581917,4096,state_change,AVAILABLE,completed_delivery
1666581917,2079,state_change,AVAILABLE,completed_delivery
1666581917,4076,state_change,AVAILABLE,completed_delivery
1666581917,3150,state_change,AVAILABLE,completed_delivery
1666581917,1736,state_change,AVAILABLE,completed_delivery
1666581917,1153,state_change,AVAILABLE,completed_delivery
1666581917,1866,state_change,AVAILABLE,completed_delivery
1666581917,3247,state_change,AVAILABLE,completed_delivery
1666581917,4178,state_change,AVAILABLE,completed_delivery
1666581917,1366,state_change,AVAILABLE,completed_delivery
1666581917,3976,state_change,AVAILABLE,completed_delivery
1666581917,4634,state_change,AVAILABLE,completed_delivery
1666581917,1209,state_change,AVAILABLE,completed_delivery
1666581917,3561,state_change,AVAILABLE,completed_delivery
1666581917,1190,state_change,AVAILABLE,completed_delivery
1666581917,2932,state_change,AVAILABLE,completed_delivery
1666581917,1448,state_change,AVAILABLE,completed_delivery
1666581917,2441,state_change,AVAILABLE,completed_delivery
1666581917,581,state_change,AVAILABLE,completed_delivery
1666581917,728,state_change,AVAILABLE,completed_delivery
1666581917,1737,state_change,AVAILABLE,completed_delivery
1666581917,2517,state_change,AVAILABLE,completed_delivery
1666581917,430,state_change,AVAILABLE,completed_delivery
1666581917,2814,state_change,AVAILABLE,completed_delivery
1666581917,3001,state_change,AVAILABLE,completed_delivery
1666581917,2466,state_change,AVAILABLE,completed_delivery
1666581917,2034,state_change,AVAILABLE,completed_delivery
1666581917,2593,state_change,AVAILABLE,completed_delivery
1666581917,1729,state_change,AVAILABLE,completed_delivery
1666581917,3045,state_change,AVAILABLE,completed_delivery
1666581917,243,state_change,AVAILABLE,completed_delivery
1666581917,4775,state_change,AVAILABLE,completed_delivery
1666581917,1158,state_change,AVAILABLE,completed_delivery
1666581917,789,state_change,AVAILABLE,completed_delivery
1666581917,529,state_change,AVAILABLE,completed_delivery
1666581917,3162,state_change,AVAILABLE,completed_delivery
1666581917,1631,state_change,AVAILABLE,completed_delivery
1666581917,802,state_change,AVAILABLE,completed_delivery
1666581917,1677,state_change,AVAILABLE,completed_delivery
1666581917,707,state_change,AVAILABLE,completed_delivery
1666581917,1265,state_change,AVAILABLE,completed_delivery
1666581917,3335,state_change,AVAILABLE,completed_delivery
1666581917,4206,state_change,AVAILABLE,completed_delivery
1666581917,1785,state_change,AVAILABLE,completed_delivery
1666581917,681,state_change,AVAILABLE,completed_delivery
1666581917,2861,state_change,AVAILABLE,completed_delivery
1666581917,2615,state_change,AVAILABLE,completed_delivery
1666581917,1035,state_change,AVAILABLE,completed_delivery
1666581917,1034,state_change,AVAILABLE,completed_delivery
1666581917,3106,state_change,AVAILABLE,completed_delivery
1666581917,2700,state_change,AVAILABLE,completed_delivery
1666581917,970,state_change,AVAILABLE,completed_delivery
1666581917,89,state_change,AVAILABLE,completed_delivery
1666581917,1903,state_change,AVAILABLE,completed_delivery
1666581917,2554,state_change,AVAILABLE,completed_delivery
1666581917,977,state_change,AVAILABLE,completed_delivery
1666581917,2682,state_change,AVAILABLE,completed_delivery
1666581917,410,state_change,AVAILABLE,completed_delivery
1666581917,4866,state_change,AVAILABLE,completed_delivery
1666581917,1349,state_change,AVAILABLE,completed_delivery
1666581917,3657,state_change,AVAILABLE,completed_delivery
1666581917,2420,state_change,AVAILABLE,completed_delivery
1666581917,4555,state_change,AVAILABLE,completed_delivery
1666581917,2089,state_change,AVAILABLE,completed_delivery
1666581917,689,state_change,AVAILABLE,completed_delivery
1666581917,75,state_change,AVAILABLE,completed_delivery
1666581917,2135,state_change,AVAILABLE,completed_delivery
1666581917,2787,state_change,AVAILABLE,completed_delivery
1666581917,753,state_change,AVAILABLE,completed_delivery
1666581917,2153,state_change,AVAILABLE,completed_delivery
1666581917,3373,state_change,AVAILABLE,completed_delivery
1666581917,1021,state_change,AVAILABLE,completed_delivery
1666581917,2181,state_change,AVAILABLE,completed_delivery
1666581917,87,state_change,AVAILABLE,completed_delivery
1666581917,175,state_change,AVAILABLE,completed_delivery
1666581917,2895,state_change,AVAILABLE,completed_delivery
1666581917,1463,state_change,AVAILABLE,completed_delivery
1666581917,2884,state_change,AVAILABLE,completed_delivery
1666581917,1870,state_change,AVAILABLE,completed_delivery
1666581917,3134,state_change,AVAILABLE,completed_delivery
1666581917,981,state_change,AVAILABLE,completed_delivery
1666581917,1529,state_change,AVAILABLE,completed_delivery
1666581917,2155,state_change,AVAILABLE,completed_delivery
1666581917,2687,state_change,AVAILABLE,completed_delivery
1666581917,2659,state_change,AVAILABLE,completed_delivery
1666581917,2880,state_change,AVAILABLE,completed_delivery
1666581917,1082,state_change,AVAILABLE,completed_delivery
1666581917,2389,state_change,AVAILABLE,completed_delivery
1666581917,1725,state_change,AVAILABLE,completed_delivery
1666581917,2170,state_change,AVAILABLE,completed_delivery
1666581917,3553,state_change,AVAILABLE,completed_delivery
1666581917,726,state_change,AVAILABLE,completed_delivery
1666581917,1694,state_change,AVAILABLE,completed_delivery
1666581917,5,state_change,AVAILABLE,completed_delivery
1666581917,2977,state_change,AVAILABLE,completed_delivery
1666581917,2196,state_change,AVAILABLE,completed_delivery
1666581917,3053,state_change,AVAILABLE,completed_delivery
1666581917,1908,state_change,AVAILABLE,completed_delivery
1666581917,4053,state_change,AVAILABLE,completed_delivery
1666581917,663,state_change,AVAILABLE,completed_delivery
1666581917,855,state_change,AVAILABLE,completed_delivery
1666581917,2678,state_change,AVAILABLE,completed_delivery
1666581917,1863,state_change,AVAILABLE,completed_delivery
1666581917,253,state_change,AVAILABLE,completed_delivery
1666581917,3840,state_change,AVAILABLE,completed_delivery
1666581917,170,state_change,AVAILABLE,completed_delivery
1666581917,1227,state_change,AVAILABLE,completed_delivery
1666581917,106,state_change,AVAILABLE,completed_delivery
1666581917,1797,state_change,AVAILABLE,completed_delivery
1666581917,2120,state_change,AVAILABLE,completed_delivery
1666581917,2112,state_change,AVAILABLE,completed_delivery
1666581917,461,state_change,AVAILABLE,completed_delivery
1666581917,2210,state_change,AVAILABLE,completed_delivery
1666581917,2078,state_change,AVAILABLE,completed_delivery
1666581917,4232,state_change,AVAILABLE,completed_delivery
1666581917,1931,state_change,AVAILABLE,completed_delivery
1666581917,3489,state_change,AVAILABLE,completed_delivery
1666581917,3711,state_change,AVAILABLE,completed_delivery
1666581917,477,state_change,AVAILABLE,completed_delivery
1666581917,4648,state_change,AVAILABLE,completed_delivery
1666581917,3958,state_change,AVAILABLE,completed_delivery
1666581917,1226,state_change,AVAILABLE,completed_delivery
1666581917,18,state_change,AVAILABLE,completed_delivery
1666581917,913,state_change,AVAILABLE,completed_delivery
1666581917,2716,state_change,AVAILABLE,completed_delivery
1666581917,114,state_change,AVAILABLE,completed_delivery
1666581917,4221,state_change,AVAILABLE,completed_delivery
1666581917,2039,state_change,AVAILABLE,completed_delivery
1666581917,3206,state_change,AVAILABLE,completed_delivery
1666581917,456,state_change,AVAILABLE,completed_delivery
1666581917,3253,state_change,AVAILABLE,completed_delivery
1666581917,770,state_change,AVAILABLE,completed_delivery
1666581917,3532,state_change,AVAILABLE,completed_delivery
1666581917,2510,state_change,AVAILABLE,completed_delivery
1666581917,1595,state_change,AVAILABLE,completed_delivery
1666581917,4139,state_change,AVAILABLE,completed_delivery
1666581917,535,state_change,AVAILABLE,completed_delivery
1666581917,915,state_change,AVAILABLE,completed_delivery
1666581917,291,state_change,AVAILABLE,completed_delivery
1666581917,2852,state_change,AVAILABLE,completed_delivery
1666581917,2015,state_change,AVAILABLE,completed_delivery
1666581917,2725,state_change,AVAILABLE,completed_delivery
1666581917,1327,state_change,AVAILABLE,completed_delivery
1666581917,2636,state_change,AVAILABLE,completed_delivery
1666581917,4490,state_change,AVAILABLE,completed_delivery
1666581917,3195,state_change,AVAILABLE,completed_delivery
1666581917,2960,state_change,AVAILABLE,completed_delivery
1666581917,976,state_change,AVAILABLE,completed_delivery
1666581917,2083,state_change,AVAILABLE,completed_delivery
1666581917,1061,state_change,AVAILABLE,completed_delivery
1666581917,2707,state_change,AVAILABLE,completed_delivery
1666581917,1985,state_change,AVAILABLE,completed_delivery
1666581917,1053,state_change,AVAILABLE,completed_delivery
1666581917,3739,state_change,AVAILABLE,completed_delivery
1666581917,958,state_change,AVAILABLE,completed_delivery
1666581917,1925,state_change,AVAILABLE,completed_delivery
1666581917,479,state_change,AVAILABLE,completed_delivery
1666581917,3896,state_change,AVAILABLE,completed_delivery
1666581917,2754,state_change,AVAILABLE,completed_delivery
1666581917,4595,state_change,AVAILABLE,completed_delivery
1666581917,1001,state_change,AVAILABLE,completed_delivery
1666581917,4508,state_change,AVAILABLE,completed_delivery
1666581917,4626,state_change,AVAILABLE,completed_delivery
1666581917,814,state_change,AVAILABLE,completed_delivery
1666581917,3909,state_change,AVAILABLE,completed_delivery
1666581917,2430,state_change,AVAILABLE,completed_delivery
1666581917,2053,state_change,AVAILABLE,completed_delivery
1666581917,4031,state_change,AVAILABLE,completed_delivery
1666581917,3223,state_change,AVAILABLE,completed_delivery
1666581917,3371,state_change,AVAILABLE,completed_delivery
1666581917,1017,state_change,AVAILABLE,completed_delivery
1666581917,4275,state_change,AVAILABLE,completed_delivery
1666581917,1731,state_change,AVAILABLE,completed_delivery
1666581917,1901,state_change,AVAILABLE,completed_delivery
1666581917,82,state_change,AVAILABLE,completed_delivery
1666581917,713,state_change,AVAILABLE,completed_delivery
1666581917,3474,state_change,AVAILABLE,completed_delivery
1666581917,3731,state_change,AVAILABLE,completed_delivery
1666581917,3233,state_change,AVAILABLE,completed_delivery
1666581917,4202,state_change,AVAILABLE,completed_delivery
1666581917,759,state_change,AVAILABLE,completed_delivery
1666581917,1101,state_change,AVAILABLE,completed_delivery
1666581917,3038,state_change,AVAILABLE,completed_delivery
1666581917,3565,state_change,AVAILABLE,completed_delivery
1666581917,296,state_change,AVAILABLE,completed_delivery
1666581917,3963,state_change,AVAILABLE,completed_delivery
1666581917,1715,state_change,AVAILABLE,completed_delivery
1666581917,3697,state_change,AVAILABLE,completed_delivery
1666581917,3779,state_change,AVAILABLE,completed_delivery
1666581917,3276,state_change,AVAILABLE,completed_delivery
1666581917,3951,state_change,AVAILABLE,completed_delivery
1666581917,2311,state_change,AVAILABLE,completed_delivery
1666581917,2653,state_change,AVAILABLE,completed_delivery
1666581917,2471,state_change,AVAILABLE,completed_delivery
1666581917,2660,state_change,AVAILABLE,completed_delivery
1666581917,1704,state_change,AVAILABLE,completed_delivery
1666581917,3830,state_change,AVAILABLE,completed_delivery
1666581917,1400,state_change,AVAILABLE,completed_delivery
1666581917,1441,state_change,AVAILABLE,completed_delivery
1666581917,4573,state_change,AVAILABLE,completed_delivery
1666581917,1000,state_change,AVAILABLE,completed_delivery
1666581917,1587,state_change,AVAILABLE,completed_delivery
1666581917,4279,state_change,AVAILABLE,completed_delivery
1666581917,1056,state_change,AVAILABLE,completed_delivery
1666581917,401,state_change,AVAILABLE,completed_delivery
1666581917,2157,state_change,AVAILABLE,completed_delivery
1666581917,375,state_change,AVAILABLE,completed_delivery
1666581917,1215,state_change,AVAILABLE,completed_delivery
1666581917,870,state_change,AVAILABLE,completed_delivery
1666581917,4708,state_change,AVAILABLE,completed_delivery
1666581917,1951,state_change,AVAILABLE,completed_delivery
1666581917,440,state_change,AVAILABLE,completed_delivery
1666581917,394,state_change,AVAILABLE,completed_delivery
1666581917,1079,state_change,AVAILABLE,completed_delivery
1666581917,2424,state_change,AVAILABLE,completed_delivery
1666581917,2106,state_change,AVAILABLE,completed_delivery
1666581917,534,state_change,AVAILABLE,completed_delivery
1666581917,2728,state_change,AVAILABLE,completed_delivery
1666581917,1453,state_change,AVAILABLE,completed_delivery
1666581917,4223,state_change,AVAILABLE,completed_delivery
1666581917,136,state_change,AVAILABLE,completed_delivery
1666581917,1401,state_change,AVAILABLE,completed_delivery
1666581917,3080,state_change,AVAILABLE,completed_delivery
1666581917,3093,state_change,AVAILABLE,completed_delivery
1666581917,3159,state_change,AVAILABLE,completed_delivery
1666581917,624,state_change,AVAILABLE,completed_delivery
1666581917,79,state_change,AVAILABLE,completed_delivery
1666581917,736,state_change,AVAILABLE,completed_delivery
1666581917,3437,state_change,AVAILABLE,completed_delivery
1666581917,1292,state_change,AVAILABLE,completed_delivery
1666581917,2063,state_change,AVAILABLE,completed_delivery
1666581917,1040,state_change,AVAILABLE,completed_delivery
1666581917,2370,state_change,AVAILABLE,completed_delivery
1666581917,1764,state_change,AVAILABLE,completed_delivery
1666581917,1486,state_change,AVAILABLE,completed_delivery
1666581917,1228,state_change,AVAILABLE,completed_delivery
1666581917,3297,state_change,AVAILABLE,completed_delivery
1666581917,1266,state_change,AVAILABLE,completed_delivery
1666581917,2071,state_change,AVAILABLE,completed_delivery
1666581917,2037,state_change,AVAILABLE,completed_delivery
1666581917,3955,state_change,AVAILABLE,completed_delivery
1666581917,1140,state_change,AVAILABLE,completed_delivery
1666581917,61,state_change,AVAILABLE,completed_delivery
1666581917,3980,state_change,AVAILABLE,completed_delivery
1666581917,416,state_change,AVAILABLE,completed_delivery
1666581917,246,state_change,AVAILABLE,completed_delivery
1666581917,4449,state_change,AVAILABLE,completed_delivery
1666581917,755,state_change,AVAILABLE,completed_delivery
1666581917,2495,state_change,AVAILABLE,completed_delivery
1666581917,3919,state_change,AVAILABLE,completed_delivery
1666581917,3171,state_change,AVAILABLE,completed_delivery
1666581917,1485,state_change,AVAILABLE,completed_delivery
1666581917,118,state_change,AVAILABLE,completed_delivery
1666581917,3238,state_change,AVAILABLE,completed_delivery
1666581917,3748,state_change,AVAILABLE,completed_delivery
1666581917,4376,state_change,AVAILABLE,completed_delivery
1666581917,1632,state_change,AVAILABLE,completed_delivery
1666581917,238,state_change,AVAILABLE,completed_delivery
1666581917,2085,state_change,AVAILABLE,completed_delivery
1666581917,3882,state_change,AVAILABLE,completed_delivery
1666581917,2084,state_change,AVAILABLE,completed_delivery
1666581917,3634,state_change,AVAILABLE,completed_delivery
1666581917,1684,state_change,AVAILABLE,completed_delivery
1666581917,4042,state_change,AVAILABLE,completed_delivery
1666581917,1563,state_change,AVAILABLE,completed_delivery
1666581917,4288,state_change,AVAILABLE,completed_delivery
1666581917,158,state_change,AVAILABLE,completed_delivery
1666581917,3662,state_change,AVAILABLE,completed_delivery
1666581917,3174,state_change,AVAILABLE,completed_delivery
1666581917,1133,state_change,AVAILABLE,completed_delivery
1666581917,3723,state_change,AVAILABLE,completed_delivery
1666581917,59,state_change,AVAILABLE,completed_delivery
1666581917,1276,state_change,AVAILABLE,completed_delivery
1666581917,1286,state_change,AVAILABLE,completed_delivery
1666581917,853,state_change,AVAILABLE,completed_delivery
1666581917,1016,state_change,AVAILABLE,completed_delivery
1666581917,3424,state_change,AVAILABLE,completed_delivery
1666581917,830,state_change,AVAILABLE,completed_delivery
1666581917,2696,state_change,AVAILABLE,completed_delivery
1666581917,4509,state_change,AVAILABLE,completed_delivery
1666581917,3121,state_change,AVAILABLE,completed_delivery
1666581917,2054,state_change,AVAILABLE,completed_delivery
1666581917,2839,state_change,AVAILABLE,completed_delivery
1666581917,3975,state_change,AVAILABLE,completed_delivery
1666581917,2825,state_change,AVAILABLE,completed_delivery
1666581917,1781,state_change,AVAILABLE,completed_delivery
1666581917,2312,state_change,AVAILABLE,completed_delivery
1666581917,507,state_change,AVAILABLE,completed_delivery
1666581917,1242,state_change,AVAILABLE,completed_delivery
1666581917,3456,state_change,AVAILABLE,completed_delivery
1666581917,931,state_change,AVAILABLE,completed_delivery
1666581917,3298,state_change,AVAILABLE,completed_delivery
1666581917,1910,state_change,AVAILABLE,completed_delivery
1666581917,4095,state_change,AVAILABLE,completed_delivery
1666581917,1601,state_change,AVAILABLE,completed_delivery
1666581917,1094,state_change,AVAILABLE,completed_delivery
1666581917,3614,state_change,AVAILABLE,completed_delivery
1666581917,564,state_change,AVAILABLE,completed_delivery
1666581917,2681,state_change,AVAILABLE,completed_delivery
1666581917,3519,state_change,AVAILABLE,completed_delivery
1666581917,1384,state_change,AVAILABLE,completed_delivery
1666581917,3712,state_change,AVAILABLE,completed_delivery
1666581917,737,state_change,AVAILABLE,completed_delivery
1666581917,17,state_change,AVAILABLE,completed_delivery
1666581917,248,state_change,AVAILABLE,completed_delivery
1666581917,1305,state_change,AVAILABLE,completed_delivery
1666581917,1204,state_change,AVAILABLE,completed_delivery
1666581917,877,state_change,AVAILABLE,completed_delivery
1666581917,2610,state_change,AVAILABLE,completed_delivery
1666581917,2577,state_change,AVAILABLE,completed_delivery
1666581917,3729,state_change,AVAILABLE,completed_delivery
1666581917,2807,state_change,AVAILABLE,completed_delivery
1666581917,488,state_change,AVAILABLE,completed_delivery
1666581917,1451,state_change,AVAILABLE,completed_delivery
1666581917,3721,state_change,AVAILABLE,completed_delivery
1666581917,4280,state_change,AVAILABLE,completed_delivery
1666581917,4803,state_change,AVAILABLE,completed_delivery
1666581917,2661,state_change,AVAILABLE,completed_delivery
1666581917,3514,state_change,AVAILABLE,completed_delivery
1666581917,4218,state_change,AVAILABLE,completed_delivery
1666581917,2456,state_change,AVAILABLE,completed_delivery
1666581917,3682,state_change,AVAILABLE,completed_delivery
1666581917,1858,state_change,AVAILABLE,completed_delivery
1666581917,891,state_change,AVAILABLE,completed_delivery
1666581917,1014,state_change,AVAILABLE,completed_delivery
1666581917,1947,state_change,AVAILABLE,completed_delivery
1666581917,2798,state_change,AVAILABLE,completed_delivery
1666581917,2552,state_change,AVAILABLE,completed_delivery
1666581917,2496,state_change,AVAILABLE,completed_delivery
1666581917,167,state_change,AVAILABLE,completed_delivery
1666581917,1221,state_change,AVAILABLE,completed_delivery
1666581917,1114,state_change,AVAILABLE,completed_delivery
1666581917,2357,state_change,AVAILABLE,completed_delivery
1666581917,1250,state_change,AVAILABLE,completed_delivery
1666581917,730,state_change,AVAILABLE,completed_delivery
1666581917,3482,state_change,AVAILABLE,completed_delivery
1666581917,4481,state_change,AVAILABLE,completed_delivery
1666581917,4404,state_change,AVAILABLE,completed_delivery
1666581917,2992,state_change,AVAILABLE,completed_delivery
1666581917,2397,state_change,AVAILABLE,completed_delivery
1666581917,849,state_change,AVAILABLE,completed_delivery
1666581917,1418,state_change,AVAILABLE,completed_delivery
1666581917,868,state_change,AVAILABLE,completed_delivery
1666581917,526,state_change,AVAILABLE,completed_delivery
1666581917,2877,state_change,AVAILABLE,completed_delivery
1666581917,2792,state_change,AVAILABLE,completed_delivery
1666581917,46,state_change,AVAILABLE,completed_delivery
1666581917,2878,state_change,AVAILABLE,completed_delivery
1666581917,2964,state_change,AVAILABLE,completed_delivery
1666581917,1010,state_change,AVAILABLE,completed_delivery
1666581917,4696,state_change,AVAILABLE,completed_delivery
1666581917,2450,state_change,AVAILABLE,completed_delivery
1666581917,239,state_change,AVAILABLE,completed_delivery
1666581917,3290,state_change,AVAILABLE,completed_delivery
1666581917,4029,state_change,AVAILABLE,completed_delivery
1666581917,1125,state_change,AVAILABLE,completed_delivery
1666581917,1272,state_change,AVAILABLE,completed_delivery
1666581917,1559,state_change,AVAILABLE,completed_delivery
1666581917,2899,state_change,AVAILABLE,completed_delivery
1666581917,4325,state_change,AVAILABLE,completed_delivery
1666581917,2208,state_change,AVAILABLE,completed_delivery
1666581917,2350,state_change,AVAILABLE,completed_delivery
1666581917,1534,state_change,AVAILABLE,completed_delivery
1666581917,708,state_change,AVAILABLE,completed_delivery
1666581917,3011,state_change,AVAILABLE,completed_delivery
1666581917,4332,state_change,AVAILABLE,completed_delivery
1666581917,2723,state_change,AVAILABLE,completed_delivery
1666581917,1426,state_change,AVAILABLE,completed_delivery
1666581917,421,state_change,AVAILABLE,completed_delivery
1666581917,2538,state_change,AVAILABLE,completed_delivery
1666581917,1,state_change,AVAILABLE,completed_delivery
1666581917,3982,state_change,AVAILABLE,completed_delivery
1666581917,2258,state_change,AVAILABLE,completed_delivery
1666581917,4899,state_change,AVAILABLE,completed_delivery
1666581917,2088,state_change,AVAILABLE,completed_delivery
1666581917,1167,state_change,AVAILABLE,completed_delivery
1666581917,2995,state_change,AVAILABLE,completed_delivery
1666581917,780,state_change,AVAILABLE,completed_delivery
1666581917,3823,state_change,AVAILABLE,completed_delivery
1666581917,2572,state_change,AVAILABLE,completed_delivery
1666581917,536,state_change,AVAILABLE,completed_delivery
1666581917,2404,state_change,AVAILABLE,completed_delivery
1666581917,414,state_change,AVAILABLE,completed_delivery
1666581917,2558,state_change,AVAILABLE,completed_delivery
1666581917,1236,state_change,AVAILABLE,completed_delivery
1666581917,1136,state_change,AVAILABLE,completed_delivery
1666581917,2336,state_change,AVAILABLE,completed_delivery
1666581917,1733,state_change,AVAILABLE,completed_delivery
1666581917,1670,state_change,AVAILABLE,completed_delivery
1666581917,2136,state_change,AVAILABLE,completed_delivery
1666581917,3503,state_change,AVAILABLE,completed_delivery
1666581917,4242,state_change,AVAILABLE,completed_delivery
1666581917,3730,state_change,AVAILABLE,completed_delivery
1666581917,4554,state_change,AVAILABLE,completed_delivery
1666581917,3750,state_change,AVAILABLE,completed_delivery
1666581917,941,state_change,AVAILABLE,completed_delivery
1666581917,3426,state_change,AVAILABLE,completed_delivery
1666581917,428,state_change,AVAILABLE,completed_delivery
1666581917,1346,state_change,AVAILABLE,completed_delivery
1666581917,37,state_change,AVAILABLE,completed_delivery
1666581917,1953,state_change,AVAILABLE,completed_delivery
1666581917,972,state_change,AVAILABLE,completed_delivery
1666581917,57,state_change,AVAILABLE,completed_delivery
1666581917,88,state_change,AVAILABLE,completed_delivery
1666581917,3315,state_change,AVAILABLE,completed_delivery
1666581917,1225,state_change,AVAILABLE,completed_delivery
1666581917,4501,state_change,AVAILABLE,completed_delivery
1666581917,600,state_change,AVAILABLE,completed_delivery
1666581917,4319,state_change,AVAILABLE,completed_delivery
1666581917,677,state_change,AVAILABLE,completed_delivery
1666581917,2551,state_change,AVAILABLE,completed_delivery
1666581917,3139,state_change,AVAILABLE,completed_delivery
1666581917,329,state_change,AVAILABLE,completed_delivery
1666581917,910,state_change,AVAILABLE,completed_delivery
1666581917,900,state_change,AVAILABLE,completed_delivery
1666581917,716,state_change,AVAILABLE,completed_delivery
1666581917,2733,state_change,AVAILABLE,completed_delivery
1666581917,571,state_change,AVAILABLE,completed_delivery
1666581917,1240,state_change,AVAILABLE,completed_delivery
1666581917,2165,state_change,AVAILABLE,completed_delivery
1666581917,4386,state_change,AVAILABLE,completed_delivery
1666581917,1976,state_change,AVAILABLE,completed_delivery
1666581917,2432,state_change,AVAILABLE,completed_delivery
1666581917,223,state_change,AVAILABLE,completed_delivery
1666581917,3184,state_change,AVAILABLE,completed_delivery
1666581917,4646,state_change,AVAILABLE,completed_delivery
1666581917,1734,state_change,AVAILABLE,completed_delivery
1666581917,2081,state_change,AVAILABLE,completed_delivery
1666581917,782,state_change,AVAILABLE,completed_delivery
1666581917,422,state_change,AVAILABLE,completed_delivery
1666581917,2569,state_change,AVAILABLE,completed_delivery
1666581917,157,state_change,AVAILABLE,completed_delivery
1666581917,4292,state_change,AVAILABLE,completed_delivery
1666581917,2206,state_change,AVAILABLE,completed_delivery
1666581917,358,state_change,AVAILABLE,completed_delivery
1666581917,2735,state_change,AVAILABLE,completed_delivery
1666581917,1681,state_change,AVAILABLE,completed_delivery
1666581917,848,state_change,AVAILABLE,completed_delivery
1666581917,3660,state_change,AVAILABLE,completed_delivery
1666581917,1813,state_change,AVAILABLE,completed_delivery
1666581917,1663,state_change,AVAILABLE,completed_delivery
1666581917,3494,state_change,AVAILABLE,completed_delivery
1666581917,4367,state_change,AVAILABLE,completed_delivery
1666581917,991,state_change,AVAILABLE,completed_delivery
1666581917,2771,state_change,AVAILABLE,completed_delivery
1666581917,1875,state_change,AVAILABLE,completed_delivery
1666581917,160,state_change,AVAILABLE,completed_delivery
1666581917,611,state_change,AVAILABLE,completed_delivery
1666581917,2207,state_change,AVAILABLE,completed_delivery
1666581917,47,state_change,AVAILABLE,completed_delivery
1666581917,3689,state_change,AVAILABLE,completed_delivery
1666581917,1113,state_change,AVAILABLE,completed_delivery
1666581917,407,state_change,AVAILABLE,completed_delivery
1666581917,2968,state_change,AVAILABLE,completed_delivery
1666581917,1410,state_change,AVAILABLE,completed_delivery
1666581917,2038,state_change,AVAILABLE,completed_delivery
1666581917,987,state_change,AVAILABLE,completed_delivery
1666581917,330,state_change,AVAILABLE,completed_delivery
1666581917,3251,state_change,AVAILABLE,completed_delivery
1666581917,214,state_change,AVAILABLE,completed_delivery
1666581917,4002,state_change,AVAILABLE,completed_delivery
1666581917,1077,state_change,AVAILABLE,completed_delivery
1666581917,202,state_change,AVAILABLE,completed_delivery
1666581917,4504,state_change,AVAILABLE,completed_delivery
1666581917,946,state_change,AVAILABLE,completed_delivery
1666581917,2383,state_change,AVAILABLE,completed_delivery
1666581917,2805,state_change,AVAILABLE,completed_delivery
1666581917,493,state_change,AVAILABLE,completed_delivery
1666581917,2518,state_change,AVAILABLE,completed_delivery
1666581917,144,state_change,AVAILABLE,completed_delivery
1666581917,2532,state_change,AVAILABLE,completed_delivery
1666581917,2224,state_change,AVAILABLE,completed_delivery
1666581917,1007,state_change,AVAILABLE,completed_delivery
1666581917,402,state_change,AVAILABLE,completed_delivery
1666581917,538,state_change,AVAILABLE,completed_delivery
1666581917,368,state_change,AVAILABLE,completed_delivery
1666581917,2786,state_change,AVAILABLE,completed_delivery
1666581917,817,state_change,AVAILABLE,completed_delivery
1666581917,2939,state_change,AVAILABLE,completed_delivery
1666581917,1273,state_change,AVAILABLE,completed_delivery
1666581917,4020,state_change,AVAILABLE,completed_delivery
1666581917,3245,state_change,AVAILABLE,completed_delivery
1666581917,3523,state_change,AVAILABLE,completed_delivery
1666581917,2806,state_change,AVAILABLE,completed_delivery
1666581917,1719,state_change,AVAILABLE,completed_delivery
1666581917,2190,state_change,AVAILABLE,completed_delivery
1666581917,297,state_change,AVAILABLE,completed_delivery
1666581917,744,state_change,AVAILABLE,completed_delivery
1666581917,4537,state_change,AVAILABLE,completed_delivery
1666581917,1408,state_change,AVAILABLE,completed_delivery
1666581917,2434,state_change,AVAILABLE,completed_delivery
1666581917,1145,state_change,AVAILABLE,completed_delivery
1666581917,1287,state_change,AVAILABLE,completed_delivery
1666581917,2127,state_change,AVAILABLE,completed_delivery
1666581917,861,state_change,AVAILABLE,completed_delivery
1666581917,790,state_change,AVAILABLE,completed_delivery
1666581917,3017,state_change,AVAILABLE,completed_delivery
1666581917,510,state_change,AVAILABLE,completed_delivery
1666581917,1530,state_change,AVAILABLE,completed_delivery
1666581917,593,state_change,AVAILABLE,completed_delivery
1666581917,2675,state_change,AVAILABLE,completed_delivery
1666581917,1318,state_change,AVAILABLE,completed_delivery
1666581917,4019,state_change,AVAILABLE,completed_delivery
1666581917,1296,state_change,AVAILABLE,completed_delivery
1666581917,1740,state_change,AVAILABLE,completed_delivery
1666581917,3715,state_change,AVAILABLE,completed_delivery
1666581917,1028,state_change,AVAILABLE,completed_delivery
1666581917,1460,state_change,AVAILABLE,completed_delivery
1666581917,916,state_change,AVAILABLE,completed_delivery
1666581917,739,state_change,AVAILABLE,completed_delivery
1666581917,796,state_change,AVAILABLE,completed_delivery
1666581917,2355,state_change,AVAILABLE,completed_delivery
1666581917,3158,state_change,AVAILABLE,completed_delivery
1666581917,1474,state_change,AVAILABLE,completed_delivery
1666581917,3522,state_change,AVAILABLE,completed_delivery
1666581917,4216,state_change,AVAILABLE,completed_delivery
1666581917,191,state_change,AVAILABLE,completed_delivery
1666581917,732,state_change,AVAILABLE,completed_delivery
1666581917,583,state_change,AVAILABLE,completed_delivery
1666581917,2979,state_change,AVAILABLE,completed_delivery
1666581917,1168,state_change,AVAILABLE,completed_delivery
1666581917,1660,state_change,AVAILABLE,completed_delivery
1666581917,4300,state_change,AVAILABLE,completed_delivery
1666581917,997,state_change,AVAILABLE,completed_delivery
1666581917,58,state_change,AVAILABLE,completed_delivery
1666581917,767,state_change,AVAILABLE,completed_delivery
1666581917,4262,state_change,AVAILABLE,completed_delivery
1666581917,116,state_change,AVAILABLE,completed_delivery
1666581917,244,state_change,AVAILABLE,completed_delivery
1666581917,1150,state_change,AVAILABLE,completed_delivery
1666581917,331,state_change,AVAILABLE,completed_delivery
1666581917,2970,state_change,AVAILABLE,completed_delivery
1666581917,2801,state_change,AVAILABLE,completed_delivery
1666581917,703,state_change,AVAILABLE,completed_delivery
1666581917,2345,state_change,AVAILABLE,completed_delivery
1666581917,4482,state_change,AVAILABLE,completed_delivery
1666581917,3827,state_change,AVAILABLE,completed_delivery
1666581917,137,state_change,AVAILABLE,completed_delivery
1666581917,999,state_change,AVAILABLE,completed_delivery
1666581917,97,state_change,AVAILABLE,completed_delivery
1666581917,1727,state_change,AVAILABLE,completed_delivery
1666581917,3625,state_change,AVAILABLE,completed_delivery
1666581917,3408,state_change,AVAILABLE,completed_delivery
1666581917,2435,state_change,AVAILABLE,completed_delivery
1666581917,1581,state_change,AVAILABLE,completed_delivery
1666581917,2105,state_change,AVAILABLE,completed_delivery
1666581917,2742,state_change,AVAILABLE,completed_delivery
1666581917,1279,state_change,AVAILABLE,completed_delivery
1666581917,2172,state_change,AVAILABLE,completed_delivery
1666581917,173,state_change,AVAILABLE,completed_delivery
1666581917,3616,state_change,AVAILABLE,completed_delivery
1666581917,1157,state_change,AVAILABLE,completed_delivery
1666581917,517,state_change,AVAILABLE,completed_delivery
1666581917,2671,state_change,AVAILABLE,completed_delivery
1666581917,914,state_change,AVAILABLE,completed_delivery
1666581917,146,state_change,AVAILABLE,completed_delivery
1666581917,2876,state_change,AVAILABLE,completed_delivery
1666581917,2343,state_change,AVAILABLE,completed_delivery
1666581917,83,state_change,AVAILABLE,completed_delivery
1666581917,714,state_change,AVAILABLE,completed_delivery
1666581917,795,state_change,AVAILABLE,completed_delivery
1666581917,1097,state_change,AVAILABLE,completed_delivery
1666581917,452,state_change,AVAILABLE,completed_delivery
1666581917,294,state_change,AVAILABLE,completed_delivery
1666581917,62,state_change,AVAILABLE,completed_delivery
1666581917,1419,state_change,AVAILABLE,completed_delivery
1666581917,2557,state_change,AVAILABLE,completed_delivery
1666581917,86,state_change,AVAILABLE,completed_delivery
1666581917,820,state_change,AVAILABLE,completed_delivery
1666581917,1831,state_change,AVAILABLE,completed_delivery
1666581917,3965,state_change,AVAILABLE,completed_delivery
1666581917,996,state_change,AVAILABLE,completed_delivery
1666581917,1208,state_change,AVAILABLE,completed_delivery
1666581917,419,state_change,AVAILABLE,completed_delivery
1666581917,741,state_change,AVAILABLE,completed_delivery
1666581917,580,state_change,AVAILABLE,completed_delivery
1666581917,3509,state_change,AVAILABLE,completed_delivery
1666581917,2197,state_change,AVAILABLE,completed_delivery
1666581917,2809,state_change,AVAILABLE,completed_delivery
1666581917,3668,state_change,AVAILABLE,completed_delivery
1666581917,4101,state_change,AVAILABLE,completed_delivery
1666581917,2086,state_change,AVAILABLE,completed_delivery
1666581917,1721,state_change,AVAILABLE,completed_delivery
1666581917,1892,state_change,AVAILABLE,completed_delivery
1666581917,1700,state_change,AVAILABLE,completed_delivery
1666581917,2613,state_change,AVAILABLE,completed_delivery
1666581917,2522,state_change,AVAILABLE,completed_delivery
1666581917,794,state_change,AVAILABLE,completed_delivery
1666581917,3762,state_change,AVAILABLE,completed_delivery
1666581917,1602,state_change,AVAILABLE,completed_delivery
1666581917,769,state_change,AVAILABLE,completed_delivery
1666581917,92,state_change,AVAILABLE,completed_delivery
1666581917,4185,state_change,AVAILABLE,completed_delivery
1666581917,3279,state_change,AVAILABLE,completed_delivery
1666581917,2900,state_change,AVAILABLE,completed_delivery
1666581917,226,state_change,AVAILABLE,completed_delivery
1666581917,162,state_change,AVAILABLE,completed_delivery
1666581917,465,state_change,AVAILABLE,completed_delivery
1666581917,352,state_change,AVAILABLE,completed_delivery
1666581917,1216,state_change,AVAILABLE,completed_delivery
1666581917,3487,state_change,AVAILABLE,completed_delivery
1666581917,237,state_change,AVAILABLE,completed_delivery
1666581917,1507,state_change,AVAILABLE,completed_delivery
1666581917,4483,state_change,AVAILABLE,completed_delivery
1666581917,3277,state_change,AVAILABLE,completed_delivery
1666581917,1835,state_change,AVAILABLE,completed_delivery
1666581917,1308,state_change,AVAILABLE,completed_delivery
1666581917,1466,state_change,AVAILABLE,completed_delivery
1666581917,1655,state_change,AVAILABLE,completed_delivery
1666581917,1746,state_change,AVAILABLE,completed_delivery
1666581917,279,state_change,AVAILABLE,completed_delivery
1666581917,265,state_change,AVAILABLE,completed_delivery
1666581917,3942,state_change,AVAILABLE,completed_delivery
1666581917,4381,state_change,AVAILABLE,completed_delivery
1666581917,2663,state_change,AVAILABLE,completed_delivery
1666581917,232,state_change,AVAILABLE,completed_delivery
1666581917,1911,state_change,AVAILABLE,completed_delivery
1666581917,3283,state_change,AVAILABLE,completed_delivery
1666581917,266,state_change,AVAILABLE,completed_delivery
1666581917,3716,state_change,AVAILABLE,completed_delivery
1666581917,38,state_change,AVAILABLE,completed_delivery
1666581917,3720,state_change,AVAILABLE,completed_delivery
1666581917,1777,state_change,AVAILABLE,completed_delivery
1666581917,1557,state_change,AVAILABLE,completed_delivery
1666581917,1086,state_change,AVAILABLE,completed_delivery
1666581917,4204,state_change,AVAILABLE,completed_delivery
1666581917,912,state_change,AVAILABLE,completed_delivery
1666581917,3497,state_change,AVAILABLE,completed_delivery
1666581917,454,state_change,AVAILABLE,completed_delivery
1666581917,1702,state_change,AVAILABLE,completed_delivery
1666581917,2799,state_change,AVAILABLE,completed_delivery
1666581917,1100,state_change,AVAILABLE,completed_delivery
1666581917,1593,state_change,AVAILABLE,completed_delivery
1666581917,2260,state_change,AVAILABLE,completed_delivery
1666581917,3677,state_change,AVAILABLE,completed_delivery
1666581917,176,state_change,AVAILABLE,completed_delivery
1666581917,222,state_change,AVAILABLE,completed_delivery
1666581917,1129,state_change,AVAILABLE,completed_delivery
1666581917,2126,state_change,AVAILABLE,completed_delivery
1666581917,2573,state_change,AVAILABLE,completed_delivery
1666581917,2695,state_change,AVAILABLE,completed_delivery
1666581917,2192,state_change,AVAILABLE,completed_delivery
1666581917,872,state_change,AVAILABLE,completed_delivery
1666581917,522,state_change,AVAILABLE,completed_delivery
1666581917,2980,state_change,AVAILABLE,completed_delivery
1666581917,370,state_change,AVAILABLE,completed_delivery
1666581917,2162,state_change,AVAILABLE,completed_delivery
1666581917,2892,state_change,AVAILABLE,completed_delivery
1666581917,13,state_change,AVAILABLE,completed_delivery
1666581917,1241,state_change,AVAILABLE,completed_delivery
1666581917,2301,state_change,AVAILABLE,completed_delivery
1666581917,674,state_change,AVAILABLE,completed_delivery
1666581917,161,state_change,AVAILABLE,completed_delivery
1666581917,3680,state_change,AVAILABLE,completed_delivery
1666581917,328,state_change,AVAILABLE,completed_delivery
1666581917,3953,state_change,AVAILABLE,completed_delivery
1666581917,183,state_change,AVAILABLE,completed_delivery
1666581917,792,state_change,AVAILABLE,completed_delivery
1666581917,2581,state_change,AVAILABLE,completed_delivery
1666581917,2709,state_change,AVAILABLE,completed_delivery
1666581917,4,state_change,AVAILABLE,completed_delivery
1666581917,2145,state_change,AVAILABLE,completed_delivery
1666581917,829,state_change,AVAILABLE,completed_delivery
1666581917,3167,state_change,AVAILABLE,completed_delivery
1666581917,76,state_change,AVAILABLE,completed_delivery
1666581917,604,state_change,AVAILABLE,completed_delivery
1666581917,797,state_change,AVAILABLE,completed_delivery
1666581917,2460,state_change,AVAILABLE,completed_delivery
1666581917,2069,state_change,AVAILABLE,completed_delivery
1666581917,998,state_change,AVAILABLE,completed_delivery
1666581917,105,state_change,AVAILABLE,completed_delivery
1666581917,4201,state_change,AVAILABLE,completed_delivery
1666581917,1600,state_change,AVAILABLE,completed_delivery
1666581917,646,state_change,AVAILABLE,completed_delivery
1666581917,1298,state_change,AVAILABLE,completed_delivery
1666581917,165,state_change,AVAILABLE,completed_delivery
1666581917,218,state_change,AVAILABLE,completed_delivery
1666581917,1376,state_change,AVAILABLE,completed_delivery
1666581917,4429,state_change,AVAILABLE,completed_delivery
1666581917,3332,state_change,AVAILABLE,completed_delivery
1666581917,3010,state_change,AVAILABLE,completed_delivery
1666581917,1277,state_change,AVAILABLE,completed_delivery
1666581917,1343,state_change,AVAILABLE,completed_delivery
1666581917,67,state_change,AVAILABLE,completed_delivery
1666581917,2201,state_change,AVAILABLE,completed_delivery
1666581917,2507,state_change,AVAILABLE,completed_delivery
1666581917,2722,state_change,AVAILABLE,completed_delivery
1666581917,140,state_change,AVAILABLE,completed_delivery
1666581917,1104,state_change,AVAILABLE,completed_delivery
1666581917,1912,state_change,AVAILABLE,completed_delivery
1666581917,112,state_change,AVAILABLE,completed_delivery
1666581917,509,state_change,AVAILABLE,completed_delivery
1666581917,2509,state_change,AVAILABLE,completed_delivery
1666581917,959,state_change,AVAILABLE,completed_delivery
1666581917,125,state_change,AVAILABLE,completed_delivery
1666581917,4694,state_change,AVAILABLE,completed_delivery
1666581917,2070,state_change,AVAILABLE,completed_delivery
1666581917,1358,state_change,AVAILABLE,completed_delivery
1666581917,4141,state_change,AVAILABLE,completed_delivery
1666581917,1258,state_change,AVAILABLE,completed_delivery
1666581917,4843,state_change,AVAILABLE,completed_delivery
1666581917,2318,state_change,AVAILABLE,completed_delivery
1666581917,1314,state_change,AVAILABLE,completed_delivery
1666581917,2635,state_change,AVAILABLE,completed_delivery
1666581917,3537,state_change,AVAILABLE,completed_delivery
1666581917,3744,state_change,AVAILABLE,completed_delivery
1666581917,250,state_change,AVAILABLE,completed_delivery
1666581917,2623,state_change,AVAILABLE,completed_delivery
1666581917,85,state_change,AVAILABLE,completed_delivery
1666581917,1169,state_change,AVAILABLE,completed_delivery
1666581917,2897,state_change,AVAILABLE,completed_delivery
1666581917,2004,state_change,AVAILABLE,completed_delivery
1666581917,2794,state_change,AVAILABLE,completed_delivery
1666581917,3859,state_change,AVAILABLE,completed_delivery
1666581917,1944,state_change,AVAILABLE,completed_delivery
1666581917,3478,state_change,AVAILABLE,completed_delivery
1666581917,3554,state_change,AVAILABLE,completed_delivery
1666581917,3179,state_change,AVAILABLE,completed_delivery
1666581917,2188,state_change,AVAILABLE,completed_delivery
1666581917,3799,state_change,AVAILABLE,completed_delivery
1666581917,73,state_change,AVAILABLE,completed_delivery
1666581917,1688,state_change,AVAILABLE,completed_delivery
1666581917,4179,state_change,AVAILABLE,completed_delivery
1666581917,3340,state_change,AVAILABLE,completed_delivery
1666581917,81,state_change,AVAILABLE,completed_delivery
1666581917,1142,state_change,AVAILABLE,completed_delivery
1666581917,671,state_change,AVAILABLE,completed_delivery
1666581917,2785,state_change,AVAILABLE,completed_delivery
1666581917,3016,state_change,AVAILABLE,completed_delivery
1666581917,2714,state_change,AVAILABLE,completed_delivery
1666581917,734,state_change,AVAILABLE,completed_delivery
1666581917,1696,state_change,AVAILABLE,completed_delivery
1666581917,2621,state_change,AVAILABLE,completed_delivery
1666581917,365,state_change,AVAILABLE,completed_delivery
1666581917,3094,state_change,AVAILABLE,completed_delivery
1666581917,2234,state_change,AVAILABLE,completed_delivery
1666581917,1042,state_change,AVAILABLE,completed_delivery
1666581917,216,state_change,AVAILABLE,completed_delivery
1666581917,469,state_change,AVAILABLE,completed_delivery
1666581917,587,state_change,AVAILABLE,completed_delivery
1666581917,1622,state_change,AVAILABLE,completed_delivery
1666581917,3451,state_change,AVAILABLE,completed_delivery
1666581917,4837,state_change,AVAILABLE,completed_delivery
1666581917,2048,state_change,AVAILABLE,completed_delivery
1666581917,3137,state_change,AVAILABLE,completed_delivery
1666581917,1930,state_change,AVAILABLE,completed_delivery
1666581917,1219,state_change,AVAILABLE,completed_delivery
1666581917,925,state_change,AVAILABLE,completed_delivery
1666581917,2183,state_change,AVAILABLE,completed_delivery
1666581917,565,state_change,AVAILABLE,completed_delivery
1666581917,2893,state_change,AVAILABLE,completed_delivery
1666581917,2708,state_change,AVAILABLE,completed_delivery
1666581917,816,state_change,AVAILABLE,completed_delivery
1666581917,278,state_change,AVAILABLE,completed_delivery
1666581917,2555,state_change,AVAILABLE,completed_delivery
1666581917,1756,state_change,AVAILABLE,completed_delivery
1666581917,268,state_change,AVAILABLE,completed_delivery
1666581917,2938,state_change,AVAILABLE,completed_delivery
1666581917,3292,state_change,AVAILABLE,completed_delivery
1666581917,557,state_change,AVAILABLE,completed_delivery
1666581917,1577,state_change,AVAILABLE,completed_delivery
1666581917,3031,state_change,AVAILABLE,completed_delivery
1666581917,634,state_change,AVAILABLE,completed_delivery
1666581917,29,state_change,AVAILABLE,completed_delivery
1666581917,3813,state_change,AVAILABLE,completed_delivery
1666581917,4007,state_change,AVAILABLE,completed_delivery
1666581917,4017,state_change,AVAILABLE,completed_delivery
1666581917,1691,state_change,AVAILABLE,completed_delivery
1666581917,3100,state_change,AVAILABLE,completed_delivery
1666581917,584,state_change,AVAILABLE,completed_delivery
1666581917,1367,state_change,AVAILABLE,completed_delivery
1666581917,4091,state_change,AVAILABLE,completed_delivery
1666581917,1711,state_change,AVAILABLE,completed_delivery
1666581917,1922,state_change,AVAILABLE,completed_delivery
1666581917,3579,state_change,AVAILABLE,completed_delivery
1666581917,2468,state_change,AVAILABLE,completed_delivery
1666581917,134,state_change,AVAILABLE,completed_delivery
1666581917,939,state_change,AVAILABLE,completed_delivery
1666581917,1281,state_change,AVAILABLE,completed_delivery
1666581917,1511,state_change,AVAILABLE,completed_delivery
1666581917,3825,state_change,AVAILABLE,completed_delivery
1666581917,2323,state_change,AVAILABLE,completed_delivery
1666581917,3536,state_change,AVAILABLE,completed_delivery
1666581917,115,state_change,AVAILABLE,completed_delivery
1666581917,1751,state_change,AVAILABLE,completed_delivery
1666581917,498,state_change,AVAILABLE,completed_delivery
1666581917,2503,state_change,AVAILABLE,completed_delivery
1666581917,1642,state_change,AVAILABLE,completed_delivery
1666581917,3935,state_change,AVAILABLE,completed_delivery
1666581917,3737,state_change,AVAILABLE,completed_delivery
1666581917,1760,state_change,AVAILABLE,completed_delivery
1666581917,1515,state_change,AVAILABLE,completed_delivery
1666581917,4752,state_change,AVAILABLE,completed_delivery
1666581917,25,state_change,AVAILABLE,completed_delivery
1666581917,764,state_change,AVAILABLE,completed_delivery
1666581917,2058,state_change,AVAILABLE,completed_delivery
1666581917,2887,state_change,AVAILABLE,completed_delivery
1666581917,1457,state_change,AVAILABLE,completed_delivery
1666581917,623,state_change,AVAILABLE,completed_delivery
1666581917,3313,state_change,AVAILABLE,completed_delivery
1666581917,2458,state_change,AVAILABLE,completed_delivery
1666581917,1538,state_change,AVAILABLE,completed_delivery
1666581917,1788,state_change,AVAILABLE,completed_delivery
1666581917,90,state_change,AVAILABLE,completed_delivery
1666581917,2567,state_change,AVAILABLE,completed_delivery
1666581917,3476,state_change,AVAILABLE,completed_delivery
1666581917,388,state_change,AVAILABLE,completed_delivery
1666581917,3170,state_change,AVAILABLE,completed_delivery
1666581917,2141,state_change,AVAILABLE,completed_delivery
1666581917,1235,state_change,AVAILABLE,completed_delivery
1666581917,3752,state_change,AVAILABLE,completed_delivery
1666581917,1473,state_change,AVAILABLE,completed_delivery
1666581917,1229,state_change,AVAILABLE,completed_delivery
1666581917,3517,state_change,AVAILABLE,completed_delivery
1666581917,2797,state_change,AVAILABLE,completed_delivery
1666581917,1465,state_change,AVAILABLE,completed_delivery
1666581917,2989,state_change,AVAILABLE,completed_delivery
1666581917,4582,state_change,AVAILABLE,completed_delivery
1666581917,2364,state_change,AVAILABLE,completed_delivery
1666581917,4538,state_change,AVAILABLE,completed_delivery
1666581917,3552,state_change,AVAILABLE,completed_delivery
1666581917,2998,state_change,AVAILABLE,completed_delivery
1666581917,188,state_change,AVAILABLE,completed_delivery
1666581917,3694,state_change,AVAILABLE,completed_delivery
1666581917,1794,state_change,AVAILABLE,completed_delivery
1666581917,2566,state_change,AVAILABLE,completed_delivery
1666581917,33,state_change,AVAILABLE,completed_delivery
1666581917,3568,state_change,AVAILABLE,completed_delivery
1666581917,2008,state_change,AVAILABLE,completed_delivery
1666581917,2598,state_change,AVAILABLE,completed_delivery
1666581917,2622,state_change,AVAILABLE,completed_delivery
1666581917,2638,state_change,AVAILABLE,completed_delivery
1666581917,3533,state_change,AVAILABLE,completed_delivery
1666581917,3280,state_change,AVAILABLE,completed_delivery
1666581917,832,state_change,AVAILABLE,completed_delivery
1666581917,327,state_change,AVAILABLE,completed_delivery
1666581917,971,state_change,AVAILABLE,completed_delivery
1666581917,381,state_change,AVAILABLE,completed_delivery
1666581917,582,state_change,AVAILABLE,completed_delivery
1666581917,40,state_change,AVAILABLE,completed_delivery
1666581917,4765,state_change,AVAILABLE,completed_delivery
1666581917,2009,state_change,AVAILABLE,completed_delivery
1666581917,432,state_change,AVAILABLE,completed_delivery
1666581917,126,state_change,AVAILABLE,completed_delivery
1666581917,2617,state_change,AVAILABLE,completed_delivery
1666581917,1085,state_change,AVAILABLE,completed_delivery
1666581917,1779,state_change,AVAILABLE,completed_delivery
1666581917,2171,state_change,AVAILABLE,completed_delivery
1666581917,1932,state_change,AVAILABLE,completed_delivery
1666581917,3771,state_change,AVAILABLE,completed_delivery
1666581917,1864,state_change,AVAILABLE,completed_delivery
1666581917,1237,state_change,AVAILABLE,completed_delivery
1666581917,4410,state_change,AVAILABLE,completed_delivery
1666581917,1558,state_change,AVAILABLE,completed_delivery
1666581917,3815,state_change,AVAILABLE,completed_delivery
1666581917,187,state_change,AVAILABLE,completed_delivery
1666581917,377,state_change,AVAILABLE,completed_delivery
1666581917,1379,state_change,AVAILABLE,completed_delivery
1666581917,2996,state_change,AVAILABLE,completed_delivery
1666581917,495,state_change,AVAILABLE,completed_delivery
1666581917,3572,state_change,AVAILABLE,completed_delivery
1666581917,2091,state_change,AVAILABLE,completed_delivery
1666581917,3824,state_change,AVAILABLE,completed_delivery
1666581917,2324,state_change,AVAILABLE,completed_delivery
1666581917,570,state_change,AVAILABLE,completed_delivery
1666581917,1002,state_change,AVAILABLE,completed_delivery
1666581917,470,state_change,AVAILABLE,completed_delivery
1666581917,983,state_change,AVAILABLE,completed_delivery
1666581917,1191,state_change,AVAILABLE,completed_delivery
1666581917,1762,state_change,AVAILABLE,completed_delivery
1666581917,3648,state_change,AVAILABLE,completed_delivery
1666581917,3789,state_change,AVAILABLE,completed_delivery
1666581917,791,state_change,AVAILABLE,completed_delivery
1666581917,1494,state_change,AVAILABLE,completed_delivery
1666581917,2731,state_change,AVAILABLE,completed_delivery
1666581917,1354,state_change,AVAILABLE,completed_delivery
1666581917,16,state_change,AVAILABLE,completed_delivery
1666581917,312,state_change,AVAILABLE,completed_delivery
1666581917,451,state_change,AVAILABLE,completed_delivery
1666581917,3359,state_change,AVAILABLE,completed_delivery
1666581917,2505,state_change,AVAILABLE,completed_delivery
1666581917,220,state_change,AVAILABLE,completed_delivery
1666581917,2736,state_change,AVAILABLE,completed_delivery
1666581917,335,state_change,AVAILABLE,completed_delivery
1666581917,1889,state_change,AVAILABLE,completed_delivery
1666581917,1743,state_change,AVAILABLE,completed_delivery
1666581917,1049,state_change,AVAILABLE,completed_delivery
1666581917,1689,state_change,AVAILABLE,completed_delivery
1666581917,694,state_change,AVAILABLE,completed_delivery
1666581917,3254,state_change,AVAILABLE,completed_delivery
1666581917,1705,state_change,AVAILABLE,completed_delivery
1666581917,192,state_change,AVAILABLE,completed_delivery
1666581917,3064,state_change,AVAILABLE,completed_delivery
1666581917,2372,state_change,AVAILABLE,completed_delivery
1666581917,686,state_change,AVAILABLE,completed_delivery
1666581917,3269,state_change,AVAILABLE,completed_delivery
1666581917,699,state_change,AVAILABLE,completed_delivery
1666581917,805,state_change,AVAILABLE,completed_delivery
1666581917,799,state_change,AVAILABLE,completed_delivery
1666581917,4052,state_change,AVAILABLE,completed_delivery
1666581917,3030,state_change,AVAILABLE,completed_delivery
1666581917,3526,state_change,AVAILABLE,completed_delivery
1666581917,1200,state_change,AVAILABLE,completed_delivery
1666581917,1443,state_change,AVAILABLE,completed_delivery
1666581917,595,state_change,AVAILABLE,completed_delivery
1666581917,2500,state_change,AVAILABLE,completed_delivery
1666581917,1761,state_change,AVAILABLE,completed_delivery
1666581917,1306,state_change,AVAILABLE,completed_delivery
1666581917,3566,state_change,AVAILABLE,completed_delivery
1666581917,34,state_change,AVAILABLE,completed_delivery
1666581917,3870,state_change,AVAILABLE,completed_delivery
1666581917,43,state_change,AVAILABLE,completed_delivery
1666581917,4398,state_change,AVAILABLE,completed_delivery
1666581917,1909,state_change,AVAILABLE,completed_delivery
1666581917,472,state_change,AVAILABLE,completed_delivery
1666581917,3087,state_change,AVAILABLE,completed_delivery
1666581917,1837,state_change,AVAILABLE,completed_delivery
1666581917,2486,state_change,AVAILABLE,completed_delivery
1666581917,3541,state_change,AVAILABLE,completed_delivery
1666581917,3440,state_change,AVAILABLE,completed_delivery
1666581917,750,state_change,AVAILABLE,completed_delivery
1666581917,316,state_change,AVAILABLE,completed_delivery
1666581917,1673,state_change,AVAILABLE,completed_delivery
1666581917,1554,state_change,AVAILABLE,completed_delivery
1666581917,2134,state_change,AVAILABLE,completed_delivery
1666581917,2547,state_change,AVAILABLE,completed_delivery
1666581917,651,state_change,AVAILABLE,completed_delivery
1666581917,2531,state_change,AVAILABLE,completed_delivery
1666581917,1645,state_change,AVAILABLE,completed_delivery
1666581917,661,state_change,AVAILABLE,completed_delivery
1666581917,1489,state_change,AVAILABLE,completed_delivery
1666581917,2981,state_change,AVAILABLE,completed_delivery
1666581917,3637,state_change,AVAILABLE,completed_delivery
1666581917,2237,state_change,AVAILABLE,completed_delivery
1666581917,2922,state_change,AVAILABLE,completed_delivery
1666581917,1692,state_change,AVAILABLE,completed_delivery
1666581917,1755,state_change,AVAILABLE,completed_delivery
1666581917,48,state_change,AVAILABLE,completed_delivery
1666581917,1073,state_change,AVAILABLE,completed_delivery
1666581917,697,state_change,AVAILABLE,completed_delivery
1666581917,2142,state_change,AVAILABLE,completed_delivery
1666581917,1432,state_change,AVAILABLE,completed_delivery
1666581917,561,state_change,AVAILABLE,completed_delivery
1666581917,324,state_change,AVAILABLE,completed_delivery
1666581917,968,state_change,AVAILABLE,completed_delivery
1666581917,1375,state_change,AVAILABLE,completed_delivery
1666581917,4485,state_change,AVAILABLE,completed_delivery
1666581917,2784,state_change,AVAILABLE,completed_delivery
1666581917,2173,state_change,AVAILABLE,completed_delivery
1666581917,3546,state_change,AVAILABLE,completed_delivery
1666581917,1643,state_change,AVAILABLE,completed_delivery
1666581917,2473,state_change,AVAILABLE,completed_delivery
1666581917,2169,state_change,AVAILABLE,completed_delivery
1666581917,445,state_change,AVAILABLE,completed_delivery
1666581917,1977,state_change,AVAILABLE,completed_delivery
1666581917,1350,state_change,AVAILABLE,completed_delivery
1666581917,2676,state_change,AVAILABLE,completed_delivery
1666581917,3058,state_change,AVAILABLE,completed_delivery
1666581917,3049,state_change,AVAILABLE,completed_delivery
1666581917,2180,state_change,AVAILABLE,completed_delivery
1666581917,4094,state_change,AVAILABLE,completed_delivery
1666581917,2204,state_change,AVAILABLE,completed_delivery
1666581917,1496,state_change,AVAILABLE,completed_delivery
1666581917,4317,state_change,AVAILABLE,completed_delivery
1666581917,32,state_change,AVAILABLE,completed_delivery
1666581917,433,state_change,AVAILABLE,completed_delivery
1666581917,614,state_change,AVAILABLE,completed_delivery
1666581917,1356,state_change,AVAILABLE,completed_delivery
1666581917,3033,state_change,AVAILABLE,completed_delivery
1666581917,471,state_change,AVAILABLE,completed_delivery
1666581917,2031,state_change,AVAILABLE,completed_delivery
1666581917,181,state_change,AVAILABLE,completed_delivery
1666581917,145,state_change,AVAILABLE,completed_delivery
1666581917,3372,state_change,AVAILABLE,completed_delivery
1666581917,2571,state_change,AVAILABLE,completed_delivery
1666581917,2937,state_change,AVAILABLE,completed_delivery
1666581917,2347,state_change,AVAILABLE,completed_delivery
1666581917,1098,state_change,AVAILABLE,completed_delivery
1666581917,533,state_change,AVAILABLE,completed_delivery
1666581917,3200,state_change,AVAILABLE,completed_delivery
1666581917,3577,state_change,AVAILABLE,completed_delivery
1666581917,1425,state_change,AVAILABLE,completed_delivery
1666581917,2497,state_change,AVAILABLE,completed_delivery
1666581917,1519,state_change,AVAILABLE,completed_delivery
1666581917,1447,state_change,AVAILABLE,completed_delivery
1666581917,2200,state_change,AVAILABLE,completed_delivery
1666581917,255,state_change,AVAILABLE,completed_delivery
1666581917,224,state_change,AVAILABLE,completed_delivery
1666581917,1767,state_change,AVAILABLE,completed_delivery
1666581917,854,state_change,AVAILABLE,completed_delivery
1666581917,186,state_change,AVAILABLE,completed_delivery
1666581917,483,state_change,AVAILABLE,completed_delivery
1666581917,1687,state_change,AVAILABLE,completed_delivery
1666581917,1564,state_change,AVAILABLE,completed_delivery
1666581917,4759,state_change,AVAILABLE,completed_delivery
1666581917,831,state_change,AVAILABLE,completed_delivery
1666581917,896,state_change,AVAILABLE,completed_delivery
1666581917,2999,state_change,AVAILABLE,completed_delivery
1666581917,1551,state_change,AVAILABLE,completed_delivery
1666581917,1759,state_change,AVAILABLE,completed_delivery
1666581917,1757,state_change,AVAILABLE,completed_delivery
1666581917,282,state_change,AVAILABLE,completed_delivery
1666581917,127,state_change,AVAILABLE,completed_delivery
1666581917,1345,state_change,AVAILABLE,completed_delivery
1666581917,2650,state_change,AVAILABLE,completed_delivery
1666581917,1695,state_change,AVAILABLE,completed_delivery
1666581917,2485,state_change,AVAILABLE,completed_delivery
1666581917,721,state_change,AVAILABLE,completed_delivery
1666581917,1961,state_change,AVAILABLE,completed_delivery
1666581917,1904,state_change,AVAILABLE,completed_delivery
1666581917,320,state_change,AVAILABLE,completed_delivery
1666581917,1183,state_change,AVAILABLE,completed_delivery
1666581917,72,state_change,AVAILABLE,completed_delivery
1666581917,3264,state_change,AVAILABLE,completed_delivery
1666581917,629,state_change,AVAILABLE,completed_delivery
1666581917,2417,state_change,AVAILABLE,completed_delivery
1666581917,2993,state_change,AVAILABLE,completed_delivery
1666581917,1047,state_change,AVAILABLE,completed_delivery
1666581917,184,state_change,AVAILABLE,completed_delivery
1666581917,3105,state_change,AVAILABLE,completed_delivery
1666581917,261,state_change,AVAILABLE,completed_delivery
1666581917,1421,state_change,AVAILABLE,completed_delivery
1666581917,608,state_change,AVAILABLE,completed_delivery
1666581917,252,state_change,AVAILABLE,completed_delivery
1666581917,1239,state_change,AVAILABLE,completed_delivery
1666581917,1893,state_change,AVAILABLE,completed_delivery
1666581917,3491,state_change,AVAILABLE,completed_delivery
1666581917,897,state_change,AVAILABLE,completed_delivery
1666581917,350,state_change,AVAILABLE,completed_delivery
1666581917,131,state_change,AVAILABLE,completed_delivery
1666581917,44,state_change,AVAILABLE,completed_delivery
1666581917,2755,state_change,AVAILABLE,completed_delivery
1666581917,2087,state_change,AVAILABLE,completed_delivery
1666581917,2601,state_change,AVAILABLE,completed_delivery
1666581917,129,state_change,AVAILABLE,completed_delivery
1666581917,1039,state_change,AVAILABLE,completed_delivery
1666581917,2826,state_change,AVAILABLE,completed_delivery
1666581917,685,state_change,AVAILABLE,completed_delivery
1666581917,49,state_change,AVAILABLE,completed_delivery
1666581917,1435,state_change,AVAILABLE,completed_delivery
1666581917,980,state_change,AVAILABLE,completed_delivery
1666581917,2298,state_change,AVAILABLE,completed_delivery
1666581917,2487,state_change,AVAILABLE,completed_delivery
1666581917,2225,state_change,AVAILABLE,completed_delivery
1666581917,1399,state_change,AVAILABLE,completed_delivery
1666581917,2631,state_change,AVAILABLE,completed_delivery
1666581917,201,state_change,AVAILABLE,completed_delivery
1666581917,269,state_change,AVAILABLE,completed_delivery
1666581917,1975,state_change,AVAILABLE,completed_delivery
1666581917,1789,state_change,AVAILABLE,completed_delivery
1666581917,1786,state_change,AVAILABLE,completed_delivery
1666581917,1735,state_change,AVAILABLE,completed_delivery
1666581917,1223,state_change,AVAILABLE,completed_delivery
1666581917,777,state_change,AVAILABLE,completed_delivery
1666581917,2969,state_change,AVAILABLE,completed_delivery
1666581917,155,state_change,AVAILABLE,completed_delivery
1666581917,2882,state_change,AVAILABLE,completed_delivery
1666581917,2416,state_change,AVAILABLE,completed_delivery
1666581917,659,state_change,AVAILABLE,completed_delivery
1666581917,960,state_change,AVAILABLE,completed_delivery
1666581917,1548,state_change,AVAILABLE,completed_delivery
1666581917,1629,state_change,AVAILABLE,completed_delivery
1666581917,4093,state_change,AVAILABLE,completed_delivery
1666581917,446,state_change,AVAILABLE,completed_delivery
1666581917,361,state_change,AVAILABLE,completed_delivery
1666581917,193,state_change,AVAILABLE,completed_delivery
1666581917,793,state_change,AVAILABLE,completed_delivery
1666581917,1523,state_change,AVAILABLE,completed_delivery
1666581917,632,state_change,AVAILABLE,completed_delivery
1666581917,740,state_change,AVAILABLE,completed_delivery
1666581917,209,state_change,AVAILABLE,completed_delivery
1666581917,1110,state_change,AVAILABLE,completed_delivery
1666581917,1745,state_change,AVAILABLE,completed_delivery
1666581917,1065,state_change,AVAILABLE,completed_delivery
1666581917,499,state_change,AVAILABLE,completed_delivery
1666581917,23,state_change,AVAILABLE,completed_delivery
1666581917,2334,state_change,AVAILABLE,completed_delivery
1666581917,1639,state_change,AVAILABLE,completed_delivery
1666581917,514,state_change,AVAILABLE,completed_delivery
1666581917,1841,state_change,AVAILABLE,completed_delivery
1666581917,1290,state_change,AVAILABLE,completed_delivery
1666581917,652,state_change,AVAILABLE,completed_delivery
1666581917,1716,state_change,AVAILABLE,completed_delivery
1666581917,343,state_change,AVAILABLE,completed_delivery
1666581917,3549,state_change,AVAILABLE,completed_delivery
1666581917,1029,state_change,AVAILABLE,completed_delivery
1666581917,3055,state_change,AVAILABLE,completed_delivery
1666581917,342,state_change,AVAILABLE,completed_delivery
1666581917,1152,state_change,AVAILABLE,completed_delivery
1666581917,2264,state_change,AVAILABLE,completed_delivery
1666581917,1573,state_change,AVAILABLE,completed_delivery
1666581917,573,state_change,AVAILABLE,completed_delivery
1666581917,459,state_change,AVAILABLE,completed_delivery
1666581917,299,state_change,AVAILABLE,completed_delivery
1666581917,1403,state_change,AVAILABLE,completed_delivery
1666581917,622,state_change,AVAILABLE,completed_delivery
1666581917,2478,state_change,AVAILABLE,completed_delivery
1666581917,1415,state_change,AVAILABLE,completed_delivery
1666581917,2392,state_change,AVAILABLE,completed_delivery
1666581917,166,state_change,AVAILABLE,completed_delivery
1666581917,4557,state_change,AVAILABLE,completed_delivery
1666581917,2381,state_change,AVAILABLE,completed_delivery
1666581917,462,state_change,AVAILABLE,completed_delivery
1666581917,862,state_change,AVAILABLE,completed_delivery
1666581917,2579,state_change,AVAILABLE,completed_delivery
1666581917,1804,state_change,AVAILABLE,completed_delivery
1666581917,2130,state_change,AVAILABLE,completed_delivery
1666581917,3555,state_change,AVAILABLE,completed_delivery
1666581917,807,state_change,AVAILABLE,completed_delivery
1666581917,3780,state_change,AVAILABLE,completed_delivery
1666581917,2395,state_change,AVAILABLE,completed_delivery
1666581917,271,state_change,AVAILABLE,completed_delivery
1666581917,1555,state_change,AVAILABLE,completed_delivery
1666581917,628,state_change,AVAILABLE,completed_delivery
1666581917,644,state_change,AVAILABLE,completed_delivery
1666581917,500,state_change,AVAILABLE,completed_delivery
1666581917,2464,state_change,AVAILABLE,completed_delivery
1666581917,518,state_change,AVAILABLE,completed_delivery
1666581917,3204,state_change,AVAILABLE,completed_delivery
1666581917,3311,state_change,AVAILABLE,completed_delivery
1666581917,2886,state_change,AVAILABLE,completed_delivery
1666581917,930,state_change,AVAILABLE,completed_delivery
1666581917,1132,state_change,AVAILABLE,completed_delivery
1666581917,2107,state_change,AVAILABLE,completed_delivery
1666581917,3377,state_change,AVAILABLE,completed_delivery
1666581917,1338,state_change,AVAILABLE,completed_delivery
1666581917,378,state_change,AVAILABLE,completed_delivery
1666581917,2833,state_change,AVAILABLE,completed_delivery
1666581917,3263,state_change,AVAILABLE,completed_delivery
1666581917,2193,state_change,AVAILABLE,completed_delivery
1666581917,71,state_change,AVAILABLE,completed_delivery
1666581917,592,state_change,AVAILABLE,completed_delivery
1666581917,2185,state_change,AVAILABLE,completed_delivery
1666581917,65,state_change,AVAILABLE,completed_delivery
1666581917,2883,state_change,AVAILABLE,completed_delivery
1666581917,3243,state_change,AVAILABLE,completed_delivery
1666581917,2159,state_change,AVAILABLE,completed_delivery
1666581917,128,state_change,AVAILABLE,completed_delivery
1666581917,3147,state_change,AVAILABLE,completed_delivery
1666581917,2683,state_change,AVAILABLE,completed_delivery
1666581917,2274,state_change,AVAILABLE,completed_delivery
1666581917,2098,state_change,AVAILABLE,completed_delivery
1666581917,169,state_change,AVAILABLE,completed_delivery
1666581917,2352,state_change,AVAILABLE,completed_delivery
1666581917,317,state_change,AVAILABLE,completed_delivery
1666581917,2819,state_change,AVAILABLE,completed_delivery
1666581917,3118,state_change,AVAILABLE,completed_delivery
1666581917,435,state_change,AVAILABLE,completed_delivery
1666581917,2929,state_change,AVAILABLE,completed_delivery
1666581917,718,state_change,AVAILABLE,completed_delivery
1666581917,1450,state_change,AVAILABLE,completed_delivery
1666581917,667,state_change,AVAILABLE,completed_delivery
1666581917,3446,state_change,AVAILABLE,completed_delivery
1666581917,132,state_change,AVAILABLE,completed_delivery
1666581917,1550,state_change,AVAILABLE,completed_delivery
1666581917,1288,state_change,AVAILABLE,completed_delivery
1666581917,30,state_change,AVAILABLE,completed_delivery
1666581917,3068,state_change,AVAILABLE,completed_delivery
1666581917,2642,state_change,AVAILABLE,completed_delivery
1666581917,1498,state_change,AVAILABLE,completed_delivery
1666581917,3375,state_change,AVAILABLE,completed_delivery
1666581917,2803,state_change,AVAILABLE,completed_delivery
1666581917,2953,state_change,AVAILABLE,completed_delivery
1666581917,4237,state_change,AVAILABLE,completed_delivery
1666581917,147,state_change,AVAILABLE,completed_delivery
1666581917,113,state_change,AVAILABLE,completed_delivery
1666581917,3924,state_change,AVAILABLE,completed_delivery
1666581917,1018,state_change,AVAILABLE,completed_delivery
1666581917,574,state_change,AVAILABLE,completed_delivery
1666581917,743,state_change,AVAILABLE,completed_delivery
1666581917,1847,state_change,AVAILABLE,completed_delivery
1666581917,2802,state_change,AVAILABLE,completed_delivery
1666581917,3006,state_change,AVAILABLE,completed_delivery
1666581917,3714,state_change,AVAILABLE,completed_delivery
1666581917,457,state_change,AVAILABLE,completed_delivery
1666581917,639,state_change,AVAILABLE,completed_delivery
1666581917,1627,state_change,AVAILABLE,completed_delivery
1666581917,3348,state_change,AVAILABLE,completed_delivery
1666581917,1614,state_change,AVAILABLE,completed_delivery
1666581917,840,state_change,AVAILABLE,completed_delivery
1666581917,2003,state_change,AVAILABLE,completed_delivery
1666581917,31,state_change,AVAILABLE,completed_delivery
1666581917,3272,state_change,AVAILABLE,completed_delivery
1666581917,21,state_change,AVAILABLE,completed_delivery
1666581917,1545,state_change,AVAILABLE,completed_delivery
1666581917,27,state_change,AVAILABLE,completed_delivery
1666581917,1916,state_change,AVAILABLE,completed_delivery
1666581917,133,state_change,AVAILABLE,completed_delivery
1666581917,1171,state_change,AVAILABLE,completed_delivery
1666581917,2384,state_change,AVAILABLE,completed_delivery
1666581917,531,state_change,AVAILABLE,completed_delivery
1666581917,1341,state_change,AVAILABLE,completed_delivery
1666581917,1217,state_change,AVAILABLE,completed_delivery
1666581917,3444,state_change,AVAILABLE,completed_delivery
1666581917,1054,state_change,AVAILABLE,completed_delivery
1666581917,2570,state_change,AVAILABLE,completed_delivery
1666581917,1848,state_change,AVAILABLE,completed_delivery
1666581917,1417,state_change,AVAILABLE,completed_delivery
1666581917,3069,state_change,AVAILABLE,completed_delivery
1666581917,4390,state_change,AVAILABLE,completed_delivery
1666581917,3062,state_change,AVAILABLE,completed_delivery
1666581917,4090,state_change,AVAILABLE,completed_delivery
1666581917,2705,state_change,AVAILABLE,completed_delivery
1666581917,2829,state_change,AVAILABLE,completed_delivery
1666581917,4130,state_change,AVAILABLE,completed_delivery
1666581917,4347,state_change,AVAILABLE,completed_delivery
1666581917,4484,state_change,AVAILABLE,completed_delivery
1666581917,3826,state_change,AVAILABLE,completed_delivery
1666581917,1224,state_change,AVAILABLE,completed_delivery
1666581917,908,state_change,AVAILABLE,completed_delivery
1666581917,3948,state_change,AVAILABLE,completed_delivery
1666581917,554,state_change,AVAILABLE,completed_delivery
1666581917,4155,state_change,AVAILABLE,completed_delivery
1666581917,1012,state_change,AVAILABLE,completed_delivery
1666581917,4133,state_change,AVAILABLE,completed_delivery
1666581917,2821,state_change,AVAILABLE,completed_delivery
1666581917,709,state_change,AVAILABLE,completed_delivery
1666581917,2436,state_change,AVAILABLE,completed_delivery
1666581917,2057,state_change,AVAILABLE,completed_delivery
1666581917,1805,state_change,AVAILABLE,completed_delivery
1666581917,4729,state_change,AVAILABLE,completed_delivery
1666581917,2056,state_change,AVAILABLE,completed_delivery
1666581917,3084,state_change,AVAILABLE,completed_delivery
1666581917,2320,state_change,AVAILABLE,completed_delivery
1666581917,4502,state_change,AVAILABLE,completed_delivery
1666581917,4023,state_change,AVAILABLE,completed_delivery
1666581917,4270,state_change,AVAILABLE,completed_delivery
1666581917,4651,state_change,AVAILABLE,completed_delivery
1666581917,1986,state_change,AVAILABLE,completed_delivery
1666581917,3425,state_change,AVAILABLE,completed_delivery
1666581917,1748,state_change,AVAILABLE,completed_delivery
1666581917,4022,state_change,AVAILABLE,completed_delivery
1666581917,4872,state_change,AVAILABLE,completed_delivery
1666581917,3747,state_change,AVAILABLE,completed_delivery
1666581917,1323,state_change,AVAILABLE,completed_delivery
1666581917,4220,state_change,AVAILABLE,completed_delivery
1666581917,4044,state_change,AVAILABLE,completed_delivery
1666581917,2075,state_change,AVAILABLE,completed_delivery
1666581917,1770,state_change,AVAILABLE,completed_delivery
1666581917,756,state_change,AVAILABLE,completed_delivery
1666581917,3380,state_change,AVAILABLE,completed_delivery
1666581917,3259,state_change,AVAILABLE,completed_delivery
1666581917,3950,state_change,AVAILABLE,completed_delivery
1666581917,4117,state_change,AVAILABLE,completed_delivery
1666581917,3322,state_change,AVAILABLE,completed_delivery
1666581917,1322,state_change,AVAILABLE,completed_delivery
1666581917,3728,state_change,AVAILABLE,completed_delivery
1666581917,142,state_change,AVAILABLE,completed_delivery
1666581917,3937,state_change,AVAILABLE,completed_delivery
1666581917,3498,state_change,AVAILABLE,completed_delivery
1666581917,3991,state_change,AVAILABLE,completed_delivery
1666581917,4406,state_change,AVAILABLE,completed_delivery
1666581917,2745,state_change,AVAILABLE,completed_delivery
1666581917,928,state_change,AVAILABLE,completed_delivery
1666581917,597,state_change,AVAILABLE,completed_delivery
1666581917,1180,state_change,AVAILABLE,completed_delivery
1666581917,717,state_change,AVAILABLE,completed_delivery
1666581917,39,state_change,AVAILABLE,completed_delivery
1666581917,3961,state_change,AVAILABLE,completed_delivery
1666581917,4368,state_change,AVAILABLE,completed_delivery
1666581917,482,state_change,AVAILABLE,completed_delivery
1666581917,1420,state_change,AVAILABLE,completed_delivery
1666581917,3642,state_change,AVAILABLE,completed_delivery
1666581917,163,state_change,AVAILABLE,completed_delivery
1666581917,101,state_change,AVAILABLE,completed_delivery
1666581917,871,state_change,AVAILABLE,completed_delivery
1666581917,1929,state_change,AVAILABLE,completed_delivery
1666581917,3608,state_change,AVAILABLE,completed_delivery
1666581917,4421,state_change,AVAILABLE,completed_delivery
1666581917,3499,state_change,AVAILABLE,completed_delivery
1666581917,4320,state_change,AVAILABLE,completed_delivery
1666581917,875,state_change,AVAILABLE,completed_delivery
1666581917,2455,state_change,AVAILABLE,completed_delivery
1666581917,3525,state_change,AVAILABLE,completed_delivery
1666581917,3886,state_change,AVAILABLE,completed_delivery
1666581917,3191,state_change,AVAILABLE,completed_delivery
1666581917,98,state_change,AVAILABLE,completed_delivery
1666581917,3833,state_change,AVAILABLE,completed_delivery
1666581917,3679,state_change,AVAILABLE,completed_delivery
1666581917,3492,state_change,AVAILABLE,completed_delivery
1666581917,613,state_change,AVAILABLE,completed_delivery
1666581917,4152,state_change,AVAILABLE,completed_delivery
1666581917,4524,state_change,AVAILABLE,completed_delivery
1666581917,3203,state_change,AVAILABLE,completed_delivery
1666581917,4212,state_change,AVAILABLE,completed_delivery
1666581917,1571,state_change,AVAILABLE,completed_delivery
1666581917,4566,state_change,AVAILABLE,completed_delivery
1666581917,1896,state_change,AVAILABLE,completed_delivery
1666581917,4704,state_change,AVAILABLE,completed_delivery
1666581917,2903,state_change,AVAILABLE,completed_delivery
1666581917,1159,state_change,AVAILABLE,completed_delivery
1666581917,670,state_change,AVAILABLE,completed_delivery
1666581917,3409,state_change,AVAILABLE,completed_delivery
1666581917,3330,state_change,AVAILABLE,completed_delivery
1666581917,761,state_change,AVAILABLE,completed_delivery
1666581917,4128,state_change,AVAILABLE,completed_delivery
1666581917,2068,state_change,AVAILABLE,completed_delivery
1666581917,1915,state_change,AVAILABLE,completed_delivery
1666581917,1923,state_change,AVAILABLE,completed_delivery
1666581917,2221,state_change,AVAILABLE,completed_delivery
1666581917,60,state_change,AVAILABLE,completed_delivery
1666581917,94,state_change,AVAILABLE,completed_delivery
1666581917,3852,state_change,AVAILABLE,completed_delivery
1666581917,1919,state_change,AVAILABLE,completed_delivery
1666581917,1618,state_change,AVAILABLE,completed_delivery
1666581917,120,state_change,AVAILABLE,completed_delivery
1666581917,1742,state_change,AVAILABLE,completed_delivery
1666581917,3307,state_change,AVAILABLE,completed_delivery
1666581917,4678,state_change,AVAILABLE,completed_delivery
1666581917,633,state_change,AVAILABLE,completed_delivery
1666581917,357,state_change,AVAILABLE,completed_delivery
1666581917,924,state_change,AVAILABLE,completed_delivery
1666581917,4731,state_change,AVAILABLE,completed_delivery
1666581917,287,state_change,AVAILABLE,completed_delivery
1666581917,2067,state_change,AVAILABLE,completed_delivery
1666581917,2788,state_change,AVAILABLE,completed_delivery
1666581917,1620,state_change,AVAILABLE,completed_delivery
1666581917,2366,state_change,AVAILABLE,completed_delivery
1666581917,2789,state_change,AVAILABLE,completed_delivery
1666581917,42,state_change,AVAILABLE,completed_delivery
1666581917,3423,state_change,AVAILABLE,completed_delivery
1666581917,4932,state_change,AVAILABLE,completed_delivery
1666581917,3862,state_change,AVAILABLE,completed_delivery
1666581917,3718,state_change,AVAILABLE,completed_delivery
1666581917,904,state_change,AVAILABLE,completed_delivery
1666581917,323,state_change,AVAILABLE,completed_delivery
1666581917,1212,state_change,AVAILABLE,completed_delivery
1666581917,4079,state_change,AVAILABLE,completed_delivery
1666581917,4026,state_change,AVAILABLE,completed_delivery
1666581917,4082,state_change,AVAILABLE,completed_delivery
1666581917,2246,state_change,AVAILABLE,completed_delivery
1666581917,3398,state_change,AVAILABLE,completed_delivery
1666581917,2062,state_change,AVAILABLE,completed_delivery
1666581917,3479,state_change,AVAILABLE,completed_delivery
1666581917,233,state_change,AVAILABLE,completed_delivery
1666581917,2291,state_change,AVAILABLE,completed_delivery
1666581917,1304,state_change,AVAILABLE,completed_delivery
1666581917,1071,state_change,AVAILABLE,completed_delivery
1666581917,2596,state_change,AVAILABLE,completed_delivery
1666581917,406,state_change,AVAILABLE,completed_delivery
1666581917,380,state_change,AVAILABLE,completed_delivery
1666581917,2777,state_change,AVAILABLE,completed_delivery
1666581917,720,state_change,AVAILABLE,completed_delivery
1666581917,2689,state_change,AVAILABLE,completed_delivery
1666581917,2465,state_change,AVAILABLE,completed_delivery
1666581917,138,state_change,AVAILABLE,completed_delivery
1666581917,4412,state_change,AVAILABLE,completed_delivery
1666581917,691,state_change,AVAILABLE,completed_delivery
1666581917,2574,state_change,AVAILABLE,completed_delivery
1666581917,3455,state_change,AVAILABLE,completed_delivery
1666581917,2644,state_change,AVAILABLE,completed_delivery
1666581917,1989,state_change,AVAILABLE,completed_delivery
1666581917,4417,state_change,AVAILABLE,completed_delivery
1666581917,178,state_change,AVAILABLE,completed_delivery
1666581917,4628,state_change,AVAILABLE,completed_delivery
1666581917,4147,state_change,AVAILABLE,completed_delivery
1666581917,1641,state_change,AVAILABLE,completed_delivery
1666581917,545,state_change,AVAILABLE,completed_delivery
1666581917,111,state_change,AVAILABLE,completed_delivery
1666581917,766,state_change,AVAILABLE,completed_delivery
1666581917,1037,state_change,AVAILABLE,completed_delivery
1666581917,909,state_change,AVAILABLE,completed_delivery
1666581917,800,state_change,AVAILABLE,completed_delivery
1666581917,1213,state_change,AVAILABLE,completed_delivery
1666581917,2339,state_change,AVAILABLE,completed_delivery
1666581917,3724,state_change,AVAILABLE,completed_delivery
1666581917,2244,state_change,AVAILABLE,completed_delivery
1666581917,1147,state_change,AVAILABLE,completed_delivery
1666581917,978,state_change,AVAILABLE,completed_delivery
1666581917,420,state_change,AVAILABLE,completed_delivery
1666581917,4674,state_change,AVAILABLE,completed_delivery
1666581917,3518,state_change,AVAILABLE,completed_delivery
1666581917,3817,state_change,AVAILABLE,completed_delivery
1666581917,2024,state_change,AVAILABLE,completed_delivery
1666581917,1164,state_change,AVAILABLE,completed_delivery
1666581917,1676,state_change,AVAILABLE,completed_delivery
1666581917,2541,state_change,AVAILABLE,completed_delivery
1666581917,3318,state_change,AVAILABLE,completed_delivery
1666581917,2462,state_change,AVAILABLE,completed_delivery
1666581917,2588,state_change,AVAILABLE,completed_delivery
1666581917,2940,state_change,AVAILABLE,completed_delivery
1666581917,3442,state_change,AVAILABLE,completed_delivery
1666581917,3540,state_change,AVAILABLE,completed_delivery
1666581917,1156,state_change,AVAILABLE,completed_delivery
1666581917,1609,state_change,AVAILABLE,completed_delivery
1666581917,926,state_change,AVAILABLE,completed_delivery
1666581917,3603,state_change,AVAILABLE,completed_delivery
1666581917,194,state_change,AVAILABLE,completed_delivery
1666581917,2229,state_change,AVAILABLE,completed_delivery
1666581917,4342,state_change,AVAILABLE,completed_delivery
1666581917,1387,state_change,AVAILABLE,completed_delivery
1666581917,336,state_change,AVAILABLE,completed_delivery
1666581917,1135,state_change,AVAILABLE,completed_delivery
1666581917,2363,state_change,AVAILABLE,completed_delivery
1666581917,2860,state_change,AVAILABLE,completed_delivery
1666581917,3557,state_change,AVAILABLE,completed_delivery
1666581917,1482,state_change,AVAILABLE,completed_delivery
1666581917,693,state_change,AVAILABLE,completed_delivery
1666581917,3722,state_change,AVAILABLE,completed_delivery
1666581917,2061,state_change,AVAILABLE,completed_delivery
1666581917,1521,state_change,AVAILABLE,completed_delivery
1666581917,1352,state_change,AVAILABLE,completed_delivery
1666581917,942,state_change,AVAILABLE,completed_delivery
1666581917,1897,state_change,AVAILABLE,completed_delivery
1666581917,1120,state_change,AVAILABLE,completed_delivery
1666581917,824,state_change,AVAILABLE,completed_delivery
1666581917,3619,state_change,AVAILABLE,completed_delivery
1666581917,2438,state_change,AVAILABLE,completed_delivery
1666581917,3654,state_change,AVAILABLE,completed_delivery
1666581917,3018,state_change,AVAILABLE,completed_delivery
1666581917,727,state_change,AVAILABLE,completed_delivery
1666581917,2214,state_change,AVAILABLE,completed_delivery
1666581917,956,state_change,AVAILABLE,completed_delivery
1666581917,4305,state_change,AVAILABLE,completed_delivery
1666581917,1270,state_change,AVAILABLE,completed_delivery
1666581917,3029,state_change,AVAILABLE,completed_delivery
1666581917,906,state_change,AVAILABLE,completed_delivery
1666581917,934,state_change,AVAILABLE,completed_delivery
1666581917,290,state_change,AVAILABLE,completed_delivery
1666581917,3488,state_change,AVAILABLE,completed_delivery
1666581917,2064,state_change,AVAILABLE,completed_delivery
1666581917,487,state_change,AVAILABLE,completed_delivery
1666581917,2747,state_change,AVAILABLE,completed_delivery
1666581917,1516,state_change,AVAILABLE,completed_delivery
1666581917,3358,state_change,AVAILABLE,completed_delivery
1666581917,1023,state_change,AVAILABLE,completed_delivery
1666581917,3331,state_change,AVAILABLE,completed_delivery
1666581917,601,state_change,AVAILABLE,completed_delivery
1666581917,4528,state_change,AVAILABLE,completed_delivery
1666581917,1829,state_change,AVAILABLE,completed_delivery
1666581917,1816,state_change,AVAILABLE,completed_delivery
1666581917,827,state_change,AVAILABLE,completed_delivery
1666581917,4010,state_change,AVAILABLE,completed_delivery
1666581917,3839,state_change,AVAILABLE,completed_delivery
1666581917,655,state_change,AVAILABLE,completed_delivery
1666581917,4021,state_change,AVAILABLE,completed_delivery
1666581917,4191,state_change,AVAILABLE,completed_delivery
1666581917,664,state_change,AVAILABLE,completed_delivery
1666581917,182,state_change,AVAILABLE,completed_delivery
1666581917,3065,state_change,AVAILABLE,completed_delivery
1666581917,2308,state_change,AVAILABLE,completed_delivery
1666581917,602,state_change,AVAILABLE,completed_delivery
1666581917,2265,state_change,AVAILABLE,completed_delivery
1666581917,415,state_change,AVAILABLE,completed_delivery
1666581917,2161,state_change,AVAILABLE,completed_delivery
1666581917,311,state_change,AVAILABLE,completed_delivery
1666581917,568,state_change,AVAILABLE,completed_delivery
1666581917,1234,state_change,AVAILABLE,completed_delivery
1666581917,579,state_change,AVAILABLE,completed_delivery
1666581917,439,state_change,AVAILABLE,completed_delivery
1666581917,1520,state_change,AVAILABLE,completed_delivery
1666581917,417,state_change,AVAILABLE,completed_delivery
1666581917,3076,state_change,AVAILABLE,completed_delivery
1666581917,2444,state_change,AVAILABLE,completed_delivery
1666581917,1822,state_change,AVAILABLE,completed_delivery
1666581917,3074,state_change,AVAILABLE,completed_delivery
1666581917,1812,state_change,AVAILABLE,completed_delivery
1666581917,3486,state_change,AVAILABLE,completed_delivery
1666581917,2706,state_change,AVAILABLE,completed_delivery
1666581917,3037,state_change,AVAILABLE,completed_delivery
1666581917,2476,state_change,AVAILABLE,completed_delivery
1666581917,103,state_change,AVAILABLE,completed_delivery
1666581917,621,state_change,AVAILABLE,completed_delivery
1666581917,12,state_change,AVAILABLE,completed_delivery
1666581917,2493,state_change,AVAILABLE,completed_delivery
1666581917,687,state_change,AVAILABLE,completed_delivery
1666581917,1674,state_change,AVAILABLE,completed_delivery
1666581917,1181,state_change,AVAILABLE,completed_delivery
1666581917,2703,state_change,AVAILABLE,completed_delivery
1666581917,3515,state_change,AVAILABLE,completed_delivery
1666581917,3364,state_change,AVAILABLE,completed_delivery
1666581917,3936,state_change,AVAILABLE,completed_delivery
1666581917,4261,state_change,AVAILABLE,completed_delivery
1666581917,2641,state_change,AVAILABLE,completed_delivery
1666581917,3820,state_change,AVAILABLE,completed_delivery
1666581917,2257,state_change,AVAILABLE,completed_delivery
1666581917,3605,state_change,AVAILABLE,completed_delivery
1666581917,3060,state_change,AVAILABLE,completed_delivery
1666581917,1293,state_change,AVAILABLE,completed_delivery
1666581917,1874,state_change,AVAILABLE,completed_delivery
1666581917,1301,state_change,AVAILABLE,completed_delivery
1666581917,3869,state_change,AVAILABLE,completed_delivery
1666581917,550,state_change,AVAILABLE,completed_delivery
1666581917,585,state_change,AVAILABLE,completed_delivery
1666581917,2151,state_change,AVAILABLE,completed_delivery
1666581917,1320,state_change,AVAILABLE,completed_delivery
1666581917,2881,state_change,AVAILABLE,completed_delivery
1666581917,2013,state_change,AVAILABLE,completed_delivery
1666581917,2252,state_change,AVAILABLE,completed_delivery
1666581917,811,state_change,AVAILABLE,completed_delivery
1666581917,3258,state_change,AVAILABLE,completed_delivery
1666581917,4458,state_change,AVAILABLE,completed_delivery
1666581917,3036,state_change,AVAILABLE,completed_delivery
1666581917,771,state_change,AVAILABLE,completed_delivery
1666581917,1377,state_change,AVAILABLE,completed_delivery
1666581917,374,state_change,AVAILABLE,completed_delivery
1666581917,110,state_change,AVAILABLE,completed_delivery
1666581917,521,state_change,AVAILABLE,completed_delivery
1666581917,3562,state_change,AVAILABLE,completed_delivery
1666581917,390,state_change,AVAILABLE,completed_delivery
1666581917,1245,state_change,AVAILABLE,completed_delivery
1666581917,607,state_change,AVAILABLE,completed_delivery
1666581917,2585,state_change,AVAILABLE,completed_delivery
1666581917,1291,state_change,AVAILABLE,completed_delivery
1666581917,411,state_change,AVAILABLE,completed_delivery
1666581917,617,state_change,AVAILABLE,completed_delivery
1666581917,1123,state_change,AVAILABLE,completed_delivery
1666581917,4184,state_change,AVAILABLE,completed_delivery
1666581917,4078,state_change,AVAILABLE,completed_delivery
1666581917,2512,state_change,AVAILABLE,completed_delivery
1666581917,353,state_change,AVAILABLE,completed_delivery
1666581917,3997,state_change,AVAILABLE,completed_delivery
1666581917,3741,state_change,AVAILABLE,completed_delivery
1666581917,3732,state_change,AVAILABLE,completed_delivery
1666581917,359,state_change,AVAILABLE,completed_delivery
1666581917,2975,state_change,AVAILABLE,completed_delivery
1666581917,464,state_change,AVAILABLE,completed_delivery
1666581917,2302,state_change,AVAILABLE,completed_delivery
1666581917,3309,state_change,AVAILABLE,completed_delivery
1666581917,2548,state_change,AVAILABLE,completed_delivery
1666581917,3851,state_change,AVAILABLE,completed_delivery
1666581917,1121,state_change,AVAILABLE,completed_delivery
1666581917,1492,state_change,AVAILABLE,completed_delivery
1666581917,1868,state_change,AVAILABLE,completed_delivery
1666581917,541,state_change,AVAILABLE,completed_delivery
1666581917,3490,state_change,AVAILABLE,completed_delivery
1666581917,3021,state_change,AVAILABLE,completed_delivery
1666581917,1464,state_change,AVAILABLE,completed_delivery
1666581917,481,state_change,AVAILABLE,completed_delivery
1666581917,2891,state_change,AVAILABLE,completed_delivery
1666581917,210,state_change,AVAILABLE,completed_delivery
1666581917,1939,state_change,AVAILABLE,completed_delivery
1666581917,423,state_change,AVAILABLE,completed_delivery
1666581917,2205,state_change,AVAILABLE,completed_delivery
1666581917,1059,state_change,AVAILABLE,completed_delivery
1666581917,3046,state_change,AVAILABLE,completed_delivery
1666581917,3485,state_change,AVAILABLE,completed_delivery
1666581917,4716,state_change,AVAILABLE,completed_delivery
1666581917,1163,state_change,AVAILABLE,completed_delivery
1666581917,1578,state_change,AVAILABLE,completed_delivery
1666581917,1714,state_change,AVAILABLE,completed_delivery
1666581917,3569,state_change,AVAILABLE,completed_delivery
1666581917,3186,state_change,AVAILABLE,completed_delivery
1666581917,2945,state_change,AVAILABLE,completed_delivery
1666581917,3228,state_change,AVAILABLE,completed_delivery
1666581917,3927,state_change,AVAILABLE,completed_delivery
1666581917,3070,state_change,AVAILABLE,completed_delivery
1666581917,845,state_change,AVAILABLE,completed_delivery
1666581917,2859,state_change,AVAILABLE,completed_delivery
1666581917,3650,state_change,AVAILABLE,completed_delivery
1666581917,4028,state_change,AVAILABLE,completed_delivery
1666581917,3954,state_change,AVAILABLE,completed_delivery
1666581917,1374,state_change,AVAILABLE,completed_delivery
1666581917,4222,state_change,AVAILABLE,completed_delivery
1666581917,962,state_change,AVAILABLE,completed_delivery
1666581917,1255,state_change,AVAILABLE,completed_delivery
1666581917,70,state_change,AVAILABLE,completed_delivery
1666581917,3180,state_change,AVAILABLE,completed_delivery
1666581917,4048,state_change,AVAILABLE,completed_delivery
1666581917,3308,state_change,AVAILABLE,completed_delivery
1666581917,778,state_change,AVAILABLE,completed_delivery
1666581917,4051,state_change,AVAILABLE,completed_delivery
1666581917,883,state_change,AVAILABLE,completed_delivery
1666581917,1371,state_change,AVAILABLE,completed_delivery
1666581917,2198,state_change,AVAILABLE,completed_delivery
1666581917,2012,state_change,AVAILABLE,completed_delivery
1666581917,3231,state_change,AVAILABLE,completed_delivery
1666581917,3998,state_change,AVAILABLE,completed_delivery
1666581917,4140,state_change,AVAILABLE,completed_delivery
1666581917,2116,state_change,AVAILABLE,completed_delivery
1666581917,2633,state_change,AVAILABLE,completed_delivery
1666581917,1924,state_change,AVAILABLE,completed_delivery
1666581917,386,state_change,AVAILABLE,completed_delivery
1666581917,2933,state_change,AVAILABLE,completed_delivery
1666581917,2647,state_change,AVAILABLE,completed_delivery
1666581917,2686,state_change,AVAILABLE,completed_delivery
1666581917,2986,state_change,AVAILABLE,completed_delivery
1666581917,2425,state_change,AVAILABLE,completed_delivery
1666581917,2657,state_change,AVAILABLE,completed_delivery
1666581917,1570,state_change,AVAILABLE,completed_delivery
1666581917,2402,state_change,AVAILABLE,completed_delivery
1666581917,1833,state_change,AVAILABLE,completed_delivery
1666581917,3416,state_change,AVAILABLE,completed_delivery
1666581917,3014,state_change,AVAILABLE,completed_delivery
1666581917,4895,state_change,AVAILABLE,completed_delivery
1666581917,2386,state_change,AVAILABLE,completed_delivery
1666581917,3749,state_change,AVAILABLE,completed_delivery
1666581917,2391,state_change,AVAILABLE,completed_delivery
1666581917,2019,state_change,AVAILABLE,completed_delivery
1666581917,3296,state_change,AVAILABLE,completed_delivery
1666581917,2231,state_change,AVAILABLE,completed_delivery
1666581917,530,state_change,AVAILABLE,completed_delivery
1666581917,812,state_change,AVAILABLE,completed_delivery
1666581917,3651,state_change,AVAILABLE,completed_delivery
1666581917,1072,state_change,AVAILABLE,completed_delivery
1666581917,2587,state_change,AVAILABLE,completed_delivery
1666581917,985,state_change,AVAILABLE,completed_delivery
1666581917,2124,state_change,AVAILABLE,completed_delivery
1666581917,2904,state_change,AVAILABLE,completed_delivery
1666581917,490,state_change,AVAILABLE,completed_delivery
1666581917,450,state_change,AVAILABLE,completed_delivery
1666581917,1431,state_change,AVAILABLE,completed_delivery
1666581917,944,state_change,AVAILABLE,completed_delivery
1666581917,1188,state_change,AVAILABLE,completed_delivery
1666581917,3571,state_change,AVAILABLE,completed_delivery
1666581917,4058,state_change,AVAILABLE,completed_delivery
1666581917,1395,state_change,AVAILABLE,completed_delivery
1666581917,1005,state_change,AVAILABLE,completed_delivery
1666581917,990,state_change,AVAILABLE,completed_delivery
1666581917,508,state_change,AVAILABLE,completed_delivery
1666581917,1032,state_change,AVAILABLE,completed_delivery
1666581917,4772,state_change,AVAILABLE,completed_delivery
1666581917,2137,state_change,AVAILABLE,completed_delivery
1666581917,4420,state_change,AVAILABLE,completed_delivery
1666581917,2143,state_change,AVAILABLE,completed_delivery
1666581917,177,state_change,AVAILABLE,completed_delivery
1666581917,994,state_change,AVAILABLE,completed_delivery
1666581917,1045,state_change,AVAILABLE,completed_delivery
1666581917,102,state_change,AVAILABLE,completed_delivery
1666581917,2603,state_change,AVAILABLE,completed_delivery
1666581917,2138,state_change,AVAILABLE,completed_delivery
1666581917,382,state_change,AVAILABLE,completed_delivery
1666581917,3221,state_change,AVAILABLE,completed_delivery
1666581917,3683,state_change,AVAILABLE,completed_delivery
1666581917,467,state_change,AVAILABLE,completed_delivery
1666581917,1898,state_change,AVAILABLE,completed_delivery
1666581917,1683,state_change,AVAILABLE,completed_delivery
1666581917,3328,state_change,AVAILABLE,completed_delivery
1666581917,4383,state_change,AVAILABLE,completed_delivery
1666581917,4120,state_change,AVAILABLE,completed_delivery
1666581917,4507,state_change,AVAILABLE,completed_delivery
1666581917,1825,state_change,AVAILABLE,completed_delivery
1666581917,247,state_change,AVAILABLE,completed_delivery
1666581917,310,state_change,AVAILABLE,completed_delivery
1666581917,3672,state_change,AVAILABLE,completed_delivery
1666581917,2294,state_change,AVAILABLE,completed_delivery
1666581917,1398,state_change,AVAILABLE,completed_delivery
1666581917,1971,state_change,AVAILABLE,completed_delivery
1666581917,826,state_change,AVAILABLE,completed_delivery
1666581917,1878,state_change,AVAILABLE,completed_delivery
1666581917,3686,state_change,AVAILABLE,completed_delivery
1666581917,1344,state_change,AVAILABLE,completed_delivery
1666581917,846,state_change,AVAILABLE,completed_delivery
1666581917,4565,state_change,AVAILABLE,completed_delivery
1666581917,1036,state_change,AVAILABLE,completed_delivery
1666581917,153,state_change,AVAILABLE,completed_delivery
1666581917,4188,state_change,AVAILABLE,completed_delivery
1666581917,4661,state_change,AVAILABLE,completed_delivery
1666581917,3407,state_change,AVAILABLE,completed_delivery
1666581917,809,state_change,AVAILABLE,completed_delivery
1666581917,1782,state_change,AVAILABLE,completed_delivery
1666581917,4333,state_change,AVAILABLE,completed_delivery
1666581917,3025,state_change,AVAILABLE,completed_delivery
1666581917,3389,state_change,AVAILABLE,completed_delivery
1666581917,3946,state_change,AVAILABLE,completed_delivery
1666581917,3960,state_change,AVAILABLE,completed_delivery
1666581917,1575,state_change,AVAILABLE,completed_delivery
1666581917,1509,state_change,AVAILABLE,completed_delivery
1666581917,523,state_change,AVAILABLE,completed_delivery
1666581917,4620,state_change,AVAILABLE,completed_delivery
1666581917,3593,state_change,AVAILABLE,completed_delivery
1666581917,1819,state_change,AVAILABLE,completed_delivery
1666581917,4444,state_change,AVAILABLE,completed_delivery
1666581917,4089,state_change,AVAILABLE,completed_delivery
1666581917,4123,state_change,AVAILABLE,completed_delivery
1666581917,1902,state_change,AVAILABLE,completed_delivery
1666581917,2804,state_change,AVAILABLE,completed_delivery
1666581917,2199,state_change,AVAILABLE,completed_delivery
1666581917,2305,state_change,AVAILABLE,completed_delivery
1666581917,3163,state_change,AVAILABLE,completed_delivery
1666581917,615,state_change,AVAILABLE,completed_delivery
1666581917,724,state_change,AVAILABLE,completed_delivery
1666581917,2489,state_change,AVAILABLE,completed_delivery
1666581917,2445,state_change,AVAILABLE,completed_delivery
1666581917,3743,state_change,AVAILABLE,completed_delivery
1666581917,3776,state_change,AVAILABLE,completed_delivery
1666581917,1199,state_change,AVAILABLE,completed_delivery
1666581917,4032,state_change,AVAILABLE,completed_delivery
1666581917,1108,state_change,AVAILABLE,completed_delivery
1666581917,3225,state_change,AVAILABLE,completed_delivery
1666581917,4136,state_change,AVAILABLE,completed_delivery
1666581917,3041,state_change,AVAILABLE,completed_delivery
1666581917,4686,state_change,AVAILABLE,completed_delivery
1666581917,3798,state_change,AVAILABLE,completed_delivery
1666581917,3644,state_change,AVAILABLE,completed_delivery
1666581917,2262,state_change,AVAILABLE,completed_delivery
1666581917,1025,state_change,AVAILABLE,completed_delivery
1666581917,379,state_change,AVAILABLE,completed_delivery
1666581917,441,state_change,AVAILABLE,completed_delivery
1666581917,1267,state_change,AVAILABLE,completed_delivery
1666581917,654,state_change,AVAILABLE,completed_delivery
1666581917,2670,state_change,AVAILABLE,completed_delivery
1666581917,1844,state_change,AVAILABLE,completed_delivery
1666581917,3035,state_change,AVAILABLE,completed_delivery
1666581917,1954,state_change,AVAILABLE,completed_delivery
1666581917,3260,state_change,AVAILABLE,completed_delivery
1666581917,2349,state_change,AVAILABLE,completed_delivery
1666581917,2962,state_change,AVAILABLE,completed_delivery
1666581917,3148,state_change,AVAILABLE,completed_delivery
1666581917,1469,state_change,AVAILABLE,completed_delivery
1666581917,3560,state_change,AVAILABLE,completed_delivery
1666581917,636,state_change,AVAILABLE,completed_delivery
1666581917,2560,state_change,AVAILABLE,completed_delivery
1666581917,360,state_change,AVAILABLE,completed_delivery
1666581917,4153,state_change,AVAILABLE,completed_delivery
1666581917,2293,state_change,AVAILABLE,completed_delivery
1666581917,901,state_change,AVAILABLE,completed_delivery
1666581917,4943,state_change,AVAILABLE,completed_delivery
1666581917,911,state_change,AVAILABLE,completed_delivery
1666581917,648,state_change,AVAILABLE,completed_delivery
1666581917,945,state_change,AVAILABLE,completed_delivery
1666581917,1615,state_change,AVAILABLE,completed_delivery
1666581917,2790,state_change,AVAILABLE,completed_delivery
1666581917,3108,state_change,AVAILABLE,completed_delivery
1666581917,2328,state_change,AVAILABLE,completed_delivery
1666581917,2916,state_change,AVAILABLE,completed_delivery
1666581917,700,state_change,AVAILABLE,completed_delivery
1666581917,975,state_change,AVAILABLE,completed_delivery
1666581917,4219,state_change,AVAILABLE,completed_delivery
1666581917,2855,state_change,AVAILABLE,completed_delivery
1666581917,3125,state_change,AVAILABLE,completed_delivery
1666581917,54,state_change,AVAILABLE,completed_delivery
1666581917,4283,state_change,AVAILABLE,completed_delivery
1666581917,657,state_change,AVAILABLE,completed_delivery
1666581917,1793,state_change,AVAILABLE,completed_delivery
1666581917,2093,state_change,AVAILABLE,completed_delivery
1666581917,1943,state_change,AVAILABLE,completed_delivery
1666581917,3169,state_change,AVAILABLE,completed_delivery
1666581917,2310,state_change,AVAILABLE,completed_delivery
1666581917,2422,state_change,AVAILABLE,completed_delivery
1666581917,1974,state_change,AVAILABLE,completed_delivery
1666581917,2523,state_change,AVAILABLE,completed_delivery
1666581917,3988,state_change,AVAILABLE,completed_delivery
1666581917,918,state_change,AVAILABLE,completed_delivery
1666581917,366,state_change,AVAILABLE,completed_delivery
1666581917,992,state_change,AVAILABLE,completed_delivery
1666581917,384,state_change,AVAILABLE,completed_delivery
1666581917,3406,state_change,AVAILABLE,completed_delivery
1666581917,2528,state_change,AVAILABLE,completed_delivery
1666581917,4680,state_change,AVAILABLE,completed_delivery
1666581917,1752,state_change,AVAILABLE,completed_delivery
1666581917,4378,state_change,AVAILABLE,completed_delivery
1666581917,3629,state_change,AVAILABLE,completed_delivery
1666581917,598,state_change,AVAILABLE,completed_delivery
1666581917,879,state_change,AVAILABLE,completed_delivery
1666581917,1206,state_change,AVAILABLE,completed_delivery
1666581917,1717,state_change,AVAILABLE,completed_delivery
1666581917,4649,state_change,AVAILABLE,completed_delivery
1666581917,3188,state_change,AVAILABLE,completed_delivery
1666581917,2194,state_change,AVAILABLE,completed_delivery
1666581917,460,state_change,AVAILABLE,completed_delivery
1666581917,4618,state_change,AVAILABLE,completed_delivery
1666581917,2482,state_change,AVAILABLE,completed_delivery
1666581917,725,state_change,AVAILABLE,completed_delivery
1666581917,746,state_change,AVAILABLE,completed_delivery
1666581917,2268,state_change,AVAILABLE,completed_delivery
1666581917,1612,state_change,AVAILABLE,completed_delivery
1666581917,2944,state_change,AVAILABLE,completed_delivery
1666581917,3439,state_change,AVAILABLE,completed_delivery
1666581917,1173,state_change,AVAILABLE,completed_delivery
1666581917,2140,state_change,AVAILABLE,completed_delivery
1666581917,4856,state_change,AVAILABLE,completed_delivery
1666581917,1454,state_change,AVAILABLE,completed_delivery
1666581917,1488,state_change,AVAILABLE,completed_delivery
1666581917,4269,state_change,AVAILABLE,completed_delivery
1666581917,4277,state_change,AVAILABLE,completed_delivery
1666581917,635,state_change,AVAILABLE,completed_delivery
1666581917,3756,state_change,AVAILABLE,completed_delivery
1666581917,213,state_change,AVAILABLE,completed_delivery
1666581917,3922,state_change,AVAILABLE,completed_delivery
1666581917,466,state_change,AVAILABLE,completed_delivery
1666581917,399,state_change,AVAILABLE,completed_delivery
1666581917,3327,state_change,AVAILABLE,completed_delivery
1666581917,449,state_change,AVAILABLE,completed_delivery
1666581917,1137,state_change,AVAILABLE,completed_delivery
1666581917,679,state_change,AVAILABLE,completed_delivery
1666581917,367,state_change,AVAILABLE,completed_delivery
1666581917,3109,state_change,AVAILABLE,completed_delivery
1666581917,2379,state_change,AVAILABLE,completed_delivery
1666581917,1753,state_change,AVAILABLE,completed_delivery
1666581917,2818,state_change,AVAILABLE,completed_delivery
1666581917,3615,state_change,AVAILABLE,completed_delivery
1666581917,2643,state_change,AVAILABLE,completed_delivery
1666581917,810,state_change,AVAILABLE,completed_delivery
1666581917,2811,state_change,AVAILABLE,completed_delivery
1666581917,4604,state_change,AVAILABLE,completed_delivery
1666581917,590,state_change,AVAILABLE,completed_delivery
1666581917,1647,state_change,AVAILABLE,completed_delivery
1666581917,765,state_change,AVAILABLE,completed_delivery
1666581917,2033,state_change,AVAILABLE,completed_delivery
1666581917,3467,state_change,AVAILABLE,completed_delivery
1666581917,4513,state_change,AVAILABLE,completed_delivery
1666581917,4673,state_change,AVAILABLE,completed_delivery
1666581917,1517,state_change,AVAILABLE,completed_delivery
1666581917,4363,state_change,AVAILABLE,completed_delivery
1666581917,576,state_change,AVAILABLE,completed_delivery
1666581917,1758,state_change,AVAILABLE,completed_delivery
1666581917,2461,state_change,AVAILABLE,completed_delivery
1666581917,2817,state_change,AVAILABLE,completed_delivery
1666581917,3800,state_change,AVAILABLE,completed_delivery
1666581917,396,state_change,AVAILABLE,completed_delivery
1666581917,4214,state_change,AVAILABLE,completed_delivery
1666581917,3338,state_change,AVAILABLE,completed_delivery
1666581917,4459,state_change,AVAILABLE,completed_delivery
1666581917,3051,state_change,AVAILABLE,completed_delivery
1666581917,4233,state_change,AVAILABLE,completed_delivery
1666581917,3168,state_change,AVAILABLE,completed_delivery
1666581917,2279,state_change,AVAILABLE,completed_delivery
1666581917,3981,state_change,AVAILABLE,completed_delivery
1666581917,4121,state_change,AVAILABLE,completed_delivery
1666581917,1380,state_change,AVAILABLE,completed_delivery
1666581917,4625,state_change,AVAILABLE,completed_delivery
1666581917,436,state_change,AVAILABLE,completed_delivery
1666581917,1477,state_change,AVAILABLE,completed_delivery
1666581917,2491,state_change,AVAILABLE,completed_delivery
1666581917,839,state_change,AVAILABLE,completed_delivery
1666581917,2326,state_change,AVAILABLE,completed_delivery
1666581917,1196,state_change,AVAILABLE,completed_delivery
1666581917,1248,state_change,AVAILABLE,completed_delivery
1666581917,2401,state_change,AVAILABLE,completed_delivery
1666581917,3161,state_change,AVAILABLE,completed_delivery
1666581917,1596,state_change,AVAILABLE,completed_delivery
1666581917,4190,state_change,AVAILABLE,completed_delivery
1666581917,4359,state_change,AVAILABLE,completed_delivery
1666581917,4709,state_change,AVAILABLE,completed_delivery
1666581917,150,state_change,AVAILABLE,completed_delivery
1666581917,3287,state_change,AVAILABLE,completed_delivery
1666581917,2665,state_change,AVAILABLE,completed_delivery
1666581917,3249,state_change,AVAILABLE,completed_delivery
1666581917,4834,state_change,AVAILABLE,completed_delivery
1666581917,1672,state_change,AVAILABLE,completed_delivery
1666581917,2580,state_change,AVAILABLE,completed_delivery
1666581917,3618,state_change,AVAILABLE,completed_delivery
1666581917,3803,state_change,AVAILABLE,completed_delivery
1666581917,1722,state_change,AVAILABLE,completed_delivery
1666581917,4907,state_change,AVAILABLE,completed_delivery
1666581917,3445,state_change,AVAILABLE,completed_delivery
1666581917,2316,state_change,AVAILABLE,completed_delivery
1666581917,2926,state_change,AVAILABLE,completed_delivery
1666581917,2888,state_change,AVAILABLE,completed_delivery
1666581917,3821,state_change,AVAILABLE,completed_delivery
1666581917,3769,state_change,AVAILABLE,completed_delivery
1666581917,4127,state_change,AVAILABLE,completed_delivery
1666581917,1659,state_change,AVAILABLE,completed_delivery
1666581917,2014,state_change,AVAILABLE,completed_delivery
1666581917,2475,state_change,AVAILABLE,completed_delivery
1666581917,3448,state_change,AVAILABLE,completed_delivery
1666581917,605,state_change,AVAILABLE,completed_delivery
1666581917,3947,state_change,AVAILABLE,completed_delivery
1666581917,2746,state_change,AVAILABLE,completed_delivery
1666581917,2656,state_change,AVAILABLE,completed_delivery
1666581917,431,state_change,AVAILABLE,completed_delivery
1666581917,2847,state_change,AVAILABLE,completed_delivery
1666581917,1842,state_change,AVAILABLE,completed_delivery
1666581917,2449,state_change,AVAILABLE,completed_delivery
1666581917,3066,state_change,AVAILABLE,completed_delivery
1666581917,4102,state_change,AVAILABLE,completed_delivery
1666581917,4802,state_change,AVAILABLE,completed_delivery
1666581917,1518,state_change,AVAILABLE,completed_delivery
1666581917,895,state_change,AVAILABLE,completed_delivery
1666581917,2561,state_change,AVAILABLE,completed_delivery
1666581917,4428,state_change,AVAILABLE,completed_delivery
1666581917,3528,state_change,AVAILABLE,completed_delivery
1666581917,3848,state_change,AVAILABLE,completed_delivery
1666581917,468,state_change,AVAILABLE,completed_delivery
1666581917,641,state_change,AVAILABLE,completed_delivery
1666581917,1867,state_change,AVAILABLE,completed_delivery
1666581917,1315,state_change,AVAILABLE,completed_delivery
1666581917,2175,state_change,AVAILABLE,completed_delivery
1666581917,4580,state_change,AVAILABLE,completed_delivery
1666581917,2540,state_change,AVAILABLE,completed_delivery
1666581917,548,state_change,AVAILABLE,completed_delivery
1666581917,3783,state_change,AVAILABLE,completed_delivery
1666581917,2612,state_change,AVAILABLE,completed_delivery
1666581917,3132,state_change,AVAILABLE,completed_delivery
1666581917,53,state_change,AVAILABLE,completed_delivery
1666581917,2010,state_change,AVAILABLE,completed_delivery
1666581917,1058,state_change,AVAILABLE,completed_delivery
1666581917,719,state_change,AVAILABLE,completed_delivery
1666581917,1921,state_change,AVAILABLE,completed_delivery
1666581917,4637,state_change,AVAILABLE,completed_delivery
1666581917,3985,state_change,AVAILABLE,completed_delivery
1666581917,4516,state_change,AVAILABLE,completed_delivery
1666581917,995,state_change,AVAILABLE,completed_delivery
1666581917,4605,state_change,AVAILABLE,completed_delivery
1666581917,1130,state_change,AVAILABLE,completed_delivery
1666581917,1148,state_change,AVAILABLE,completed_delivery
1666581917,1174,state_change,AVAILABLE,completed_delivery
1666581917,645,state_change,AVAILABLE,completed_delivery
1666581917,3504,state_change,AVAILABLE,completed_delivery
1666581917,610,state_change,AVAILABLE,completed_delivery
1666581917,1238,state_change,AVAILABLE,completed_delivery
1666581917,3640,state_change,AVAILABLE,completed_delivery
1666581917,1300,state_change,AVAILABLE,completed_delivery
1666581917,3949,state_change,AVAILABLE,completed_delivery
1666581917,2490,state_change,AVAILABLE,completed_delivery
1666581917,424,state_change,AVAILABLE,completed_delivery
1666581917,1801,state_change,AVAILABLE,completed_delivery
1666581917,476,state_change,AVAILABLE,completed_delivery
1666581917,3521,state_change,AVAILABLE,completed_delivery
1666581917,426,state_change,AVAILABLE,completed_delivery
1666581917,107,state_change,AVAILABLE,completed_delivery
1666581917,2718,state_change,AVAILABLE,completed_delivery
1666581917,229,state_change,AVAILABLE,completed_delivery
1666581917,682,state_change,AVAILABLE,completed_delivery
1666581917,354,state_change,AVAILABLE,completed_delivery
1666581917,3735,state_change,AVAILABLE,completed_delivery
1666581917,2377,state_change,AVAILABLE,completed_delivery
1666581917,938,state_change,AVAILABLE,completed_delivery
1666581917,2935,state_change,AVAILABLE,completed_delivery
1666581917,860,state_change,AVAILABLE,completed_delivery
1666581917,3354,state_change,AVAILABLE,completed_delivery
1666581917,3796,state_change,AVAILABLE,completed_delivery
1666581917,1698,state_change,AVAILABLE,completed_delivery
1666581917,1386,state_change,AVAILABLE,completed_delivery
1666581917,3986,state_change,AVAILABLE,completed_delivery
1666581917,4238,state_change,AVAILABLE,completed_delivery
1666581917,3341,state_change,AVAILABLE,completed_delivery
1666581917,885,state_change,AVAILABLE,completed_delivery
1666581917,3863,state_change,AVAILABLE,completed_delivery
1666581917,1539,state_change,AVAILABLE,completed_delivery
1666581917,819,state_change,AVAILABLE,completed_delivery
1666581917,1330,state_change,AVAILABLE,completed_delivery
1666581917,2375,state_change,AVAILABLE,completed_delivery
1666581917,2720,state_change,AVAILABLE,completed_delivery
1666581917,2125,state_change,AVAILABLE,completed_delivery
1666581917,4473,state_change,AVAILABLE,completed_delivery
1666581917,4271,state_change,AVAILABLE,completed_delivery
1666581917,2474,state_change,AVAILABLE,completed_delivery
1666581917,3971,state_change,AVAILABLE,completed_delivery
1666581917,1022,state_change,AVAILABLE,completed_delivery
1666581917,1187,state_change,AVAILABLE,completed_delivery
1666581917,3630,state_change,AVAILABLE,completed_delivery
1666581917,123,state_change,AVAILABLE,completed_delivery
1666581917,1487,state_change,AVAILABLE,completed_delivery
1666581917,3962,state_change,AVAILABLE,completed_delivery
1666581917,3878,state_change,AVAILABLE,completed_delivery
1666581917,3564,state_change,AVAILABLE,completed_delivery
1666581917,340,state_change,AVAILABLE,completed_delivery
1666581917,3782,state_change,AVAILABLE,completed_delivery
1666581917,1675,state_change,AVAILABLE,completed_delivery
1666581917,3386,state_change,AVAILABLE,completed_delivery
1666581917,4652,state_change,AVAILABLE,completed_delivery
1666581917,1107,state_change,AVAILABLE,completed_delivery
1666581917,1210,state_change,AVAILABLE,completed_delivery
1666581917,2344,state_change,AVAILABLE,completed_delivery
1666581917,1491,state_change,AVAILABLE,completed_delivery
1666581917,3086,state_change,AVAILABLE,completed_delivery
1666581917,3096,state_change,AVAILABLE,completed_delivery
1666581917,3196,state_change,AVAILABLE,completed_delivery
1666581917,2236,state_change,AVAILABLE,completed_delivery
1666581917,3072,state_change,AVAILABLE,completed_delivery
1666581917,1882,state_change,AVAILABLE,completed_delivery
1666581917,2290,state_change,AVAILABLE,completed_delivery
1666581917,2254,state_change,AVAILABLE,completed_delivery
1666581917,4487,state_change,AVAILABLE,completed_delivery
1666581917,1780,state_change,AVAILABLE,completed_delivery
1666581917,1373,state_change,AVAILABLE,completed_delivery
1666581917,1820,state_change,AVAILABLE,completed_delivery
1666581917,712,state_change,AVAILABLE,completed_delivery
1666581917,1068,state_change,AVAILABLE,completed_delivery
1666581917,3742,state_change,AVAILABLE,completed_delivery
1666581917,2912,state_change,AVAILABLE,completed_delivery
1666581917,882,state_change,AVAILABLE,completed_delivery
1666581917,1310,state_change,AVAILABLE,completed_delivery
1666581917,2451,state_change,AVAILABLE,completed_delivery
1666581917,1467,state_change,AVAILABLE,completed_delivery
1666581917,3773,state_change,AVAILABLE,completed_delivery
1666581917,1531,state_change,AVAILABLE,completed_delivery
1666581917,4461,state_change,AVAILABLE,completed_delivery
1666581917,2396,state_change,AVAILABLE,completed_delivery
1666581917,3652,state_change,AVAILABLE,completed_delivery
1666581917,4296,state_change,AVAILABLE,completed_delivery
1666581917,3194,state_change,AVAILABLE,completed_delivery
1666581917,1244,state_change,AVAILABLE,completed_delivery
1666581917,3484,state_change,AVAILABLE,completed_delivery
1666581917,512,state_change,AVAILABLE,completed_delivery
1666581917,3496,state_change,AVAILABLE,completed_delivery
1666581917,1405,state_change,AVAILABLE,completed_delivery
1666581917,787,state_change,AVAILABLE,completed_delivery
1666581917,1667,state_change,AVAILABLE,completed_delivery
1666581917,785,state_change,AVAILABLE,completed_delivery
1666581917,3089,state_change,AVAILABLE,completed_delivery
1666581917,4606,state_change,AVAILABLE,completed_delivery
1666581917,989,state_change,AVAILABLE,completed_delivery
1666581917,1972,state_change,AVAILABLE,completed_delivery
1666581917,4156,state_change,AVAILABLE,completed_delivery
1666581917,1004,state_change,AVAILABLE,completed_delivery
1666581917,4613,state_change,AVAILABLE,completed_delivery
1666581917,4542,state_change,AVAILABLE,completed_delivery
1666581917,1080,state_change,AVAILABLE,completed_delivery
1666581917,2698,state_change,AVAILABLE,completed_delivery
1666581917,4186,state_change,AVAILABLE,completed_delivery
1666581917,2620,state_change,AVAILABLE,completed_delivery
1666581917,486,state_change,AVAILABLE,completed_delivery
1666581917,1802,state_change,AVAILABLE,completed_delivery
1666581917,2282,state_change,AVAILABLE,completed_delivery
1666581917,3964,state_change,AVAILABLE,completed_delivery
1666581917,2704,state_change,AVAILABLE,completed_delivery
1666581917,1666,state_change,AVAILABLE,completed_delivery
1666581917,3250,state_change,AVAILABLE,completed_delivery
1666581917,4113,state_change,AVAILABLE,completed_delivery
1666581917,4515,state_change,AVAILABLE,completed_delivery
1666581917,3592,state_change,AVAILABLE,completed_delivery
1666581917,3306,state_change,AVAILABLE,completed_delivery
1666581917,4623,state_change,AVAILABLE,completed_delivery
1666581917,2800,state_change,AVAILABLE,completed_delivery
1666581917,2394,state_change,AVAILABLE,completed_delivery
1666581917,1697,state_change,AVAILABLE,completed_delivery
1666581917,543,state_change,AVAILABLE,completed_delivery
1666581917,1933,state_change,AVAILABLE,completed_delivery
1666581917,3775,state_change,AVAILABLE,completed_delivery
1666581917,4151,state_change,AVAILABLE,completed_delivery
1666581917,3550,state_change,AVAILABLE,completed_delivery
1666581917,1800,state_change,AVAILABLE,completed_delivery
1666581917,264,state_change,AVAILABLE,completed_delivery
1666581917,437,state_change,AVAILABLE,completed_delivery
1666581917,1508,state_change,AVAILABLE,completed_delivery
1666581917,28,state_change,AVAILABLE,completed_delivery
1666581917,4198,state_change,AVAILABLE,completed_delivery
1666581917,3368,state_change,AVAILABLE,completed_delivery
1666581917,4564,state_change,AVAILABLE,completed_delivery
1666581917,1409,state_change,AVAILABLE,completed_delivery
1666581917,321,state_change,AVAILABLE,completed_delivery
1666581917,3512,state_change,AVAILABLE,completed_delivery
1666581917,1778,state_change,AVAILABLE,completed_delivery
1666581917,1052,state_change,AVAILABLE,completed_delivery
1666581917,2387,state_change,AVAILABLE,completed_delivery
1666581917,1843,state_change,AVAILABLE,completed_delivery
1666581917,3124,state_change,AVAILABLE,completed_delivery
1666581917,1312,state_change,AVAILABLE,completed_delivery
1666581917,3602,state_change,AVAILABLE,completed_delivery
1666581917,4584,state_change,AVAILABLE,completed_delivery
1666581917,2590,state_change,AVAILABLE,completed_delivery
1666581917,2994,state_change,AVAILABLE,completed_delivery
1666581917,1269,state_change,AVAILABLE,completed_delivery
1666581917,1818,state_change,AVAILABLE,completed_delivery
1666581917,4621,state_change,AVAILABLE,completed_delivery
1666581917,3785,state_change,AVAILABLE,completed_delivery
1666581917,524,state_change,AVAILABLE,completed_delivery
1666581917,1648,state_change,AVAILABLE,completed_delivery
1666581917,3926,state_change,AVAILABLE,completed_delivery
1666581917,2768,state_change,AVAILABLE,completed_delivery
1666581917,4710,state_change,AVAILABLE,completed_delivery
1666581917,2453,state_change,AVAILABLE,completed_delivery
1666581917,650,state_change,AVAILABLE,completed_delivery
1666581917,2147,state_change,AVAILABLE,completed_delivery
1666581917,2562,state_change,AVAILABLE,completed_delivery
1666581917,2702,state_change,AVAILABLE,completed_delivery
1666581917,1799,state_change,AVAILABLE,completed_delivery
1666581917,3994,state_change,AVAILABLE,completed_delivery
1666581917,1194,state_change,AVAILABLE,completed_delivery
1666581917,4561,state_change,AVAILABLE,completed_delivery
1666581917,2292,state_change,AVAILABLE,completed_delivery
1666581917,704,state_change,AVAILABLE,completed_delivery
1666581917,4135,state_change,AVAILABLE,completed_delivery
1666581917,3755,state_change,AVAILABLE,completed_delivery
1666581917,3580,state_change,AVAILABLE,completed_delivery
1666581917,3968,state_change,AVAILABLE,completed_delivery
1666581917,2501,state_change,AVAILABLE,completed_delivery
1666581917,2924,state_change,AVAILABLE,completed_delivery
1666581917,696,state_change,AVAILABLE,completed_delivery
1666581917,267,state_change,AVAILABLE,completed_delivery
1666581917,2356,state_change,AVAILABLE,completed_delivery
1666581917,3305,state_change,AVAILABLE,completed_delivery
1666581917,952,state_change,AVAILABLE,completed_delivery
1666581917,1566,state_change,AVAILABLE,completed_delivery
1666581917,1078,state_change,AVAILABLE,completed_delivery
1666581917,808,state_change,AVAILABLE,completed_delivery
1666581917,2354,state_change,AVAILABLE,completed_delivery
1666581917,4530,state_change,AVAILABLE,completed_delivery
1666581917,2693,state_change,AVAILABLE,completed_delivery
1666581917,710,state_change,AVAILABLE,completed_delivery
1666581917,3157,state_change,AVAILABLE,completed_delivery
1666581917,2699,state_change,AVAILABLE,completed_delivery
1666581917,4591,state_change,AVAILABLE,completed_delivery
1666581917,55,state_change,AVAILABLE,completed_delivery
1666581917,4450,state_change,AVAILABLE,completed_delivery
1666581917,344,state_change,AVAILABLE,completed_delivery
1666581917,3061,state_change,AVAILABLE,completed_delivery
1666581917,3594,state_change,AVAILABLE,completed_delivery
1666581917,1497,state_change,AVAILABLE,completed_delivery
1666581917,1580,state_change,AVAILABLE,completed_delivery
1666581917,638,state_change,AVAILABLE,completed_delivery
1666581917,2905,state_change,AVAILABLE,completed_delivery
1666581917,1994,state_change,AVAILABLE,completed_delivery
1666581917,2369,state_change,AVAILABLE,completed_delivery
1666581917,4281,state_change,AVAILABLE,completed_delivery
1666581917,4068,state_change,AVAILABLE,completed_delivery
1666581917,3575,state_change,AVAILABLE,completed_delivery
1666581917,4832,state_change,AVAILABLE,completed_delivery
1666581917,1852,state_change,AVAILABLE,completed_delivery
1666581917,738,state_change,AVAILABLE,completed_delivery
1666581917,706,state_change,AVAILABLE,completed_delivery
1666581917,1297,state_change,AVAILABLE,completed_delivery
1666581917,1363,state_change,AVAILABLE,completed_delivery
1666581917,1243,state_change,AVAILABLE,completed_delivery
1666581917,2216,state_change,AVAILABLE,completed_delivery
1666581917,1617,state_change,AVAILABLE,completed_delivery
1666581917,3323,state_change,AVAILABLE,completed_delivery
1666581917,4396,state_change,AVAILABLE,completed_delivery
1666581917,903,state_change,AVAILABLE,completed_delivery
1666581917,2616,state_change,AVAILABLE,completed_delivery
1666581917,4268,state_change,AVAILABLE,completed_delivery
1666581917,1987,state_change,AVAILABLE,completed_delivery
1666581917,3374,state_change,AVAILABLE,completed_delivery
1666581917,4463,state_change,AVAILABLE,completed_delivery
1666581917,2864,state_change,AVAILABLE,completed_delivery
1666581917,4527,state_change,AVAILABLE,completed_delivery
1666581917,4594,state_change,AVAILABLE,completed_delivery
1666581917,1857,state_change,AVAILABLE,completed_delivery
1666581917,4607,state_change,AVAILABLE,completed_delivery
1666581917,2317,state_change,AVAILABLE,completed_delivery
1666581917,4105,state_change,AVAILABLE,completed_delivery
1666581917,242,state_change,AVAILABLE,completed_delivery
1666581917,1738,state_change,AVAILABLE,completed_delivery
1666581917,3778,state_change,AVAILABLE,completed_delivery
1666581917,752,state_change,AVAILABLE,completed_delivery
1666581917,3781,state_change,AVAILABLE,completed_delivery
1666581917,2672,state_change,AVAILABLE,completed_delivery
1666581917,4840,state_change,AVAILABLE,completed_delivery
1666581917,4176,state_change,AVAILABLE,completed_delivery
1666581917,2049,state_change,AVAILABLE,completed_delivery
1666581917,4209,state_change,AVAILABLE,completed_delivery
1666581917,3713,state_change,AVAILABLE,completed_delivery
1666581917,3356,state_change,AVAILABLE,completed_delivery
1666581917,3574,state_change,AVAILABLE,completed_delivery
1666581917,2017,state_change,AVAILABLE,completed_delivery
1666581917,4431,state_change,AVAILABLE,completed_delivery
1666581917,3441,state_change,AVAILABLE,completed_delivery
1666581917,1066,state_change,AVAILABLE,completed_delivery
1666581917,4380,state_change,AVAILABLE,completed_delivery
1666581917,3075,state_change,AVAILABLE,completed_delivery
1666581917,773,state_change,AVAILABLE,completed_delivery
1666581917,1381,state_change,AVAILABLE,completed_delivery
1666581917,3063,state_change,AVAILABLE,completed_delivery
1666581917,2810,state_change,AVAILABLE,completed_delivery
1666581917,3227,state_change,AVAILABLE,completed_delivery
1666581917,2304,state_change,AVAILABLE,completed_delivery
1666581917,1170,state_change,AVAILABLE,completed_delivery
1666581917,1197,state_change,AVAILABLE,completed_delivery
1666581917,3363,state_change,AVAILABLE,completed_delivery
1666581917,1650,state_change,AVAILABLE,completed_delivery
1666581917,3116,state_change,AVAILABLE,completed_delivery
1666581917,2627,state_change,AVAILABLE,completed_delivery
1666581917,3790,state_change,AVAILABLE,completed_delivery
1666581917,1871,state_change,AVAILABLE,completed_delivery
1666581917,735,state_change,AVAILABLE,completed_delivery
1666581917,4239,state_change,AVAILABLE,completed_delivery
1666581917,2440,state_change,AVAILABLE,completed_delivery
1666581917,3102,state_change,AVAILABLE,completed_delivery
1666581917,3786,state_change,AVAILABLE,completed_delivery
1666581917,4257,state_change,AVAILABLE,completed_delivery
1666581917,1504,state_change,AVAILABLE,completed_delivery
1666581917,1321,state_change,AVAILABLE,completed_delivery
1666581917,314,state_change,AVAILABLE,completed_delivery
1666581917,4227,state_change,AVAILABLE,completed_delivery
1666581917,4114,state_change,AVAILABLE,completed_delivery
1666581917,3547,state_change,AVAILABLE,completed_delivery
1666581917,823,state_change,AVAILABLE,completed_delivery
1666581917,2259,state_change,AVAILABLE,completed_delivery
1666581917,3230,state_change,AVAILABLE,completed_delivery
1666581917,4272,state_change,AVAILABLE,completed_delivery
1666581917,4668,state_change,AVAILABLE,completed_delivery
1666581917,4391,state_change,AVAILABLE,completed_delivery
1666581917,1178,state_change,AVAILABLE,completed_delivery
1666581917,4060,state_change,AVAILABLE,completed_delivery
1666581917,2442,state_change,AVAILABLE,completed_delivery
1666581917,351,state_change,AVAILABLE,completed_delivery
1666581917,3172,state_change,AVAILABLE,completed_delivery
1666581917,768,state_change,AVAILABLE,completed_delivery
1666581917,2427,state_change,AVAILABLE,completed_delivery
1666581917,1031,state_change,AVAILABLE,completed_delivery
1666581917,1388,state_change,AVAILABLE,completed_delivery
1666581917,1723,state_change,AVAILABLE,completed_delivery
1666581917,4610,state_change,AVAILABLE,completed_delivery
1666581917,4576,state_change,AVAILABLE,completed_delivery
1666581917,3154,state_change,AVAILABLE,completed_delivery
1666581917,1099,state_change,AVAILABLE,completed_delivery
1666581917,1075,state_change,AVAILABLE,completed_delivery
1666581917,3740,state_change,AVAILABLE,completed_delivery
1666581917,2609,state_change,AVAILABLE,completed_delivery
1666581917,2907,state_change,AVAILABLE,completed_delivery
1666581917,174,state_change,AVAILABLE,completed_delivery
1666581917,3850,state_change,AVAILABLE,completed_delivery
1666581917,1883,state_change,AVAILABLE,completed_delivery
1666581917,4284,state_change,AVAILABLE,completed_delivery
1666581917,2594,state_change,AVAILABLE,completed_delivery
1666581917,3201,state_change,AVAILABLE,completed_delivery
1666581917,1050,state_change,AVAILABLE,completed_delivery
1666581917,733,state_change,AVAILABLE,completed_delivery
1666581917,1679,state_change,AVAILABLE,completed_delivery
1666581917,2337,state_change,AVAILABLE,completed_delivery
1666581917,3632,state_change,AVAILABLE,completed_delivery
1666581917,1686,state_change,AVAILABLE,completed_delivery
1666581917,3828,state_change,AVAILABLE,completed_delivery
1666581917,4544,state_change,AVAILABLE,completed_delivery
1666581917,4125,state_change,AVAILABLE,completed_delivery
1666581917,1416,state_change,AVAILABLE,completed_delivery
1666581917,1011,state_change,AVAILABLE,completed_delivery
1666581917,4047,state_change,AVAILABLE,completed_delivery
1666581917,4464,state_change,AVAILABLE,completed_delivery
1666581917,1006,state_change,AVAILABLE,completed_delivery
1666581917,2481,state_change,AVAILABLE,completed_delivery
1666581917,3135,state_change,AVAILABLE,completed_delivery
1666581917,3329,state_change,AVAILABLE,completed_delivery
1666581917,1846,state_change,AVAILABLE,completed_delivery
1666581917,3836,state_change,AVAILABLE,completed_delivery
1666581917,936,state_change,AVAILABLE,completed_delivery
1666581917,1749,state_change,AVAILABLE,completed_delivery
1666581917,1544,state_change,AVAILABLE,completed_delivery
1666581917,4407,state_change,AVAILABLE,completed_delivery
1666581917,2439,state_change,AVAILABLE,completed_delivery
1666581917,1513,state_change,AVAILABLE,completed_delivery
1666581917,1324,state_change,AVAILABLE,completed_delivery
1666581917,3326,state_change,AVAILABLE,completed_delivery
1666581917,4351,state_change,AVAILABLE,completed_delivery
1666581917,957,state_change,AVAILABLE,completed_delivery
1666581917,1268,state_change,AVAILABLE,completed_delivery
1666581917,3599,state_change,AVAILABLE,completed_delivery
1666581917,887,state_change,AVAILABLE,completed_delivery
1666581917,1048,state_change,AVAILABLE,completed_delivery
1666581917,4815,state_change,AVAILABLE,completed_delivery
1666581917,2446,state_change,AVAILABLE,completed_delivery
1666581917,3875,state_change,AVAILABLE,completed_delivery
1666581917,4229,state_change,AVAILABLE,completed_delivery
1666581917,3534,state_change,AVAILABLE,completed_delivery
1666581917,1917,state_change,AVAILABLE,completed_delivery
1666581917,2575,state_change,AVAILABLE,completed_delivery
1666581917,1946,state_change,AVAILABLE,completed_delivery
1666581917,4609,state_change,AVAILABLE,completed_delivery
1666581917,3545,state_change,AVAILABLE,completed_delivery
1666581917,3304,state_change,AVAILABLE,completed_delivery
1666581917,4256,state_change,AVAILABLE,completed_delivery
1666581917,3802,state_change,AVAILABLE,completed_delivery
1666581917,3885,state_change,AVAILABLE,completed_delivery
1666581917,3702,state_change,AVAILABLE,completed_delivery
1666581917,4468,state_change,AVAILABLE,completed_delivery
1666581917,1484,state_change,AVAILABLE,completed_delivery
1666581917,2477,state_change,AVAILABLE,completed_delivery
1666581917,2769,state_change,AVAILABLE,completed_delivery
1666581917,1074,state_change,AVAILABLE,completed_delivery
1666581917,2267,state_change,AVAILABLE,completed_delivery
1666581917,4100,state_change,AVAILABLE,completed_delivery
1666581917,4844,state_change,AVAILABLE,completed_delivery
1666581917,4896,state_change,AVAILABLE,completed_delivery
1666581917,4728,state_change,AVAILABLE,completed_delivery
1666581917,3649,state_change,AVAILABLE,completed_delivery
1666581917,4656,state_change,AVAILABLE,completed_delivery
1666581917,2419,state_change,AVAILABLE,completed_delivery
1666581917,1907,state_change,AVAILABLE,completed_delivery
1666581917,3531,state_change,AVAILABLE,completed_delivery
1666581917,1701,state_change,AVAILABLE,completed_delivery
1666581917,3394,state_change,AVAILABLE,completed_delivery
1666581917,532,state_change,AVAILABLE,completed_delivery
1666581917,3596,state_change,AVAILABLE,completed_delivery
1666581917,843,state_change,AVAILABLE,completed_delivery
1666581917,3216,state_change,AVAILABLE,completed_delivery
1666581917,4104,state_change,AVAILABLE,completed_delivery
1666581917,3145,state_change,AVAILABLE,completed_delivery
1666581917,947,state_change,AVAILABLE,completed_delivery
1666581917,4000,state_change,AVAILABLE,completed_delivery
1666581917,1437,state_change,AVAILABLE,completed_delivery
1666581917,4335,state_change,AVAILABLE,completed_delivery
1666581917,2390,state_change,AVAILABLE,completed_delivery
1666581917,4688,state_change,AVAILABLE,completed_delivery
1666581917,3336,state_change,AVAILABLE,completed_delivery
1666581917,185,state_change,AVAILABLE,completed_delivery
1666581917,203,state_change,AVAILABLE,completed_delivery
1666581917,1608,state_change,AVAILABLE,completed_delivery
1666581917,3236,state_change,AVAILABLE,completed_delivery
1666581917,2148,state_change,AVAILABLE,completed_delivery
1666581917,3703,state_change,AVAILABLE,completed_delivery
1666581917,3887,state_change,AVAILABLE,completed_delivery
1666581917,4789,state_change,AVAILABLE,completed_delivery
1666581917,1713,state_change,AVAILABLE,completed_delivery
1666581917,1364,state_change,AVAILABLE,completed_delivery
1666581917,2156,state_change,AVAILABLE,completed_delivery
1666581917,1522,state_change,AVAILABLE,completed_delivery
1666581917,653,state_change,AVAILABLE,completed_delivery
1666581917,4915,state_change,AVAILABLE,completed_delivery
1666581917,2822,state_change,AVAILABLE,completed_delivery
1666581917,4878,state_change,AVAILABLE,completed_delivery
1666581917,2544,state_change,AVAILABLE,completed_delivery
1666581917,3024,state_change,AVAILABLE,completed_delivery
1666581917,683,state_change,AVAILABLE,completed_delivery
1666581917,4112,state_change,AVAILABLE,completed_delivery
1666581917,4867,state_change,AVAILABLE,completed_delivery
1666581917,4655,state_change,AVAILABLE,completed_delivery
1666581917,3469,state_change,AVAILABLE,completed_delivery
1666581917,2296,state_change,AVAILABLE,completed_delivery
1666581917,3349,state_change,AVAILABLE,completed_delivery
1666581917,986,state_change,AVAILABLE,completed_delivery
1666581917,100,state_change,AVAILABLE,completed_delivery
1666581917,4106,state_change,AVAILABLE,completed_delivery
1666581917,1709,state_change,AVAILABLE,completed_delivery
1666581917,4687,state_change,AVAILABLE,completed_delivery
1666581917,3797,state_change,AVAILABLE,completed_delivery
1666581917,2016,state_change,AVAILABLE,completed_delivery
1666581917,3624,state_change,AVAILABLE,completed_delivery
1666581917,1524,state_change,AVAILABLE,completed_delivery
1666581917,1124,state_change,AVAILABLE,completed_delivery
1666581917,3173,state_change,AVAILABLE,completed_delivery
1666581917,2168,state_change,AVAILABLE,completed_delivery
1666581917,688,state_change,AVAILABLE,completed_delivery
1666581917,2218,state_change,AVAILABLE,completed_delivery
1666581917,2928,state_change,AVAILABLE,completed_delivery
1666581917,2630,state_change,AVAILABLE,completed_delivery
1666581917,940,state_change,AVAILABLE,completed_delivery
1666581917,4387,state_change,AVAILABLE,completed_delivery
1666581917,3079,state_change,AVAILABLE,completed_delivery
1666581917,1285,state_change,AVAILABLE,completed_delivery
1666581917,4035,state_change,AVAILABLE,completed_delivery
1666581917,2020,state_change,AVAILABLE,completed_delivery
1666581917,3458,state_change,AVAILABLE,completed_delivery
1666581917,1365,state_change,AVAILABLE,completed_delivery
1666581917,4004,state_change,AVAILABLE,completed_delivery
1666581917,3319,state_change,AVAILABLE,completed_delivery
1666581917,3226,state_change,AVAILABLE,completed_delivery
1666581917,3695,state_change,AVAILABLE,completed_delivery
1666581917,3234,state_change,AVAILABLE,completed_delivery
1666581917,2520,state_change,AVAILABLE,completed_delivery
1666581917,1948,state_change,AVAILABLE,completed_delivery
1666581917,2565,state_change,AVAILABLE,completed_delivery
1666581917,1340,state_change,AVAILABLE,completed_delivery
1666581917,3880,state_change,AVAILABLE,completed_delivery
1666581917,4433,state_change,AVAILABLE,completed_delivery
1666581917,4122,state_change,AVAILABLE,completed_delivery
1666581917,2559,state_change,AVAILABLE,completed_delivery
1666581917,4289,state_change,AVAILABLE,completed_delivery
1666581917,1146,state_change,AVAILABLE,completed_delivery
1666581917,1798,state_change,AVAILABLE,completed_delivery
1666581917,1768,state_change,AVAILABLE,completed_delivery
1666581917,4241,state_change,AVAILABLE,completed_delivery
1666581917,3190,state_change,AVAILABLE,completed_delivery
1666581917,3120,state_change,AVAILABLE,completed_delivery
1666581917,308,state_change,AVAILABLE,completed_delivery
1666581917,4124,state_change,AVAILABLE,completed_delivery
1666581917,3636,state_change,AVAILABLE,completed_delivery
1666581917,2625,state_change,AVAILABLE,completed_delivery
1666581917,2564,state_change,AVAILABLE,completed_delivery
1666581917,1996,state_change,AVAILABLE,completed_delivery
1666581917,3587,state_change,AVAILABLE,completed_delivery
1666581917,4145,state_change,AVAILABLE,completed_delivery
1666581917,3563,state_change,AVAILABLE,completed_delivery
1666581917,3404,state_change,AVAILABLE,completed_delivery
1666581917,3042,state_change,AVAILABLE,completed_delivery
1666581917,4796,state_change,AVAILABLE,completed_delivery
1666581917,4737,state_change,AVAILABLE,completed_delivery
1666581917,3877,state_change,AVAILABLE,completed_delivery
1666581917,3656,state_change,AVAILABLE,completed_delivery
1666581917,2832,state_change,AVAILABLE,completed_delivery
1666581917,4056,state_change,AVAILABLE,completed_delivery
1666581917,4910,state_change,AVAILABLE,completed_delivery
1666581917,2499,state_change,AVAILABLE,completed_delivery
1666581917,2335,state_change,AVAILABLE,completed_delivery
1666581917,4445,state_change,AVAILABLE,completed_delivery
1666581917,4006,state_change,AVAILABLE,completed_delivery
1666581917,3224,state_change,AVAILABLE,completed_delivery
1666581917,4494,state_change,AVAILABLE,completed_delivery
1666581917,1565,state_change,AVAILABLE,completed_delivery
1666581917,4307,state_change,AVAILABLE,completed_delivery
1666581917,3633,state_change,AVAILABLE,completed_delivery
1666581917,4287,state_change,AVAILABLE,completed_delivery
1666581917,3452,state_change,AVAILABLE,completed_delivery
1666581917,3431,state_change,AVAILABLE,completed_delivery
1666581917,4290,state_change,AVAILABLE,completed_delivery
1666581917,1413,state_change,AVAILABLE,completed_delivery
1666581917,1262,state_change,AVAILABLE,completed_delivery
1666581917,2760,state_change,AVAILABLE,completed_delivery
1666581917,1591,state_change,AVAILABLE,completed_delivery
1666581917,3516,state_change,AVAILABLE,completed_delivery
1666581917,3897,state_change,AVAILABLE,completed_delivery
1666581917,3588,state_change,AVAILABLE,completed_delivery
1666581917,4877,state_change,AVAILABLE,completed_delivery
1666581917,4698,state_change,AVAILABLE,completed_delivery
1666581917,3995,state_change,AVAILABLE,completed_delivery
1666581917,676,state_change,AVAILABLE,completed_delivery
1666581917,4836,state_change,AVAILABLE,completed_delivery
1666581917,4143,state_change,AVAILABLE,completed_delivery
1666581917,1472,state_change,AVAILABLE,completed_delivery
1666581917,3199,state_change,AVAILABLE,completed_delivery
1666581917,1750,state_change,AVAILABLE,completed_delivery
1666581917,1222,state_change,AVAILABLE,completed_delivery
1666581917,2494,state_change,AVAILABLE,completed_delivery
1666581917,3403,state_change,AVAILABLE,completed_delivery
1666581917,3255,state_change,AVAILABLE,completed_delivery
1666581917,1427,state_change,AVAILABLE,completed_delivery
1666581917,3898,state_change,AVAILABLE,completed_delivery
1666581917,2006,state_change,AVAILABLE,completed_delivery
1666581917,4013,state_change,AVAILABLE,completed_delivery
1666581917,4807,state_change,AVAILABLE,completed_delivery
1666581917,4493,state_change,AVAILABLE,completed_delivery
1666581917,1335,state_change,AVAILABLE,completed_delivery
1666581917,3007,state_change,AVAILABLE,completed_delivery
1666581917,4159,state_change,AVAILABLE,completed_delivery
1666581917,4016,state_change,AVAILABLE,completed_delivery
1666581917,4213,state_change,AVAILABLE,completed_delivery
1666581917,4847,state_change,AVAILABLE,completed_delivery
1666581917,3809,state_change,AVAILABLE,completed_delivery
1666581917,4792,state_change,AVAILABLE,completed_delivery
1666581917,1195,state_change,AVAILABLE,completed_delivery
1666581917,3784,state_change,AVAILABLE,completed_delivery
1666581917,3819,state_change,AVAILABLE,completed_delivery
1666581917,4326,state_change,AVAILABLE,completed_delivery
1666581917,594,state_change,AVAILABLE,completed_delivery
1666581917,1834,state_change,AVAILABLE,completed_delivery
1666581917,1461,state_change,AVAILABLE,completed_delivery
1666581917,3401,state_change,AVAILABLE,completed_delivery
1666581917,1899,state_change,AVAILABLE,completed_delivery
1666581917,2104,state_change,AVAILABLE,completed_delivery
1666581917,3867,state_change,AVAILABLE,completed_delivery
1666581917,2277,state_change,AVAILABLE,completed_delivery
1666581917,4736,state_change,AVAILABLE,completed_delivery
1666581917,1914,state_change,AVAILABLE,completed_delivery
1666581917,3635,state_change,AVAILABLE,completed_delivery
1666581917,9,state_change,AVAILABLE,completed_delivery
1666581917,4401,state_change,AVAILABLE,completed_delivery
1666581917,1438,state_change,AVAILABLE,completed_delivery
1666581917,898,state_change,AVAILABLE,completed_delivery
1666581917,1506,state_change,AVAILABLE,completed_delivery
1666581917,3808,state_change,AVAILABLE,completed_delivery
1666581917,1397,state_change,AVAILABLE,completed_delivery
1666581917,4671,state_change,AVAILABLE,completed_delivery
1666581917,1710,state_change,AVAILABLE,completed_delivery
1666581917,3013,state_change,AVAILABLE,completed_delivery
1666581917,3352,state_change,AVAILABLE,completed_delivery
1666581917,2756,state_change,AVAILABLE,completed_delivery
1666581917,2726,state_change,AVAILABLE,completed_delivery
1666581917,3275,state_change,AVAILABLE,completed_delivery
1666581917,3792,state_change,AVAILABLE,completed_delivery
1666581917,4521,state_change,AVAILABLE,completed_delivery
1666581917,1483,state_change,AVAILABLE,completed_delivery
1666581917,3987,state_change,AVAILABLE,completed_delivery
1666581917,4248,state_change,AVAILABLE,completed_delivery
1666581917,1887,state_change,AVAILABLE,completed_delivery
1666581917,2023,state_change,AVAILABLE,completed_delivery
1666581917,3858,state_change,AVAILABLE,completed_delivery
1666581917,3622,state_change,AVAILABLE,completed_delivery
1666581917,2421,state_change,AVAILABLE,completed_delivery
1666581917,2943,state_change,AVAILABLE,completed_delivery
1666581917,1526,state_change,AVAILABLE,completed_delivery
1666581917,3312,state_change,AVAILABLE,completed_delivery
1666581917,4439,state_change,AVAILABLE,completed_delivery
1666581917,2599,state_change,AVAILABLE,completed_delivery
1666581917,1572,state_change,AVAILABLE,completed_delivery
1666581917,1271,state_change,AVAILABLE,completed_delivery
1666581917,4725,state_change,AVAILABLE,completed_delivery
1666581917,4146,state_change,AVAILABLE,completed_delivery
1666581917,3027,state_change,AVAILABLE,completed_delivery
1666581917,4364,state_change,AVAILABLE,completed_delivery
1666581917,2692,state_change,AVAILABLE,completed_delivery
1666581917,1528,state_change,AVAILABLE,completed_delivery
1666581917,4723,state_change,AVAILABLE,completed_delivery
1666581917,1490,state_change,AVAILABLE,completed_delivery
1666581917,3653,state_change,AVAILABLE,completed_delivery
1666581917,4498,state_change,AVAILABLE,completed_delivery
1666581917,4786,state_change,AVAILABLE,completed_delivery
1666581917,3138,state_change,AVAILABLE,completed_delivery
1666581917,3903,state_change,AVAILABLE,completed_delivery
1666581917,1359,state_change,AVAILABLE,completed_delivery
1666581917,4298,state_change,AVAILABLE,completed_delivery
1666581917,3974,state_change,AVAILABLE,completed_delivery
1666581917,3244,state_change,AVAILABLE,completed_delivery
1666581917,1062,state_change,AVAILABLE,completed_delivery
1666581917,3795,state_change,AVAILABLE,completed_delivery
1666581917,3855,state_change,AVAILABLE,completed_delivery
1666581917,4282,state_change,AVAILABLE,completed_delivery
1666581917,497,state_change,AVAILABLE,completed_delivery
1666581917,1090,state_change,AVAILABLE,completed_delivery
1666581917,2711,state_change,AVAILABLE,completed_delivery
1666581917,3387,state_change,AVAILABLE,completed_delivery
1666581917,1118,state_change,AVAILABLE,completed_delivery
1666581917,4629,state_change,AVAILABLE,completed_delivery
1666581917,1992,state_change,AVAILABLE,completed_delivery
1666581917,2376,state_change,AVAILABLE,completed_delivery
1666581917,3888,state_change,AVAILABLE,completed_delivery
1666581917,2778,state_change,AVAILABLE,completed_delivery
1666581917,1832,state_change,AVAILABLE,completed_delivery
1666581917,894,state_change,AVAILABLE,completed_delivery
1666581917,506,state_change,AVAILABLE,completed_delivery
1666581917,1458,state_change,AVAILABLE,completed_delivery
1666581917,4766,state_change,AVAILABLE,completed_delivery
1666581917,2914,state_change,AVAILABLE,completed_delivery
1666581917,658,state_change,AVAILABLE,completed_delivery
1666581917,1644,state_change,AVAILABLE,completed_delivery
1666581917,3288,state_change,AVAILABLE,completed_delivery
1666581917,1959,state_change,AVAILABLE,completed_delivery
1666581917,3856,state_change,AVAILABLE,completed_delivery
1666581917,3671,state_change,AVAILABLE,completed_delivery
1666581917,1598,state_change,AVAILABLE,completed_delivery
1666581917,3788,state_change,AVAILABLE,completed_delivery
1666581917,4328,state_change,AVAILABLE,completed_delivery
1666581917,4138,state_change,AVAILABLE,completed_delivery
1666581917,152,state_change,AVAILABLE,completed_delivery
1666581917,3182,state_change,AVAILABLE,completed_delivery
1666581917,4859,state_change,AVAILABLE,completed_delivery
1666581917,3631,state_change,AVAILABLE,completed_delivery
1666581917,3213,state_change,AVAILABLE,completed_delivery
1666581917,2668,state_change,AVAILABLE,completed_delivery
1666581917,4400,state_change,AVAILABLE,completed_delivery
1666581917,1537,state_change,AVAILABLE,completed_delivery
1666581917,3019,state_change,AVAILABLE,completed_delivery
1666581917,4350,state_change,AVAILABLE,completed_delivery
1666581917,665,state_change,AVAILABLE,completed_delivery
1666581917,1808,state_change,AVAILABLE,completed_delivery
1666581917,3678,state_change,AVAILABLE,completed_delivery
1666581917,4911,state_change,AVAILABLE,completed_delivery
1666581917,2712,state_change,AVAILABLE,completed_delivery
1666581917,4738,state_change,AVAILABLE,completed_delivery
1666581917,1619,state_change,AVAILABLE,completed_delivery
1666581917,4299,state_change,AVAILABLE,completed_delivery
1666581917,4228,state_change,AVAILABLE,completed_delivery
1666581917,2734,state_change,AVAILABLE,completed_delivery
1666581917,4346,state_change,AVAILABLE,completed_delivery
1666581917,3299,state_change,AVAILABLE,completed_delivery
1666581917,2607,state_change,AVAILABLE,completed_delivery
1666581917,1576,state_change,AVAILABLE,completed_delivery
1666581917,4388,state_change,AVAILABLE,completed_delivery
1666581917,4827,state_change,AVAILABLE,completed_delivery
1666581917,3412,state_change,AVAILABLE,completed_delivery
1666581917,1969,state_change,AVAILABLE,completed_delivery
1666581917,2256,state_change,AVAILABLE,completed_delivery
1666581917,4399,state_change,AVAILABLE,completed_delivery
1666581917,3912,state_change,AVAILABLE,completed_delivery
1666581917,4773,state_change,AVAILABLE,completed_delivery
1666581917,4769,state_change,AVAILABLE,completed_delivery
1666581917,2413,state_change,AVAILABLE,completed_delivery
1666581917,3940,state_change,AVAILABLE,completed_delivery
1666581917,2483,state_change,AVAILABLE,completed_delivery
1666581917,3321,state_change,AVAILABLE,completed_delivery
1666581917,1471,state_change,AVAILABLE,completed_delivery
1666581917,3939,state_change,AVAILABLE,completed_delivery
1666581917,1088,state_change,AVAILABLE,completed_delivery
1666581917,300,state_change,AVAILABLE,completed_delivery
1666581917,3365,state_change,AVAILABLE,completed_delivery
1666581917,4397,state_change,AVAILABLE,completed_delivery
1666581917,333,state_change,AVAILABLE,completed_delivery
1666581917,1495,state_change,AVAILABLE,completed_delivery
1666581917,1535,state_change,AVAILABLE,completed_delivery
1666581917,4349,state_change,AVAILABLE,completed_delivery
1666581917,4310,state_change,AVAILABLE,completed_delivery
1666581917,4520,state_change,AVAILABLE,completed_delivery
1666581917,560,state_change,AVAILABLE,completed_delivery
1666581917,4551,state_change,AVAILABLE,completed_delivery
1666581917,4730,state_change,AVAILABLE,completed_delivery
1666581917,1607,state_change,AVAILABLE,completed_delivery
1666581917,4181,state_change,AVAILABLE,completed_delivery
1666581917,3690,state_change,AVAILABLE,completed_delivery
1666581917,3959,state_change,AVAILABLE,completed_delivery
1666581917,4548,state_change,AVAILABLE,completed_delivery
1666581917,427,state_change,AVAILABLE,completed_delivery
1666581917,4304,state_change,AVAILABLE,completed_delivery
1666581917,1809,state_change,AVAILABLE,completed_delivery
1666581917,4474,state_change,AVAILABLE,completed_delivery
1666581917,3871,state_change,AVAILABLE,completed_delivery
1666581917,2251,state_change,AVAILABLE,completed_delivery
1666581917,4075,state_change,AVAILABLE,completed_delivery
1666581917,3463,state_change,AVAILABLE,completed_delivery
1666581917,1836,state_change,AVAILABLE,completed_delivery
1666581917,3142,state_change,AVAILABLE,completed_delivery
1666581917,3837,state_change,AVAILABLE,completed_delivery
1666581917,2525,state_change,AVAILABLE,completed_delivery
1666581917,1776,state_change,AVAILABLE,completed_delivery
1666581917,4356,state_change,AVAILABLE,completed_delivery
1666581917,1807,state_change,AVAILABLE,completed_delivery
1666581917,2775,state_change,AVAILABLE,completed_delivery
1666581917,2664,state_change,AVAILABLE,completed_delivery
1666581917,2838,state_change,AVAILABLE,completed_delivery
1666581917,1637,state_change,AVAILABLE,completed_delivery
1666581917,4164,state_change,AVAILABLE,completed_delivery
1666581917,4255,state_change,AVAILABLE,completed_delivery
1666581917,2340,state_change,AVAILABLE,completed_delivery
1666581917,4230,state_change,AVAILABLE,completed_delivery
1666581917,4118,state_change,AVAILABLE,completed_delivery
1666581917,4158,state_change,AVAILABLE,completed_delivery
1666581917,1741,state_change,AVAILABLE,completed_delivery
1666581917,257,state_change,AVAILABLE,completed_delivery
1666581917,4150,state_change,AVAILABLE,completed_delivery
1666581917,4689,state_change,AVAILABLE,completed_delivery
1666581917,2378,state_change,AVAILABLE,completed_delivery
1666581917,2927,state_change,AVAILABLE,completed_delivery
1666581917,3344,state_change,AVAILABLE,completed_delivery
1666581917,4597,state_change,AVAILABLE,completed_delivery
1666581917,1406,state_change,AVAILABLE,completed_delivery
1666581917,4163,state_change,AVAILABLE,completed_delivery
1666581917,4302,state_change,AVAILABLE,completed_delivery
1666581917,3979,state_change,AVAILABLE,completed_delivery
1666581917,3643,state_change,AVAILABLE,completed_delivery
1666581917,4477,state_change,AVAILABLE,completed_delivery
1666581917,2843,state_change,AVAILABLE,completed_delivery
1666581917,4405,state_change,AVAILABLE,completed_delivery
1666581917,3845,state_change,AVAILABLE,completed_delivery
1666581917,443,state_change,AVAILABLE,completed_delivery
1666581917,1845,state_change,AVAILABLE,completed_delivery
1666581917,4345,state_change,AVAILABLE,completed_delivery
1666581917,3932,state_change,AVAILABLE,completed_delivery
1666581917,1984,state_change,AVAILABLE,completed_delivery
1666581917,3339,state_change,AVAILABLE,completed_delivery
1666581917,4157,state_change,AVAILABLE,completed_delivery
1666581917,4293,state_change,AVAILABLE,completed_delivery
1666581917,2604,state_change,AVAILABLE,completed_delivery
1666581917,4234,state_change,AVAILABLE,completed_delivery
1666581917,302,state_change,AVAILABLE,completed_delivery
1666581917,2830,state_change,AVAILABLE,completed_delivery
1666581917,4523,state_change,AVAILABLE,completed_delivery
1666581917,2729,state_change,AVAILABLE,completed_delivery
1666581917,2920,state_change,AVAILABLE,completed_delivery
1666581917,4846,state_change,AVAILABLE,completed_delivery
1666581917,2605,state_change,AVAILABLE,completed_delivery
1666581917,3347,state_change,AVAILABLE,completed_delivery
1666581917,2626,state_change,AVAILABLE,completed_delivery
1666581917,3382,state_change,AVAILABLE,completed_delivery
1666581917,1990,state_change,AVAILABLE,completed_delivery
1666581917,4571,state_change,AVAILABLE,completed_delivery
1666581917,3791,state_change,AVAILABLE,completed_delivery
1666581917,3895,state_change,AVAILABLE,completed_delivery
1666581917,2519,state_change,AVAILABLE,completed_delivery
1666581917,2936,state_change,AVAILABLE,completed_delivery
1666581917,4249,state_change,AVAILABLE,completed_delivery
1666581917,3707,state_change,AVAILABLE,completed_delivery
1666581917,4065,state_change,AVAILABLE,completed_delivery
1666581917,4885,state_change,AVAILABLE,completed_delivery
1666581917,850,state_change,AVAILABLE,completed_delivery
1666581917,4475,state_change,AVAILABLE,completed_delivery
1666581917,1973,state_change,AVAILABLE,completed_delivery
1666581917,4334,state_change,AVAILABLE,completed_delivery
1666581917,2923,state_change,AVAILABLE,completed_delivery
1666581917,3606,state_change,AVAILABLE,completed_delivery
1666581917,4160,state_change,AVAILABLE,completed_delivery
1666581917,3343,state_change,AVAILABLE,completed_delivery
1666581917,4810,state_change,AVAILABLE,completed_delivery
1666581917,3310,state_change,AVAILABLE,completed_delivery
1666581917,2591,state_change,AVAILABLE,completed_delivery
1666581917,4041,state_change,AVAILABLE,completed_delivery
1666581917,3623,state_change,AVAILABLE,completed_delivery
1666581917,1369,state_change,AVAILABLE,completed_delivery
1666581917,4286,state_change,AVAILABLE,completed_delivery
1666581917,3400,state_change,AVAILABLE,completed_delivery
1666581917,4334,state_change,BUSY,assigned_order
1666582037,3676,state_change,AVAILABLE,new_courier
1666582037,3861,state_change,AVAILABLE,new_courier
1666582037,1900,state_change,AVAILABLE,new_courier
1666582037,4231,state_change,AVAILABLE,new_courier
1666582037,348,state_change,AVAILABLE,new_courier
1666582037,2934,state_change,AVAILABLE,new_courier
1666582037,627,state_change,BUSY,assigned_order
1666582037,2556,state_change,BUSY,assigned_order
1666582037,24,state_change,BUSY,assigned_order
1666582037,1608,state_change,BUSY,assigned_order
1666582217,3376,state_change,AVAILABLE,new_courier
1666582217,4011,state_change,AVAILABLE,new_courier
1666582217,2240,state_change,AVAILABLE,new_courier
1666582217,3681,state_change,AVAILABLE,new_courier
1666582217,3772,state_change,AVAILABLE,new_courier
1666582217,2814,state_change,BUSY,assigned_order
1666582217,3060,state_change,BUSY,assigned_order
1666582217,2606,state_change,BUSY,assigned_order
1666582217,3895,state_change,BUSY,assigned_order
1666582217,354,state_change,BUSY,assigned_order
1666582217,817,state_change,BUSY,assigned_order
