dispatch_time,order_id,baseline_assigned_courier_id,baseline_cost,baseline_courier_rank_by_cost,is_assigned_by_baseline,was_accepted,actual_assigned_courier_id,is_match_with_actual,num_orders_in_batch,num_couriers_in_pool,order_pickup_lat,order_pickup_lng,baseline_courier_lat,baseline_courier_lng,actual_courier_lat,actual_courier_lng,platform_order_time,wait_for_assignment_seconds,cost_function,mode,strategy_key,bundling_on,micro_batch_sec,unit_type,bundle_size
1665977114,522093,4694,1763.8939877441614,1,True,True,611,False,658,802,45862054,174581041,45862155,174582802,0,0,1665976830,284,distance_to_pickup,BATCH,hungarian,0,0,order,1
1665977114,64002,2980,779.1001219355571,1,True,True,1620,False,658,802,45863030,174564980,45862256,174565069,0,0,1665976843,271,distance_to_pickup,BATCH,hungarian,0,0,order,1
1665977114,85993,387,303.71368095625854,1,True,True,905,False,658,802,45880173,174546649,45879904,174546508,0,0,1665976876,238,distance_to_pickup,BATCH,hungarian,0,0,order,1
1665977114,215713,3647,130.60245020672468,1,True,True,2038,False,658,802,45859352,174579486,45859393,174579610,0,0,1665976707,407,distance_to_pickup,BATCH,hungarian,0,0,order,1
1665977114,3214,47,1218.4424483741527,1,True,True,1061,False,658,802,45886802,174544898,45885731,174544317,0,0,1665976132,982,distance_to_pickup,BATCH,hungarian,0,0,order,1
1665977114,395445,1620,2224.3965473808844,1,True,True,84,False,658,802,45867766,174566793,45866398,174565039,0,0,1665977032,82,distance_to_pickup,BATCH,hungarian,0,0,order,1
1665977114,293224,3026,1854.1418500211896,1,True,True,81,False,658,802,45905899,174526998,45906248,174528819,0,0,1665976681,433,distance_to_pickup,BATCH,hungarian,0,0,order,1
1665977114,432901,2463,2506.4726210353865,1,True,True,981,False,658,802,45867403,174569758,45865276,174568432,0,0,1665976614,500,distance_to_pickup,BATCH,hungarian,0,0,order,1
1665977114,307304,114,2410.089002505924,1,True,True,330,False,658,802,45911894,174529244,45909554,174529821,0,0,1665977085,29,distance_to_pickup,BATCH,hungarian,0,0,order,1
1665977114,134860,4347,240.3018934590404,1,True,True,407,False,658,802,45895728,174555530,45895932,174555657,0,0,1665976889,225,distance_to_pickup,BATCH,hungarian,0,0,order,1
1665977114,329449,535,1454.4706941014658,1,True,True,3474,False,658,802,45830427,174573700,45831881,174573737,0,0,1665976896,218,distance_to_pickup,BATCH,hungarian,0,0,order,1
1665977114,147009,3774,1245.4834402753013,1,True,True,1700,False,658,802,45820232,174523174,45819805,174522004,0,0,1665977049,65,distance_to_pickup,BATCH,hungarian,0,0,order,1
1665977114,250552,2636,9923.467992592106,1,True,True,4891,False,658,802,45882550,174555124,45873301,174558720,0,0,1665975963,1151,distance_to_pickup,BATCH,hungarian,0,0,order,1
1665977114,25815,249,480.227029643272,1,True,True,4019,False,658,802,45897008,174553031,45897481,174552948,0,0,1665976161,953,distance_to_pickup,BATCH,hungarian,0,0,order,1
1665977114,558419,4775,5939.846799371176,1,True,True,168,False,658,802,45894980,174554750,45889496,174557032,0,0,1665976783,331,distance_to_pickup,BATCH,hungarian,0,0,order,1
1665977114,365592,4154,3492.6701819668,1,True,True,2054,False,658,802,45853197,174599400,45851016,174596672,0,0,1665976916,198,distance_to_pickup,BATCH,hungarian,0,0,order,1
1665977114,3218,1744,2922.0412385864784,1,True,True,2054,False,658,802,45852942,174591757,45850652,174589942,0,0,1665977017,97,distance_to_pickup,BATCH,hungarian,0,0,order,1
1665977114,183218,3237,2911.934065187603,1,True,True,1703,False,658,802,45853197,174599400,45853765,174596544,0,0,1665976966,148,distance_to_pickup,BATCH,hungarian,0,0,order,1
1665977114,230204,2184,3145.7789178516664,1,True,True,857,False,658,802,45851787,174617479,45849313,174619422,0,0,1665976961,153,distance_to_pickup,BATCH,hungarian,0,0,order,1
1665977114,110597,1385,1241.8264774113975,1,True,True,1703,False,658,802,45855591,174605363,45854413,174604970,0,0,1665976868,246,distance_to_pickup,BATCH,hungarian,0,0,order,1
1665977114,128718,93,63.97655820689325,1,True,True,3233,False,658,802,45895612,174555734,45895639,174555792,0,0,1665976877,237,distance_to_pickup,BATCH,hungarian,0,0,order,1
1665977114,304465,3342,440.1136216933077,1,True,True,1941,False,658,802,45821950,174527737,45822222,174528083,0,0,1665977097,17,distance_to_pickup,BATCH,hungarian,0,0,order,1
1665977114,206680,2100,1557.5573825705428,1,True,True,3750,False,658,802,45856330,174579593,45856611,174578061,0,0,1665976736,378,distance_to_pickup,BATCH,hungarian,0,0,order,1
1665977114,540428,922,212.22865028077618,1,True,True,596,False,658,802,45863303,174559942,45863374,174560142,0,0,1665976852,262,distance_to_pickup,BATCH,hungarian,0,0,order,1
1665977114,6485,2903,67.89698078707183,1,True,True,875,False,658,802,45860664,174572467,45860597,174572478,0,0,1665976986,128,distance_to_pickup,BATCH,hungarian,0,0,order,1
1665977114,177189,877,1354.1344098722254,1,True,True,2065,False,658,802,45861700,174583580,45862572,174584616,0,0,1665976952,162,distance_to_pickup,BATCH,hungarian,0,0,order,1
1665977114,98378,1866,2073.9944551517005,1,True,True,1688,False,658,802,45863303,174559942,45861546,174558840,0,0,1665976780,334,distance_to_pickup,BATCH,hungarian,0,0,order,1
1665977114,296029,1231,1953.6924015821937,1,True,True,1610,False,658,802,45867462,174566858,45865879,174565713,0,0,1665976748,366,distance_to_pickup,BATCH,hungarian,0,0,order,1
1665977114,73398,2862,224.66419385384935,1,True,True,227,False,658,802,45863946,174582310,45864061,174582503,0,0,1665976820,294,distance_to_pickup,BATCH,hungarian,0,0,order,1
1665977114,406339,1884,309.00647242412253,1,True,True,218,False,658,802,45867880,174573167,45867958,174573466,0,0,1665976684,430,distance_to_pickup,BATCH,hungarian,0,0,order,1
1665977114,387333,2411,551.7435998722596,1,True,True,1259,False,658,802,45858283,174576801,45857813,174577090,0,0,1665976852,262,distance_to_pickup,BATCH,hungarian,0,0,order,1
1665977114,318433,58,268.57587382339466,1,True,True,330,False,658,802,45911894,174529244,45912071,174529446,0,0,1665976933,181,distance_to_pickup,BATCH,hungarian,0,0,order,1
1665977114,25840,1664,200.39211561336438,1,True,True,2793,False,658,802,45886610,174551440,45886461,174551574,0,0,1665977069,45,distance_to_pickup,BATCH,hungarian,0,0,order,1
1665977114,334972,3748,4031.5015812969737,1,True,True,391,False,658,802,45896259,174552883,45895305,174548966,0,0,1665976865,249,distance_to_pickup,BATCH,hungarian,0,0,order,1
1665977114,483066,1198,1936.9793493994716,1,True,True,2836,False,658,802,45898392,174553042,45898807,174551150,0,0,1665976746,368,distance_to_pickup,BATCH,hungarian,0,0,order,1
1665977114,273389,1457,6112.378260546381,1,True,True,925,False,658,802,45895620,174555818,45895688,174561930,0,0,1665976805,309,distance_to_pickup,BATCH,hungarian,0,0,order,1
1665977114,159039,2374,647.6858806551213,1,True,True,4393,False,658,802,45896190,174554821,45896121,174555465,0,0,1665976900,214,distance_to_pickup,BATCH,hungarian,0,0,order,1
1665977114,532606,2342,454.58772530722825,1,True,True,875,False,658,802,45859810,174579420,45860227,174579601,0,0,1665977105,9,distance_to_pickup,BATCH,hungarian,0,0,order,1
1665977114,51479,1175,68.8839603971781,1,True,True,3283,False,658,802,45860164,174572482,45860103,174572514,0,0,1665976910,204,distance_to_pickup,BATCH,hungarian,0,0,order,1
1665977114,287655,4753,8169.451633983765,1,True,True,230,False,658,802,45877759,174578692,45872735,174585134,0,0,1665976916,198,distance_to_pickup,BATCH,hungarian,0,0,order,1
1665977114,373801,171,3332.417890961456,1,True,True,83,False,658,802,45870564,174546942,45868364,174549445,0,0,1665976998,116,distance_to_pickup,BATCH,hungarian,0,0,order,1
1665977114,116621,920,3075.8902776269506,1,True,True,2032,False,658,802,45855637,174569692,45858712,174569618,0,0,1665976536,578,distance_to_pickup,BATCH,hungarian,0,0,order,1
1665977114,12973,4311,361.4484748895754,1,True,True,3718,False,658,802,45862946,174583985,45863243,174584191,0,0,1665976875,239,distance_to_pickup,BATCH,hungarian,0,0,order,1
1665977114,89,1273,5964.493775669483,1,True,True,83,False,658,802,45870564,174546942,45867889,174552273,0,0,1665976227,887,distance_to_pickup,BATCH,hungarian,0,0,order,1
1665977114,22582,94,1550.4944372683185,1,True,True,1543,False,658,802,45877890,174578340,45876678,174579307,0,0,1665976785,329,distance_to_pickup,BATCH,hungarian,0,0,order,1
1665977114,480559,1414,189.274932307477,1,True,True,538,False,658,802,45879921,174546626,45879749,174546547,0,0,1665976504,610,distance_to_pickup,BATCH,hungarian,0,0,order,1
1665977114,88,1894,2317.5711423816097,1,True,True,1620,False,658,802,45863030,174564980,45862150,174567124,0,0,1665976740,374,distance_to_pickup,BATCH,hungarian,0,0,order,1
1665977114,162151,726,1724.1244154642668,1,True,True,1105,False,658,802,45892908,174566908,45891210,174566609,0,0,1665976864,250,distance_to_pickup,BATCH,hungarian,0,0,order,1
1665977114,357227,1632,10449.35404702128,1,True,True,3840,False,658,802,45892888,174567981,45890646,174578187,0,0,1665976302,812,distance_to_pickup,BATCH,hungarian,0,0,order,1
1665977114,392759,2835,69.57010852370435,1,True,True,2742,False,658,802,45886884,174562531,45886862,174562597,0,0,1665977075,39,distance_to_pickup,BATCH,hungarian,0,0,order,1
1665977114,267686,513,2464.5360618177206,1,True,True,130,False,658,802,45848681,174583880,45846218,174583967,0,0,1665976905,209,distance_to_pickup,BATCH,hungarian,0,0,order,1
1665977114,253371,2738,576.0555528766301,1,True,True,1941,False,658,802,45820104,174523236,45819536,174523140,0,0,1665977013,101,distance_to_pickup,BATCH,hungarian,0,0,order,1
1665977114,165207,2723,1732.769459564659,1,True,True,1941,False,658,802,45819784,174525705,45820045,174527418,0,0,1665977076,38,distance_to_pickup,BATCH,hungarian,0,0,order,1
1665977114,376533,368,1030.73808506332,1,True,True,2208,False,658,802,45832424,174540670,45833454,174540709,0,0,1665976542,572,distance_to_pickup,BATCH,hungarian,0,0,order,1
1665977114,550663,4258,2562.1485124793217,1,True,True,4130,False,658,802,45896047,174554578,45895460,174552084,0,0,1665976875,239,distance_to_pickup,BATCH,hungarian,0,0,order,1
1665977114,110606,2518,53.33854141237835,1,True,True,1102,False,658,802,45892958,174566355,45892952,174566408,0,0,1665977085,29,distance_to_pickup,BATCH,hungarian,0,0,order,1
1665977114,480562,4294,7213.983157729162,1,True,True,1266,False,658,802,45885886,174563236,45880258,174567749,0,0,1665977074,40,distance_to_pickup,BATCH,hungarian,0,0,order,1
1665977114,174195,236,1324.3715490752586,1,True,True,369,False,658,802,45902806,174555734,45901940,174556736,0,0,1665977079,35,distance_to_pickup,BATCH,hungarian,0,0,order,1
1665977114,177190,1694,12223.392082396767,1,True,True,2696,False,658,802,45902806,174555734,45909089,174545249,0,0,1665976949,165,distance_to_pickup,BATCH,hungarian,0,0,order,1
1665977114,168121,309,25.317977802344327,1,True,True,1105,False,658,802,45892908,174566908,45892883,174566912,0,0,1665976638,476,distance_to_pickup,BATCH,hungarian,0,0,order,1
1665977114,140945,4696,3725.5808943035986,1,True,True,2742,False,658,802,45886884,174562531,45890427,174563683,0,0,1665976893,221,distance_to_pickup,BATCH,hungarian,0,0,order,1
1665977114,537895,2018,5118.364777934453,1,True,True,1754,False,658,802,45894980,174554750,45890343,174556917,0,0,1665976726,388,distance_to_pickup,BATCH,hungarian,0,0,order,1
1665977114,384548,3001,5597.58028079991,1,True,True,723,False,658,802,45884568,174549661,45879892,174546584,0,0,1665976967,147,distance_to_pickup,BATCH,hungarian,0,0,order,1
1665977114,165208,2728,6546.274436654791,1,True,True,4378,False,658,802,45887243,174550790,45882078,174546768,0,0,1665976889,225,distance_to_pickup,BATCH,hungarian,0,0,order,1
1665977114,472659,4002,130.11533345459327,1,True,True,868,False,658,802,45898786,174565946,45898803,174566075,0,0,1665976836,278,distance_to_pickup,BATCH,hungarian,0,0,order,1
1665977114,477934,634,6714.877288528808,1,True,True,2921,False,658,802,45919951,174516559,45919027,174523210,0,0,1665977104,10,distance_to_pickup,BATCH,hungarian,0,0,order,1
1665977114,403629,1204,5246.3447275222015,1,True,True,1071,False,658,802,45920072,174552641,45921290,174547538,0,0,1665976932,182,distance_to_pickup,BATCH,hungarian,0,0,order,1
1665977114,435627,1235,6281.024916365162,1,True,True,1720,False,658,802,45900860,174579410,45904917,174584205,0,0,1665977084,30,distance_to_pickup,BATCH,hungarian,0,0,order,1
1665977114,440996,2459,781.3609921156801,1,True,True,1119,False,658,802,45901193,174587577,45901086,174588351,0,0,1665977093,21,distance_to_pickup,BATCH,hungarian,0,0,order,1
1665977114,159019,144,664.8308055437865,1,True,True,2573,False,658,802,45912464,174588132,45913124,174588052,0,0,1665976939,175,distance_to_pickup,BATCH,hungarian,0,0,order,1
1665977114,422236,473,3237.3237403756825,1,True,True,1731,False,658,802,45902274,174589909,45905090,174588312,0,0,1665977064,50,distance_to_pickup,BATCH,hungarian,0,0,order,1
1665977114,390033,2178,7931.721124699229,1,True,True,1368,False,658,802,45897332,174552722,45898018,174544820,0,0,1665976741,373,distance_to_pickup,BATCH,hungarian,0,0,order,1
1665977114,334973,3114,8722.887423324917,1,True,True,915,False,658,802,45889647,174545036,45892660,174536850,0,0,1665976961,153,distance_to_pickup,BATCH,hungarian,0,0,order,1
1665977114,449043,1724,3702.298340220572,1,True,True,26,False,658,802,45895743,174547743,45895941,174544046,0,0,1665977051,63,distance_to_pickup,BATCH,hungarian,0,0,order,1
1665977114,153048,583,4608.5817775103005,1,True,True,3426,False,658,802,45885909,174536379,45888258,174532414,0,0,1665976936,178,distance_to_pickup,BATCH,hungarian,0,0,order,1
1665977114,89106,3211,3160.8587440757296,1,True,True,1362,False,658,802,45885970,174526360,45883752,174524108,0,0,1665976203,911,distance_to_pickup,BATCH,hungarian,0,0,order,1
1665977114,174193,3720,3679.0543621968945,1,True,True,268,False,658,802,45907759,174546285,45909734,174543181,0,0,1665976741,373,distance_to_pickup,BATCH,hungarian,0,0,order,1
1665977114,456864,3909,4550.013626353222,1,True,True,369,False,658,802,45902806,174555734,45907274,174556594,0,0,1665976823,291,distance_to_pickup,BATCH,hungarian,0,0,order,1
1665977114,454280,158,3444.2139887062767,1,True,True,268,False,658,802,45907759,174546285,45909628,174543392,0,0,1665977052,62,distance_to_pickup,BATCH,hungarian,0,0,order,1
1665977114,89135,454,521.7853964993654,1,True,True,3150,False,658,802,45912289,174526370,45912451,174526866,0,0,1665977013,101,distance_to_pickup,BATCH,hungarian,0,0,order,1
1665977114,177195,101,86.83317338436964,1,True,True,1831,False,658,802,45875792,174574232,45875750,174574308,0,0,1665976816,298,distance_to_pickup,BATCH,hungarian,0,0,order,1
1665977114,313018,4325,2162.4823698703303,1,True,True,2065,False,658,802,45861700,174583580,45863247,174585091,0,0,1665976868,246,distance_to_pickup,BATCH,hungarian,0,0,order,1
1665977114,279195,400,5931.088011486594,1,True,True,425,False,658,802,45887481,174555696,45882435,174558813,0,0,1665976983,131,distance_to_pickup,BATCH,hungarian,0,0,order,1
1665977114,156047,2080,4873.103733761472,1,True,True,2742,False,658,802,45885886,174563236,45882304,174566540,0,0,1665976658,456,distance_to_pickup,BATCH,hungarian,0,0,order,1
1665977114,215710,941,4230.011820314454,1,True,True,4275,False,658,802,45892850,174552390,45894784,174548628,0,0,1665976991,123,distance_to_pickup,BATCH,hungarian,0,0,order,1
1665977114,174196,412,136.06616037795732,1,True,True,407,False,658,802,45897008,174553031,45897025,174552896,0,0,1665977066,48,distance_to_pickup,BATCH,hungarian,0,0,order,1
1665977114,282034,741,19185.023455810526,1,True,True,3185,False,658,802,45885886,174563236,45866701,174563206,0,0,1665977059,55,distance_to_pickup,BATCH,hungarian,0,0,order,1
1665977114,451738,3980,11287.51894793537,1,True,True,565,False,658,802,45898300,174553788,45906080,174545610,0,0,1665976876,238,distance_to_pickup,BATCH,hungarian,0,0,order,1
1665977114,16099,2311,184.58873205046942,1,True,True,2773,False,658,802,45896150,174555690,45896017,174555818,0,0,1665976831,283,distance_to_pickup,BATCH,hungarian,0,0,order,1
1665977114,236055,2743,743.7882763259986,1,True,True,749,False,658,802,45892850,174552390,45892736,174553125,0,0,1665976527,587,distance_to_pickup,BATCH,hungarian,0,0,order,1
1665977114,472664,469,2197.7700061653404,1,True,True,1700,False,658,802,45819784,174525705,45819991,174527893,0,0,1665976833,281,distance_to_pickup,BATCH,hungarian,0,0,order,1
1665977114,247693,3360,438.7710108929258,1,True,True,4843,False,658,802,45894980,174554750,45894954,174555188,0,0,1665976693,421,distance_to_pickup,BATCH,hungarian,0,0,order,1
1665977114,293214,1076,1202.2383291178169,1,True,True,611,False,658,802,45862520,174576340,45861564,174577069,0,0,1665976750,364,distance_to_pickup,BATCH,hungarian,0,0,order,1
1665977114,542950,723,5236.142186763075,1,True,True,3483,False,658,802,45884568,174549661,45880244,174546708,0,0,1665976841,273,distance_to_pickup,BATCH,hungarian,0,0,order,1
1665977114,230205,1126,14981.57925587286,1,True,True,425,False,658,802,45887481,174555696,45872987,174559487,0,0,1665976869,245,distance_to_pickup,BATCH,hungarian,0,0,order,1
1665977114,376539,1880,5181.971150054775,1,True,True,2270,False,658,802,45919660,174549308,45921372,174544417,0,0,1665976187,927,distance_to_pickup,BATCH,hungarian,0,0,order,1
1665977114,125700,3872,750.483177692878,1,True,True,1579,False,658,802,45860307,174548890,45860575,174548189,0,0,1665976890,224,distance_to_pickup,BATCH,hungarian,0,0,order,1
1665977114,236060,2799,4221.469530862446,1,True,True,3107,False,658,802,45841850,174559905,45845972,174558994,0,0,1665977015,99,distance_to_pickup,BATCH,hungarian,0,0,order,1
1665977114,524710,3984,3350.6126305498224,1,True,True,1725,False,658,802,45838570,174574635,45835239,174574273,0,0,1665976733,381,distance_to_pickup,BATCH,hungarian,0,0,order,1
1665977114,186096,1179,1190.1701559020878,1,True,True,4573,False,658,802,45850931,174497166,45852040,174497598,0,0,1665976961,153,distance_to_pickup,BATCH,hungarian,0,0,order,1
1665977114,194870,4731,2633.3098944104545,1,True,True,2176,False,658,802,45853252,174530042,45855037,174528106,0,0,1665976779,335,distance_to_pickup,BATCH,hungarian,0,0,order,1
1665977114,293213,680,5035.951747187417,1,True,True,844,False,658,802,45860907,174525837,45856290,174527848,0,0,1665976736,378,distance_to_pickup,BATCH,hungarian,0,0,order,1
1665977114,3219,2243,1651.8020462513055,1,True,True,2055,False,658,802,45887481,174555696,45885896,174556161,0,0,1665976875,239,distance_to_pickup,BATCH,hungarian,0,0,order,1
1665977114,348811,1693,8941.139804297884,1,True,True,3185,False,658,802,45887481,174555696,45878716,174557462,0,0,1665977060,54,distance_to_pickup,BATCH,hungarian,0,0,order,1
1665977114,379180,4095,14334.939762691714,1,True,True,1693,False,658,802,45885675,174551319,45873328,174558602,0,0,1665976744,370,distance_to_pickup,BATCH,hungarian,0,0,order,1
1665977114,19402,4130,75.8023746329889,1,True,True,1587,False,658,802,45897008,174553031,45897019,174552956,0,0,1665977005,109,distance_to_pickup,BATCH,hungarian,0,0,order,1
1665977114,424980,1970,769.605093538238,1,True,True,1016,False,658,802,45887243,174550790,45886779,174551404,0,0,1665976878,236,distance_to_pickup,BATCH,hungarian,0,0,order,1
1665977114,200772,1568,2235.58068519121,1,True,True,3801,False,658,802,45860803,174537004,45859253,174538615,0,0,1665977087,27,distance_to_pickup,BATCH,hungarian,0,0,order,1
1665977114,490851,1920,1656.8056615065027,1,True,True,1920,True,658,802,45894297,174589367,45892655,174589146,0,0,1665977022,92,distance_to_pickup,BATCH,hungarian,0,0,order,1
1665977114,490826,240,12192.08288193613,1,True,True,2303,False,658,802,45856607,174536801,45844449,174537712,0,0,1665975913,1201,distance_to_pickup,BATCH,hungarian,0,0,order,1
1665977114,224392,2884,3457.470896479101,1,True,True,675,False,658,802,45862134,174526400,45865390,174525237,0,0,1665976604,510,distance_to_pickup,BATCH,hungarian,0,0,order,1
1665977114,168124,4279,985.7920673245449,1,True,True,4342,False,658,802,45868335,174545710,45867530,174545141,0,0,1665976754,360,distance_to_pickup,BATCH,hungarian,0,0,order,1
1665977114,150000,3307,5039.595420269369,1,True,True,2297,False,658,802,45864617,174511544,45860388,174514285,0,0,1665977044,70,distance_to_pickup,BATCH,hungarian,0,0,order,1
1665977114,57727,2685,2189.7810392822385,1,True,True,50,False,658,802,45865154,174557054,45865408,174559229,0,0,1665976761,353,distance_to_pickup,BATCH,hungarian,0,0,order,1
1665977114,337718,3330,1963.7377625334805,1,True,True,88,False,658,802,45866450,174536750,45868271,174537485,0,0,1665976782,332,distance_to_pickup,BATCH,hungarian,0,0,order,1
1665977114,174199,4218,1677.528241192976,1,True,True,747,False,658,802,45874074,174536705,45873800,174538360,0,0,1665976926,188,distance_to_pickup,BATCH,hungarian,0,0,order,1
1665977114,16100,3747,1328.4968949907259,1,True,True,1567,False,658,802,45876251,174545467,45877481,174544965,0,0,1665977070,44,distance_to_pickup,BATCH,hungarian,0,0,order,1
1665977114,32119,4651,1610.4164057783316,1,True,True,604,False,658,802,45873329,174545627,45874869,174545156,0,0,1665977098,16,distance_to_pickup,BATCH,hungarian,0,0,order,1
1665977114,95405,1418,10173.946382795617,1,True,True,266,False,658,802,45877890,174578340,45878089,174588512,0,0,1665976825,289,distance_to_pickup,BATCH,hungarian,0,0,order,1
1665977114,524706,4308,1799.0133406953935,1,True,True,4170,False,658,802,45912080,174529170,45912537,174527430,0,0,1665976770,344,distance_to_pickup,BATCH,hungarian,0,0,order,1
1665977114,256232,207,138.13037319865606,1,True,True,1543,False,658,802,45878123,174577620,45878045,174577506,0,0,1665976869,245,distance_to_pickup,BATCH,hungarian,0,0,order,1
1665977114,144001,1220,1017.0452300659986,1,True,True,2740,False,658,802,45866351,174556191,45867196,174556757,0,0,1665976988,126,distance_to_pickup,BATCH,hungarian,0,0,order,1
1665977114,315752,4003,871.9231617522269,1,True,True,2037,False,658,802,45876860,174545700,45877539,174545153,0,0,1665976915,199,distance_to_pickup,BATCH,hungarian,0,0,order,1
1665977114,561034,1274,1742.4729553137977,1,True,True,1622,False,658,802,45872960,174545650,45873636,174544044,0,0,1665977028,86,distance_to_pickup,BATCH,hungarian,0,0,order,1
1665977114,503897,2861,3554.562279662575,1,True,True,604,False,658,802,45872518,174545918,45873726,174549261,0,0,1665976895,219,distance_to_pickup,BATCH,hungarian,0,0,order,1
1665977114,107542,2931,801.1753865415487,1,True,True,434,False,658,802,45880110,174548040,45879311,174547981,0,0,1665976913,201,distance_to_pickup,BATCH,hungarian,0,0,order,1
1665977114,101606,4175,1290.25966378865,1,True,True,3573,False,658,802,45876580,174545960,45877577,174545141,0,0,1665976900,214,distance_to_pickup,BATCH,hungarian,0,0,order,1
1665977114,509050,1708,724.1167033013394,1,True,True,434,False,658,802,45880110,174548040,45880097,174547316,0,0,1665976961,153,distance_to_pickup,BATCH,hungarian,0,0,order,1
1665977114,529982,835,577.0684534784414,1,True,True,2002,False,658,802,45920114,174542742,45919642,174542410,0,0,1665977081,33,distance_to_pickup,BATCH,hungarian,0,0,order,1
1665977114,206677,1771,5375.752412453535,1,True,True,3524,False,658,802,45927565,174521517,45923150,174524584,0,0,1665976974,140,distance_to_pickup,BATCH,hungarian,0,0,order,1
1665977114,104582,2134,229.53866776645717,1,True,True,2034,False,658,802,45874701,174571605,45874489,174571517,0,0,1665976613,501,distance_to_pickup,BATCH,hungarian,0,0,order,1
1665977114,191940,2887,1342.490968312264,1,True,True,2065,False,658,802,45864785,174580827,45863634,174580136,0,0,1665976797,317,distance_to_pickup,BATCH,hungarian,0,0,order,1
1665977114,79833,3874,2370.6338814755854,1,True,True,1126,False,658,802,45866523,174578800,45864355,174577841,0,0,1665976401,713,distance_to_pickup,BATCH,hungarian,0,0,order,1
1665977114,524698,4155,2443.108061465968,1,True,True,2038,False,658,802,45856856,174575762,45858572,174574023,0,0,1665976290,824,distance_to_pickup,BATCH,hungarian,0,0,order,1
1665977114,206672,1810,4961.3229082574335,1,True,True,981,False,658,802,45869364,174570875,45864738,174569082,0,0,1665976805,309,distance_to_pickup,BATCH,hungarian,0,0,order,1
1665977114,310174,695,2813.60587147525,1,True,True,2779,False,658,802,45875922,174572196,45873269,174571259,0,0,1665976813,301,distance_to_pickup,BATCH,hungarian,0,0,order,1
1665977114,244726,4429,921.39133922563,1,True,True,4036,False,658,802,45859959,174581509,45860768,174581950,0,0,1665976277,837,distance_to_pickup,BATCH,hungarian,0,0,order,1
1665977114,153051,1276,2023.7186069214267,1,True,True,101,False,658,802,45877890,174578340,45878584,174580241,0,0,1665976467,647,distance_to_pickup,BATCH,hungarian,0,0,order,1
1665977114,177186,4539,4845.0372547587285,1,True,True,3951,False,658,802,45865723,174573423,45860954,174572568,0,0,1665976732,382,distance_to_pickup,BATCH,hungarian,0,0,order,1
1665977114,143995,2441,279.1003403795846,1,True,True,1625,False,658,802,45862946,174583985,45863182,174584134,0,0,1665976856,258,distance_to_pickup,BATCH,hungarian,0,0,order,1
1665977114,48305,2113,9739.107402631927,1,True,True,101,False,658,802,45877890,174578340,45878467,174588062,0,0,1665977087,27,distance_to_pickup,BATCH,hungarian,0,0,order,1
1665977114,12967,418,2251.9347237431193,1,True,True,100,False,658,802,45865368,174580855,45865219,174583102,0,0,1665977068,46,distance_to_pickup,BATCH,hungarian,0,0,order,1
1665977114,45053,2761,5961.344311478746,1,True,True,976,False,658,802,45927565,174521517,45928516,174527402,0,0,1665976957,157,distance_to_pickup,BATCH,hungarian,0,0,order,1
1665977114,224394,2428,1073.8836063559215,1,True,True,4079,False,658,802,45897720,174529815,45898375,174528964,0,0,1665976774,340,distance_to_pickup,BATCH,hungarian,0,0,order,1
1665977114,177183,3823,2760.8000651984926,1,True,True,281,False,658,802,45896370,174524880,45899046,174525559,0,0,1665976577,537,distance_to_pickup,BATCH,hungarian,0,0,order,1
1665977114,38504,2852,9328.308796346742,1,True,True,3823,False,658,802,45896370,174524880,45904217,174519836,0,0,1665976849,265,distance_to_pickup,BATCH,hungarian,0,0,order,1
1665977114,427557,4172,4983.798751956182,1,True,True,3570,False,658,802,45893272,174535152,45898227,174535687,0,0,1665977056,58,distance_to_pickup,BATCH,hungarian,0,0,order,1
1665977114,456862,4087,1188.5272399065998,1,True,True,1693,False,658,802,45885356,174542714,45884862,174541633,0,0,1665977025,89,distance_to_pickup,BATCH,hungarian,0,0,order,1
1665977114,101,2067,1013.8500875376004,1,True,True,100,False,658,802,45865368,174580855,45865604,174581841,0,0,1665976303,811,distance_to_pickup,BATCH,hungarian,0,0,order,1
1665977114,35370,4556,7121.615898095039,1,True,True,666,False,658,802,45889630,174546285,45882652,174544862,0,0,1665976979,135,distance_to_pickup,BATCH,hungarian,0,0,order,1
1665977114,203738,1424,6888.561896361242,1,True,True,2126,False,658,802,45890990,174546350,45896713,174542516,0,0,1665976856,258,distance_to_pickup,BATCH,hungarian,0,0,order,1
1665977114,162147,1965,3302.527819716285,1,True,True,762,False,658,802,45895346,174532388,45896729,174529389,0,0,1665976851,263,distance_to_pickup,BATCH,hungarian,0,0,order,1
1665977114,365591,2056,6070.8823905590525,1,True,True,762,False,658,802,45895346,174532388,45900333,174528926,0,0,1665976659,455,distance_to_pickup,BATCH,hungarian,0,0,order,1
1665977114,270511,3425,717.9310551856634,1,True,True,1582,False,658,802,45866836,174581477,45866388,174580916,0,0,1665976931,183,distance_to_pickup,BATCH,hungarian,0,0,order,1
1665977114,89127,572,510.7680491181883,1,True,True,3536,False,658,802,45858466,174584141,45857988,174584321,0,0,1665976915,199,distance_to_pickup,BATCH,hungarian,0,0,order,1
1665977114,561021,2399,3189.668634827135,1,True,True,3380,False,658,802,45885010,174520190,45886491,174517365,0,0,1665976130,984,distance_to_pickup,BATCH,hungarian,0,0,order,1
1665977114,38512,3572,4591.526979121434,1,True,True,3103,False,658,802,45877759,174578692,45875945,174582910,0,0,1665977019,95,distance_to_pickup,BATCH,hungarian,0,0,order,1
1665977114,82941,1515,351.7627041060493,1,True,True,2403,False,658,802,45867880,174573167,45868229,174573211,0,0,1665976677,437,distance_to_pickup,BATCH,hungarian,0,0,order,1
1665977114,146967,3423,766.5070123619222,1,True,True,1562,False,658,802,45851335,174555897,45851252,174556659,0,0,1665972686,4428,distance_to_pickup,BATCH,hungarian,0,0,order,1
1665977114,247687,2460,1861.5934035121634,1,True,True,2063,False,658,802,45867462,174566858,45865945,174565779,0,0,1665976809,305,distance_to_pickup,BATCH,hungarian,0,0,order,1
1665977114,48301,372,35.0,1,True,True,538,False,658,802,45879921,174546626,45879900,174546598,0,0,1665976904,210,distance_to_pickup,BATCH,hungarian,0,0,order,1
1665977114,509048,3881,1007.0491547089447,1,True,True,972,False,658,802,45867851,174574247,45868643,174573625,0,0,1665976821,293,distance_to_pickup,BATCH,hungarian,0,0,order,1
1665977114,90,553,117.5967686630887,1,True,True,84,False,658,802,45867766,174566793,45867668,174566858,0,0,1665976772,342,distance_to_pickup,BATCH,hungarian,0,0,order,1
1665977114,28939,1922,2666.6145203234755,1,True,True,2032,False,658,802,45855637,174569692,45857765,174568085,0,0,1665976930,184,distance_to_pickup,BATCH,hungarian,0,0,order,1
1665977114,456856,2663,9314.35580166444,1,True,True,90,False,658,802,45873748,174550525,45868766,174558395,0,0,1665976800,314,distance_to_pickup,BATCH,hungarian,0,0,order,1
1665977114,212731,1976,1651.588629168898,1,True,True,227,False,658,802,45861844,174579248,45860251,174579684,0,0,1665976720,394,distance_to_pickup,BATCH,hungarian,0,0,order,1
1665977114,73399,3428,3369.0094983540785,1,True,True,119,False,658,802,45873329,174545627,45876561,174544676,0,0,1665976067,1047,distance_to_pickup,BATCH,hungarian,0,0,order,1
1665977114,191944,865,637.8855696753141,1,True,True,428,False,658,802,45854334,174566846,45854197,174567469,0,0,1665976804,310,distance_to_pickup,BATCH,hungarian,0,0,order,1
1665977114,408973,3852,313.765836253726,1,True,True,1283,False,658,802,45850935,174552690,45851200,174552858,0,0,1665976971,143,distance_to_pickup,BATCH,hungarian,0,0,order,1
1665977114,89121,871,602.4699162613848,1,True,True,1017,False,658,802,45869057,174574903,45868796,174574360,0,0,1665976889,225,distance_to_pickup,BATCH,hungarian,0,0,order,1
1665977114,206676,4504,2693.2369000888134,1,True,True,3223,False,658,802,45892888,174524550,45890447,174525688,0,0,1665976911,203,distance_to_pickup,BATCH,hungarian,0,0,order,1
1665977114,307299,3933,185.27007313648906,1,True,True,3053,False,658,802,45846823,174586799,45846669,174586902,0,0,1665976763,351,distance_to_pickup,BATCH,hungarian,0,0,order,1
1665977114,545548,1690,974.6240300751875,1,True,True,1362,False,658,802,45889549,174535543,45888845,174536217,0,0,1665976910,204,distance_to_pickup,BATCH,hungarian,0,0,order,1
1665977114,79837,891,3995.529752110476,1,True,True,691,False,658,802,45874164,174536556,45877707,174534709,0,0,1665977006,108,distance_to_pickup,BATCH,hungarian,0,0,order,1
1665977114,279196,1546,465.2418725781247,1,True,True,3718,False,658,802,45864785,174580827,45864422,174580536,0,0,1665976547,567,distance_to_pickup,BATCH,hungarian,0,0,order,1
1665977114,153049,4899,5852.580371084194,1,True,True,691,False,658,802,45874164,174536556,45868868,174534065,0,0,1665976210,904,distance_to_pickup,BATCH,hungarian,0,0,order,1
1665977114,48304,227,688.448981406756,1,True,True,1704,False,658,802,45863396,174583501,45863295,174584182,0,0,1665977042,72,distance_to_pickup,BATCH,hungarian,0,0,order,1
1665977114,304459,763,548.2955407442231,1,True,True,2100,False,658,802,45859748,174579158,45860296,174579140,0,0,1665976861,253,distance_to_pickup,BATCH,hungarian,0,0,order,1
1665977114,25842,2705,5135.838879871525,1,True,True,1117,False,658,802,45865723,174573423,45862552,174569383,0,0,1665977021,93,distance_to_pickup,BATCH,hungarian,0,0,order,1
1665977114,348808,620,1822.4469813961666,1,True,True,1325,False,658,802,45892700,174568290,45892133,174570022,0,0,1665976940,174,distance_to_pickup,BATCH,hungarian,0,0,order,1
1665977114,253374,1166,5658.9575895212365,1,True,True,442,False,658,802,45889647,174545036,45886723,174540191,0,0,1665977050,64,distance_to_pickup,BATCH,hungarian,0,0,order,1
1665977114,351610,4036,1007.5098014411572,1,True,True,3298,False,658,802,45856521,174587350,45856771,174586374,0,0,1665976777,337,distance_to_pickup,BATCH,hungarian,0,0,order,1
1665977114,70310,537,23648.107175839676,1,True,True,391,False,658,802,45898300,174553788,45905887,174531390,0,0,1665976873,241,distance_to_pickup,BATCH,hungarian,0,0,order,1
1665977114,427559,289,9387.326829294909,1,True,True,3239,False,658,802,45830737,174561329,45832713,174552152,0,0,1665977079,35,distance_to_pickup,BATCH,hungarian,0,0,order,1
1665977114,398151,546,83.60023923410746,1,True,True,305,False,658,802,45885839,174536161,45885889,174536094,0,0,1665976282,832,distance_to_pickup,BATCH,hungarian,0,0,order,1
1665977114,387335,493,1199.7766458803906,1,True,True,1790,False,658,802,45897286,174566670,45898216,174567428,0,0,1665977002,112,distance_to_pickup,BATCH,hungarian,0,0,order,1
1665977114,329454,2407,378.60929729735903,1,True,True,1884,False,658,802,45867880,174573167,45868172,174573408,0,0,1665976451,663,distance_to_pickup,BATCH,hungarian,0,0,order,1
1665977114,128720,534,1271.4515326979633,1,True,True,2173,False,658,802,45894039,174584286,45893322,174585336,0,0,1665977094,20,distance_to_pickup,BATCH,hungarian,0,0,order,1
1665977114,310171,1314,643.386353601007,1,True,True,1905,False,658,802,45884295,174582147,45884790,174582558,0,0,1665976548,566,distance_to_pickup,BATCH,hungarian,0,0,order,1
1665977114,563516,1805,4949.471587957648,1,True,True,1643,False,658,802,45895360,174576670,45891305,174579508,0,0,1665976546,568,distance_to_pickup,BATCH,hungarian,0,0,order,1
1665977114,22580,3391,2301.8344857960574,1,True,True,2136,False,658,802,45902158,174585237,45904439,174585546,0,0,1665976683,431,distance_to_pickup,BATCH,hungarian,0,0,order,1
1665977114,501222,495,7776.722510158119,1,True,True,3206,False,658,802,45895360,174576670,45894482,174584397,0,0,1665976796,318,distance_to_pickup,BATCH,hungarian,0,0,order,1
1665977114,63996,2249,1030.2465724281735,1,True,True,1876,False,658,802,45884468,174592977,45883480,174592685,0,0,1665976869,245,distance_to_pickup,BATCH,hungarian,0,0,order,1
1665977114,73408,2735,1626.7962380089277,1,True,True,2744,False,658,802,45884437,174581933,45885512,174583154,0,0,1665976878,236,distance_to_pickup,BATCH,hungarian,0,0,order,1
1665977114,270517,2040,44.40720662234904,1,True,True,2040,True,658,802,45890444,174572525,45890488,174572519,0,0,1665976537,577,distance_to_pickup,BATCH,hungarian,0,0,order,1
1665977114,256234,591,4286.168685434581,1,True,True,3438,False,658,802,45887530,174576520,45886019,174580531,0,0,1665977057,57,distance_to_pickup,BATCH,hungarian,0,0,order,1
1665977114,321239,255,8009.56709192201,1,True,True,748,False,658,802,45895360,174576670,45893326,174584417,0,0,1665975880,1234,distance_to_pickup,BATCH,hungarian,0,0,order,1
1665977114,180226,1831,960.0130207450313,1,True,True,3591,False,658,802,45884295,174582147,45885060,174582727,0,0,1665976769,345,distance_to_pickup,BATCH,hungarian,0,0,order,1
1665977114,296038,758,6478.874747979004,1,True,True,3438,False,658,802,45887530,174576520,45885483,174582667,0,0,1665977002,112,distance_to_pickup,BATCH,hungarian,0,0,order,1
1665977114,293207,370,403.4067426308093,1,True,True,4626,False,658,802,45884046,174582459,45884090,174582860,0,0,1665976567,547,distance_to_pickup,BATCH,hungarian,0,0,order,1
1665977114,168112,3064,2017.2000396589328,1,True,True,327,False,658,802,45887530,174576520,45886320,174578134,0,0,1665976357,757,distance_to_pickup,BATCH,hungarian,0,0,order,1
1665977114,95398,797,1992.467063717742,1,True,True,2189,False,658,802,45875142,174590607,45873588,174589360,0,0,1665976830,284,distance_to_pickup,BATCH,hungarian,0,0,order,1
1665977114,48299,1743,3930.438397939853,1,True,True,1425,False,658,802,45874288,174647503,45871427,174644808,0,0,1665976639,475,distance_to_pickup,BATCH,hungarian,0,0,order,1
1665977114,67178,2169,431.7927743721518,1,True,True,2204,False,658,802,45873015,174626148,45873141,174626561,0,0,1665976288,826,distance_to_pickup,BATCH,hungarian,0,0,order,1
1665977114,488207,2192,367.83963897328954,1,True,True,3178,False,658,802,45900986,174582830,45901211,174582539,0,0,1665976928,186,distance_to_pickup,BATCH,hungarian,0,0,order,1
1665977114,76560,3835,658.1101731473234,1,True,True,1451,False,658,802,45869765,174595640,45870375,174595393,0,0,1665977034,80,distance_to_pickup,BATCH,hungarian,0,0,order,1
1665977114,273386,17,2013.4023442918706,1,True,True,3266,False,658,802,45907170,174569840,45907287,174571850,0,0,1665976968,146,distance_to_pickup,BATCH,hungarian,0,0,order,1
1665977114,85994,1342,19984.950462785742,1,True,True,2204,False,658,802,45873015,174626148,45868456,174606690,0,0,1665977045,69,distance_to_pickup,BATCH,hungarian,0,0,order,1
1665977114,337726,4185,4437.779737661615,1,True,True,4185,True,658,802,45899430,174590080,45896863,174593700,0,0,1665977026,88,distance_to_pickup,BATCH,hungarian,0,0,order,1
1665977114,48300,3160,8557.50413379976,1,True,True,3071,False,658,802,45871427,174624974,45866046,174618320,0,0,1665976901,213,distance_to_pickup,BATCH,hungarian,0,0,order,1
1665977114,35362,3181,1669.6209150582656,1,True,True,1926,False,658,802,45866326,174602374,45866091,174600721,0,0,1665976845,269,distance_to_pickup,BATCH,hungarian,0,0,order,1
1665977114,22588,4701,978.840640758239,1,True,True,3408,False,658,802,45867072,174602180,45867012,174601203,0,0,1665971623,5491,distance_to_pickup,BATCH,hungarian,0,0,order,1
1665977114,454276,2798,3194.3996306035347,1,True,True,2593,False,658,802,45882640,174597842,45884998,174599997,0,0,1665976914,200,distance_to_pickup,BATCH,hungarian,0,0,order,1
1665977114,279194,3071,2347.2647911984704,1,True,True,1777,False,658,802,45868994,174597121,45871038,174595967,0,0,1665977075,39,distance_to_pickup,BATCH,hungarian,0,0,order,1
1665977114,419678,2571,155.05160431288675,1,True,True,4398,False,658,802,45879848,174648286,45879852,174648131,0,0,1665976865,249,distance_to_pickup,BATCH,hungarian,0,0,order,1
1665977114,12969,1772,201.63581031156147,1,True,True,1425,False,658,802,45874288,174647503,45874272,174647302,0,0,1665976090,1024,distance_to_pickup,BATCH,hungarian,0,0,order,1
1665977114,337729,3004,913.1188312591083,1,True,True,73,False,658,802,45884468,174592977,45885273,174593408,0,0,1665976964,150,distance_to_pickup,BATCH,hungarian,0,0,order,1
1665977114,376546,1838,4522.2721059219775,1,True,True,1086,False,658,802,45897498,174588194,45892979,174588366,0,0,1665977077,37,distance_to_pickup,BATCH,hungarian,0,0,order,1
1665977114,516887,1865,1269.4695742710812,1,True,True,4054,False,658,802,45890563,174573599,45890435,174574862,0,0,1665975661,1453,distance_to_pickup,BATCH,hungarian,0,0,order,1
1665977114,171188,1279,1989.5587450487608,1,True,True,167,False,658,802,45907518,174567959,45907068,174569897,0,0,1665976821,293,distance_to_pickup,BATCH,hungarian,0,0,order,1
1665977114,284884,2744,2457.1756143995894,1,True,True,1086,False,658,802,45897498,174588194,45897422,174585738,0,0,1665977024,90,distance_to_pickup,BATCH,hungarian,0,0,order,1
1665977114,296034,775,1206.5077703852553,1,True,True,1354,False,658,802,45875997,174650469,45875962,174649263,0,0,1665976897,217,distance_to_pickup,BATCH,hungarian,0,0,order,1
1665977114,310177,2005,9143.141254514227,1,True,True,3815,False,658,802,45889193,174615514,45894527,174608088,0,0,1665976903,211,distance_to_pickup,BATCH,hungarian,0,0,order,1
1665977114,134863,329,346.71602212761957,1,True,True,587,False,658,802,45870770,174595580,45871024,174595816,0,0,1665977086,28,distance_to_pickup,BATCH,hungarian,0,0,order,1
1665977114,197827,187,6008.647934435833,1,True,True,1425,False,658,802,45875776,174650671,45870615,174653748,0,0,1665976365,749,distance_to_pickup,BATCH,hungarian,0,0,order,1
1665977114,498606,1319,4699.71956610179,1,True,True,2990,False,658,802,45879753,174634491,45876311,174631291,0,0,1665976561,553,distance_to_pickup,BATCH,hungarian,0,0,order,1
1665977114,92243,335,4835.1642164460145,1,True,True,3170,False,658,802,45874747,174650152,45871430,174646634,0,0,1665976364,750,distance_to_pickup,BATCH,hungarian,0,0,order,1
1665977114,540434,2898,3115.093096522157,1,True,True,484,False,658,802,45897160,174590150,45894099,174589572,0,0,1665977062,52,distance_to_pickup,BATCH,hungarian,0,0,order,1
1665977114,501220,3184,1042.9137068808714,1,True,True,2192,False,658,802,45902763,174586284,45903698,174586746,0,0,1665976723,391,distance_to_pickup,BATCH,hungarian,0,0,order,1
1665977114,28937,2797,2732.0184845641143,1,True,True,3170,False,658,802,45875866,174650314,45875761,174647584,0,0,1665976870,244,distance_to_pickup,BATCH,hungarian,0,0,order,1
1665977114,218639,3827,6419.409630176283,1,True,True,3119,False,658,802,45859514,174606372,45865782,174607758,0,0,1665977074,40,distance_to_pickup,BATCH,hungarian,0,0,order,1
1665977114,41711,470,4621.237280209706,1,True,True,2937,False,658,802,45884761,174635144,45880214,174634319,0,0,1665972656,4458,distance_to_pickup,BATCH,hungarian,0,0,order,1
1665977114,566064,3298,3153.860491524633,1,True,True,2666,False,658,802,45856330,174579593,45854710,174582299,0,0,1665976955,159,distance_to_pickup,BATCH,hungarian,0,0,order,1
1665977114,529974,1094,224.96444163467257,1,True,True,3160,False,658,802,45864213,174615211,45864085,174615396,0,0,1665976704,410,distance_to_pickup,BATCH,hungarian,0,0,order,1
1665977114,535233,1673,17456.581137210116,1,True,True,2937,False,658,802,45884761,174635144,45876221,174619919,0,0,1665976614,500,distance_to_pickup,BATCH,hungarian,0,0,order,1
1665977114,104580,3668,9049.770660077525,1,True,True,259,False,658,802,45859397,174606289,45868440,174606639,0,0,1665976979,135,distance_to_pickup,BATCH,hungarian,0,0,order,1
1665977114,92257,1169,2870.9319044519325,1,True,True,1703,False,658,802,45852846,174602424,45850339,174601025,0,0,1665977025,89,distance_to_pickup,BATCH,hungarian,0,0,order,1
1665977114,368308,1909,108.72442227944924,1,True,True,3694,False,658,802,45874757,174650325,45874847,174650264,0,0,1665976754,360,distance_to_pickup,BATCH,hungarian,0,0,order,1
1665977114,89113,3552,20.0,1,True,True,483,False,658,802,45880013,174634613,45880013,174634633,0,0,1665976122,992,distance_to_pickup,BATCH,hungarian,0,0,order,1
1665977114,287656,614,20992.874338689307,1,True,True,1779,False,658,802,45884225,174633972,45876343,174614515,0,0,1665977011,103,distance_to_pickup,BATCH,hungarian,0,0,order,1
1665977114,359993,3620,185.15128949051368,1,True,True,1451,False,658,802,45870996,174595448,45871161,174595364,0,0,1665976899,215,distance_to_pickup,BATCH,hungarian,0,0,order,1
1665977114,438284,2751,29374.833378250845,1,True,True,1304,False,658,802,45884742,174633571,45886536,174604251,0,0,1665977032,82,distance_to_pickup,BATCH,hungarian,0,0,order,1
1665977114,76558,2285,7826.976747122736,1,True,True,433,False,658,802,45873040,174625865,45874754,174618228,0,0,1665976959,155,distance_to_pickup,BATCH,hungarian,0,0,order,1
1665977114,12963,4208,13573.619745668433,1,True,True,2676,False,658,802,45872691,174625967,45864148,174615419,0,0,1665976956,158,distance_to_pickup,BATCH,hungarian,0,0,order,1
1665977114,104572,186,514.2334100386711,1,True,True,3694,False,658,802,45875400,174648139,45875556,174647649,0,0,1665976526,588,distance_to_pickup,BATCH,hungarian,0,0,order,1
1665977114,406334,1837,591.3307027374784,1,True,True,791,False,658,802,45879636,174648191,45879102,174647937,0,0,1665976936,178,distance_to_pickup,BATCH,hungarian,0,0,order,1
1665977114,186097,2237,12576.16038383735,1,True,True,1319,False,658,802,45879856,174634533,45867497,174636860,0,0,1665977023,91,distance_to_pickup,BATCH,hungarian,0,0,order,1
1665977114,32104,832,113.14592347937243,1,True,True,3708,False,658,802,45879933,174650744,45880034,174650795,0,0,1665976731,383,distance_to_pickup,BATCH,hungarian,0,0,order,1
1665977114,462105,196,2236.7004716769743,1,True,True,540,False,658,802,45881191,174596618,45879018,174596088,0,0,1665976952,162,distance_to_pickup,BATCH,hungarian,0,0,order,1
1665977114,218638,2123,740.0006756753672,1,True,True,972,False,658,802,45873171,174577055,45873911,174577054,0,0,1665977067,47,distance_to_pickup,BATCH,hungarian,0,0,order,1
1665977114,408974,963,39.408120990476064,1,True,True,2733,False,658,802,45858344,174577760,45858376,174577783,0,0,1665977053,61,distance_to_pickup,BATCH,hungarian,0,0,order,1
1665977114,456858,1160,306.80449801135575,1,True,True,1562,False,658,802,45851420,174554680,45851280,174554407,0,0,1665976904,210,distance_to_pickup,BATCH,hungarian,0,0,order,1
1665977114,128716,1986,621.4378488634242,1,True,True,702,False,658,802,45861811,174593153,45861622,174593745,0,0,1665976795,319,distance_to_pickup,BATCH,hungarian,0,0,order,1
1665977114,467442,2081,824.5459356518593,1,True,True,972,False,658,802,45856817,174571067,45857641,174571037,0,0,1665976991,123,distance_to_pickup,BATCH,hungarian,0,0,order,1
1665977114,373805,2177,6706.482908350696,1,True,True,3527,False,658,802,45872058,174580832,45867985,174586160,0,0,1665977078,36,distance_to_pickup,BATCH,hungarian,0,0,order,1
1665977114,315754,1901,723.5316164480996,1,True,True,235,False,658,802,45863367,174559783,45864084,174559686,0,0,1665976965,149,distance_to_pickup,BATCH,hungarian,0,0,order,1
1665977114,373797,4554,1060.509783076045,1,True,True,1781,False,658,802,45872485,174586837,45871994,174587777,0,0,1665976839,275,distance_to_pickup,BATCH,hungarian,0,0,order,1
1665977114,6488,2674,332.9624603465081,1,True,True,494,False,658,802,45859570,174562510,45859890,174562418,0,0,1665977103,11,distance_to_pickup,BATCH,hungarian,0,0,order,1
1665977114,490831,2058,724.5916091150932,1,True,True,996,False,658,802,45906017,174528217,45906065,174528940,0,0,1665976259,855,distance_to_pickup,BATCH,hungarian,0,0,order,1
1665977114,485673,1916,23888.95110715412,1,True,True,269,False,658,802,46050899,174947569,46045331,174970800,0,0,1665977080,34,distance_to_pickup,BATCH,hungarian,0,0,order,1
1665977114,221540,574,595.363754355268,1,True,True,777,False,658,802,46051728,174940222,46051675,174939629,0,0,1665976975,139,distance_to_pickup,BATCH,hungarian,0,0,order,1
1665977114,332271,1018,8905.029702364838,1,True,True,4557,False,658,802,46043232,174940147,46041659,174948912,0,0,1665977097,17,distance_to_pickup,BATCH,hungarian,0,0,order,1
1665977114,215714,472,323473.21899192827,1,True,True,1975,False,658,802,46043162,174939975,45874461,174663977,0,0,1665977094,20,distance_to_pickup,BATCH,hungarian,0,0,order,1
1665977114,57728,44,4271.9768257798405,1,True,True,457,False,658,802,46042316,174954242,46039697,174957617,0,0,1665977103,11,distance_to_pickup,BATCH,hungarian,0,0,order,1
1665977114,516911,184,27.730849247724095,1,True,True,2485,False,658,802,46062288,174947094,46062263,174947106,0,0,1665977094,20,distance_to_pickup,BATCH,hungarian,0,0,order,1
1665977114,264847,1745,39136.31543719976,1,True,True,2159,False,658,802,46052464,174930471,46064545,174893246,0,0,1665977098,16,distance_to_pickup,BATCH,hungarian,0,0,order,1
1665977114,307300,1550,6170.669007490193,1,True,True,777,False,658,802,46051597,174947220,46051357,174953386,0,0,1665976842,272,distance_to_pickup,BATCH,hungarian,0,0,order,1
1665977114,470047,4543,328839.58704055083,1,True,True,317,False,658,802,46043478,174939239,45901376,174642688,0,0,1665977023,91,distance_to_pickup,BATCH,hungarian,0,0,order,1
1665977114,498614,3410,1031.1207494760251,1,True,True,2159,False,658,802,46052393,174932299,46052832,174931366,0,0,1665977098,16,distance_to_pickup,BATCH,hungarian,0,0,order,1
1665977114,113669,3532,1559.4896601132052,1,True,True,958,False,658,802,45920123,174542534,45921265,174541472,0,0,1665976939,175,distance_to_pickup,BATCH,hungarian,0,0,order,1
1665977114,451740,2697,278.21754078418564,1,True,True,3346,False,658,802,45920947,174542656,45921225,174542667,0,0,1665977092,22,distance_to_pickup,BATCH,hungarian,0,0,order,1
1665977114,357225,3090,3004.8509114430285,1,True,True,214,False,658,802,45905669,174544560,45908389,174543283,0,0,1665977068,46,distance_to_pickup,BATCH,hungarian,0,0,order,1
1665977114,524713,2011,5913.037290597786,1,True,True,830,False,658,802,45907200,174556440,45913113,174556461,0,0,1665977089,25,distance_to_pickup,BATCH,hungarian,0,0,order,1
1665977114,82936,2478,2470.3202221574434,1,True,True,446,False,658,802,45768655,174566775,45766224,174567214,0,0,1665977032,82,distance_to_pickup,BATCH,hungarian,0,0,order,1
1665977114,503901,1759,176.07100840286,1,True,True,1759,True,658,802,45764668,174569944,45764844,174569939,0,0,1665977013,101,distance_to_pickup,BATCH,hungarian,0,0,order,1
1665977114,147010,3006,4121.446954650757,1,True,True,2352,False,658,802,45767476,174566349,45763378,174565910,0,0,1665977082,32,distance_to_pickup,BATCH,hungarian,0,0,order,1
1665977114,45056,1551,7822.270897891482,1,True,True,1041,False,658,802,45765111,174571328,45764970,174579149,0,0,1665977082,32,distance_to_pickup,BATCH,hungarian,0,0,order,1
1665977114,203743,1183,6718.302538588151,1,True,True,2487,False,658,802,45769653,174578806,45772788,174584748,0,0,1665977066,48,distance_to_pickup,BATCH,hungarian,0,0,order,1
1665977114,490843,637,2557.8588702272064,1,True,True,996,False,658,802,45908534,174530923,45906043,174530342,0,0,1665976772,342,distance_to_pickup,BATCH,hungarian,0,0,order,1
1665977114,12966,1784,1488.919406818247,1,True,True,3395,False,658,802,45911110,174530490,45909655,174530806,0,0,1665977058,56,distance_to_pickup,BATCH,hungarian,0,0,order,1
1665977114,107543,1559,915.1633733929697,1,True,True,407,False,658,802,45898300,174553788,45898010,174552920,0,0,1665977075,39,distance_to_pickup,BATCH,hungarian,0,0,order,1
1665977114,32120,4495,4468.430820769188,1,True,True,1632,False,658,802,45895979,174575393,45892636,174578358,0,0,1665977063,51,distance_to_pickup,BATCH,hungarian,0,0,order,1
1665977114,16088,3965,1365.6430719628024,1,True,True,1693,False,658,802,45887697,174556801,45886456,174557371,0,0,1665976545,569,distance_to_pickup,BATCH,hungarian,0,0,order,1
1665977114,85998,2984,2576.0438660861346,1,True,True,1726,False,658,802,45874835,174545439,45877284,174544640,0,0,1665976721,393,distance_to_pickup,BATCH,hungarian,0,0,order,1
1665977114,529983,3950,5067.768147814183,1,True,True,1117,False,658,802,45865723,174573423,45860698,174572766,0,0,1665976875,239,distance_to_pickup,BATCH,hungarian,0,0,order,1
1665977114,553219,2436,915.1568171630478,1,True,True,78,False,658,802,45845467,174552526,45846293,174552920,0,0,1665976940,174,distance_to_pickup,BATCH,hungarian,0,0,order,1
1665977114,373804,1180,3684.836495694212,1,True,True,78,False,658,802,45849298,174548682,45847074,174551620,0,0,1665977013,101,distance_to_pickup,BATCH,hungarian,0,0,order,1
1665977114,332219,984,454.25213263120736,1,True,True,1795,False,658,802,45846475,174587390,45846899,174587553,0,0,1665960615,16499,distance_to_pickup,BATCH,hungarian,0,0,order,1
1665977114,16103,2558,4301.88853876992,1,True,True,2400,False,658,802,45866653,174574425,45862531,174575656,0,0,1665976976,138,distance_to_pickup,BATCH,hungarian,0,0,order,1
1665977114,28941,4426,182.22239159883728,1,True,True,352,False,658,802,45880110,174548040,45879932,174548079,0,0,1665977074,40,distance_to_pickup,BATCH,hungarian,0,0,order,1
1665977114,137864,3608,1182.5130020426836,1,True,True,1571,False,658,802,45856220,174583459,45857336,174583850,0,0,1665976992,122,distance_to_pickup,BATCH,hungarian,0,0,order,1
1665977114,550661,1140,10346.744657137335,1,True,True,369,False,658,802,45902813,174555825,45903003,174566170,0,0,1665976763,351,distance_to_pickup,BATCH,hungarian,0,0,order,1
1665977114,162150,2046,598.4145720150872,1,True,True,1862,False,658,802,45920114,174542742,45919702,174542308,0,0,1665977031,83,distance_to_pickup,BATCH,hungarian,0,0,order,1
1665977114,456845,987,1046.885858152645,1,True,True,2921,False,658,802,45912017,174526299,45912330,174525300,0,0,1665976341,773,distance_to_pickup,BATCH,hungarian,0,0,order,1
1665977114,67179,1931,6142.364121411234,1,True,True,3524,False,658,802,45927565,174521517,45922539,174525048,0,0,1665977074,40,distance_to_pickup,BATCH,hungarian,0,0,order,1
1665977114,79834,927,181.12150617748296,1,True,True,1862,False,658,802,45921088,174542209,45921169,174542371,0,0,1665976912,202,distance_to_pickup,BATCH,hungarian,0,0,order,1
1665977114,424987,4837,4784.317401678112,1,True,True,2976,False,658,802,45867140,174551189,45866137,174555867,0,0,1665977035,79,distance_to_pickup,BATCH,hungarian,0,0,order,1
1665977114,212728,3099,2457.3410426719365,1,True,True,3434,False,658,802,45871867,174544242,45869553,174545069,0,0,1665976866,248,distance_to_pickup,BATCH,hungarian,0,0,order,1
1665977114,362768,2534,1452.9432198128047,1,True,True,2355,False,658,802,45861490,174545510,45860770,174546772,0,0,1665976414,700,distance_to_pickup,BATCH,hungarian,0,0,order,1
1665977114,459487,3919,2581.0705143409004,1,True,True,557,False,658,802,45865154,174557054,45863971,174559348,0,0,1665976824,290,distance_to_pickup,BATCH,hungarian,0,0,order,1
1665977114,125707,670,4103.4690202315405,1,True,True,3473,False,658,802,45867140,174551189,45866153,174555172,0,0,1665976561,553,distance_to_pickup,BATCH,hungarian,0,0,order,1
1665977114,273390,2330,994.0890302181189,1,True,True,50,False,658,802,45865852,174556038,45865125,174556716,0,0,1665977062,52,distance_to_pickup,BATCH,hungarian,0,0,order,1
1665977114,529972,908,11234.94014225265,1,True,True,4573,False,658,802,45865463,174482601,45876121,174479047,0,0,1665976654,460,distance_to_pickup,BATCH,hungarian,0,0,order,1
1665977114,134864,3567,6239.716740365703,1,True,True,404,False,658,802,45893552,174543169,45898039,174538833,0,0,1665977076,38,distance_to_pickup,BATCH,hungarian,0,0,order,1
1665977114,282035,4023,604.9371868219047,1,True,True,1179,False,658,802,45853157,174526317,45852827,174526824,0,0,1665977002,112,distance_to_pickup,BATCH,hungarian,0,0,order,1
1665977114,493446,4017,5486.941042147255,1,True,True,753,False,658,802,45885269,174525154,45881588,174521085,0,0,1665977072,42,distance_to_pickup,BATCH,hungarian,0,0,order,1
1665977114,340505,1412,12555.529817574406,1,True,True,3557,False,658,802,45890376,174545817,45898031,174535865,0,0,1665976460,654,distance_to_pickup,BATCH,hungarian,0,0,order,1
1665977114,323978,666,833.8465086573187,1,True,True,1362,False,658,802,45891276,174536223,45892046,174535903,0,0,1665977082,32,distance_to_pickup,BATCH,hungarian,0,0,order,1
1665977114,227332,4379,837.0005973713519,1,True,True,3807,False,658,802,45854960,174528670,45855353,174527931,0,0,1665976900,214,distance_to_pickup,BATCH,hungarian,0,0,order,1
1665977114,96,4133,13918.416361066369,1,True,True,162,False,658,802,45868335,174545710,45859850,174556743,0,0,1665976627,487,distance_to_pickup,BATCH,hungarian,0,0,order,1
1665977114,101612,1960,12605.167591111194,1,True,True,593,False,658,802,45900979,174542411,45905928,174530818,0,0,1665977002,112,distance_to_pickup,BATCH,hungarian,0,0,order,1
1665977114,548089,3744,1527.367015487764,1,True,True,4204,False,658,802,45912080,174529170,45912745,174527795,0,0,1665976614,500,distance_to_pickup,BATCH,hungarian,0,0,order,1
1665977114,25829,3121,255.82806726393412,1,True,True,1000,False,658,802,45910563,174526358,45910761,174526196,0,0,1665976769,345,distance_to_pickup,BATCH,hungarian,0,0,order,1
1665977114,189066,1012,2897.116670070434,1,True,True,4170,False,658,802,45910030,174526320,45907728,174524561,0,0,1665977075,39,distance_to_pickup,BATCH,hungarian,0,0,order,1
1665977114,542955,4024,19603.285974550286,1,True,True,703,False,658,802,45902806,174555734,45915791,174541048,0,0,1665977075,39,distance_to_pickup,BATCH,hungarian,0,0,order,1
1665977114,427552,3165,886.4682735439549,1,True,True,1831,False,658,802,45869364,174570875,45868515,174570620,0,0,1665976821,293,distance_to_pickup,BATCH,hungarian,0,0,order,1
1665977114,424982,2132,89.87213138676528,1,True,True,3750,False,658,802,45859811,174572316,45859745,174572255,0,0,1665976879,235,distance_to_pickup,BATCH,hungarian,0,0,order,1
1665977114,284883,3198,8179.968031722374,1,True,True,2793,False,658,802,45887243,174550790,45880229,174546581,0,0,1665977013,101,distance_to_pickup,BATCH,hungarian,0,0,order,1
1665977114,35360,3279,1183.184262910896,1,True,True,1212,False,658,802,45898380,174554072,45898885,174555142,0,0,1665976881,233,distance_to_pickup,BATCH,hungarian,0,0,order,1
1665977114,422239,3162,1592.0078517394315,1,True,True,766,False,658,802,45897803,174552932,45898095,174551367,0,0,1665976812,302,distance_to_pickup,BATCH,hungarian,0,0,order,1
1665977114,125694,122,423.265873890159,1,True,True,397,False,658,802,45875792,174574232,45875369,174574217,0,0,1665976665,449,distance_to_pickup,BATCH,hungarian,0,0,order,1
1665977114,116620,1685,6946.902691127896,1,True,True,1211,False,658,802,45877696,174531930,45881280,174525979,0,0,1665976924,190,distance_to_pickup,BATCH,hungarian,0,0,order,1
1665977114,19403,1726,1727.2232050317064,1,True,True,2984,False,658,802,45875946,174545679,45877516,174544959,0,0,1665976838,276,distance_to_pickup,BATCH,hungarian,0,0,order,1
1665977114,6489,250,1662.174479409427,1,True,True,2557,False,658,802,45911894,174529244,45910312,174528734,0,0,1665976873,241,distance_to_pickup,BATCH,hungarian,0,0,order,1
1665977114,57729,1628,11310.266663523014,1,True,True,2827,False,658,802,45898300,174553788,45903816,174543914,0,0,1665976328,786,distance_to_pickup,BATCH,hungarian,0,0,order,1
1665977114,371049,2383,8375.362559316462,1,True,True,689,False,658,802,45887243,174550790,45881550,174544647,0,0,1665976999,115,distance_to_pickup,BATCH,hungarian,0,0,order,1
1665977114,57730,1999,840.7008980606598,1,True,True,2057,False,658,802,45895683,174554863,45896036,174555626,0,0,1665977071,43,distance_to_pickup,BATCH,hungarian,0,0,order,1
1665977114,462109,226,1023.6312812727051,1,True,True,2921,False,658,802,45912289,174526370,45912014,174527356,0,0,1665976949,165,distance_to_pickup,BATCH,hungarian,0,0,order,1
1665977114,98381,910,5265.210062286214,1,True,True,4170,False,658,802,45910030,174526320,45906109,174529834,0,0,1665976811,303,distance_to_pickup,BATCH,hungarian,0,0,order,1
1665977114,498615,328,841.7244204607587,1,True,True,2435,False,658,802,45867880,174573167,45868716,174573069,0,0,1665976877,237,distance_to_pickup,BATCH,hungarian,0,0,order,1
1665977114,236070,640,6261.192618024142,1,True,True,4079,False,658,802,45895346,174532388,45900563,174528926,0,0,1665977076,38,distance_to_pickup,BATCH,hungarian,0,0,order,1
1665977114,233028,1346,1063.0380990350252,1,True,True,875,False,658,802,45859855,174571035,45859846,174572098,0,0,1665976818,296,distance_to_pickup,BATCH,hungarian,0,0,order,1
1665977114,273388,3369,1446.6737711039073,1,True,True,1034,False,658,802,45855737,174570545,45854328,174570873,0,0,1665976912,202,distance_to_pickup,BATCH,hungarian,0,0,order,1
1665977114,41763,3674,3832.64347415723,1,True,True,1117,False,658,802,45865723,174573423,45861913,174573007,0,0,1665977075,39,distance_to_pickup,BATCH,hungarian,0,0,order,1
1665977114,212679,4034,395.05062966662894,1,True,True,1739,False,658,802,45873444,174547688,45873493,174548080,0,0,1665973336,3778,distance_to_pickup,BATCH,hungarian,0,0,order,1
1665977114,373800,1599,419.23382497122054,1,True,True,946,False,658,802,45849895,174566798,45849476,174566784,0,0,1665976982,132,distance_to_pickup,BATCH,hungarian,0,0,order,1
1665977114,440997,402,578.013840664737,1,True,True,352,False,658,802,45880110,174548040,45879952,174547484,0,0,1665977000,114,distance_to_pickup,BATCH,hungarian,0,0,order,1
1665977114,313015,1417,639.4137940332536,1,True,True,2358,False,658,802,45847307,174550841,45846710,174551070,0,0,1665976538,576,distance_to_pickup,BATCH,hungarian,0,0,order,1
1665977114,527294,1131,24.331050121192877,1,True,True,2773,False,658,802,45894842,174555253,45894866,174555249,0,0,1665976854,260,distance_to_pickup,BATCH,hungarian,0,0,order,1
1665977114,550656,3273,5783.949602131747,1,True,True,1102,False,658,802,45884894,174566023,45882562,174571316,0,0,1665976611,503,distance_to_pickup,BATCH,hungarian,0,0,order,1
1665977114,348809,2318,316.6654385941099,1,True,True,689,False,658,802,45885675,174551319,45885716,174551005,0,0,1665976981,133,distance_to_pickup,BATCH,hungarian,0,0,order,1
1665977114,351612,973,2671.2633715154334,1,True,True,414,False,658,802,45893090,174566900,45890798,174568272,0,0,1665976866,248,distance_to_pickup,BATCH,hungarian,0,0,order,1
1665977114,365588,4275,289.0155705148081,1,True,True,2742,False,658,802,45887505,174553677,45887508,174553966,0,0,1665976618,496,distance_to_pickup,BATCH,hungarian,0,0,order,1
1665977114,424988,278,770.5692700854349,1,True,True,3245,False,658,802,45889662,174545698,45890053,174545034,0,0,1665977077,37,distance_to_pickup,BATCH,hungarian,0,0,order,1
1665977114,171193,3857,10891.116793056624,1,True,True,4079,False,658,802,45895346,174532388,45905951,174529908,0,0,1665976678,436,distance_to_pickup,BATCH,hungarian,0,0,order,1
1665977114,408978,4707,2543.330493663771,1,True,True,227,False,658,802,45863040,174581550,45863269,174584083,0,0,1665976867,247,distance_to_pickup,BATCH,hungarian,0,0,order,1
1665977114,290390,859,101.92153844992725,1,True,True,2827,False,658,802,45896150,174555690,45896122,174555788,0,0,1665977002,112,distance_to_pickup,BATCH,hungarian,0,0,order,1
1665977114,32106,3276,7380.599027179298,1,True,True,3565,False,658,802,45894842,174555253,45890501,174561222,0,0,1665976843,271,distance_to_pickup,BATCH,hungarian,0,0,order,1
1665977114,446259,3131,6441.496177131521,1,True,True,1940,False,658,802,45861460,174532407,45856328,174528514,0,0,1665976750,364,distance_to_pickup,BATCH,hungarian,0,0,order,1
1665977114,493447,1305,1480.3475943169562,1,True,True,2400,False,658,802,45866653,174574425,45867676,174575495,0,0,1665977074,40,distance_to_pickup,BATCH,hungarian,0,0,order,1
1665977114,212734,283,3935.4453369345633,1,True,True,37,False,658,802,45877682,174539771,45873841,174540628,0,0,1665977082,32,distance_to_pickup,BATCH,hungarian,0,0,order,1
1665977114,400939,1302,441.1008954876424,1,True,True,161,False,658,802,45877161,174545529,45877538,174545300,0,0,1665977048,66,distance_to_pickup,BATCH,hungarian,0,0,order,1
1665977114,270516,2787,14008.675383490046,1,True,True,2976,False,658,802,45868335,174545710,45859390,174556491,0,0,1665977076,38,distance_to_pickup,BATCH,hungarian,0,0,order,1
1665977114,253377,1579,2634.248469677832,1,True,True,140,False,658,802,45853590,174551680,45851247,174552884,0,0,1665977069,45,distance_to_pickup,BATCH,hungarian,0,0,order,1
1665977114,57724,2870,8702.585018257507,1,True,True,3473,False,658,802,45867140,174551189,45861359,174557694,0,0,1665976437,677,distance_to_pickup,BATCH,hungarian,0,0,order,1
1665977114,387339,1322,4750.684687495056,1,True,True,2355,False,658,802,45861490,174545510,45856824,174546403,0,0,1665977070,44,distance_to_pickup,BATCH,hungarian,0,0,order,1
1665977114,262061,2423,1013.1939597135388,1,True,True,2976,False,658,802,45868335,174545710,45868656,174544749,0,0,1665976540,574,distance_to_pickup,BATCH,hungarian,0,0,order,1
1665977114,116619,584,1718.3006139788229,1,True,True,2976,False,658,802,45868335,174545710,45866729,174545099,0,0,1665976930,184,distance_to_pickup,BATCH,hungarian,0,0,order,1
1665977114,147011,2739,115.43396380615195,1,True,True,2186,False,658,802,45871167,174595947,45871069,174595886,0,0,1665977069,45,distance_to_pickup,BATCH,hungarian,0,0,order,1
1665977114,85995,1119,2647.4245976042453,1,True,True,4044,False,658,802,45894347,174586087,45892983,174588356,0,0,1665977064,50,distance_to_pickup,BATCH,hungarian,0,0,order,1
1665977114,376534,3708,3419.1592533837907,1,True,True,2009,False,658,802,45879721,174647791,45878732,174644518,0,0,1665976593,521,distance_to_pickup,BATCH,hungarian,0,0,order,1
1665977114,384546,3870,79.2464510246358,1,True,True,3708,False,658,802,45874800,174648440,45874878,174648426,0,0,1665976837,277,distance_to_pickup,BATCH,hungarian,0,0,order,1
1665977114,323977,3409,20007.618873819043,1,True,True,126,False,658,802,45873015,174626148,45868442,174606670,0,0,1665977064,50,distance_to_pickup,BATCH,hungarian,0,0,order,1
1665977114,422238,1444,20044.51096934021,1,True,True,126,False,658,802,45873015,174626148,45868451,174606630,0,0,1665976970,144,distance_to_pickup,BATCH,hungarian,0,0,order,1
1665977114,125698,1449,3763.838997619319,1,True,True,1154,False,658,802,45874819,174607415,45871159,174606537,0,0,1665977032,82,distance_to_pickup,BATCH,hungarian,0,0,order,1
1665977114,180228,4092,2841.9774805582115,1,True,True,3391,False,658,802,45901660,174579130,45904370,174579986,0,0,1665976318,796,distance_to_pickup,BATCH,hungarian,0,0,order,1
1665977114,307289,1306,572.2420816402793,1,True,True,1494,False,658,802,45874320,174648050,45873926,174647635,0,0,1665976209,905,distance_to_pickup,BATCH,hungarian,0,0,order,1
1665977114,137868,1756,1218.2532577424122,1,True,True,1020,False,658,802,45898281,174578532,45899366,174579086,0,0,1665977073,41,distance_to_pickup,BATCH,hungarian,0,0,order,1
1665977114,376545,2073,277.70848024502243,1,True,True,2898,False,658,802,45898742,174578266,45898811,174578535,0,0,1665977045,69,distance_to_pickup,BATCH,hungarian,0,0,order,1
1665977114,16104,1558,58.463663928973865,1,True,True,697,False,658,802,45879648,174648076,45879635,174648019,0,0,1665976702,412,distance_to_pickup,BATCH,hungarian,0,0,order,1
1665977114,296037,3130,379.3323081415555,1,True,True,2781,False,658,802,45886081,174590587,45885738,174590425,0,0,1665976946,168,distance_to_pickup,BATCH,hungarian,0,0,order,1
1665977114,548091,3925,1289.0942556694604,1,True,True,4626,False,658,802,45884516,174581843,45885458,174582723,0,0,1665976668,446,distance_to_pickup,BATCH,hungarian,0,0,order,1
1665977114,119649,2617,4642.086276664836,1,True,True,440,False,658,802,45887639,174579160,45886040,174583518,0,0,1665976596,518,distance_to_pickup,BATCH,hungarian,0,0,order,1
1665977114,215711,3049,172.01162751395617,1,True,True,2606,False,658,802,45875002,174650109,45874844,174650041,0,0,1665977007,107,distance_to_pickup,BATCH,hungarian,0,0,order,1
1665977114,381833,220,228.114006584427,1,True,True,3440,False,658,802,45879175,174650529,45878981,174650409,0,0,1665976744,370,distance_to_pickup,BATCH,hungarian,0,0,order,1
1665977114,165210,3963,5854.1299097303945,1,True,True,2371,False,658,802,45859397,174606289,45856223,174611208,0,0,1665977074,40,distance_to_pickup,BATCH,hungarian,0,0,order,1
1665977114,98345,1957,297.3213749463701,1,True,True,1864,False,658,802,45885650,174591307,45885562,174591023,0,0,1665972999,4115,distance_to_pickup,BATCH,hungarian,0,0,order,1
1665977114,241881,1755,4874.108431292845,1,True,True,3572,False,658,802,45890563,174573599,45889625,174578382,0,0,1665977073,41,distance_to_pickup,BATCH,hungarian,0,0,order,1
1665977114,19406,1425,3671.409810958183,1,True,True,3708,False,658,802,45875769,174650415,45875636,174646746,0,0,1665976935,179,distance_to_pickup,BATCH,hungarian,0,0,order,1
1665977114,122649,3009,299.3659967330959,1,True,True,2106,False,658,802,45907167,174525685,45907101,174525393,0,0,1665976302,812,distance_to_pickup,BATCH,hungarian,0,0,order,1
1665977114,387340,3375,2025.5024068117027,1,True,True,3118,False,658,802,46047111,174940175,46045959,174941841,0,0,1665977075,39,distance_to_pickup,BATCH,hungarian,0,0,order,1
1665977114,48306,3311,5406.586353698607,1,True,True,1893,False,658,802,46043134,174959153,46042204,174964479,0,0,1665977075,39,distance_to_pickup,BATCH,hungarian,0,0,order,1
1665977114,351615,930,2666.1292166734906,1,True,True,2819,False,658,802,46052240,174936640,46049927,174935314,0,0,1665977077,37,distance_to_pickup,BATCH,hungarian,0,0,order,1
1665977114,550665,1345,1534.4070516000636,1,True,True,2298,False,658,802,46047111,174940175,46045688,174940749,0,0,1665977071,43,distance_to_pickup,BATCH,hungarian,0,0,order,1
1665977114,194875,1545,377.0331550407736,1,True,True,320,False,658,802,46053038,174946253,46053373,174946080,0,0,1665977071,43,distance_to_pickup,BATCH,hungarian,0,0,order,1
1665977114,92259,3147,3535.893946373392,1,True,True,3147,True,658,802,45770776,174560969,45767801,174562880,0,0,1665977067,47,distance_to_pickup,BATCH,hungarian,0,0,order,1
1665977114,206681,3272,15002.776543026961,1,True,True,1804,False,658,802,45769293,174566824,45782895,174573154,0,0,1665977081,33,distance_to_pickup,BATCH,hungarian,0,0,order,1
1665977114,171194,131,4536.371237013126,1,True,True,1975,False,658,802,46052348,174943286,46055398,174946644,0,0,1665977073,41,distance_to_pickup,BATCH,hungarian,0,0,order,1
1665977114,221544,629,7388.973677040675,1,True,True,862,False,658,802,46049566,174941858,46045990,174948324,0,0,1665977080,34,distance_to_pickup,BATCH,hungarian,0,0,order,1
1665977114,387341,2087,3016.1432326731433,1,True,True,1893,False,658,802,46050125,174941512,46047129,174941164,0,0,1665977073,41,distance_to_pickup,BATCH,hungarian,0,0,order,1
1665977114,168127,1002,313683.67886295903,1,True,True,1065,False,658,802,46043190,174939130,45885542,174667939,0,0,1665977079,35,distance_to_pickup,BATCH,hungarian,0,0,order,1
1665977114,304466,3444,156.4736399525492,1,True,True,632,False,658,802,46043414,174940828,46043324,174940956,0,0,1665977080,34,distance_to_pickup,BATCH,hungarian,0,0,order,1
1665977114,119647,1716,280.84515306481615,1,True,True,1341,False,658,802,46046384,174938708,46046291,174938973,0,0,1665977054,60,distance_to_pickup,BATCH,hungarian,0,0,order,1
1665977114,12968,120,6107.577015478397,1,True,True,2417,False,658,802,46055371,174942904,46061372,174941768,0,0,1665977069,45,distance_to_pickup,BATCH,hungarian,0,0,order,1
1665977114,247695,136,490.9185268453412,1,True,True,3454,False,658,802,45863395,174583590,45863319,174584075,0,0,1665976763,351,distance_to_pickup,BATCH,hungarian,0,0,order,1
1665977114,79831,2160,1476.1856251840418,1,True,True,4694,False,658,802,45861655,174583536,45861873,174584996,0,0,1665976917,197,distance_to_pickup,BATCH,hungarian,0,0,order,1
1665977114,32109,1929,5978.752796361462,1,True,True,1894,False,658,802,45878123,174577620,45873477,174581383,0,0,1665976893,221,distance_to_pickup,BATCH,hungarian,0,0,order,1
1665977114,329455,2234,1369.1329373001001,1,True,True,1017,False,658,802,45869422,174571363,45868884,174572622,0,0,1665976994,120,distance_to_pickup,BATCH,hungarian,0,0,order,1
1665977114,496028,313,6397.578995213737,1,True,True,3103,False,658,802,45878123,174577620,45873147,174581641,0,0,1665976926,188,distance_to_pickup,BATCH,hungarian,0,0,order,1
1665977114,262064,3536,970.9788875150684,1,True,True,977,False,658,802,45863719,174582514,45863375,174583422,0,0,1665976878,236,distance_to_pickup,BATCH,hungarian,0,0,order,1
1665977114,137870,646,1182.1945694343212,1,True,True,1726,False,658,802,45872959,174545634,45873187,174544474,0,0,1665976929,185,distance_to_pickup,BATCH,hungarian,0,0,order,1
1665977114,542954,4708,2104.1171545329885,1,True,True,3750,False,658,802,45857849,174581004,45859446,174579634,0,0,1665977092,22,distance_to_pickup,BATCH,hungarian,0,0,order,1
1665977114,54612,2513,1802.8338803117717,1,True,True,1259,False,658,802,45857807,174581892,45858344,174583613,0,0,1665976965,149,distance_to_pickup,BATCH,hungarian,0,0,order,1
1665977114,81,442,3228.142809728219,1,True,True,2968,False,658,802,45898320,174550193,45898611,174546978,0,0,1665976529,585,distance_to_pickup,BATCH,hungarian,0,0,order,1
1665977114,76562,409,9163.171939890684,1,True,True,3801,False,658,802,45860803,174537004,45856157,174544902,0,0,1665977082,32,distance_to_pickup,BATCH,hungarian,0,0,order,1
1665977114,298823,2788,1985.1188881273586,1,True,True,2961,False,658,802,45864228,174536685,45863624,174534794,0,0,1665977076,38,distance_to_pickup,BATCH,hungarian,0,0,order,1
1665977114,9736,2139,5406.610213433182,1,True,True,1858,False,658,802,45861610,174531528,45857163,174528453,0,0,1665977059,55,distance_to_pickup,BATCH,hungarian,0,0,order,1
1665977114,28936,1574,2468.928917567292,1,True,True,2355,False,658,802,45863248,174541890,45863419,174544353,0,0,1665976855,259,distance_to_pickup,BATCH,hungarian,0,0,order,1
1665977114,475321,2856,4283.295927203723,1,True,True,749,False,658,802,45896259,174552883,45896427,174548603,0,0,1665977068,46,distance_to_pickup,BATCH,hungarian,0,0,order,1
1665977114,70327,405,1581.0581899474794,1,True,True,1666,False,658,802,45898300,174553788,45898131,174552216,0,0,1665977026,88,distance_to_pickup,BATCH,hungarian,0,0,order,1
1665977114,101600,2129,7689.907151585122,1,True,True,2971,False,658,802,45919951,174516559,45921667,174524055,0,0,1665976721,393,distance_to_pickup,BATCH,hungarian,0,0,order,1
1665977114,490842,2269,390.4663877979768,1,True,True,79,False,658,802,45894861,174555310,45894621,174555618,0,0,1665976599,515,distance_to_pickup,BATCH,hungarian,0,0,order,1
1665977114,16105,1903,1744.5678547995776,1,True,True,3565,False,658,802,45895612,174555834,45894546,174557215,0,0,1665977077,37,distance_to_pickup,BATCH,hungarian,0,0,order,1
1665977114,60888,4484,904.1952222833297,1,True,True,3565,False,658,802,45895612,174555834,45895525,174556734,0,0,1665976905,209,distance_to_pickup,BATCH,hungarian,0,0,order,1
1665977114,147015,3793,167.83920876839238,1,True,True,693,False,658,802,45896150,174555690,45895997,174555759,0,0,1665977012,102,distance_to_pickup,BATCH,hungarian,0,0,order,1
1665977114,51476,3535,8862.206102320122,1,True,True,2454,False,658,802,45892879,174567270,45885783,174572579,0,0,1665977077,37,distance_to_pickup,BATCH,hungarian,0,0,order,1
1665977114,262059,2919,2556.09115643398,1,True,True,2311,False,658,802,45896259,174552883,45895350,174550494,0,0,1665977083,31,distance_to_pickup,BATCH,hungarian,0,0,order,1
1665977114,371033,1721,4861.947860683,1,True,True,4003,False,658,802,45877682,174539771,45877778,174544632,0,0,1665976305,809,distance_to_pickup,BATCH,hungarian,0,0,order,1
1665977114,264842,1423,1811.842432442733,1,True,True,1584,False,658,802,45861509,174583077,45863031,174584060,0,0,1665976902,212,distance_to_pickup,BATCH,hungarian,0,0,order,1
1665977114,282025,3991,1257.289942694206,1,True,True,2045,False,658,802,45905669,174544560,45906722,174543873,0,0,1665976595,519,distance_to_pickup,BATCH,hungarian,0,0,order,1
1665977114,346096,3175,632.0268981617792,1,True,True,1113,False,658,802,45854870,174575810,45855007,174575193,0,0,1665976899,215,distance_to_pickup,BATCH,hungarian,0,0,order,1
1665977114,82943,2072,1395.2727331959154,1,True,True,1605,False,658,802,45862950,174564010,45861565,174563841,0,0,1665977077,37,distance_to_pickup,BATCH,hungarian,0,0,order,1
1665977114,35369,266,9740.312315321311,1,True,True,3103,False,658,802,45877770,174578770,45877848,174588510,0,0,1665976650,464,distance_to_pickup,BATCH,hungarian,0,0,order,1
1665977114,301604,4050,1397.533899409957,1,True,True,1584,False,658,802,45862631,174579111,45863701,174578212,0,0,1665932960,44154,distance_to_pickup,BATCH,hungarian,0,0,order,1
1665977114,276282,2972,7460.57826177033,1,True,True,857,False,658,802,45855787,174605657,45852859,174612519,0,0,1665976676,438,distance_to_pickup,BATCH,hungarian,0,0,order,1
1665977114,140927,4020,1514.4824198385402,1,True,True,1706,False,658,802,45862354,174564276,45860855,174564060,0,0,1665976335,779,distance_to_pickup,BATCH,hungarian,0,0,order,1
1665977114,89126,564,6935.336545547015,1,True,True,1251,False,658,802,45889630,174546285,45885632,174540618,0,0,1665977089,25,distance_to_pickup,BATCH,hungarian,0,0,order,1
1665977114,45044,2985,1632.5198314262525,1,True,True,3825,False,658,802,45885327,174536696,45883847,174536007,0,0,1665976603,511,distance_to_pickup,BATCH,hungarian,0,0,order,1
1665977114,25832,3520,868.7398920275274,1,True,True,2592,False,658,802,45889748,174535576,45890418,174536129,0,0,1665976395,719,distance_to_pickup,BATCH,hungarian,0,0,order,1
1665977114,95400,618,1910.2005130352154,1,True,True,2592,False,658,802,45889748,174535576,45891619,174535961,0,0,1665976505,609,distance_to_pickup,BATCH,hungarian,0,0,order,1
1665977114,67174,1475,307.23443817384793,1,True,True,1985,False,658,802,45883121,174541663,45882814,174541675,0,0,1665976803,311,distance_to_pickup,BATCH,hungarian,0,0,order,1
1665977114,435615,2260,573.149195236284,1,True,True,2253,False,658,802,45905690,174525746,45906260,174525686,0,0,1665976618,496,distance_to_pickup,BATCH,hungarian,0,0,order,1
1665977114,70306,388,434.8436500628703,1,True,True,149,False,658,802,45905905,174526537,45905813,174526112,0,0,1665976976,138,distance_to_pickup,BATCH,hungarian,0,0,order,1
1665977114,443680,1214,6822.141892397138,1,True,True,2806,False,658,802,45912320,174519710,45916378,174525194,0,0,1665977067,47,distance_to_pickup,BATCH,hungarian,0,0,order,1
1665977114,241865,4216,2328.5654382043895,1,True,True,3282,False,658,802,45905669,174544560,45907920,174543964,0,0,1665976267,847,distance_to_pickup,BATCH,hungarian,0,0,order,1
1665977114,408975,474,16035.580095525076,1,True,True,1185,False,658,802,45905340,174559520,45918490,174568697,0,0,1665977073,41,distance_to_pickup,BATCH,hungarian,0,0,order,1
1665977114,215717,2454,6816.539077860553,1,True,True,1102,False,658,802,45895200,174566810,45898823,174572584,0,0,1665977076,38,distance_to_pickup,BATCH,hungarian,0,0,order,1
1665977114,496022,3422,472.2075814723859,1,True,True,1423,False,658,802,45864785,174580827,45864399,174580555,0,0,1665976604,510,distance_to_pickup,BATCH,hungarian,0,0,order,1
1665977114,259147,1773,179.38784797192923,1,True,True,1061,False,658,802,45886802,174544898,45886636,174544830,0,0,1665977077,37,distance_to_pickup,BATCH,hungarian,0,0,order,1
1665977114,293221,52,5769.486805600651,1,True,True,737,False,658,802,45889158,174535054,45891031,174529597,0,0,1665976890,224,distance_to_pickup,BATCH,hungarian,0,0,order,1
1665977114,456860,1236,1676.2589298792714,1,True,True,4694,False,658,802,45861655,174583536,45863195,174584198,0,0,1665976915,199,distance_to_pickup,BATCH,hungarian,0,0,order,1
1665977114,307305,2841,1414.2764934764348,1,True,True,2110,False,658,802,45895200,174566810,45895773,174565517,0,0,1665977074,40,distance_to_pickup,BATCH,hungarian,0,0,order,1
1665977114,247694,1168,1367.6860019755998,1,True,True,3731,False,658,802,45893261,174549184,45894558,174548750,0,0,1665976753,361,distance_to_pickup,BATCH,hungarian,0,0,order,1
1665977114,41765,2555,1144.2923577477916,1,True,True,1149,False,658,802,45868654,174556359,45867936,174557250,0,0,1665977078,36,distance_to_pickup,BATCH,hungarian,0,0,order,1
1665977114,16101,2221,4388.88425456858,1,True,True,3758,False,658,802,45819086,174556431,45818222,174560734,0,0,1665977111,3,distance_to_pickup,BATCH,hungarian,0,0,order,1
1665977114,462107,306,1917.7969131271434,1,True,True,2878,False,658,802,45886802,174544898,45884886,174544815,0,0,1665977005,109,distance_to_pickup,BATCH,hungarian,0,0,order,1
1665977114,177214,928,2599.89076693618,1,True,True,2968,False,658,802,45898320,174550193,45898686,174547619,0,0,1665976356,758,distance_to_pickup,BATCH,hungarian,0,0,order,1
1665977114,522089,1027,46.95742752749558,1,True,True,2730,False,658,802,45879771,174546630,45879750,174546588,0,0,1665976612,502,distance_to_pickup,BATCH,hungarian,0,0,order,1
1665977114,212732,2127,2628.5556870646665,1,True,True,1476,False,658,802,45874835,174545439,45877414,174544931,0,0,1665977008,106,distance_to_pickup,BATCH,hungarian,0,0,order,1
1665977114,334978,1775,6530.65693479607,1,True,True,1920,False,658,802,45896298,174578827,45897840,174585173,0,0,1665977069,45,distance_to_pickup,BATCH,hungarian,0,0,order,1
1665977114,427561,1111,38.2099463490856,1,True,True,2850,False,658,802,45912621,174588027,45912649,174588053,0,0,1665977079,35,distance_to_pickup,BATCH,hungarian,0,0,order,1
1665977114,273391,1159,2022.2415780514455,1,True,True,2593,False,658,802,45882640,174597842,45884535,174597136,0,0,1665977069,45,distance_to_pickup,BATCH,hungarian,0,0,order,1
1665977114,262062,2171,10147.352462588457,1,True,True,1354,False,658,802,45874703,174650344,45864562,174649985,0,0,1665977008,106,distance_to_pickup,BATCH,hungarian,0,0,order,1
1665977114,313016,3178,2050.3331436622684,1,True,True,1760,False,658,802,45906263,174574373,45906558,174576402,0,0,1665976795,319,distance_to_pickup,BATCH,hungarian,0,0,order,1
1665977114,264848,4094,6341.943629519266,1,True,True,1494,False,658,802,45876088,174650428,45875931,174644088,0,0,1665977075,39,distance_to_pickup,BATCH,hungarian,0,0,order,1
1665977114,85996,1657,2409.256316791553,1,True,True,2371,False,658,802,45854218,174605010,45851922,174604280,0,0,1665977070,44,distance_to_pickup,BATCH,hungarian,0,0,order,1
1665977114,45058,273,365.4093594860427,1,True,True,18,False,658,802,45854218,174605010,45853900,174604830,0,0,1665977075,39,distance_to_pickup,BATCH,hungarian,0,0,order,1
1665977114,480553,3511,1856.795088317502,1,True,True,1494,False,658,802,45875732,174650419,45874470,174649057,0,0,1665976705,409,distance_to_pickup,BATCH,hungarian,0,0,order,1
1665977114,212717,3220,864.153921474641,1,True,True,1494,False,658,802,45879830,174648436,45879081,174648867,0,0,1665976378,736,distance_to_pickup,BATCH,hungarian,0,0,order,1
1665977114,177196,561,39.11521443121589,1,True,True,1643,False,658,802,45893543,174584356,45893564,174584323,0,0,1665977081,33,distance_to_pickup,BATCH,hungarian,0,0,order,1
1665977114,398167,1905,6668.691775753322,1,True,True,2053,False,658,802,45887530,174576520,45885599,174582903,0,0,1665977072,42,distance_to_pickup,BATCH,hungarian,0,0,order,1
1665977114,390041,3254,360.8171281965422,1,True,True,2053,False,658,802,45887530,174576520,45887645,174576862,0,0,1665976945,169,distance_to_pickup,BATCH,hungarian,0,0,order,1
1665977114,550615,4390,1053.9316865907392,1,True,True,2666,False,658,802,45856856,174575762,45857890,174575558,0,0,1665971802,5312,distance_to_pickup,BATCH,hungarian,0,0,order,1
1665977114,73397,4099,141.315250415516,1,True,True,1133,False,658,802,45870996,174595448,45871117,174595521,0,0,1665976905,209,distance_to_pickup,BATCH,hungarian,0,0,order,1
1665977114,381842,1964,3345.190726998985,1,True,True,2593,False,658,802,45882640,174597842,45884939,174595412,0,0,1665977008,106,distance_to_pickup,BATCH,hungarian,0,0,order,1
1665977114,501217,686,801.3395035813472,1,True,True,445,False,658,802,45873007,174626168,45872384,174626672,0,0,1665976613,501,distance_to_pickup,BATCH,hungarian,0,0,order,1
1665977114,555819,2531,2059.3285313421948,1,True,True,3708,False,658,802,45875735,174650359,45874740,174648556,0,0,1665976468,646,distance_to_pickup,BATCH,hungarian,0,0,order,1
1665977114,340511,1767,12212.984975017369,1,True,True,2676,False,658,802,45884742,174633571,45889493,174622320,0,0,1665976729,385,distance_to_pickup,BATCH,hungarian,0,0,order,1
1665977114,79835,3525,1606.1372917655576,1,True,True,2329,False,658,802,45866830,174606620,45868436,174606641,0,0,1665977082,32,distance_to_pickup,BATCH,hungarian,0,0,order,1
1665977114,522100,471,9638.56109593128,1,True,True,483,False,658,802,45879942,174634576,45870556,174636768,0,0,1665977069,45,distance_to_pickup,BATCH,hungarian,0,0,order,1
1665977114,427562,3005,3516.966448517813,1,True,True,2662,False,658,802,45907759,174546285,45909386,174543167,0,0,1665977078,36,distance_to_pickup,BATCH,hungarian,0,0,order,1
1665977114,200773,558,109.29318368498559,1,True,True,2187,False,658,802,45909170,174543120,45909229,174543028,0,0,1665977073,41,distance_to_pickup,BATCH,hungarian,0,0,order,1
1665977114,446268,529,635.0590523722971,1,True,True,228,False,658,802,45919710,174542209,45919630,174541579,0,0,1665977071,43,distance_to_pickup,BATCH,hungarian,0,0,order,1
1665977114,416990,2826,3383.088677525317,1,True,True,1523,False,658,802,45769491,174578329,45772824,174578909,0,0,1665977071,43,distance_to_pickup,BATCH,hungarian,0,0,order,1
1665977114,424990,1029,1281.009757964396,1,True,True,622,False,658,802,45766070,174570302,45764801,174570127,0,0,1665977026,88,distance_to_pickup,BATCH,hungarian,0,0,order,1
1665977114,147012,446,1654.2433315567573,1,True,True,980,False,658,802,45767644,174568016,45766164,174567277,0,0,1665977068,46,distance_to_pickup,BATCH,hungarian,0,0,order,1
1665977114,527300,357,7294.09877915017,1,True,True,2825,False,658,802,45924613,174557214,45925787,174564413,0,0,1665977077,37,distance_to_pickup,BATCH,hungarian,0,0,order,1
1665977114,32121,2159,288.4874347350331,1,True,True,269,False,658,802,46052240,174936640,46052115,174936380,0,0,1665977069,45,distance_to_pickup,BATCH,hungarian,0,0,order,1
1665977114,162152,462,10696.20381256827,1,True,True,2993,False,658,802,46050966,174946024,46043992,174954134,0,0,1665977082,32,distance_to_pickup,BATCH,hungarian,0,0,order,1
1665977114,113674,1415,17515.894324869627,1,True,True,1290,False,658,802,46053952,174948831,46054129,174966346,0,0,1665977082,32,distance_to_pickup,BATCH,hungarian,0,0,order,1
1665977114,315755,299,455.0703242357163,1,True,True,840,False,658,802,46052403,174942944,46052620,174942544,0,0,1665977068,46,distance_to_pickup,BATCH,hungarian,0,0,order,1
1665977114,194876,3754,153.0261415575783,1,True,True,3731,False,658,802,45895683,174554863,45895544,174554927,0,0,1665977070,44,distance_to_pickup,BATCH,hungarian,0,0,order,1
1665977114,304467,1538,5715.501465313433,1,True,True,2270,False,658,802,45919660,174549308,45919529,174543594,0,0,1665977077,37,distance_to_pickup,BATCH,hungarian,0,0,order,1
1665977114,276286,4502,3754.7922712182094,1,True,True,946,False,658,802,45849895,174566798,45847736,174569870,0,0,1665977069,45,distance_to_pickup,BATCH,hungarian,0,0,order,1
1665977114,293212,2089,1386.9625085055472,1,True,True,1158,False,658,802,45842552,174575176,45841263,174575688,0,0,1665976712,402,distance_to_pickup,BATCH,hungarian,0,0,order,1
1665977114,19404,2472,1892.3015087453691,1,True,True,1584,False,658,802,45863946,174582310,45863435,174584132,0,0,1665976940,174,distance_to_pickup,BATCH,hungarian,0,0,order,1
1665977114,125697,709,5950.437714992066,1,True,True,4315,False,658,802,45859196,174548153,45855274,174552628,0,0,1665976683,431,distance_to_pickup,BATCH,hungarian,0,0,order,1
1665977114,259128,3012,1682.3355788902522,1,True,True,2471,False,658,802,45865778,174572103,45865300,174570490,0,0,1665976282,832,distance_to_pickup,BATCH,hungarian,0,0,order,1
1665977114,45059,1089,63.00793600809346,1,True,True,278,False,658,802,45898320,174550193,45898371,174550156,0,0,1665976892,222,distance_to_pickup,BATCH,hungarian,0,0,order,1
1665977114,28943,519,13677.31450248915,1,True,True,941,False,658,802,45882550,174555124,45869894,174560310,0,0,1665977040,74,distance_to_pickup,BATCH,hungarian,0,0,order,1
1665977114,537887,2083,9702.13177605829,1,True,True,4782,False,658,802,45874046,174535364,45873406,174525683,0,0,1665976623,491,distance_to_pickup,BATCH,hungarian,0,0,order,1
1665977114,315757,1760,80.30566605165541,1,True,True,2086,False,658,802,45907047,174573121,45906967,174573128,0,0,1665977082,32,distance_to_pickup,BATCH,hungarian,0,0,order,1
1665977114,454283,764,6479.73039562604,1,True,True,764,True,658,802,45902274,174589909,45901029,174596268,0,0,1665977055,59,distance_to_pickup,BATCH,hungarian,0,0,order,1
1665977114,522102,238,8528.862174991456,1,True,True,3084,False,658,802,45894980,174554750,45889971,174561653,0,0,1665976715,399,distance_to_pickup,BATCH,hungarian,0,0,order,1
1665977114,532608,7,4867.564996997986,1,True,True,1362,False,658,802,45885583,174537087,45885278,174532229,0,0,1665977072,42,distance_to_pickup,BATCH,hungarian,0,0,order,1
1665977114,498616,4221,1800.7270753781652,1,True,True,1784,False,658,802,45900444,174539926,45901181,174538283,0,0,1665977059,55,distance_to_pickup,BATCH,hungarian,0,0,order,1
1665977114,315753,243,1299.4191009832048,1,True,True,2965,False,658,802,45882724,174541741,45881971,174540682,0,0,1665976904,210,distance_to_pickup,BATCH,hungarian,0,0,order,1
1665977114,241877,917,4080.332461944737,1,True,True,814,False,658,802,45893881,174533468,45892493,174529631,0,0,1665976686,428,distance_to_pickup,BATCH,hungarian,0,0,order,1
1665977114,212735,1410,2002.588824496931,1,True,True,400,False,658,802,45889660,174545030,45890519,174543221,0,0,1665977072,42,distance_to_pickup,BATCH,hungarian,0,0,order,1
1665977114,22591,3604,8799.056767631404,1,True,True,95,False,658,802,45896231,174555803,45900881,174563273,0,0,1665976351,763,distance_to_pickup,BATCH,hungarian,0,0,order,1
1665977114,122663,2774,1339.7122825442782,1,True,True,278,False,658,802,45898320,174550193,45898122,174548868,0,0,1665977070,44,distance_to_pickup,BATCH,hungarian,0,0,order,1
1665977114,25833,287,1500.6465273341355,1,True,True,95,False,658,802,45896231,174555803,45897357,174556795,0,0,1665976778,336,distance_to_pickup,BATCH,hungarian,0,0,order,1
1665977114,51477,1367,268.9014689435519,1,True,True,1238,False,658,802,45898317,174553837,45898585,174553859,0,0,1665976720,394,distance_to_pickup,BATCH,hungarian,0,0,order,1
1665977114,537933,3197,10227.97149976475,1,True,True,2288,False,658,802,45898320,174550193,45900795,174540269,0,0,1665974152,2962,distance_to_pickup,BATCH,hungarian,0,0,order,1
1665977114,371042,4332,10006.459363830945,1,True,True,75,False,658,802,45898351,174553300,45900924,174543630,0,0,1665976865,249,distance_to_pickup,BATCH,hungarian,0,0,order,1
1665977114,57732,1616,226.92069099136816,1,True,True,287,False,658,802,45894929,174555394,45894866,174555612,0,0,1665977075,39,distance_to_pickup,BATCH,hungarian,0,0,order,1
1665977114,19393,183,8068.8364092971915,1,True,True,2043,False,658,802,45859196,174548153,45853256,174553614,0,0,1665976653,461,distance_to_pickup,BATCH,hungarian,0,0,order,1
1665977114,168128,4223,8562.958016947181,1,True,True,3437,False,658,802,45894980,174554750,45888711,174560583,0,0,1665976721,393,distance_to_pickup,BATCH,hungarian,0,0,order,1
1665977114,60882,3171,322.8188346425902,1,True,True,1585,False,658,802,45898786,174565946,45898852,174566262,0,0,1665976938,176,distance_to_pickup,BATCH,hungarian,0,0,order,1
1665977114,203736,331,14311.841321087933,1,True,True,115,False,658,802,45898300,174553788,45908421,174543669,0,0,1665976673,441,distance_to_pickup,BATCH,hungarian,0,0,order,1
1665977114,427563,117,183.50476833041697,1,True,True,1693,False,658,802,45886650,174551414,45886807,174551509,0,0,1665977082,32,distance_to_pickup,BATCH,hungarian,0,0,order,1
1665977114,392747,2196,4532.916500444278,1,True,True,1149,False,658,802,45866351,174556191,45867127,174560657,0,0,1665976377,737,distance_to_pickup,BATCH,hungarian,0,0,order,1
1665977114,45051,4932,1351.3330455516877,1,True,True,171,False,658,802,45860925,174555679,45860015,174556678,0,0,1665976896,218,distance_to_pickup,BATCH,hungarian,0,0,order,1
1665977114,35371,888,11524.682945747358,1,True,True,103,False,658,802,45902806,174555734,45913872,174552515,0,0,1665976986,128,distance_to_pickup,BATCH,hungarian,0,0,order,1
1665977114,147013,1896,4380.380120491828,1,True,True,1589,False,658,802,45920232,174542120,45921381,174537893,0,0,1665977075,39,distance_to_pickup,BATCH,hungarian,0,0,order,1
1665977114,116618,2068,7602.862947600726,1,True,True,3697,False,658,802,45860307,174548890,45857245,174555849,0,0,1665976978,136,distance_to_pickup,BATCH,hungarian,0,0,order,1
1665977114,488203,2509,1620.320955860289,1,True,True,723,False,658,802,45879720,174547850,45878108,174548014,0,0,1665976566,548,distance_to_pickup,BATCH,hungarian,0,0,order,1
1665977114,446269,4729,2587.3793691687347,1,True,True,322,False,658,802,45821950,174527737,45820166,174529611,0,0,1665977082,32,distance_to_pickup,BATCH,hungarian,0,0,order,1
1665977114,522101,900,4293.738813668107,1,True,True,80,False,658,802,45840017,174551254,45841954,174547422,0,0,1665977067,47,distance_to_pickup,BATCH,hungarian,0,0,order,1
1665977114,122662,554,4216.5028163159095,1,True,True,1866,False,658,802,45856328,174549215,45852192,174548395,0,0,1665977078,36,distance_to_pickup,BATCH,hungarian,0,0,order,1
1665977114,301697,173,3504.5606001323476,1,True,True,2038,False,658,802,45856330,174579593,45854703,174582697,0,0,1665976862,252,distance_to_pickup,BATCH,hungarian,0,0,order,1
1665977114,98375,2263,612.4516307431959,1,True,True,1160,False,658,802,45851052,174551377,45851193,174551973,0,0,1665976658,456,distance_to_pickup,BATCH,hungarian,0,0,order,1
1665977114,28940,1704,2276.8849334123147,1,True,True,4319,False,658,802,45864620,174583120,45863663,174585186,0,0,1665977066,48,distance_to_pickup,BATCH,hungarian,0,0,order,1
1665977114,35363,2715,818.1912979248801,1,True,True,78,False,658,802,45849940,174550490,45849354,174551061,0,0,1665976900,214,distance_to_pickup,BATCH,hungarian,0,0,order,1
1665977114,454281,3804,2178.7377079400817,1,True,True,2309,False,658,802,45839765,174551620,45837728,174550847,0,0,1665977052,62,distance_to_pickup,BATCH,hungarian,0,0,order,1
1665977114,159026,265,573.1710041514661,1,True,True,2309,False,658,802,45839765,174551620,45839912,174551066,0,0,1665977072,42,distance_to_pickup,BATCH,hungarian,0,0,order,1
1665977114,244728,413,8499.084303617656,1,True,True,2480,False,658,802,45857992,174606072,45852795,174612797,0,0,1665977069,45,distance_to_pickup,BATCH,hungarian,0,0,order,1
1665977114,171195,263,138.10141201305655,1,True,True,959,False,658,802,45876782,174545911,45876918,174545887,0,0,1665977074,40,distance_to_pickup,BATCH,hungarian,0,0,order,1
1665977114,16090,2842,2325.6743108182623,1,True,True,916,False,658,802,45842552,174575176,45844808,174574611,0,0,1665976695,419,distance_to_pickup,BATCH,hungarian,0,0,order,1
1665977114,403633,4367,7705.966130213654,1,True,True,1043,False,658,802,45849071,174527541,45852536,174520658,0,0,1665976626,488,distance_to_pickup,BATCH,hungarian,0,0,order,1
1665977114,206682,3111,371.23173355735634,1,True,True,4194,False,658,802,45885356,174542714,45885498,174543057,0,0,1665977064,50,distance_to_pickup,BATCH,hungarian,0,0,order,1
1665977114,153047,43,561.0080213330288,1,True,True,32,False,658,802,45874800,174648440,45874803,174647879,0,0,1665976935,179,distance_to_pickup,BATCH,hungarian,0,0,order,1
1665977114,197824,4022,705.4622597984956,1,True,True,121,False,658,802,45898678,174578044,45899212,174578505,0,0,1665976638,476,distance_to_pickup,BATCH,hungarian,0,0,order,1
1665977114,244691,3559,387.9304061297593,1,True,True,112,False,658,802,45863417,174579658,45863490,174579277,0,0,1665973572,3542,distance_to_pickup,BATCH,hungarian,0,0,order,1
1665977114,558416,3,675.2962312940892,1,True,True,3408,False,658,802,45866961,174601021,45866297,174600898,0,0,1665976649,465,distance_to_pickup,BATCH,hungarian,0,0,order,1
1665977114,563528,3771,971.2888344874557,1,True,True,570,False,658,802,45880251,174649827,45880392,174650788,0,0,1665976965,149,distance_to_pickup,BATCH,hungarian,0,0,order,1
1665977114,435628,3408,369.0121949204389,1,True,True,2189,False,658,802,45870770,174595580,45871139,174595577,0,0,1665977067,47,distance_to_pickup,BATCH,hungarian,0,0,order,1
1665977114,107539,3170,15748.81763815938,1,True,True,3058,False,658,802,45871022,174644091,45856873,174637175,0,0,1665976644,470,distance_to_pickup,BATCH,hungarian,0,0,order,1
1665977114,63978,1332,284.07921430474283,1,True,True,1190,False,658,802,45852183,174556342,45852108,174556616,0,0,1665976217,897,distance_to_pickup,BATCH,hungarian,0,0,order,1
1665977114,241885,3548,853.2836574082502,1,True,True,1314,False,658,802,45885478,174592525,45885860,174593288,0,0,1665976761,353,distance_to_pickup,BATCH,hungarian,0,0,order,1
1665977114,67172,316,223.1882613400624,1,True,True,720,False,658,802,45886780,174581795,45886677,174581993,0,0,1665976677,437,distance_to_pickup,BATCH,hungarian,0,0,order,1
1665977114,459489,3271,249.27494860093742,1,True,True,720,False,658,802,45887576,174581297,45887473,174581524,0,0,1665977074,40,distance_to_pickup,BATCH,hungarian,0,0,order,1
1665977114,427564,451,253.51331325987596,1,True,True,4054,False,658,802,45883093,174592612,45883330,174592702,0,0,1665977070,44,distance_to_pickup,BATCH,hungarian,0,0,order,1
1665977114,359999,2844,543.6699366343518,1,True,True,875,False,658,802,45860600,174576756,45860179,174576412,0,0,1665977074,40,distance_to_pickup,BATCH,hungarian,0,0,order,1
1665977114,555829,2498,86.97700845625813,1,True,True,2063,False,658,802,45869487,174570705,45869405,174570734,0,0,1665977077,37,distance_to_pickup,BATCH,hungarian,0,0,order,1
1665977114,392760,875,291.6779045454078,1,True,True,1292,False,658,802,45857789,174567827,45857515,174567727,0,0,1665977066,48,distance_to_pickup,BATCH,hungarian,0,0,order,1
1665977114,392744,1618,3515.0738256827553,1,True,True,3440,False,658,802,45879400,174647910,45878588,174644490,0,0,1665976372,742,distance_to_pickup,BATCH,hungarian,0,0,order,1
1665977114,236059,1813,262.43475379606264,1,True,True,2186,False,658,802,45870933,174595486,45871187,174595552,0,0,1665977003,111,distance_to_pickup,BATCH,hungarian,0,0,order,1
1665977114,368319,1041,2081.3726240152196,1,True,True,1564,False,658,802,45766076,174566855,45764020,174567179,0,0,1665977062,52,distance_to_pickup,BATCH,hungarian,0,0,order,1
1665977114,203744,3453,2009.6218549767018,1,True,True,740,False,658,802,45763899,174566859,45762485,174568287,0,0,1665977075,39,distance_to_pickup,BATCH,hungarian,0,0,order,1
1665977114,6492,1804,52.839379254491625,1,True,True,2003,False,658,802,45766245,174567179,45766199,174567205,0,0,1665977072,42,distance_to_pickup,BATCH,hungarian,0,0,order,1
1665977114,483073,3315,877.0410480701573,1,True,True,1339,False,658,802,45919710,174542209,45919215,174541485,0,0,1665977079,35,distance_to_pickup,BATCH,hungarian,0,0,order,1
1665977114,41767,459,3358.6981108757004,1,True,True,120,False,658,802,46062472,174946061,46063470,174949268,0,0,1665977020,94,distance_to_pickup,BATCH,hungarian,0,0,order,1
1665977114,432911,2150,105.94810050208545,1,True,True,63,False,658,802,45920280,174542065,45920315,174541965,0,0,1665977078,36,distance_to_pickup,BATCH,hungarian,0,0,order,1
1665977114,334979,2895,149.57606760441325,1,True,True,820,False,658,802,45905809,174529038,45905856,174529180,0,0,1665977072,42,distance_to_pickup,BATCH,hungarian,0,0,order,1
1665977114,524715,1067,1671.8998175728113,1,True,True,3549,False,658,802,46043232,174940147,46042700,174941732,0,0,1665977068,46,distance_to_pickup,BATCH,hungarian,0,0,order,1
1665977114,419685,1498,7942.100729655851,1,True,True,1054,False,658,802,46048736,174947932,46042726,174953124,0,0,1665977073,41,distance_to_pickup,BATCH,hungarian,0,0,order,1
1665977114,446270,904,339821.0932255383,1,True,True,21,False,658,802,46045145,174938665,45899769,174631510,0,0,1665977071,43,distance_to_pickup,BATCH,hungarian,0,0,order,1
1665977114,259151,342,16947.672465562933,1,True,True,3446,False,658,802,46058867,174947322,46060276,174964211,0,0,1665977074,40,distance_to_pickup,BATCH,hungarian,0,0,order,1
1665977114,379186,831,3272.7549556910003,1,True,True,3555,False,658,802,46051686,174940992,46054841,174941862,0,0,1665977078,36,distance_to_pickup,BATCH,hungarian,0,0,order,1
1665977114,406340,2885,12568.950831314442,1,True,True,1217,False,658,802,46052333,174932853,46060514,174923311,0,0,1665977071,43,distance_to_pickup,BATCH,hungarian,0,0,order,1
1665977114,483072,2993,1614.006815351162,1,True,True,269,False,658,802,46050732,174942316,46052345,174942259,0,0,1665977065,49,distance_to_pickup,BATCH,hungarian,0,0,order,1
1665977114,506461,3886,342635.2962787109,1,True,True,1757,False,658,802,46045390,174938695,45899874,174628495,0,0,1665977082,32,distance_to_pickup,BATCH,hungarian,0,0,order,1
1665977114,218641,3274,375.6660751252367,1,True,True,1601,False,658,802,45920811,174542956,45921146,174542786,0,0,1665977082,32,distance_to_pickup,BATCH,hungarian,0,0,order,1
1665977114,310178,991,13591.173606425606,1,True,True,3725,False,658,802,45901279,174543589,45905959,174530829,0,0,1665977072,42,distance_to_pickup,BATCH,hungarian,0,0,order,1
1665977114,259150,2803,8295.691713172568,1,True,True,2993,False,658,802,46051728,174940222,46059873,174941796,0,0,1665977067,47,distance_to_pickup,BATCH,hungarian,0,0,order,1
1665977114,119650,323,312238.2472936331,1,True,True,2849,False,658,802,46042834,174939970,45872666,174678177,0,0,1665977071,43,distance_to_pickup,BATCH,hungarian,0,0,order,1
1665977114,85999,501,1634.726276781529,1,True,True,2144,False,658,802,45910030,174526320,45910649,174524807,0,0,1665977077,37,distance_to_pickup,BATCH,hungarian,0,0,order,1
1665977114,259146,2554,307.09281984442424,1,True,False,75,False,658,802,45895789,174555609,45895954,174555868,0,0,1665976964,150,distance_to_pickup,BATCH,hungarian,0,0,order,1
1665977114,321260,2181,604.4145928086118,1,True,False,2921,False,658,802,45919951,174516559,45920432,174516925,0,0,1665976748,366,distance_to_pickup,BATCH,hungarian,0,0,order,1
1665977114,12964,180,10007.589120262683,1,True,False,339,False,658,802,45902660,174556330,45902392,174566334,0,0,1665976986,128,distance_to_pickup,BATCH,hungarian,0,0,order,1
1665977114,140944,1689,8762.33587578107,1,True,False,3840,False,658,802,45892888,174567981,45890931,174576522,0,0,1665977072,42,distance_to_pickup,BATCH,hungarian,0,0,order,1
1665977114,180222,1215,4734.827979979843,1,True,False,1105,False,658,802,45892700,174568290,45890514,174572490,0,0,1665976817,297,distance_to_pickup,BATCH,hungarian,0,0,order,1
1665977114,76554,2431,23936.263054202926,1,True,False,1040,False,658,802,45898371,174553499,45905979,174530804,0,0,1665976833,281,distance_to_pickup,BATCH,hungarian,0,0,order,1
1665977114,113670,1719,5069.79220481471,1,True,False,1117,False,658,802,45865723,174573423,45860735,174572516,0,0,1665976568,546,distance_to_pickup,BATCH,hungarian,0,0,order,1
1665977114,159024,1400,411.254179310071,1,True,False,925,False,658,802,45895728,174555530,45895939,174555883,0,0,1665976884,230,distance_to_pickup,BATCH,hungarian,0,0,order,1
1665977114,454279,1455,413.73421420037283,1,True,False,1831,False,658,802,45862950,174564010,45862676,174564320,0,0,1665977011,103,distance_to_pickup,BATCH,hungarian,0,0,order,1
1665977114,496025,681,1212.5860794186942,1,True,False,1276,False,658,802,45880733,174580196,45879727,174580873,0,0,1665976888,226,distance_to_pickup,BATCH,hungarian,0,0,order,1
1665977114,137869,4752,9460.545544523318,1,True,False,1811,False,658,802,45896917,174551954,45896746,174542495,0,0,1665976866,248,distance_to_pickup,BATCH,hungarian,0,0,order,1
1665977114,209744,3829,11433.485295394401,1,True,False,42,False,658,802,45924573,174557435,45920154,174567980,0,0,1665976556,558,distance_to_pickup,BATCH,hungarian,0,0,order,1
1665977114,273387,4030,817.2056044839634,1,True,False,279,False,658,802,45905899,174526998,45905839,174527813,0,0,1665976968,146,distance_to_pickup,BATCH,hungarian,0,0,order,1
1665977114,45035,488,10279.725336797672,1,True,False,3090,False,658,802,45905669,174544560,45910301,174535383,0,0,1665976196,918,distance_to_pickup,BATCH,hungarian,0,0,order,1
1665977114,516904,1658,293.6153946917634,1,True,False,1272,False,658,802,45861427,174575615,45861236,174575838,0,0,1665976484,630,distance_to_pickup,BATCH,hungarian,0,0,order,1
1665977114,519413,967,3983.500470691575,1,True,False,689,False,658,802,45885892,174563248,45883768,174566618,0,0,1665977032,82,distance_to_pickup,BATCH,hungarian,0,0,order,1
1665977114,122659,3670,133.5440002396214,1,True,False,3721,False,658,802,45897597,174552952,45897512,174552849,0,0,1665976969,145,distance_to_pickup,BATCH,hungarian,0,0,order,1
1665977114,233013,2880,8863.755637425933,1,True,False,4019,False,658,802,45897008,174553031,45897266,174544171,0,0,1665975929,1185,distance_to_pickup,BATCH,hungarian,0,0,order,1
1665977114,224396,2851,1162.9006836355372,1,True,False,1281,False,658,802,45906263,174574373,45906600,174573260,0,0,1665977038,76,distance_to_pickup,BATCH,hungarian,0,0,order,1
1665977114,94,88,99.4786409235671,1,True,False,88,False,658,802,45866450,174536750,45866400,174536664,0,0,1665977098,16,distance_to_pickup,BATCH,hungarian,0,0,order,1
1665977114,70312,3265,3618.6181064047087,1,True,False,4342,False,658,802,45868335,174545710,45864756,174545176,0,0,1665977014,100,distance_to_pickup,BATCH,hungarian,0,0,order,1
1665977114,177197,4368,5061.200252904443,1,True,False,262,False,658,802,45859122,174540364,45857290,174545082,0,0,1665976592,522,distance_to_pickup,BATCH,hungarian,0,0,order,1
1665977114,443679,3259,1409.2792484103354,1,True,False,161,False,658,802,45874046,174535364,45873724,174533992,0,0,1665977102,12,distance_to_pickup,BATCH,hungarian,0,0,order,1
1665977114,189068,3568,1015.986220378997,1,True,False,266,False,658,802,45880733,174580196,45879971,174580868,0,0,1665976557,557,distance_to_pickup,BATCH,hungarian,0,0,order,1
1665977114,290374,4317,1038.9927814956175,1,True,False,981,False,658,802,45862111,174564163,45861136,174563804,0,0,1665976541,573,distance_to_pickup,BATCH,hungarian,0,0,order,1
1665977114,209754,748,5255.624130395932,1,True,False,266,False,658,802,45877890,174578340,45874251,174582132,0,0,1665976977,137,distance_to_pickup,BATCH,hungarian,0,0,order,1
1665977114,262053,1655,3453.38239990882,1,True,False,2126,False,658,802,45890990,174546350,45893913,174544511,0,0,1665976931,183,distance_to_pickup,BATCH,hungarian,0,0,order,1
1665977114,548095,1070,1383.1286997239267,1,True,False,404,False,658,802,45887304,174545246,45885938,174545029,0,0,1665976780,334,distance_to_pickup,BATCH,hungarian,0,0,order,1
1665977114,6491,3911,289.0847626562147,1,True,False,905,False,658,802,45880173,174546649,45879956,174546458,0,0,1665976980,134,distance_to_pickup,BATCH,hungarian,0,0,order,1
1665977114,259148,1938,1133.044129767239,1,True,False,2716,False,658,802,45889630,174546285,45890235,174545327,0,0,1665977093,21,distance_to_pickup,BATCH,hungarian,0,0,order,1
1665977114,509053,4044,2832.371621097768,1,True,False,1325,False,658,802,45890977,174577191,45890550,174579991,0,0,1665977038,76,distance_to_pickup,BATCH,hungarian,0,0,order,1
1665977114,92249,876,9402.781981945556,1,True,False,1250,False,658,802,45895360,174576670,45890295,174584592,0,0,1665976572,542,distance_to_pickup,BATCH,hungarian,0,0,order,1
1665977114,22586,2347,601.295268566118,1,True,False,1451,False,658,802,45869765,174595640,45870355,174595524,0,0,1665976790,324,distance_to_pickup,BATCH,hungarian,0,0,order,1
1665977114,206667,1737,752.2898377620157,1,True,False,196,False,658,802,45878269,174600078,45878145,174600820,0,0,1665976620,494,distance_to_pickup,BATCH,hungarian,0,0,order,1
1665977114,98382,2486,106.88779163215975,1,True,False,4398,False,658,802,45874664,174648154,45874644,174648049,0,0,1665976544,570,distance_to_pickup,BATCH,hungarian,0,0,order,1
1665977114,511729,3087,920.4390256828532,1,True,False,3087,False,658,802,45879039,174649978,45879241,174649080,0,0,1665977041,73,distance_to_pickup,BATCH,hungarian,0,0,order,1
1665977114,548098,1237,637.6362599476288,1,True,False,1319,False,658,802,45879923,174634741,45879375,174635067,0,0,1665976906,208,distance_to_pickup,BATCH,hungarian,0,0,order,1
1665977114,203733,40,369.47665690811914,1,True,False,1319,False,658,802,45879942,174634576,45879615,174634748,0,0,1665976750,364,distance_to_pickup,BATCH,hungarian,0,0,order,1
1665977114,351614,2786,187.25650856512306,1,True,False,224,False,658,802,45870386,174606490,45870205,174606442,0,0,1665977104,10,distance_to_pickup,BATCH,hungarian,0,0,order,1
1665977114,221500,2687,257.1633721975196,1,True,False,1095,False,658,802,45863946,174582310,45864084,174582527,0,0,1665972217,4897,distance_to_pickup,BATCH,hungarian,0,0,order,1
1665977114,459457,78,315.9303720758737,1,True,False,1699,False,658,802,45850935,174552690,45851239,174552776,0,0,1665974381,2733,distance_to_pickup,BATCH,hungarian,0,0,order,1
1665977114,171191,1241,590.8113065945844,1,True,False,20,False,658,802,45859852,174565050,45859655,174565607,0,0,1665977064,50,distance_to_pickup,BATCH,hungarian,0,0,order,1
1665977114,276287,3491,6244.400451604622,1,True,False,31,False,658,802,46045870,174938788,46043241,174933124,0,0,1665977052,62,distance_to_pickup,BATCH,hungarian,0,0,order,1
1665977114,304464,1523,7668.924370470738,1,True,False,1786,False,658,802,45774990,174561220,45778066,174568245,0,0,1665977097,17,distance_to_pickup,BATCH,hungarian,0,0,order,1
1665977114,298821,740,4507.77605921146,1,True,False,980,False,658,802,45767217,174569826,45762964,174568332,0,0,1665977097,17,distance_to_pickup,BATCH,hungarian,0,0,order,1
1665977114,194872,2289,1581.5157286603253,1,True,False,852,False,658,802,45872453,174584718,45872299,174586292,0,0,1665976825,289,distance_to_pickup,BATCH,hungarian,0,0,order,1
1665977114,215706,2057,7480.817401861911,1,True,False,830,False,658,802,45914350,174561390,45918248,174567775,0,0,1665976833,281,distance_to_pickup,BATCH,hungarian,0,0,order,1
1665977114,12970,3267,221.46105752479374,1,True,False,1061,False,658,802,45889986,174545204,45890123,174545030,0,0,1665977046,68,distance_to_pickup,BATCH,hungarian,0,0,order,1
1665977114,67180,99,324.35320254315354,1,True,False,2295,False,658,802,45861574,174545446,45861252,174545485,0,0,1665977079,35,distance_to_pickup,BATCH,hungarian,0,0,order,1
1665977114,247681,2659,122.98373876248843,1,True,False,2332,False,658,802,45896070,174555813,45895960,174555868,0,0,1665976572,542,distance_to_pickup,BATCH,hungarian,0,0,order,1
1665977114,414282,4139,4389.808651866275,1,True,False,95,False,658,802,45894980,174554750,45891394,174557282,0,0,1665970950,6164,distance_to_pickup,BATCH,hungarian,0,0,order,1
1665977114,19408,759,2521.6552103727427,1,True,False,1211,False,658,802,45877696,174531930,45875468,174530749,0,0,1665977067,47,distance_to_pickup,BATCH,hungarian,0,0,order,1
1665977114,477932,162,2767.4753838110287,1,True,False,2793,False,658,802,45885675,174551319,45883361,174552837,0,0,1665976886,228,distance_to_pickup,BATCH,hungarian,0,0,order,1
1665977114,171178,783,2169.2885930645557,1,True,False,783,False,658,802,45817053,174564463,45815191,174563350,0,0,1665976158,956,distance_to_pickup,BATCH,hungarian,0,0,order,1
1665977114,334974,2473,1985.9116294538385,1,True,False,3087,False,658,802,45875750,174650344,45874892,174648553,0,0,1665977023,91,distance_to_pickup,BATCH,hungarian,0,0,order,1
1665977114,368317,2497,2785.0403946801202,1,True,False,1494,False,658,802,45876088,174650428,45876073,174647643,0,0,1665977074,40,distance_to_pickup,BATCH,hungarian,0,0,order,1
1665977114,119648,3246,952.1181649354244,1,True,False,1831,False,658,802,45878050,174576479,45877330,174575856,0,0,1665977071,43,distance_to_pickup,BATCH,hungarian,0,0,order,1
1665977114,522099,509,3319.4969498404425,1,True,False,20,False,658,802,45870123,174570701,45869349,174567473,0,0,1665977079,35,distance_to_pickup,BATCH,hungarian,0,0,order,1
1665977114,191945,855,7146.013853890853,1,True,False,3572,False,658,802,45887530,174576520,45885847,174583465,0,0,1665977070,44,distance_to_pickup,BATCH,hungarian,0,0,order,1
1665977114,329452,1448,8094.026068650879,1,True,False,4315,False,658,802,45860307,174548890,45858230,174556713,0,0,1665976964,150,distance_to_pickup,BATCH,hungarian,0,0,order,1
1665977114,456867,566,344.0058139043583,1,True,False,2788,False,658,802,45866359,174536720,45866105,174536952,0,0,1665976934,180,distance_to_pickup,BATCH,hungarian,0,0,order,1
1665977114,419684,2357,6732.042929156052,1,True,False,2806,False,658,802,45912320,174519710,45916851,174524689,0,0,1665976548,566,distance_to_pickup,BATCH,hungarian,0,0,order,1
1665977114,304463,1042,72.53275122315436,1,True,False,3825,False,658,802,45887997,174533308,45888067,174533289,0,0,1665977096,18,distance_to_pickup,BATCH,hungarian,0,0,order,1
1665977114,403635,373,460.9772228646444,1,True,False,2773,False,658,802,45894842,174555253,45894590,174555639,0,0,1665976850,264,distance_to_pickup,BATCH,hungarian,0,0,order,1
1665977114,373806,3134,9879.094341082082,1,True,False,3731,False,658,802,45895683,174554863,45890662,174563371,0,0,1665977062,52,distance_to_pickup,BATCH,hungarian,0,0,order,1
1665977114,51465,371,694.8417085926837,1,True,False,2938,False,658,802,45890769,174546558,45891231,174547077,0,0,1665976453,661,distance_to_pickup,BATCH,hungarian,0,0,order,1
1665977114,191949,465,3780.2417912085994,1,True,False,693,False,658,802,45896047,174554578,45894985,174550950,0,0,1665977083,31,distance_to_pickup,BATCH,hungarian,0,0,order,1
1665977114,82942,3266,5493.296642272288,1,True,False,1281,False,658,802,45904394,174568575,45907556,174573067,0,0,1665977082,32,distance_to_pickup,BATCH,hungarian,0,0,order,1
1665977114,128725,2066,2625.146472103985,1,True,False,2454,False,658,802,45892879,174567270,45890866,174568955,0,0,1665976532,582,distance_to_pickup,BATCH,hungarian,0,0,order,1
1665977114,477926,39,7399.106027081921,1,True,False,1585,False,658,802,45895360,174576670,45894147,174583969,0,0,1665976615,499,distance_to_pickup,BATCH,hungarian,0,0,order,1
1665977114,440995,1794,230.67292862405853,1,True,False,1033,False,658,802,45874776,174648428,45874607,174648271,0,0,1665977047,67,distance_to_pickup,BATCH,hungarian,0,0,order,1
1665977114,95403,1098,5420.082840695334,1,True,False,3359,False,658,802,45884761,174635144,45879774,174633021,0,0,1665977080,34,distance_to_pickup,BATCH,hungarian,0,0,order,1
1665977114,290385,4833,2072.2965521372657,1,True,False,139,False,658,802,45909538,174542581,45909781,174540523,0,0,1665977083,31,distance_to_pickup,BATCH,hungarian,0,0,order,1
1665977114,107545,113,1993.9849548078341,1,True,False,818,False,658,802,46047194,174938821,46047068,174936831,0,0,1665977009,105,distance_to_pickup,BATCH,hungarian,0,0,order,1
1665977114,542956,1792,6754.2254922381735,1,True,False,446,False,658,802,45769703,174567541,45775204,174571460,0,0,1665977062,52,distance_to_pickup,BATCH,hungarian,0,0,order,1
1665977114,424991,3648,335627.3783498599,1,True,False,2225,False,658,802,46043190,174939130,45896857,174637083,0,0,1665977068,46,distance_to_pickup,BATCH,hungarian,0,0,order,1
1665977114,89131,2030,48044.420799922234,1,True,False,840,False,658,802,46052554,174946860,46054861,174994849,0,0,1665977058,56,distance_to_pickup,BATCH,hungarian,0,0,order,1
1665977114,419686,1224,19116.241053094094,1,True,False,3185,False,658,802,45885886,174563236,45866770,174563332,0,0,1665977073,41,distance_to_pickup,BATCH,hungarian,0,0,order,1
1665977114,168142,4014,10182.134353857251,1,True,False,1238,False,658,802,45898317,174553837,45905865,174547003,0,0,1665977076,38,distance_to_pickup,BATCH,hungarian,0,0,order,1
1665977114,57725,559,333.6180450755025,1,True,False,672,False,658,802,45864630,174582800,45864679,174583130,0,0,1665976984,130,distance_to_pickup,BATCH,hungarian,0,0,order,1
1665977114,561037,1445,1874.014407628714,1,True,False,1941,False,658,802,45820457,174535806,45819784,174534057,0,0,1665977082,32,distance_to_pickup,BATCH,hungarian,0,0,order,1
1665977114,162154,1282,10600.23778035191,1,True,False,103,False,658,802,45902806,174555734,45907466,174546213,0,0,1665977070,44,distance_to_pickup,BATCH,hungarian,0,0,order,1
1665977114,171189,4108,7206.057521280273,1,True,False,29,False,658,802,45857373,174602526,45860937,174596263,0,0,1665976937,177,distance_to_pickup,BATCH,hungarian,0,0,order,1
1665977114,548101,151,322.0062111202205,1,True,False,848,False,658,802,45870386,174606490,45870064,174606492,0,0,1665977078,36,distance_to_pickup,BATCH,hungarian,0,0,order,1
1665977114,323980,2506,272.8387802347753,1,True,False,720,False,658,802,45887576,174581297,45887736,174581518,0,0,1665976267,847,distance_to_pickup,BATCH,hungarian,0,0,order,1
1665977114,32122,980,137.78606605894515,1,True,False,1041,False,658,802,45767591,174571467,45767540,174571595,0,0,1665977076,38,distance_to_pickup,BATCH,hungarian,0,0,order,1
1665977114,253378,2264,115.83609109426992,1,True,False,1759,False,658,802,45772747,174569973,45772850,174570026,0,0,1665977071,43,distance_to_pickup,BATCH,hungarian,0,0,order,1
1665977114,472666,697,322087.11475779343,1,True,False,1975,False,658,802,46043162,174939975,45873820,174665998,0,0,1665977077,37,distance_to_pickup,BATCH,hungarian,0,0,order,1
1665977114,140946,1814,265.42418879973997,1,True,False,332,False,658,802,46044917,174938628,46044770,174938849,0,0,1665976973,141,distance_to_pickup,BATCH,hungarian,0,0,order,1
1665977114,191947,1152,14050.07558698529,1,True,False,2993,False,658,802,46050966,174946024,46041166,174956092,0,0,1665977082,32,distance_to_pickup,BATCH,hungarian,0,0,order,1
