dispatch_time,order_id,baseline_assigned_courier_id,baseline_cost,baseline_courier_rank_by_cost,is_assigned_by_baseline,was_accepted,actual_assigned_courier_id,is_match_with_actual,num_orders_in_batch,num_couriers_in_pool,order_pickup_lat,order_pickup_lng,baseline_courier_lat,baseline_courier_lng,actual_courier_lat,actual_courier_lng,platform_order_time,wait_for_assignment_seconds,cost_function,mode,strategy_key,bundling_on,micro_batch_sec,unit_type,bundle_size
1665977114,89113,3552,20.0,1,True,True,483,False,658,802,45880013,174634613,45880013,174634633,0,0,1665976122,992,distance_to_pickup,BATCH,batch_greedy,0,0,order,1
1665977114,162151,309,25.317977802344327,1,True,True,1105,False,658,802,45892908,174566908,45892883,174566912,0,0,1665976864,250,distance_to_pickup,BATCH,batch_greedy,0,0,order,1
1665977114,516911,184,27.730849247724095,1,True,True,2485,False,658,802,46062288,174947094,46062263,174947106,0,0,1665977094,20,distance_to_pickup,BATCH,batch_greedy,0,0,order,1
1665977114,273389,93,32.202484376209235,1,True,True,925,False,658,802,45895620,174555818,45895639,174555792,0,0,1665976805,309,distance_to_pickup,BATCH,batch_greedy,0,0,order,1
1665977114,480559,372,35.0,1,True,True,538,False,658,802,45879921,174546626,45879900,174546598,0,0,1665976504,610,distance_to_pickup,BATCH,batch_greedy,0,0,order,1
1665977114,427561,1111,38.2099463490856,1,True,True,2850,False,658,802,45912621,174588027,45912649,174588053,0,0,1665977079,35,distance_to_pickup,BATCH,batch_greedy,0,0,order,1
1665977114,408974,963,39.408120990476064,1,True,True,2733,False,658,802,45858344,174577760,45858376,174577783,0,0,1665977053,61,distance_to_pickup,BATCH,batch_greedy,0,0,order,1
1665977114,270517,2040,44.40720662234904,1,True,True,2040,True,658,802,45890444,174572525,45890488,174572519,0,0,1665976537,577,distance_to_pickup,BATCH,batch_greedy,0,0,order,1
1665977114,522089,1027,46.95742752749558,1,True,True,2730,False,658,802,45879771,174546630,45879750,174546588,0,0,1665976612,502,distance_to_pickup,BATCH,batch_greedy,0,0,order,1
1665977114,247681,2311,53.23532661682466,1,True,True,2332,False,658,802,45896070,174555813,45896017,174555818,0,0,1665976572,542,distance_to_pickup,BATCH,batch_greedy,0,0,order,1
1665977114,110606,2518,53.33854141237835,1,True,True,1102,False,658,802,45892958,174566355,45892952,174566408,0,0,1665977085,29,distance_to_pickup,BATCH,batch_greedy,0,0,order,1
1665977114,16104,1558,58.463663928973865,1,True,True,697,False,658,802,45879648,174648076,45879635,174648019,0,0,1665976702,412,distance_to_pickup,BATCH,batch_greedy,0,0,order,1
1665977114,28940,559,59.841457201508724,1,True,True,4319,False,658,802,45864620,174583120,45864679,174583130,0,0,1665977066,48,distance_to_pickup,BATCH,batch_greedy,0,0,order,1
1665977114,81,1089,63.00793600809346,1,True,True,2968,False,658,802,45898320,174550193,45898371,174550156,0,0,1665976529,585,distance_to_pickup,BATCH,batch_greedy,0,0,order,1
1665977114,6485,2903,67.89698078707183,1,True,True,875,False,658,802,45860664,174572467,45860597,174572478,0,0,1665976986,128,distance_to_pickup,BATCH,batch_greedy,0,0,order,1
1665977114,456867,88,69.40461079784254,1,True,True,2788,False,658,802,45866359,174536720,45866400,174536664,0,0,1665976934,180,distance_to_pickup,BATCH,batch_greedy,0,0,order,1
1665977114,392759,2835,69.57010852370435,1,True,True,2742,False,658,802,45886884,174562531,45886862,174562597,0,0,1665977075,39,distance_to_pickup,BATCH,batch_greedy,0,0,order,1
1665977114,304463,1042,72.53275122315436,1,True,True,3825,False,658,802,45887997,174533308,45888067,174533289,0,0,1665977096,18,distance_to_pickup,BATCH,batch_greedy,0,0,order,1
1665977114,25815,4130,75.8023746329889,1,True,True,4019,False,658,802,45897008,174553031,45897019,174552956,0,0,1665976161,953,distance_to_pickup,BATCH,batch_greedy,0,0,order,1
1665977114,384546,3870,79.2464510246358,1,True,True,3708,False,658,802,45874800,174648440,45874878,174648426,0,0,1665976837,277,distance_to_pickup,BATCH,batch_greedy,0,0,order,1
1665977114,315757,1760,80.30566605165541,1,True,True,2086,False,658,802,45907047,174573121,45906967,174573128,0,0,1665977082,32,distance_to_pickup,BATCH,batch_greedy,0,0,order,1
1665977114,177195,101,86.83317338436964,1,True,True,1831,False,658,802,45875792,174574232,45875750,174574308,0,0,1665976816,298,distance_to_pickup,BATCH,batch_greedy,0,0,order,1
1665977114,555829,2498,86.97700845625813,1,True,True,2063,False,658,802,45869487,174570705,45869405,174570734,0,0,1665977077,37,distance_to_pickup,BATCH,batch_greedy,0,0,order,1
1665977114,85993,3198,88.09086218218096,1,True,True,905,False,658,802,45880173,174546649,45880229,174546581,0,0,1665976876,238,distance_to_pickup,BATCH,batch_greedy,0,0,order,1
1665977114,424982,2132,89.87213138676528,1,True,True,3750,False,658,802,45859811,174572316,45859745,174572255,0,0,1665976879,235,distance_to_pickup,BATCH,batch_greedy,0,0,order,1
1665977114,6491,723,92.31467922275417,1,True,True,905,False,658,802,45880173,174546649,45880244,174546708,0,0,1665976980,134,distance_to_pickup,BATCH,batch_greedy,0,0,order,1
1665977114,446268,2046,99.32270636667126,1,True,True,228,False,658,802,45919710,174542209,45919702,174542308,0,0,1665977071,43,distance_to_pickup,BATCH,batch_greedy,0,0,order,1
1665977114,16099,859,101.92153844992725,1,True,True,2773,False,658,802,45896150,174555690,45896122,174555788,0,0,1665976831,283,distance_to_pickup,BATCH,batch_greedy,0,0,order,1
1665977114,432911,2150,105.94810050208545,1,True,True,63,False,658,802,45920280,174542065,45920315,174541965,0,0,1665977078,36,distance_to_pickup,BATCH,batch_greedy,0,0,order,1
1665977114,98382,2486,106.88779163215975,1,True,True,4398,False,658,802,45874664,174648154,45874644,174648049,0,0,1665976544,570,distance_to_pickup,BATCH,batch_greedy,0,0,order,1
1665977114,368308,1909,108.72442227944924,1,True,True,3694,False,658,802,45874757,174650325,45874847,174650264,0,0,1665976754,360,distance_to_pickup,BATCH,batch_greedy,0,0,order,1
1665977114,200773,558,109.29318368498559,1,True,True,2187,False,658,802,45909170,174543120,45909229,174543028,0,0,1665977073,41,distance_to_pickup,BATCH,batch_greedy,0,0,order,1
1665977114,315753,1475,111.60645142642964,1,True,True,2965,False,658,802,45882724,174541741,45882814,174541675,0,0,1665976904,210,distance_to_pickup,BATCH,batch_greedy,0,0,order,1
1665977114,32104,832,113.14592347937243,1,True,True,3708,False,658,802,45879933,174650744,45880034,174650795,0,0,1665976731,383,distance_to_pickup,BATCH,batch_greedy,0,0,order,1
1665977114,147011,2739,115.43396380615195,1,True,True,2186,False,658,802,45871167,174595947,45871069,174595886,0,0,1665977069,45,distance_to_pickup,BATCH,batch_greedy,0,0,order,1
1665977114,253378,2264,115.83609109426992,1,True,True,1759,False,658,802,45772747,174569973,45772850,174570026,0,0,1665977071,43,distance_to_pickup,BATCH,batch_greedy,0,0,order,1
1665977114,273386,1279,116.84605256490268,1,True,True,3266,False,658,802,45907170,174569840,45907068,174569897,0,0,1665976968,146,distance_to_pickup,BATCH,batch_greedy,0,0,order,1
1665977114,427563,1970,129.38701635017324,1,True,True,1693,False,658,802,45886650,174551414,45886779,174551404,0,0,1665977082,32,distance_to_pickup,BATCH,batch_greedy,0,0,order,1
1665977114,32106,3360,129.49517365523704,1,True,True,3565,False,658,802,45894842,174555253,45894954,174555188,0,0,1665976843,271,distance_to_pickup,BATCH,batch_greedy,0,0,order,1
1665977114,472659,4002,130.11533345459327,1,True,True,868,False,658,802,45898786,174565946,45898803,174566075,0,0,1665976836,278,distance_to_pickup,BATCH,batch_greedy,0,0,order,1
1665977114,153047,2531,130.59862173851607,1,True,True,32,False,658,802,45874800,174648440,45874740,174648556,0,0,1665976935,179,distance_to_pickup,BATCH,batch_greedy,0,0,order,1
1665977114,215713,3647,130.60245020672468,1,True,True,2038,False,658,802,45859352,174579486,45859393,174579610,0,0,1665976707,407,distance_to_pickup,BATCH,batch_greedy,0,0,order,1
1665977114,290390,1999,130.73637596323374,1,True,True,2827,False,658,802,45896150,174555690,45896036,174555626,0,0,1665977002,112,distance_to_pickup,BATCH,batch_greedy,0,0,order,1
1665977114,174196,412,136.06616037795732,1,True,True,407,False,658,802,45897008,174553031,45897025,174552896,0,0,1665977066,48,distance_to_pickup,BATCH,batch_greedy,0,0,order,1
1665977114,32122,980,137.78606605894515,1,True,True,1041,False,658,802,45767591,174571467,45767540,174571595,0,0,1665977076,38,distance_to_pickup,BATCH,batch_greedy,0,0,order,1
1665977114,171195,263,138.10141201305655,1,True,True,959,False,658,802,45876782,174545911,45876918,174545887,0,0,1665977074,40,distance_to_pickup,BATCH,batch_greedy,0,0,order,1
1665977114,256232,207,138.13037319865606,1,True,True,1543,False,658,802,45878123,174577620,45878045,174577506,0,0,1665976869,245,distance_to_pickup,BATCH,batch_greedy,0,0,order,1
1665977114,359993,4099,141.315250415516,1,True,True,1451,False,658,802,45870996,174595448,45871117,174595521,0,0,1665976899,215,distance_to_pickup,BATCH,batch_greedy,0,0,order,1
1665977114,92243,3049,147.41099009232656,1,True,True,3170,False,658,802,45874747,174650152,45874844,174650041,0,0,1665976364,750,distance_to_pickup,BATCH,batch_greedy,0,0,order,1
1665977114,334979,2895,149.57606760441325,1,True,True,820,False,658,802,45905809,174529038,45905856,174529180,0,0,1665977072,42,distance_to_pickup,BATCH,batch_greedy,0,0,order,1
1665977114,259146,4347,150.8409758653132,1,True,True,75,False,658,802,45895789,174555609,45895932,174555657,0,0,1665976964,150,distance_to_pickup,BATCH,batch_greedy,0,0,order,1
1665977114,57730,3754,153.0261415575783,1,True,True,2057,False,658,802,45895683,174554863,45895544,174554927,0,0,1665977071,43,distance_to_pickup,BATCH,batch_greedy,0,0,order,1
1665977114,419678,2571,155.05160431288675,1,True,True,4398,False,658,802,45879848,174648286,45879852,174648131,0,0,1665976865,249,distance_to_pickup,BATCH,batch_greedy,0,0,order,1
1665977114,304466,3444,156.4736399525492,1,True,True,632,False,658,802,46043414,174940828,46043324,174940956,0,0,1665977080,34,distance_to_pickup,BATCH,batch_greedy,0,0,order,1
1665977114,147015,3793,167.83920876839238,1,True,True,693,False,658,802,45896150,174555690,45895997,174555759,0,0,1665977012,102,distance_to_pickup,BATCH,batch_greedy,0,0,order,1
1665977114,440995,2473,170.53152201279386,1,True,True,1033,False,658,802,45874776,174648428,45874892,174648553,0,0,1665977047,67,distance_to_pickup,BATCH,batch_greedy,0,0,order,1
1665977114,524713,3909,170.85666507338834,1,True,True,830,False,658,802,45907200,174556440,45907274,174556594,0,0,1665977089,25,distance_to_pickup,BATCH,batch_greedy,0,0,order,1
1665977114,3214,1773,179.38784797192923,1,True,True,1061,False,658,802,45886802,174544898,45886636,174544830,0,0,1665976132,982,distance_to_pickup,BATCH,batch_greedy,0,0,order,1
1665977114,79834,927,181.12150617748296,1,True,True,1862,False,658,802,45921088,174542209,45921169,174542371,0,0,1665976912,202,distance_to_pickup,BATCH,batch_greedy,0,0,order,1
1665977114,107542,4426,182.22239159883728,1,True,True,434,False,658,802,45880110,174548040,45879932,174548079,0,0,1665976913,201,distance_to_pickup,BATCH,batch_greedy,0,0,order,1
1665977114,12970,278,182.72657168567466,1,True,True,1061,False,658,802,45889986,174545204,45890053,174545034,0,0,1665977046,68,distance_to_pickup,BATCH,batch_greedy,0,0,order,1
1665977114,73397,3620,185.15128949051368,1,True,True,1133,False,658,802,45870996,174595448,45871161,174595364,0,0,1665976905,209,distance_to_pickup,BATCH,batch_greedy,0,0,order,1
1665977114,307299,3933,185.27007313648906,1,True,True,3053,False,658,802,45846823,174586799,45846669,174586902,0,0,1665976763,351,distance_to_pickup,BATCH,batch_greedy,0,0,order,1
1665977114,351614,2786,187.25650856512306,1,True,True,224,False,658,802,45870386,174606490,45870205,174606442,0,0,1665977104,10,distance_to_pickup,BATCH,batch_greedy,0,0,order,1
1665977114,558416,4701,189.01058171435798,1,True,True,3408,False,658,802,45866961,174601021,45867012,174601203,0,0,1665976649,465,distance_to_pickup,BATCH,batch_greedy,0,0,order,1
1665977114,85996,1385,199.06029237394384,1,True,True,2371,False,658,802,45854218,174605010,45854413,174604970,0,0,1665977070,44,distance_to_pickup,BATCH,batch_greedy,0,0,order,1
1665977114,25840,1664,200.39211561336438,1,True,True,2793,False,658,802,45886610,174551440,45886461,174551574,0,0,1665977069,45,distance_to_pickup,BATCH,batch_greedy,0,0,order,1
1665977114,48299,1772,201.63581031156147,1,True,True,1425,False,658,802,45874288,174647503,45874272,174647302,0,0,1665976639,475,distance_to_pickup,BATCH,batch_greedy,0,0,order,1
1665977114,422239,1559,207.3475343475297,1,True,True,766,False,658,802,45897803,174552932,45898010,174552920,0,0,1665976812,302,distance_to_pickup,BATCH,batch_greedy,0,0,order,1
1665977114,483073,835,212.19095173922943,1,True,True,1339,False,658,802,45919710,174542209,45919642,174542410,0,0,1665977079,35,distance_to_pickup,BATCH,batch_greedy,0,0,order,1
1665977114,540428,922,212.22865028077618,1,True,True,596,False,658,802,45863303,174559942,45863374,174560142,0,0,1665976852,262,distance_to_pickup,BATCH,batch_greedy,0,0,order,1
1665977114,522101,265,215.3346233191495,1,True,True,80,False,658,802,45840017,174551254,45839912,174551066,0,0,1665977067,47,distance_to_pickup,BATCH,batch_greedy,0,0,order,1
1665977114,529974,4208,217.91970998512272,1,True,True,3160,False,658,802,45864213,174615211,45864148,174615419,0,0,1665976704,410,distance_to_pickup,BATCH,batch_greedy,0,0,order,1
1665977114,390033,3670,220.29298672449835,1,True,True,1368,False,658,802,45897332,174552722,45897512,174552849,0,0,1665976741,373,distance_to_pickup,BATCH,batch_greedy,0,0,order,1
1665977114,67172,316,223.1882613400624,1,True,True,720,False,658,802,45886780,174581795,45886677,174581993,0,0,1665976677,437,distance_to_pickup,BATCH,batch_greedy,0,0,order,1
1665977114,73398,2862,224.66419385384935,1,True,True,227,False,658,802,45863946,174582310,45864061,174582503,0,0,1665976820,294,distance_to_pickup,BATCH,batch_greedy,0,0,order,1
1665977114,236059,3408,225.20435164534453,1,True,True,2186,False,658,802,45870933,174595486,45871139,174595577,0,0,1665977003,111,distance_to_pickup,BATCH,batch_greedy,0,0,order,1
1665977114,451740,3274,237.69938998659632,1,True,True,3346,False,658,802,45920947,174542656,45921146,174542786,0,0,1665977092,22,distance_to_pickup,BATCH,batch_greedy,0,0,order,1
1665977114,362768,99,239.30942313247925,1,True,True,2355,False,658,802,45861490,174545510,45861252,174545485,0,0,1665976414,700,distance_to_pickup,BATCH,batch_greedy,0,0,order,1
1665977114,323980,3271,249.27494860093742,1,True,True,720,False,658,802,45887576,174581297,45887473,174581524,0,0,1665976267,847,distance_to_pickup,BATCH,batch_greedy,0,0,order,1
1665977114,25829,3121,255.82806726393412,1,True,True,1000,False,658,802,45910563,174526358,45910761,174526196,0,0,1665976769,345,distance_to_pickup,BATCH,batch_greedy,0,0,order,1
1665977114,221500,2687,257.1633721975196,1,True,True,1095,False,658,802,45863946,174582310,45864084,174582527,0,0,1665972217,4897,distance_to_pickup,BATCH,batch_greedy,0,0,order,1
1665977114,392760,1922,259.1138745802702,1,True,True,1292,False,658,802,45857789,174567827,45857765,174568085,0,0,1665977066,48,distance_to_pickup,BATCH,batch_greedy,0,0,order,1
1665977114,140946,1814,265.42418879973997,1,True,True,332,False,658,802,46044917,174938628,46044770,174938849,0,0,1665976973,141,distance_to_pickup,BATCH,batch_greedy,0,0,order,1
1665977114,307304,58,268.57587382339466,1,True,True,330,False,658,802,45911894,174529244,45912071,174529446,0,0,1665977085,29,distance_to_pickup,BATCH,batch_greedy,0,0,order,1
1665977114,459489,2506,272.8387802347753,1,True,True,720,False,658,802,45887576,174581297,45887736,174581518,0,0,1665977074,40,distance_to_pickup,BATCH,batch_greedy,0,0,order,1
1665977114,376545,2073,277.70848024502243,1,True,True,2898,False,658,802,45898742,174578266,45898811,174578535,0,0,1665977045,69,distance_to_pickup,BATCH,batch_greedy,0,0,order,1
1665977114,22591,2659,278.6862034618865,1,True,True,95,False,658,802,45896231,174555803,45895960,174555868,0,0,1665976351,763,distance_to_pickup,BATCH,batch_greedy,0,0,order,1
1665977114,143995,2441,279.1003403795846,1,True,True,1625,False,658,802,45862946,174583985,45863182,174584134,0,0,1665976856,258,distance_to_pickup,BATCH,batch_greedy,0,0,order,1
1665977114,119647,1716,280.84515306481615,1,True,True,1341,False,658,802,46046384,174938708,46046291,174938973,0,0,1665977054,60,distance_to_pickup,BATCH,batch_greedy,0,0,order,1
1665977114,25833,2554,284.5241641759097,1,True,True,95,False,658,802,45896231,174555803,45895954,174555868,0,0,1665976778,336,distance_to_pickup,BATCH,batch_greedy,0,0,order,1
1665977114,490851,2898,285.0070174574654,1,True,True,1920,False,658,802,45894297,174589367,45894099,174589572,0,0,1665977022,92,distance_to_pickup,BATCH,batch_greedy,0,0,order,1
1665977114,85998,4651,285.0350855596553,1,True,True,1726,False,658,802,45874835,174545439,45874869,174545156,0,0,1665976721,393,distance_to_pickup,BATCH,batch_greedy,0,0,order,1
1665977114,351615,2159,288.4874347350331,1,True,True,2819,False,658,802,46052240,174936640,46052115,174936380,0,0,1665977077,37,distance_to_pickup,BATCH,batch_greedy,0,0,order,1
1665977114,365588,4275,289.0155705148081,1,True,True,2742,False,658,802,45887505,174553677,45887508,174553966,0,0,1665976618,496,distance_to_pickup,BATCH,batch_greedy,0,0,order,1
1665977114,498606,40,291.70704482408377,1,True,True,2990,False,658,802,45879753,174634491,45879615,174634748,0,0,1665976561,553,distance_to_pickup,BATCH,batch_greedy,0,0,order,1
1665977114,516904,1658,293.6153946917634,1,True,True,1272,False,658,802,45861427,174575615,45861236,174575838,0,0,1665976484,630,distance_to_pickup,BATCH,batch_greedy,0,0,order,1
1665977114,98345,1957,297.3213749463701,1,True,True,1864,False,658,802,45885650,174591307,45885562,174591023,0,0,1665972999,4115,distance_to_pickup,BATCH,batch_greedy,0,0,order,1
1665977114,392744,1837,299.220654367308,1,True,True,3440,False,658,802,45879400,174647910,45879102,174647937,0,0,1665976372,742,distance_to_pickup,BATCH,batch_greedy,0,0,order,1
1665977114,122649,3009,299.3659967330959,1,True,True,2106,False,658,802,45907167,174525685,45907101,174525393,0,0,1665976302,812,distance_to_pickup,BATCH,batch_greedy,0,0,order,1
1665977114,174193,1282,301.7167545894659,1,True,True,268,False,658,802,45907759,174546285,45907466,174546213,0,0,1665976741,373,distance_to_pickup,BATCH,batch_greedy,0,0,order,1
1665977114,456858,1160,306.80449801135575,1,True,True,1562,False,658,802,45851420,174554680,45851280,174554407,0,0,1665976904,210,distance_to_pickup,BATCH,batch_greedy,0,0,order,1
1665977114,406339,1884,309.00647242412253,1,True,True,218,False,658,802,45867880,174573167,45867958,174573466,0,0,1665976684,430,distance_to_pickup,BATCH,batch_greedy,0,0,order,1
1665977114,408973,3852,313.765836253726,1,True,True,1283,False,658,802,45850935,174552690,45851200,174552858,0,0,1665976971,143,distance_to_pickup,BATCH,batch_greedy,0,0,order,1
1665977114,459457,78,315.9303720758737,1,True,True,1699,False,658,802,45850935,174552690,45851239,174552776,0,0,1665974381,2733,distance_to_pickup,BATCH,batch_greedy,0,0,order,1
1665977114,379180,2318,316.6654385941099,1,True,True,1693,False,658,802,45885675,174551319,45885716,174551005,0,0,1665976744,370,distance_to_pickup,BATCH,batch_greedy,0,0,order,1
1665977114,548101,151,322.0062111202205,1,True,True,848,False,658,802,45870386,174606490,45870064,174606492,0,0,1665977078,36,distance_to_pickup,BATCH,batch_greedy,0,0,order,1
1665977114,140927,1455,324.99230760127233,1,True,True,1706,False,658,802,45862354,174564276,45862676,174564320,0,0,1665976335,779,distance_to_pickup,BATCH,batch_greedy,0,0,order,1
1665977114,273390,4837,332.3642580061821,1,True,True,50,False,658,802,45865852,174556038,45866137,174555867,0,0,1665977062,52,distance_to_pickup,BATCH,batch_greedy,0,0,order,1
1665977114,6488,2674,332.9624603465081,1,True,True,494,False,658,802,45859570,174562510,45859890,174562418,0,0,1665977103,11,distance_to_pickup,BATCH,batch_greedy,0,0,order,1
1665977114,128720,39,334.89252007173883,1,True,True,2173,False,658,802,45894039,174584286,45894147,174583969,0,0,1665977094,20,distance_to_pickup,BATCH,batch_greedy,0,0,order,1
1665977114,57727,2330,339.2418016695466,1,True,True,50,False,658,802,45865154,174557054,45865125,174556716,0,0,1665976761,353,distance_to_pickup,BATCH,batch_greedy,0,0,order,1
1665977114,134863,329,346.71602212761957,1,True,True,587,False,658,802,45870770,174595580,45871024,174595816,0,0,1665977086,28,distance_to_pickup,BATCH,batch_greedy,0,0,order,1
1665977114,82941,1515,351.7627041060493,1,True,True,2403,False,658,802,45867880,174573167,45868229,174573211,0,0,1665976677,437,distance_to_pickup,BATCH,batch_greedy,0,0,order,1
1665977114,256234,3254,360.8171281965422,1,True,True,3438,False,658,802,45887530,174576520,45887645,174576862,0,0,1665977057,57,distance_to_pickup,BATCH,batch_greedy,0,0,order,1
1665977114,45058,273,365.4093594860427,1,True,True,18,False,658,802,45854218,174605010,45853900,174604830,0,0,1665977075,39,distance_to_pickup,BATCH,batch_greedy,0,0,order,1
1665977114,488207,2192,367.83963897328954,1,True,True,3178,False,658,802,45900986,174582830,45901211,174582539,0,0,1665976928,186,distance_to_pickup,BATCH,batch_greedy,0,0,order,1
1665977114,456862,3111,371.23173355735634,1,True,True,1693,False,658,802,45885356,174542714,45885498,174543057,0,0,1665977025,89,distance_to_pickup,BATCH,batch_greedy,0,0,order,1
1665977114,203733,470,374.2098341839776,1,True,True,1319,False,658,802,45879942,174634576,45880214,174634319,0,0,1665976750,364,distance_to_pickup,BATCH,batch_greedy,0,0,order,1
1665977114,194875,1545,377.0331550407736,1,True,True,320,False,658,802,46053038,174946253,46053373,174946080,0,0,1665977071,43,distance_to_pickup,BATCH,batch_greedy,0,0,order,1
1665977114,329454,2407,378.60929729735903,1,True,True,1884,False,658,802,45867880,174573167,45868172,174573408,0,0,1665976451,663,distance_to_pickup,BATCH,batch_greedy,0,0,order,1
1665977114,296037,3130,379.3323081415555,1,True,True,2781,False,658,802,45886081,174590587,45885738,174590425,0,0,1665976946,168,distance_to_pickup,BATCH,batch_greedy,0,0,order,1
1665977114,12969,1306,385.3154551792596,1,True,True,1425,False,658,802,45874288,174647503,45873926,174647635,0,0,1665976090,1024,distance_to_pickup,BATCH,batch_greedy,0,0,order,1
1665977114,435615,388,386.1152677633973,1,True,True,2253,False,658,802,45905690,174525746,45905813,174526112,0,0,1665976618,496,distance_to_pickup,BATCH,batch_greedy,0,0,order,1
1665977114,244691,3559,387.9304061297593,1,True,True,112,False,658,802,45863417,174579658,45863490,174579277,0,0,1665973572,3542,distance_to_pickup,BATCH,batch_greedy,0,0,order,1
1665977114,490842,2269,390.4663877979768,1,True,True,79,False,658,802,45894861,174555310,45894621,174555618,0,0,1665976599,515,distance_to_pickup,BATCH,batch_greedy,0,0,order,1
1665977114,212679,4034,395.05062966662894,1,True,True,1739,False,658,802,45873444,174547688,45873493,174548080,0,0,1665973336,3778,distance_to_pickup,BATCH,batch_greedy,0,0,order,1
1665977114,134860,2374,398.33905156286147,1,True,True,407,False,658,802,45895728,174555530,45896121,174555465,0,0,1665976889,225,distance_to_pickup,BATCH,batch_greedy,0,0,order,1
1665977114,94,566,399.7861928581326,1,True,True,88,False,658,802,45866450,174536750,45866105,174536952,0,0,1665977098,16,distance_to_pickup,BATCH,batch_greedy,0,0,order,1
1665977114,293207,370,403.4067426308093,1,True,True,4626,False,658,802,45884046,174582459,45884090,174582860,0,0,1665976567,547,distance_to_pickup,BATCH,batch_greedy,0,0,order,1
1665977114,501217,2169,415.21681083501426,1,True,True,445,False,658,802,45873007,174626168,45873141,174626561,0,0,1665976613,501,distance_to_pickup,BATCH,batch_greedy,0,0,order,1
1665977114,373800,1599,419.23382497122054,1,True,True,946,False,658,802,45849895,174566798,45849476,174566784,0,0,1665976982,132,distance_to_pickup,BATCH,batch_greedy,0,0,order,1
1665977114,532606,4708,422.24637357827004,1,True,True,875,False,658,802,45859810,174579420,45859446,174579634,0,0,1665977105,9,distance_to_pickup,BATCH,batch_greedy,0,0,order,1
1665977114,125694,122,423.265873890159,1,True,True,397,False,658,802,45875792,174574232,45875369,174574217,0,0,1665976665,449,distance_to_pickup,BATCH,batch_greedy,0,0,order,1
1665977114,488203,2931,429.46711166281403,1,True,True,723,False,658,802,45879720,174547850,45879311,174547981,0,0,1665976566,548,distance_to_pickup,BATCH,batch_greedy,0,0,order,1
1665977114,323978,618,431.6167281280928,1,True,True,1362,False,658,802,45891276,174536223,45891619,174535961,0,0,1665977082,32,distance_to_pickup,BATCH,batch_greedy,0,0,order,1
1665977114,400939,1302,441.1008954876424,1,True,True,161,False,658,802,45877161,174545529,45877538,174545300,0,0,1665977048,66,distance_to_pickup,BATCH,batch_greedy,0,0,order,1
1665977114,490831,4030,441.47480109288233,1,True,True,996,False,658,802,45906017,174528217,45905839,174527813,0,0,1665976259,855,distance_to_pickup,BATCH,batch_greedy,0,0,order,1
1665977114,332219,984,454.25213263120736,1,True,True,1795,False,658,802,45846475,174587390,45846899,174587553,0,0,1665960615,16499,distance_to_pickup,BATCH,batch_greedy,0,0,order,1
1665977114,315755,299,455.0703242357163,1,True,True,840,False,658,802,46052403,174942944,46052620,174942544,0,0,1665977068,46,distance_to_pickup,BATCH,batch_greedy,0,0,order,1
1665977114,212735,3267,463.0,1,True,True,400,False,658,802,45889660,174545030,45890123,174545030,0,0,1665977072,42,distance_to_pickup,BATCH,batch_greedy,0,0,order,1
1665977114,191940,1546,465.2418725781247,1,True,True,2065,False,658,802,45864785,174580827,45864422,174580536,0,0,1665976797,317,distance_to_pickup,BATCH,batch_greedy,0,0,order,1
1665977114,279196,3422,472.2075814723859,1,True,True,3718,False,658,802,45864785,174580827,45864399,174580555,0,0,1665976547,567,distance_to_pickup,BATCH,batch_greedy,0,0,order,1
1665977114,498616,3197,490.7647094076753,1,True,True,1784,False,658,802,45900444,174539926,45900795,174540269,0,0,1665977059,55,distance_to_pickup,BATCH,batch_greedy,0,0,order,1
1665977114,247695,136,490.9185268453412,1,True,True,3454,False,658,802,45863395,174583590,45863319,174584075,0,0,1665976763,351,distance_to_pickup,BATCH,batch_greedy,0,0,order,1
1665977114,194872,4753,502.5733777270738,1,True,True,852,False,658,802,45872453,174584718,45872735,174585134,0,0,1665976825,289,distance_to_pickup,BATCH,batch_greedy,0,0,order,1
1665977114,218641,2697,504.8930579835694,1,True,True,1601,False,658,802,45920811,174542956,45921225,174542667,0,0,1665977082,32,distance_to_pickup,BATCH,batch_greedy,0,0,order,1
1665977114,340505,1938,509.88331998605327,1,True,True,3557,False,658,802,45890376,174545817,45890235,174545327,0,0,1665976460,654,distance_to_pickup,BATCH,batch_greedy,0,0,order,1
1665977114,89127,572,510.7680491181883,1,True,True,3536,False,658,802,45858466,174584141,45857988,174584321,0,0,1665976915,199,distance_to_pickup,BATCH,batch_greedy,0,0,order,1
1665977114,104572,186,514.2334100386711,1,True,True,3694,False,658,802,45875400,174648139,45875556,174647649,0,0,1665976526,588,distance_to_pickup,BATCH,batch_greedy,0,0,order,1
1665977114,359999,2844,543.6699366343518,1,True,True,875,False,658,802,45860600,174576756,45860179,174576412,0,0,1665977074,40,distance_to_pickup,BATCH,batch_greedy,0,0,order,1
1665977114,304459,763,548.2955407442231,1,True,True,2100,False,658,802,45859748,174579158,45860296,174579140,0,0,1665976861,253,distance_to_pickup,BATCH,batch_greedy,0,0,order,1
1665977114,387333,2411,551.7435998722596,1,True,True,1259,False,658,802,45858283,174576801,45857813,174577090,0,0,1665976852,262,distance_to_pickup,BATCH,batch_greedy,0,0,order,1
1665977114,227332,4731,569.2319386682374,1,True,True,3807,False,658,802,45854960,174528670,45855037,174528106,0,0,1665976900,214,distance_to_pickup,BATCH,batch_greedy,0,0,order,1
1665977114,373797,2289,575.865435670522,1,True,True,1781,False,658,802,45872485,174586837,45872299,174586292,0,0,1665976839,275,distance_to_pickup,BATCH,batch_greedy,0,0,order,1
1665977114,253371,2738,576.0555528766301,1,True,True,1941,False,658,802,45820104,174523236,45819536,174523140,0,0,1665977013,101,distance_to_pickup,BATCH,batch_greedy,0,0,order,1
1665977114,171191,1241,590.8113065945844,1,True,True,20,False,658,802,45859852,174565050,45859655,174565607,0,0,1665977064,50,distance_to_pickup,BATCH,batch_greedy,0,0,order,1
1665977114,221540,574,595.363754355268,1,True,True,777,False,658,802,46051728,174940222,46051675,174939629,0,0,1665976975,139,distance_to_pickup,BATCH,batch_greedy,0,0,order,1
1665977114,22586,2347,601.295268566118,1,True,True,1451,False,658,802,45869765,174595640,45870355,174595524,0,0,1665976790,324,distance_to_pickup,BATCH,batch_greedy,0,0,order,1
1665977114,89121,871,602.4699162613848,1,True,True,1017,False,658,802,45869057,174574903,45868796,174574360,0,0,1665976889,225,distance_to_pickup,BATCH,batch_greedy,0,0,order,1
1665977114,321260,2181,604.4145928086118,1,True,True,2921,False,658,802,45919951,174516559,45920432,174516925,0,0,1665976748,366,distance_to_pickup,BATCH,batch_greedy,0,0,order,1
1665977114,282035,4023,604.9371868219047,1,True,True,1179,False,658,802,45853157,174526317,45852827,174526824,0,0,1665977002,112,distance_to_pickup,BATCH,batch_greedy,0,0,order,1
1665977114,290385,3005,605.3924347066124,1,True,True,139,False,658,802,45909538,174542581,45909386,174543167,0,0,1665977083,31,distance_to_pickup,BATCH,batch_greedy,0,0,order,1
1665977114,98375,2263,612.4516307431959,1,True,True,1160,False,658,802,45851052,174551377,45851193,174551973,0,0,1665976658,456,distance_to_pickup,BATCH,batch_greedy,0,0,order,1
1665977114,128716,1986,621.4378488634242,1,True,True,702,False,658,802,45861811,174593153,45861622,174593745,0,0,1665976795,319,distance_to_pickup,BATCH,batch_greedy,0,0,order,1
1665977114,346096,3175,632.0268981617792,1,True,True,1113,False,658,802,45854870,174575810,45855007,174575193,0,0,1665976899,215,distance_to_pickup,BATCH,batch_greedy,0,0,order,1
1665977114,290374,2072,633.8769596696192,1,True,True,981,False,658,802,45862111,174564163,45861565,174563841,0,0,1665976541,573,distance_to_pickup,BATCH,batch_greedy,0,0,order,1
1665977114,548098,1237,637.6362599476288,1,True,True,1319,False,658,802,45879923,174634741,45879375,174635067,0,0,1665976906,208,distance_to_pickup,BATCH,batch_greedy,0,0,order,1
1665977114,191944,865,637.8855696753141,1,True,True,428,False,658,802,45854334,174566846,45854197,174567469,0,0,1665976804,310,distance_to_pickup,BATCH,batch_greedy,0,0,order,1
1665977114,310171,1314,643.386353601007,1,True,True,1905,False,658,802,45884295,174582147,45884790,174582558,0,0,1665976548,566,distance_to_pickup,BATCH,batch_greedy,0,0,order,1
1665977114,76560,3835,658.1101731473234,1,True,True,1451,False,658,802,45869765,174595640,45870375,174595393,0,0,1665977034,80,distance_to_pickup,BATCH,batch_greedy,0,0,order,1
1665977114,57725,418,661.9101147436863,1,True,True,672,False,658,802,45864630,174582800,45865219,174583102,0,0,1665976984,130,distance_to_pickup,BATCH,batch_greedy,0,0,order,1
1665977114,159019,144,664.8308055437865,1,True,True,2573,False,658,802,45912464,174588132,45913124,174588052,0,0,1665976939,175,distance_to_pickup,BATCH,batch_greedy,0,0,order,1
1665977114,509053,1689,670.5796000476006,1,True,True,1325,False,658,802,45890977,174577191,45890931,174576522,0,0,1665977038,76,distance_to_pickup,BATCH,batch_greedy,0,0,order,1
1665977114,293214,2558,684.0884445742378,1,True,True,611,False,658,802,45862520,174576340,45862531,174575656,0,0,1665976750,364,distance_to_pickup,BATCH,batch_greedy,0,0,order,1
1665977114,51465,371,694.8417085926837,1,True,True,2938,False,658,802,45890769,174546558,45891231,174547077,0,0,1665976453,661,distance_to_pickup,BATCH,batch_greedy,0,0,order,1
1665977114,264842,4694,702.0975715668015,1,True,True,1584,False,658,802,45861509,174583077,45862155,174582802,0,0,1665976902,212,distance_to_pickup,BATCH,batch_greedy,0,0,order,1
1665977114,197824,4022,705.4622597984956,1,True,True,121,False,658,802,45898678,174578044,45899212,174578505,0,0,1665976638,476,distance_to_pickup,BATCH,batch_greedy,0,0,order,1
1665977114,315754,1901,723.5316164480996,1,True,True,235,False,658,802,45863367,174559783,45864084,174559686,0,0,1665976965,149,distance_to_pickup,BATCH,batch_greedy,0,0,order,1
1665977114,28941,1708,724.1167033013394,1,True,True,352,False,658,802,45880110,174548040,45880097,174547316,0,0,1665977074,40,distance_to_pickup,BATCH,batch_greedy,0,0,order,1
1665977114,218638,2123,740.0006756753672,1,True,True,972,False,658,802,45873171,174577055,45873911,174577054,0,0,1665977067,47,distance_to_pickup,BATCH,batch_greedy,0,0,order,1
1665977114,215710,2743,743.7882763259986,1,True,True,4275,False,658,802,45892850,174552390,45892736,174553125,0,0,1665976991,123,distance_to_pickup,BATCH,batch_greedy,0,0,order,1
1665977114,125700,3872,750.483177692878,1,True,True,1579,False,658,802,45860307,174548890,45860575,174548189,0,0,1665976890,224,distance_to_pickup,BATCH,batch_greedy,0,0,order,1
1665977114,206667,1737,752.2898377620157,1,True,True,196,False,658,802,45878269,174600078,45878145,174600820,0,0,1665976620,494,distance_to_pickup,BATCH,batch_greedy,0,0,order,1
1665977114,146967,3423,766.5070123619222,1,True,True,1562,False,658,802,45851335,174555897,45851252,174556659,0,0,1665972686,4428,distance_to_pickup,BATCH,batch_greedy,0,0,order,1
1665977114,12963,686,768.9434309492474,1,True,True,2676,False,658,802,45872691,174625967,45872384,174626672,0,0,1665976956,158,distance_to_pickup,BATCH,batch_greedy,0,0,order,1
1665977114,64002,2980,779.1001219355571,1,True,True,1620,False,658,802,45863030,174564980,45862256,174565069,0,0,1665976843,271,distance_to_pickup,BATCH,batch_greedy,0,0,order,1
1665977114,440996,2459,781.3609921156801,1,True,True,1119,False,658,802,45901193,174587577,45901086,174588351,0,0,1665977093,21,distance_to_pickup,BATCH,batch_greedy,0,0,order,1
1665977114,147013,529,809.3732142837443,1,True,True,1589,False,658,802,45920232,174542120,45919630,174541579,0,0,1665977075,39,distance_to_pickup,BATCH,batch_greedy,0,0,order,1
1665977114,35363,2715,818.1912979248801,1,True,True,78,False,658,802,45849940,174550490,45849354,174551061,0,0,1665976900,214,distance_to_pickup,BATCH,batch_greedy,0,0,order,1
1665977114,107539,1743,823.476775628797,1,True,True,3058,False,658,802,45871022,174644091,45871427,174644808,0,0,1665976644,470,distance_to_pickup,BATCH,batch_greedy,0,0,order,1
1665977114,467442,2081,824.5459356518593,1,True,True,972,False,658,802,45856817,174571067,45857641,174571037,0,0,1665976991,123,distance_to_pickup,BATCH,batch_greedy,0,0,order,1
1665977114,12964,236,826.5809095303375,1,True,True,339,False,658,802,45902660,174556330,45901940,174556736,0,0,1665976986,128,distance_to_pickup,BATCH,batch_greedy,0,0,order,1
1665977114,165208,117,840.866814662108,1,True,True,4378,False,658,802,45887243,174550790,45886807,174551509,0,0,1665976889,225,distance_to_pickup,BATCH,batch_greedy,0,0,order,1
1665977114,16100,3428,849.5769535480586,1,True,True,1567,False,658,802,45876251,174545467,45876561,174544676,0,0,1665977070,44,distance_to_pickup,BATCH,batch_greedy,0,0,order,1
1665977114,241885,3548,853.2836574082502,1,True,True,1314,False,658,802,45885478,174592525,45885860,174593288,0,0,1665976761,353,distance_to_pickup,BATCH,batch_greedy,0,0,order,1
1665977114,212717,3220,864.153921474641,1,True,True,1494,False,658,802,45879830,174648436,45879081,174648867,0,0,1665976378,736,distance_to_pickup,BATCH,batch_greedy,0,0,order,1
1665977114,483066,405,866.2545815174659,1,True,True,2836,False,658,802,45898392,174553042,45898131,174552216,0,0,1665976746,368,distance_to_pickup,BATCH,batch_greedy,0,0,order,1
1665977114,25832,3520,868.7398920275274,1,True,True,2592,False,658,802,45889748,174535576,45890418,174536129,0,0,1665976395,719,distance_to_pickup,BATCH,batch_greedy,0,0,order,1
1665977114,259147,1070,873.8747049777788,1,True,True,1061,False,658,802,45886802,174544898,45885938,174545029,0,0,1665977077,37,distance_to_pickup,BATCH,batch_greedy,0,0,order,1
1665977114,206672,3165,886.4682735439549,1,True,True,981,False,658,802,45869364,174570875,45868515,174570620,0,0,1665976805,309,distance_to_pickup,BATCH,batch_greedy,0,0,order,1
1665977114,98378,3919,893.9015605758835,1,True,True,1688,False,658,802,45863303,174559942,45863971,174559348,0,0,1665976780,334,distance_to_pickup,BATCH,batch_greedy,0,0,order,1
1665977114,60888,4484,904.1952222833297,1,True,True,3565,False,658,802,45895612,174555834,45895525,174556734,0,0,1665976905,209,distance_to_pickup,BATCH,batch_greedy,0,0,order,1
1665977114,553219,2436,915.1568171630478,1,True,True,78,False,658,802,45845467,174552526,45846293,174552920,0,0,1665976940,174,distance_to_pickup,BATCH,batch_greedy,0,0,order,1
1665977114,511729,3087,920.4390256828532,1,True,True,3087,True,658,802,45879039,174649978,45879241,174649080,0,0,1665977041,73,distance_to_pickup,BATCH,batch_greedy,0,0,order,1
1665977114,244726,4429,921.39133922563,1,True,True,4036,False,658,802,45859959,174581509,45860768,174581950,0,0,1665976277,837,distance_to_pickup,BATCH,batch_greedy,0,0,order,1
1665977114,70306,2260,922.0770032920244,1,True,True,149,False,658,802,45905905,174526537,45906260,174525686,0,0,1665976976,138,distance_to_pickup,BATCH,batch_greedy,0,0,order,1
1665977114,119648,3246,952.1181649354244,1,True,True,1831,False,658,802,45878050,174576479,45877330,174575856,0,0,1665977071,43,distance_to_pickup,BATCH,batch_greedy,0,0,order,1
1665977114,180226,1831,960.0130207450313,1,True,True,3591,False,658,802,45884295,174582147,45885060,174582727,0,0,1665976769,345,distance_to_pickup,BATCH,batch_greedy,0,0,order,1
1665977114,264847,3410,967.7029502900153,1,True,True,2159,False,658,802,46052464,174930471,46052832,174931366,0,0,1665977098,16,distance_to_pickup,BATCH,batch_greedy,0,0,order,1
1665977114,563528,3771,971.2888344874557,1,True,True,570,False,658,802,45880251,174649827,45880392,174650788,0,0,1665976965,149,distance_to_pickup,BATCH,batch_greedy,0,0,order,1
1665977114,545548,1690,974.6240300751875,1,True,True,1362,False,658,802,45889549,174535543,45888845,174536217,0,0,1665976910,204,distance_to_pickup,BATCH,batch_greedy,0,0,order,1
1665977114,168124,4279,985.7920673245449,1,True,True,4342,False,658,802,45868335,174545710,45867530,174545141,0,0,1665976754,360,distance_to_pickup,BATCH,batch_greedy,0,0,order,1
1665977114,387340,2087,989.1637882575362,1,True,True,3118,False,658,802,46047111,174940175,46047129,174941164,0,0,1665977075,39,distance_to_pickup,BATCH,batch_greedy,0,0,order,1
1665977114,509048,3881,1007.0491547089447,1,True,True,972,False,658,802,45867851,174574247,45868643,174573625,0,0,1665976821,293,distance_to_pickup,BATCH,batch_greedy,0,0,order,1
1665977114,351610,4036,1007.5098014411572,1,True,True,3298,False,658,802,45856521,174587350,45856771,174586374,0,0,1665976777,337,distance_to_pickup,BATCH,batch_greedy,0,0,order,1
1665977114,70312,2423,1013.1939597135388,1,True,True,4342,False,658,802,45868335,174545710,45868656,174544749,0,0,1665977014,100,distance_to_pickup,BATCH,batch_greedy,0,0,order,1
1665977114,12967,2067,1013.8500875376004,1,True,True,100,False,658,802,45865368,174580855,45865604,174581841,0,0,1665977068,46,distance_to_pickup,BATCH,batch_greedy,0,0,order,1
1665977114,496025,3568,1015.986220378997,1,True,True,1276,False,658,802,45880733,174580196,45879971,174580868,0,0,1665976888,226,distance_to_pickup,BATCH,batch_greedy,0,0,order,1
1665977114,462109,226,1023.6312812727051,1,True,True,2921,False,658,802,45912289,174526370,45912014,174527356,0,0,1665976949,165,distance_to_pickup,BATCH,batch_greedy,0,0,order,1
1665977114,171194,2993,1027.004381684908,1,True,True,1975,False,658,802,46052348,174943286,46052345,174942259,0,0,1665977073,41,distance_to_pickup,BATCH,batch_greedy,0,0,order,1
1665977114,337729,2249,1030.2465724281735,1,True,True,73,False,658,802,45884468,174592977,45883480,174592685,0,0,1665976964,150,distance_to_pickup,BATCH,batch_greedy,0,0,order,1
1665977114,529982,1538,1033.503265597163,1,True,True,2002,False,658,802,45920114,174542742,45919529,174543594,0,0,1665977081,33,distance_to_pickup,BATCH,batch_greedy,0,0,order,1
1665977114,392747,670,1038.0582835274713,1,True,True,1149,False,658,802,45866351,174556191,45866153,174555172,0,0,1665976377,737,distance_to_pickup,BATCH,batch_greedy,0,0,order,1
1665977114,501220,3184,1042.9137068808714,1,True,True,2192,False,658,802,45902763,174586284,45903698,174586746,0,0,1665976723,391,distance_to_pickup,BATCH,batch_greedy,0,0,order,1
1665977114,456845,987,1046.885858152645,1,True,True,2921,False,658,802,45912017,174526299,45912330,174525300,0,0,1665976341,773,distance_to_pickup,BATCH,batch_greedy,0,0,order,1
1665977114,524698,4390,1053.9316865907392,1,True,True,2038,False,658,802,45856856,174575762,45857890,174575558,0,0,1665976290,824,distance_to_pickup,BATCH,batch_greedy,0,0,order,1
1665977114,28937,775,1055.3752887006592,1,True,True,3170,False,658,802,45875866,174650314,45875962,174649263,0,0,1665976870,244,distance_to_pickup,BATCH,batch_greedy,0,0,order,1
1665977114,233028,1346,1063.0380990350252,1,True,True,875,False,658,802,45859855,174571035,45859846,174572098,0,0,1665976818,296,distance_to_pickup,BATCH,batch_greedy,0,0,order,1
1665977114,177214,1198,1073.7867572288271,1,True,True,2968,False,658,802,45898320,174550193,45898807,174551150,0,0,1665976356,758,distance_to_pickup,BATCH,batch_greedy,0,0,order,1
1665977114,224394,2428,1073.8836063559215,1,True,True,4079,False,658,802,45897720,174529815,45898375,174528964,0,0,1665976774,340,distance_to_pickup,BATCH,batch_greedy,0,0,order,1
1665977114,449043,2856,1098.8430279161805,1,True,True,26,False,658,802,45895743,174547743,45896427,174548603,0,0,1665977051,63,distance_to_pickup,BATCH,batch_greedy,0,0,order,1
1665977114,516887,1215,1110.0819789547077,1,True,True,4054,False,658,802,45890563,174573599,45890514,174572490,0,0,1665975661,1453,distance_to_pickup,BATCH,batch_greedy,0,0,order,1
1665977114,490843,1784,1127.0891712726193,1,True,True,996,False,658,802,45908534,174530923,45909655,174530806,0,0,1665976772,342,distance_to_pickup,BATCH,batch_greedy,0,0,order,1
1665977114,334972,4258,1129.956636336103,1,True,True,391,False,658,802,45896259,174552883,45895460,174552084,0,0,1665976865,249,distance_to_pickup,BATCH,batch_greedy,0,0,order,1
1665977114,41765,2555,1144.2923577477916,1,True,True,1149,False,658,802,45868654,174556359,45867936,174557250,0,0,1665977078,36,distance_to_pickup,BATCH,batch_greedy,0,0,order,1
1665977114,32119,646,1161.7112377867402,1,True,True,604,False,658,802,45873329,174545627,45873187,174544474,0,0,1665977098,16,distance_to_pickup,BATCH,batch_greedy,0,0,order,1
1665977114,224396,2851,1162.9006836355372,1,True,True,1281,False,658,802,45906263,174574373,45906600,174573260,0,0,1665977038,76,distance_to_pickup,BATCH,batch_greedy,0,0,order,1
1665977114,12968,831,1169.0440539175588,1,True,True,2417,False,658,802,46055371,174942904,46054841,174941862,0,0,1665977069,45,distance_to_pickup,BATCH,batch_greedy,0,0,order,1
1665977114,35360,3279,1183.184262910896,1,True,True,1212,False,658,802,45898380,174554072,45898885,174555142,0,0,1665976881,233,distance_to_pickup,BATCH,batch_greedy,0,0,order,1
1665977114,206682,4087,1188.5272399065998,1,True,True,4194,False,658,802,45885356,174542714,45884862,174541633,0,0,1665977064,50,distance_to_pickup,BATCH,batch_greedy,0,0,order,1
1665977114,186096,1179,1190.1701559020878,1,True,True,4573,False,658,802,45850931,174497166,45852040,174497598,0,0,1665976961,153,distance_to_pickup,BATCH,batch_greedy,0,0,order,1
1665977114,57728,1498,1190.808128961169,1,True,True,457,False,658,802,46042316,174954242,46042726,174953124,0,0,1665977103,11,distance_to_pickup,BATCH,batch_greedy,0,0,order,1
1665977114,45059,3162,1195.3664710037672,1,True,True,278,False,658,802,45898320,174550193,45898095,174551367,0,0,1665976892,222,distance_to_pickup,BATCH,batch_greedy,0,0,order,1
1665977114,387335,493,1199.7766458803906,1,True,True,1790,False,658,802,45897286,174566670,45898216,174567428,0,0,1665977002,112,distance_to_pickup,BATCH,batch_greedy,0,0,order,1
1665977114,189068,681,1212.5860794186942,1,True,True,266,False,658,802,45880733,174580196,45879727,174580873,0,0,1665976557,557,distance_to_pickup,BATCH,batch_greedy,0,0,order,1
1665977114,35369,94,1216.8948187908436,1,True,True,3103,False,658,802,45877770,174578770,45876678,174579307,0,0,1665976650,464,distance_to_pickup,BATCH,batch_greedy,0,0,order,1
1665977114,137868,1756,1218.2532577424122,1,True,True,1020,False,658,802,45898281,174578532,45899366,174579086,0,0,1665977073,41,distance_to_pickup,BATCH,batch_greedy,0,0,order,1
1665977114,462107,47,1218.4424483741527,1,True,True,2878,False,658,802,45886802,174544898,45885731,174544317,0,0,1665977005,109,distance_to_pickup,BATCH,batch_greedy,0,0,order,1
1665977114,147009,3774,1245.4834402753013,1,True,True,1700,False,658,802,45820232,174523174,45819805,174522004,0,0,1665977049,65,distance_to_pickup,BATCH,batch_greedy,0,0,order,1
1665977114,357225,3991,1257.289942694206,1,True,True,214,False,658,802,45905669,174544560,45906722,174543873,0,0,1665977068,46,distance_to_pickup,BATCH,batch_greedy,0,0,order,1
1665977114,241881,1865,1269.4695742710812,1,True,True,3572,False,658,802,45890563,174573599,45890435,174574862,0,0,1665977073,41,distance_to_pickup,BATCH,batch_greedy,0,0,order,1
1665977114,548091,758,1270.4585786242699,1,True,True,4626,False,658,802,45884516,174581843,45885483,174582667,0,0,1665976668,446,distance_to_pickup,BATCH,batch_greedy,0,0,order,1
1665977114,85995,534,1270.6793458618897,1,True,True,4044,False,658,802,45894347,174586087,45893322,174585336,0,0,1665977064,50,distance_to_pickup,BATCH,batch_greedy,0,0,order,1
1665977114,550656,967,1273.5387705130927,1,True,True,1102,False,658,802,45884894,174566023,45883768,174566618,0,0,1665976611,503,distance_to_pickup,BATCH,batch_greedy,0,0,order,1
1665977114,101606,4175,1290.25966378865,1,True,True,3573,False,658,802,45876580,174545960,45877577,174545141,0,0,1665976900,214,distance_to_pickup,BATCH,batch_greedy,0,0,order,1
1665977114,73408,3925,1290.945777327615,1,True,True,2744,False,658,802,45884437,174581933,45885458,174582723,0,0,1665976878,236,distance_to_pickup,BATCH,batch_greedy,0,0,order,1
1665977114,496022,2887,1342.490968312264,1,True,True,1423,False,658,802,45864785,174580827,45863634,174580136,0,0,1665976604,510,distance_to_pickup,BATCH,batch_greedy,0,0,order,1
1665977114,45051,4932,1351.3330455516877,1,True,True,171,False,658,802,45860925,174555679,45860015,174556678,0,0,1665976896,218,distance_to_pickup,BATCH,batch_greedy,0,0,order,1
1665977114,177189,877,1354.1344098722254,1,True,True,2065,False,658,802,45861700,174583580,45862572,174584616,0,0,1665976952,162,distance_to_pickup,BATCH,batch_greedy,0,0,order,1
1665977114,373805,313,1356.6141676983916,1,True,True,3527,False,658,802,45872058,174580832,45873147,174581641,0,0,1665977078,36,distance_to_pickup,BATCH,batch_greedy,0,0,order,1
1665977114,16088,3965,1365.6430719628024,1,True,True,1693,False,658,802,45887697,174556801,45886456,174557371,0,0,1665976545,569,distance_to_pickup,BATCH,batch_greedy,0,0,order,1
1665977114,247694,1168,1367.6860019755998,1,True,True,3731,False,658,802,45893261,174549184,45894558,174548750,0,0,1665976753,361,distance_to_pickup,BATCH,batch_greedy,0,0,order,1
1665977114,96,3099,1376.3738590949772,1,True,True,162,False,658,802,45868335,174545710,45869553,174545069,0,0,1665976627,487,distance_to_pickup,BATCH,batch_greedy,0,0,order,1
1665977114,293212,2089,1386.9625085055472,1,True,True,1158,False,658,802,45842552,174575176,45841263,174575688,0,0,1665976712,402,distance_to_pickup,BATCH,batch_greedy,0,0,order,1
1665977114,113669,3315,1387.39504107518,1,True,True,958,False,658,802,45920123,174542534,45919215,174541485,0,0,1665976939,175,distance_to_pickup,BATCH,batch_greedy,0,0,order,1
1665977114,134864,1655,1389.7068036100277,1,True,True,404,False,658,802,45893552,174543169,45893913,174544511,0,0,1665977076,38,distance_to_pickup,BATCH,batch_greedy,0,0,order,1
1665977114,301604,4050,1397.533899409957,1,True,True,1584,False,658,802,45862631,174579111,45863701,174578212,0,0,1665932960,44154,distance_to_pickup,BATCH,batch_greedy,0,0,order,1
1665977114,443679,3259,1409.2792484103354,1,True,True,161,False,658,802,45874046,174535364,45873724,174533992,0,0,1665977102,12,distance_to_pickup,BATCH,batch_greedy,0,0,order,1
1665977114,215717,2841,1414.2764934764348,1,True,True,1102,False,658,802,45895200,174566810,45895773,174565517,0,0,1665977076,38,distance_to_pickup,BATCH,batch_greedy,0,0,order,1
1665977114,427557,666,1437.7332854184046,1,True,True,3570,False,658,802,45893272,174535152,45892046,174535903,0,0,1665977056,58,distance_to_pickup,BATCH,batch_greedy,0,0,order,1
1665977114,273388,3369,1446.6737711039073,1,True,True,1034,False,658,802,45855737,174570545,45854328,174570873,0,0,1665976912,202,distance_to_pickup,BATCH,batch_greedy,0,0,order,1
1665977114,387339,2534,1452.9432198128047,1,True,True,2355,False,658,802,45861490,174545510,45860770,174546772,0,0,1665977070,44,distance_to_pickup,BATCH,batch_greedy,0,0,order,1
1665977114,329449,535,1454.4706941014658,1,True,True,3474,False,658,802,45830427,174573700,45831881,174573737,0,0,1665976896,218,distance_to_pickup,BATCH,batch_greedy,0,0,order,1
1665977114,35362,3,1476.2848641099047,1,True,True,1926,False,658,802,45866326,174602374,45866297,174600898,0,0,1665976845,269,distance_to_pickup,BATCH,batch_greedy,0,0,order,1
1665977114,16103,1305,1480.3475943169562,1,True,True,2400,False,658,802,45866653,174574425,45867676,174575495,0,0,1665976976,138,distance_to_pickup,BATCH,batch_greedy,0,0,order,1
1665977114,67174,243,1511.5756679703468,1,True,True,1985,False,658,802,45883121,174541663,45881971,174540682,0,0,1665976803,311,distance_to_pickup,BATCH,batch_greedy,0,0,order,1
1665977114,186097,1098,1514.2219124025382,1,True,True,1319,False,658,802,45879856,174634533,45879774,174633021,0,0,1665977023,91,distance_to_pickup,BATCH,batch_greedy,0,0,order,1
1665977114,524706,3744,1527.367015487764,1,True,True,4170,False,658,802,45912080,174529170,45912745,174527795,0,0,1665976770,344,distance_to_pickup,BATCH,batch_greedy,0,0,order,1
1665977114,550665,1345,1534.4070516000636,1,True,True,2298,False,658,802,46047111,174940175,46045688,174940749,0,0,1665977071,43,distance_to_pickup,BATCH,batch_greedy,0,0,order,1
1665977114,79835,3827,1547.0449250102597,1,True,True,2329,False,658,802,45866830,174606620,45865782,174607758,0,0,1665977082,32,distance_to_pickup,BATCH,batch_greedy,0,0,order,1
1665977114,206680,2100,1557.5573825705428,1,True,True,3750,False,658,802,45856330,174579593,45856611,174578061,0,0,1665976736,378,distance_to_pickup,BATCH,batch_greedy,0,0,order,1
1665977114,147010,446,1607.024579774684,1,True,True,2352,False,658,802,45767476,174566349,45766164,174567277,0,0,1665977082,32,distance_to_pickup,BATCH,batch_greedy,0,0,order,1
1665977114,73399,1274,1612.4943410753415,1,True,True,119,False,658,802,45873329,174545627,45873636,174544044,0,0,1665976067,1047,distance_to_pickup,BATCH,batch_greedy,0,0,order,1
1665977114,262064,4707,1632.2564136801545,1,True,True,977,False,658,802,45863719,174582514,45863269,174584083,0,0,1665976878,236,distance_to_pickup,BATCH,batch_greedy,0,0,order,1
1665977114,45044,2985,1632.5198314262525,1,True,True,3825,False,658,802,45885327,174536696,45883847,174536007,0,0,1665976603,511,distance_to_pickup,BATCH,batch_greedy,0,0,order,1
1665977114,189066,501,1634.726276781529,1,True,True,4170,False,658,802,45910030,174526320,45910649,174524807,0,0,1665977075,39,distance_to_pickup,BATCH,batch_greedy,0,0,order,1
1665977114,19403,2127,1647.582471380416,1,True,True,2984,False,658,802,45875946,174545679,45877414,174544931,0,0,1665976838,276,distance_to_pickup,BATCH,batch_greedy,0,0,order,1
1665977114,279195,2243,1651.8020462513055,1,True,True,425,False,658,802,45887481,174555696,45885896,174556161,0,0,1665976983,131,distance_to_pickup,BATCH,batch_greedy,0,0,order,1
1665977114,318433,250,1662.174479409427,1,True,True,330,False,658,802,45911894,174529244,45910312,174528734,0,0,1665976933,181,distance_to_pickup,BATCH,batch_greedy,0,0,order,1
1665977114,119649,3064,1671.05864648731,1,True,True,440,False,658,802,45887639,174579160,45886320,174578134,0,0,1665976596,518,distance_to_pickup,BATCH,batch_greedy,0,0,order,1
1665977114,332271,1067,1671.8998175728113,1,True,True,4557,False,658,802,46043232,174940147,46042700,174941732,0,0,1665977097,17,distance_to_pickup,BATCH,batch_greedy,0,0,order,1
1665977114,79831,1236,1676.2589298792714,1,True,True,4694,False,658,802,45861655,174583536,45863195,174584198,0,0,1665976917,197,distance_to_pickup,BATCH,batch_greedy,0,0,order,1
1665977114,174199,4218,1677.528241192976,1,True,True,747,False,658,802,45874074,174536705,45873800,174538360,0,0,1665976926,188,distance_to_pickup,BATCH,batch_greedy,0,0,order,1
1665977114,259128,3012,1682.3355788902522,1,True,True,2471,False,658,802,45865778,174572103,45865300,174570490,0,0,1665976282,832,distance_to_pickup,BATCH,batch_greedy,0,0,order,1
1665977114,454280,1694,1685.8813718645806,1,True,True,268,False,658,802,45907759,174546285,45909089,174545249,0,0,1665977052,62,distance_to_pickup,BATCH,batch_greedy,0,0,order,1
1665977114,162150,3532,1713.9722868237982,1,True,True,1862,False,658,802,45920114,174542742,45921265,174541472,0,0,1665977031,83,distance_to_pickup,BATCH,batch_greedy,0,0,order,1
1665977114,456860,4311,1717.7802536995237,1,True,True,4694,False,658,802,45861655,174583536,45863243,174584191,0,0,1665976915,199,distance_to_pickup,BATCH,batch_greedy,0,0,order,1
1665977114,270516,584,1718.3006139788229,1,True,True,2976,False,658,802,45868335,174545710,45866729,174545099,0,0,1665977076,38,distance_to_pickup,BATCH,batch_greedy,0,0,order,1
1665977114,90,509,1722.8723109969583,1,True,True,84,False,658,802,45867766,174566793,45869349,174567473,0,0,1665976772,342,distance_to_pickup,BATCH,batch_greedy,0,0,order,1
1665977114,168121,726,1724.1244154642668,1,True,True,1105,False,658,802,45892908,174566908,45891210,174566609,0,0,1665976638,476,distance_to_pickup,BATCH,batch_greedy,0,0,order,1
1665977114,165207,2723,1732.769459564659,1,True,True,1941,False,658,802,45819784,174525705,45820045,174527418,0,0,1665977076,38,distance_to_pickup,BATCH,batch_greedy,0,0,order,1
1665977114,177197,1568,1753.8990848962776,1,True,True,262,False,658,802,45859122,174540364,45859253,174538615,0,0,1665976592,522,distance_to_pickup,BATCH,batch_greedy,0,0,order,1
1665977114,287655,1276,1755.0002849002617,1,True,True,230,False,658,802,45877759,174578692,45878584,174580241,0,0,1665976916,198,distance_to_pickup,BATCH,batch_greedy,0,0,order,1
1665977114,22588,3181,1758.135944686872,1,True,True,3408,False,658,802,45867072,174602180,45866091,174600721,0,0,1665971623,5491,distance_to_pickup,BATCH,batch_greedy,0,0,order,1
1665977114,548089,4308,1799.0133406953935,1,True,True,4204,False,658,802,45912080,174529170,45912537,174527430,0,0,1665976614,500,distance_to_pickup,BATCH,batch_greedy,0,0,order,1
1665977114,180222,620,1822.4469813961666,1,True,True,1105,False,658,802,45892700,174568290,45892133,174570022,0,0,1665976817,297,distance_to_pickup,BATCH,batch_greedy,0,0,order,1
1665977114,128718,1903,1824.751215919584,1,True,True,3233,False,658,802,45895612,174555734,45894546,174557215,0,0,1665976877,237,distance_to_pickup,BATCH,batch_greedy,0,0,order,1
1665977114,454279,4317,1825.65933295344,1,True,True,1831,False,658,802,45862950,174564010,45861136,174563804,0,0,1665977011,103,distance_to_pickup,BATCH,batch_greedy,0,0,order,1
1665977114,313016,3266,1837.793513972666,1,True,True,1760,False,658,802,45906263,174574373,45907556,174573067,0,0,1665976795,319,distance_to_pickup,BATCH,batch_greedy,0,0,order,1
1665977114,293224,3026,1854.1418500211896,1,True,True,81,False,658,802,45905899,174526998,45906248,174528819,0,0,1665976681,433,distance_to_pickup,BATCH,batch_greedy,0,0,order,1
1665977114,296029,2460,1861.5934035121634,1,True,True,1610,False,658,802,45867462,174566858,45865945,174565779,0,0,1665976748,366,distance_to_pickup,BATCH,batch_greedy,0,0,order,1
1665977114,561037,1445,1874.014407628714,1,True,True,1941,False,658,802,45820457,174535806,45819784,174534057,0,0,1665977082,32,distance_to_pickup,BATCH,batch_greedy,0,0,order,1
1665977114,19404,2472,1892.3015087453691,1,True,True,1584,False,658,802,45863946,174582310,45863435,174584132,0,0,1665976940,174,distance_to_pickup,BATCH,batch_greedy,0,0,order,1
1665977114,348808,973,1902.0851715945846,1,True,True,1325,False,658,802,45892700,174568290,45890798,174568272,0,0,1665976940,174,distance_to_pickup,BATCH,batch_greedy,0,0,order,1
1665977114,253377,709,1932.500970245552,1,True,True,140,False,658,802,45853590,174551680,45855274,174552628,0,0,1665977069,45,distance_to_pickup,BATCH,batch_greedy,0,0,order,1
1665977114,273387,2058,1949.0818351213477,1,True,True,279,False,658,802,45905899,174526998,45906065,174528940,0,0,1665976968,146,distance_to_pickup,BATCH,batch_greedy,0,0,order,1
1665977114,247687,1231,1953.6924015821937,1,True,True,2063,False,658,802,45867462,174566858,45865879,174565713,0,0,1665976809,305,distance_to_pickup,BATCH,batch_greedy,0,0,order,1
1665977114,282025,1628,1962.3773847045832,1,True,True,2045,False,658,802,45905669,174544560,45903816,174543914,0,0,1665976595,519,distance_to_pickup,BATCH,batch_greedy,0,0,order,1
1665977114,446269,469,1965.2015163845158,1,True,True,322,False,658,802,45821950,174527737,45819991,174527893,0,0,1665977082,32,distance_to_pickup,BATCH,batch_greedy,0,0,order,1
1665977114,298823,2788,1985.1188881273586,1,True,True,2961,False,658,802,45864228,174536685,45863624,174534794,0,0,1665977076,38,distance_to_pickup,BATCH,batch_greedy,0,0,order,1
1665977114,95398,797,1992.467063717742,1,True,True,2189,False,658,802,45875142,174590607,45873588,174589360,0,0,1665976830,284,distance_to_pickup,BATCH,batch_greedy,0,0,order,1
1665977114,107545,113,1993.9849548078341,1,True,True,818,False,658,802,46047194,174938821,46047068,174936831,0,0,1665977009,105,distance_to_pickup,BATCH,batch_greedy,0,0,order,1
1665977114,334973,1410,2013.6059693991772,1,True,True,915,False,658,802,45889647,174545036,45890519,174543221,0,0,1665976961,153,distance_to_pickup,BATCH,batch_greedy,0,0,order,1
1665977114,454276,1159,2022.2415780514455,1,True,True,2593,False,658,802,45882640,174597842,45884535,174597136,0,0,1665976914,200,distance_to_pickup,BATCH,batch_greedy,0,0,order,1
1665977114,159024,287,2062.490242401161,1,True,True,925,False,658,802,45895728,174555530,45897357,174556795,0,0,1665976884,230,distance_to_pickup,BATCH,batch_greedy,0,0,order,1
1665977114,92257,1657,2073.2853156283145,1,True,True,1703,False,658,802,45852846,174602424,45851922,174604280,0,0,1665977025,89,distance_to_pickup,BATCH,batch_greedy,0,0,order,1
1665977114,82943,4020,2095.59657377082,1,True,True,1605,False,658,802,45862950,174564010,45860855,174564060,0,0,1665977077,37,distance_to_pickup,BATCH,batch_greedy,0,0,order,1
1665977114,125707,171,2130.6599916457812,1,True,True,3473,False,658,802,45867140,174551189,45868364,174549445,0,0,1665976561,553,distance_to_pickup,BATCH,batch_greedy,0,0,order,1
1665977114,137869,2919,2141.749051593113,1,True,True,1811,False,658,802,45896917,174551954,45895350,174550494,0,0,1665976866,248,distance_to_pickup,BATCH,batch_greedy,0,0,order,1
1665977114,67180,1574,2144.4519113283936,1,True,True,2295,False,658,802,45861574,174545446,45863419,174544353,0,0,1665977079,35,distance_to_pickup,BATCH,batch_greedy,0,0,order,1
1665977114,171178,783,2169.2885930645557,1,True,True,783,True,658,802,45817053,174564463,45815191,174563350,0,0,1665976158,956,distance_to_pickup,BATCH,batch_greedy,0,0,order,1
1665977114,454281,3804,2178.7377079400817,1,True,True,2309,False,658,802,45839765,174551620,45837728,174550847,0,0,1665977052,62,distance_to_pickup,BATCH,batch_greedy,0,0,order,1
1665977114,459487,2685,2189.7810392822385,1,True,True,557,False,658,802,45865154,174557054,45865408,174559229,0,0,1665976824,290,distance_to_pickup,BATCH,batch_greedy,0,0,order,1
1665977114,462105,196,2236.7004716769743,1,True,True,540,False,658,802,45881191,174596618,45879018,174596088,0,0,1665976952,162,distance_to_pickup,BATCH,batch_greedy,0,0,order,1
1665977114,22580,3391,2301.8344857960574,1,True,True,2136,False,658,802,45902158,174585237,45904439,174585546,0,0,1665976683,431,distance_to_pickup,BATCH,batch_greedy,0,0,order,1
1665977114,475321,465,2315.073432960605,1,True,True,749,False,658,802,45896259,174552883,45894985,174550950,0,0,1665977068,46,distance_to_pickup,BATCH,batch_greedy,0,0,order,1
1665977114,88,1894,2317.5711423816097,1,True,True,1620,False,658,802,45863030,174564980,45862150,174567124,0,0,1665976740,374,distance_to_pickup,BATCH,batch_greedy,0,0,order,1
1665977114,16090,2842,2325.6743108182623,1,True,True,916,False,658,802,45842552,174575176,45844808,174574611,0,0,1665976695,419,distance_to_pickup,BATCH,batch_greedy,0,0,order,1
1665977114,522093,2342,2326.269330924517,1,True,True,611,False,658,802,45862054,174581041,45860227,174579601,0,0,1665976830,284,distance_to_pickup,BATCH,batch_greedy,0,0,order,1
1665977114,241865,4216,2328.5654382043895,1,True,True,3282,False,658,802,45905669,174544560,45907920,174543964,0,0,1665976267,847,distance_to_pickup,BATCH,batch_greedy,0,0,order,1
1665977114,279194,3071,2347.2647911984704,1,True,True,1777,False,658,802,45868994,174597121,45871038,174595967,0,0,1665977075,39,distance_to_pickup,BATCH,batch_greedy,0,0,order,1
1665977114,376539,1204,2406.200324162558,1,True,True,2270,False,658,802,45919660,174549308,45921290,174547538,0,0,1665976187,927,distance_to_pickup,BATCH,batch_greedy,0,0,order,1
1665977114,230205,4775,2417.6685049857433,1,True,True,425,False,658,802,45887481,174555696,45889496,174557032,0,0,1665976869,245,distance_to_pickup,BATCH,batch_greedy,0,0,order,1
1665977114,250552,162,2426.538687101444,1,True,True,4891,False,658,802,45882550,174555124,45883361,174552837,0,0,1665975963,1151,distance_to_pickup,BATCH,batch_greedy,0,0,order,1
1665977114,550615,4155,2443.108061465968,1,True,True,2666,False,658,802,45856856,174575762,45858572,174574023,0,0,1665971802,5312,distance_to_pickup,BATCH,batch_greedy,0,0,order,1
1665977114,548095,306,2456.1117645579566,1,True,True,404,False,658,802,45887304,174545246,45884886,174544815,0,0,1665976780,334,distance_to_pickup,BATCH,batch_greedy,0,0,order,1
1665977114,376546,2744,2457.1756143995894,1,True,True,1086,False,658,802,45897498,174588194,45897422,174585738,0,0,1665977077,37,distance_to_pickup,BATCH,batch_greedy,0,0,order,1
1665977114,267686,513,2464.5360618177206,1,True,True,130,False,658,802,45848681,174583880,45846218,174583967,0,0,1665976905,209,distance_to_pickup,BATCH,batch_greedy,0,0,order,1
1665977114,262062,43,2467.02756368874,1,True,True,1354,False,658,802,45874703,174650344,45874803,174647879,0,0,1665977008,106,distance_to_pickup,BATCH,batch_greedy,0,0,order,1
1665977114,432901,2463,2506.4726210353865,1,True,True,981,False,658,802,45867403,174569758,45865276,174568432,0,0,1665976614,500,distance_to_pickup,BATCH,batch_greedy,0,0,order,1
1665977114,116620,759,2521.6552103727427,1,True,True,1211,False,658,802,45877696,174531930,45875468,174530749,0,0,1665976924,190,distance_to_pickup,BATCH,batch_greedy,0,0,order,1
1665977114,212732,2984,2576.0438660861346,1,True,True,1476,False,658,802,45874835,174545439,45877284,174544640,0,0,1665977008,106,distance_to_pickup,BATCH,batch_greedy,0,0,order,1
1665977114,113674,131,2621.809489646416,1,True,True,1290,False,658,802,46053952,174948831,46055398,174946644,0,0,1665977082,32,distance_to_pickup,BATCH,batch_greedy,0,0,order,1
1665977114,408978,227,2644.323921156408,1,True,True,227,True,658,802,45863040,174581550,45863295,174584182,0,0,1665976867,247,distance_to_pickup,BATCH,batch_greedy,0,0,order,1
1665977114,32121,930,2666.1292166734906,1,True,True,269,False,658,802,46052240,174936640,46049927,174935314,0,0,1665977069,45,distance_to_pickup,BATCH,batch_greedy,0,0,order,1
1665977114,140945,4223,2670.6989721793807,1,True,True,2742,False,658,802,45886884,174562531,45888711,174560583,0,0,1665976893,221,distance_to_pickup,BATCH,batch_greedy,0,0,order,1
1665977114,206676,4504,2693.2369000888134,1,True,True,3223,False,658,802,45892888,174524550,45890447,174525688,0,0,1665976911,203,distance_to_pickup,BATCH,batch_greedy,0,0,order,1
1665977114,116621,875,2718.107613763664,1,True,True,2032,False,658,802,45855637,174569692,45857515,174567727,0,0,1665976536,578,distance_to_pickup,BATCH,batch_greedy,0,0,order,1
1665977114,334974,2497,2720.2444743074107,1,True,True,3087,False,658,802,45875750,174650344,45876073,174647643,0,0,1665977023,91,distance_to_pickup,BATCH,batch_greedy,0,0,order,1
1665977114,177183,3823,2760.8000651984926,1,True,True,281,False,658,802,45896370,174524880,45899046,174525559,0,0,1665976577,537,distance_to_pickup,BATCH,batch_greedy,0,0,order,1
1665977114,555819,2797,2775.121799128824,1,True,True,3708,False,658,802,45875735,174650359,45875761,174647584,0,0,1665976468,646,distance_to_pickup,BATCH,batch_greedy,0,0,order,1
1665977114,82942,1140,2778.2919213070463,1,True,True,1281,False,658,802,45904394,174568575,45903003,174566170,0,0,1665977082,32,distance_to_pickup,BATCH,batch_greedy,0,0,order,1
1665977114,19408,891,2779.0217703357416,1,True,True,1211,False,658,802,45877696,174531930,45877707,174534709,0,0,1665977067,47,distance_to_pickup,BATCH,batch_greedy,0,0,order,1
1665977114,296038,1755,2802.8679954646454,1,True,True,3438,False,658,802,45887530,174576520,45889625,174578382,0,0,1665977002,112,distance_to_pickup,BATCH,batch_greedy,0,0,order,1
1665977114,310174,695,2813.60587147525,1,True,True,2779,False,658,802,45875922,174572196,45873269,174571259,0,0,1665976813,301,distance_to_pickup,BATCH,batch_greedy,0,0,order,1
1665977114,180228,4092,2841.9774805582115,1,True,True,3391,False,658,802,45901660,174579130,45904370,174579986,0,0,1665976318,796,distance_to_pickup,BATCH,batch_greedy,0,0,order,1
1665977114,122662,1322,2855.4089024166046,1,True,True,1866,False,658,802,45856328,174549215,45856824,174546403,0,0,1665977078,36,distance_to_pickup,BATCH,batch_greedy,0,0,order,1
1665977114,98381,1012,2897.116670070434,1,True,True,4170,False,658,802,45910030,174526320,45907728,174524561,0,0,1665976811,303,distance_to_pickup,BATCH,batch_greedy,0,0,order,1
1665977114,373804,554,2908.196176326487,1,True,True,78,False,658,802,45849298,174548682,45852192,174548395,0,0,1665977013,101,distance_to_pickup,BATCH,batch_greedy,0,0,order,1
1665977114,365592,3237,2911.934065187603,1,True,True,2054,False,658,802,45853197,174599400,45853765,174596544,0,0,1665976916,198,distance_to_pickup,BATCH,batch_greedy,0,0,order,1
1665977114,194870,4379,2978.342156301052,1,True,True,2176,False,658,802,45853252,174530042,45855353,174527931,0,0,1665976779,335,distance_to_pickup,BATCH,batch_greedy,0,0,order,1
1665977114,284884,1775,3040.2968605055657,1,True,True,1086,False,658,802,45897498,174588194,45897840,174585173,0,0,1665977024,90,distance_to_pickup,BATCH,batch_greedy,0,0,order,1
1665977114,28939,920,3075.8902776269506,1,True,True,2032,False,658,802,45855637,174569692,45858712,174569618,0,0,1665976930,184,distance_to_pickup,BATCH,batch_greedy,0,0,order,1
1665977114,3219,2018,3111.572753448005,1,True,True,2055,False,658,802,45887481,174555696,45890343,174556917,0,0,1665976875,239,distance_to_pickup,BATCH,batch_greedy,0,0,order,1
1665977114,230204,2184,3145.7789178516664,1,True,True,857,False,658,802,45851787,174617479,45849313,174619422,0,0,1665976961,153,distance_to_pickup,BATCH,batch_greedy,0,0,order,1
1665977114,566064,3298,3153.860491524633,1,True,True,2666,False,658,802,45856330,174579593,45854710,174582299,0,0,1665976955,159,distance_to_pickup,BATCH,batch_greedy,0,0,order,1
1665977114,95400,3114,3178.4933537762827,1,True,True,2592,False,658,802,45889748,174535576,45892660,174536850,0,0,1665976505,609,distance_to_pickup,BATCH,batch_greedy,0,0,order,1
1665977114,561021,2399,3189.668634827135,1,True,True,3380,False,658,802,45885010,174520190,45886491,174517365,0,0,1665976130,984,distance_to_pickup,BATCH,batch_greedy,0,0,order,1
1665977114,273391,2798,3194.3996306035347,1,True,True,2593,False,658,802,45882640,174597842,45884998,174599997,0,0,1665977069,45,distance_to_pickup,BATCH,batch_greedy,0,0,order,1
1665977114,563516,4495,3204.609180539805,1,True,True,1643,False,658,802,45895360,174576670,45892636,174578358,0,0,1665976546,568,distance_to_pickup,BATCH,batch_greedy,0,0,order,1
1665977114,422236,473,3237.3237403756825,1,True,True,1731,False,658,802,45902274,174589909,45905090,174588312,0,0,1665977064,50,distance_to_pickup,BATCH,batch_greedy,0,0,order,1
1665977114,183218,1169,3287.672276854857,1,True,True,1703,False,658,802,45853197,174599400,45850339,174601025,0,0,1665976966,148,distance_to_pickup,BATCH,batch_greedy,0,0,order,1
1665977114,162147,1965,3302.527819716285,1,True,True,762,False,658,802,45895346,174532388,45896729,174529389,0,0,1665976851,263,distance_to_pickup,BATCH,batch_greedy,0,0,order,1
1665977114,532608,1166,3306.7228489850795,1,True,True,1362,False,658,802,45885583,174537087,45886723,174540191,0,0,1665977072,42,distance_to_pickup,BATCH,batch_greedy,0,0,order,1
1665977114,381842,1964,3345.190726998985,1,True,True,2593,False,658,802,45882640,174597842,45884939,174595412,0,0,1665977008,106,distance_to_pickup,BATCH,batch_greedy,0,0,order,1
1665977114,524710,3984,3350.6126305498224,1,True,True,1725,False,658,802,45838570,174574635,45835239,174574273,0,0,1665976733,381,distance_to_pickup,BATCH,batch_greedy,0,0,order,1
1665977114,41767,459,3358.6981108757004,1,True,True,120,False,658,802,46062472,174946061,46063470,174949268,0,0,1665977020,94,distance_to_pickup,BATCH,batch_greedy,0,0,order,1
1665977114,376534,3708,3419.1592533837907,1,True,True,2009,False,658,802,45879721,174647791,45878732,174644518,0,0,1665976593,521,distance_to_pickup,BATCH,batch_greedy,0,0,order,1
1665977114,224392,2884,3457.470896479101,1,True,True,675,False,658,802,45862134,174526400,45865390,174525237,0,0,1665976604,510,distance_to_pickup,BATCH,batch_greedy,0,0,order,1
1665977114,301697,173,3504.5606001323476,1,True,True,2038,False,658,802,45856330,174579593,45854703,174582697,0,0,1665976862,252,distance_to_pickup,BATCH,batch_greedy,0,0,order,1
1665977114,168112,1632,3533.885255635785,1,True,True,327,False,658,802,45887530,174576520,45890646,174578187,0,0,1665976357,757,distance_to_pickup,BATCH,batch_greedy,0,0,order,1
1665977114,92259,3147,3535.893946373392,1,True,True,3147,True,658,802,45770776,174560969,45767801,174562880,0,0,1665977067,47,distance_to_pickup,BATCH,batch_greedy,0,0,order,1
1665977114,540434,4185,3562.4021390067687,1,True,True,484,False,658,802,45897160,174590150,45896863,174593700,0,0,1665977062,52,distance_to_pickup,BATCH,batch_greedy,0,0,order,1
1665977114,125697,4368,3614.398566843452,1,True,True,4315,False,658,802,45859196,174548153,45857290,174545082,0,0,1665976683,431,distance_to_pickup,BATCH,batch_greedy,0,0,order,1
1665977114,28936,3265,3615.502731294778,1,True,True,2355,False,658,802,45863248,174541890,45864756,174545176,0,0,1665976855,259,distance_to_pickup,BATCH,batch_greedy,0,0,order,1
1665977114,48306,1152,3639.058257296797,1,True,True,1893,False,658,802,46043134,174959153,46041166,174956092,0,0,1665977075,39,distance_to_pickup,BATCH,batch_greedy,0,0,order,1
1665977114,19406,1425,3671.409810958183,1,True,True,3708,False,658,802,45875769,174650415,45875636,174646746,0,0,1665976935,179,distance_to_pickup,BATCH,batch_greedy,0,0,order,1
1665977114,424990,740,3678.0614459250132,1,True,True,622,False,658,802,45766070,174570302,45762964,174568332,0,0,1665977026,88,distance_to_pickup,BATCH,batch_greedy,0,0,order,1
1665977114,28943,400,3690.792055914286,1,True,True,941,False,658,802,45882550,174555124,45882435,174558813,0,0,1665977040,74,distance_to_pickup,BATCH,batch_greedy,0,0,order,1
1665977114,276286,4502,3754.7922712182094,1,True,True,946,False,658,802,45849895,174566798,45847736,174569870,0,0,1665977069,45,distance_to_pickup,BATCH,batch_greedy,0,0,order,1
1665977114,384548,2728,3817.0078595674913,1,True,True,723,False,658,802,45884568,174549661,45882078,174546768,0,0,1665976967,147,distance_to_pickup,BATCH,batch_greedy,0,0,order,1
1665977114,101612,2178,3817.1719898375027,1,True,True,593,False,658,802,45900979,174542411,45898018,174544820,0,0,1665977002,112,distance_to_pickup,BATCH,batch_greedy,0,0,order,1
1665977114,113670,3674,3832.64347415723,1,True,True,1117,False,658,802,45865723,174573423,45861913,174573007,0,0,1665976568,546,distance_to_pickup,BATCH,batch_greedy,0,0,order,1
1665977114,406334,1618,3846.5185557852183,1,True,True,791,False,658,802,45879636,174648191,45878588,174644490,0,0,1665976936,178,distance_to_pickup,BATCH,batch_greedy,0,0,order,1
1665977114,171188,17,3897.850946354927,1,True,True,167,False,658,802,45907518,174567959,45907287,174571850,0,0,1665976821,293,distance_to_pickup,BATCH,batch_greedy,0,0,order,1
1665977114,472664,4729,3924.63501487718,1,True,True,1700,False,658,802,45819784,174525705,45820166,174529611,0,0,1665976833,281,distance_to_pickup,BATCH,batch_greedy,0,0,order,1
1665977114,212734,283,3935.4453369345633,1,True,True,37,False,658,802,45877682,174539771,45873841,174540628,0,0,1665977082,32,distance_to_pickup,BATCH,batch_greedy,0,0,order,1
1665977114,365591,917,3967.4498106466326,1,True,True,762,False,658,802,45895346,174532388,45892493,174529631,0,0,1665976659,455,distance_to_pickup,BATCH,batch_greedy,0,0,order,1
1665977114,262059,3748,4031.5015812969737,1,True,True,2311,False,658,802,45896259,174552883,45895305,174548966,0,0,1665977083,31,distance_to_pickup,BATCH,batch_greedy,0,0,order,1
1665977114,351612,4696,4176.201384033103,1,True,True,414,False,658,802,45893090,174566900,45890427,174563683,0,0,1665976866,248,distance_to_pickup,BATCH,batch_greedy,0,0,order,1
1665977114,153048,7,4197.697106747937,1,True,True,3426,False,658,802,45885909,174536379,45885278,174532229,0,0,1665976936,178,distance_to_pickup,BATCH,batch_greedy,0,0,order,1
1665977114,236060,2799,4221.469530862446,1,True,True,3107,False,658,802,45841850,174559905,45845972,174558994,0,0,1665977015,99,distance_to_pickup,BATCH,batch_greedy,0,0,order,1
1665977114,348811,4139,4222.1990715739585,1,True,True,3185,False,658,802,45887481,174555696,45891394,174557282,0,0,1665977060,54,distance_to_pickup,BATCH,batch_greedy,0,0,order,1
1665977114,236055,941,4230.011820314454,1,True,True,749,False,658,802,45892850,174552390,45894784,174548628,0,0,1665976527,587,distance_to_pickup,BATCH,batch_greedy,0,0,order,1
1665977114,191945,591,4286.168685434581,1,True,True,3572,False,658,802,45887530,174576520,45886019,174580531,0,0,1665977070,44,distance_to_pickup,BATCH,batch_greedy,0,0,order,1
1665977114,398167,3535,4310.8572233373725,1,True,True,2053,False,658,802,45887530,174576520,45885783,174572579,0,0,1665977072,42,distance_to_pickup,BATCH,batch_greedy,0,0,order,1
1665977114,519413,238,4379.756385919199,1,True,True,689,False,658,802,45885892,174563248,45889971,174561653,0,0,1665977032,82,distance_to_pickup,BATCH,batch_greedy,0,0,order,1
1665977114,236070,4172,4379.904336854859,1,True,True,4079,False,658,802,45895346,174532388,45898227,174535687,0,0,1665977076,38,distance_to_pickup,BATCH,batch_greedy,0,0,order,1
1665977114,16101,2221,4388.88425456858,1,True,True,3758,False,658,802,45819086,174556431,45818222,174560734,0,0,1665977111,3,distance_to_pickup,BATCH,batch_greedy,0,0,order,1
1665977114,19393,409,4450.227185212009,1,True,True,2043,False,658,802,45859196,174548153,45856157,174544902,0,0,1665976653,461,distance_to_pickup,BATCH,batch_greedy,0,0,order,1
1665977114,177186,1810,4451.3487843573885,1,True,True,3951,False,658,802,45865723,174573423,45864738,174569082,0,0,1665976732,382,distance_to_pickup,BATCH,batch_greedy,0,0,order,1
1665977114,51476,3134,4485.230205909168,1,True,True,2454,False,658,802,45892879,174567270,45890662,174563371,0,0,1665977077,37,distance_to_pickup,BATCH,batch_greedy,0,0,order,1
1665977114,293213,2139,4567.383496051103,1,True,True,844,False,658,802,45860907,174525837,45857163,174528453,0,0,1665976736,378,distance_to_pickup,BATCH,batch_greedy,0,0,order,1
1665977114,137870,3747,4571.219202794808,1,True,True,1726,False,658,802,45872959,174545634,45877481,174544965,0,0,1665976929,185,distance_to_pickup,BATCH,batch_greedy,0,0,order,1
1665977114,38512,3572,4591.526979121434,1,True,True,3103,False,658,802,45877759,174578692,45875945,174582910,0,0,1665977019,95,distance_to_pickup,BATCH,batch_greedy,0,0,order,1
1665977114,416990,1551,4594.76234423501,1,True,True,1523,False,658,802,45769491,174578329,45764970,174579149,0,0,1665977071,43,distance_to_pickup,BATCH,batch_greedy,0,0,order,1
1665977114,390041,4044,4600.895673670509,1,True,True,2053,False,658,802,45887530,174576520,45890550,174579991,0,0,1665976945,169,distance_to_pickup,BATCH,batch_greedy,0,0,order,1
1665977114,561034,1726,4608.103405957813,1,True,True,1622,False,658,802,45872960,174545650,45877516,174544959,0,0,1665977028,86,distance_to_pickup,BATCH,batch_greedy,0,0,order,1
1665977114,101,1704,4654.523176438162,1,True,True,100,False,658,802,45865368,174580855,45863663,174585186,0,0,1665976303,811,distance_to_pickup,BATCH,batch_greedy,0,0,order,1
1665977114,89106,1685,4705.45013787204,1,True,True,1362,False,658,802,45885970,174526360,45881280,174525979,0,0,1665976203,911,distance_to_pickup,BATCH,batch_greedy,0,0,order,1
1665977114,147012,3006,4757.51952176762,1,True,True,980,False,658,802,45767644,174568016,45763378,174565910,0,0,1665977068,46,distance_to_pickup,BATCH,batch_greedy,0,0,order,1
1665977114,241877,52,4806.9887663692325,1,True,True,814,False,658,802,45893881,174533468,45891031,174529597,0,0,1665976686,428,distance_to_pickup,BATCH,batch_greedy,0,0,order,1
1665977114,25842,4539,4845.0372547587285,1,True,True,1117,False,658,802,45865723,174573423,45860954,174572568,0,0,1665977021,93,distance_to_pickup,BATCH,batch_greedy,0,0,order,1
1665977114,371033,1721,4861.947860683,1,True,True,4003,False,658,802,45877682,174539771,45877778,174544632,0,0,1665976305,809,distance_to_pickup,BATCH,batch_greedy,0,0,order,1
1665977114,480562,2080,4873.103733761472,1,True,True,1266,False,658,802,45885886,174563236,45882304,174566540,0,0,1665977074,40,distance_to_pickup,BATCH,batch_greedy,0,0,order,1
1665977114,307305,1457,4904.3393031069945,1,True,True,2110,False,658,802,45895200,174566810,45895688,174561930,0,0,1665977074,40,distance_to_pickup,BATCH,batch_greedy,0,0,order,1
1665977114,298821,3453,4975.976788531072,1,True,True,980,False,658,802,45767217,174569826,45762485,174568287,0,0,1665977097,17,distance_to_pickup,BATCH,batch_greedy,0,0,order,1
1665977114,156047,3276,5035.317368349288,1,True,True,2742,False,658,802,45885886,174563236,45890501,174561222,0,0,1665976658,456,distance_to_pickup,BATCH,batch_greedy,0,0,order,1
1665977114,529983,3950,5067.768147814183,1,True,True,1117,False,658,802,45865723,174573423,45860698,174572766,0,0,1665976875,239,distance_to_pickup,BATCH,batch_greedy,0,0,order,1
1665977114,41763,1719,5069.79220481471,1,True,True,1117,False,658,802,45865723,174573423,45860735,174572516,0,0,1665977075,39,distance_to_pickup,BATCH,batch_greedy,0,0,order,1
1665977114,215706,2011,5081.851040713414,1,True,True,830,False,658,802,45914350,174561390,45913113,174556461,0,0,1665976833,281,distance_to_pickup,BATCH,batch_greedy,0,0,order,1
1665977114,304467,1880,5181.971150054775,1,True,True,2270,False,658,802,45919660,174549308,45921372,174544417,0,0,1665977077,37,distance_to_pickup,BATCH,batch_greedy,0,0,order,1
1665977114,22582,748,5255.624130395932,1,True,True,1543,False,658,802,45877890,174578340,45874251,174582132,0,0,1665976785,329,distance_to_pickup,BATCH,batch_greedy,0,0,order,1
1665977114,85999,910,5265.210062286214,1,True,True,2144,False,658,802,45910030,174526320,45906109,174529834,0,0,1665977077,37,distance_to_pickup,BATCH,batch_greedy,0,0,order,1
1665977114,542954,4803,5305.241559062132,1,True,True,3750,False,658,802,45857849,174581004,45852621,174581906,0,0,1665977092,22,distance_to_pickup,BATCH,batch_greedy,0,0,order,1
1665977114,537887,4899,5338.453427726049,1,True,True,4782,False,658,802,45874046,174535364,45868868,174534065,0,0,1665976623,491,distance_to_pickup,BATCH,batch_greedy,0,0,order,1
1665977114,95405,1929,5360.449421457122,1,True,True,266,False,658,802,45877890,174578340,45873477,174581383,0,0,1665976825,289,distance_to_pickup,BATCH,batch_greedy,0,0,order,1
1665977114,206677,1771,5375.752412453535,1,True,True,3524,False,658,802,45927565,174521517,45923150,174524584,0,0,1665976974,140,distance_to_pickup,BATCH,batch_greedy,0,0,order,1
1665977114,244728,3963,5432.113492923358,1,True,True,2480,False,658,802,45857992,174606072,45856223,174611208,0,0,1665977069,45,distance_to_pickup,BATCH,batch_greedy,0,0,order,1
1665977114,38504,2056,5663.522313896186,1,True,True,3823,False,658,802,45896370,174524880,45900333,174528926,0,0,1665976849,265,distance_to_pickup,BATCH,batch_greedy,0,0,order,1
1665977114,480553,335,5730.0461603725325,1,True,True,1494,False,658,802,45875732,174650419,45871430,174646634,0,0,1665976705,409,distance_to_pickup,BATCH,batch_greedy,0,0,order,1
1665977114,493447,1076,5734.863293924276,1,True,True,2400,False,658,802,45866653,174574425,45861564,174577069,0,0,1665977074,40,distance_to_pickup,BATCH,batch_greedy,0,0,order,1
1665977114,427552,1129,5780.308815279682,1,True,True,1831,False,658,802,45869364,174570875,45864181,174568316,0,0,1665976821,293,distance_to_pickup,BATCH,batch_greedy,0,0,order,1
1665977114,6489,1751,5786.847501014693,1,True,True,2557,False,658,802,45911894,174529244,45906144,174529896,0,0,1665976873,241,distance_to_pickup,BATCH,batch_greedy,0,0,order,1
1665977114,408975,3604,5828.180676677757,1,True,True,1185,False,658,802,45905340,174559520,45900881,174563273,0,0,1665977073,41,distance_to_pickup,BATCH,batch_greedy,0,0,order,1
1665977114,485673,1550,5835.0023993139885,1,True,True,269,False,658,802,46050899,174947569,46051357,174953386,0,0,1665977080,34,distance_to_pickup,BATCH,batch_greedy,0,0,order,1
1665977114,334978,495,5858.562622350298,1,True,True,1920,False,658,802,45896298,174578827,45894482,174584397,0,0,1665977069,45,distance_to_pickup,BATCH,batch_greedy,0,0,order,1
1665977114,446270,3491,5859.001365420561,1,True,True,21,False,658,802,46045145,174938665,46043241,174933124,0,0,1665977071,43,distance_to_pickup,BATCH,batch_greedy,0,0,order,1
1665977114,253374,564,5969.836597428777,1,True,True,442,False,658,802,45889647,174545036,45885632,174540618,0,0,1665977050,64,distance_to_pickup,BATCH,batch_greedy,0,0,order,1
1665977114,197827,187,6008.647934435833,1,True,True,1425,False,658,802,45875776,174650671,45870615,174653748,0,0,1665976365,749,distance_to_pickup,BATCH,batch_greedy,0,0,order,1
1665977114,9736,3131,6081.424175306307,1,True,True,1858,False,658,802,45861610,174531528,45856328,174528514,0,0,1665977059,55,distance_to_pickup,BATCH,batch_greedy,0,0,order,1
1665977114,67179,1931,6142.364121411234,1,True,True,3524,False,658,802,45927565,174521517,45922539,174525048,0,0,1665977074,40,distance_to_pickup,BATCH,batch_greedy,0,0,order,1
1665977114,403629,888,6201.280190412299,1,True,True,1071,False,658,802,45920072,174552641,45913872,174552515,0,0,1665976932,182,distance_to_pickup,BATCH,batch_greedy,0,0,order,1
1665977114,19402,442,6261.66255877782,1,True,True,1587,False,658,802,45897008,174553031,45898611,174546978,0,0,1665977005,109,distance_to_pickup,BATCH,batch_greedy,0,0,order,1
1665977114,435627,1235,6281.024916365162,1,True,True,1720,False,658,802,45900860,174579410,45904917,174584205,0,0,1665977084,30,distance_to_pickup,BATCH,batch_greedy,0,0,order,1
1665977114,368317,4094,6341.943629519266,1,True,True,1494,False,658,802,45876088,174650428,45875931,174644088,0,0,1665977074,40,distance_to_pickup,BATCH,batch_greedy,0,0,order,1
1665977114,337726,764,6391.255353997366,1,True,True,4185,False,658,802,45899430,174590080,45901029,174596268,0,0,1665977026,88,distance_to_pickup,BATCH,batch_greedy,0,0,order,1
1665977114,477934,634,6714.877288528808,1,True,True,2921,False,658,802,45919951,174516559,45919027,174523210,0,0,1665977104,10,distance_to_pickup,BATCH,batch_greedy,0,0,order,1
1665977114,419684,2357,6732.042929156052,1,True,True,2806,False,658,802,45912320,174519710,45916851,174524689,0,0,1665976548,566,distance_to_pickup,BATCH,batch_greedy,0,0,order,1
1665977114,522099,1620,6777.452987664319,1,True,True,20,False,658,802,45870123,174570701,45866398,174565039,0,0,1665977079,35,distance_to_pickup,BATCH,batch_greedy,0,0,order,1
1665977114,310177,1767,6812.608604638902,1,True,True,3815,False,658,802,45889193,174615514,45889493,174622320,0,0,1665976903,211,distance_to_pickup,BATCH,batch_greedy,0,0,order,1
1665977114,443680,1214,6822.141892397138,1,True,True,2806,False,658,802,45912320,174519710,45916378,174525194,0,0,1665977067,47,distance_to_pickup,BATCH,batch_greedy,0,0,order,1
1665977114,446259,680,6892.995067457977,1,True,True,1940,False,658,802,45861460,174532407,45856290,174527848,0,0,1665976750,364,distance_to_pickup,BATCH,batch_greedy,0,0,order,1
1665977114,209744,357,7082.815824232619,1,True,True,42,False,658,802,45924573,174557435,45925787,174564413,0,0,1665976556,558,distance_to_pickup,BATCH,batch_greedy,0,0,order,1
1665977114,282034,4294,7213.983157729162,1,True,True,3185,False,658,802,45885886,174563236,45880258,174567749,0,0,1665977059,55,distance_to_pickup,BATCH,batch_greedy,0,0,order,1
1665977114,57724,2663,7387.172124703742,1,True,True,3473,False,658,802,45867140,174551189,45868766,174558395,0,0,1665976437,677,distance_to_pickup,BATCH,batch_greedy,0,0,order,1
1665977114,348809,3911,7505.74992922093,1,True,True,689,False,658,802,45885675,174551319,45879956,174546458,0,0,1665976981,133,distance_to_pickup,BATCH,batch_greedy,0,0,order,1
1665977114,477932,387,7513.332283348049,1,True,True,2793,False,658,802,45885675,174551319,45879904,174546508,0,0,1665976886,228,distance_to_pickup,BATCH,batch_greedy,0,0,order,1
1665977114,48300,2285,7521.797989842588,1,True,True,3071,False,658,802,45871427,174624974,45874754,174618228,0,0,1665976901,213,distance_to_pickup,BATCH,batch_greedy,0,0,order,1
1665977114,116618,2787,7656.114549822253,1,True,True,3697,False,658,802,45860307,174548890,45859390,174556491,0,0,1665976978,136,distance_to_pickup,BATCH,batch_greedy,0,0,order,1
1665977114,304464,1523,7668.924370470738,1,True,True,1786,False,658,802,45774990,174561220,45778066,174568245,0,0,1665977097,17,distance_to_pickup,BATCH,batch_greedy,0,0,order,1
1665977114,101600,2129,7689.907151585122,1,True,True,2971,False,658,802,45919951,174516559,45921667,174524055,0,0,1665976721,393,distance_to_pickup,BATCH,batch_greedy,0,0,order,1
1665977114,403633,4367,7705.966130213654,1,True,True,1043,False,658,802,45849071,174527541,45852536,174520658,0,0,1665976626,488,distance_to_pickup,BATCH,batch_greedy,0,0,order,1
1665977114,32109,3273,7710.067250030962,1,True,True,1894,False,658,802,45878123,174577620,45882562,174571316,0,0,1665976893,221,distance_to_pickup,BATCH,batch_greedy,0,0,order,1
1665977114,424988,1424,7735.743338555126,1,True,True,3245,False,658,802,45889662,174545698,45896713,174542516,0,0,1665977077,37,distance_to_pickup,BATCH,batch_greedy,0,0,order,1
1665977114,110597,413,7942.416005221585,1,True,True,1703,False,658,802,45855591,174605363,45852795,174612797,0,0,1665976868,246,distance_to_pickup,BATCH,batch_greedy,0,0,order,1
1665977114,321239,255,8009.56709192201,1,True,True,748,False,658,802,45895360,174576670,45893326,174584417,0,0,1665975880,1234,distance_to_pickup,BATCH,batch_greedy,0,0,order,1
1665977114,35370,4752,8062.354246744558,1,True,True,666,False,658,802,45889630,174546285,45896746,174542495,0,0,1665976979,135,distance_to_pickup,BATCH,batch_greedy,0,0,order,1
1665977114,524715,1018,8905.029702364838,1,True,True,3549,False,658,802,46043232,174940147,46041659,174948912,0,0,1665977068,46,distance_to_pickup,BATCH,batch_greedy,0,0,order,1
1665977114,218639,3525,8926.054279467497,1,True,True,3119,False,658,802,45859514,174606372,45868436,174606641,0,0,1665977074,40,distance_to_pickup,BATCH,batch_greedy,0,0,order,1
1665977114,153051,1905,8958.216898468132,1,True,True,101,False,658,802,45877890,174578340,45885599,174582903,0,0,1665976467,647,distance_to_pickup,BATCH,batch_greedy,0,0,order,1
1665977114,209754,2735,9014.95867988312,1,True,True,266,False,658,802,45877890,174578340,45885512,174583154,0,0,1665976977,137,distance_to_pickup,BATCH,batch_greedy,0,0,order,1
1665977114,104580,3668,9049.770660077525,1,True,True,259,False,658,802,45859397,174606289,45868440,174606639,0,0,1665976979,135,distance_to_pickup,BATCH,batch_greedy,0,0,order,1
1665977114,165210,3409,9053.020821803073,1,True,True,2371,False,658,802,45859397,174606289,45868442,174606670,0,0,1665977074,40,distance_to_pickup,BATCH,batch_greedy,0,0,order,1
1665977114,419686,1693,9205.866390514257,1,True,True,3185,False,658,802,45885886,174563236,45878716,174557462,0,0,1665977073,41,distance_to_pickup,BATCH,batch_greedy,0,0,order,1
1665977114,427559,289,9387.326829294909,1,True,True,3239,False,658,802,45830737,174561329,45832713,174552152,0,0,1665977079,35,distance_to_pickup,BATCH,batch_greedy,0,0,order,1
1665977114,92249,876,9402.781981945556,1,True,True,1250,False,658,802,45895360,174576670,45890295,174584592,0,0,1665976572,542,distance_to_pickup,BATCH,batch_greedy,0,0,order,1
1665977114,454283,1119,9419.898619411995,1,True,True,764,False,658,802,45902274,174589909,45892983,174588356,0,0,1665977055,59,distance_to_pickup,BATCH,batch_greedy,0,0,order,1
1665977114,48305,855,9464.643363592735,1,True,True,101,False,658,802,45877890,174578340,45885847,174583465,0,0,1665977087,27,distance_to_pickup,BATCH,batch_greedy,0,0,order,1
1665977114,128725,180,9558.936394808787,1,True,True,2454,False,658,802,45892879,174567270,45902392,174566334,0,0,1665976532,582,distance_to_pickup,BATCH,batch_greedy,0,0,order,1
1665977114,379186,120,9717.035144528396,1,True,True,3555,False,658,802,46051686,174940992,46061372,174941768,0,0,1665977078,36,distance_to_pickup,BATCH,batch_greedy,0,0,order,1
1665977114,496028,2617,9872.451215377061,1,True,True,3103,False,658,802,45878123,174577620,45886040,174583518,0,0,1665976926,188,distance_to_pickup,BATCH,batch_greedy,0,0,order,1
1665977114,307300,462,10278.103959388618,1,True,True,777,False,658,802,46051597,174947220,46043992,174954134,0,0,1665976842,272,distance_to_pickup,BATCH,batch_greedy,0,0,order,1
1665977114,67178,3160,10480.674835143012,1,True,True,2204,False,658,802,45873015,174626148,45866046,174618320,0,0,1665976288,826,distance_to_pickup,BATCH,batch_greedy,0,0,order,1
1665977114,85994,471,10900.966975456811,1,True,True,2204,False,658,802,45873015,174626148,45870556,174636768,0,0,1665977045,69,distance_to_pickup,BATCH,batch_greedy,0,0,order,1
1665977114,477926,3178,11201.206542154287,1,True,True,1585,False,658,802,45895360,174576670,45906558,174576402,0,0,1665976615,499,distance_to_pickup,BATCH,batch_greedy,0,0,order,1
1665977114,529972,908,11234.94014225265,1,True,True,4573,False,658,802,45865463,174482601,45876121,174479047,0,0,1665976654,460,distance_to_pickup,BATCH,batch_greedy,0,0,order,1
1665977114,89126,3567,11235.817059742474,1,True,True,1251,False,658,802,45889630,174546285,45898039,174538833,0,0,1665977089,25,distance_to_pickup,BATCH,batch_greedy,0,0,order,1
1665977114,296034,2171,11445.23835487929,1,True,True,1354,False,658,802,45875997,174650469,45864562,174649985,0,0,1665976897,217,distance_to_pickup,BATCH,batch_greedy,0,0,order,1
1665977114,373801,4095,11983.12546875814,1,True,True,83,False,658,802,45870564,174546942,45873328,174558602,0,0,1665976998,116,distance_to_pickup,BATCH,batch_greedy,0,0,order,1
1665977114,323977,2237,12049.699913275848,1,True,True,126,False,658,802,45873015,174626148,45867497,174636860,0,0,1665977064,50,distance_to_pickup,BATCH,batch_greedy,0,0,order,1
1665977114,89,2636,12091.834145405734,1,True,True,83,False,658,802,45870564,174546942,45873301,174558720,0,0,1665976227,887,distance_to_pickup,BATCH,batch_greedy,0,0,order,1
1665977114,422238,614,12099.68069826638,1,True,True,126,False,658,802,45873015,174626148,45876343,174614515,0,0,1665976970,144,distance_to_pickup,BATCH,batch_greedy,0,0,order,1
1665977114,498614,2885,12113.413433050157,1,True,True,2159,False,658,802,46052393,174932299,46060514,174923311,0,0,1665977098,16,distance_to_pickup,BATCH,batch_greedy,0,0,order,1
1665977114,490826,240,12192.08288193613,1,True,True,2303,False,658,802,45856607,174536801,45844449,174537712,0,0,1665975913,1201,distance_to_pickup,BATCH,batch_greedy,0,0,order,1
1665977114,41711,3648,12250.425992593075,1,True,True,2937,False,658,802,45884761,174635144,45896857,174637083,0,0,1665972656,4458,distance_to_pickup,BATCH,batch_greedy,0,0,order,1
1665977114,174195,331,13307.608725838012,1,True,True,369,False,658,802,45902806,174555734,45908421,174543669,0,0,1665977079,35,distance_to_pickup,BATCH,batch_greedy,0,0,order,1
1665977114,264848,472,13646.337603914099,1,True,True,1494,False,658,802,45876088,174650428,45874461,174663977,0,0,1665977075,39,distance_to_pickup,BATCH,batch_greedy,0,0,order,1
1665977114,116619,4133,13918.416361066369,1,True,True,2976,False,658,802,45868335,174545710,45859850,174556743,0,0,1665976930,184,distance_to_pickup,BATCH,batch_greedy,0,0,order,1
1665977114,456864,158,14101.937739190313,1,True,True,369,False,658,802,45902806,174555734,45909628,174543392,0,0,1665976823,291,distance_to_pickup,BATCH,batch_greedy,0,0,order,1
1665977114,542955,3720,14337.88662948623,1,True,True,703,False,658,802,45902806,174555734,45909734,174543181,0,0,1665977075,39,distance_to_pickup,BATCH,batch_greedy,0,0,order,1
1665977114,206681,3272,15002.776543026961,1,True,True,1804,False,658,802,45769293,174566824,45782895,174573154,0,0,1665977081,33,distance_to_pickup,BATCH,batch_greedy,0,0,order,1
1665977114,438284,904,15167.677805122312,1,True,True,1304,False,658,802,45884742,174633571,45899769,174631510,0,0,1665977032,82,distance_to_pickup,BATCH,batch_greedy,0,0,order,1
1665977114,371042,4221,15281.334660297181,1,True,True,75,False,658,802,45898351,174553300,45901181,174538283,0,0,1665976865,249,distance_to_pickup,BATCH,batch_greedy,0,0,order,1
1665977114,212728,1126,15286.08599347786,1,True,True,3434,False,658,802,45871867,174544242,45872987,174559487,0,0,1665976866,248,distance_to_pickup,BATCH,batch_greedy,0,0,order,1
1665977114,162152,44,16167.498569661295,1,True,True,2993,False,658,802,46050966,174946024,46039697,174957617,0,0,1665977082,32,distance_to_pickup,BATCH,batch_greedy,0,0,order,1
1665977114,35371,4833,16733.951894277692,1,True,True,103,False,658,802,45902806,174555734,45909781,174540523,0,0,1665976986,128,distance_to_pickup,BATCH,batch_greedy,0,0,order,1
1665977114,153049,4017,17160.058770295633,1,True,True,691,False,658,802,45874164,174536556,45881588,174521085,0,0,1665976210,904,distance_to_pickup,BATCH,batch_greedy,0,0,order,1
1665977114,200772,1742,18003.889857472466,1,True,True,3801,False,658,802,45860803,174537004,45844116,174543763,0,0,1665977087,27,distance_to_pickup,BATCH,batch_greedy,0,0,order,1
1665977114,76562,183,18244.158215713873,1,True,True,3801,False,658,802,45860803,174537004,45853256,174553614,0,0,1665977082,32,distance_to_pickup,BATCH,batch_greedy,0,0,order,1
1665977114,535233,4543,18247.469989014917,1,True,True,2937,False,658,802,45884761,174635144,45901376,174642688,0,0,1665976614,500,distance_to_pickup,BATCH,batch_greedy,0,0,order,1
1665977114,82936,628,18429.96956047405,1,True,True,446,False,658,802,45768655,174566775,45772948,174584698,0,0,1665977032,82,distance_to_pickup,BATCH,batch_greedy,0,0,order,1
1665977114,89131,342,18991.747813195077,1,True,True,840,False,658,802,46052554,174946860,46060276,174964211,0,0,1665977058,56,distance_to_pickup,BATCH,batch_greedy,0,0,order,1
1665977114,550661,2057,19520.290084934702,1,True,True,369,False,658,802,45902813,174555825,45918248,174567775,0,0,1665976763,351,distance_to_pickup,BATCH,batch_greedy,0,0,order,1
1665977114,162154,4024,19603.285974550286,1,True,True,103,False,658,802,45902806,174555734,45915791,174541048,0,0,1665977070,44,distance_to_pickup,BATCH,batch_greedy,0,0,order,1
1665977114,424980,519,19789.345643552744,1,True,True,1016,False,658,802,45887243,174550790,45869894,174560310,0,0,1665976878,236,distance_to_pickup,BATCH,batch_greedy,0,0,order,1
1665977114,357227,1838,20385.20311402366,1,True,True,3840,False,658,802,45892888,174567981,45892979,174588366,0,0,1665976302,812,distance_to_pickup,BATCH,batch_greedy,0,0,order,1
1665977114,76554,488,21691.34288143544,1,True,True,1040,False,658,802,45898371,174553499,45910301,174535383,0,0,1665976833,281,distance_to_pickup,BATCH,batch_greedy,0,0,order,1
1665977114,233013,537,23391.654964965604,1,True,True,4019,False,658,802,45897008,174553031,45905887,174531390,0,0,1665975929,1185,distance_to_pickup,BATCH,batch_greedy,0,0,order,1
1665977114,371049,741,24002.725261936404,1,True,True,689,False,658,802,45887243,174550790,45866701,174563206,0,0,1665976999,115,distance_to_pickup,BATCH,batch_greedy,0,0,order,1
1665977114,451738,991,24202.808969208512,1,True,True,565,False,658,802,45898300,174553788,45905959,174530829,0,0,1665976876,238,distance_to_pickup,BATCH,batch_greedy,0,0,order,1
1665977114,70310,1960,24203.45603421131,1,True,True,391,False,658,802,45898300,174553788,45905928,174530818,0,0,1665976873,241,distance_to_pickup,BATCH,batch_greedy,0,0,order,1
1665977114,107543,2431,24232.85573348713,1,True,True,407,False,658,802,45898300,174553788,45905979,174530804,0,0,1665977075,39,distance_to_pickup,BATCH,batch_greedy,0,0,order,1
1665977114,483072,1415,24268.920639369193,1,True,True,269,False,658,802,46050732,174942316,46054129,174966346,0,0,1665977065,49,distance_to_pickup,BATCH,batch_greedy,0,0,order,1
1665977114,57729,637,24691.475553315966,1,True,True,2827,False,658,802,45898300,174553788,45906043,174530342,0,0,1665976328,786,distance_to_pickup,BATCH,batch_greedy,0,0,order,1
1665977114,70327,640,24964.779450257516,1,True,True,1666,False,658,802,45898300,174553788,45900563,174528926,0,0,1665977026,88,distance_to_pickup,BATCH,batch_greedy,0,0,order,1
1665977114,168142,474,25055.32935325337,1,True,True,1238,False,658,802,45898317,174553837,45918490,174568697,0,0,1665977076,38,distance_to_pickup,BATCH,batch_greedy,0,0,order,1
1665977114,550663,3140,26617.10671729743,1,True,True,4130,False,658,802,45896047,174554578,45905998,174529891,0,0,1665976875,239,distance_to_pickup,BATCH,batch_greedy,0,0,order,1
1665977114,191949,1382,26632.327292221384,1,True,True,693,False,658,802,45896047,174554578,45906083,174529909,0,0,1665977083,31,distance_to_pickup,BATCH,batch_greedy,0,0,order,1
1665977114,287656,1094,27398.67471247469,1,True,True,1779,False,658,802,45884225,174633972,45864085,174615396,0,0,1665977011,103,distance_to_pickup,BATCH,batch_greedy,0,0,order,1
1665977114,159039,475,28696.26351983826,1,True,True,4393,False,658,802,45896190,174554821,45916786,174534839,0,0,1665976900,214,distance_to_pickup,BATCH,batch_greedy,0,0,order,1
1665977114,373806,4483,29233.165839504964,1,True,True,3731,False,658,802,45895683,174554863,45916599,174534440,0,0,1665977062,52,distance_to_pickup,BATCH,batch_greedy,0,0,order,1
1665977114,221544,1916,29250.20664884267,1,True,True,862,False,658,802,46049566,174941858,46045331,174970800,0,0,1665977080,34,distance_to_pickup,BATCH,batch_greedy,0,0,order,1
1665977114,558419,1224,29486.519360548475,1,True,True,168,False,658,802,45894980,174554750,45866770,174563332,0,0,1665976783,331,distance_to_pickup,BATCH,batch_greedy,0,0,order,1
1665977114,194876,2556,30096.226756854423,1,True,True,3731,False,658,802,45895683,174554863,45914380,174578447,0,0,1665977070,44,distance_to_pickup,BATCH,batch_greedy,0,0,order,1
1665977114,247693,2149,31270.56660823401,1,True,True,4843,False,658,802,45894980,174554750,45919540,174535394,0,0,1665976693,421,distance_to_pickup,BATCH,batch_greedy,0,0,order,1
1665977114,414282,1896,31323.65320329032,1,True,True,95,False,658,802,45894980,174554750,45921381,174537893,0,0,1665970950,6164,distance_to_pickup,BATCH,batch_greedy,0,0,order,1
1665977114,522102,3091,31763.266865988455,1,True,True,3084,False,658,802,45894980,174554750,45917011,174577631,0,0,1665976715,399,distance_to_pickup,BATCH,batch_greedy,0,0,order,1
1665977114,168128,2144,32454.77538051989,1,True,True,3437,False,658,802,45894980,174554750,45921574,174536147,0,0,1665976721,393,distance_to_pickup,BATCH,batch_greedy,0,0,order,1
1665977114,406340,1745,41446.92259987465,1,True,True,1217,False,658,802,46052333,174932853,46064545,174893246,0,0,1665977071,43,distance_to_pickup,BATCH,batch_greedy,0,0,order,1
1665977114,387341,2030,53546.85112123775,1,True,True,1893,False,658,802,46050125,174941512,46054861,174994849,0,0,1665977073,41,distance_to_pickup,BATCH,batch_greedy,0,0,order,1
1665977114,168127,323,311728.893086605,1,True,True,1065,False,658,802,46043190,174939130,45872666,174678177,0,0,1665977079,35,distance_to_pickup,BATCH,batch_greedy,0,0,order,1
1665977114,470047,697,321627.861114363,1,True,True,317,False,658,802,46043478,174939239,45873820,174665998,0,0,1665977023,91,distance_to_pickup,BATCH,batch_greedy,0,0,order,1
1665977114,506461,2005,363401.4766315624,1,True,True,1757,False,658,802,46045390,174938695,45894527,174608088,0,0,1665977082,32,distance_to_pickup,BATCH,batch_greedy,0,0,order,1
1665977114,119650,2751,370319.202533436,1,True,True,2849,False,658,802,46042834,174939970,45886536,174604251,0,0,1665977071,43,distance_to_pickup,BATCH,batch_greedy,0,0,order,1
1665977114,215714,4704,371771.65508144913,1,True,True,1975,False,658,802,46043162,174939975,45889323,174601526,0,0,1665977094,20,distance_to_pickup,BATCH,batch_greedy,0,0,order,1
1665977114,259150,2667,377140.06444423273,1,True,True,2993,False,658,802,46051728,174940222,45918900,174587247,0,0,1665977067,47,distance_to_pickup,BATCH,batch_greedy,0,0,order,1
1665977114,527294,1131,24.331050121192877,1,True,False,2773,False,658,802,45894842,174555253,45894866,174555249,0,0,1665976854,260,distance_to_pickup,BATCH,batch_greedy,0,0,order,1
1665977114,177196,561,39.11521443121589,1,True,False,1643,False,658,802,45893543,174584356,45893564,174584323,0,0,1665977081,33,distance_to_pickup,BATCH,batch_greedy,0,0,order,1
1665977114,6492,2478,40.8166632639171,1,True,False,2003,False,658,802,45766245,174567179,45766224,174567214,0,0,1665977072,42,distance_to_pickup,BATCH,batch_greedy,0,0,order,1
1665977114,48301,3001,51.03920062069938,1,True,False,538,False,658,802,45879921,174546626,45879892,174546584,0,0,1665976904,210,distance_to_pickup,BATCH,batch_greedy,0,0,order,1
1665977114,51479,1175,68.8839603971781,1,True,False,3283,False,658,802,45860164,174572482,45860103,174572514,0,0,1665976910,204,distance_to_pickup,BATCH,batch_greedy,0,0,order,1
1665977114,48304,3536,81.74350127074322,1,True,False,1704,False,658,802,45863396,174583501,45863375,174583422,0,0,1665977042,72,distance_to_pickup,BATCH,batch_greedy,0,0,order,1
1665977114,398151,546,83.60023923410746,1,True,False,305,False,658,802,45885839,174536161,45885889,174536094,0,0,1665976282,832,distance_to_pickup,BATCH,batch_greedy,0,0,order,1
1665977114,12973,1423,113.35784048754634,1,True,False,3718,False,658,802,45862946,174583985,45863031,174584060,0,0,1665976875,239,distance_to_pickup,BATCH,batch_greedy,0,0,order,1
1665977114,122659,249,116.06894502837527,1,True,False,3721,False,658,802,45897597,174552952,45897481,174552948,0,0,1665976969,145,distance_to_pickup,BATCH,batch_greedy,0,0,order,1
1665977114,395445,553,117.5967686630887,1,True,False,84,False,658,802,45867766,174566793,45867668,174566858,0,0,1665977032,82,distance_to_pickup,BATCH,batch_greedy,0,0,order,1
1665977114,503901,1759,176.07100840286,1,True,False,1759,False,658,802,45764668,174569944,45764844,174569939,0,0,1665977013,101,distance_to_pickup,BATCH,batch_greedy,0,0,order,1
1665977114,57732,1616,226.92069099136816,1,True,False,287,False,658,802,45894929,174555394,45894866,174555612,0,0,1665977075,39,distance_to_pickup,BATCH,batch_greedy,0,0,order,1
1665977114,381833,220,228.114006584427,1,True,False,3440,False,658,802,45879175,174650529,45878981,174650409,0,0,1665976744,370,distance_to_pickup,BATCH,batch_greedy,0,0,order,1
1665977114,104582,2134,229.53866776645717,1,True,False,2034,False,658,802,45874701,174571605,45874489,174571517,0,0,1665976613,501,distance_to_pickup,BATCH,batch_greedy,0,0,order,1
1665977114,427564,451,253.51331325987596,1,True,False,4054,False,658,802,45883093,174592612,45883330,174592702,0,0,1665977070,44,distance_to_pickup,BATCH,batch_greedy,0,0,order,1
1665977114,51477,1367,268.9014689435519,1,True,False,1238,False,658,802,45898317,174553837,45898585,174553859,0,0,1665976720,394,distance_to_pickup,BATCH,batch_greedy,0,0,order,1
1665977114,63978,1332,284.07921430474283,1,True,False,1190,False,658,802,45852183,174556342,45852108,174556616,0,0,1665976217,897,distance_to_pickup,BATCH,batch_greedy,0,0,order,1
1665977114,60882,3171,322.8188346425902,1,True,False,1585,False,658,802,45898786,174565946,45898852,174566262,0,0,1665976938,176,distance_to_pickup,BATCH,batch_greedy,0,0,order,1
1665977114,16105,1400,330.65087327875,1,True,False,3565,False,658,802,45895612,174555834,45895939,174555883,0,0,1665977077,37,distance_to_pickup,BATCH,batch_greedy,0,0,order,1
1665977114,203744,1041,342.11255457816804,1,True,False,740,False,658,802,45763899,174566859,45764020,174567179,0,0,1665977075,39,distance_to_pickup,BATCH,batch_greedy,0,0,order,1
1665977114,310178,4332,357.359762704197,1,True,False,3725,False,658,802,45901279,174543589,45900924,174543630,0,0,1665977072,42,distance_to_pickup,BATCH,batch_greedy,0,0,order,1
1665977114,307289,1794,362.2292092032336,1,True,False,1494,False,658,802,45874320,174648050,45874607,174648271,0,0,1665976209,905,distance_to_pickup,BATCH,batch_greedy,0,0,order,1
1665977114,368319,1804,370.98382714075285,1,True,False,1564,False,658,802,45766076,174566855,45766199,174567205,0,0,1665977062,52,distance_to_pickup,BATCH,batch_greedy,0,0,order,1
1665977114,435628,1813,417.93899076300596,1,True,False,2189,False,658,802,45870770,174595580,45871187,174595552,0,0,1665977067,47,distance_to_pickup,BATCH,batch_greedy,0,0,order,1
1665977114,304465,3342,440.1136216933077,1,True,False,1941,False,658,802,45821950,174527737,45822222,174528083,0,0,1665977097,17,distance_to_pickup,BATCH,batch_greedy,0,0,order,1
1665977114,403635,373,460.9772228646444,1,True,False,2773,False,658,802,45894842,174555253,45894590,174555639,0,0,1665976850,264,distance_to_pickup,BATCH,batch_greedy,0,0,order,1
1665977114,89135,454,521.7853964993654,1,True,False,3150,False,658,802,45912289,174526370,45912451,174526866,0,0,1665977013,101,distance_to_pickup,BATCH,batch_greedy,0,0,order,1
1665977114,509050,402,578.013840664737,1,True,False,434,False,658,802,45880110,174548040,45879952,174547484,0,0,1665976961,153,distance_to_pickup,BATCH,batch_greedy,0,0,order,1
1665977114,313015,1417,639.4137940332536,1,True,False,2358,False,658,802,45847307,174550841,45846710,174551070,0,0,1665976538,576,distance_to_pickup,BATCH,batch_greedy,0,0,order,1
1665977114,270511,3425,717.9310551856634,1,True,False,1582,False,658,802,45866836,174581477,45866388,174580916,0,0,1665976931,183,distance_to_pickup,BATCH,batch_greedy,0,0,order,1
1665977114,498615,328,841.7244204607587,1,True,False,2435,False,658,802,45867880,174573167,45868716,174573069,0,0,1665976877,237,distance_to_pickup,BATCH,batch_greedy,0,0,order,1
1665977114,315752,4003,871.9231617522269,1,True,False,2037,False,658,802,45876860,174545700,45877539,174545153,0,0,1665976915,199,distance_to_pickup,BATCH,batch_greedy,0,0,order,1
1665977114,63996,3004,913.1188312591083,1,True,False,1876,False,658,802,45884468,174592977,45885273,174593408,0,0,1665976869,245,distance_to_pickup,BATCH,batch_greedy,0,0,order,1
1665977114,144001,1220,1017.0452300659986,1,True,False,2740,False,658,802,45866351,174556191,45867196,174556757,0,0,1665976988,126,distance_to_pickup,BATCH,batch_greedy,0,0,order,1
1665977114,376533,368,1030.73808506332,1,True,False,2208,False,658,802,45832424,174540670,45833454,174540709,0,0,1665976542,572,distance_to_pickup,BATCH,batch_greedy,0,0,order,1
1665977114,45035,3980,1127.573057500045,1,True,False,3090,False,658,802,45905669,174544560,45906080,174545610,0,0,1665976196,918,distance_to_pickup,BATCH,batch_greedy,0,0,order,1
1665977114,215711,3511,1178.8672529169685,1,True,False,2606,False,658,802,45875002,174650109,45874470,174649057,0,0,1665977007,107,distance_to_pickup,BATCH,batch_greedy,0,0,order,1
1665977114,137864,3608,1182.5130020426836,1,True,False,1571,False,658,802,45856220,174583459,45857336,174583850,0,0,1665976992,122,distance_to_pickup,BATCH,batch_greedy,0,0,order,1
1665977114,45056,1029,1240.3632532447905,1,True,False,1041,False,658,802,45765111,174571328,45764801,174570127,0,0,1665977082,32,distance_to_pickup,BATCH,batch_greedy,0,0,order,1
1665977114,456856,2861,1264.1914411986818,1,True,False,90,False,658,802,45873748,174550525,45873726,174549261,0,0,1665976800,314,distance_to_pickup,BATCH,batch_greedy,0,0,order,1
1665977114,424987,1273,1317.5951578538834,1,True,False,2976,False,658,802,45867140,174551189,45867889,174552273,0,0,1665977035,79,distance_to_pickup,BATCH,batch_greedy,0,0,order,1
1665977114,122663,2774,1339.7122825442782,1,True,False,278,False,658,802,45898320,174550193,45898122,174548868,0,0,1665977070,44,distance_to_pickup,BATCH,batch_greedy,0,0,order,1
1665977114,329455,2234,1369.1329373001001,1,True,False,1017,False,658,802,45869422,174571363,45868884,174572622,0,0,1665976994,120,distance_to_pickup,BATCH,batch_greedy,0,0,order,1
1665977114,313018,2160,1426.529004261743,1,True,False,2065,False,658,802,45861700,174583580,45861873,174584996,0,0,1665976868,246,distance_to_pickup,BATCH,batch_greedy,0,0,order,1
1665977114,440997,1414,1536.0240883527836,1,True,False,352,False,658,802,45880110,174548040,45879749,174546547,0,0,1665977000,114,distance_to_pickup,BATCH,batch_greedy,0,0,order,1
1665977114,212731,1976,1651.588629168898,1,True,False,227,False,658,802,45861844,174579248,45860251,174579684,0,0,1665976720,394,distance_to_pickup,BATCH,batch_greedy,0,0,order,1
1665977114,12966,114,1693.7228226601896,1,True,False,3395,False,658,802,45911110,174530490,45909554,174529821,0,0,1665977058,56,distance_to_pickup,BATCH,batch_greedy,0,0,order,1
1665977114,54612,2513,1802.8338803117717,1,True,False,1259,False,658,802,45857807,174581892,45858344,174583613,0,0,1665976965,149,distance_to_pickup,BATCH,batch_greedy,0,0,order,1
1665977114,493446,3211,1842.662475875601,1,True,False,753,False,658,802,45885269,174525154,45883752,174524108,0,0,1665977072,42,distance_to_pickup,BATCH,batch_greedy,0,0,order,1
1665977114,337718,3330,1963.7377625334805,1,True,False,88,False,658,802,45866450,174536750,45868271,174537485,0,0,1665976782,332,distance_to_pickup,BATCH,batch_greedy,0,0,order,1
1665977114,427562,4014,2025.527091894848,1,True,False,2662,False,658,802,45907759,174546285,45905865,174547003,0,0,1665977078,36,distance_to_pickup,BATCH,batch_greedy,0,0,order,1
1665977114,140944,2066,2244.3618246619685,1,True,False,3840,False,658,802,45892888,174567981,45890866,174568955,0,0,1665977072,42,distance_to_pickup,BATCH,batch_greedy,0,0,order,1
1665977114,79833,3874,2370.6338814755854,1,True,False,1126,False,658,802,45866523,174578800,45864355,174577841,0,0,1665976401,713,distance_to_pickup,BATCH,batch_greedy,0,0,order,1
1665977114,537933,928,2599.89076693618,1,True,False,2288,False,658,802,45898320,174550193,45898686,174547619,0,0,1665974152,2962,distance_to_pickup,BATCH,batch_greedy,0,0,order,1
1665977114,419685,629,2773.838495659039,1,True,False,1054,False,658,802,46048736,174947932,46045990,174948324,0,0,1665977073,41,distance_to_pickup,BATCH,batch_greedy,0,0,order,1
1665977114,293221,583,2789.19343180067,1,True,False,737,False,658,802,45889158,174535054,45888258,174532414,0,0,1665976890,224,distance_to_pickup,BATCH,batch_greedy,0,0,order,1
1665977114,3218,1744,2922.0412385864784,1,True,False,2054,False,658,802,45852942,174591757,45850652,174589942,0,0,1665977017,97,distance_to_pickup,BATCH,batch_greedy,0,0,order,1
1665977114,276287,3375,3054.296973118364,1,True,False,31,False,658,802,46045870,174938788,46045959,174941841,0,0,1665977052,62,distance_to_pickup,BATCH,batch_greedy,0,0,order,1
1665977114,203743,2826,3172.6723751437053,1,True,False,2487,False,658,802,45769653,174578806,45772824,174578909,0,0,1665977066,48,distance_to_pickup,BATCH,batch_greedy,0,0,order,1
1665977114,125698,1449,3763.838997619319,1,True,False,1154,False,658,802,45874819,174607415,45871159,174606537,0,0,1665977032,82,distance_to_pickup,BATCH,batch_greedy,0,0,order,1
1665977114,32120,2454,3997.351248014115,1,True,False,1632,False,658,802,45895979,174575393,45898823,174572584,0,0,1665977063,51,distance_to_pickup,BATCH,batch_greedy,0,0,order,1
1665977114,171193,1412,4393.034714181075,1,True,False,4079,False,658,802,45895346,174532388,45898031,174535865,0,0,1665976678,436,distance_to_pickup,BATCH,batch_greedy,0,0,order,1
1665977114,159026,900,4734.440304830128,1,True,False,2309,False,658,802,45839765,174551620,45841954,174547422,0,0,1665977072,42,distance_to_pickup,BATCH,batch_greedy,0,0,order,1
1665977114,522100,1319,4896.466685274188,1,True,False,483,False,658,802,45879942,174634576,45876311,174631291,0,0,1665977069,45,distance_to_pickup,BATCH,batch_greedy,0,0,order,1
1665977114,501222,1805,4949.471587957648,1,True,False,3206,False,658,802,45895360,174576670,45891305,174579508,0,0,1665976796,318,distance_to_pickup,BATCH,batch_greedy,0,0,order,1
1665977114,150000,3307,5039.595420269369,1,True,False,2297,False,658,802,45864617,174511544,45860388,174514285,0,0,1665977044,70,distance_to_pickup,BATCH,batch_greedy,0,0,order,1
1665977114,542950,4556,5167.345256512283,1,True,False,3483,False,658,802,45884568,174549661,45882652,174544862,0,0,1665976841,273,distance_to_pickup,BATCH,batch_greedy,0,0,order,1
1665977114,262053,1724,5460.843982389535,1,True,False,2126,False,658,802,45890990,174546350,45895941,174544046,0,0,1665976931,183,distance_to_pickup,BATCH,batch_greedy,0,0,order,1
1665977114,259151,2803,5616.824013621933,1,True,False,3446,False,658,802,46058867,174947322,46059873,174941796,0,0,1665977074,40,distance_to_pickup,BATCH,batch_greedy,0,0,order,1
1665977114,45053,2761,5961.344311478746,1,True,False,976,False,658,802,45927565,174521517,45928516,174527402,0,0,1665976957,157,distance_to_pickup,BATCH,batch_greedy,0,0,order,1
1665977114,503897,2509,5970.034840769357,1,True,False,604,False,658,802,45872518,174545918,45878108,174548014,0,0,1665976895,219,distance_to_pickup,BATCH,batch_greedy,0,0,order,1
1665977114,203738,2880,6643.509388869711,1,True,False,2126,False,658,802,45890990,174546350,45897266,174544171,0,0,1665976856,258,distance_to_pickup,BATCH,batch_greedy,0,0,order,1
1665977114,76558,1673,6743.417308753775,1,True,False,433,False,658,802,45873040,174625865,45876221,174619919,0,0,1665976959,155,distance_to_pickup,BATCH,batch_greedy,0,0,order,1
1665977114,542956,1792,6754.2254922381735,1,True,False,446,False,658,802,45769703,174567541,45775204,174571460,0,0,1665977062,52,distance_to_pickup,BATCH,batch_greedy,0,0,order,1
1665977114,171189,4108,7206.057521280273,1,True,False,29,False,658,802,45857373,174602526,45860937,174596263,0,0,1665976937,177,distance_to_pickup,BATCH,batch_greedy,0,0,order,1
1665977114,276282,2972,7460.57826177033,1,True,False,857,False,658,802,45855787,174605657,45852859,174612519,0,0,1665976676,438,distance_to_pickup,BATCH,batch_greedy,0,0,order,1
1665977114,329452,2068,7602.862947600726,1,True,False,4315,False,658,802,45860307,174548890,45857245,174555849,0,0,1665976964,150,distance_to_pickup,BATCH,batch_greedy,0,0,order,1
1665977114,259148,2383,8244.358313416515,1,True,False,2716,False,658,802,45889630,174546285,45881550,174544647,0,0,1665977093,21,distance_to_pickup,BATCH,batch_greedy,0,0,order,1
1665977114,79837,2083,10899.389570063087,1,True,False,691,False,658,802,45874164,174536556,45873406,174525683,0,0,1665977006,108,distance_to_pickup,BATCH,batch_greedy,0,0,order,1
1665977114,527300,3829,11652.87247849216,1,True,False,2825,False,658,802,45924613,174557214,45920154,174567980,0,0,1665977077,37,distance_to_pickup,BATCH,batch_greedy,0,0,order,1
1665977114,177190,3090,13645.412782323589,1,True,False,2696,False,658,802,45902806,174555734,45908389,174543283,0,0,1665976949,165,distance_to_pickup,BATCH,batch_greedy,0,0,order,1
1665977114,262061,2870,13866.536409644623,1,True,False,2976,False,658,802,45868335,174545710,45861359,174557694,0,0,1665976540,574,distance_to_pickup,BATCH,batch_greedy,0,0,order,1
1665977114,340511,3886,15960.676677384326,1,True,False,2676,False,658,802,45884742,174633571,45899874,174628495,0,0,1665976729,385,distance_to_pickup,BATCH,batch_greedy,0,0,order,1
1665977114,191947,3311,20429.38249189143,1,True,False,2993,False,658,802,46050966,174946024,46042204,174964479,0,0,1665977082,32,distance_to_pickup,BATCH,batch_greedy,0,0,order,1
1665977114,284883,2196,22405.605213874496,1,True,False,2793,False,658,802,45887243,174550790,45867127,174560657,0,0,1665977013,101,distance_to_pickup,BATCH,batch_greedy,0,0,order,1
1665977114,203736,3857,25075.72932139761,1,True,False,115,False,658,802,45898300,174553788,45905951,174529908,0,0,1665976673,441,distance_to_pickup,BATCH,batch_greedy,0,0,order,1
1665977114,95403,3170,27961.85803912179,1,True,False,3359,False,658,802,45884761,174635144,45856873,174637175,0,0,1665977080,34,distance_to_pickup,BATCH,batch_greedy,0,0,order,1
1665977114,537895,1870,31184.178167782455,1,True,False,1754,False,658,802,45894980,174554750,45865298,174564312,0,0,1665976726,388,distance_to_pickup,BATCH,batch_greedy,0,0,order,1
1665977114,424991,1002,313683.67886295903,1,True,False,2225,False,658,802,46043190,174939130,45885542,174667939,0,0,1665977068,46,distance_to_pickup,BATCH,batch_greedy,0,0,order,1
1665977114,472666,4187,373383.6766718652,1,True,False,1975,False,658,802,46043162,174939975,45889744,174599566,0,0,1665977077,37,distance_to_pickup,BATCH,batch_greedy,0,0,order,1
1665977234,304438,1527,29.0,1,True,True,536,False,714,314,45859780,174572470,45859809,174572470,0,0,1665976098,1136,distance_to_pickup,BATCH,batch_greedy,0,0,order,1
1665977234,509052,451,30.0,1,True,True,2751,False,714,314,45885082,174594249,45885052,174594249,0,0,1665977034,200,distance_to_pickup,BATCH,batch_greedy,0,0,order,1
1665977234,73403,2367,32.802438933713454,1,True,True,2005,False,714,314,45885789,174597626,45885815,174597646,0,0,1665976745,489,distance_to_pickup,BATCH,batch_greedy,0,0,order,1
1665977234,119642,1138,38.47076812334269,1,True,True,536,False,714,314,45860748,174572540,45860786,174572534,0,0,1665976920,314,distance_to_pickup,BATCH,batch_greedy,0,0,order,1
1665977234,537933,249,69.87131027825369,1,True,True,2288,False,714,314,45898320,174550193,45898331,174550262,0,0,1665974152,3082,distance_to_pickup,BATCH,batch_greedy,0,0,order,1
1665977234,165198,3004,73.38937252763509,1,True,True,1314,False,714,314,45886063,174587132,45886088,174587063,0,0,1665976656,578,distance_to_pickup,BATCH,batch_greedy,0,0,order,1
1665977234,70298,4276,86.09297300012354,1,True,True,2972,False,714,314,45871124,174595611,45871198,174595655,0,0,1665976749,485,distance_to_pickup,BATCH,batch_greedy,0,0,order,1
1665977234,92256,3857,103.36827366266692,1,True,True,1096,False,714,314,45905850,174529930,45905951,174529908,0,0,1665976999,235,distance_to_pickup,BATCH,batch_greedy,0,0,order,1
1665977234,63978,479,104.80935072788114,1,True,True,1190,False,714,314,45852183,174556342,45852131,174556433,0,0,1665976217,1017,distance_to_pickup,BATCH,batch_greedy,0,0,order,1
1665977234,273392,1804,113.4063490286148,1,True,True,740,False,714,314,45766541,174567191,45766631,174567122,0,0,1665977186,48,distance_to_pickup,BATCH,batch_greedy,0,0,order,1
1665977234,6480,1813,118.4229707446997,1,True,True,2972,False,714,314,45871124,174595611,45871242,174595621,0,0,1665976753,481,distance_to_pickup,BATCH,batch_greedy,0,0,order,1
1665977234,480563,2777,121.8031198286809,1,True,True,3280,False,714,314,45870386,174606490,45870446,174606596,0,0,1665977219,15,distance_to_pickup,BATCH,batch_greedy,0,0,order,1
1665977234,535230,114,126.01587201618692,1,True,True,4833,False,714,314,45912090,174528833,45912016,174528935,0,0,1665976912,322,distance_to_pickup,BATCH,batch_greedy,0,0,order,1
1665977234,84,2041,130.41855696180662,1,True,True,78,False,714,314,45851375,174554560,45851350,174554688,0,0,1665976696,538,distance_to_pickup,BATCH,batch_greedy,0,0,order,1
1665977234,416992,3171,143.05593311708537,1,True,True,2689,False,714,314,45898999,174566316,45898887,174566227,0,0,1665977187,47,distance_to_pickup,BATCH,batch_greedy,0,0,order,1
1665977234,545549,3001,143.58621103713267,1,True,True,2730,False,714,314,45880173,174546649,45880272,174546545,0,0,1665976956,278,distance_to_pickup,BATCH,batch_greedy,0,0,order,1
1665977234,346091,1063,145.49914089093448,1,True,True,1670,False,714,314,45868629,174606647,45868502,174606576,0,0,1665976700,534,distance_to_pickup,BATCH,batch_greedy,0,0,order,1
1665977234,16113,4147,151.17208737065187,1,True,True,1002,False,714,314,45879830,174648436,45879748,174648309,0,0,1665974234,3000,distance_to_pickup,BATCH,batch_greedy,0,0,order,1
1665977234,200776,1131,161.07451691686057,1,True,True,666,False,714,314,45892825,174553589,45892721,174553712,0,0,1665975762,1472,distance_to_pickup,BATCH,batch_greedy,0,0,order,1
1665977234,107544,1616,165.73774464496614,1,True,True,693,False,714,314,45894760,174555551,45894923,174555581,0,0,1665977150,84,distance_to_pickup,BATCH,batch_greedy,0,0,order,1
1665977234,501226,786,178.07021087200408,1,True,True,1356,False,714,314,45876130,174591527,45876300,174591474,0,0,1665977196,38,distance_to_pickup,BATCH,batch_greedy,0,0,order,1
1665977234,348815,373,181.8130908378162,1,True,True,666,False,714,314,45894760,174555551,45894644,174555691,0,0,1665977189,45,distance_to_pickup,BATCH,batch_greedy,0,0,order,1
1665977234,403632,3203,183.69812192834198,1,True,True,854,False,714,314,45868992,174606599,45868823,174606527,0,0,1665977224,10,distance_to_pickup,BATCH,batch_greedy,0,0,order,1
1665977234,381833,220,207.32824216685964,1,True,True,3440,False,714,314,45879175,174650529,45879316,174650681,0,0,1665976744,490,distance_to_pickup,BATCH,batch_greedy,0,0,order,1
1665977234,315751,337,208.86598574205422,1,True,True,974,False,714,314,45875142,174590607,45875282,174590762,0,0,1665976828,406,distance_to_pickup,BATCH,batch_greedy,0,0,order,1
1665977234,101597,3750,210.7225664232476,1,True,True,2038,False,714,314,45859909,174572340,45859707,174572280,0,0,1665976687,547,distance_to_pickup,BATCH,batch_greedy,0,0,order,1
1665977234,119654,561,221.50846484954022,1,True,True,1542,False,714,314,45893081,174584158,45893302,174584143,0,0,1665977191,43,distance_to_pickup,BATCH,batch_greedy,0,0,order,1
1665977234,153050,4635,236.03389587091087,1,True,True,3030,False,714,314,45871180,174595520,45871176,174595756,0,0,1665977158,76,distance_to_pickup,BATCH,batch_greedy,0,0,order,1
1665977234,156048,1862,236.81427321848656,1,True,True,419,False,714,314,45921142,174542028,45921282,174541837,0,0,1665977132,102,distance_to_pickup,BATCH,batch_greedy,0,0,order,1
1665977234,315749,3817,243.82165613415063,1,True,True,2244,False,714,314,45820029,174523122,45820272,174523142,0,0,1665976789,445,distance_to_pickup,BATCH,batch_greedy,0,0,order,1
1665977234,107549,2541,265.0,1,True,True,2237,False,714,314,45884975,174634436,45884711,174634413,0,0,1665977020,214,distance_to_pickup,BATCH,batch_greedy,0,0,order,1
1665977234,563512,2970,266.54267950930483,1,True,True,1190,False,714,314,45852183,174556342,45852065,174556581,0,0,1665976320,914,distance_to_pickup,BATCH,batch_greedy,0,0,order,1
1665977234,110608,3053,270.6325922722539,1,True,True,130,False,714,314,45846823,174586799,45846604,174586958,0,0,1665977203,31,distance_to_pickup,BATCH,batch_greedy,0,0,order,1
1665977234,12959,1676,273.8923146055763,1,True,True,1191,False,714,314,45879753,174634491,45879517,174634630,0,0,1665976811,423,distance_to_pickup,BATCH,batch_greedy,0,0,order,1
1665977234,529979,1220,286.574597618142,1,True,True,1184,False,714,314,45867334,174556652,45867124,174556847,0,0,1665977011,223,distance_to_pickup,BATCH,batch_greedy,0,0,order,1
1665977234,307289,3511,306.6023483276017,1,True,True,1494,False,714,314,45874320,174648050,45874233,174648344,0,0,1665976209,1025,distance_to_pickup,BATCH,batch_greedy,0,0,order,1
1665977234,45056,1029,310.5865418848666,1,True,True,1041,False,714,314,45765111,174571328,45765071,174571020,0,0,1665977082,152,distance_to_pickup,BATCH,batch_greedy,0,0,order,1
1665977234,168129,1579,319.69985924300937,1,True,True,78,False,714,314,45850935,174552690,45851207,174552858,0,0,1665977178,56,distance_to_pickup,BATCH,batch_greedy,0,0,order,1
1665977234,503901,1759,325.39975414864716,1,True,True,1759,True,714,314,45764668,174569944,45764881,174570190,0,0,1665977013,221,distance_to_pickup,BATCH,batch_greedy,0,0,order,1
1665977234,12973,1423,339.2359061184414,1,True,True,3718,False,714,314,45862946,174583985,45863231,174584169,0,0,1665976875,359,distance_to_pickup,BATCH,batch_greedy,0,0,order,1
1665977234,348807,1180,342.14762895568924,1,True,True,2358,False,714,314,45847390,174551830,45847241,174551522,0,0,1665976940,294,distance_to_pickup,BATCH,batch_greedy,0,0,order,1
1665977234,32114,4325,349.87140494758927,1,True,True,1423,False,714,314,45862946,174583985,45863289,174584054,0,0,1665976972,262,distance_to_pickup,BATCH,batch_greedy,0,0,order,1
1665977234,89135,454,350.4111870360306,1,True,True,3150,False,714,314,45912289,174526370,45912081,174526088,0,0,1665977013,221,distance_to_pickup,BATCH,batch_greedy,0,0,order,1
1665977234,384551,3608,353.02266216207704,1,True,True,1499,False,714,314,45856379,174586795,45856507,174587124,0,0,1665977107,127,distance_to_pickup,BATCH,batch_greedy,0,0,order,1
1665977234,22590,2389,354.76471075911707,1,True,True,623,False,714,314,45859987,174593971,45860300,174594138,0,0,1665977185,49,distance_to_pickup,BATCH,batch_greedy,0,0,order,1
1665977234,509050,402,356.40005611671836,1,True,True,434,False,714,314,45880110,174548040,45879771,174547930,0,0,1665976961,273,distance_to_pickup,BATCH,batch_greedy,0,0,order,1
1665977234,215718,1414,363.5519220138989,1,True,True,2984,False,714,314,45880376,174546956,45880113,174547207,0,0,1665977203,31,distance_to_pickup,BATCH,batch_greedy,0,0,order,1
1665977234,76558,1673,372.7868023414992,1,True,True,433,False,714,314,45873040,174625865,45873409,174625918,0,0,1665976959,275,distance_to_pickup,BATCH,batch_greedy,0,0,order,1
1665977234,548104,3570,375.0306654128433,1,True,True,1593,False,714,314,45900944,174525819,45900846,174525457,0,0,1665977201,33,distance_to_pickup,BATCH,batch_greedy,0,0,order,1
1665977234,215711,1794,379.8644495079791,1,True,True,2606,False,714,314,45875002,174650109,45875263,174650385,0,0,1665977007,227,distance_to_pickup,BATCH,batch_greedy,0,0,order,1
1665977234,555825,3337,391.2505591050318,1,True,True,130,False,714,314,45846545,174587961,45846936,174587975,0,0,1665977006,228,distance_to_pickup,BATCH,batch_greedy,0,0,order,1
1665977234,555831,2024,408.7701065391157,1,True,True,1638,False,714,314,45880151,174634388,45880528,174634546,0,0,1665977197,37,distance_to_pickup,BATCH,batch_greedy,0,0,order,1
1665977234,343390,1482,414.9855419168239,1,True,True,2891,False,714,314,45885303,174582680,45885406,174583082,0,0,1665977097,137,distance_to_pickup,BATCH,batch_greedy,0,0,order,1
1665977234,140920,4412,422.1705816373282,1,True,True,2145,False,714,314,45854218,174605010,45854206,174604588,0,0,1665976208,1026,distance_to_pickup,BATCH,batch_greedy,0,0,order,1
1665977234,354439,3373,427.22476519977164,1,True,True,2134,False,714,314,45871049,174595452,45871185,174595857,0,0,1665977075,159,distance_to_pickup,BATCH,batch_greedy,0,0,order,1
1665977234,307306,2860,434.0011520722036,1,True,True,2891,False,714,314,45885303,174582680,45885469,174583081,0,0,1665977195,39,distance_to_pickup,BATCH,batch_greedy,0,0,order,1
1665977234,537898,1449,453.28247263709636,1,True,True,3372,False,714,314,45870659,174606674,45871102,174606578,0,0,1665977200,34,distance_to_pickup,BATCH,batch_greedy,0,0,order,1
1665977234,12976,1400,484.83089835529256,1,True,True,4542,False,714,314,45896567,174552813,45896097,174552932,0,0,1665976803,431,distance_to_pickup,BATCH,batch_greedy,0,0,order,1
1665977234,304465,3342,490.1683384307885,1,True,True,1941,False,714,314,45821950,174527737,45822214,174528150,0,0,1665977097,137,distance_to_pickup,BATCH,batch_greedy,0,0,order,1
1665977234,95403,2462,510.2910933967004,1,True,True,3359,False,714,314,45884761,174635144,45884287,174635333,0,0,1665977080,154,distance_to_pickup,BATCH,batch_greedy,0,0,order,1
1665977234,480554,3536,514.4706016868214,1,True,True,3536,True,714,314,45861811,174582680,45862137,174582282,0,0,1665976728,506,distance_to_pickup,BATCH,batch_greedy,0,0,order,1
1665977234,419687,148,565.2910754646672,1,True,True,1311,False,714,314,45860440,174563526,45860065,174563949,0,0,1665977186,48,distance_to_pickup,BATCH,batch_greedy,0,0,order,1
1665977234,313015,1417,581.3578932120902,1,True,True,2358,False,714,314,45847307,174550841,45846743,174550700,0,0,1665976538,696,distance_to_pickup,BATCH,batch_greedy,0,0,order,1
1665977234,137874,1976,598.5465729581952,1,True,True,4694,False,714,314,45859654,174579641,45860251,174579684,0,0,1665977187,47,distance_to_pickup,BATCH,batch_greedy,0,0,order,1
1665977234,28949,2880,628.7074041237307,1,True,True,398,False,714,314,45893156,174543777,45892719,174544229,0,0,1665977191,43,distance_to_pickup,BATCH,batch_greedy,0,0,order,1
1665977234,542956,2478,642.6857708087211,1,True,True,446,False,714,314,45769703,174567541,45769422,174566963,0,0,1665977062,172,distance_to_pickup,BATCH,batch_greedy,0,0,order,1
1665977234,301701,328,656.6559220779175,1,True,True,2183,False,714,314,45869055,174573267,45868884,174572633,0,0,1665977041,193,distance_to_pickup,BATCH,batch_greedy,0,0,order,1
1665977234,238943,2861,716.7328651596772,1,True,True,959,False,714,314,45872128,174544388,45872783,174544679,0,0,1665977059,175,distance_to_pickup,BATCH,batch_greedy,0,0,order,1
1665977234,390042,627,728.3323417231999,1,True,True,2573,False,714,314,45912385,174588064,45913113,174588042,0,0,1665977228,6,distance_to_pickup,BATCH,batch_greedy,0,0,order,1
1665977234,424987,1273,760.2631123499285,1,True,True,2976,False,714,314,45867140,174551189,45867120,174551949,0,0,1665977035,199,distance_to_pickup,BATCH,batch_greedy,0,0,order,1
1665977234,45064,1795,798.369588599165,1,True,True,2368,False,714,314,45846470,174586320,45847233,174586555,0,0,1665977193,41,distance_to_pickup,BATCH,batch_greedy,0,0,order,1
1665977234,315752,4003,828.3393024600487,1,True,True,2037,False,714,314,45876860,174545700,45877571,174545275,0,0,1665976915,319,distance_to_pickup,BATCH,batch_greedy,0,0,order,1
1665977234,430260,2134,847.9775940436163,1,True,True,734,False,714,314,45874736,174577874,45873891,174577803,0,0,1665977196,38,distance_to_pickup,BATCH,batch_greedy,0,0,order,1
1665977234,296041,3955,867.6278003844736,1,True,True,1554,False,714,314,45878066,174592040,45877763,174592853,0,0,1665977198,36,distance_to_pickup,BATCH,batch_greedy,0,0,order,1
1665977234,522100,1319,880.2011133826178,1,True,True,483,False,714,314,45879942,174634576,45880647,174634049,0,0,1665977069,165,distance_to_pickup,BATCH,batch_greedy,0,0,order,1
1665977234,365596,4026,893.5882720806043,1,True,True,2985,False,714,314,45877839,174533529,45878729,174533609,0,0,1665977202,32,distance_to_pickup,BATCH,batch_greedy,0,0,order,1
1665977234,296039,4267,904.05807335591,1,True,True,2307,False,714,314,45880013,174648313,45880538,174647577,0,0,1665977167,67,distance_to_pickup,BATCH,batch_greedy,0,0,order,1
1665977234,279190,194,912.5053424501141,1,True,True,2972,False,714,314,45871050,174595451,45871295,174596330,0,0,1665976788,446,distance_to_pickup,BATCH,batch_greedy,0,0,order,1
1665977234,227336,356,918.825337047254,1,True,True,4191,False,714,314,45885478,174592525,45885970,174593301,0,0,1665977198,36,distance_to_pickup,BATCH,batch_greedy,0,0,order,1
1665977234,134866,583,929.9311802493773,1,True,True,1681,False,714,314,45887997,174533308,45888253,174532414,0,0,1665977176,58,distance_to_pickup,BATCH,batch_greedy,0,0,order,1
1665977234,253379,3127,952.1607007223098,1,True,True,1958,False,714,314,45858252,174567353,45858741,174568170,0,0,1665977194,40,distance_to_pickup,BATCH,batch_greedy,0,0,order,1
1665977234,395448,178,966.1371538244454,1,True,True,1962,False,714,314,45854381,174578422,45855216,174577936,0,0,1665977183,51,distance_to_pickup,BATCH,batch_greedy,0,0,order,1
1665977234,318423,138,968.9385945455987,1,True,True,1516,False,714,314,45860680,174544680,45861621,174544911,0,0,1665976494,740,distance_to_pickup,BATCH,batch_greedy,0,0,order,1
1665977234,430255,4674,975.2727823537372,1,True,True,68,False,714,314,45878035,174578011,45877129,174577650,0,0,1665977034,200,distance_to_pickup,BATCH,batch_greedy,0,0,order,1
1665977234,290387,3628,1016.020669081097,1,True,True,1311,False,714,314,45860440,174563526,45859563,174564039,0,0,1665977194,40,distance_to_pickup,BATCH,batch_greedy,0,0,order,1
1665977234,70296,1367,1079.114451761258,1,True,True,2332,False,714,314,45897803,174552932,45898161,174551914,0,0,1665976698,536,distance_to_pickup,BATCH,batch_greedy,0,0,order,1
1665977234,395449,2480,1102.0653338164666,1,True,True,3119,False,714,314,45854218,174605010,45853270,174604448,0,0,1665977053,181,distance_to_pickup,BATCH,batch_greedy,0,0,order,1
1665977234,250582,3442,1126.1873733975178,1,True,True,1191,False,714,314,45878745,174634478,45878952,174635585,0,0,1665977150,84,distance_to_pickup,BATCH,batch_greedy,0,0,order,1
1665977234,371050,4001,1135.0845783464772,1,True,True,2112,False,714,314,45867462,174566858,45866391,174566482,0,0,1665977178,56,distance_to_pickup,BATCH,batch_greedy,0,0,order,1
1665977234,236061,2363,1151.4638509306317,1,True,True,1336,False,714,314,45872453,174584718,45871391,174585163,0,0,1665977080,154,distance_to_pickup,BATCH,batch_greedy,0,0,order,1
1665977234,203743,1183,1158.6582757655513,1,True,True,2487,False,714,314,45769653,174578806,45769561,174577651,0,0,1665977066,168,distance_to_pickup,BATCH,batch_greedy,0,0,order,1
1665977234,215701,2160,1174.3338537230372,1,True,True,4674,False,714,314,45861845,174583822,45861873,174584996,0,0,1665976411,823,distance_to_pickup,BATCH,batch_greedy,0,0,order,1
1665977234,183219,2509,1204.9253088884805,1,True,True,1567,False,714,314,45878191,174546698,45878062,174547896,0,0,1665977180,54,distance_to_pickup,BATCH,batch_greedy,0,0,order,1
1665977234,318435,4309,1209.9971074345592,1,True,True,2753,False,714,314,45855384,174572020,45854931,174570898,0,0,1665976719,515,distance_to_pickup,BATCH,batch_greedy,0,0,order,1
1665977234,3218,233,1241.6734675428963,1,True,True,2054,False,714,314,45852942,174591757,45852094,174590850,0,0,1665977017,217,distance_to_pickup,BATCH,batch_greedy,0,0,order,1
1665977234,48302,4187,1264.1147099848179,1,True,True,232,False,714,314,45889913,174596658,45891158,174596439,0,0,1665976913,321,distance_to_pickup,BATCH,batch_greedy,0,0,order,1
1665977234,498615,2596,1328.715545178877,1,True,True,2435,False,714,314,45867880,174573167,45866662,174572636,0,0,1665976877,357,distance_to_pickup,BATCH,batch_greedy,0,0,order,1
1665977234,376533,368,1378.9854966604978,1,True,True,2208,False,714,314,45832424,174540670,45833489,174541546,0,0,1665976542,692,distance_to_pickup,BATCH,batch_greedy,0,0,order,1
1665977234,435628,3008,1394.6931562175243,1,True,True,2189,False,714,314,45870770,174595580,45871305,174596868,0,0,1665977067,167,distance_to_pickup,BATCH,batch_greedy,0,0,order,1
1665977234,230207,3603,1485.4124006483855,1,True,True,1711,False,714,314,45816820,174564467,45818305,174564502,0,0,1665977195,39,distance_to_pickup,BATCH,batch_greedy,0,0,order,1
1665977234,113680,2990,1497.6581719471235,1,True,True,717,False,714,314,45876366,174604891,45876150,174606373,0,0,1665976449,785,distance_to_pickup,BATCH,batch_greedy,0,0,order,1
1665977234,215725,2826,1511.8902076539816,1,True,True,1927,False,714,314,45769546,174573558,45768160,174572954,0,0,1665977193,41,distance_to_pickup,BATCH,batch_greedy,0,0,order,1
1665977234,191950,1864,1552.6454843266702,1,True,True,2751,False,714,314,45885025,174593601,45886323,174594453,0,0,1665977202,32,distance_to_pickup,BATCH,batch_greedy,0,0,order,1
1665977234,427556,720,1597.6883300568982,1,True,True,485,False,714,314,45884295,174582147,45885563,174583119,0,0,1665977023,211,distance_to_pickup,BATCH,batch_greedy,0,0,order,1
1665977234,440998,1870,1605.1946922414115,1,True,True,1646,False,714,314,45866511,174563245,45865366,174564370,0,0,1665977201,33,distance_to_pickup,BATCH,batch_greedy,0,0,order,1
1665977234,310178,2774,1625.7099987390125,1,True,True,3725,False,714,314,45901279,174543589,45902681,174544412,0,0,1665977072,162,distance_to_pickup,BATCH,batch_greedy,0,0,order,1
1665977234,144001,2062,1647.6043214315748,1,True,True,2740,False,714,314,45866351,174556191,45867849,174556877,0,0,1665976988,246,distance_to_pickup,BATCH,batch_greedy,0,0,order,1
1665977234,137872,1153,1689.9751477462619,1,True,True,2510,False,714,314,45853618,174528210,45852922,174529750,0,0,1665977018,216,distance_to_pickup,BATCH,batch_greedy,0,0,order,1
1665977234,54612,2513,1800.9247624484483,1,True,True,1259,False,714,314,45857807,174581892,45858344,174583611,0,0,1665976965,269,distance_to_pickup,BATCH,batch_greedy,0,0,order,1
1665977234,35357,2234,1808.1097864897474,1,True,True,2596,False,714,314,45869625,174575239,45871175,174576170,0,0,1665976636,598,distance_to_pickup,BATCH,batch_greedy,0,0,order,1
1665977234,493446,3211,1830.0898885027477,1,True,True,753,False,714,314,45885269,174525154,45883896,174523944,0,0,1665977072,162,distance_to_pickup,BATCH,batch_greedy,0,0,order,1
1665977234,197831,2940,1861.1740918033433,1,True,True,2922,False,714,314,45883675,174630948,45881863,174631373,0,0,1665977200,34,distance_to_pickup,BATCH,batch_greedy,0,0,order,1
1665977234,529984,4353,1865.3610910491298,1,True,True,690,False,714,314,45846251,174554751,45844927,174556065,0,0,1665977203,31,distance_to_pickup,BATCH,batch_greedy,0,0,order,1
1665977234,64008,900,1892.0499464866143,1,True,True,80,False,714,314,45840017,174551254,45840964,174549616,0,0,1665977195,39,distance_to_pickup,BATCH,batch_greedy,0,0,order,1
1665977234,149995,546,1943.7962856225442,1,True,True,2878,False,714,314,45889450,174539866,45891388,174540016,0,0,1665976676,558,distance_to_pickup,BATCH,batch_greedy,0,0,order,1
1665977234,247698,2229,1947.0120698136413,1,True,True,552,False,714,314,45864643,174560225,45866433,174559459,0,0,1665977108,126,distance_to_pickup,BATCH,batch_greedy,0,0,order,1
1665977234,527301,2753,1950.202553582576,1,True,True,74,False,714,314,45858951,174566601,45860328,174567982,0,0,1665977188,46,distance_to_pickup,BATCH,batch_greedy,0,0,order,1
1665977234,110603,717,1950.3312539156009,1,True,True,2972,False,714,314,45870933,174595486,45871169,174593550,0,0,1665976739,495,distance_to_pickup,BATCH,batch_greedy,0,0,order,1
1665977234,92262,1175,1990.2474720496443,1,True,True,4318,False,714,314,45857425,174567864,45858902,174569198,0,0,1665977214,20,distance_to_pickup,BATCH,batch_greedy,0,0,order,1
1665977234,282030,2839,2101.3614634326955,1,True,True,4647,False,714,314,45859227,174576074,45858641,174574056,0,0,1665976913,321,distance_to_pickup,BATCH,batch_greedy,0,0,order,1
1665977234,57733,3540,2110.846512657896,1,True,True,2237,False,714,314,45879938,174634579,45877990,174635392,0,0,1665977211,23,distance_to_pickup,BATCH,batch_greedy,0,0,order,1
1665977234,218644,3330,2124.823051456285,1,True,True,1274,False,714,314,45868424,174540142,45868336,174542265,0,0,1665977195,39,distance_to_pickup,BATCH,batch_greedy,0,0,order,1
1665977234,93,3454,2140.6657842830114,1,True,True,87,False,714,314,45862946,174583985,45864585,174585362,0,0,1665977073,161,distance_to_pickup,BATCH,batch_greedy,0,0,order,1
1665977234,395445,553,2195.577372811079,1,True,True,84,False,714,314,45867766,174566793,45866362,174565105,0,0,1665977032,202,distance_to_pickup,BATCH,batch_greedy,0,0,order,1
1665977234,236065,2196,2212.848164696349,1,True,True,2062,False,714,314,45865852,174556038,45867751,174557174,0,0,1665977223,11,distance_to_pickup,BATCH,batch_greedy,0,0,order,1
1665977234,63996,926,2213.865397895726,1,True,True,1876,False,714,314,45884468,174592977,45886616,174593513,0,0,1665976869,365,distance_to_pickup,BATCH,batch_greedy,0,0,order,1
1665977234,140944,2066,2244.3618246619685,1,True,True,3840,False,714,314,45892888,174567981,45890866,174568955,0,0,1665977072,162,distance_to_pickup,BATCH,batch_greedy,0,0,order,1
1665977234,162144,782,2252.385846164018,1,True,True,4626,False,714,314,45888173,174591288,45888094,174593539,0,0,1665976782,452,distance_to_pickup,BATCH,batch_greedy,0,0,order,1
1665977234,315758,420,2261.1999027065253,1,True,True,1543,False,714,314,45864620,174583120,45864976,174585353,0,0,1665977193,41,distance_to_pickup,BATCH,batch_greedy,0,0,order,1
1665977234,171196,1724,2264.9066205916747,1,True,True,1784,False,714,314,45897763,174541033,45896254,174542722,0,0,1665977198,36,distance_to_pickup,BATCH,batch_greedy,0,0,order,1
1665977234,550659,1105,2266.302054007806,1,True,True,720,False,714,314,45884046,174582459,45881804,174582790,0,0,1665976722,512,distance_to_pickup,BATCH,batch_greedy,0,0,order,1
1665977234,253380,1920,2285.397120852304,1,True,True,357,False,714,314,45897160,174590150,45894896,174589838,0,0,1665977078,156,distance_to_pickup,BATCH,batch_greedy,0,0,order,1
1665977234,89130,3558,2300.2089035563704,1,True,True,2134,False,714,314,45871272,174607058,45871303,174604758,0,0,1665977117,117,distance_to_pickup,BATCH,batch_greedy,0,0,order,1
1665977234,236068,4128,2301.760196023904,1,True,True,1292,False,714,314,45856483,174575047,45854183,174575137,0,0,1665977189,45,distance_to_pickup,BATCH,batch_greedy,0,0,order,1
1665977234,60881,2705,2308.788426859421,1,True,True,2400,False,714,314,45869364,174570875,45867362,174569725,0,0,1665976912,322,distance_to_pickup,BATCH,batch_greedy,0,0,order,1
1665977234,194878,3509,2317.8000345154887,1,True,True,1597,False,714,314,45818756,174525699,45820147,174523845,0,0,1665977183,51,distance_to_pickup,BATCH,batch_greedy,0,0,order,1
1665977234,119655,691,2359.620732236433,1,True,True,580,False,714,314,45877696,174531930,45875987,174533557,0,0,1665977187,47,distance_to_pickup,BATCH,batch_greedy,0,0,order,1
1665977234,548099,2179,2446.205428822363,1,True,True,474,False,714,314,45907083,174574096,45906443,174576457,0,0,1665976955,279,distance_to_pickup,BATCH,batch_greedy,0,0,order,1
1665977234,177201,1805,2463.834410020284,1,True,True,1643,False,714,314,45889306,174578183,45891442,174579411,0,0,1665977194,40,distance_to_pickup,BATCH,batch_greedy,0,0,order,1
1665977234,392762,1936,2463.838671666633,1,True,True,1180,False,714,314,45851399,174554321,45851129,174556770,0,0,1665977201,33,distance_to_pickup,BATCH,batch_greedy,0,0,order,1
1665977234,189065,1164,2472.418249406843,1,True,True,2237,False,714,314,45879940,174634580,45877714,174635656,0,0,1665977064,170,distance_to_pickup,BATCH,batch_greedy,0,0,order,1
1665977234,553224,3375,2574.8277612298652,1,True,True,2107,False,714,314,46042359,174941150,46042456,174943723,0,0,1665977200,34,distance_to_pickup,BATCH,batch_greedy,0,0,order,1
1665977234,449044,4332,2608.474075010139,1,True,True,442,False,714,314,45893552,174543169,45895971,174544145,0,0,1665977191,43,distance_to_pickup,BATCH,batch_greedy,0,0,order,1
1665977234,326751,1866,2617.049483674315,1,True,True,937,False,714,314,45863303,174559942,45861601,174557954,0,0,1665976899,335,distance_to_pickup,BATCH,batch_greedy,0,0,order,1
1665977234,514349,1764,2719.3414643990554,1,True,True,2134,False,714,314,45870486,174595427,45871083,174592774,0,0,1665977174,60,distance_to_pickup,BATCH,batch_greedy,0,0,order,1
1665977234,416994,2068,2753.3317998381526,1,True,True,781,False,714,314,45855857,174553570,45857217,174555964,0,0,1665977197,37,distance_to_pickup,BATCH,batch_greedy,0,0,order,1
1665977234,516906,2972,2810.5581296247906,1,True,True,3668,False,714,314,45871272,174607058,45868518,174606497,0,0,1665976948,286,distance_to_pickup,BATCH,batch_greedy,0,0,order,1
1665977234,119640,4678,2839.091580065708,1,True,True,76,False,714,314,45842390,174575013,45845194,174574568,0,0,1665976717,517,distance_to_pickup,BATCH,batch_greedy,0,0,order,1
1665977234,159026,761,2846.113139002032,1,True,True,2309,False,714,314,45839765,174551620,45837071,174550702,0,0,1665977072,162,distance_to_pickup,BATCH,batch_greedy,0,0,order,1
1665977234,276290,4082,2864.7165653865304,1,True,True,168,False,714,314,45896168,174555742,45898692,174557097,0,0,1665976901,333,distance_to_pickup,BATCH,batch_greedy,0,0,order,1
1665977234,209759,2291,2866.5972859821104,1,True,True,377,False,714,314,45879339,174647396,45879217,174644532,0,0,1665977180,54,distance_to_pickup,BATCH,batch_greedy,0,0,order,1
1665977234,427562,3980,2961.2195122955677,1,True,True,2662,False,714,314,45907759,174546285,45908545,174543430,0,0,1665977078,156,distance_to_pickup,BATCH,batch_greedy,0,0,order,1
1665977234,276279,1037,3004.099865184245,1,True,True,2846,False,714,314,45839765,174551620,45836855,174552366,0,0,1665976483,751,distance_to_pickup,BATCH,batch_greedy,0,0,order,1
1665977234,122663,766,3047.5570544290063,1,True,True,278,False,714,314,45898320,174550193,45900822,174548453,0,0,1665977070,164,distance_to_pickup,BATCH,batch_greedy,0,0,order,1
1665977234,519411,693,3083.649785562556,1,True,True,2836,False,714,314,45898320,174550193,45895284,174549653,0,0,1665976957,277,distance_to_pickup,BATCH,batch_greedy,0,0,order,1
1665977234,73405,4556,3149.5874332997964,1,True,True,124,False,714,314,45880110,174546609,45882659,174544759,0,0,1665977201,33,distance_to_pickup,BATCH,batch_greedy,0,0,order,1
1665977234,122665,3093,3275.763422471165,1,True,True,963,False,714,314,45860440,174563526,45858385,174560975,0,0,1665977192,42,distance_to_pickup,BATCH,batch_greedy,0,0,order,1
1665977234,270510,2083,3421.2759315787434,1,True,True,1256,False,714,314,45860907,174525837,45864259,174526522,0,0,1665976824,410,distance_to_pickup,BATCH,batch_greedy,0,0,order,1
1665977234,519399,3518,3483.298723911,1,True,True,266,False,714,314,45879281,174580549,45879454,174584028,0,0,1665976302,932,distance_to_pickup,BATCH,batch_greedy,0,0,order,1
1665977234,323981,2280,3552.341481333122,1,True,True,3008,False,714,314,45868994,174597121,45870201,174600462,0,0,1665977152,82,distance_to_pickup,BATCH,batch_greedy,0,0,order,1
1665977234,183208,4014,3635.9639712186367,1,True,True,3725,False,714,314,45907759,174546285,45910764,174544238,0,0,1665976369,865,distance_to_pickup,BATCH,batch_greedy,0,0,order,1
1665977234,48295,1387,3640.9674538506933,1,True,True,3178,False,714,314,45903168,174575807,45906280,174577697,0,0,1665976674,560,distance_to_pickup,BATCH,batch_greedy,0,0,order,1
1665977234,38498,2300,3682.486252520164,1,True,True,2596,False,714,314,45862990,174575360,45860542,174572609,0,0,1665976677,557,distance_to_pickup,BATCH,batch_greedy,0,0,order,1
1665977234,153053,2038,3748.993731656536,1,True,True,136,False,714,314,45853104,174578614,45852931,174574869,0,0,1665975830,1404,distance_to_pickup,BATCH,batch_greedy,0,0,order,1
1665977234,472668,3090,3856.3933927959165,1,True,True,835,False,714,314,45907759,174546285,45909852,174543046,0,0,1665976970,264,distance_to_pickup,BATCH,batch_greedy,0,0,order,1
1665977234,483075,3679,3906.708205126152,1,True,True,4276,False,714,314,45868994,174597121,45865182,174597976,0,0,1665977196,38,distance_to_pickup,BATCH,batch_greedy,0,0,order,1
1665977234,464714,1927,3907.060403935419,1,True,True,65,False,714,314,45773139,174575700,45769604,174577364,0,0,1665977181,53,distance_to_pickup,BATCH,batch_greedy,0,0,order,1
1665977234,76566,3874,4046.4683367104208,1,True,True,734,False,714,314,45874736,174577874,45873445,174581709,0,0,1665976983,251,distance_to_pickup,BATCH,batch_greedy,0,0,order,1
1665977234,236069,692,4060.4876554423854,1,True,True,4276,False,714,314,45868994,174597121,45865152,174595807,0,0,1665976965,269,distance_to_pickup,BATCH,batch_greedy,0,0,order,1
1665977234,432908,1444,4068.155847555499,1,True,True,3008,False,714,314,45867072,174602180,45867496,174606226,0,0,1665976869,365,distance_to_pickup,BATCH,batch_greedy,0,0,order,1
1665977234,171189,4417,4081.6233290199625,1,True,True,29,False,714,314,45857373,174602526,45860133,174599519,0,0,1665976937,297,distance_to_pickup,BATCH,batch_greedy,0,0,order,1
1665977234,462104,3958,4120.40604795207,1,True,True,681,False,714,314,45885570,174596500,45881531,174597315,0,0,1665976902,332,distance_to_pickup,BATCH,batch_greedy,0,0,order,1
1665977234,134870,969,4172.01402202821,1,True,True,1220,False,714,314,45865184,174556784,45861039,174557258,0,0,1665977116,118,distance_to_pickup,BATCH,batch_greedy,0,0,order,1
1665977234,509057,552,4258.30400511753,1,True,True,1190,False,714,314,45860696,174563613,45858473,174559981,0,0,1665977187,47,distance_to_pickup,BATCH,batch_greedy,0,0,order,1
1665977234,256238,928,4327.503321778044,1,True,True,3384,False,714,314,45901279,174543589,45898630,174547011,0,0,1665977201,33,distance_to_pickup,BATCH,batch_greedy,0,0,order,1
1665977234,427564,2784,4381.986992221679,1,True,True,4054,False,714,314,45883093,174592612,45879466,174595071,0,0,1665977070,164,distance_to_pickup,BATCH,batch_greedy,0,0,order,1
1665977234,279200,4029,4405.995574214754,1,True,True,3519,False,714,314,45856010,174564151,45856764,174559810,0,0,1665977202,32,distance_to_pickup,BATCH,batch_greedy,0,0,order,1
1665977234,137866,3455,4792.9289583719055,1,True,True,2307,False,714,314,45879192,174649067,45879570,174644289,0,0,1665977113,121,distance_to_pickup,BATCH,batch_greedy,0,0,order,1
1665977234,340515,671,4795.686603605369,1,True,True,1783,False,714,314,45850935,174552690,45853582,174556689,0,0,1665977182,52,distance_to_pickup,BATCH,batch_greedy,0,0,order,1
1665977234,323982,3318,4965.640039310139,1,True,True,1618,False,714,314,45879933,174650744,45878624,174655534,0,0,1665976901,333,distance_to_pickup,BATCH,batch_greedy,0,0,order,1
1665977234,365595,4329,5042.617276772054,1,True,True,1007,False,714,314,45849895,174566798,45852910,174570840,0,0,1665977140,94,distance_to_pickup,BATCH,batch_greedy,0,0,order,1
1665977234,150000,3307,5071.909009436191,1,True,True,2297,False,714,314,45864617,174511544,45860392,174514350,0,0,1665977044,190,distance_to_pickup,BATCH,batch_greedy,0,0,order,1
1665977234,535234,4320,5103.602649109745,1,True,True,2556,False,714,314,45907083,174574096,45911169,174577154,0,0,1665977067,167,distance_to_pickup,BATCH,batch_greedy,0,0,order,1
1665977234,550670,1792,5103.912616806836,1,True,True,2274,False,714,314,45775885,174568013,45778603,174572333,0,0,1665977193,41,distance_to_pickup,BATCH,batch_greedy,0,0,order,1
1665977234,259151,2803,5139.224941564633,1,True,True,3446,False,714,314,46058867,174947322,46060375,174942409,0,0,1665977074,160,distance_to_pickup,BATCH,batch_greedy,0,0,order,1
1665977234,159025,1641,5144.051710471037,1,True,True,1033,False,714,314,45875564,174647464,45879582,174644252,0,0,1665977140,94,distance_to_pickup,BATCH,batch_greedy,0,0,order,1
1665977234,368313,2157,5156.142841310741,1,True,True,394,False,714,314,45833341,174582070,45838494,174582250,0,0,1665976917,317,distance_to_pickup,BATCH,batch_greedy,0,0,order,1
1665977234,203746,271,5225.557290854249,1,True,True,628,False,714,314,45772626,174581064,45767419,174580624,0,0,1665977184,50,distance_to_pickup,BATCH,batch_greedy,0,0,order,1
1665977234,270521,1332,5254.6826735779205,1,True,True,171,False,714,314,45850935,174552690,45854332,174556699,0,0,1665977202,32,distance_to_pickup,BATCH,batch_greedy,0,0,order,1
1665977234,488213,1071,5326.843155190511,1,True,True,4634,False,714,314,45920509,174542823,45921236,174548100,0,0,1665977194,40,distance_to_pickup,BATCH,batch_greedy,0,0,order,1
1665977234,522103,3523,5416.996400220329,1,True,True,790,False,714,314,45857882,174577642,45853421,174574569,0,0,1665977202,32,distance_to_pickup,BATCH,batch_greedy,0,0,order,1
1665977234,51478,2588,5452.201023439983,1,True,True,1319,False,714,314,45884892,174635297,45890328,174635717,0,0,1665977186,48,distance_to_pickup,BATCH,batch_greedy,0,0,order,1
1665977234,171193,1412,5456.556148341186,1,True,True,4079,False,714,314,45895346,174532388,45899609,174535794,0,0,1665976678,556,distance_to_pickup,BATCH,batch_greedy,0,0,order,1
1665977234,67183,3508,5522.992304901393,1,True,True,3238,False,714,314,45863190,174577346,45860570,174572484,0,0,1665976453,781,distance_to_pickup,BATCH,batch_greedy,0,0,order,1
1665977234,212739,1989,5533.52193453681,1,True,True,3619,False,714,314,45873015,174626148,45876826,174630160,0,0,1665977198,36,distance_to_pickup,BATCH,batch_greedy,0,0,order,1
1665977234,332275,545,5561.822093522949,1,True,True,3238,False,714,314,45863190,174577346,45860401,174572534,0,0,1665977193,41,distance_to_pickup,BATCH,batch_greedy,0,0,order,1
1665977234,535235,1156,5594.857817675083,1,True,True,4207,False,714,314,45863190,174577346,45860495,174572443,0,0,1665977194,40,distance_to_pickup,BATCH,batch_greedy,0,0,order,1
1665977234,403636,2761,5600.402306977598,1,True,True,454,False,714,314,45923690,174524047,45925831,174529222,0,0,1665977189,45,distance_to_pickup,BATCH,batch_greedy,0,0,order,1
1665977234,298825,4842,5606.704022864057,1,True,True,782,False,714,314,45897513,174590710,45892274,174592707,0,0,1665977139,95,distance_to_pickup,BATCH,batch_greedy,0,0,order,1
1665977234,419685,629,5623.988797997378,1,True,True,1054,False,714,314,46048736,174947932,46043213,174946871,0,0,1665977073,161,distance_to_pickup,BATCH,batch_greedy,0,0,order,1
1665977234,183221,2059,5629.064753580296,1,True,True,1292,False,714,314,45858344,174577760,45859685,174572293,0,0,1665977192,42,distance_to_pickup,BATCH,batch_greedy,0,0,order,1
1665977234,307293,4624,5688.936983303647,1,True,True,2088,False,714,314,45858421,174577792,45859423,174572192,0,0,1665976522,712,distance_to_pickup,BATCH,batch_greedy,0,0,order,1
1665977234,522104,1609,5742.884379821694,1,True,True,3446,False,714,314,46052240,174936640,46056580,174940401,0,0,1665977184,50,distance_to_pickup,BATCH,batch_greedy,0,0,order,1
1665977234,45042,4154,6005.8180125608205,1,True,True,18,False,714,314,45852846,174602424,45851031,174596699,0,0,1665976449,785,distance_to_pickup,BATCH,batch_greedy,0,0,order,1
1665977234,430253,3289,6263.896949982494,1,True,True,3682,False,714,314,45885239,174521472,45884670,174515234,0,0,1665976873,361,distance_to_pickup,BATCH,batch_greedy,0,0,order,1
1665977234,125698,1342,6394.095792213313,1,True,True,1154,False,714,314,45874819,174607415,45868464,174606709,0,0,1665977032,202,distance_to_pickup,BATCH,batch_greedy,0,0,order,1
1665977234,159017,800,6434.255978743774,1,True,True,2846,False,714,314,45839765,174551620,45840110,174558045,0,0,1665976876,358,distance_to_pickup,BATCH,batch_greedy,0,0,order,1
1665977234,233019,3722,6461.24825401408,1,True,True,4483,False,714,314,45905814,174527696,45905687,174521236,0,0,1665976646,588,distance_to_pickup,BATCH,batch_greedy,0,0,order,1
1665977234,440991,4501,6639.23037708438,1,True,True,3176,False,714,314,45849647,174566845,45845979,174561311,0,0,1665976793,441,distance_to_pickup,BATCH,batch_greedy,0,0,order,1
1665977234,379183,3634,6644.708044752606,1,True,True,2669,False,714,314,45884468,174592977,45877824,174593074,0,0,1665977016,218,distance_to_pickup,BATCH,batch_greedy,0,0,order,1
1665977234,215721,2246,6663.120139994476,1,True,True,674,False,714,314,45886081,174590587,45891714,174594146,0,0,1665976909,325,distance_to_pickup,BATCH,batch_greedy,0,0,order,1
1665977234,376551,2415,6734.634659727281,1,True,True,2211,False,714,314,45847390,174551830,45846060,174558432,0,0,1665977065,169,distance_to_pickup,BATCH,batch_greedy,0,0,order,1
1665977234,32117,4628,6920.914534944063,1,True,True,3708,False,714,314,45874726,174648194,45876633,174641541,0,0,1665977069,165,distance_to_pickup,BATCH,batch_greedy,0,0,order,1
1665977234,212731,3951,6944.276060180788,1,True,True,227,False,714,314,45861844,174579248,45860431,174572449,0,0,1665976720,514,distance_to_pickup,BATCH,batch_greedy,0,0,order,1
1665977234,435630,1702,7003.784762540893,1,True,True,1077,False,714,314,45849161,174550781,45846886,174544157,0,0,1665977194,40,distance_to_pickup,BATCH,batch_greedy,0,0,order,1
1665977234,307307,1448,7042.055665783962,1,True,True,552,False,714,314,45865238,174556784,45858196,174556812,0,0,1665976626,608,distance_to_pickup,BATCH,batch_greedy,0,0,order,1
1665977234,107,884,7045.142014182539,1,True,True,100,False,714,314,45862631,174579111,45860456,174572410,0,0,1665977121,113,distance_to_pickup,BATCH,batch_greedy,0,0,order,1
1665977234,441001,1147,7281.3593511102035,1,True,True,1605,False,714,314,45862783,174564553,45860796,174571558,0,0,1665976827,407,distance_to_pickup,BATCH,batch_greedy,0,0,order,1
1665977234,340519,3311,7308.025725187344,1,True,True,1848,False,714,314,46049380,174954119,46042654,174956977,0,0,1665977199,35,distance_to_pickup,BATCH,batch_greedy,0,0,order,1
1665977234,360003,1117,7474.753039398693,1,True,True,4095,False,714,314,45859277,174579627,45860419,174572240,0,0,1665977197,37,distance_to_pickup,BATCH,batch_greedy,0,0,order,1
1665977234,392750,716,7480.056216366292,1,True,True,3117,False,714,314,45859277,174579627,45859248,174572147,0,0,1665976682,552,distance_to_pickup,BATCH,batch_greedy,0,0,order,1
1665977234,326723,266,7685.109563304872,1,True,True,1977,False,714,314,45884468,174592977,45878065,174588727,0,0,1665975557,1677,distance_to_pickup,BATCH,batch_greedy,0,0,order,1
1665977234,376550,3479,7722.933445265471,1,True,True,1037,False,714,314,45839765,174551620,45832291,174549675,0,0,1665977125,109,distance_to_pickup,BATCH,batch_greedy,0,0,order,1
1665977234,3215,2141,7814.405223687852,1,True,True,2052,False,714,314,45920938,174542134,45924313,174535086,0,0,1665976739,495,distance_to_pickup,BATCH,batch_greedy,0,0,order,1
1665977234,493448,29,7862.1901528772505,1,True,True,18,False,714,314,45855591,174605363,45848394,174608528,0,0,1665977141,93,distance_to_pickup,BATCH,batch_greedy,0,0,order,1
1665977234,298829,159,8012.280574218554,1,True,True,3283,False,714,314,45859277,174579627,45860705,174571743,0,0,1665977085,149,distance_to_pickup,BATCH,batch_greedy,0,0,order,1
1665977234,3223,2852,8052.137231816159,1,True,True,3140,False,714,314,45906017,174528217,45904434,174520322,0,0,1665977081,153,distance_to_pickup,BATCH,batch_greedy,0,0,order,1
1665977234,270511,297,8096.803381582142,1,True,True,1582,False,714,314,45866836,174581477,45869096,174589252,0,0,1665976931,303,distance_to_pickup,BATCH,batch_greedy,0,0,order,1
1665977234,315759,4554,8338.07681662864,1,True,True,1543,False,714,314,45869838,174579770,45872080,174587801,0,0,1665976999,235,distance_to_pickup,BATCH,batch_greedy,0,0,order,1
1665977234,270520,756,8391.362523452315,1,True,True,844,False,714,314,45853755,174527370,45847089,174522273,0,0,1665977223,11,distance_to_pickup,BATCH,batch_greedy,0,0,order,1
1665977234,276282,1727,8507.400131650093,1,True,True,857,False,714,314,45855787,174605657,45848346,174609781,0,0,1665976676,558,distance_to_pickup,BATCH,batch_greedy,0,0,order,1
1665977234,189070,380,8632.157841466988,1,True,True,3381,False,714,314,45905478,174561382,45914108,174561189,0,0,1665977200,34,distance_to_pickup,BATCH,batch_greedy,0,0,order,1
1665977234,493445,2219,8671.587167295269,1,True,True,2038,False,714,314,45856330,174579593,45858900,174571311,0,0,1665976984,250,distance_to_pickup,BATCH,batch_greedy,0,0,order,1
1665977234,411678,2054,8694.232858625308,1,True,True,1343,False,714,314,45856220,174583459,45850378,174589898,0,0,1665977191,43,distance_to_pickup,BATCH,batch_greedy,0,0,order,1
1665977234,256240,2113,8713.858502408677,1,True,True,383,False,714,314,45884084,174582375,45878011,174588624,0,0,1665977193,41,distance_to_pickup,BATCH,batch_greedy,0,0,order,1
1665977234,408982,1418,9063.048548915536,1,True,True,121,False,714,314,45884295,174582147,45877910,174588579,0,0,1665977195,39,distance_to_pickup,BATCH,batch_greedy,0,0,order,1
1665977234,70303,633,9183.023739487991,1,True,True,4205,False,714,314,45832673,174539284,45831419,174530187,0,0,1665976878,356,distance_to_pickup,BATCH,batch_greedy,0,0,order,1
1665977234,159005,3718,9228.849224036549,1,True,True,2687,False,714,314,45862946,174583985,45864739,174593038,0,0,1665976298,936,distance_to_pickup,BATCH,batch_greedy,0,0,order,1
1665977234,180231,4421,9680.014721063186,1,True,True,1037,False,714,314,45839765,174551620,45845984,174559038,0,0,1665977195,39,distance_to_pickup,BATCH,batch_greedy,0,0,order,1
1665977234,45053,3561,9882.767679147375,1,True,True,976,False,714,314,45927565,174521517,45937049,174518738,0,0,1665976957,277,distance_to_pickup,BATCH,batch_greedy,0,0,order,1
1665977234,360002,4108,10285.461778646597,1,True,True,3119,False,714,314,45859514,174606372,45861064,174596204,0,0,1665977138,96,distance_to_pickup,BATCH,batch_greedy,0,0,order,1
1665977234,241884,2039,10809.489950964384,1,True,True,2466,False,714,314,45923859,174522059,45926687,174532492,0,0,1665977216,18,distance_to_pickup,BATCH,batch_greedy,0,0,order,1
1665977234,376549,4375,10956.441027998097,1,True,True,761,False,714,314,45840017,174551254,45846101,174560366,0,0,1665977202,32,distance_to_pickup,BATCH,batch_greedy,0,0,order,1
1665977234,373810,1135,10994.081362260333,1,True,True,3603,False,714,314,45818389,174562610,45817428,174573562,0,0,1665977194,40,distance_to_pickup,BATCH,batch_greedy,0,0,order,1
1665977234,313018,221,11104.384809614623,1,True,True,2065,False,714,314,45861700,174583580,45855439,174592751,0,0,1665976868,366,distance_to_pickup,BATCH,batch_greedy,0,0,order,1
1665977234,273396,143,11270.749753232923,1,True,True,136,False,714,314,45861655,174583536,45854997,174592630,0,0,1665977129,105,distance_to_pickup,BATCH,batch_greedy,0,0,order,1
1665977234,392761,1002,11475.36997224926,1,True,True,1618,False,714,314,45880689,174650819,45885939,174661023,0,0,1665977134,100,distance_to_pickup,BATCH,batch_greedy,0,0,order,1
1665977234,446273,499,11668.874710099513,1,True,True,1961,False,714,314,45773139,174575700,45773728,174587354,0,0,1665977185,49,distance_to_pickup,BATCH,batch_greedy,0,0,order,1
1665977234,480566,3829,11832.026580429914,1,True,True,3726,False,714,314,45924573,174557435,45920335,174568482,0,0,1665977198,36,distance_to_pickup,BATCH,batch_greedy,0,0,order,1
1665977234,340511,111,12284.171929763927,1,True,True,2676,False,714,314,45884742,174633571,45889338,174622179,0,0,1665976729,505,distance_to_pickup,BATCH,batch_greedy,0,0,order,1
1665977234,430209,1725,12391.571530681651,1,True,True,3239,False,714,314,45830770,174561358,45838257,174571232,0,0,1665972710,4524,distance_to_pickup,BATCH,batch_greedy,0,0,order,1
1665977234,48304,702,12430.852303844656,1,True,True,1704,False,714,314,45863396,174583501,45855271,174592909,0,0,1665977042,192,distance_to_pickup,BATCH,batch_greedy,0,0,order,1
1665977234,287658,916,13243.569609436876,1,True,True,606,False,714,314,45860020,174580680,45846850,174579286,0,0,1665977195,39,distance_to_pickup,BATCH,batch_greedy,0,0,order,1
1665977234,301700,3930,13641.53547075988,1,True,True,1113,False,714,314,45860020,174580680,45847329,174585683,0,0,1665977202,32,distance_to_pickup,BATCH,batch_greedy,0,0,order,1
1665977234,159027,2754,13653.226468494544,1,True,True,919,False,714,314,45860020,174580680,45846368,174580863,0,0,1665977195,39,distance_to_pickup,BATCH,batch_greedy,0,0,order,1
1665977234,9733,4555,13657.988870986826,1,True,True,140,False,714,314,45852904,174549538,45845938,174561286,0,0,1665976552,682,distance_to_pickup,BATCH,batch_greedy,0,0,order,1
1665977234,256239,3170,13691.71388103038,1,True,True,3619,False,714,314,45873015,174626148,45864638,174636978,0,0,1665976994,240,distance_to_pickup,BATCH,batch_greedy,0,0,order,1
1665977234,186099,4817,14159.707624100152,1,True,True,4694,False,714,314,45860020,174580680,45847342,174586986,0,0,1665977202,32,distance_to_pickup,BATCH,batch_greedy,0,0,order,1
1665977234,334983,406,14210.755820856257,1,True,True,844,False,714,314,45853618,174528210,45852143,174514076,0,0,1665977188,46,distance_to_pickup,BATCH,batch_greedy,0,0,order,1
1665977234,365550,2658,15070.123456694042,1,True,True,3290,False,714,314,45830770,174561358,45845840,174561297,0,0,1665972796,4438,distance_to_pickup,BATCH,batch_greedy,0,0,order,1
1665977234,159029,3398,15637.949290108341,1,True,True,2510,False,714,314,45853618,174528210,45838005,174529093,0,0,1665977196,38,distance_to_pickup,BATCH,batch_greedy,0,0,order,1
1665977234,416993,3886,16039.815522629928,1,True,True,2237,False,714,314,45884975,174634436,45899874,174628495,0,0,1665977189,45,distance_to_pickup,BATCH,batch_greedy,0,0,order,1
1665977234,177196,2283,16538.35956193963,1,True,True,1643,False,714,314,45893543,174584356,45891267,174600737,0,0,1665977081,153,distance_to_pickup,BATCH,batch_greedy,0,0,order,1
1665977234,92252,3322,17226.653215294027,1,True,True,2428,False,714,314,45892442,174524992,45882733,174510762,0,0,1665976703,531,distance_to_pickup,BATCH,batch_greedy,0,0,order,1
1665977234,212741,2496,17829.09358324197,1,True,True,1704,False,714,314,45863450,174583210,45847047,174590197,0,0,1665977200,34,distance_to_pickup,BATCH,batch_greedy,0,0,order,1
1665977234,535229,1869,18232.16087028633,1,True,True,3115,False,714,314,45860907,174525837,45851930,174509968,0,0,1665976865,369,distance_to_pickup,BATCH,batch_greedy,0,0,order,1
1665977234,60877,1744,19027.16996823227,1,True,True,1347,False,714,314,45862879,174581321,45847948,174593115,0,0,1665976687,547,distance_to_pickup,BATCH,batch_greedy,0,0,order,1
1665977234,555830,98,19126.134685293837,1,True,True,4406,False,714,314,45862879,174581321,45843807,174579883,0,0,1665977225,9,distance_to_pickup,BATCH,batch_greedy,0,0,order,1
1665977234,411677,2388,19363.82836631228,1,True,True,1383,False,714,314,45907047,174573121,45922615,174584636,0,0,1665977202,32,distance_to_pickup,BATCH,batch_greedy,0,0,order,1
1665977234,398166,3015,20949.0904814505,1,True,True,2090,False,714,314,45864108,174582488,45843842,174587794,0,0,1665976974,260,distance_to_pickup,BATCH,batch_greedy,0,0,order,1
1665977234,54613,978,23687.774589437482,1,True,True,4528,False,714,314,45871427,174624974,45849614,174615738,0,0,1665977190,44,distance_to_pickup,BATCH,batch_greedy,0,0,order,1
1665977234,496030,1953,24026.04863476306,1,True,True,1010,False,714,314,45864340,174581970,45840382,174580163,0,0,1665977186,48,distance_to_pickup,BATCH,batch_greedy,0,0,order,1
1665977234,233031,4465,24669.096963610158,1,True,True,1010,False,714,314,45864340,174581970,45840129,174586702,0,0,1665977092,142,distance_to_pickup,BATCH,batch_greedy,0,0,order,1
1665977234,259154,1213,27385.192093538433,1,True,True,2510,False,714,314,45853618,174528210,45865579,174503575,0,0,1665977073,161,distance_to_pickup,BATCH,batch_greedy,0,0,order,1
1665977234,340521,3724,34797.350603170926,1,True,True,2510,False,714,314,45853618,174528210,45820290,174518205,0,0,1665977193,41,distance_to_pickup,BATCH,batch_greedy,0,0,order,1
1665977234,101599,599,35034.117043248,1,True,True,977,False,714,314,45864785,174580827,45830911,174589768,0,0,1665976707,527,distance_to_pickup,BATCH,batch_greedy,0,0,order,1
1665977234,376544,715,37323.81900341925,1,True,True,848,False,714,314,45874819,174607415,45840123,174621172,0,0,1665977051,183,distance_to_pickup,BATCH,batch_greedy,0,0,order,1
1665977234,416981,1323,37872.27361804411,1,True,True,1205,False,714,314,45857152,174546198,45819799,174539948,0,0,1665976524,710,distance_to_pickup,BATCH,batch_greedy,0,0,order,1
1665977234,57,3380,40170.07747067461,1,True,True,52,False,714,314,45896370,174524880,45880588,174487940,0,0,1665975611,1623,distance_to_pickup,BATCH,batch_greedy,0,0,order,1
1665977234,45067,3862,40790.09065937461,1,True,True,286,False,714,314,45865368,174580855,45824578,174580941,0,0,1665977180,54,distance_to_pickup,BATCH,batch_greedy,0,0,order,1
1665977234,128722,163,42291.929454684374,1,True,True,49,False,714,314,45775310,174567990,45816071,174579266,0,0,1665977053,181,distance_to_pickup,BATCH,batch_greedy,0,0,order,1
1665977234,519415,909,43766.32752470785,1,True,True,1002,False,714,314,45869834,174653627,45838395,174623179,0,0,1665977218,16,distance_to_pickup,BATCH,batch_greedy,0,0,order,1
1665977234,550668,106,46008.169383273664,1,True,True,2961,False,714,314,45860937,174535200,45815582,174527475,0,0,1665977191,43,distance_to_pickup,BATCH,batch_greedy,0,0,order,1
1665977234,250585,336,48213.05172875909,1,True,True,1961,False,714,314,45775310,174567990,45811336,174600031,0,0,1665977190,44,distance_to_pickup,BATCH,batch_greedy,0,0,order,1
1665977234,203749,2244,50234.22105497407,1,True,True,57,False,714,314,45861464,174530911,45820566,174501742,0,0,1665977101,133,distance_to_pickup,BATCH,batch_greedy,0,0,order,1
1665977234,67153,1308,27.459060435491963,1,True,False,2739,False,714,314,45870933,174595486,45870948,174595463,0,0,1665975990,1244,distance_to_pickup,BATCH,batch_greedy,0,0,order,1
1665977234,400941,2383,38.63935817272331,1,True,False,24,False,714,314,45880121,174546722,45880159,174546715,0,0,1665977190,44,distance_to_pickup,BATCH,batch_greedy,0,0,order,1
1665977234,51479,631,190.41270965983338,1,True,False,3283,False,714,314,45860164,174572482,45860213,174572298,0,0,1665976910,324,distance_to_pickup,BATCH,batch_greedy,0,0,order,1
1665977234,256236,2848,203.9730374338726,1,True,False,875,False,714,314,45857789,174567827,45857740,174568025,0,0,1665977208,26,distance_to_pickup,BATCH,batch_greedy,0,0,order,1
1665977234,28933,2574,345.63853951780317,1,True,False,570,False,714,314,45879400,174647910,45879421,174648255,0,0,1665976770,464,distance_to_pickup,BATCH,batch_greedy,0,0,order,1
1665977234,25847,2689,361.178626167164,1,True,False,965,False,714,314,45896190,174554821,45896539,174554728,0,0,1665977163,71,distance_to_pickup,BATCH,batch_greedy,0,0,order,1
1665977234,82944,3425,406.63128261362283,1,True,False,977,False,714,314,45866142,174578749,45865935,174578399,0,0,1665977176,58,distance_to_pickup,BATCH,batch_greedy,0,0,order,1
1665977234,247696,1041,407.4898771748815,1,True,False,2185,False,714,314,45764668,174569944,45764880,174570292,0,0,1665977189,45,distance_to_pickup,BATCH,batch_greedy,0,0,order,1
1665977234,122666,172,424.1238026803023,1,True,False,717,False,714,314,45876366,174604891,45876051,174605175,0,0,1665977197,37,distance_to_pickup,BATCH,batch_greedy,0,0,order,1
1665977234,555822,3745,524.3138373150188,1,True,False,1581,False,714,314,45860696,174563613,45860960,174563160,0,0,1665976669,565,distance_to_pickup,BATCH,batch_greedy,0,0,order,1
1665977234,334977,2465,749.1862251803619,1,True,False,2132,False,714,314,45857789,174567827,45857877,174568571,0,0,1665977134,100,distance_to_pickup,BATCH,batch_greedy,0,0,order,1
1665977234,524718,2339,1407.3695321414343,1,True,False,2581,False,714,314,45859277,174579627,45860457,174578860,0,0,1665977196,38,distance_to_pickup,BATCH,batch_greedy,0,0,order,1
1665977234,284888,170,1611.1989324723374,1,True,False,355,False,714,314,45858252,174567353,45859133,174568702,0,0,1665977195,39,distance_to_pickup,BATCH,batch_greedy,0,0,order,1
1665977234,493451,2870,1696.957571655815,1,True,False,1311,False,714,314,45860440,174563526,45860383,174561830,0,0,1665977187,47,distance_to_pickup,BATCH,batch_greedy,0,0,order,1
1665977234,357224,3557,2734.485143495938,1,True,False,689,False,714,314,45887505,174553677,45890105,174552830,0,0,1665977059,175,distance_to_pickup,BATCH,batch_greedy,0,0,order,1
1665977234,270518,2454,3032.7548532646024,1,True,False,2070,False,714,314,45899979,174569978,45899200,174572909,0,0,1665977172,62,distance_to_pickup,BATCH,batch_greedy,0,0,order,1
1665977234,137873,2177,4534.845642356529,1,True,False,487,False,714,314,45864620,174583120,45867985,174586160,0,0,1665977196,38,distance_to_pickup,BATCH,batch_greedy,0,0,order,1
1665977234,137864,2467,4791.841921432718,1,True,False,1571,False,714,314,45856220,174583459,45852163,174586009,0,0,1665976992,242,distance_to_pickup,BATCH,batch_greedy,0,0,order,1
1665977234,262061,4342,5099.598905796415,1,True,False,2976,False,714,314,45868335,174545710,45863445,174544263,0,0,1665976540,694,distance_to_pickup,BATCH,batch_greedy,0,0,order,1
1665977234,98383,3069,5157.804959476463,1,True,False,852,False,714,314,45870533,174595497,45871459,174590423,0,0,1665977192,42,distance_to_pickup,BATCH,batch_greedy,0,0,order,1
1665977234,451742,2770,5554.420581842898,1,True,False,73,False,714,314,45883480,174592800,45880842,174597688,0,0,1665977132,102,distance_to_pickup,BATCH,batch_greedy,0,0,order,1
1665977234,351602,1304,5904.6642580251755,1,True,False,1336,False,714,314,45879281,174580549,45877143,174586053,0,0,1665976395,839,distance_to_pickup,BATCH,batch_greedy,0,0,order,1
1665977234,535226,1362,8116.183893924534,1,True,False,292,False,714,314,45885007,174521596,45881082,174514492,0,0,1665976670,564,distance_to_pickup,BATCH,batch_greedy,0,0,order,1
1665977234,144003,3779,11770.618080627712,1,True,False,4206,False,714,314,45819086,174556431,45827925,174548658,0,0,1665977139,95,distance_to_pickup,BATCH,batch_greedy,0,0,order,1
1665977234,301703,4446,16705.393141138582,1,True,False,381,False,714,314,45884892,174635297,45900104,174628393,0,0,1665977199,35,distance_to_pickup,BATCH,batch_greedy,0,0,order,1
1665977234,134871,2644,25852.32919873952,1,True,False,381,False,714,314,45884892,174635297,45907647,174623027,0,0,1665977047,187,distance_to_pickup,BATCH,batch_greedy,0,0,order,1
1665977234,267679,3976,41802.22281171182,1,True,False,57,False,714,314,45858376,174534230,45820270,174517044,0,0,1665976569,665,distance_to_pickup,BATCH,batch_greedy,0,0,order,1
1665977234,76567,1334,42422.03663192044,1,True,False,3272,False,714,314,45775310,174567990,45815024,174582904,0,0,1665977192,42,distance_to_pickup,BATCH,batch_greedy,0,0,order,1
1665977234,267693,4573,54077.74378614552,1,True,False,2201,False,714,314,45866090,174532597,45850043,174480955,0,0,1665977190,44,distance_to_pickup,BATCH,batch_greedy,0,0,order,1
1665977414,60884,727,18.027756377319946,1,True,True,1270,False,1063,80,45860150,174572502,45860133,174572508,0,0,1665976941,473,distance_to_pickup,BATCH,batch_greedy,0,0,order,1
1665977414,171199,2383,47.885279575251516,1,True,True,1019,False,1063,80,45880121,174546722,45880163,174546699,0,0,1665977188,226,distance_to_pickup,BATCH,batch_greedy,0,0,order,1
1665977414,25847,2689,60.74537019394976,1,True,True,965,False,1063,80,45896190,174554821,45896157,174554770,0,0,1665977163,251,distance_to_pickup,BATCH,batch_greedy,0,0,order,1
1665977414,35356,1829,74.96665925596525,1,True,True,2827,False,1063,80,45896070,174555813,45896016,174555865,0,0,1665976660,754,distance_to_pickup,BATCH,batch_greedy,0,0,order,1
1665977414,51479,1270,85.44588931013593,1,True,True,3283,False,1063,80,45860164,174572482,45860234,174572531,0,0,1665976910,504,distance_to_pickup,BATCH,batch_greedy,0,0,order,1
1665977414,529930,827,115.10864433221339,1,True,True,3029,False,1063,80,45897803,174552932,45897708,174552867,0,0,1665970940,6474,distance_to_pickup,BATCH,batch_greedy,0,0,order,1
1665977414,64016,2064,141.79210133149166,1,True,True,1133,False,1063,80,45871046,174595564,45871185,174595592,0,0,1665977380,34,distance_to_pickup,BATCH,batch_greedy,0,0,order,1
1665977414,224395,655,158.86157496386593,1,True,True,536,False,1063,80,45859909,174572340,45859755,174572379,0,0,1665976937,477,distance_to_pickup,BATCH,batch_greedy,0,0,order,1
1665977414,343386,3425,177.2004514666935,1,True,True,178,False,1063,80,45863195,174580823,45863145,174580653,0,0,1665976999,415,distance_to_pickup,BATCH,batch_greedy,0,0,order,1
1665977414,209762,601,181.69479904499192,1,True,True,836,False,1063,80,45905951,174543445,45906104,174543543,0,0,1665977373,41,distance_to_pickup,BATCH,batch_greedy,0,0,order,1
1665977414,406341,1521,184.2199772011711,1,True,True,1266,False,1063,80,45885892,174563248,45885901,174563432,0,0,1665977365,49,distance_to_pickup,BATCH,batch_greedy,0,0,order,1
1665977414,403613,824,194.12624758130983,1,True,True,391,False,1063,80,45895724,174555827,45895846,174555978,0,0,1665976286,1128,distance_to_pickup,BATCH,batch_greedy,0,0,order,1
1665977414,28933,2574,274.96181553081146,1,True,True,570,False,1063,80,45879400,174647910,45879348,174648180,0,0,1665976770,644,distance_to_pickup,BATCH,batch_greedy,0,0,order,1
1665977414,64009,1352,302.95214143491376,1,True,True,1870,False,1063,80,45866440,174556210,45866184,174556372,0,0,1665977268,146,distance_to_pickup,BATCH,batch_greedy,0,0,order,1
1665977414,376553,2747,306.4914354431458,1,True,True,2005,False,1063,80,45885512,174582807,45885551,174583111,0,0,1665976186,1228,distance_to_pickup,BATCH,batch_greedy,0,0,order,1
1665977414,422245,602,316.3558123379433,1,True,True,877,False,1063,80,45862879,174581321,45862864,174581637,0,0,1665976903,511,distance_to_pickup,BATCH,batch_greedy,0,0,order,1
1665977414,459495,3331,320.0390601161052,1,True,True,126,False,1063,80,45872996,174625648,45872679,174625604,0,0,1665977217,197,distance_to_pickup,BATCH,batch_greedy,0,0,order,1
1665977414,67153,1120,358.77569594385847,1,True,True,2739,False,1063,80,45870933,174595486,45871117,174595794,0,0,1665975990,1424,distance_to_pickup,BATCH,batch_greedy,0,0,order,1
1665977414,566062,1023,638.3744982375157,1,True,True,2400,False,1063,80,45869010,174572742,45869119,174572113,0,0,1665976934,480,distance_to_pickup,BATCH,batch_greedy,0,0,order,1
1665977414,373802,2339,664.2988785177948,1,True,True,870,False,1063,80,45860012,174579182,45860374,174578625,0,0,1665976923,491,distance_to_pickup,BATCH,batch_greedy,0,0,order,1
1665977414,284888,170,673.1314878981669,1,True,True,355,False,1063,80,45858252,174567353,45858811,174566978,0,0,1665977195,219,distance_to_pickup,BATCH,batch_greedy,0,0,order,1
1665977414,262050,4528,728.2266130813952,1,True,True,433,False,1063,80,45873007,174626168,45872462,174625685,0,0,1665976858,556,distance_to_pickup,BATCH,batch_greedy,0,0,order,1
1665977414,264825,1041,780.0775602464155,1,True,True,3147,False,1063,80,45765106,174572219,45765117,174571439,0,0,1665975978,1436,distance_to_pickup,BATCH,batch_greedy,0,0,order,1
1665977414,332278,1304,819.1568836309684,1,True,True,1554,False,1063,80,45877560,174595910,45876887,174596377,0,0,1665977380,34,distance_to_pickup,BATCH,batch_greedy,0,0,order,1
1665977414,89125,2214,988.1280281421026,1,True,True,926,False,1063,80,45885478,174592525,45885939,174593399,0,0,1665977051,363,distance_to_pickup,BATCH,batch_greedy,0,0,order,1
1665977414,406338,2848,1085.428026172164,1,True,True,3984,False,1063,80,45859820,174571190,45858743,174571325,0,0,1665977015,399,distance_to_pickup,BATCH,batch_greedy,0,0,order,1
1665977414,411670,2265,1138.9899033793056,1,True,True,2915,False,1063,80,45851052,174551377,45851759,174550484,0,0,1665976881,533,distance_to_pickup,BATCH,batch_greedy,0,0,order,1
1665977414,122658,2061,1147.299437810374,1,True,True,1292,False,1063,80,45863106,174563647,45862020,174564017,0,0,1665976972,442,distance_to_pickup,BATCH,batch_greedy,0,0,order,1
1665977414,493451,3745,1205.010373399333,1,True,True,1311,False,1063,80,45860440,174563526,45860445,174562321,0,0,1665977187,227,distance_to_pickup,BATCH,batch_greedy,0,0,order,1
1665977414,503906,290,1295.457448162617,1,True,True,208,False,1063,80,45853870,174592240,45855151,174592433,0,0,1665977371,43,distance_to_pickup,BATCH,batch_greedy,0,0,order,1
1665977414,334977,2465,1340.3820350929805,1,True,True,2132,False,1063,80,45857789,174567827,45857821,174569167,0,0,1665977134,280,distance_to_pickup,BATCH,batch_greedy,0,0,order,1
1665977414,262036,942,1507.6637556166163,1,True,True,942,True,1063,80,45822976,174546904,45824165,174547831,0,0,1665975531,1883,distance_to_pickup,BATCH,batch_greedy,0,0,order,1
1665977414,390038,3488,1563.7678855891625,1,True,True,2004,False,1063,80,45865187,174562755,45865280,174564316,0,0,1665976919,495,distance_to_pickup,BATCH,batch_greedy,0,0,order,1
1665977414,79837,3685,1691.0047309218269,1,True,True,691,False,1063,80,45874164,174536556,45872500,174536255,0,0,1665977006,408,distance_to_pickup,BATCH,batch_greedy,0,0,order,1
1665977414,137873,1897,1759.957101749926,1,True,True,487,False,1063,80,45864620,174583120,45864752,174584875,0,0,1665977196,218,distance_to_pickup,BATCH,batch_greedy,0,0,order,1
1665977414,555822,2870,1810.264621540177,1,True,True,1581,False,1063,80,45860696,174563613,45860383,174561830,0,0,1665976669,745,distance_to_pickup,BATCH,batch_greedy,0,0,order,1
1665977414,200777,3358,1981.020191719408,1,True,True,3358,True,1063,80,45888536,174591533,45887756,174593354,0,0,1665977115,299,distance_to_pickup,BATCH,batch_greedy,0,0,order,1
1665977414,156054,3779,2044.6271053666485,1,True,True,2701,False,1063,80,45831851,174549283,45833741,174550063,0,0,1665977371,43,distance_to_pickup,BATCH,batch_greedy,0,0,order,1
1665977414,558422,4342,2118.1279470324735,1,True,True,1516,False,1063,80,45861372,174545171,45863351,174544416,0,0,1665976929,485,distance_to_pickup,BATCH,batch_greedy,0,0,order,1
1665977414,558427,4191,2302.8664746354707,1,True,True,4191,True,1063,80,45885478,174592525,45885991,174594770,0,0,1665977373,41,distance_to_pickup,BATCH,batch_greedy,0,0,order,1
1665977414,400944,3018,2380.248936561048,1,True,True,1950,False,1063,80,45868758,174548560,45866799,174549912,0,0,1665977267,147,distance_to_pickup,BATCH,batch_greedy,0,0,order,1
1665977414,256242,3029,2417.325174650692,1,True,True,939,False,1063,80,45905276,174543687,45902882,174543352,0,0,1665977402,12,distance_to_pickup,BATCH,batch_greedy,0,0,order,1
1665977414,256236,3325,2478.4924853628263,1,True,True,875,False,1063,80,45857789,174567827,45859107,174569926,0,0,1665977208,206,distance_to_pickup,BATCH,batch_greedy,0,0,order,1
1665977414,162156,3557,2561.1030826579395,1,True,True,2696,False,1063,80,45892850,174552390,45890318,174552775,0,0,1665976946,468,distance_to_pickup,BATCH,batch_greedy,0,0,order,1
1665977414,392756,956,2597.7255436246533,1,True,True,440,False,1063,80,45885386,174582559,45886363,174584966,0,0,1665976904,510,distance_to_pickup,BATCH,batch_greedy,0,0,order,1
1665977414,270518,2454,2685.7708390702287,1,True,True,2070,False,1063,80,45899979,174569978,45898965,174572465,0,0,1665977172,242,distance_to_pickup,BATCH,batch_greedy,0,0,order,1
1665977414,282019,4021,2810.6700268797117,1,True,True,963,False,1063,80,45857425,174567864,45855396,174565919,0,0,1665976395,1019,distance_to_pickup,BATCH,batch_greedy,0,0,order,1
1665977414,284890,3619,2900.223439668054,1,True,True,2200,False,1063,80,45878778,174633418,45875878,174633454,0,0,1665977346,68,distance_to_pickup,BATCH,batch_greedy,0,0,order,1
1665977414,162153,3464,3856.9424418832077,1,True,True,322,False,1063,80,45819916,174522889,45821197,174519251,0,0,1665977156,258,distance_to_pickup,BATCH,batch_greedy,0,0,order,1
1665977414,511734,1362,4371.835426911676,1,True,True,776,False,1063,80,45880493,174529817,45881734,174525625,0,0,1665976915,499,distance_to_pickup,BATCH,batch_greedy,0,0,order,1
1665977414,524708,2438,4488.238852824123,1,True,True,1105,False,1063,80,45890760,174573332,45886748,174571320,0,0,1665976798,616,distance_to_pickup,BATCH,batch_greedy,0,0,order,1
1665977414,451742,3286,5127.783244248922,1,True,True,73,False,1063,80,45883480,174592800,45884311,174597860,0,0,1665977132,282,distance_to_pickup,BATCH,batch_greedy,0,0,order,1
1665977414,41768,1516,5212.546594515967,1,True,True,1205,False,1063,80,45857016,174545368,45861517,174542739,0,0,1665977375,39,distance_to_pickup,BATCH,batch_greedy,0,0,order,1
1665977414,490855,2177,5607.301400852285,1,True,True,611,False,1063,80,45864380,174583007,45867435,174587709,0,0,1665977303,111,distance_to_pickup,BATCH,batch_greedy,0,0,order,1
1665977414,262051,3976,6082.776093199552,1,True,True,2244,False,1063,80,45820029,174523122,45820270,174517044,0,0,1665976861,553,distance_to_pickup,BATCH,batch_greedy,0,0,order,1
1665977414,503903,172,7538.134318251433,1,True,True,1154,False,1063,80,45874819,174607415,45876281,174614810,0,0,1665977296,118,distance_to_pickup,BATCH,batch_greedy,0,0,order,1
1665977414,354443,363,8328.858985479343,1,True,True,1098,False,1063,80,45871286,174609005,45872822,174617191,0,0,1665977381,33,distance_to_pickup,BATCH,batch_greedy,0,0,order,1
1665977414,435624,906,10036.859518793715,1,True,True,1923,False,1063,80,45862120,174513830,45852102,174513215,0,0,1665976951,463,distance_to_pickup,BATCH,batch_greedy,0,0,order,1
1665977414,95404,1334,10637.153989672237,1,True,True,394,False,1063,80,45832112,174582926,45821486,174582439,0,0,1665977164,250,distance_to_pickup,BATCH,batch_greedy,0,0,order,1
1665977414,144003,3654,10644.401439254347,1,True,True,4206,False,1063,80,45819086,174556431,45816435,174546122,0,0,1665977139,275,distance_to_pickup,BATCH,batch_greedy,0,0,order,1
1665977414,174194,3839,10850.735090306094,1,True,True,2921,False,1063,80,45919951,174516559,45920957,174505755,0,0,1665977073,341,distance_to_pickup,BATCH,batch_greedy,0,0,order,1
1665977414,134871,4446,16737.01556431134,1,True,True,381,False,1063,80,45884892,174635297,45900121,174628354,0,0,1665977047,367,distance_to_pickup,BATCH,batch_greedy,0,0,order,1
1665977414,186103,2308,16801.031456431476,1,True,True,444,False,1063,80,45881004,174511537,45866381,174503264,0,0,1665977376,38,distance_to_pickup,BATCH,batch_greedy,0,0,order,1
1665977414,424991,1816,30723.724139498452,1,True,True,2225,False,1063,80,46043190,174939130,46017819,174921802,0,0,1665977068,346,distance_to_pickup,BATCH,batch_greedy,0,0,order,1
1665977414,92270,4573,44810.7712944109,1,True,True,3322,False,1063,80,45881725,174512645,45850043,174480955,0,0,1665977374,40,distance_to_pickup,BATCH,batch_greedy,0,0,order,1
1665977414,227329,182,170.01764614298128,1,True,False,520,False,1063,80,45887697,174556801,45887532,174556760,0,0,1665976798,616,distance_to_pickup,BATCH,batch_greedy,0,0,order,1
1665977414,537894,631,593.4610349466931,1,True,False,227,False,1063,80,45860748,174572540,45860228,174572254,0,0,1665977011,403,distance_to_pickup,BATCH,batch_greedy,0,0,order,1
1665977414,98383,4305,724.0441975459786,1,True,False,852,False,1063,80,45870533,174595497,45871117,174595925,0,0,1665977192,222,distance_to_pickup,BATCH,batch_greedy,0,0,order,1
1665977414,67181,1378,1030.900577165422,1,True,False,1876,False,1063,80,45886081,174590587,45885721,174589621,0,0,1665977190,224,distance_to_pickup,BATCH,batch_greedy,0,0,order,1
1665977414,516914,2770,1389.0752319439002,1,True,False,1265,False,1063,80,45878269,174600078,45879338,174599191,0,0,1665977376,38,distance_to_pickup,BATCH,batch_greedy,0,0,order,1
1665977414,542949,1308,1923.7629791634936,1,True,False,2095,False,1063,80,45872485,174586837,45872077,174588717,0,0,1665976789,625,distance_to_pickup,BATCH,batch_greedy,0,0,order,1
1665977414,503908,2443,2113.715685706098,1,True,False,764,False,1063,80,45897659,174590703,45895894,174591866,0,0,1665977381,33,distance_to_pickup,BATCH,batch_greedy,0,0,order,1
1665977414,51472,664,2188.5415234808775,1,True,False,3167,False,1063,80,45890444,174572525,45891077,174570430,0,0,1665976809,605,distance_to_pickup,BATCH,batch_greedy,0,0,order,1
1665977414,137864,2467,2776.7666448587283,1,True,False,1571,False,1063,80,45856220,174583459,45853732,174582226,0,0,1665976992,422,distance_to_pickup,BATCH,batch_greedy,0,0,order,1
1665977414,104582,934,3055.8602716747373,1,True,False,2034,False,1063,80,45874701,174571605,45874400,174568564,0,0,1665976613,801,distance_to_pickup,BATCH,batch_greedy,0,0,order,1
1665977414,475325,487,4688.203493876946,1,True,False,487,False,1063,80,45864620,174583120,45868226,174586116,0,0,1665977341,73,distance_to_pickup,BATCH,batch_greedy,0,0,order,1
1665977414,230208,3069,5020.022410308544,1,True,False,101,False,1063,80,45877643,174586160,45872939,174584407,0,0,1665977373,41,distance_to_pickup,BATCH,batch_greedy,0,0,order,1
1665977414,168136,4010,6159.695609362528,1,True,False,1912,False,1063,80,45861721,174510844,45866006,174506419,0,0,1665977357,57,distance_to_pickup,BATCH,batch_greedy,0,0,order,1
1665977414,522067,3065,11996.495196514688,1,True,False,2850,False,1063,80,45912607,174588126,45922068,174580750,0,0,1665975060,2354,distance_to_pickup,BATCH,batch_greedy,0,0,order,1
1665977414,301703,2644,25173.63736133497,1,True,False,381,False,1063,80,45884892,174635297,45903525,174618370,0,0,1665977199,215,distance_to_pickup,BATCH,batch_greedy,0,0,order,1
1666063506,212729,4200,3.0,1,True,True,50,False,1708,3132,45865238,174556784,45865241,174556784,0,0,1665976872,86634,distance_to_pickup,BATCH,batch_greedy,0,0,order,1
1666063506,417299,872,9.055385138137417,1,True,True,1803,False,1708,3132,45870933,174595486,45870942,174595487,0,0,1666063369,137,distance_to_pickup,BATCH,batch_greedy,0,0,order,1
1666063626,233033,137,5.830951894845301,1,True,True,1115,False,2351,3153,45860020,174580680,45860023,174580685,0,0,1665977358,86268,distance_to_pickup,BATCH,batch_greedy,0,0,order,1
1666063626,119635,1967,7.0710678118654755,1,True,True,2189,False,2351,3153,45864785,174580827,45864790,174580832,0,0,1665976410,87216,distance_to_pickup,BATCH,batch_greedy,0,0,order,1
1666063626,186443,386,9.486832980505138,1,True,True,611,False,2351,3153,45867403,174569758,45867412,174569761,0,0,1666063029,597,distance_to_pickup,BATCH,batch_greedy,0,0,order,1
1666063626,537889,406,9.899494936611665,1,True,True,2740,False,2351,3153,45865320,174556750,45865327,174556743,0,0,1665976746,86880,distance_to_pickup,BATCH,batch_greedy,0,0,order,1
1666063626,82935,3449,6.708203932499369,1,True,False,2696,False,2351,3153,45894861,174555310,45894867,174555307,0,0,1665976825,86801,distance_to_pickup,BATCH,batch_greedy,0,0,order,1
1666063806,120032,1242,1.4142135623730951,1,True,True,3039,False,2962,3177,45907630,174567904,45907629,174567905,0,0,1666063106,700,distance_to_pickup,BATCH,batch_greedy,0,0,order,1
1666063806,351954,286,6.708203932499369,1,True,True,671,False,2962,3177,45864073,174582024,45864067,174582021,0,0,1666063282,524,distance_to_pickup,BATCH,batch_greedy,0,0,order,1
1666063806,54610,2032,8.0,1,True,True,4207,False,2962,3177,45864785,174580827,45864785,174580819,0,0,1665976992,86814,distance_to_pickup,BATCH,batch_greedy,0,0,order,1
1666063806,284886,3642,7.615773105863909,1,True,False,672,False,2962,3177,45861655,174583536,45861648,174583539,0,0,1665977223,86583,distance_to_pickup,BATCH,batch_greedy,0,0,order,1
1666063806,334982,1584,7.810249675906654,1,True,False,1499,False,2962,3177,45861752,174582541,45861747,174582547,0,0,1665977274,86532,distance_to_pickup,BATCH,batch_greedy,0,0,order,1
1666149913,427560,2773,5.0,1,True,True,2689,False,3674,3420,45896012,174554857,45896009,174554853,0,0,1665977101,172812,distance_to_pickup,BATCH,batch_greedy,0,0,order,1
1666149913,480865,4135,9.219544457292887,1,True,True,746,False,3674,3420,45865320,174556750,45865326,174556743,0,0,1666063027,86886,distance_to_pickup,BATCH,batch_greedy,0,0,order,1
1666149913,365600,2999,9.486832980505138,1,True,True,1792,False,3674,3420,45769703,174567541,45769700,174567532,0,0,1665977378,172535,distance_to_pickup,BATCH,batch_greedy,0,0,order,1
1666149913,467445,1647,2.0,1,True,False,1889,False,3674,3420,45880689,174650819,45880687,174650819,0,0,1665977188,172725,distance_to_pickup,BATCH,batch_greedy,0,0,order,1
1666150033,156365,1877,7.0710678118654755,1,True,True,1987,False,4392,3433,45865177,174556709,45865178,174556716,0,0,1666062451,87582,distance_to_pickup,BATCH,batch_greedy,0,0,order,1
1666150033,241883,2688,7.810249675906654,1,True,True,988,False,4392,3433,45896150,174555690,45896156,174555685,0,0,1665977088,172945,distance_to_pickup,BATCH,batch_greedy,0,0,order,1
1666150033,6492,1792,9.848857801796104,1,True,True,2003,False,4392,3433,45766245,174567179,45766241,174567188,0,0,1665977072,172961,distance_to_pickup,BATCH,batch_greedy,0,0,order,1
1666150033,22593,579,10.0,1,True,True,407,False,4392,3433,45896150,174555690,45896144,174555682,0,0,1665977155,172878,distance_to_pickup,BATCH,batch_greedy,0,0,order,1
1666150213,186751,879,3.605551275463989,1,True,True,3392,False,5026,3448,45859736,174548392,45859734,174548389,0,0,1666146737,3476,distance_to_pickup,BATCH,batch_greedy,0,0,order,1
1666150213,86768,3568,6.4031242374328485,1,True,True,1918,False,5026,3448,45885512,174582807,45885507,174582803,0,0,1666148908,1305,distance_to_pickup,BATCH,batch_greedy,0,0,order,1
1666150213,10150,3528,7.615773105863909,1,True,True,2364,False,5026,3448,45874747,174650084,45874744,174650077,0,0,1666063404,86809,distance_to_pickup,BATCH,batch_greedy,0,0,order,1
1666150213,414617,3541,7.615773105863909,1,True,True,1354,False,5026,3448,45874742,174650123,45874739,174650116,0,0,1666063591,86622,distance_to_pickup,BATCH,batch_greedy,0,0,order,1
1666150213,319140,800,9.433981132056603,1,True,True,4076,False,5026,3448,45860060,174572270,45860065,174572262,0,0,1666149591,622,distance_to_pickup,BATCH,batch_greedy,0,0,order,1
1666150213,265135,1915,10.0,1,True,True,3125,False,5026,3448,45885892,174563248,45885898,174563256,0,0,1666063242,86971,distance_to_pickup,BATCH,batch_greedy,0,0,order,1
1666150213,168140,2518,6.082762530298219,1,True,False,2492,False,5026,3448,45896148,174555744,45896147,174555750,0,0,1665977369,172844,distance_to_pickup,BATCH,batch_greedy,0,0,order,1
1666236312,417295,1181,6.324555320336759,1,True,True,4053,False,5663,3609,45896150,174555690,45896156,174555692,0,0,1666063191,173121,distance_to_pickup,BATCH,batch_greedy,0,0,order,1
1666236312,183559,1827,6.324555320336759,1,True,True,1777,False,5663,3609,45880249,174546573,45880243,174546571,0,0,1666063264,173048,distance_to_pickup,BATCH,batch_greedy,0,0,order,1
1666236312,147705,480,6.324555320336759,1,True,True,2369,False,5663,3609,45865623,174581146,45865621,174581152,0,0,1666148944,87368,distance_to_pickup,BATCH,batch_greedy,0,0,order,1
1666236312,144369,4154,7.0710678118654755,1,True,True,1688,False,5663,3609,45861161,174563871,45861156,174563866,0,0,1666063581,172731,distance_to_pickup,BATCH,batch_greedy,0,0,order,1
1666236312,117354,3769,7.211102550927978,1,True,True,3004,False,5663,3609,45879964,174546543,45879970,174546539,0,0,1666149211,87101,distance_to_pickup,BATCH,batch_greedy,0,0,order,1
1666236312,159031,1497,8.54400374531753,1,True,True,233,False,5663,3609,45859352,174579486,45859349,174579478,0,0,1665977313,258999,distance_to_pickup,BATCH,batch_greedy,0,0,order,1
1666236432,38510,74,9.0,1,True,True,2132,False,6344,3622,45856330,174579593,45856321,174579593,0,0,1665977130,259302,distance_to_pickup,BATCH,batch_greedy,0,0,order,1
1666236432,302320,2755,9.433981132056603,1,True,True,500,False,6344,3622,46053446,174953728,46053454,174953733,0,0,1666149831,86601,distance_to_pickup,BATCH,batch_greedy,0,0,order,1
1666236432,537894,1543,6.4031242374328485,1,True,False,227,False,6344,3622,45860748,174572540,45860753,174572536,0,0,1665977011,259421,distance_to_pickup,BATCH,batch_greedy,0,0,order,1
1666236612,511732,683,9.219544457292887,1,True,True,3557,False,7033,3625,45889986,174545204,45889988,174545195,0,0,1665977190,259422,distance_to_pickup,BATCH,batch_greedy,0,0,order,1
1666236612,456873,2059,9.219544457292887,1,True,True,790,False,7033,3625,45856330,174579593,45856339,174579591,0,0,1665977375,259237,distance_to_pickup,BATCH,batch_greedy,0,0,order,1
1666236612,162469,832,9.219544457292887,1,True,True,1354,False,7033,3625,45874747,174650084,45874753,174650077,0,0,1666063448,173164,distance_to_pickup,BATCH,batch_greedy,0,0,order,1
1666236612,528235,758,10.0,1,True,True,2901,False,7033,3625,45885520,174583087,45885528,174583081,0,0,1666232763,3849,distance_to_pickup,BATCH,batch_greedy,0,0,order,1
1666236612,73757,1425,9.486832980505138,1,True,False,1350,False,7033,3625,45874643,174648159,45874646,174648150,0,0,1666063690,172922,distance_to_pickup,BATCH,batch_greedy,0,0,order,1
1666322707,174200,4038,5.656854249492381,1,True,True,4038,True,7762,3753,45849644,174599543,45849648,174599539,0,0,1665977347,345360,distance_to_pickup,BATCH,batch_greedy,0,0,order,1
1666322707,298820,1937,6.708203932499369,1,True,True,1704,False,7762,3753,45861700,174583580,45861697,174583574,0,0,1665977019,345688,distance_to_pickup,BATCH,batch_greedy,0,0,order,1
1666322707,192279,1964,7.0710678118654755,1,True,True,1193,False,7762,3753,45907630,174567904,45907629,174567911,0,0,1666063321,259386,distance_to_pickup,BATCH,batch_greedy,0,0,order,1
1666322707,307651,1707,7.810249675906654,1,True,True,925,False,7762,3753,45912320,174519710,45912325,174519704,0,0,1666063523,259184,distance_to_pickup,BATCH,batch_greedy,0,0,order,1
1666322707,212745,1371,8.54400374531753,1,True,True,3176,False,7762,3753,45849647,174566845,45849655,174566848,0,0,1665977373,345334,distance_to_pickup,BATCH,batch_greedy,0,0,order,1
1666322707,280554,3431,8.54400374531753,1,True,True,3238,False,7762,3753,45859122,174540364,45859130,174540367,0,0,1666322419,288,distance_to_pickup,BATCH,batch_greedy,0,0,order,1
1666322707,543863,3966,5.0,1,True,False,2022,False,7762,3753,45894844,174555275,45894844,174555280,0,0,1666236272,86435,distance_to_pickup,BATCH,batch_greedy,0,0,order,1
1666322707,348810,943,5.0990195135927845,1,True,False,672,False,7762,3753,45861817,174582376,45861816,174582381,0,0,1665976982,345725,distance_to_pickup,BATCH,batch_greedy,0,0,order,1
1666322707,516875,3712,8.602325267042627,1,True,False,1706,False,7762,3753,45860696,174563613,45860691,174563620,0,0,1665974071,348636,distance_to_pickup,BATCH,batch_greedy,0,0,order,1
1666322827,122659,1829,2.0,1,True,True,3721,False,8440,3753,45897597,174552952,45897595,174552952,0,0,1665976969,345858,distance_to_pickup,BATCH,batch_greedy,0,0,order,1
1666322827,104593,3440,3.1622776601683795,1,True,True,697,False,8440,3753,45874664,174648154,45874665,174648157,0,0,1665976908,345919,distance_to_pickup,BATCH,batch_greedy,0,0,order,1
1666322827,92654,2103,6.708203932499369,1,True,True,1470,False,8440,3753,45883445,174599735,45883448,174599729,0,0,1666063259,259568,distance_to_pickup,BATCH,batch_greedy,0,0,order,1
1666322827,509390,1693,7.211102550927978,1,True,True,4772,False,8440,3753,45859227,174576074,45859221,174576078,0,0,1666063587,259240,distance_to_pickup,BATCH,batch_greedy,0,0,order,1
1666322827,132191,2183,8.54400374531753,1,True,True,170,False,8440,3753,45864638,174583106,45864646,174583103,0,0,1666063238,259589,distance_to_pickup,BATCH,batch_greedy,0,0,order,1
1666322827,498914,3976,10.0,1,True,True,3976,True,8440,3753,45820038,174523159,45820046,174523153,0,0,1666063114,259713,distance_to_pickup,BATCH,batch_greedy,0,0,order,1
1666323007,242556,1209,3.1622776601683795,1,True,True,3724,False,9097,3753,45877161,174545529,45877164,174545528,0,0,1666150013,172994,distance_to_pickup,BATCH,batch_greedy,0,0,order,1
1666323007,58504,1414,6.4031242374328485,1,True,True,1261,False,9097,3753,45880039,174546529,45880034,174546525,0,0,1666149212,173795,distance_to_pickup,BATCH,batch_greedy,0,0,order,1
1666323007,363092,4272,8.54400374531753,1,True,True,2291,False,9097,3753,45879848,174648286,45879840,174648289,0,0,1666063317,259690,distance_to_pickup,BATCH,batch_greedy,0,0,order,1
1666323007,540433,3095,9.486832980505138,1,True,True,3370,False,9097,3753,45892850,174552390,45892853,174552399,0,0,1665976997,346010,distance_to_pickup,BATCH,batch_greedy,0,0,order,1
1666323007,26207,759,9.848857801796104,1,True,True,1166,False,9097,3753,45880173,174546649,45880164,174546653,0,0,1666062901,260106,distance_to_pickup,BATCH,batch_greedy,0,0,order,1
1666409110,13704,3008,1.4142135623730951,1,True,True,2366,False,9792,3891,45871124,174595611,45871125,174595612,0,0,1666149428,259682,distance_to_pickup,BATCH,batch_greedy,0,0,order,1
1666409110,369267,811,5.0,1,True,True,1462,False,9792,3891,45879819,174546573,45879814,174546573,0,0,1666235940,173170,distance_to_pickup,BATCH,batch_greedy,0,0,order,1
1666409110,101949,478,7.280109889280518,1,True,True,2901,False,9792,3891,45883537,174592777,45883535,174592770,0,0,1666062987,346123,distance_to_pickup,BATCH,batch_greedy,0,0,order,1
1666409110,39281,4145,8.06225774829855,1,True,True,503,False,9792,3891,45879989,174546500,45879997,174546501,0,0,1666149362,259748,distance_to_pickup,BATCH,batch_greedy,0,0,order,1
1666409110,26604,479,10.0,1,True,True,1764,False,9792,3891,45857479,174567630,45857485,174567638,0,0,1666150150,258960,distance_to_pickup,BATCH,batch_greedy,0,0,order,1
1666409110,144005,3140,2.8284271247461903,1,True,False,723,False,9792,3891,45879887,174546555,45879885,174546553,0,0,1665976700,432410,distance_to_pickup,BATCH,batch_greedy,0,0,order,1
1666409230,214161,1688,6.708203932499369,1,True,True,2386,False,10459,3891,45871180,174595520,45871183,174595526,0,0,1666322613,86617,distance_to_pickup,BATCH,batch_greedy,0,0,order,1
1666409230,38507,1634,9.433981132056603,1,True,True,1145,False,10459,3891,45868629,174606647,45868634,174606655,0,0,1665976948,432282,distance_to_pickup,BATCH,batch_greedy,0,0,order,1
1666409410,2055,3485,4.47213595499958,1,True,True,1493,False,11091,3898,45912005,174528762,45912003,174528758,0,0,1666409047,363,distance_to_pickup,BATCH,batch_greedy,0,0,order,1
1666409410,398493,2477,6.708203932499369,1,True,True,1159,False,11091,3898,45866307,174536758,45866313,174536755,0,0,1666062942,346468,distance_to_pickup,BATCH,batch_greedy,0,0,order,1
1666409410,242207,496,7.810249675906654,1,True,True,2643,False,11091,3898,45870242,174595530,45870237,174595524,0,0,1666063345,346065,distance_to_pickup,BATCH,batch_greedy,0,0,order,1
1666409410,360973,3901,8.06225774829855,1,True,True,3901,True,11091,3898,45832060,174583001,45832052,174583002,0,0,1666236461,172949,distance_to_pickup,BATCH,batch_greedy,0,0,order,1
1666495519,500568,878,5.385164807134504,1,True,True,2577,False,11721,3996,45912023,174529261,45912025,174529266,0,0,1666495237,282,distance_to_pickup,BATCH,batch_greedy,0,0,order,1
1666495519,422605,1377,6.082762530298219,1,True,True,2279,False,11721,3996,45898349,174553149,45898343,174553150,0,0,1666063335,432184,distance_to_pickup,BATCH,batch_greedy,0,0,order,1
1666495519,276954,1563,6.082762530298219,1,True,True,2434,False,11721,3996,45885627,174540503,45885633,174540504,0,0,1666150180,345339,distance_to_pickup,BATCH,batch_greedy,0,0,order,1
1666495519,288293,4404,7.211102550927978,1,True,True,487,False,11721,3996,45864638,174583106,45864634,174583100,0,0,1666149765,345754,distance_to_pickup,BATCH,batch_greedy,0,0,order,1
1666495519,82935,994,8.246211251235321,1,True,True,2696,False,11721,3996,45894861,174555310,45894859,174555302,0,0,1665976825,518694,distance_to_pickup,BATCH,batch_greedy,0,0,order,1
1666495519,493758,2389,9.0,1,True,True,76,False,11721,3996,45849644,174599543,45849653,174599543,0,0,1666063199,432320,distance_to_pickup,BATCH,batch_greedy,0,0,order,1
1666495519,32112,325,9.055385138137417,1,True,True,278,False,11721,3996,45898300,174553788,45898299,174553797,0,0,1665976308,519211,distance_to_pickup,BATCH,batch_greedy,0,0,order,1
1666495519,259148,2482,5.0,1,True,False,2716,False,11721,3996,45889630,174546285,45889625,174546285,0,0,1665977093,518426,distance_to_pickup,BATCH,batch_greedy,0,0,order,1
1666495519,564130,3053,9.433981132056603,1,True,False,3053,False,11721,3996,45849644,174599543,45849636,174599538,0,0,1666149984,345535,distance_to_pickup,BATCH,batch_greedy,0,0,order,1
1666495639,371397,2509,5.385164807134504,1,True,True,2268,False,12305,3998,45864844,174536664,45864846,174536659,0,0,1666063593,432046,distance_to_pickup,BATCH,batch_greedy,0,0,order,1
1666495639,177202,2352,6.324555320336759,1,True,True,1606,False,12305,3998,45767858,174560883,45767856,174560889,0,0,1665977194,518445,distance_to_pickup,BATCH,batch_greedy,0,0,order,1
1666495639,558708,938,6.324555320336759,1,True,True,3528,False,12305,3998,45879237,174648050,45879239,174648044,0,0,1666062774,432865,distance_to_pickup,BATCH,batch_greedy,0,0,order,1
1666495639,95415,2382,7.211102550927978,1,True,True,4001,False,12305,3998,45867117,174556837,45867111,174556833,0,0,1665976805,518834,distance_to_pickup,BATCH,batch_greedy,0,0,order,1
1666495639,67550,1279,7.615773105863909,1,True,True,3039,False,12305,3998,45907630,174567904,45907627,174567911,0,0,1666063365,432274,distance_to_pickup,BATCH,batch_greedy,0,0,order,1
1666495639,564130,3053,9.433981132056603,1,True,True,3053,True,12305,3998,45849644,174599543,45849636,174599538,0,0,1666149984,345655,distance_to_pickup,BATCH,batch_greedy,0,0,order,1
1666495639,20934,133,8.246211251235321,1,True,False,1290,False,12305,3998,46052385,174946069,46052383,174946061,0,0,1666322960,172679,distance_to_pickup,BATCH,batch_greedy,0,0,order,1
