dispatch_time,num_orders_in_batch,num_available_couriers,supply_demand_ratio,num_proposed_assignments,num_accepted_assignments,num_rejections,assignment_rate,acceptance_rate,total_cost_of_cycle,avg_cost_per_assignment,agreement_rate_with_actual,cost_function,mode,strategy_key,num_units,num_bundles,avg_bundle_size,micro_batch_sec,optimizer_status,num_deferred_in,num_deferred_out,num_deferred_carry
1665977114,1112,802,0.7212230215827338,802,698,104,0.6276978417266187,0.8703241895261845,17633979.688478105,25263.581215584676,0.008595988538681949,distance_to_pickup,REALTIME,greedy,1112,0,1,10,ok,0,414,414
1665977124,428,104,0.24299065420560748,104,96,8,0.22429906542056074,0.9230769230769231,1201381.2748718488,12514.38827991509,0.010416666666666666,distance_to_pickup,REALTIME,greedy,428,0,1,10,ok,0,332,332
1665977134,345,8,0.02318840579710145,8,7,1,0.020289855072463767,0.875,25381.626578236675,3625.946654033811,0.0,distance_to_pickup,REALTIME,greedy,345,0,1,10,ok,0,338,338
1665977144,348,1,0.0028735632183908046,1,1,0,0.0028735632183908046,1.0,3570.0875339408694,3570.0875339408694,0.0,distance_to_pickup,REALTIME,greedy,348,0,1,10,ok,0,347,347
1665977154,362,0,0.0,0,0,0,0.0,0,0,0,0.0,distance_to_pickup,REALTIME,greedy,362,0,1,10,ok,0,362,362
1665977164,376,0,0.0,0,0,0,0.0,0,0,0,0.0,distance_to_pickup,REALTIME,greedy,376,0,1,10,ok,0,376,376
1665977174,405,0,0.0,0,0,0,0.0,0,0,0,0.0,distance_to_pickup,REALTIME,greedy,405,0,1,10,ok,0,405,405
1665977184,521,0,0.0,0,0,0,0.0,0,0,0,0.0,distance_to_pickup,REALTIME,greedy,521,0,1,10,ok,0,521,521
1665977194,652,0,0.0,0,0,0,0.0,0,0,0,0.0,distance_to_pickup,REALTIME,greedy,652,0,1,10,ok,0,652,652
1665977204,671,0,0.0,0,0,0,0.0,0,0,0,0.0,distance_to_pickup,REALTIME,greedy,671,0,1,10,ok,0,671,671
1665977214,696,0,0.0,0,0,0,0.0,0,0,0,0.0,distance_to_pickup,REALTIME,greedy,696,0,1,10,ok,0,696,696
1665977224,706,0,0.0,0,0,0,0.0,0,0,0,0.0,distance_to_pickup,REALTIME,greedy,706,0,1,10,ok,0,706,706
1665977234,714,80,0.11204481792717087,80,72,8,0.10084033613445378,0.9,3702249.1331511396,51420.12684932139,0.027777777777777776,distance_to_pickup,REALTIME,greedy,714,0,1,10,ok,0,642,642
1665977244,649,8,0.012326656394453005,8,6,2,0.009244992295839754,0.75,245871.30448594294,40978.55074765716,0.0,distance_to_pickup,REALTIME,greedy,649,0,1,10,ok,0,643,643
1665977254,646,2,0.0030959752321981426,2,2,0,0.0030959752321981426,1.0,54244.60045522349,27122.300227611744,0.0,distance_to_pickup,REALTIME,greedy,646,0,1,10,ok,0,644,644
1665977264,655,0,0.0,0,0,0,0.0,0,0,0,0.0,distance_to_pickup,REALTIME,greedy,655,0,1,10,ok,0,655,655
1665977274,666,0,0.0,0,0,0,0.0,0,0,0,0.0,distance_to_pickup,REALTIME,greedy,666,0,1,10,ok,0,666,666
1665977284,673,0,0.0,0,0,0,0.0,0,0,0,0.0,distance_to_pickup,REALTIME,greedy,673,0,1,10,ok,0,673,673
1665977294,682,0,0.0,0,0,0,0.0,0,0,0,0.0,distance_to_pickup,REALTIME,greedy,682,0,1,10,ok,0,682,682
1665977304,689,0,0.0,0,0,0,0.0,0,0,0,0.0,distance_to_pickup,REALTIME,greedy,689,0,1,10,ok,0,689,689
1665977314,700,0,0.0,0,0,0,0.0,0,0,0,0.0,distance_to_pickup,REALTIME,greedy,700,0,1,10,ok,0,700,700
1665977324,712,0,0.0,0,0,0,0.0,0,0,0,0.0,distance_to_pickup,REALTIME,greedy,712,0,1,10,ok,0,712,712
1665977334,722,0,0.0,0,0,0,0.0,0,0,0,0.0,distance_to_pickup,REALTIME,greedy,722,0,1,10,ok,0,722,722
1665977344,746,0,0.0,0,0,0,0.0,0,0,0,0.0,distance_to_pickup,REALTIME,greedy,746,0,1,10,ok,0,746,746
1665977354,779,0,0.0,0,0,0,0.0,0,0,0,0.0,distance_to_pickup,REALTIME,greedy,779,0,1,10,ok,0,779,779
1665977364,905,0,0.0,0,0,0,0.0,0,0,0,0.0,distance_to_pickup,REALTIME,greedy,905,0,1,10,ok,0,905,905
1665977374,1008,0,0.0,0,0,0,0.0,0,0,0,0.0,distance_to_pickup,REALTIME,greedy,1008,0,1,10,ok,0,1008,1008
1665977384,1021,0,0.0,0,0,0,0.0,0,0,0,0.0,distance_to_pickup,REALTIME,greedy,1021,0,1,10,ok,0,1021,1021
1665977394,1031,0,0.0,0,0,0,0.0,0,0,0,0.0,distance_to_pickup,REALTIME,greedy,1031,0,1,10,ok,0,1031,1031
1665977404,1034,0,0.0,0,0,0,0.0,0,0,0,0.0,distance_to_pickup,REALTIME,greedy,1034,0,1,10,ok,0,1034,1034
1665977414,1034,51,0.04932301740812379,51,39,12,0.037717601547388784,0.7647058823529411,3002524.967898736,76987.81968971118,0.02564102564102564,distance_to_pickup,REALTIME,greedy,1034,0,1,10,ok,0,995,995
1665977424,995,12,0.012060301507537688,12,9,3,0.009045226130653266,0.75,937126.5731445979,104125.17479384421,0.0,distance_to_pickup,REALTIME,greedy,995,0,1,10,ok,0,986,986
1665977434,986,3,0.0030425963488843813,3,3,0,0.0030425963488843813,1.0,453896.0346588693,151298.6782196231,0.0,distance_to_pickup,REALTIME,greedy,986,0,1,10,ok,0,983,983
1665977444,983,0,0.0,0,0,0,0.0,0,0,0,0.0,distance_to_pickup,REALTIME,greedy,983,0,1,10,ok,0,983,983
1665977454,983,0,0.0,0,0,0,0.0,0,0,0,0.0,distance_to_pickup,REALTIME,greedy,983,0,1,10,ok,0,983,983
1665977464,983,0,0.0,0,0,0,0.0,0,0,0,0.0,distance_to_pickup,REALTIME,greedy,983,0,1,10,ok,0,983,983
1665977474,983,0,0.0,0,0,0,0.0,0,0,0,0.0,distance_to_pickup,REALTIME,greedy,983,0,1,10,ok,0,983,983
1665977484,983,0,0.0,0,0,0,0.0,0,0,0,0.0,distance_to_pickup,REALTIME,greedy,983,0,1,10,ok,0,983,983
1665977494,983,0,0.0,0,0,0,0.0,0,0,0,0.0,distance_to_pickup,REALTIME,greedy,983,0,1,10,ok,0,983,983
1665977504,983,0,0.0,0,0,0,0.0,0,0,0,0.0,distance_to_pickup,REALTIME,greedy,983,0,1,10,ok,0,983,983
1665977514,983,0,0.0,0,0,0,0.0,0,0,0,0.0,distance_to_pickup,REALTIME,greedy,983,0,1,10,ok,0,983,983
1665977524,983,0,0.0,0,0,0,0.0,0,0,0,0.0,distance_to_pickup,REALTIME,greedy,983,0,1,10,ok,0,983,983
1665977534,983,0,0.0,0,0,0,0.0,0,0,0,0.0,distance_to_pickup,REALTIME,greedy,983,0,1,10,ok,0,983,983
1665977544,983,0,0.0,0,0,0,0.0,0,0,0,0.0,distance_to_pickup,REALTIME,greedy,983,0,1,10,ok,0,983,983
1665977554,983,0,0.0,0,0,0,0.0,0,0,0,0.0,distance_to_pickup,REALTIME,greedy,983,0,1,10,ok,0,983,983
1665977564,983,0,0.0,0,0,0,0.0,0,0,0,0.0,distance_to_pickup,REALTIME,greedy,983,0,1,10,ok,0,983,983
1665977574,983,0,0.0,0,0,0,0.0,0,0,0,0.0,distance_to_pickup,REALTIME,greedy,983,0,1,10,ok,0,983,983
1665977584,983,0,0.0,0,0,0,0.0,0,0,0,0.0,distance_to_pickup,REALTIME,greedy,983,0,1,10,ok,0,983,983
1665977594,983,0,0.0,0,0,0,0.0,0,0,0,0.0,distance_to_pickup,REALTIME,greedy,983,0,1,10,ok,0,983,983
1665977604,983,0,0.0,0,0,0,0.0,0,0,0,0.0,distance_to_pickup,REALTIME,greedy,983,0,1,10,ok,0,983,983
1665977614,983,0,0.0,0,0,0,0.0,0,0,0,0.0,distance_to_pickup,REALTIME,greedy,983,0,1,10,ok,0,983,983
1665977624,983,0,0.0,0,0,0,0.0,0,0,0,0.0,distance_to_pickup,REALTIME,greedy,983,0,1,10,ok,0,983,983
1665977634,983,0,0.0,0,0,0,0.0,0,0,0,0.0,distance_to_pickup,REALTIME,greedy,983,0,1,10,ok,0,983,983
1665977644,983,0,0.0,0,0,0,0.0,0,0,0,0.0,distance_to_pickup,REALTIME,greedy,983,0,1,10,ok,0,983,983
1665977654,983,0,0.0,0,0,0,0.0,0,0,0,0.0,distance_to_pickup,REALTIME,greedy,983,0,1,10,ok,0,983,983
1665977664,983,0,0.0,0,0,0,0.0,0,0,0,0.0,distance_to_pickup,REALTIME,greedy,983,0,1,10,ok,0,983,983
1665977674,983,0,0.0,0,0,0,0.0,0,0,0,0.0,distance_to_pickup,REALTIME,greedy,983,0,1,10,ok,0,983,983
1665977684,983,0,0.0,0,0,0,0.0,0,0,0,0.0,distance_to_pickup,REALTIME,greedy,983,0,1,10,ok,0,983,983
1665977694,983,0,0.0,0,0,0,0.0,0,0,0,0.0,distance_to_pickup,REALTIME,greedy,983,0,1,10,ok,0,983,983
1665977704,983,0,0.0,0,0,0,0.0,0,0,0,0.0,distance_to_pickup,REALTIME,greedy,983,0,1,10,ok,0,983,983
1665977714,983,1701,1.7304170905391658,983,862,121,0.8769074262461851,0.8769074262461851,7213302.07835119,8368.09985887609,0.01160092807424594,distance_to_pickup,REALTIME,greedy,983,0,1,10,ok,0,121,121
1665977724,121,839,6.933884297520661,121,104,17,0.859504132231405,0.859504132231405,188799.92050523162,1815.3838510118426,0.019230769230769232,distance_to_pickup,REALTIME,greedy,121,0,1,10,ok,0,17,17
1665977734,17,735,43.23529411764706,17,16,1,0.9411764705882353,0.9411764705882353,353283.4900631635,22080.21812894772,0.0,distance_to_pickup,REALTIME,greedy,17,0,1,10,ok,0,1,1
1665977744,1,719,719.0,1,1,0,1.0,1.0,567.0141091718971,567.0141091718971,0.0,distance_to_pickup,REALTIME,greedy,1,0,1,10,ok,0,0,0
1666010714,1,2634,2634.0,1,0,1,0.0,0.0,0,0,0.0,distance_to_pickup,REALTIME,greedy,1,0,1,10,ok,0,1,1
1666010724,1,2634,2634.0,1,1,0,1.0,1.0,2295.3354935898333,2295.3354935898333,0.0,distance_to_pickup,REALTIME,greedy,1,0,1,10,ok,0,0,0
1666013704,1,2634,2634.0,1,1,0,1.0,1.0,283.7175743196054,283.7175743196054,0.0,distance_to_pickup,REALTIME,greedy,1,0,1,10,ok,0,0,0
1666016514,1,2634,2634.0,1,1,0,1.0,1.0,1377.5340286178052,1377.5340286178052,0.0,distance_to_pickup,REALTIME,greedy,1,0,1,10,ok,0,0,0
1666018124,1,2634,2634.0,1,1,0,1.0,1.0,522.1743004016954,522.1743004016954,0.0,distance_to_pickup,REALTIME,greedy,1,0,1,10,ok,0,0,0
1666050224,1,2634,2634.0,1,1,0,1.0,1.0,21.540659228538015,21.540659228538015,0.0,distance_to_pickup,REALTIME,greedy,1,0,1,10,ok,0,0,0
1666051884,1,2634,2634.0,1,1,0,1.0,1.0,592.2178653164729,592.2178653164729,0.0,distance_to_pickup,REALTIME,greedy,1,0,1,10,ok,0,0,0
1666052884,1,2633,2633.0,1,1,0,1.0,1.0,1961.9747704799877,1961.9747704799877,0.0,distance_to_pickup,REALTIME,greedy,1,0,1,10,ok,0,0,0
1666053024,1,2632,2632.0,1,0,1,0.0,0.0,0,0,0.0,distance_to_pickup,REALTIME,greedy,1,0,1,10,ok,0,1,1
1666053034,1,2632,2632.0,1,1,0,1.0,1.0,8.0,8.0,0.0,distance_to_pickup,REALTIME,greedy,1,0,1,10,ok,0,0,0
1666053994,1,2632,2632.0,1,1,0,1.0,1.0,953.5282826643218,953.5282826643218,0.0,distance_to_pickup,REALTIME,greedy,1,0,1,10,ok,0,0,0
1666054904,1,2633,2633.0,1,1,0,1.0,1.0,1146.356401822749,1146.356401822749,0.0,distance_to_pickup,REALTIME,greedy,1,0,1,10,ok,0,0,0
1666055314,1,2632,2632.0,1,1,0,1.0,1.0,1985.4100581728203,1985.4100581728203,0.0,distance_to_pickup,REALTIME,greedy,1,0,1,10,ok,0,0,0
1666055754,1,2632,2632.0,1,1,0,1.0,1.0,960.7107924252082,960.7107924252082,0.0,distance_to_pickup,REALTIME,greedy,1,0,1,10,ok,0,0,0
1666056494,1,2632,2632.0,1,1,0,1.0,1.0,336.61504543614336,336.61504543614336,0.0,distance_to_pickup,REALTIME,greedy,1,0,1,10,ok,0,0,0
1666056984,1,2632,2632.0,1,1,0,1.0,1.0,453.5688522216387,453.5688522216387,0.0,distance_to_pickup,REALTIME,greedy,1,0,1,10,ok,0,0,0
1666058414,1,2633,2633.0,1,1,0,1.0,1.0,96.25596160744139,96.25596160744139,0.0,distance_to_pickup,REALTIME,greedy,1,0,1,10,ok,0,0,0
1666058634,1,2633,2633.0,1,0,1,0.0,0.0,0,0,0.0,distance_to_pickup,REALTIME,greedy,1,0,1,10,ok,0,1,1
1666058644,2,2633,1316.5,2,2,0,1.0,1.0,1136.9996377703403,568.4998188851702,0.0,distance_to_pickup,REALTIME,greedy,2,0,1,10,ok,0,0,0
1666058834,1,2631,2631.0,1,1,0,1.0,1.0,393.6200699964554,393.6200699964554,0.0,distance_to_pickup,REALTIME,greedy,1,0,1,10,ok,0,0,0
1666058914,1,2630,2630.0,1,0,1,0.0,0.0,0,0,0.0,distance_to_pickup,REALTIME,greedy,1,0,1,10,ok,0,1,1
1666058924,1,2630,2630.0,1,1,0,1.0,1.0,549.412063150725,549.412063150725,0.0,distance_to_pickup,REALTIME,greedy,1,0,1,10,ok,0,0,0
1666058964,1,2629,2629.0,1,1,0,1.0,1.0,548.1498024852142,548.1498024852142,0.0,distance_to_pickup,REALTIME,greedy,1,0,1,10,ok,0,0,0
1666058994,1,2628,2628.0,1,1,0,1.0,1.0,123.6077788446419,123.6077788446419,0.0,distance_to_pickup,REALTIME,greedy,1,0,1,10,ok,0,0,0
1666059014,2,2627,1313.5,2,2,0,1.0,1.0,1502.9980689920662,751.4990344960331,0.0,distance_to_pickup,REALTIME,greedy,2,0,1,10,ok,0,0,0
1666059084,2,2625,1312.5,2,0,2,0.0,0.0,0,0,0.0,distance_to_pickup,REALTIME,greedy,2,0,1,10,ok,0,2,2
1666059094,2,2625,1312.5,2,2,0,1.0,1.0,1276.8715086494278,638.4357543247139,0.0,distance_to_pickup,REALTIME,greedy,2,0,1,10,ok,0,0,0
1666059114,1,2623,2623.0,1,1,0,1.0,1.0,869.4371742685034,869.4371742685034,0.0,distance_to_pickup,REALTIME,greedy,1,0,1,10,ok,0,0,0
1666059124,1,2622,2622.0,1,1,0,1.0,1.0,1023.3004252127714,1023.3004252127714,0.0,distance_to_pickup,REALTIME,greedy,1,0,1,10,ok,0,0,0
1666059274,1,2621,2621.0,1,1,0,1.0,1.0,982.4727548630244,982.4727548630244,0.0,distance_to_pickup,REALTIME,greedy,1,0,1,10,ok,0,0,0
1666059454,1,2620,2620.0,1,1,0,1.0,1.0,557.6683724423883,557.6683724423883,0.0,distance_to_pickup,REALTIME,greedy,1,0,1,10,ok,0,0,0
1666059584,2,2619,1309.5,2,2,0,1.0,1.0,1545.2867423547102,772.6433711773551,0.0,distance_to_pickup,REALTIME,greedy,2,0,1,10,ok,0,0,0
1666059694,1,2617,2617.0,1,0,1,0.0,0.0,0,0,0.0,distance_to_pickup,REALTIME,greedy,1,0,1,10,ok,0,1,1
1666059704,1,2617,2617.0,1,1,0,1.0,1.0,2752.895307953925,2752.895307953925,0.0,distance_to_pickup,REALTIME,greedy,1,0,1,10,ok,0,0,0
1666059834,1,2616,2616.0,1,0,1,0.0,0.0,0,0,0.0,distance_to_pickup,REALTIME,greedy,1,0,1,10,ok,0,1,1
1666059844,1,2616,2616.0,1,1,0,1.0,1.0,261.76093658842314,261.76093658842314,0.0,distance_to_pickup,REALTIME,greedy,1,0,1,10,ok,0,0,0
1666060124,1,2618,2618.0,1,1,0,1.0,1.0,62.357642154873396,62.357642154873396,0.0,distance_to_pickup,REALTIME,greedy,1,0,1,10,ok,0,0,0
1666060264,1,2617,2617.0,1,1,0,1.0,1.0,2061.7353094038326,2061.7353094038326,0.0,distance_to_pickup,REALTIME,greedy,1,0,1,10,ok,0,0,0
1666060274,1,2616,2616.0,1,1,0,1.0,1.0,717.4350301651201,717.4350301651201,0.0,distance_to_pickup,REALTIME,greedy,1,0,1,10,ok,0,0,0
1666060334,1,2616,2616.0,1,1,0,1.0,1.0,4387.311120040038,4387.311120040038,0.0,distance_to_pickup,REALTIME,greedy,1,0,1,10,ok,0,0,0
1666060354,1,2615,2615.0,1,0,1,0.0,0.0,0,0,0.0,distance_to_pickup,REALTIME,greedy,1,0,1,10,ok,0,1,1
1666060364,1,2615,2615.0,1,1,0,1.0,1.0,4.551157477431992,4.551157477431992,0.0,distance_to_pickup,REALTIME,greedy,1,0,1,10,ok,0,0,0
1666060574,1,2622,2622.0,1,1,0,1.0,1.0,178.96647730790255,178.96647730790255,0.0,distance_to_pickup,REALTIME,greedy,1,0,1,10,ok,0,0,0
1666060594,1,2622,2622.0,1,1,0,1.0,1.0,0.011104384048872344,0.011104384048872344,0.0,distance_to_pickup,REALTIME,greedy,1,0,1,10,ok,0,0,0
1666060664,1,2621,2621.0,1,1,0,1.0,1.0,196.72569735548024,196.72569735548024,0.0,distance_to_pickup,REALTIME,greedy,1,0,1,10,ok,0,0,0
1666060744,1,2621,2621.0,1,1,0,1.0,1.0,218.79928369501908,218.79928369501908,0.0,distance_to_pickup,REALTIME,greedy,1,0,1,10,ok,0,0,0
1666060764,1,2620,2620.0,1,1,0,1.0,1.0,1511.7084369508784,1511.7084369508784,0.0,distance_to_pickup,REALTIME,greedy,1,0,1,10,ok,0,0,0
1666060784,1,2619,2619.0,1,1,0,1.0,1.0,2039.42704455496,2039.42704455496,0.0,distance_to_pickup,REALTIME,greedy,1,0,1,10,ok,0,0,0
1666060954,1,2619,2619.0,1,1,0,1.0,1.0,30.857018538315067,30.857018538315067,0.0,distance_to_pickup,REALTIME,greedy,1,0,1,10,ok,0,0,0
1666061014,1,2618,2618.0,1,1,0,1.0,1.0,303.63118677621526,303.63118677621526,0.0,distance_to_pickup,REALTIME,greedy,1,0,1,10,ok,0,0,0
1666061134,1,2619,2619.0,1,0,1,0.0,0.0,0,0,0.0,distance_to_pickup,REALTIME,greedy,1,0,1,10,ok,0,1,1
1666061144,1,2619,2619.0,1,1,0,1.0,1.0,77.42092740338364,77.42092740338364,0.0,distance_to_pickup,REALTIME,greedy,1,0,1,10,ok,0,0,0
1666061174,1,2619,2619.0,1,1,0,1.0,1.0,372.4908416289206,372.4908416289206,0.0,distance_to_pickup,REALTIME,greedy,1,0,1,10,ok,0,0,0
1666061324,1,2619,2619.0,1,1,0,1.0,1.0,3.332000937312528e-08,3.332000937312528e-08,0.0,distance_to_pickup,REALTIME,greedy,1,0,1,10,ok,0,0,0
1666061504,1,2618,2618.0,1,0,1,0.0,0.0,0,0,0.0,distance_to_pickup,REALTIME,greedy,1,0,1,10,ok,0,1,1
1666061514,1,2618,2618.0,1,1,0,1.0,1.0,112.92285588518455,112.92285588518455,0.0,distance_to_pickup,REALTIME,greedy,1,0,1,10,ok,0,0,0
1666061544,1,2617,2617.0,1,1,0,1.0,1.0,0.0001724149067008164,0.0001724149067008164,0.0,distance_to_pickup,REALTIME,greedy,1,0,1,10,ok,0,0,0
1666061574,1,2616,2616.0,1,1,0,1.0,1.0,0.0002922559757124596,0.0002922559757124596,0.0,distance_to_pickup,REALTIME,greedy,1,0,1,10,ok,0,0,0
1666061614,1,2616,2616.0,1,1,0,1.0,1.0,241.90947529341364,241.90947529341364,0.0,distance_to_pickup,REALTIME,greedy,1,0,1,10,ok,0,0,0
1666061664,1,2615,2615.0,1,1,0,1.0,1.0,23.7626676135262,23.7626676135262,0.0,distance_to_pickup,REALTIME,greedy,1,0,1,10,ok,0,0,0
1666061674,1,2614,2614.0,1,0,1,0.0,0.0,0,0,0.0,distance_to_pickup,REALTIME,greedy,1,0,1,10,ok,0,1,1
1666061684,1,2614,2614.0,1,1,0,1.0,1.0,382.77622101654964,382.77622101654964,0.0,distance_to_pickup,REALTIME,greedy,1,0,1,10,ok,0,0,0
1666061714,1,2613,2613.0,1,1,0,1.0,1.0,765.3483995175433,765.3483995175433,0.0,distance_to_pickup,REALTIME,greedy,1,0,1,10,ok,0,0,0
1666061724,1,2613,2613.0,1,1,0,1.0,1.0,75.37617190482797,75.37617190482797,0.0,distance_to_pickup,REALTIME,greedy,1,0,1,10,ok,0,0,0
1666061734,1,2613,2613.0,1,1,0,1.0,1.0,111.01822877546027,111.01822877546027,0.0,distance_to_pickup,REALTIME,greedy,1,0,1,10,ok,0,0,0
1666061744,1,2612,2612.0,1,1,0,1.0,1.0,1583.2918237098688,1583.2918237098688,0.0,distance_to_pickup,REALTIME,greedy,1,0,1,10,ok,0,0,0
1666061844,1,2613,2613.0,1,1,0,1.0,1.0,73.36584947979539,73.36584947979539,0.0,distance_to_pickup,REALTIME,greedy,1,0,1,10,ok,0,0,0
1666061854,1,2612,2612.0,1,1,0,1.0,1.0,0.20136592151267899,0.20136592151267899,0.0,distance_to_pickup,REALTIME,greedy,1,0,1,10,ok,0,0,0
1666061874,1,2611,2611.0,1,1,0,1.0,1.0,114.28128468837356,114.28128468837356,0.0,distance_to_pickup,REALTIME,greedy,1,0,1,10,ok,0,0,0
1666061914,1,2610,2610.0,1,1,0,1.0,1.0,7.518728593148888e-06,7.518728593148888e-06,0.0,distance_to_pickup,REALTIME,greedy,1,0,1,10,ok,0,0,0
1666061954,1,2609,2609.0,1,1,0,1.0,1.0,82.3006787684341,82.3006787684341,0.0,distance_to_pickup,REALTIME,greedy,1,0,1,10,ok,0,0,0
1666061984,1,2608,2608.0,1,1,0,1.0,1.0,94.42637883771084,94.42637883771084,0.0,distance_to_pickup,REALTIME,greedy,1,0,1,10,ok,0,0,0
1666062014,1,2607,2607.0,1,1,0,1.0,1.0,589.6070258061885,589.6070258061885,0.0,distance_to_pickup,REALTIME,greedy,1,0,1,10,ok,0,0,0
1666062124,1,2609,2609.0,1,1,0,1.0,1.0,985.0827376418694,985.0827376418694,0.0,distance_to_pickup,REALTIME,greedy,1,0,1,10,ok,0,0,0
1666062154,1,2608,2608.0,1,1,0,1.0,1.0,0.0,0.0,0.0,distance_to_pickup,REALTIME,greedy,1,0,1,10,ok,0,0,0
1666062184,1,2607,2607.0,1,1,0,1.0,1.0,0.00011182050014989822,0.00011182050014989822,0.0,distance_to_pickup,REALTIME,greedy,1,0,1,10,ok,0,0,0
1666062194,1,2606,2606.0,1,1,0,1.0,1.0,3.332000937312528e-08,3.332000937312528e-08,0.0,distance_to_pickup,REALTIME,greedy,1,0,1,10,ok,0,0,0
1666062204,1,2606,2606.0,1,1,0,1.0,1.0,198.5171652742444,198.5171652742444,0.0,distance_to_pickup,REALTIME,greedy,1,0,1,10,ok,0,0,0
1666062214,1,2605,2605.0,1,1,0,1.0,1.0,91.0738905794487,91.0738905794487,0.0,distance_to_pickup,REALTIME,greedy,1,0,1,10,ok,0,0,0
1666062234,1,2605,2605.0,1,1,0,1.0,1.0,47.25995593886771,47.25995593886771,0.0,distance_to_pickup,REALTIME,greedy,1,0,1,10,ok,0,0,0
1666062254,1,2605,2605.0,1,1,0,1.0,1.0,0.22981780279082153,0.22981780279082153,0.0,distance_to_pickup,REALTIME,greedy,1,0,1,10,ok,0,0,0
1666062274,1,2604,2604.0,1,1,0,1.0,1.0,359.01671270290467,359.01671270290467,0.0,distance_to_pickup,REALTIME,greedy,1,0,1,10,ok,0,0,0
1666062284,2,2603,1301.5,2,2,0,1.0,1.0,996.7999740658779,498.39998703293895,0.0,distance_to_pickup,REALTIME,greedy,2,0,1,10,ok,0,0,0
1666062304,1,2601,2601.0,1,1,0,1.0,1.0,233.1456188941147,233.1456188941147,0.0,distance_to_pickup,REALTIME,greedy,1,0,1,10,ok,0,0,0
1666062314,1,2600,2600.0,1,1,0,1.0,1.0,0.03554849181839854,0.03554849181839854,0.0,distance_to_pickup,REALTIME,greedy,1,0,1,10,ok,0,0,0
1666062334,1,2599,2599.0,1,0,1,0.0,0.0,0,0,0.0,distance_to_pickup,REALTIME,greedy,1,0,1,10,ok,0,1,1
1666062344,2,2599,1299.5,2,2,0,1.0,1.0,505.9063468866656,252.9531734433328,0.0,distance_to_pickup,REALTIME,greedy,2,0,1,10,ok,0,0,0
1666062354,1,2597,2597.0,1,1,0,1.0,1.0,0.34716959028383476,0.34716959028383476,0.0,distance_to_pickup,REALTIME,greedy,1,0,1,10,ok,0,0,0
1666062364,1,2596,2596.0,1,1,0,1.0,1.0,694.0028798504978,694.0028798504978,0.0,distance_to_pickup,REALTIME,greedy,1,0,1,10,ok,0,0,0
1666062374,1,2595,2595.0,1,1,0,1.0,1.0,0.014366558944599775,0.014366558944599775,0.0,distance_to_pickup,REALTIME,greedy,1,0,1,10,ok,0,0,0
1666062384,1,2594,2594.0,1,1,0,1.0,1.0,1092.9043874008375,1092.9043874008375,0.0,distance_to_pickup,REALTIME,greedy,1,0,1,10,ok,0,0,0
1666062404,2,2593,1296.5,2,2,0,1.0,1.0,801.0112009860969,400.50560049304846,0.0,distance_to_pickup,REALTIME,greedy,2,0,1,10,ok,0,0,0
1666062424,1,2592,2592.0,1,1,0,1.0,1.0,0.00022804421812095037,0.00022804421812095037,0.0,distance_to_pickup,REALTIME,greedy,1,0,1,10,ok,0,0,0
1666062434,2,2591,1295.5,2,2,0,1.0,1.0,89.15868060102959,44.579340300514794,0.0,distance_to_pickup,REALTIME,greedy,2,0,1,10,ok,0,0,0
1666062444,1,2589,2589.0,1,1,0,1.0,1.0,71.40028011149536,71.40028011149536,0.0,distance_to_pickup,REALTIME,greedy,1,0,1,10,ok,0,0,0
1666062464,2,2588,1294.0,2,2,0,1.0,1.0,1717.517742276933,858.7588711384665,0.0,distance_to_pickup,REALTIME,greedy,2,0,1,10,ok,0,0,0
1666062474,1,2587,2587.0,1,1,0,1.0,1.0,125.04685585632986,125.04685585632986,0.0,distance_to_pickup,REALTIME,greedy,1,0,1,10,ok,0,0,0
1666062484,2,2586,1293.0,2,2,0,1.0,1.0,1553.714329550976,776.857164775488,0.0,distance_to_pickup,REALTIME,greedy,2,0,1,10,ok,0,0,0
1666062494,1,2584,2584.0,1,1,0,1.0,1.0,5.251998766832682e-07,5.251998766832682e-07,0.0,distance_to_pickup,REALTIME,greedy,1,0,1,10,ok,0,0,0
1666062514,1,2583,2583.0,1,1,0,1.0,1.0,25.17016135920273,25.17016135920273,0.0,distance_to_pickup,REALTIME,greedy,1,0,1,10,ok,0,0,0
1666062524,1,2582,2582.0,1,1,0,1.0,1.0,6.780359965348545,6.780359965348545,0.0,distance_to_pickup,REALTIME,greedy,1,0,1,10,ok,0,0,0
1666062534,2,2581,1290.5,2,1,1,0.5,0.5,0.11384170125235292,0.11384170125235292,0.0,distance_to_pickup,REALTIME,greedy,2,0,1,10,ok,0,1,1
1666062544,2,2580,1290.0,2,2,0,1.0,1.0,562.1922083002027,281.0961041501013,0.0,distance_to_pickup,REALTIME,greedy,2,0,1,10,ok,0,0,0
1666062554,2,2578,1289.0,2,2,0,1.0,1.0,1913.8800903544302,956.9400451772151,0.0,distance_to_pickup,REALTIME,greedy,2,0,1,10,ok,0,0,0
1666062574,1,2576,2576.0,1,1,0,1.0,1.0,4.452341599662566,4.452341599662566,0.0,distance_to_pickup,REALTIME,greedy,1,0,1,10,ok,0,0,0
1666062584,3,2575,858.3333333333334,3,3,0,1.0,1.0,1136.7730419879479,378.92434732931594,0.0,distance_to_pickup,REALTIME,greedy,3,0,1,10,ok,0,0,0
1666062594,4,2572,643.0,4,3,1,0.75,0.75,741.4233715885549,247.14112386285163,0.0,distance_to_pickup,REALTIME,greedy,4,0,1,10,ok,0,1,1
1666062604,3,2570,856.6666666666666,3,3,0,1.0,1.0,92.06390520746872,30.687968402489574,0.0,distance_to_pickup,REALTIME,greedy,3,0,1,10,ok,0,0,0
1666062614,1,2567,2567.0,1,1,0,1.0,1.0,0.8027207695073894,0.8027207695073894,0.0,distance_to_pickup,REALTIME,greedy,1,0,1,10,ok,0,0,0
1666062624,1,2566,2566.0,1,0,1,0.0,0.0,0,0,0.0,distance_to_pickup,REALTIME,greedy,1,0,1,10,ok,0,1,1
1666062634,7,2567,366.7142857142857,7,6,1,0.8571428571428571,0.8571428571428571,34.739808230488755,5.789968038414792,0.0,distance_to_pickup,REALTIME,greedy,7,0,1,10,ok,0,1,1
1666062644,3,2561,853.6666666666666,3,3,0,1.0,1.0,224.27574259732796,74.75858086577598,0.0,distance_to_pickup,REALTIME,greedy,3,0,1,10,ok,0,0,0
1666062664,4,2558,639.5,4,4,0,1.0,1.0,1094.599543548161,273.6498858870402,0.0,distance_to_pickup,REALTIME,greedy,4,0,1,10,ok,0,0,0
1666062674,1,2554,2554.0,1,1,0,1.0,1.0,91.98861795743758,91.98861795743758,0.0,distance_to_pickup,REALTIME,greedy,1,0,1,10,ok,0,0,0
1666062684,2,2553,1276.5,2,2,0,1.0,1.0,788.5191754782174,394.2595877391087,0.0,distance_to_pickup,REALTIME,greedy,2,0,1,10,ok,0,0,0
1666062694,1,2551,2551.0,1,1,0,1.0,1.0,257.7189392087164,257.7189392087164,0.0,distance_to_pickup,REALTIME,greedy,1,0,1,10,ok,0,0,0
1666062704,4,2550,637.5,4,2,2,0.5,0.5,62.21718456466133,31.108592282330665,0.0,distance_to_pickup,REALTIME,greedy,4,0,1,10,ok,0,2,2
1666062714,5,2548,509.6,5,4,1,0.8,0.8,20.541398242025938,5.1353495605064845,0.0,distance_to_pickup,REALTIME,greedy,5,0,1,10,ok,0,1,1
1666062724,5,2544,508.8,5,5,0,1.0,1.0,256.7056042948466,51.34112085896932,0.0,distance_to_pickup,REALTIME,greedy,5,0,1,10,ok,0,0,0
1666062734,6,2539,423.1666666666667,6,5,1,0.8333333333333334,0.8333333333333334,149.68199563308323,29.936399126616646,0.0,distance_to_pickup,REALTIME,greedy,6,0,1,10,ok,0,1,1
1666062744,3,2534,844.6666666666666,3,3,0,1.0,1.0,119.72556289869054,39.90852096623018,0.0,distance_to_pickup,REALTIME,greedy,3,0,1,10,ok,0,0,0
1666062754,1,2531,2531.0,1,1,0,1.0,1.0,79.92547178343926,79.92547178343926,0.0,distance_to_pickup,REALTIME,greedy,1,0,1,10,ok,0,0,0
1666062764,5,2530,506.0,5,5,0,1.0,1.0,984.9429692747173,196.98859385494345,0.0,distance_to_pickup,REALTIME,greedy,5,0,1,10,ok,0,0,0
1666062774,2,2525,1262.5,2,2,0,1.0,1.0,121.09965074973235,60.549825374866174,0.0,distance_to_pickup,REALTIME,greedy,2,0,1,10,ok,0,0,0
1666062784,5,2524,504.8,5,4,1,0.8,0.8,2675.032327537003,668.7580818842507,0.0,distance_to_pickup,REALTIME,greedy,5,0,1,10,ok,0,1,1
1666062794,8,2520,315.0,8,6,2,0.75,0.75,4032.494148232221,672.0823580387035,0.0,distance_to_pickup,REALTIME,greedy,8,0,1,10,ok,0,2,2
1666062804,5,2514,502.8,5,5,0,1.0,1.0,2504.779041636811,500.9558083273622,0.0,distance_to_pickup,REALTIME,greedy,5,0,1,10,ok,0,0,0
1666062814,4,2509,627.25,4,4,0,1.0,1.0,440.1373589101857,110.03433972754642,0.0,distance_to_pickup,REALTIME,greedy,4,0,1,10,ok,0,0,0
1666062824,6,2505,417.5,6,6,0,1.0,1.0,1512.4011642026662,252.06686070044438,0.0,distance_to_pickup,REALTIME,greedy,6,0,1,10,ok,0,0,0
1666062834,7,2499,357.0,7,5,2,0.7142857142857143,0.7142857142857143,709.1388843862601,141.827776877252,0.0,distance_to_pickup,REALTIME,greedy,7,0,1,10,ok,0,2,2
1666062844,5,2494,498.8,5,5,0,1.0,1.0,2637.6371238295887,527.5274247659178,0.0,distance_to_pickup,REALTIME,greedy,5,0,1,10,ok,0,0,0
1666062854,4,2489,622.25,4,4,0,1.0,1.0,594.7299726004912,148.6824931501228,0.0,distance_to_pickup,REALTIME,greedy,4,0,1,10,ok,0,0,0
1666062864,4,2485,621.25,4,4,0,1.0,1.0,1830.756953960067,457.68923849001675,0.0,distance_to_pickup,REALTIME,greedy,4,0,1,10,ok,0,0,0
1666062874,2,2481,1240.5,2,2,0,1.0,1.0,1132.6554599763936,566.3277299881968,0.0,distance_to_pickup,REALTIME,greedy,2,0,1,10,ok,0,0,0
1666062884,6,2479,413.1666666666667,6,4,2,0.6666666666666666,0.6666666666666666,559.4917177306338,139.87292943265845,0.0,distance_to_pickup,REALTIME,greedy,6,0,1,10,ok,0,2,2
1666062894,7,2475,353.57142857142856,7,7,0,1.0,1.0,552.0605784998951,78.86579692855643,0.0,distance_to_pickup,REALTIME,greedy,7,0,1,10,ok,0,0,0
1666062904,6,2468,411.3333333333333,6,4,2,0.6666666666666666,0.6666666666666666,851.1365828261083,212.78414570652708,0.0,distance_to_pickup,REALTIME,greedy,6,0,1,10,ok,0,2,2
1666062914,6,2464,410.6666666666667,6,5,1,0.8333333333333334,0.8333333333333334,2237.9669144300246,447.5933828860049,0.0,distance_to_pickup,REALTIME,greedy,6,0,1,10,ok,0,1,1
1666062924,1,2459,2459.0,1,0,1,0.0,0.0,0,0,0.0,distance_to_pickup,REALTIME,greedy,1,0,1,10,ok,0,1,1
1666062934,9,2459,273.22222222222223,9,7,2,0.7777777777777778,0.7777777777777778,1040.650016068554,148.6642880097934,0.0,distance_to_pickup,REALTIME,greedy,9,0,1,10,ok,0,2,2
1666062944,16,2452,153.25,16,16,0,1.0,1.0,18226.27259909131,1139.1420374432068,0.0625,distance_to_pickup,REALTIME,greedy,16,0,1,10,ok,0,0,0
1666062954,10,2436,243.6,10,9,1,0.9,0.9,5131.852048042098,570.2057831157887,0.0,distance_to_pickup,REALTIME,greedy,10,0,1,10,ok,0,1,1
1666062964,5,2427,485.4,5,5,0,1.0,1.0,2603.040193619509,520.6080387239018,0.0,distance_to_pickup,REALTIME,greedy,5,0,1,10,ok,0,0,0
1666062974,4,2423,605.75,4,3,1,0.75,0.75,691.7547599077753,230.58491996925844,0.0,distance_to_pickup,REALTIME,greedy,4,0,1,10,ok,0,1,1
1666062984,7,2420,345.7142857142857,7,6,1,0.8571428571428571,0.8571428571428571,112.78301334781757,18.797168891302928,0.0,distance_to_pickup,REALTIME,greedy,7,0,1,10,ok,0,1,1
1666062994,5,2414,482.8,5,5,0,1.0,1.0,1033.3052479180453,206.66104958360907,0.0,distance_to_pickup,REALTIME,greedy,5,0,1,10,ok,0,0,0
1666063004,8,2410,301.25,8,7,1,0.875,0.875,1749.675496845313,249.9536424064733,0.0,distance_to_pickup,REALTIME,greedy,8,0,1,10,ok,0,1,1
1666063014,11,2403,218.45454545454547,11,9,2,0.8181818181818182,0.8181818181818182,1012.4684785303842,112.49649761448714,0.0,distance_to_pickup,REALTIME,greedy,11,0,1,10,ok,0,2,2
1666063024,16,2394,149.625,16,14,2,0.875,0.875,4742.301730295563,338.73583787825453,0.0,distance_to_pickup,REALTIME,greedy,16,0,1,10,ok,0,2,2
1666063034,6,2381,396.8333333333333,6,4,2,0.6666666666666666,0.6666666666666666,1983.7193176644344,495.9298294161086,0.0,distance_to_pickup,REALTIME,greedy,6,0,1,10,ok,0,2,2
1666063044,11,2377,216.0909090909091,11,11,0,1.0,1.0,2656.1439950486074,241.46763591350975,0.0,distance_to_pickup,REALTIME,greedy,11,0,1,10,ok,0,0,0
1666063054,4,2366,591.5,4,4,0,1.0,1.0,337.97689593596454,84.49422398399113,0.0,distance_to_pickup,REALTIME,greedy,4,0,1,10,ok,0,0,0
1666063064,11,2362,214.72727272727272,11,9,2,0.8181818181818182,0.8181818181818182,2413.841591321386,268.2046212579318,0.0,distance_to_pickup,REALTIME,greedy,11,0,1,10,ok,0,2,2
1666063074,10,2354,235.4,10,8,2,0.8,0.8,3327.5257841380694,415.9407230172587,0.0,distance_to_pickup,REALTIME,greedy,10,0,1,10,ok,0,2,2
1666063084,10,2346,234.6,10,9,1,0.9,0.9,2261.4068247373,251.26742497081113,0.0,distance_to_pickup,REALTIME,greedy,10,0,1,10,ok,0,1,1
1666063094,8,2337,292.125,8,6,2,0.75,0.75,4397.64189957316,732.9403165955267,0.0,distance_to_pickup,REALTIME,greedy,8,0,1,10,ok,0,2,2
1666063104,18,2331,129.5,18,17,1,0.9444444444444444,0.9444444444444444,4974.804153900298,292.6355384647234,0.0,distance_to_pickup,REALTIME,greedy,18,0,1,10,ok,0,1,1
1666063114,12,2314,192.83333333333334,12,10,2,0.8333333333333334,0.8333333333333334,1661.112652128192,166.1112652128192,0.0,distance_to_pickup,REALTIME,greedy,12,0,1,10,ok,0,2,2
1666063124,14,2305,164.64285714285714,14,10,4,0.7142857142857143,0.7142857142857143,4794.069634526016,479.4069634526016,0.0,distance_to_pickup,REALTIME,greedy,14,0,1,10,ok,0,4,4
1666063134,18,2295,127.5,18,16,2,0.8888888888888888,0.8888888888888888,4694.702690141002,293.4189181338126,0.0625,distance_to_pickup,REALTIME,greedy,18,0,1,10,ok,0,2,2
1666063144,19,2280,120.0,19,16,3,0.8421052631578947,0.8421052631578947,5587.269720445374,349.2043575278359,0.0,distance_to_pickup,REALTIME,greedy,19,0,1,10,ok,0,3,3
1666063154,15,2264,150.93333333333334,15,11,4,0.7333333333333333,0.7333333333333333,2993.6717358858073,272.15197598961885,0.0,distance_to_pickup,REALTIME,greedy,15,0,1,10,ok,0,4,4
1666063164,21,2253,107.28571428571429,21,19,2,0.9047619047619048,0.9047619047619048,8464.76995628561,445.51420822555843,0.0,distance_to_pickup,REALTIME,greedy,21,0,1,10,ok,0,2,2
1666063174,11,2235,203.1818181818182,11,10,1,0.9090909090909091,0.9090909090909091,1685.3968341887753,168.53968341887753,0.0,distance_to_pickup,REALTIME,greedy,11,0,1,10,ok,0,1,1
1666063184,17,2226,130.94117647058823,17,15,2,0.8823529411764706,0.8823529411764706,3098.9668275417703,206.59778850278468,0.0,distance_to_pickup,REALTIME,greedy,17,0,1,10,ok,0,2,2
1666063194,23,2212,96.17391304347827,23,18,5,0.782608695652174,0.782608695652174,5303.509335825196,294.6394075458442,0.0,distance_to_pickup,REALTIME,greedy,23,0,1,10,ok,0,5,5
1666063204,19,2195,115.52631578947368,19,16,3,0.8421052631578947,0.8421052631578947,3526.833441554485,220.42709009715531,0.0,distance_to_pickup,REALTIME,greedy,19,0,1,10,ok,0,3,3
1666063214,21,2179,103.76190476190476,21,18,3,0.8571428571428571,0.8571428571428571,9865.491868598743,548.0828815888191,0.0,distance_to_pickup,REALTIME,greedy,21,0,1,10,ok,0,3,3
1666063224,24,2161,90.04166666666667,24,20,4,0.8333333333333334,0.8333333333333334,6267.112951674238,313.35564758371186,0.0,distance_to_pickup,REALTIME,greedy,24,0,1,10,ok,0,4,4
1666063234,27,2141,79.29629629629629,27,21,6,0.7777777777777778,0.7777777777777778,10193.83851891785,485.4208818532309,0.0,distance_to_pickup,REALTIME,greedy,27,0,1,10,ok,0,6,6
1666063244,23,2120,92.17391304347827,23,22,1,0.9565217391304348,0.9565217391304348,7357.305178226588,334.4229626466631,0.0,distance_to_pickup,REALTIME,greedy,23,0,1,10,ok,0,1,1
1666063254,30,2098,69.93333333333334,30,26,4,0.8666666666666667,0.8666666666666667,3841.4139049042888,147.74668865016494,0.0,distance_to_pickup,REALTIME,greedy,30,0,1,10,ok,0,4,4
1666063264,21,2072,98.66666666666667,21,17,4,0.8095238095238095,0.8095238095238095,8644.111179604666,508.4771282120392,0.0,distance_to_pickup,REALTIME,greedy,21,0,1,10,ok,0,4,4
1666063274,26,2055,79.03846153846153,26,25,1,0.9615384615384616,0.9615384615384616,11801.585653910743,472.0634261564297,0.0,distance_to_pickup,REALTIME,greedy,26,0,1,10,ok,0,1,1
1666063284,22,2030,92.27272727272727,22,19,3,0.8636363636363636,0.8636363636363636,10098.28919330581,531.4889049108322,0.0,distance_to_pickup,REALTIME,greedy,22,0,1,10,ok,0,3,3
1666063294,24,2011,83.79166666666667,24,19,5,0.7916666666666666,0.7916666666666666,9789.823310939797,515.2538584705156,0.0,distance_to_pickup,REALTIME,greedy,24,0,1,10,ok,0,5,5
1666063304,19,1993,104.89473684210526,19,16,3,0.8421052631578947,0.8421052631578947,6539.092750691422,408.6932969182139,0.0,distance_to_pickup,REALTIME,greedy,19,0,1,10,ok,0,3,3
1666063314,21,1978,94.19047619047619,21,18,3,0.8571428571428571,0.8571428571428571,10903.292229377297,605.7384571876277,0.0,distance_to_pickup,REALTIME,greedy,21,0,1,10,ok,0,3,3
1666063324,22,1960,89.0909090909091,22,18,4,0.8181818181818182,0.8181818181818182,4625.578000257017,256.9765555698343,0.0,distance_to_pickup,REALTIME,greedy,22,0,1,10,ok,0,4,4
1666063334,23,1943,84.47826086956522,23,21,2,0.9130434782608695,0.9130434782608695,6058.1765516873365,288.484597699397,0.0,distance_to_pickup,REALTIME,greedy,23,0,1,10,ok,0,2,2
1666063344,10,1922,192.2,10,9,1,0.9,0.9,8387.381123158466,931.9312359064962,0.0,distance_to_pickup,REALTIME,greedy,10,0,1,10,ok,0,1,1
1666063354,22,1913,86.95454545454545,22,20,2,0.9090909090909091,0.9090909090909091,9388.830043283799,469.44150216418996,0.0,distance_to_pickup,REALTIME,greedy,22,0,1,10,ok,0,2,2
1666063364,32,1893,59.15625,32,28,4,0.875,0.875,9079.721797514818,324.2757784826721,0.0,distance_to_pickup,REALTIME,greedy,32,0,1,10,ok,0,4,4
1666063374,33,1866,56.54545454545455,33,30,3,0.9090909090909091,0.9090909090909091,12163.184794698347,405.43949315661155,0.0,distance_to_pickup,REALTIME,greedy,33,0,1,10,ok,0,3,3
1666063384,24,1836,76.5,24,22,2,0.9166666666666666,0.9166666666666666,8525.554147150886,387.52518850685846,0.0,distance_to_pickup,REALTIME,greedy,24,0,1,10,ok,0,2,2
1666063394,23,1814,78.8695652173913,23,20,3,0.8695652173913043,0.8695652173913043,15337.643467532818,766.8821733766409,0.0,distance_to_pickup,REALTIME,greedy,23,0,1,10,ok,0,3,3
1666063404,20,1794,89.7,20,19,1,0.95,0.95,14940.168756593303,786.3246713996475,0.0,distance_to_pickup,REALTIME,greedy,20,0,1,10,ok,0,1,1
1666063414,24,1776,74.0,24,21,3,0.875,0.875,12128.106878935536,577.5288989969303,0.047619047619047616,distance_to_pickup,REALTIME,greedy,24,0,1,10,ok,0,3,3
1666063424,25,1755,70.2,25,22,3,0.88,0.88,13802.661263162676,627.3936937801217,0.0,distance_to_pickup,REALTIME,greedy,25,0,1,10,ok,0,3,3
1666063434,17,1733,101.94117647058823,17,16,1,0.9411764705882353,0.9411764705882353,36034.63759996643,2252.164849997902,0.0,distance_to_pickup,REALTIME,greedy,17,0,1,10,ok,0,1,1
1666063444,28,1718,61.357142857142854,28,24,4,0.8571428571428571,0.8571428571428571,13941.568711050993,580.8986962937914,0.0,distance_to_pickup,REALTIME,greedy,28,0,1,10,ok,0,4,4
1666063454,71,1694,23.859154929577464,71,60,11,0.8450704225352113,0.8450704225352113,27722.833898669847,462.04723164449746,0.0,distance_to_pickup,REALTIME,greedy,71,0,1,10,ok,0,11,11
1666063464,91,1634,17.956043956043956,91,76,15,0.8351648351648352,0.8351648351648352,58603.192624025934,771.0946397898149,0.013157894736842105,distance_to_pickup,REALTIME,greedy,91,0,1,10,ok,0,15,15
1666063474,38,1559,41.026315789473685,38,31,7,0.8157894736842105,0.8157894736842105,31828.76849699234,1026.7344676449143,0.0,distance_to_pickup,REALTIME,greedy,38,0,1,10,ok,0,7,7
1666063484,35,1528,43.65714285714286,35,31,4,0.8857142857142857,0.8857142857142857,25729.56858055591,829.9860832437391,0.0,distance_to_pickup,REALTIME,greedy,35,0,1,10,ok,0,4,4
1666063494,23,1497,65.08695652173913,23,23,0,1.0,1.0,14123.630566332955,614.0708941883894,0.0,distance_to_pickup,REALTIME,greedy,23,0,1,10,ok,0,0,0
1666063504,14,1474,105.28571428571429,14,13,1,0.9285714285714286,0.9285714285714286,8306.410809974719,638.954677690363,0.0,distance_to_pickup,REALTIME,greedy,14,0,1,10,ok,0,1,1
1666063514,19,1959,103.10526315789474,19,16,3,0.8421052631578947,0.8421052631578947,7567.779396878278,472.9862123048924,0.0,distance_to_pickup,REALTIME,greedy,19,0,1,10,ok,0,3,3
1666063524,22,1943,88.31818181818181,22,21,1,0.9545454545454546,0.9545454545454546,7531.178083270017,358.6275277747627,0.0,distance_to_pickup,REALTIME,greedy,22,0,1,10,ok,0,1,1
1666063534,9,1922,213.55555555555554,9,9,0,1.0,1.0,2935.643431725227,326.18260352502523,0.0,distance_to_pickup,REALTIME,greedy,9,0,1,10,ok,0,0,0
1666063544,14,1913,136.64285714285714,14,13,1,0.9285714285714286,0.9285714285714286,4092.7810287842376,314.8293099064798,0.0,distance_to_pickup,REALTIME,greedy,14,0,1,10,ok,0,1,1
1666063554,29,1900,65.51724137931035,29,25,4,0.8620689655172413,0.8620689655172413,12333.337013117225,493.333480524689,0.0,distance_to_pickup,REALTIME,greedy,29,0,1,10,ok,0,4,4
1666063564,30,1875,62.5,30,27,3,0.9,0.9,18704.748818169628,692.7684747470232,0.0,distance_to_pickup,REALTIME,greedy,30,0,1,10,ok,0,3,3
1666063574,91,1848,20.307692307692307,91,78,13,0.8571428571428571,0.8571428571428571,50975.884551978656,653.5369814356238,0.0,distance_to_pickup,REALTIME,greedy,91,0,1,10,ok,0,13,13
1666063584,150,1771,11.806666666666667,150,134,16,0.8933333333333333,0.8933333333333333,109572.35361253624,817.7041314368377,0.007462686567164179,distance_to_pickup,REALTIME,greedy,150,0,1,10,ok,0,16,16
1666063594,38,1637,43.078947368421055,38,31,7,0.8157894736842105,0.8157894736842105,25202.48349232931,812.9833384622358,0.0,distance_to_pickup,REALTIME,greedy,38,0,1,10,ok,0,7,7
1666063604,23,1606,69.82608695652173,23,21,2,0.9130434782608695,0.9130434782608695,12033.232502637815,573.0110715541816,0.0,distance_to_pickup,REALTIME,greedy,23,0,1,10,ok,0,2,2
1666063614,10,1586,158.6,10,10,0,1.0,1.0,9732.665626983851,973.2665626983851,0.0,distance_to_pickup,REALTIME,greedy,10,0,1,10,ok,0,0,0
1666063624,6,1576,262.6666666666667,6,6,0,1.0,1.0,1745.708954573155,290.9514924288592,0.0,distance_to_pickup,REALTIME,greedy,6,0,1,10,ok,0,0,0
1666063634,3,1593,531.0,3,3,0,1.0,1.0,2361.4978419186928,787.1659473062309,0.0,distance_to_pickup,REALTIME,greedy,3,0,1,10,ok,0,0,0
1666063644,5,1591,318.2,5,5,0,1.0,1.0,6116.275984658658,1223.2551969317315,0.0,distance_to_pickup,REALTIME,greedy,5,0,1,10,ok,0,0,0
1666063654,6,1587,264.5,6,4,2,0.6666666666666666,0.6666666666666666,3138.5143905802893,784.6285976450723,0.0,distance_to_pickup,REALTIME,greedy,6,0,1,10,ok,0,2,2
1666063664,11,1584,144.0,11,8,3,0.7272727272727273,0.7272727272727273,10174.143682131122,1271.7679602663902,0.0,distance_to_pickup,REALTIME,greedy,11,0,1,10,ok,0,3,3
1666063674,9,1577,175.22222222222223,9,8,1,0.8888888888888888,0.8888888888888888,7916.232057793219,989.5290072241523,0.0,distance_to_pickup,REALTIME,greedy,9,0,1,10,ok,0,1,1
1666063684,6,1569,261.5,6,5,1,0.8333333333333334,0.8333333333333334,2288.4919998268983,457.6983999653797,0.0,distance_to_pickup,REALTIME,greedy,6,0,1,10,ok,0,1,1
1666063694,6,1565,260.8333333333333,6,5,1,0.8333333333333334,0.8333333333333334,3449.922040433386,689.9844080866771,0.0,distance_to_pickup,REALTIME,greedy,6,0,1,10,ok,0,1,1
1666063704,9,1560,173.33333333333334,9,7,2,0.7777777777777778,0.7777777777777778,1498.6494812469498,214.09278303527853,0.0,distance_to_pickup,REALTIME,greedy,9,0,1,10,ok,0,2,2
1666063714,11,1554,141.27272727272728,11,9,2,0.8181818181818182,0.8181818181818182,17505.518028339848,1945.0575587044275,0.0,distance_to_pickup,REALTIME,greedy,11,0,1,10,ok,0,2,2
1666063724,17,1545,90.88235294117646,17,15,2,0.8823529411764706,0.8823529411764706,16826.86945331651,1121.7912968877674,0.06666666666666667,distance_to_pickup,REALTIME,greedy,17,0,1,10,ok,0,2,2
1666063734,21,1531,72.9047619047619,21,17,4,0.8095238095238095,0.8095238095238095,19822.46454808255,1166.027326357797,0.0,distance_to_pickup,REALTIME,greedy,21,0,1,10,ok,0,4,4
1666063744,32,1516,47.375,32,29,3,0.90625,0.90625,47456.22828486388,1636.4216649953062,0.0,distance_to_pickup,REALTIME,greedy,32,0,1,10,ok,0,3,3
1666063754,81,1487,18.358024691358025,81,76,5,0.9382716049382716,0.9382716049382716,126225.99927734696,1660.868411544039,0.0,distance_to_pickup,REALTIME,greedy,81,0,1,10,ok,0,5,5
1666063764,124,1412,11.387096774193548,124,109,15,0.8790322580645161,0.8790322580645161,157607.87485834167,1445.9438060398318,0.0,distance_to_pickup,REALTIME,greedy,124,0,1,10,ok,0,15,15
1666063774,34,1304,38.35294117647059,34,29,5,0.8529411764705882,0.8529411764705882,50737.971342664234,1749.5852187125597,0.0,distance_to_pickup,REALTIME,greedy,34,0,1,10,ok,0,5,5
1666063784,11,1275,115.9090909090909,11,10,1,0.9090909090909091,0.9090909090909091,39823.39651098151,3982.339651098151,0.0,distance_to_pickup,REALTIME,greedy,11,0,1,10,ok,0,1,1
1666063794,3,1265,421.6666666666667,3,2,1,0.6666666666666666,0.6666666666666666,1343.999469184418,671.999734592209,0.0,distance_to_pickup,REALTIME,greedy,3,0,1,10,ok,0,1,1
1666063804,1,1265,1265.0,1,1,0,1.0,1.0,199.63646320593554,199.63646320593554,0.0,distance_to_pickup,REALTIME,greedy,1,0,1,10,ok,0,0,0
1666080524,1,3183,3183.0,1,0,1,0.0,0.0,0,0,0.0,distance_to_pickup,REALTIME,greedy,1,0,1,10,ok,0,1,1
1666080534,1,3183,3183.0,1,0,1,0.0,0.0,0,0,0.0,distance_to_pickup,REALTIME,greedy,1,0,1,10,ok,0,1,1
1666080544,1,3183,3183.0,1,1,0,1.0,1.0,944.4113301131536,944.4113301131536,0.0,distance_to_pickup,REALTIME,greedy,1,0,1,10,ok,0,0,0
1666083914,1,3183,3183.0,1,1,0,1.0,1.0,909.4655017392057,909.4655017392057,0.0,distance_to_pickup,REALTIME,greedy,1,0,1,10,ok,0,0,0
1666085974,1,3183,3183.0,1,1,0,1.0,1.0,1478.9708607744556,1478.9708607744556,0.0,distance_to_pickup,REALTIME,greedy,1,0,1,10,ok,0,0,0
1666091844,1,3183,3183.0,1,1,0,1.0,1.0,1532.6487406159308,1532.6487406159308,0.0,distance_to_pickup,REALTIME,greedy,1,0,1,10,ok,0,0,0
1666095654,1,3183,3183.0,1,0,1,0.0,0.0,0,0,0.0,distance_to_pickup,REALTIME,greedy,1,0,1,10,ok,0,1,1
1666095664,1,3183,3183.0,1,1,0,1.0,1.0,1520.766152716406,1520.766152716406,0.0,distance_to_pickup,REALTIME,greedy,1,0,1,10,ok,0,0,0
1666101414,1,3183,3183.0,1,0,1,0.0,0.0,0,0,0.0,distance_to_pickup,REALTIME,greedy,1,0,1,10,ok,0,1,1
1666101424,1,3183,3183.0,1,1,0,1.0,1.0,686.2359553573947,686.2359553573947,0.0,distance_to_pickup,REALTIME,greedy,1,0,1,10,ok,0,0,0
1666101804,1,3182,3182.0,1,1,0,1.0,1.0,142.29351656603777,142.29351656603777,0.0,distance_to_pickup,REALTIME,greedy,1,0,1,10,ok,0,0,0
1666102884,1,3182,3182.0,1,1,0,1.0,1.0,252.09453082110255,252.09453082110255,0.0,distance_to_pickup,REALTIME,greedy,1,0,1,10,ok,0,0,0
1666102974,1,3181,3181.0,1,1,0,1.0,1.0,37.87180633683413,37.87180633683413,0.0,distance_to_pickup,REALTIME,greedy,1,0,1,10,ok,0,0,0
1666103864,1,3181,3181.0,1,0,1,0.0,0.0,0,0,0.0,distance_to_pickup,REALTIME,greedy,1,0,1,10,ok,0,1,1
1666103874,1,3181,3181.0,1,1,0,1.0,1.0,753.8571587128926,753.8571587128926,0.0,distance_to_pickup,REALTIME,greedy,1,0,1,10,ok,0,0,0
1666104034,1,3180,3180.0,1,1,0,1.0,1.0,13.043100381716346,13.043100381716346,0.0,distance_to_pickup,REALTIME,greedy,1,0,1,10,ok,0,0,0
1666105464,1,3182,3182.0,1,1,0,1.0,1.0,1210.4300888527184,1210.4300888527184,0.0,distance_to_pickup,REALTIME,greedy,1,0,1,10,ok,0,0,0
1666106224,1,3182,3182.0,1,0,1,0.0,0.0,0,0,0.0,distance_to_pickup,REALTIME,greedy,1,0,1,10,ok,0,1,1
1666106234,1,3182,3182.0,1,1,0,1.0,1.0,1026.6225309195459,1026.6225309195459,0.0,distance_to_pickup,REALTIME,greedy,1,0,1,10,ok,0,0,0
1666108754,1,3183,3183.0,1,1,0,1.0,1.0,115.76268828944843,115.76268828944843,0.0,distance_to_pickup,REALTIME,greedy,1,0,1,10,ok,0,0,0
1666109334,1,3182,3182.0,1,1,0,1.0,1.0,62.55822954502671,62.55822954502671,0.0,distance_to_pickup,REALTIME,greedy,1,0,1,10,ok,0,0,0
1666114564,1,3183,3183.0,1,1,0,1.0,1.0,131.22903519344905,131.22903519344905,0.0,distance_to_pickup,REALTIME,greedy,1,0,1,10,ok,0,0,0
1666117684,1,3183,3183.0,1,1,0,1.0,1.0,1090.5296912602462,1090.5296912602462,0.0,distance_to_pickup,REALTIME,greedy,1,0,1,10,ok,0,0,0
1666131874,1,3183,3183.0,1,1,0,1.0,1.0,630.1555363559063,630.1555363559063,0.0,distance_to_pickup,REALTIME,greedy,1,0,1,10,ok,0,0,0
1666142564,1,3183,3183.0,1,1,0,1.0,1.0,114.06823022849619,114.06823022849619,0.0,distance_to_pickup,REALTIME,greedy,1,0,1,10,ok,0,0,0
1666143234,1,3182,3182.0,1,1,0,1.0,1.0,511.24495919938596,511.24495919938596,0.0,distance_to_pickup,REALTIME,greedy,1,0,1,10,ok,0,0,0
1666143344,1,3181,3181.0,1,1,0,1.0,1.0,129.03669512714862,129.03669512714862,0.0,distance_to_pickup,REALTIME,greedy,1,0,1,10,ok,0,0,0
1666143944,1,3180,3180.0,1,1,0,1.0,1.0,0.19489624315593368,0.19489624315593368,0.0,distance_to_pickup,REALTIME,greedy,1,0,1,10,ok,0,0,0
1666144134,1,3180,3180.0,1,1,0,1.0,1.0,121.83361525405245,121.83361525405245,0.0,distance_to_pickup,REALTIME,greedy,1,0,1,10,ok,0,0,0
1666144354,1,3179,3179.0,1,1,0,1.0,1.0,342.1637035104688,342.1637035104688,0.0,distance_to_pickup,REALTIME,greedy,1,0,1,10,ok,0,0,0
1666144474,1,3178,3178.0,1,1,0,1.0,1.0,389.0629769073382,389.0629769073382,0.0,distance_to_pickup,REALTIME,greedy,1,0,1,10,ok,0,0,0
1666144624,2,3177,1588.5,2,2,0,1.0,1.0,672.3643606512751,336.18218032563755,0.0,distance_to_pickup,REALTIME,greedy,2,0,1,10,ok,0,0,0
1666144984,1,3177,3177.0,1,1,0,1.0,1.0,0.3996602272297293,0.3996602272297293,0.0,distance_to_pickup,REALTIME,greedy,1,0,1,10,ok,0,0,0
1666145114,1,3176,3176.0,1,1,0,1.0,1.0,421.14033258513047,421.14033258513047,0.0,distance_to_pickup,REALTIME,greedy,1,0,1,10,ok,0,0,0
1666145404,1,3176,3176.0,1,1,0,1.0,1.0,914.7590885099897,914.7590885099897,0.0,distance_to_pickup,REALTIME,greedy,1,0,1,10,ok,0,0,0
1666145414,1,3175,3175.0,1,1,0,1.0,1.0,151.07614046587102,151.07614046587102,0.0,distance_to_pickup,REALTIME,greedy,1,0,1,10,ok,0,0,0
1666145434,1,3174,3174.0,1,1,0,1.0,1.0,1310.509061395609,1310.509061395609,0.0,distance_to_pickup,REALTIME,greedy,1,0,1,10,ok,0,0,0
1666145484,1,3173,3173.0,1,1,0,1.0,1.0,0.1962803449327549,0.1962803449327549,0.0,distance_to_pickup,REALTIME,greedy,1,0,1,10,ok,0,0,0
1666145494,1,3172,3172.0,1,1,0,1.0,1.0,57.0946352573166,57.0946352573166,0.0,distance_to_pickup,REALTIME,greedy,1,0,1,10,ok,0,0,0
1666145504,1,3171,3171.0,1,1,0,1.0,1.0,143.05621181995932,143.05621181995932,0.0,distance_to_pickup,REALTIME,greedy,1,0,1,10,ok,0,0,0
1666145524,1,3170,3170.0,1,0,1,0.0,0.0,0,0,0.0,distance_to_pickup,REALTIME,greedy,1,0,1,10,ok,0,1,1
1666145534,1,3170,3170.0,1,1,0,1.0,1.0,32.7566787083184,32.7566787083184,0.0,distance_to_pickup,REALTIME,greedy,1,0,1,10,ok,0,0,0
1666145644,1,3170,3170.0,1,1,0,1.0,1.0,94.37160589923221,94.37160589923221,0.0,distance_to_pickup,REALTIME,greedy,1,0,1,10,ok,0,0,0
1666145664,1,3169,3169.0,1,1,0,1.0,1.0,0.025875847342369068,0.025875847342369068,0.0,distance_to_pickup,REALTIME,greedy,1,0,1,10,ok,0,0,0
1666145684,1,3168,3168.0,1,1,0,1.0,1.0,1706.917640752325,1706.917640752325,0.0,distance_to_pickup,REALTIME,greedy,1,0,1,10,ok,0,0,0
1666145694,1,3167,3167.0,1,0,1,0.0,0.0,0,0,0.0,distance_to_pickup,REALTIME,greedy,1,0,1,10,ok,0,1,1
1666145704,1,3167,3167.0,1,1,0,1.0,1.0,305.7039297807745,305.7039297807745,0.0,distance_to_pickup,REALTIME,greedy,1,0,1,10,ok,0,0,0
1666145824,2,3167,1583.5,2,2,0,1.0,1.0,1900.0200444070763,950.0100222035381,0.0,distance_to_pickup,REALTIME,greedy,2,0,1,10,ok,0,0,0
1666145864,1,3165,3165.0,1,0,1,0.0,0.0,0,0,0.0,distance_to_pickup,REALTIME,greedy,1,0,1,10,ok,0,1,1
1666145874,1,3165,3165.0,1,1,0,1.0,1.0,45.3431360961006,45.3431360961006,0.0,distance_to_pickup,REALTIME,greedy,1,0,1,10,ok,0,0,0
1666145884,1,3164,3164.0,1,1,0,1.0,1.0,581.5473300228812,581.5473300228812,0.0,distance_to_pickup,REALTIME,greedy,1,0,1,10,ok,0,0,0
1666145894,1,3163,3163.0,1,1,0,1.0,1.0,1.4404315586407726e-05,1.4404315586407726e-05,0.0,distance_to_pickup,REALTIME,greedy,1,0,1,10,ok,0,0,0
1666145934,1,3163,3163.0,1,1,0,1.0,1.0,4032.5238994952033,4032.5238994952033,0.0,distance_to_pickup,REALTIME,greedy,1,0,1,10,ok,0,0,0
1666145974,1,3162,3162.0,1,1,0,1.0,1.0,140.13308845329655,140.13308845329655,0.0,distance_to_pickup,REALTIME,greedy,1,0,1,10,ok,0,0,0
1666146034,1,3161,3161.0,1,1,0,1.0,1.0,5.510480084112733e-05,5.510480084112733e-05,0.0,distance_to_pickup,REALTIME,greedy,1,0,1,10,ok,0,0,0
1666146104,2,3162,1581.0,2,2,0,1.0,1.0,297.8293764736602,148.9146882368301,0.0,distance_to_pickup,REALTIME,greedy,2,0,1,10,ok,0,0,0
1666146164,1,3160,3160.0,1,1,0,1.0,1.0,629.1752311020683,629.1752311020683,0.0,distance_to_pickup,REALTIME,greedy,1,0,1,10,ok,0,0,0
1666146184,2,3159,1579.5,2,2,0,1.0,1.0,2.973838147626067,1.4869190738130336,0.0,distance_to_pickup,REALTIME,greedy,2,0,1,10,ok,0,0,0
1666146244,1,3157,3157.0,1,1,0,1.0,1.0,1507.348665704123,1507.348665704123,0.0,distance_to_pickup,REALTIME,greedy,1,0,1,10,ok,0,0,0
1666146294,1,3156,3156.0,1,1,0,1.0,1.0,348.6112556356377,348.6112556356377,0.0,distance_to_pickup,REALTIME,greedy,1,0,1,10,ok,0,0,0
1666146474,1,3156,3156.0,1,0,1,0.0,0.0,0,0,0.0,distance_to_pickup,REALTIME,greedy,1,0,1,10,ok,0,1,1
1666146484,1,3156,3156.0,1,1,0,1.0,1.0,0.0025414953238248558,0.0025414953238248558,0.0,distance_to_pickup,REALTIME,greedy,1,0,1,10,ok,0,0,0
1666146604,1,3156,3156.0,1,0,1,0.0,0.0,0,0,0.0,distance_to_pickup,REALTIME,greedy,1,0,1,10,ok,0,1,1
1666146614,2,3156,1578.0,2,1,1,0.5,0.5,160.4618334379071,160.4618334379071,0.0,distance_to_pickup,REALTIME,greedy,2,0,1,10,ok,0,1,1
1666146624,2,3155,1577.5,2,2,0,1.0,1.0,242.3360432980894,121.1680216490447,0.0,distance_to_pickup,REALTIME,greedy,2,0,1,10,ok,0,0,0
1666146734,1,3153,3153.0,1,1,0,1.0,1.0,467.72594902560564,467.72594902560564,0.0,distance_to_pickup,REALTIME,greedy,1,0,1,10,ok,0,0,0
1666146914,1,3155,3155.0,1,0,1,0.0,0.0,0,0,0.0,distance_to_pickup,REALTIME,greedy,1,0,1,10,ok,0,1,1
1666146924,1,3155,3155.0,1,1,0,1.0,1.0,433.3108466724758,433.3108466724758,0.0,distance_to_pickup,REALTIME,greedy,1,0,1,10,ok,0,0,0
1666147064,1,3158,3158.0,1,1,0,1.0,1.0,191.960414799066,191.960414799066,0.0,distance_to_pickup,REALTIME,greedy,1,0,1,10,ok,0,0,0
1666147074,1,3157,3157.0,1,1,0,1.0,1.0,162.60694690655686,162.60694690655686,0.0,distance_to_pickup,REALTIME,greedy,1,0,1,10,ok,0,0,0
1666147214,1,3160,3160.0,1,1,0,1.0,1.0,17.29738592099328,17.29738592099328,0.0,distance_to_pickup,REALTIME,greedy,1,0,1,10,ok,0,0,0
1666147244,1,3159,3159.0,1,1,0,1.0,1.0,0.06151114695318051,0.06151114695318051,0.0,distance_to_pickup,REALTIME,greedy,1,0,1,10,ok,0,0,0
1666147544,1,3166,3166.0,1,1,0,1.0,1.0,0.0,0.0,0.0,distance_to_pickup,REALTIME,greedy,1,0,1,10,ok,0,0,0
1666147574,1,3167,3167.0,1,1,0,1.0,1.0,875.6858135993804,875.6858135993804,0.0,distance_to_pickup,REALTIME,greedy,1,0,1,10,ok,0,0,0
1666147804,1,3171,3171.0,1,1,0,1.0,1.0,834.9383210752756,834.9383210752756,0.0,distance_to_pickup,REALTIME,greedy,1,0,1,10,ok,0,0,0
1666147864,1,3170,3170.0,1,0,1,0.0,0.0,0,0,0.0,distance_to_pickup,REALTIME,greedy,1,0,1,10,ok,0,1,1
1666147874,1,3170,3170.0,1,1,0,1.0,1.0,27.77013551207399,27.77013551207399,0.0,distance_to_pickup,REALTIME,greedy,1,0,1,10,ok,0,0,0
1666147904,1,3169,3169.0,1,1,0,1.0,1.0,594.8623885483851,594.8623885483851,0.0,distance_to_pickup,REALTIME,greedy,1,0,1,10,ok,0,0,0
1666147954,1,3169,3169.0,1,1,0,1.0,1.0,948.5879906911623,948.5879906911623,0.0,distance_to_pickup,REALTIME,greedy,1,0,1,10,ok,0,0,0
1666147984,1,3168,3168.0,1,1,0,1.0,1.0,287.64482252780107,287.64482252780107,0.0,distance_to_pickup,REALTIME,greedy,1,0,1,10,ok,0,0,0
1666148034,1,3167,3167.0,1,0,1,0.0,0.0,0,0,0.0,distance_to_pickup,REALTIME,greedy,1,0,1,10,ok,0,1,1
1666148044,1,3167,3167.0,1,1,0,1.0,1.0,312.169237262435,312.169237262435,0.0,distance_to_pickup,REALTIME,greedy,1,0,1,10,ok,0,0,0
1666148134,1,3169,3169.0,1,0,1,0.0,0.0,0,0,0.0,distance_to_pickup,REALTIME,greedy,1,0,1,10,ok,0,1,1
1666148144,1,3169,3169.0,1,1,0,1.0,1.0,211.53250341259616,211.53250341259616,0.0,distance_to_pickup,REALTIME,greedy,1,0,1,10,ok,0,0,0
1666148184,2,3168,1584.0,2,2,0,1.0,1.0,135.14244090983235,67.57122045491617,0.0,distance_to_pickup,REALTIME,greedy,2,0,1,10,ok,0,0,0
1666148264,1,3167,3167.0,1,1,0,1.0,1.0,268.0962187715505,268.0962187715505,0.0,distance_to_pickup,REALTIME,greedy,1,0,1,10,ok,0,0,0
1666148274,1,3166,3166.0,1,1,0,1.0,1.0,204.23513248143377,204.23513248143377,0.0,distance_to_pickup,REALTIME,greedy,1,0,1,10,ok,0,0,0
1666148334,1,3165,3165.0,1,1,0,1.0,1.0,56.285040636068786,56.285040636068786,0.0,distance_to_pickup,REALTIME,greedy,1,0,1,10,ok,0,0,0
1666148374,2,3164,1582.0,2,1,1,0.5,0.5,163.6321455887286,163.6321455887286,0.0,distance_to_pickup,REALTIME,greedy,2,0,1,10,ok,0,1,1
1666148384,1,3164,3164.0,1,0,1,0.0,0.0,0,0,0.0,distance_to_pickup,REALTIME,greedy,1,0,1,10,ok,0,1,1
1666148394,1,3164,3164.0,1,1,0,1.0,1.0,0.0004505835829771631,0.0004505835829771631,0.0,distance_to_pickup,REALTIME,greedy,1,0,1,10,ok,0,0,0
1666148424,1,3163,3163.0,1,1,0,1.0,1.0,0.008648044604427299,0.008648044604427299,0.0,distance_to_pickup,REALTIME,greedy,1,0,1,10,ok,0,0,0
1666148484,2,3162,1581.0,2,1,1,0.5,0.5,6.55618918778222e-06,6.55618918778222e-06,0.0,distance_to_pickup,REALTIME,greedy,2,0,1,10,ok,0,1,1
1666148494,1,3161,3161.0,1,1,0,1.0,1.0,93.59764838024509,93.59764838024509,0.0,distance_to_pickup,REALTIME,greedy,1,0,1,10,ok,0,0,0
1666148514,1,3160,3160.0,1,1,0,1.0,1.0,25.238858928247925,25.238858928247925,0.0,distance_to_pickup,REALTIME,greedy,1,0,1,10,ok,0,0,0
1666148524,1,3160,3160.0,1,1,0,1.0,1.0,568.6253254981958,568.6253254981958,0.0,distance_to_pickup,REALTIME,greedy,1,0,1,10,ok,0,0,0
1666148534,1,3160,3160.0,1,1,0,1.0,1.0,4.221796122314581,4.221796122314581,0.0,distance_to_pickup,REALTIME,greedy,1,0,1,10,ok,0,0,0
1666148574,1,3159,3159.0,1,1,0,1.0,1.0,20.505288035460108,20.505288035460108,0.0,distance_to_pickup,REALTIME,greedy,1,0,1,10,ok,0,0,0
1666148584,3,3158,1052.6666666666667,3,3,0,1.0,1.0,1166.3047460892255,388.76824869640853,0.0,distance_to_pickup,REALTIME,greedy,3,0,1,10,ok,0,0,0
1666148594,1,3155,3155.0,1,1,0,1.0,1.0,455.02240328367367,455.02240328367367,0.0,distance_to_pickup,REALTIME,greedy,1,0,1,10,ok,0,0,0
1666148624,2,3154,1577.0,2,1,1,0.5,0.5,79.4369281298278,79.4369281298278,0.0,distance_to_pickup,REALTIME,greedy,2,0,1,10,ok,0,1,1
1666148634,2,3153,1576.5,2,2,0,1.0,1.0,626.57525399784,313.28762699892,0.0,distance_to_pickup,REALTIME,greedy,2,0,1,10,ok,0,0,0
1666148684,2,3152,1576.0,2,2,0,1.0,1.0,372.0466870950448,186.0233435475224,0.0,distance_to_pickup,REALTIME,greedy,2,0,1,10,ok,0,0,0
1666148694,1,3150,3150.0,1,1,0,1.0,1.0,285.5565959662066,285.5565959662066,0.0,distance_to_pickup,REALTIME,greedy,1,0,1,10,ok,0,0,0
1666148704,1,3150,3150.0,1,1,0,1.0,1.0,6.9558196196262765,6.9558196196262765,0.0,distance_to_pickup,REALTIME,greedy,1,0,1,10,ok,0,0,0
1666148734,2,3149,1574.5,2,2,0,1.0,1.0,1.396670158272776,0.698335079136388,0.0,distance_to_pickup,REALTIME,greedy,2,0,1,10,ok,0,0,0
1666148754,2,3147,1573.5,2,2,0,1.0,1.0,0.0004258546602269086,0.0002129273301134543,0.0,distance_to_pickup,REALTIME,greedy,2,0,1,10,ok,0,0,0
1666148764,1,3145,3145.0,1,1,0,1.0,1.0,3.0719530773294423e-08,3.0719530773294423e-08,0.0,distance_to_pickup,REALTIME,greedy,1,0,1,10,ok,0,0,0
1666148774,3,3144,1048.0,3,3,0,1.0,1.0,1522.8198717287505,507.6066239095835,0.0,distance_to_pickup,REALTIME,greedy,3,0,1,10,ok,0,0,0
1666148784,1,3141,3141.0,1,1,0,1.0,1.0,244.94713684856404,244.94713684856404,0.0,distance_to_pickup,REALTIME,greedy,1,0,1,10,ok,0,0,0
1666148794,1,3140,3140.0,1,1,0,1.0,1.0,61.149580208232884,61.149580208232884,0.0,distance_to_pickup,REALTIME,greedy,1,0,1,10,ok,0,0,0
1666148804,1,3139,3139.0,1,1,0,1.0,1.0,57.893122068964516,57.893122068964516,0.0,distance_to_pickup,REALTIME,greedy,1,0,1,10,ok,0,0,0
1666148814,2,3138,1569.0,2,2,0,1.0,1.0,248.4705570233703,124.23527851168515,0.0,distance_to_pickup,REALTIME,greedy,2,0,1,10,ok,0,0,0
1666148824,1,3136,3136.0,1,1,0,1.0,1.0,0.21534030959272943,0.21534030959272943,0.0,distance_to_pickup,REALTIME,greedy,1,0,1,10,ok,0,0,0
1666148834,1,3135,3135.0,1,1,0,1.0,1.0,0.34019016341978703,0.34019016341978703,0.0,distance_to_pickup,REALTIME,greedy,1,0,1,10,ok,0,0,0
1666148844,1,3134,3134.0,1,1,0,1.0,1.0,43.01102776251233,43.01102776251233,0.0,distance_to_pickup,REALTIME,greedy,1,0,1,10,ok,0,0,0
1666148854,2,3133,1566.5,2,2,0,1.0,1.0,144.1375360299358,72.0687680149679,0.0,distance_to_pickup,REALTIME,greedy,2,0,1,10,ok,0,0,0
1666148864,3,3131,1043.6666666666667,3,3,0,1.0,1.0,77.44483413475804,25.814944711586012,0.0,distance_to_pickup,REALTIME,greedy,3,0,1,10,ok,0,0,0
1666148884,1,3128,3128.0,1,1,0,1.0,1.0,19.485289182465923,19.485289182465923,0.0,distance_to_pickup,REALTIME,greedy,1,0,1,10,ok,0,0,0
1666148894,2,3127,1563.5,2,2,0,1.0,1.0,215.79518625377403,107.89759312688702,0.0,distance_to_pickup,REALTIME,greedy,2,0,1,10,ok,0,0,0
1666148904,1,3125,3125.0,1,1,0,1.0,1.0,78.56236042458686,78.56236042458686,0.0,distance_to_pickup,REALTIME,greedy,1,0,1,10,ok,0,0,0
1666148914,2,3124,1562.0,2,2,0,1.0,1.0,387.276946765776,193.638473382888,0.0,distance_to_pickup,REALTIME,greedy,2,0,1,10,ok,0,0,0
1666148924,2,3122,1561.0,2,2,0,1.0,1.0,139.1342833988851,69.56714169944254,0.0,distance_to_pickup,REALTIME,greedy,2,0,1,10,ok,0,0,0
1666148934,3,3120,1040.0,3,2,1,0.6666666666666666,0.6666666666666666,327.8089345333874,163.9044672666937,0.0,distance_to_pickup,REALTIME,greedy,3,0,1,10,ok,0,1,1
1666148944,1,3118,3118.0,1,1,0,1.0,1.0,104.06248123122954,104.06248123122954,0.0,distance_to_pickup,REALTIME,greedy,1,0,1,10,ok,0,0,0
1666148954,2,3117,1558.5,2,2,0,1.0,1.0,150.08347465488328,75.04173732744164,0.0,distance_to_pickup,REALTIME,greedy,2,0,1,10,ok,0,0,0
1666148964,3,3115,1038.3333333333333,3,3,0,1.0,1.0,674.2508333429159,224.75027778097197,0.0,distance_to_pickup,REALTIME,greedy,3,0,1,10,ok,0,0,0
1666148974,2,3112,1556.0,2,1,1,0.5,0.5,0.11155398086557697,0.11155398086557697,0.0,distance_to_pickup,REALTIME,greedy,2,0,1,10,ok,0,1,1
1666148984,2,3111,1555.5,2,2,0,1.0,1.0,0.0019763324344375197,0.0009881662172187599,0.0,distance_to_pickup,REALTIME,greedy,2,0,1,10,ok,0,0,0
1666148994,1,3109,3109.0,1,1,0,1.0,1.0,8.66457112187947,8.66457112187947,0.0,distance_to_pickup,REALTIME,greedy,1,0,1,10,ok,0,0,0
1666149004,2,3109,1554.5,2,2,0,1.0,1.0,346.4333792515895,173.21668962579474,0.0,distance_to_pickup,REALTIME,greedy,2,0,1,10,ok,0,0,0
1666149014,1,3107,3107.0,1,1,0,1.0,1.0,1.3295744592721708,1.3295744592721708,0.0,distance_to_pickup,REALTIME,greedy,1,0,1,10,ok,0,0,0
1666149024,2,3106,1553.0,2,1,1,0.5,0.5,475.5849030404561,475.5849030404561,0.0,distance_to_pickup,REALTIME,greedy,2,0,1,10,ok,0,1,1
1666149034,5,3106,621.2,5,5,0,1.0,1.0,1863.752088929177,372.7504177858354,0.0,distance_to_pickup,REALTIME,greedy,5,0,1,10,ok,0,0,0
1666149044,1,3101,3101.0,1,1,0,1.0,1.0,36.10447415928537,36.10447415928537,0.0,distance_to_pickup,REALTIME,greedy,1,0,1,10,ok,0,0,0
1666149054,6,3100,516.6666666666666,6,6,0,1.0,1.0,313.91501520771726,52.31916920128621,0.0,distance_to_pickup,REALTIME,greedy,6,0,1,10,ok,0,0,0
1666149064,1,3094,3094.0,1,1,0,1.0,1.0,3.0719530773294423e-08,3.0719530773294423e-08,0.0,distance_to_pickup,REALTIME,greedy,1,0,1,10,ok,0,0,0
1666149074,1,3093,3093.0,1,0,1,0.0,0.0,0,0,0.0,distance_to_pickup,REALTIME,greedy,1,0,1,10,ok,0,1,1
1666149084,3,3093,1031.0,3,2,1,0.6666666666666666,0.6666666666666666,1658.0339419114823,829.0169709557412,0.0,distance_to_pickup,REALTIME,greedy,3,0,1,10,ok,0,1,1
1666149094,5,3091,618.2,5,5,0,1.0,1.0,122.67883705079527,24.535767410159053,0.0,distance_to_pickup,REALTIME,greedy,5,0,1,10,ok,0,0,0
1666149104,1,3086,3086.0,1,1,0,1.0,1.0,6.143906154658885e-08,6.143906154658885e-08,0.0,distance_to_pickup,REALTIME,greedy,1,0,1,10,ok,0,0,0
1666149114,3,3085,1028.3333333333333,3,2,1,0.6666666666666666,0.6666666666666666,195.55239606368858,97.77619803184429,0.0,distance_to_pickup,REALTIME,greedy,3,0,1,10,ok,0,1,1
1666149124,4,3083,770.75,4,3,1,0.75,0.75,884.204669993338,294.73488999777936,0.0,distance_to_pickup,REALTIME,greedy,4,0,1,10,ok,0,1,1
1666149134,5,3080,616.0,5,4,1,0.8,0.8,1652.0728760995714,413.01821902489286,0.0,distance_to_pickup,REALTIME,greedy,5,0,1,10,ok,0,1,1
1666149144,4,3076,769.0,4,4,0,1.0,1.0,402.2605649793451,100.56514124483627,0.0,distance_to_pickup,REALTIME,greedy,4,0,1,10,ok,0,0,0
1666149164,1,3072,3072.0,1,1,0,1.0,1.0,112.03689376195182,112.03689376195182,0.0,distance_to_pickup,REALTIME,greedy,1,0,1,10,ok,0,0,0
1666149174,7,3071,438.7142857142857,7,5,2,0.7142857142857143,0.7142857142857143,612.4263883764919,122.48527767529838,0.0,distance_to_pickup,REALTIME,greedy,7,0,1,10,ok,0,2,2
1666149184,8,3066,383.25,8,6,2,0.75,0.75,342.8390505419283,57.139841756988055,0.0,distance_to_pickup,REALTIME,greedy,8,0,1,10,ok,0,2,2
1666149194,2,3060,1530.0,2,2,0,1.0,1.0,0.21975274362592137,0.10987637181296069,0.0,distance_to_pickup,REALTIME,greedy,2,0,1,10,ok,0,0,0
1666149204,4,3058,764.5,4,3,1,0.75,0.75,232.07200181934942,77.35733393978315,0.0,distance_to_pickup,REALTIME,greedy,4,0,1,10,ok,0,1,1
1666149214,5,3055,611.0,5,4,1,0.8,0.8,584.0477401124456,146.0119350281114,0.0,distance_to_pickup,REALTIME,greedy,5,0,1,10,ok,0,1,1
1666149224,3,3051,1017.0,3,3,0,1.0,1.0,653.7503412743919,217.91678042479728,0.0,distance_to_pickup,REALTIME,greedy,3,0,1,10,ok,0,0,0
1666149234,4,3048,762.0,4,3,1,0.75,0.75,348.1602960554506,116.05343201848353,0.0,distance_to_pickup,REALTIME,greedy,4,0,1,10,ok,0,1,1
1666149244,2,3045,1522.5,2,2,0,1.0,1.0,198.7879603797632,99.3939801898816,0.0,distance_to_pickup,REALTIME,greedy,2,0,1,10,ok,0,0,0
1666149254,9,3043,338.1111111111111,9,6,3,0.6666666666666666,0.6666666666666666,671.1789801502518,111.8631633583753,0.0,distance_to_pickup,REALTIME,greedy,9,0,1,10,ok,0,3,3
1666149264,5,3038,607.6,5,4,1,0.8,0.8,736.1287088804768,184.0321772201192,0.0,distance_to_pickup,REALTIME,greedy,5,0,1,10,ok,0,1,1
1666149274,3,3034,1011.3333333333334,3,2,1,0.6666666666666666,0.6666666666666666,35.53465518673551,17.767327593367757,0.0,distance_to_pickup,REALTIME,greedy,3,0,1,10,ok,0,1,1
1666149284,4,3032,758.0,4,3,1,0.75,0.75,621.0788833259414,207.02629444198047,0.0,distance_to_pickup,REALTIME,greedy,4,0,1,10,ok,0,1,1
1666149294,3,3029,1009.6666666666666,3,3,0,1.0,1.0,484.884847831149,161.628282610383,0.0,distance_to_pickup,REALTIME,greedy,3,0,1,10,ok,0,0,0
1666149304,5,3026,605.2,5,4,1,0.8,0.8,170.03168165571836,42.50792041392959,0.0,distance_to_pickup,REALTIME,greedy,5,0,1,10,ok,0,1,1
1666149314,6,3022,503.6666666666667,6,5,1,0.8333333333333334,0.8333333333333334,195.975719433185,39.195143886637,0.0,distance_to_pickup,REALTIME,greedy,6,0,1,10,ok,0,1,1
1666149324,7,3017,431.0,7,5,2,0.7142857142857143,0.7142857142857143,860.9720541961286,172.19441083922572,0.0,distance_to_pickup,REALTIME,greedy,7,0,1,10,ok,0,2,2
1666149334,8,3013,376.625,8,6,2,0.75,0.75,638.3416405957056,106.3902734326176,0.0,distance_to_pickup,REALTIME,greedy,8,0,1,10,ok,0,2,2
1666149344,9,3007,334.1111111111111,9,8,1,0.8888888888888888,0.8888888888888888,2698.858253330758,337.35728166634476,0.0,distance_to_pickup,REALTIME,greedy,9,0,1,10,ok,0,1,1
1666149354,10,2999,299.9,10,10,0,1.0,1.0,2157.94945326479,215.794945326479,0.0,distance_to_pickup,REALTIME,greedy,10,0,1,10,ok,0,0,0
1666149364,4,2990,747.5,4,4,0,1.0,1.0,418.60789470159324,104.65197367539831,0.0,distance_to_pickup,REALTIME,greedy,4,0,1,10,ok,0,0,0
1666149374,5,2986,597.2,5,4,1,0.8,0.8,286.24044571605106,71.56011142901276,0.0,distance_to_pickup,REALTIME,greedy,5,0,1,10,ok,0,1,1
1666149384,8,2982,372.75,8,7,1,0.875,0.875,136.03428804864564,19.43346972123509,0.0,distance_to_pickup,REALTIME,greedy,8,0,1,10,ok,0,1,1
1666149394,6,2975,495.8333333333333,6,6,0,1.0,1.0,1107.229134433161,184.53818907219352,0.0,distance_to_pickup,REALTIME,greedy,6,0,1,10,ok,0,0,0
1666149404,15,2969,197.93333333333334,15,15,0,1.0,1.0,4826.529034671818,321.7686023114546,0.0,distance_to_pickup,REALTIME,greedy,15,0,1,10,ok,0,0,0
1666149414,9,2955,328.3333333333333,9,8,1,0.8888888888888888,0.8888888888888888,224.0872552792364,28.01090690990455,0.0,distance_to_pickup,REALTIME,greedy,9,0,1,10,ok,0,1,1
1666149424,9,2947,327.44444444444446,9,8,1,0.8888888888888888,0.8888888888888888,329.14510244872076,41.143137806090095,0.0,distance_to_pickup,REALTIME,greedy,9,0,1,10,ok,0,1,1
1666149434,13,2939,226.07692307692307,13,13,0,1.0,1.0,5507.987582740775,423.69135251852117,0.0,distance_to_pickup,REALTIME,greedy,13,0,1,10,ok,0,0,0
1666149444,4,2927,731.75,4,4,0,1.0,1.0,183.57680654407812,45.89420163601953,0.0,distance_to_pickup,REALTIME,greedy,4,0,1,10,ok,0,0,0
1666149454,12,2923,243.58333333333334,12,9,3,0.75,0.75,4560.780728384876,506.75341426498625,0.0,distance_to_pickup,REALTIME,greedy,12,0,1,10,ok,0,3,3
1666149464,12,2914,242.83333333333334,12,11,1,0.9166666666666666,0.9166666666666666,849.2467816327645,77.20425287570586,0.09090909090909091,distance_to_pickup,REALTIME,greedy,12,0,1,10,ok,0,1,1
1666149474,11,2903,263.90909090909093,11,10,1,0.9090909090909091,0.9090909090909091,1068.0878054833165,106.80878054833165,0.0,distance_to_pickup,REALTIME,greedy,11,0,1,10,ok,0,1,1
1666149484,8,2893,361.625,8,7,1,0.875,0.875,313.90711713159675,44.84387387594239,0.0,distance_to_pickup,REALTIME,greedy,8,0,1,10,ok,0,1,1
1666149494,11,2886,262.3636363636364,11,9,2,0.8181818181818182,0.8181818181818182,526.6060810625195,58.511786784724386,0.0,distance_to_pickup,REALTIME,greedy,11,0,1,10,ok,0,2,2
1666149504,19,2878,151.47368421052633,19,17,2,0.8947368421052632,0.8947368421052632,2302.674005223712,135.45141207198304,0.0,distance_to_pickup,REALTIME,greedy,19,0,1,10,ok,0,2,2
1666149514,11,2861,260.09090909090907,11,11,0,1.0,1.0,2241.5326079190104,203.77569162900093,0.0,distance_to_pickup,REALTIME,greedy,11,0,1,10,ok,0,0,0
1666149524,7,2850,407.14285714285717,7,7,0,1.0,1.0,1237.265177378484,176.75216819692628,0.0,distance_to_pickup,REALTIME,greedy,7,0,1,10,ok,0,0,0
1666149534,14,2843,203.07142857142858,14,12,2,0.8571428571428571,0.8571428571428571,1893.6461693769902,157.8038474480825,0.0,distance_to_pickup,REALTIME,greedy,14,0,1,10,ok,0,2,2
1666149544,12,2831,235.91666666666666,12,10,2,0.8333333333333334,0.8333333333333334,151.06917995657528,15.106917995657529,0.0,distance_to_pickup,REALTIME,greedy,12,0,1,10,ok,0,2,2
1666149554,14,2821,201.5,14,12,2,0.8571428571428571,0.8571428571428571,2081.6172478141193,173.46810398450995,0.0,distance_to_pickup,REALTIME,greedy,14,0,1,10,ok,0,2,2
1666149564,22,2809,127.68181818181819,22,19,3,0.8636363636363636,0.8636363636363636,2597.7307516413816,136.7226711390201,0.0,distance_to_pickup,REALTIME,greedy,22,0,1,10,ok,0,3,3
1666149574,22,2790,126.81818181818181,22,20,2,0.9090909090909091,0.9090909090909091,6764.808660868708,338.2404330434354,0.0,distance_to_pickup,REALTIME,greedy,22,0,1,10,ok,0,2,2
1666149584,20,2770,138.5,20,16,4,0.8,0.8,2251.8283133537198,140.73926958460748,0.0,distance_to_pickup,REALTIME,greedy,20,0,1,10,ok,0,4,4
1666149594,14,2754,196.71428571428572,14,13,1,0.9285714285714286,0.9285714285714286,4918.995109728575,378.3842392098904,0.0,distance_to_pickup,REALTIME,greedy,14,0,1,10,ok,0,1,1
1666149604,20,2742,137.1,20,19,1,0.95,0.95,5681.253794640113,299.0133576126375,0.0,distance_to_pickup,REALTIME,greedy,20,0,1,10,ok,0,1,1
1666149614,15,2723,181.53333333333333,15,14,1,0.9333333333333333,0.9333333333333333,847.1081254110768,60.50772324364834,0.0,distance_to_pickup,REALTIME,greedy,15,0,1,10,ok,0,1,1
1666149624,20,2709,135.45,20,18,2,0.9,0.9,2023.1816098046365,112.3989783224798,0.0,distance_to_pickup,REALTIME,greedy,20,0,1,10,ok,0,2,2
1666149634,21,2691,128.14285714285714,21,18,3,0.8571428571428571,0.8571428571428571,4368.27249496054,242.68180527558556,0.0,distance_to_pickup,REALTIME,greedy,21,0,1,10,ok,0,3,3
1666149644,22,2675,121.5909090909091,22,16,6,0.7272727272727273,0.7272727272727273,5663.84987996332,353.9906174977075,0.0,distance_to_pickup,REALTIME,greedy,22,0,1,10,ok,0,6,6
1666149654,31,2659,85.7741935483871,31,31,0,1.0,1.0,7337.000186526669,236.677425371828,0.0,distance_to_pickup,REALTIME,greedy,31,0,1,10,ok,0,0,0
1666149664,21,2628,125.14285714285714,21,18,3,0.8571428571428571,0.8571428571428571,5470.7698250193735,303.93165694552073,0.0,distance_to_pickup,REALTIME,greedy,21,0,1,10,ok,0,3,3
1666149674,17,2610,153.52941176470588,17,16,1,0.9411764705882353,0.9411764705882353,1202.0378851247394,75.12736782029621,0.0,distance_to_pickup,REALTIME,greedy,17,0,1,10,ok,0,1,1
1666149684,19,2594,136.52631578947367,19,15,4,0.7894736842105263,0.7894736842105263,2451.4482278354203,163.42988185569467,0.0,distance_to_pickup,REALTIME,greedy,19,0,1,10,ok,0,4,4
1666149694,21,2579,122.80952380952381,21,18,3,0.8571428571428571,0.8571428571428571,9899.266709798678,549.9592616554821,0.0,distance_to_pickup,REALTIME,greedy,21,0,1,10,ok,0,3,3
1666149704,25,2561,102.44,25,23,2,0.92,0.92,2853.3293233170007,124.05779666595654,0.0,distance_to_pickup,REALTIME,greedy,25,0,1,10,ok,0,2,2
1666149714,24,2538,105.75,24,22,2,0.9166666666666666,0.9166666666666666,9085.513507461439,412.97788670279266,0.0,distance_to_pickup,REALTIME,greedy,24,0,1,10,ok,0,2,2
1666149724,13,2517,193.6153846153846,13,12,1,0.9230769230769231,0.9230769230769231,1232.2402936572355,102.68669113810296,0.0,distance_to_pickup,REALTIME,greedy,13,0,1,10,ok,0,1,1
1666149734,27,2506,92.81481481481481,27,22,5,0.8148148148148148,0.8148148148148148,8840.842670447879,401.85648502035815,0.0,distance_to_pickup,REALTIME,greedy,27,0,1,10,ok,0,5,5
1666149744,22,2484,112.9090909090909,22,17,5,0.7727272727272727,0.7727272727272727,3008.5679142577014,176.9745831916295,0.0,distance_to_pickup,REALTIME,greedy,22,0,1,10,ok,0,5,5
1666149754,26,2467,94.88461538461539,26,24,2,0.9230769230769231,0.9230769230769231,2326.378220136183,96.93242583900762,0.0,distance_to_pickup,REALTIME,greedy,26,0,1,10,ok,0,2,2
1666149764,21,2443,116.33333333333333,21,19,2,0.9047619047619048,0.9047619047619048,4451.820869553526,234.30636155544872,0.0,distance_to_pickup,REALTIME,greedy,21,0,1,10,ok,0,2,2
1666149774,37,2424,65.51351351351352,37,29,8,0.7837837837837838,0.7837837837837838,17784.403659777203,613.255298613007,0.0,distance_to_pickup,REALTIME,greedy,37,0,1,10,ok,0,8,8
1666149784,34,2395,70.44117647058823,34,30,4,0.8823529411764706,0.8823529411764706,7951.060364429611,265.035345480987,0.0,distance_to_pickup,REALTIME,greedy,34,0,1,10,ok,0,4,4
1666149794,23,2366,102.8695652173913,23,22,1,0.9565217391304348,0.9565217391304348,7807.584053569939,354.89018425317903,0.0,distance_to_pickup,REALTIME,greedy,23,0,1,10,ok,0,1,1
1666149804,17,2344,137.88235294117646,17,14,3,0.8235294117647058,0.8235294117647058,1383.118781479905,98.79419867713607,0.0,distance_to_pickup,REALTIME,greedy,17,0,1,10,ok,0,3,3
1666149814,19,2330,122.63157894736842,19,17,2,0.8947368421052632,0.8947368421052632,10082.94944021796,593.1146729539977,0.0,distance_to_pickup,REALTIME,greedy,19,0,1,10,ok,0,2,2
1666149824,22,2313,105.13636363636364,22,16,6,0.7272727272727273,0.7272727272727273,9353.6596020885,584.6037251305313,0.0,distance_to_pickup,REALTIME,greedy,22,0,1,10,ok,0,6,6
1666149834,29,2298,79.24137931034483,29,25,4,0.8620689655172413,0.8620689655172413,12616.25116791202,504.6500467164808,0.0,distance_to_pickup,REALTIME,greedy,29,0,1,10,ok,0,4,4
1666149844,31,2273,73.3225806451613,31,25,6,0.8064516129032258,0.8064516129032258,10831.154682506622,433.24618730026486,0.0,distance_to_pickup,REALTIME,greedy,31,0,1,10,ok,0,6,6
1666149854,41,2249,54.853658536585364,41,35,6,0.8536585365853658,0.8536585365853658,14743.350483544093,421.2385852441169,0.0,distance_to_pickup,REALTIME,greedy,41,0,1,10,ok,0,6,6
1666149864,89,2214,24.876404494382022,89,78,11,0.8764044943820225,0.8764044943820225,48711.493800352924,624.5063307737554,0.02564102564102564,distance_to_pickup,REALTIME,greedy,89,0,1,10,ok,0,11,11
1666149874,74,2136,28.864864864864863,74,63,11,0.8513513513513513,0.8513513513513513,27664.256370451723,439.1151804833607,0.0,distance_to_pickup,REALTIME,greedy,74,0,1,10,ok,0,11,11
1666149884,31,2074,66.90322580645162,31,29,2,0.9354838709677419,0.9354838709677419,23370.504104300027,805.8794518724147,0.0,distance_to_pickup,REALTIME,greedy,31,0,1,10,ok,0,2,2
1666149894,27,2045,75.74074074074075,27,23,4,0.8518518518518519,0.8518518518518519,10438.42037448296,453.84436410795473,0.0,distance_to_pickup,REALTIME,greedy,27,0,1,10,ok,0,4,4
1666149904,16,2022,126.375,16,16,0,1.0,1.0,3443.9374242004124,215.24608901252577,0.0,distance_to_pickup,REALTIME,greedy,16,0,1,10,ok,0,0,0
1666149914,7,2243,320.42857142857144,7,5,2,0.7142857142857143,0.7142857142857143,177.2608695996541,35.452173919930814,0.0,distance_to_pickup,REALTIME,greedy,7,0,1,10,ok,0,2,2
1666149924,13,2238,172.15384615384616,13,11,2,0.8461538461538461,0.8461538461538461,5244.638964162251,476.78536037838643,0.0,distance_to_pickup,REALTIME,greedy,13,0,1,10,ok,0,2,2
1666149934,16,2227,139.1875,16,15,1,0.9375,0.9375,9400.366056388348,626.6910704258898,0.0,distance_to_pickup,REALTIME,greedy,16,0,1,10,ok,0,1,1
1666149944,29,2213,76.3103448275862,29,25,4,0.8620689655172413,0.8620689655172413,19135.43903720637,765.4175614882548,0.0,distance_to_pickup,REALTIME,greedy,29,0,1,10,ok,0,4,4
1666149954,36,2189,60.80555555555556,36,30,6,0.8333333333333334,0.8333333333333334,13816.687493544214,460.5562497848071,0.0,distance_to_pickup,REALTIME,greedy,36,0,1,10,ok,0,6,6
1666149964,31,2159,69.64516129032258,31,27,4,0.8709677419354839,0.8709677419354839,19974.550961866666,739.7981837728395,0.0,distance_to_pickup,REALTIME,greedy,31,0,1,10,ok,0,4,4
1666149974,34,2133,62.73529411764706,34,27,7,0.7941176470588235,0.7941176470588235,15809.583724230286,585.5401379344551,0.0,distance_to_pickup,REALTIME,greedy,34,0,1,10,ok,0,7,7
1666149984,155,2107,13.593548387096774,155,126,29,0.8129032258064516,0.8129032258064516,88673.66668023175,703.7592593669186,0.007936507936507936,distance_to_pickup,REALTIME,greedy,155,0,1,10,ok,0,29,29
1666149994,140,1982,14.157142857142857,140,123,17,0.8785714285714286,0.8785714285714286,128588.19263529651,1045.432460449565,0.008130081300813009,distance_to_pickup,REALTIME,greedy,140,0,1,10,ok,0,17,17
1666150004,39,1859,47.666666666666664,39,36,3,0.9230769230769231,0.9230769230769231,32611.774880444125,905.8826355678924,0.0,distance_to_pickup,REALTIME,greedy,39,0,1,10,ok,0,3,3
1666150014,17,1823,107.23529411764706,17,16,1,0.9411764705882353,0.9411764705882353,14368.547929242128,898.034245577633,0.0,distance_to_pickup,REALTIME,greedy,17,0,1,10,ok,0,1,1
1666150024,10,1807,180.7,10,8,2,0.8,0.8,2057.615438740145,257.2019298425181,0.0,distance_to_pickup,REALTIME,greedy,10,0,1,10,ok,0,2,2
1666150034,6,1816,302.6666666666667,6,6,0,1.0,1.0,2274.279955072236,379.046659178706,0.0,distance_to_pickup,REALTIME,greedy,6,0,1,10,ok,0,0,0
1666150044,7,1813,259.0,7,6,1,0.8571428571428571,0.8571428571428571,7966.344077077223,1327.7240128462038,0.0,distance_to_pickup,REALTIME,greedy,7,0,1,10,ok,0,1,1
1666150054,10,1808,180.8,10,10,0,1.0,1.0,4422.157829448206,442.2157829448206,0.0,distance_to_pickup,REALTIME,greedy,10,0,1,10,ok,0,0,0
1666150064,3,1798,599.3333333333334,3,3,0,1.0,1.0,4360.9782509926,1453.6594169975333,0.0,distance_to_pickup,REALTIME,greedy,3,0,1,10,ok,0,0,0
1666150074,8,1795,224.375,8,6,2,0.75,0.75,1071.5541783757324,178.59236306262207,0.0,distance_to_pickup,REALTIME,greedy,8,0,1,10,ok,0,2,2
1666150084,11,1790,162.72727272727272,11,10,1,0.9090909090909091,0.9090909090909091,16074.047998441576,1607.4047998441577,0.0,distance_to_pickup,REALTIME,greedy,11,0,1,10,ok,0,1,1
1666150094,9,1782,198.0,9,9,0,1.0,1.0,10455.636865831908,1161.7374295368786,0.0,distance_to_pickup,REALTIME,greedy,9,0,1,10,ok,0,0,0
1666150104,12,1773,147.75,12,12,0,1.0,1.0,13499.109655221684,1124.925804601807,0.0,distance_to_pickup,REALTIME,greedy,12,0,1,10,ok,0,0,0
1666150114,8,1761,220.125,8,7,1,0.875,0.875,8208.960385005663,1172.7086264293805,0.0,distance_to_pickup,REALTIME,greedy,8,0,1,10,ok,0,1,1
1666150124,4,1754,438.5,4,3,1,0.75,0.75,1833.8298544103216,611.2766181367739,0.0,distance_to_pickup,REALTIME,greedy,4,0,1,10,ok,0,1,1
1666150134,8,1751,218.875,8,7,1,0.875,0.875,7446.401385630375,1063.771626518625,0.0,distance_to_pickup,REALTIME,greedy,8,0,1,10,ok,0,1,1
1666150144,15,1746,116.4,15,14,1,0.9333333333333333,0.9333333333333333,14107.30900095684,1007.6649286397743,0.0,distance_to_pickup,REALTIME,greedy,15,0,1,10,ok,0,1,1
1666150154,29,1733,59.758620689655174,29,25,4,0.8620689655172413,0.8620689655172413,27160.417335340753,1086.4166934136301,0.0,distance_to_pickup,REALTIME,greedy,29,0,1,10,ok,0,4,4
1666150164,116,1709,14.732758620689655,116,99,17,0.853448275862069,0.853448275862069,130194.19255593471,1315.0928541003507,0.0,distance_to_pickup,REALTIME,greedy,116,0,1,10,ok,0,17,17
1666150174,124,1610,12.983870967741936,124,104,20,0.8387096774193549,0.8387096774193549,123142.01401674373,1184.0578270840745,0.0,distance_to_pickup,REALTIME,greedy,124,0,1,10,ok,0,20,20
1666150184,32,1506,47.0625,32,30,2,0.9375,0.9375,35033.57236082217,1167.785745360739,0.0,distance_to_pickup,REALTIME,greedy,32,0,1,10,ok,0,2,2
1666150194,13,1478,113.6923076923077,13,10,3,0.7692307692307693,0.7692307692307693,11690.984758711555,1169.0984758711554,0.0,distance_to_pickup,REALTIME,greedy,13,0,1,10,ok,0,3,3
1666150204,5,1468,293.6,5,4,1,0.8,0.8,8507.787059212382,2126.9467648030954,0.0,distance_to_pickup,REALTIME,greedy,5,0,1,10,ok,0,1,1
1666150214,1,1485,1485.0,1,1,0,1.0,1.0,1532.690376835562,1532.690376835562,0.0,distance_to_pickup,REALTIME,greedy,1,0,1,10,ok,0,0,0
1666151724,1,3455,3455.0,1,0,1,0.0,0.0,0,0,0.0,distance_to_pickup,REALTIME,greedy,1,0,1,10,ok,0,1,1
1666151734,1,3455,3455.0,1,0,1,0.0,0.0,0,0,0.0,distance_to_pickup,REALTIME,greedy,1,0,1,10,ok,0,1,1
1666151744,1,3455,3455.0,1,1,0,1.0,1.0,342.11531534162,342.11531534162,0.0,distance_to_pickup,REALTIME,greedy,1,0,1,10,ok,0,0,0
1666164324,1,3455,3455.0,1,1,0,1.0,1.0,423.4554262775674,423.4554262775674,0.0,distance_to_pickup,REALTIME,greedy,1,0,1,10,ok,0,0,0
1666165804,1,3455,3455.0,1,0,1,0.0,0.0,0,0,0.0,distance_to_pickup,REALTIME,greedy,1,0,1,10,ok,0,1,1
1666165814,1,3455,3455.0,1,1,0,1.0,1.0,1191.7403240639296,1191.7403240639296,0.0,distance_to_pickup,REALTIME,greedy,1,0,1,10,ok,0,0,0
1666174314,1,3455,3455.0,1,1,0,1.0,1.0,0.7930719229432721,0.7930719229432721,0.0,distance_to_pickup,REALTIME,greedy,1,0,1,10,ok,0,0,0
1666174874,1,3454,3454.0,1,1,0,1.0,1.0,26.471423496118003,26.471423496118003,0.0,distance_to_pickup,REALTIME,greedy,1,0,1,10,ok,0,0,0
1666192084,1,3455,3455.0,1,1,0,1.0,1.0,609.6407135062011,609.6407135062011,0.0,distance_to_pickup,REALTIME,greedy,1,0,1,10,ok,0,0,0
1666192324,1,3454,3454.0,1,0,1,0.0,0.0,0,0,0.0,distance_to_pickup,REALTIME,greedy,1,0,1,10,ok,0,1,1
1666192334,1,3454,3454.0,1,1,0,1.0,1.0,1108.5150670457112,1108.5150670457112,0.0,distance_to_pickup,REALTIME,greedy,1,0,1,10,ok,0,0,0
1666222794,1,3455,3455.0,1,1,0,1.0,1.0,626.8656402919581,626.8656402919581,0.0,distance_to_pickup,REALTIME,greedy,1,0,1,10,ok,0,0,0
1666223704,1,3454,3454.0,1,1,0,1.0,1.0,261.2967191755745,261.2967191755745,0.0,distance_to_pickup,REALTIME,greedy,1,0,1,10,ok,0,0,0
1666223924,1,3453,3453.0,1,1,0,1.0,1.0,1207.238170370702,1207.238170370702,0.0,distance_to_pickup,REALTIME,greedy,1,0,1,10,ok,0,0,0
1666224384,1,3453,3453.0,1,1,0,1.0,1.0,4.540990376346526,4.540990376346526,0.0,distance_to_pickup,REALTIME,greedy,1,0,1,10,ok,0,0,0
1666227014,1,3455,3455.0,1,1,0,1.0,1.0,1013.9625859712658,1013.9625859712658,0.0,distance_to_pickup,REALTIME,greedy,1,0,1,10,ok,0,0,0
1666227124,2,3454,1727.0,2,2,0,1.0,1.0,882.469736919909,441.2348684599545,0.0,distance_to_pickup,REALTIME,greedy,2,0,1,10,ok,0,0,0
1666227304,1,3452,3452.0,1,1,0,1.0,1.0,580.1456713620589,580.1456713620589,0.0,distance_to_pickup,REALTIME,greedy,1,0,1,10,ok,0,0,0
1666227434,1,3451,3451.0,1,1,0,1.0,1.0,0.5135569459106635,0.5135569459106635,0.0,distance_to_pickup,REALTIME,greedy,1,0,1,10,ok,0,0,0
1666228134,1,3450,3450.0,1,1,0,1.0,1.0,587.4913576205726,587.4913576205726,0.0,distance_to_pickup,REALTIME,greedy,1,0,1,10,ok,0,0,0
1666228954,1,3454,3454.0,1,0,1,0.0,0.0,0,0,0.0,distance_to_pickup,REALTIME,greedy,1,0,1,10,ok,0,1,1
1666228964,1,3454,3454.0,1,0,1,0.0,0.0,0,0,0.0,distance_to_pickup,REALTIME,greedy,1,0,1,10,ok,0,1,1
1666228974,1,3454,3454.0,1,1,0,1.0,1.0,6.126582705814066e-05,6.126582705814066e-05,0.0,distance_to_pickup,REALTIME,greedy,1,0,1,10,ok,0,0,0
1666229044,1,3453,3453.0,1,1,0,1.0,1.0,0.00027111471492108217,0.00027111471492108217,0.0,distance_to_pickup,REALTIME,greedy,1,0,1,10,ok,0,0,0
1666229514,1,3452,3452.0,1,1,0,1.0,1.0,177.9404677517543,177.9404677517543,0.0,distance_to_pickup,REALTIME,greedy,1,0,1,10,ok,0,0,0
1666229604,1,3452,3452.0,1,1,0,1.0,1.0,1557.837436162553,1557.837436162553,0.0,distance_to_pickup,REALTIME,greedy,1,0,1,10,ok,0,0,0
1666229994,1,3451,3451.0,1,0,1,0.0,0.0,0,0,0.0,distance_to_pickup,REALTIME,greedy,1,0,1,10,ok,0,1,1
1666230004,1,3451,3451.0,1,0,1,0.0,0.0,0,0,0.0,distance_to_pickup,REALTIME,greedy,1,0,1,10,ok,0,1,1
1666230014,1,3451,3451.0,1,1,0,1.0,1.0,0.03821681891408057,0.03821681891408057,0.0,distance_to_pickup,REALTIME,greedy,1,0,1,10,ok,0,0,0
1666230334,1,3450,3450.0,1,1,0,1.0,1.0,42.07228661098117,42.07228661098117,0.0,distance_to_pickup,REALTIME,greedy,1,0,1,10,ok,0,0,0
1666230944,1,3451,3451.0,1,1,0,1.0,1.0,279.3350150676357,279.3350150676357,0.0,distance_to_pickup,REALTIME,greedy,1,0,1,10,ok,0,0,0
1666230984,1,3451,3451.0,1,1,0,1.0,1.0,251.58629301076664,251.58629301076664,0.0,distance_to_pickup,REALTIME,greedy,1,0,1,10,ok,0,0,0
1666231204,1,3451,3451.0,1,1,0,1.0,1.0,1279.5548675233827,1279.5548675233827,0.0,distance_to_pickup,REALTIME,greedy,1,0,1,10,ok,0,0,0
1666231354,1,3450,3450.0,1,1,0,1.0,1.0,370.9900859891105,370.9900859891105,0.0,distance_to_pickup,REALTIME,greedy,1,0,1,10,ok,0,0,0
1666231364,1,3449,3449.0,1,1,0,1.0,1.0,122.92912325920426,122.92912325920426,0.0,distance_to_pickup,REALTIME,greedy,1,0,1,10,ok,0,0,0
1666231414,1,3448,3448.0,1,1,0,1.0,1.0,1179.2015901862892,1179.2015901862892,0.0,distance_to_pickup,REALTIME,greedy,1,0,1,10,ok,0,0,0
1666231634,1,3448,3448.0,1,0,1,0.0,0.0,0,0,0.0,distance_to_pickup,REALTIME,greedy,1,0,1,10,ok,0,1,1
1666231644,1,3448,3448.0,1,1,0,1.0,1.0,58.08088571640786,58.08088571640786,0.0,distance_to_pickup,REALTIME,greedy,1,0,1,10,ok,0,0,0
1666231804,1,3448,3448.0,1,1,0,1.0,1.0,2.2736593385630632,2.2736593385630632,0.0,distance_to_pickup,REALTIME,greedy,1,0,1,10,ok,0,0,0
1666231874,1,3447,3447.0,1,1,0,1.0,1.0,88.60208421484732,88.60208421484732,0.0,distance_to_pickup,REALTIME,greedy,1,0,1,10,ok,0,0,0
1666231994,1,3446,3446.0,1,1,0,1.0,1.0,379.13468124024496,379.13468124024496,0.0,distance_to_pickup,REALTIME,greedy,1,0,1,10,ok,0,0,0
1666232114,1,3445,3445.0,1,1,0,1.0,1.0,2667.674830169603,2667.674830169603,0.0,distance_to_pickup,REALTIME,greedy,1,0,1,10,ok,0,0,0
1666232174,2,3444,1722.0,2,2,0,1.0,1.0,78.23042241162422,39.11521120581211,0.0,distance_to_pickup,REALTIME,greedy,2,0,1,10,ok,0,0,0
1666232184,1,3442,3442.0,1,1,0,1.0,1.0,321.1938351483145,321.1938351483145,0.0,distance_to_pickup,REALTIME,greedy,1,0,1,10,ok,0,0,0
1666232294,1,3441,3441.0,1,1,0,1.0,1.0,101.9803902718557,101.9803902718557,0.0,distance_to_pickup,REALTIME,greedy,1,0,1,10,ok,0,0,0
1666232304,1,3440,3440.0,1,1,0,1.0,1.0,2746.780198156819,2746.780198156819,0.0,distance_to_pickup,REALTIME,greedy,1,0,1,10,ok,0,0,0
1666232664,1,3442,3442.0,1,1,0,1.0,1.0,1602.3044497998021,1602.3044497998021,0.0,distance_to_pickup,REALTIME,greedy,1,0,1,10,ok,0,0,0
1666232754,1,3441,3441.0,1,0,1,0.0,0.0,0,0,0.0,distance_to_pickup,REALTIME,greedy,1,0,1,10,ok,0,1,1
1666232764,1,3441,3441.0,1,1,0,1.0,1.0,232.93480843604829,232.93480843604829,0.0,distance_to_pickup,REALTIME,greedy,1,0,1,10,ok,0,0,0
1666232804,1,3440,3440.0,1,1,0,1.0,1.0,6.143906154658885e-08,6.143906154658885e-08,0.0,distance_to_pickup,REALTIME,greedy,1,0,1,10,ok,0,0,0
1666232984,1,3442,3442.0,1,1,0,1.0,1.0,1.9479987033662165,1.9479987033662165,0.0,distance_to_pickup,REALTIME,greedy,1,0,1,10,ok,0,0,0
1666233144,1,3442,3442.0,1,1,0,1.0,1.0,705.5448902606873,705.5448902606873,0.0,distance_to_pickup,REALTIME,greedy,1,0,1,10,ok,0,0,0
1666233384,1,3443,3443.0,1,1,0,1.0,1.0,1768.6861827967853,1768.6861827967853,0.0,distance_to_pickup,REALTIME,greedy,1,0,1,10,ok,0,0,0
1666233414,1,3442,3442.0,1,1,0,1.0,1.0,0.000253946155662294,0.000253946155662294,0.0,distance_to_pickup,REALTIME,greedy,1,0,1,10,ok,0,0,0
1666233444,1,3441,3441.0,1,1,0,1.0,1.0,376.4688213307654,376.4688213307654,0.0,distance_to_pickup,REALTIME,greedy,1,0,1,10,ok,0,0,0
1666233534,1,3441,3441.0,1,1,0,1.0,1.0,85.23323383060325,85.23323383060325,0.0,distance_to_pickup,REALTIME,greedy,1,0,1,10,ok,0,0,0
1666233604,2,3441,1720.5,2,2,0,1.0,1.0,696.4780335310002,348.2390167655001,0.0,distance_to_pickup,REALTIME,greedy,2,0,1,10,ok,0,0,0
1666233634,1,3441,3441.0,1,1,0,1.0,1.0,60.60171180782673,60.60171180782673,0.0,distance_to_pickup,REALTIME,greedy,1,0,1,10,ok,0,0,0
1666233684,1,3441,3441.0,1,1,0,1.0,1.0,82.89403581966133,82.89403581966133,0.0,distance_to_pickup,REALTIME,greedy,1,0,1,10,ok,0,0,0
1666233764,1,3442,3442.0,1,1,0,1.0,1.0,0.13569351808723426,0.13569351808723426,0.0,distance_to_pickup,REALTIME,greedy,1,0,1,10,ok,0,0,0
1666233784,1,3441,3441.0,1,1,0,1.0,1.0,7.129569626182779,7.129569626182779,0.0,distance_to_pickup,REALTIME,greedy,1,0,1,10,ok,0,0,0
1666233794,1,3440,3440.0,1,1,0,1.0,1.0,49.045131898181104,49.045131898181104,0.0,distance_to_pickup,REALTIME,greedy,1,0,1,10,ok,0,0,0
1666233934,1,3439,3439.0,1,0,1,0.0,0.0,0,0,0.0,distance_to_pickup,REALTIME,greedy,1,0,1,10,ok,0,1,1
1666233944,1,3439,3439.0,1,1,0,1.0,1.0,6.143906154658885e-08,6.143906154658885e-08,0.0,distance_to_pickup,REALTIME,greedy,1,0,1,10,ok,0,0,0
1666233974,1,3438,3438.0,1,0,1,0.0,0.0,0,0,0.0,distance_to_pickup,REALTIME,greedy,1,0,1,10,ok,0,1,1
1666233984,1,3438,3438.0,1,1,0,1.0,1.0,4.47402867178262e-06,4.47402867178262e-06,0.0,distance_to_pickup,REALTIME,greedy,1,0,1,10,ok,0,0,0
1666234114,1,3437,3437.0,1,1,0,1.0,1.0,269.1781029480344,269.1781029480344,0.0,distance_to_pickup,REALTIME,greedy,1,0,1,10,ok,0,0,0
1666234164,1,3437,3437.0,1,0,1,0.0,0.0,0,0,0.0,distance_to_pickup,REALTIME,greedy,1,0,1,10,ok,0,1,1
1666234174,1,3437,3437.0,1,1,0,1.0,1.0,0.052960106981115036,0.052960106981115036,0.0,distance_to_pickup,REALTIME,greedy,1,0,1,10,ok,0,0,0
1666234204,1,3436,3436.0,1,1,0,1.0,1.0,1.627067780330829e-05,1.627067780330829e-05,0.0,distance_to_pickup,REALTIME,greedy,1,0,1,10,ok,0,0,0
1666234214,1,3435,3435.0,1,1,0,1.0,1.0,267.04689688428067,267.04689688428067,0.0,distance_to_pickup,REALTIME,greedy,1,0,1,10,ok,0,0,0
1666234244,1,3435,3435.0,1,0,1,0.0,0.0,0,0,0.0,distance_to_pickup,REALTIME,greedy,1,0,1,10,ok,0,1,1
1666234254,2,3435,1717.5,2,2,0,1.0,1.0,0.29233474753181327,0.14616737376590663,0.0,distance_to_pickup,REALTIME,greedy,2,0,1,10,ok,0,0,0
1666234264,1,3434,3434.0,1,1,0,1.0,1.0,195.3861805563046,195.3861805563046,0.0,distance_to_pickup,REALTIME,greedy,1,0,1,10,ok,0,0,0
1666234344,1,3433,3433.0,1,1,0,1.0,1.0,0.19892177654674223,0.19892177654674223,0.0,distance_to_pickup,REALTIME,greedy,1,0,1,10,ok,0,0,0
1666234414,1,3432,3432.0,1,0,1,0.0,0.0,0,0,0.0,distance_to_pickup,REALTIME,greedy,1,0,1,10,ok,0,1,1
1666234424,1,3432,3432.0,1,1,0,1.0,1.0,0.005140116138275552,0.005140116138275552,0.0,distance_to_pickup,REALTIME,greedy,1,0,1,10,ok,0,0,0
1666234454,2,3432,1716.0,2,2,0,1.0,1.0,19.685582920002748,9.842791460001374,0.0,distance_to_pickup,REALTIME,greedy,2,0,1,10,ok,0,0,0
1666234464,1,3430,3430.0,1,1,0,1.0,1.0,2.799971529649582,2.799971529649582,0.0,distance_to_pickup,REALTIME,greedy,1,0,1,10,ok,0,0,0
1666234544,1,3429,3429.0,1,1,0,1.0,1.0,252.1626459252044,252.1626459252044,0.0,distance_to_pickup,REALTIME,greedy,1,0,1,10,ok,0,0,0
1666234574,2,3428,1714.0,2,2,0,1.0,1.0,445.2261738019972,222.6130869009986,0.0,distance_to_pickup,REALTIME,greedy,2,0,1,10,ok,0,0,0
1666234584,2,3426,1713.0,2,2,0,1.0,1.0,450.3507065476022,225.1753532738011,0.0,distance_to_pickup,REALTIME,greedy,2,0,1,10,ok,0,0,0
1666234724,1,3425,3425.0,1,1,0,1.0,1.0,1491.9390067961895,1491.9390067961895,0.0,distance_to_pickup,REALTIME,greedy,1,0,1,10,ok,0,0,0
1666234754,1,3424,3424.0,1,1,0,1.0,1.0,244.46267608778237,244.46267608778237,0.0,distance_to_pickup,REALTIME,greedy,1,0,1,10,ok,0,0,0
1666234844,2,3424,1712.0,2,1,1,0.5,0.5,129.9251700355873,129.9251700355873,0.0,distance_to_pickup,REALTIME,greedy,2,0,1,10,ok,0,1,1
1666234854,2,3423,1711.5,2,2,0,1.0,1.0,858.5662508761792,429.2831254380896,0.0,distance_to_pickup,REALTIME,greedy,2,0,1,10,ok,0,0,0
1666234874,1,3422,3422.0,1,1,0,1.0,1.0,8.704946252858123,8.704946252858123,0.0,distance_to_pickup,REALTIME,greedy,1,0,1,10,ok,0,0,0
1666234934,1,3422,3422.0,1,1,0,1.0,1.0,13.519190552241595,13.519190552241595,0.0,distance_to_pickup,REALTIME,greedy,1,0,1,10,ok,0,0,0
1666234944,1,3421,3421.0,1,1,0,1.0,1.0,306.7550761474359,306.7550761474359,0.0,distance_to_pickup,REALTIME,greedy,1,0,1,10,ok,0,0,0
1666234964,1,3420,3420.0,1,1,0,1.0,1.0,738.7801653483665,738.7801653483665,0.0,distance_to_pickup,REALTIME,greedy,1,0,1,10,ok,0,0,0
1666234984,1,3419,3419.0,1,1,0,1.0,1.0,1656.0434776901238,1656.0434776901238,0.0,distance_to_pickup,REALTIME,greedy,1,0,1,10,ok,0,0,0
1666235024,2,3419,1709.5,2,2,0,1.0,1.0,203.78042591877568,101.89021295938784,0.0,distance_to_pickup,REALTIME,greedy,2,0,1,10,ok,0,0,0
1666235034,1,3417,3417.0,1,1,0,1.0,1.0,288.79296420693856,288.79296420693856,0.0,distance_to_pickup,REALTIME,greedy,1,0,1,10,ok,0,0,0
1666235044,1,3416,3416.0,1,1,0,1.0,1.0,399.31065602167115,399.31065602167115,0.0,distance_to_pickup,REALTIME,greedy,1,0,1,10,ok,0,0,0
1666235054,1,3415,3415.0,1,1,0,1.0,1.0,0.0004127300246494965,0.0004127300246494965,0.0,distance_to_pickup,REALTIME,greedy,1,0,1,10,ok,0,0,0
1666235074,1,3416,3416.0,1,1,0,1.0,1.0,401.57598188592,401.57598188592,0.0,distance_to_pickup,REALTIME,greedy,1,0,1,10,ok,0,0,0
1666235094,1,3416,3416.0,1,1,0,1.0,1.0,348.00294384714033,348.00294384714033,0.0,distance_to_pickup,REALTIME,greedy,1,0,1,10,ok,0,0,0
1666235114,2,3415,1707.5,2,1,1,0.5,0.5,58.735741220208276,58.735741220208276,0.0,distance_to_pickup,REALTIME,greedy,2,0,1,10,ok,0,1,1
1666235124,1,3414,3414.0,1,1,0,1.0,1.0,1152.481488749098,1152.481488749098,0.0,distance_to_pickup,REALTIME,greedy,1,0,1,10,ok,0,0,0
1666235134,1,3413,3413.0,1,1,0,1.0,1.0,2.494703522356205,2.494703522356205,0.0,distance_to_pickup,REALTIME,greedy,1,0,1,10,ok,0,0,0
1666235154,1,3413,3413.0,1,0,1,0.0,0.0,0,0,0.0,distance_to_pickup,REALTIME,greedy,1,0,1,10,ok,0,1,1
1666235164,2,3413,1706.5,2,2,0,1.0,1.0,33.539774663277164,16.769887331638582,0.0,distance_to_pickup,REALTIME,greedy,2,0,1,10,ok,0,0,0
1666235204,1,3411,3411.0,1,0,1,0.0,0.0,0,0,0.0,distance_to_pickup,REALTIME,greedy,1,0,1,10,ok,0,1,1
1666235214,4,3411,852.75,4,4,0,1.0,1.0,746.76264626638,186.690661566595,0.0,distance_to_pickup,REALTIME,greedy,4,0,1,10,ok,0,0,0
1666235244,2,3409,1704.5,2,1,1,0.5,0.5,0.0004923962053880397,0.0004923962053880397,0.0,distance_to_pickup,REALTIME,greedy,2,0,1,10,ok,0,1,1
1666235254,1,3409,3409.0,1,1,0,1.0,1.0,294.40000259382555,294.40000259382555,0.0,distance_to_pickup,REALTIME,greedy,1,0,1,10,ok,0,0,0
1666235264,2,3408,1704.0,2,2,0,1.0,1.0,662.5304154916123,331.26520774580615,0.0,distance_to_pickup,REALTIME,greedy,2,0,1,10,ok,0,0,0
1666235274,5,3406,681.2,5,3,2,0.6,0.6,6135.197087535742,2045.0656958452473,0.0,distance_to_pickup,REALTIME,greedy,5,0,1,10,ok,0,2,2
1666235284,2,3403,1701.5,2,2,0,1.0,1.0,2125.968955620292,1062.984477810146,0.0,distance_to_pickup,REALTIME,greedy,2,0,1,10,ok,0,0,0
1666235294,1,3401,3401.0,1,0,1,0.0,0.0,0,0,0.0,distance_to_pickup,REALTIME,greedy,1,0,1,10,ok,0,1,1
1666235304,1,3401,3401.0,1,1,0,1.0,1.0,0.01476880107767934,0.01476880107767934,0.0,distance_to_pickup,REALTIME,greedy,1,0,1,10,ok,0,0,0
1666235334,2,3400,1700.0,2,1,1,0.5,0.5,0.0,0.0,0.0,distance_to_pickup,REALTIME,greedy,2,0,1,10,ok,0,1,1
1666235344,1,3399,3399.0,1,1,0,1.0,1.0,35.584258934661214,35.584258934661214,0.0,distance_to_pickup,REALTIME,greedy,1,0,1,10,ok,0,0,0
1666235354,3,3398,1132.6666666666667,3,3,0,1.0,1.0,363.886572757989,121.29552425266299,0.0,distance_to_pickup,REALTIME,greedy,3,0,1,10,ok,0,0,0
1666235364,1,3395,3395.0,1,1,0,1.0,1.0,426.2416288888265,426.2416288888265,0.0,distance_to_pickup,REALTIME,greedy,1,0,1,10,ok,0,0,0
1666235384,2,3394,1697.0,2,2,0,1.0,1.0,0.004103187161023918,0.002051593580511959,0.0,distance_to_pickup,REALTIME,greedy,2,0,1,10,ok,0,0,0
1666235394,1,3392,3392.0,1,1,0,1.0,1.0,0.11217000229708106,0.11217000229708106,0.0,distance_to_pickup,REALTIME,greedy,1,0,1,10,ok,0,0,0
1666235404,2,3392,1696.0,2,2,0,1.0,1.0,16.707750199259138,8.353875099629569,0.0,distance_to_pickup,REALTIME,greedy,2,0,1,10,ok,0,0,0
1666235414,4,3390,847.5,4,4,0,1.0,1.0,462.6048742035785,115.65121855089463,0.0,distance_to_pickup,REALTIME,greedy,4,0,1,10,ok,0,0,0
1666235424,2,3386,1693.0,2,2,0,1.0,1.0,0.44938243011167034,0.22469121505583517,0.0,distance_to_pickup,REALTIME,greedy,2,0,1,10,ok,0,0,0
1666235444,1,3385,3385.0,1,1,0,1.0,1.0,8.832809518116385,8.832809518116385,0.0,distance_to_pickup,REALTIME,greedy,1,0,1,10,ok,0,0,0
1666235454,2,3384,1692.0,2,2,0,1.0,1.0,1.8431718463976655e-07,9.215859231988328e-08,0.0,distance_to_pickup,REALTIME,greedy,2,0,1,10,ok,0,0,0
1666235464,2,3382,1691.0,2,2,0,1.0,1.0,264.6102348695452,132.3051174347726,0.0,distance_to_pickup,REALTIME,greedy,2,0,1,10,ok,0,0,0
1666235474,4,3380,845.0,4,3,1,0.75,0.75,1211.4939471167932,403.8313157055977,0.0,distance_to_pickup,REALTIME,greedy,4,0,1,10,ok,0,1,1
1666235484,4,3377,844.25,4,2,2,0.5,0.5,605.6352038316388,302.8176019158194,0.0,distance_to_pickup,REALTIME,greedy,4,0,1,10,ok,0,2,2
1666235494,6,3375,562.5,6,6,0,1.0,1.0,1037.4856657659095,172.9142776276516,0.0,distance_to_pickup,REALTIME,greedy,6,0,1,10,ok,0,0,0
1666235504,6,3369,561.5,6,6,0,1.0,1.0,686.6754759141188,114.44591265235313,0.0,distance_to_pickup,REALTIME,greedy,6,0,1,10,ok,0,0,0
1666235514,5,3363,672.6,5,4,1,0.8,0.8,1271.5924957373752,317.8981239343438,0.0,distance_to_pickup,REALTIME,greedy,5,0,1,10,ok,0,1,1
1666235524,4,3359,839.75,4,2,2,0.5,0.5,151.30266346339386,75.65133173169693,0.0,distance_to_pickup,REALTIME,greedy,4,0,1,10,ok,0,2,2
1666235534,5,3357,671.4,5,5,0,1.0,1.0,2195.0332976341,439.00665952682004,0.0,distance_to_pickup,REALTIME,greedy,5,0,1,10,ok,0,0,0
1666235544,2,3352,1676.0,2,2,0,1.0,1.0,156.63769058358287,78.31884529179143,0.0,distance_to_pickup,REALTIME,greedy,2,0,1,10,ok,0,0,0
1666235554,3,3350,1116.6666666666667,3,2,1,0.6666666666666666,0.6666666666666666,262.5506686043912,131.2753343021956,0.0,distance_to_pickup,REALTIME,greedy,3,0,1,10,ok,0,1,1
1666235564,4,3348,837.0,4,3,1,0.75,0.75,5.613764066830138,1.8712546889433792,0.0,distance_to_pickup,REALTIME,greedy,4,0,1,10,ok,0,1,1
1666235574,4,3346,836.5,4,4,0,1.0,1.0,119.6719436818973,29.917985920474326,0.0,distance_to_pickup,REALTIME,greedy,4,0,1,10,ok,0,0,0
1666235584,2,3342,1671.0,2,1,1,0.5,0.5,9.215859231988326e-08,9.215859231988326e-08,0.0,distance_to_pickup,REALTIME,greedy,2,0,1,10,ok,0,1,1
1666235594,3,3341,1113.6666666666667,3,3,0,1.0,1.0,1525.336492852893,508.44549761763096,0.0,distance_to_pickup,REALTIME,greedy,3,0,1,10,ok,0,0,0
1666235604,1,3338,3338.0,1,1,0,1.0,1.0,0.020440964529545847,0.020440964529545847,0.0,distance_to_pickup,REALTIME,greedy,1,0,1,10,ok,0,0,0
1666235614,3,3337,1112.3333333333333,3,2,1,0.6666666666666666,0.6666666666666666,897.3323570971854,448.6661785485927,0.0,distance_to_pickup,REALTIME,greedy,3,0,1,10,ok,0,1,1
1666235624,3,3335,1111.6666666666667,3,3,0,1.0,1.0,75.03085661600754,25.01028553866918,0.0,distance_to_pickup,REALTIME,greedy,3,0,1,10,ok,0,0,0
1666235634,7,3333,476.14285714285717,7,7,0,1.0,1.0,3145.5273479499983,449.3610497071426,0.0,distance_to_pickup,REALTIME,greedy,7,0,1,10,ok,0,0,0
1666235644,2,3326,1663.0,2,2,0,1.0,1.0,630.2691874377119,315.13459371885597,0.0,distance_to_pickup,REALTIME,greedy,2,0,1,10,ok,0,0,0
1666235654,3,3324,1108.0,3,3,0,1.0,1.0,577.980253457248,192.6600844857493,0.0,distance_to_pickup,REALTIME,greedy,3,0,1,10,ok,0,0,0
1666235664,1,3322,3322.0,1,1,0,1.0,1.0,6.143906154658885e-08,6.143906154658885e-08,0.0,distance_to_pickup,REALTIME,greedy,1,0,1,10,ok,0,0,0
1666235674,5,3322,664.4,5,5,0,1.0,1.0,0.0003990677123274526,7.981354246549051e-05,0.0,distance_to_pickup,REALTIME,greedy,5,0,1,10,ok,0,0,0
1666235684,5,3317,663.4,5,5,0,1.0,1.0,168.64256627944366,33.72851325588873,0.0,distance_to_pickup,REALTIME,greedy,5,0,1,10,ok,0,0,0
1666235694,2,3312,1656.0,2,2,0,1.0,1.0,24.43759691353489,12.218798456767445,0.0,distance_to_pickup,REALTIME,greedy,2,0,1,10,ok,0,0,0
1666235704,3,3310,1103.3333333333333,3,3,0,1.0,1.0,503.30145277685745,167.76715092561915,0.0,distance_to_pickup,REALTIME,greedy,3,0,1,10,ok,0,0,0
1666235714,9,3309,367.6666666666667,9,7,2,0.7777777777777778,0.7777777777777778,1460.0122099241376,208.57317284630537,0.0,distance_to_pickup,REALTIME,greedy,9,0,1,10,ok,0,2,2
1666235724,6,3303,550.5,6,4,2,0.6666666666666666,0.6666666666666666,281.59881729003524,70.39970432250881,0.0,distance_to_pickup,REALTIME,greedy,6,0,1,10,ok,0,2,2
1666235734,11,3299,299.90909090909093,11,9,2,0.8181818181818182,0.8181818181818182,676.11803808833,75.12422645425889,0.0,distance_to_pickup,REALTIME,greedy,11,0,1,10,ok,0,2,2
1666235744,3,3290,1096.6666666666667,3,3,0,1.0,1.0,625.2441357484882,208.41471191616276,0.0,distance_to_pickup,REALTIME,greedy,3,0,1,10,ok,0,0,0
1666235754,12,3287,273.9166666666667,12,9,3,0.75,0.75,1318.123889720436,146.45820996893733,0.0,distance_to_pickup,REALTIME,greedy,12,0,1,10,ok,0,3,3
1666235764,7,3278,468.2857142857143,7,5,2,0.7142857142857143,0.7142857142857143,275.0632182972305,55.0126436594461,0.0,distance_to_pickup,REALTIME,greedy,7,0,1,10,ok,0,2,2
1666235774,5,3273,654.6,5,4,1,0.8,0.8,3502.250645657461,875.5626614143653,0.0,distance_to_pickup,REALTIME,greedy,5,0,1,10,ok,0,1,1
1666235784,5,3269,653.8,5,4,1,0.8,0.8,529.0152356994257,132.25380892485643,0.0,distance_to_pickup,REALTIME,greedy,5,0,1,10,ok,0,1,1
1666235794,7,3265,466.42857142857144,7,6,1,0.8571428571428571,0.8571428571428571,289.14157591443035,48.19026265240506,0.0,distance_to_pickup,REALTIME,greedy,7,0,1,10,ok,0,1,1
1666235804,3,3260,1086.6666666666667,3,3,0,1.0,1.0,0.013926530175285551,0.004642176725095184,0.0,distance_to_pickup,REALTIME,greedy,3,0,1,10,ok,0,0,0
1666235814,5,3257,651.4,5,5,0,1.0,1.0,1068.035986385529,213.6071972771058,0.0,distance_to_pickup,REALTIME,greedy,5,0,1,10,ok,0,0,0
1666235824,10,3252,325.2,10,9,1,0.9,0.9,1184.4127151959322,131.60141279954803,0.0,distance_to_pickup,REALTIME,greedy,10,0,1,10,ok,0,1,1
1666235834,6,3243,540.5,6,5,1,0.8333333333333334,0.8333333333333334,171.74424471723648,34.348848943447294,0.0,distance_to_pickup,REALTIME,greedy,6,0,1,10,ok,0,1,1
1666235844,10,3238,323.8,10,9,1,0.9,0.9,4009.3488558372187,445.4832062041354,0.0,distance_to_pickup,REALTIME,greedy,10,0,1,10,ok,0,1,1
1666235854,11,3229,293.54545454545456,11,9,2,0.8181818181818182,0.8181818181818182,1637.8805833968006,181.9867314885334,0.0,distance_to_pickup,REALTIME,greedy,11,0,1,10,ok,0,2,2
1666235864,10,3220,322.0,10,10,0,1.0,1.0,946.5719464822096,94.65719464822095,0.1,distance_to_pickup,REALTIME,greedy,10,0,1,10,ok,0,0,0
1666235874,8,3210,401.25,8,6,2,0.75,0.75,1927.047401389755,321.1745668982925,0.0,distance_to_pickup,REALTIME,greedy,8,0,1,10,ok,0,2,2
1666235884,9,3205,356.1111111111111,9,8,1,0.8888888888888888,0.8888888888888888,87.74622492676838,10.968278115846047,0.0,distance_to_pickup,REALTIME,greedy,9,0,1,10,ok,0,1,1
1666235894,11,3197,290.6363636363636,11,10,1,0.9090909090909091,0.9090909090909091,42.24848843538816,4.224848843538816,0.0,distance_to_pickup,REALTIME,greedy,11,0,1,10,ok,0,1,1
1666235904,14,3187,227.64285714285714,14,11,3,0.7857142857142857,0.7857142857142857,2257.8541819460706,205.2594710860064,0.0,distance_to_pickup,REALTIME,greedy,14,0,1,10,ok,0,3,3
1666235914,13,3178,244.46153846153845,13,13,0,1.0,1.0,2738.4784331126216,210.65218716250936,0.0,distance_to_pickup,REALTIME,greedy,13,0,1,10,ok,0,0,0
1666235924,14,3166,226.14285714285714,14,11,3,0.7857142857142857,0.7857142857142857,785.3295521389938,71.39359564899944,0.0,distance_to_pickup,REALTIME,greedy,14,0,1,10,ok,0,3,3
1666235934,21,3155,150.23809523809524,21,20,1,0.9523809523809523,0.9523809523809523,4788.174498615786,239.40872493078933,0.0,distance_to_pickup,REALTIME,greedy,21,0,1,10,ok,0,1,1
1666235944,9,3135,348.3333333333333,9,6,3,0.6666666666666666,0.6666666666666666,128.80672696992127,21.467787828320212,0.0,distance_to_pickup,REALTIME,greedy,9,0,1,10,ok,0,3,3
1666235954,9,3129,347.6666666666667,9,7,2,0.7777777777777778,0.7777777777777778,592.3748138037988,84.62497340054269,0.0,distance_to_pickup,REALTIME,greedy,9,0,1,10,ok,0,2,2
1666235964,21,3122,148.66666666666666,21,16,5,0.7619047619047619,0.7619047619047619,3657.117827763194,228.56986423519962,0.0,distance_to_pickup,REALTIME,greedy,21,0,1,10,ok,0,5,5
1666235974,18,3106,172.55555555555554,18,13,5,0.7222222222222222,0.7222222222222222,1852.7925896068887,142.52250689283758,0.0,distance_to_pickup,REALTIME,greedy,18,0,1,10,ok,0,5,5
1666235984,22,3093,140.5909090909091,22,20,2,0.9090909090909091,0.9090909090909091,8210.208790780482,410.5104395390241,0.0,distance_to_pickup,REALTIME,greedy,22,0,1,10,ok,0,2,2
1666235994,15,3073,204.86666666666667,15,13,2,0.8666666666666667,0.8666666666666667,2565.6326464002273,197.3563574154021,0.0,distance_to_pickup,REALTIME,greedy,15,0,1,10,ok,0,2,2
1666236004,17,3061,180.05882352941177,17,16,1,0.9411764705882353,0.9411764705882353,2109.3252796321995,131.83282997701247,0.0,distance_to_pickup,REALTIME,greedy,17,0,1,10,ok,0,1,1
1666236014,13,3045,234.23076923076923,13,11,2,0.8461538461538461,0.8461538461538461,1331.7856939266044,121.0714267206004,0.0,distance_to_pickup,REALTIME,greedy,13,0,1,10,ok,0,2,2
1666236024,20,3034,151.7,20,15,5,0.75,0.75,937.9393714027002,62.52929142684668,0.0,distance_to_pickup,REALTIME,greedy,20,0,1,10,ok,0,5,5
1666236034,26,3021,116.1923076923077,26,22,4,0.8461538461538461,0.8461538461538461,3857.9574845371135,175.36170384259606,0.0,distance_to_pickup,REALTIME,greedy,26,0,1,10,ok,0,4,4
1666236044,20,3001,150.05,20,17,3,0.85,0.85,8363.763947618885,491.98611456581676,0.0,distance_to_pickup,REALTIME,greedy,20,0,1,10,ok,0,3,3
1666236054,22,2984,135.63636363636363,22,20,2,0.9090909090909091,0.9090909090909091,2456.8331133125075,122.84165566562538,0.0,distance_to_pickup,REALTIME,greedy,22,0,1,10,ok,0,2,2
1666236064,25,2964,118.56,25,23,2,0.92,0.92,1079.090626210137,46.91698374826683,0.0,distance_to_pickup,REALTIME,greedy,25,0,1,10,ok,0,2,2
1666236074,21,2941,140.04761904761904,21,17,4,0.8095238095238095,0.8095238095238095,3424.651529724924,201.45008998381905,0.0,distance_to_pickup,REALTIME,greedy,21,0,1,10,ok,0,4,4
1666236084,21,2924,139.23809523809524,21,21,0,1.0,1.0,5336.7921696603635,254.1329604600173,0.0,distance_to_pickup,REALTIME,greedy,21,0,1,10,ok,0,0,0
1666236094,15,2903,193.53333333333333,15,13,2,0.8666666666666667,0.8666666666666667,3228.4107561954575,248.3392889381121,0.0,distance_to_pickup,REALTIME,greedy,15,0,1,10,ok,0,2,2
1666236104,15,2890,192.66666666666666,15,14,1,0.9333333333333333,0.9333333333333333,10538.700390793,752.7643136280714,0.0,distance_to_pickup,REALTIME,greedy,15,0,1,10,ok,0,1,1
1666236114,21,2876,136.95238095238096,21,16,5,0.7619047619047619,0.7619047619047619,4608.072137747591,288.00450860922444,0.0,distance_to_pickup,REALTIME,greedy,21,0,1,10,ok,0,5,5
1666236124,29,2860,98.62068965517241,29,22,7,0.7586206896551724,0.7586206896551724,6052.3456631498475,275.1066210522658,0.0,distance_to_pickup,REALTIME,greedy,29,0,1,10,ok,0,7,7
1666236134,27,2838,105.11111111111111,27,27,0,1.0,1.0,9097.710242718122,336.9522312117823,0.0,distance_to_pickup,REALTIME,greedy,27,0,1,10,ok,0,0,0
1666236144,13,2811,216.23076923076923,13,11,2,0.8461538461538461,0.8461538461538461,1961.725702705111,178.33870024591917,0.0,distance_to_pickup,REALTIME,greedy,13,0,1,10,ok,0,2,2
1666236154,29,2800,96.55172413793103,29,23,6,0.7931034482758621,0.7931034482758621,9409.47784053969,409.10773219737786,0.0,distance_to_pickup,REALTIME,greedy,29,0,1,10,ok,0,6,6
1666236164,23,2777,120.73913043478261,23,19,4,0.8260869565217391,0.8260869565217391,10629.882669972934,559.4675089459439,0.0,distance_to_pickup,REALTIME,greedy,23,0,1,10,ok,0,4,4
1666236174,34,2758,81.11764705882354,34,30,4,0.8823529411764706,0.8823529411764706,5587.602664076337,186.25342213587788,0.0,distance_to_pickup,REALTIME,greedy,34,0,1,10,ok,0,4,4
1666236184,30,2729,90.96666666666667,30,28,2,0.9333333333333333,0.9333333333333333,8052.400478570356,287.58573137751273,0.0,distance_to_pickup,REALTIME,greedy,30,0,1,10,ok,0,2,2
1666236194,26,2701,103.88461538461539,26,24,2,0.9230769230769231,0.9230769230769231,4711.920216779772,196.3300090324905,0.041666666666666664,distance_to_pickup,REALTIME,greedy,26,0,1,10,ok,0,2,2
1666236204,26,2677,102.96153846153847,26,22,4,0.8461538461538461,0.8461538461538461,7228.085959933349,328.5493618151522,0.0,distance_to_pickup,REALTIME,greedy,26,0,1,10,ok,0,4,4
1666236214,32,2656,83.0,32,29,3,0.90625,0.90625,5833.42662231481,201.15264214878655,0.0,distance_to_pickup,REALTIME,greedy,32,0,1,10,ok,0,3,3
1666236224,26,2627,101.03846153846153,26,23,3,0.8846153846153846,0.8846153846153846,15896.521127797136,691.153092512919,0.043478260869565216,distance_to_pickup,REALTIME,greedy,26,0,1,10,ok,0,3,3
1666236234,17,2604,153.1764705882353,17,16,1,0.9411764705882353,0.9411764705882353,2586.987364214293,161.6867102633933,0.0,distance_to_pickup,REALTIME,greedy,17,0,1,10,ok,0,1,1
1666236244,26,2588,99.53846153846153,26,25,1,0.9615384615384616,0.9615384615384616,7813.0706493368525,312.5228259734741,0.0,distance_to_pickup,REALTIME,greedy,26,0,1,10,ok,0,1,1
1666236254,31,2563,82.6774193548387,31,27,4,0.8709677419354839,0.8709677419354839,8498.08060615661,314.74372615394856,0.0,distance_to_pickup,REALTIME,greedy,31,0,1,10,ok,0,4,4
1666236264,108,2536,23.48148148148148,108,95,13,0.8796296296296297,0.8796296296296297,34167.75658286244,359.66059560907837,0.0,distance_to_pickup,REALTIME,greedy,108,0,1,10,ok,0,13,13
1666236274,67,2441,36.43283582089552,67,58,9,0.8656716417910447,0.8656716417910447,51962.9528503775,895.9129801789225,0.0,distance_to_pickup,REALTIME,greedy,67,0,1,10,ok,0,9,9
1666236284,34,2383,70.08823529411765,34,32,2,0.9411764705882353,0.9411764705882353,17445.828642048855,545.1821450640267,0.0,distance_to_pickup,REALTIME,greedy,34,0,1,10,ok,0,2,2
1666236294,28,2351,83.96428571428571,28,25,3,0.8928571428571429,0.8928571428571429,10752.99084466678,430.11963378667116,0.0,distance_to_pickup,REALTIME,greedy,28,0,1,10,ok,0,3,3
1666236304,22,2327,105.77272727272727,22,19,3,0.8636363636363636,0.8636363636363636,9673.774528406619,509.14602781087467,0.0,distance_to_pickup,REALTIME,greedy,22,0,1,10,ok,0,3,3
1666236314,17,2464,144.94117647058823,17,14,3,0.8235294117647058,0.8235294117647058,7573.067373254626,540.9333838039018,0.0,distance_to_pickup,REALTIME,greedy,17,0,1,10,ok,0,3,3
1666236324,17,2450,144.11764705882354,17,15,2,0.8823529411764706,0.8823529411764706,5403.522914394228,360.2348609596152,0.0,distance_to_pickup,REALTIME,greedy,17,0,1,10,ok,0,2,2
1666236334,14,2436,174.0,14,11,3,0.7857142857142857,0.7857142857142857,3435.5433302986107,312.32212093623735,0.0,distance_to_pickup,REALTIME,greedy,14,0,1,10,ok,0,3,3
1666236344,17,2425,142.64705882352942,17,15,2,0.8823529411764706,0.8823529411764706,4549.949918542379,303.32999456949193,0.0,distance_to_pickup,REALTIME,greedy,17,0,1,10,ok,0,2,2
1666236354,33,2410,73.03030303030303,33,29,4,0.8787878787878788,0.8787878787878788,13457.923474508492,464.0663267071894,0.0,distance_to_pickup,REALTIME,greedy,33,0,1,10,ok,0,4,4
1666236364,33,2381,72.15151515151516,33,26,7,0.7878787878787878,0.7878787878787878,13602.71256259748,523.1812524075954,0.0,distance_to_pickup,REALTIME,greedy,33,0,1,10,ok,0,7,7
1666236374,58,2355,40.60344827586207,58,51,7,0.8793103448275862,0.8793103448275862,28737.85417611869,563.487336786641,0.0,distance_to_pickup,REALTIME,greedy,58,0,1,10,ok,0,7,7
1666236384,120,2304,19.2,120,107,13,0.8916666666666667,0.8916666666666667,67736.91279161848,633.0552597347522,0.0,distance_to_pickup,REALTIME,greedy,120,0,1,10,ok,0,13,13
1666236394,93,2198,23.634408602150536,93,78,15,0.8387096774193549,0.8387096774193549,48680.164166535105,624.1046688017321,0.0,distance_to_pickup,REALTIME,greedy,93,0,1,10,ok,0,15,15
1666236404,36,2121,58.916666666666664,36,32,4,0.8888888888888888,0.8888888888888888,33331.22056178491,1041.6006425557784,0.0,distance_to_pickup,REALTIME,greedy,36,0,1,10,ok,0,4,4
1666236414,27,2089,77.37037037037037,27,24,3,0.8888888888888888,0.8888888888888888,22787.597998130557,949.4832499221066,0.0,distance_to_pickup,REALTIME,greedy,27,0,1,10,ok,0,3,3
1666236424,8,2066,258.25,8,7,1,0.875,0.875,6763.653982607155,966.2362832295936,0.0,distance_to_pickup,REALTIME,greedy,8,0,1,10,ok,0,1,1
1666236434,6,2078,346.3333333333333,6,6,0,1.0,1.0,5169.1557802694415,861.5259633782402,0.0,distance_to_pickup,REALTIME,greedy,6,0,1,10,ok,0,0,0
1666236444,6,2073,345.5,6,6,0,1.0,1.0,5311.829134760621,885.3048557934368,0.0,distance_to_pickup,REALTIME,greedy,6,0,1,10,ok,0,0,0
1666236454,9,2067,229.66666666666666,9,7,2,0.7777777777777778,0.7777777777777778,2452.9552415537596,350.4221773648228,0.0,distance_to_pickup,REALTIME,greedy,9,0,1,10,ok,0,2,2
1666236464,14,2060,147.14285714285714,14,11,3,0.7857142857142857,0.7857142857142857,5458.071484444203,496.1883167676548,0.0,distance_to_pickup,REALTIME,greedy,14,0,1,10,ok,0,3,3
1666236474,11,2049,186.27272727272728,11,7,4,0.6363636363636364,0.6363636363636364,3706.3609674579457,529.4801382082779,0.0,distance_to_pickup,REALTIME,greedy,11,0,1,10,ok,0,4,4
1666236484,15,2044,136.26666666666668,15,13,2,0.8666666666666667,0.8666666666666667,8904.02951420189,684.9253472462992,0.0,distance_to_pickup,REALTIME,greedy,15,0,1,10,ok,0,2,2
1666236494,6,2032,338.6666666666667,6,4,2,0.6666666666666666,0.6666666666666666,10842.772995811729,2710.693248952932,0.0,distance_to_pickup,REALTIME,greedy,6,0,1,10,ok,0,2,2
1666236504,15,2029,135.26666666666668,15,12,3,0.8,0.8,1545.440526079541,128.78671050662842,0.0,distance_to_pickup,REALTIME,greedy,15,0,1,10,ok,0,3,3
1666236514,9,2018,224.22222222222223,9,7,2,0.7777777777777778,0.7777777777777778,11955.95608044387,1707.9937257776958,0.0,distance_to_pickup,REALTIME,greedy,9,0,1,10,ok,0,2,2
1666236524,10,2011,201.1,10,9,1,0.9,0.9,3619.5293096119244,402.16992329021383,0.0,distance_to_pickup,REALTIME,greedy,10,0,1,10,ok,0,1,1
1666236534,10,2003,200.3,10,8,2,0.8,0.8,3070.926471236903,383.8658089046129,0.0,distance_to_pickup,REALTIME,greedy,10,0,1,10,ok,0,2,2
1666236544,23,1995,86.73913043478261,23,21,2,0.9130434782608695,0.9130434782608695,24504.235765655412,1166.8683697931149,0.0,distance_to_pickup,REALTIME,greedy,23,0,1,10,ok,0,2,2
1666236554,34,1975,58.088235294117645,34,30,4,0.8823529411764706,0.8823529411764706,34491.62777634063,1149.720925878021,0.0,distance_to_pickup,REALTIME,greedy,34,0,1,10,ok,0,4,4
1666236564,121,1945,16.074380165289256,121,103,18,0.8512396694214877,0.8512396694214877,108777.28593808966,1056.0901547387346,0.009708737864077669,distance_to_pickup,REALTIME,greedy,121,0,1,10,ok,0,18,18
1666236574,113,1843,16.309734513274336,113,96,17,0.8495575221238938,0.8495575221238938,120084.0900563173,1250.8759380866386,0.010416666666666666,distance_to_pickup,REALTIME,greedy,113,0,1,10,ok,0,17,17
1666236584,29,1748,60.275862068965516,29,26,3,0.896551724137931,0.896551724137931,34425.996680302895,1324.0767953962652,0.038461538461538464,distance_to_pickup,REALTIME,greedy,29,0,1,10,ok,0,3,3
1666236594,17,1723,101.3529411764706,17,14,3,0.8235294117647058,0.8235294117647058,25180.84526876798,1798.6318049119984,0.0,distance_to_pickup,REALTIME,greedy,17,0,1,10,ok,0,3,3
1666236604,7,1709,244.14285714285714,7,5,2,0.7142857142857143,0.7142857142857143,16407.338186094363,3281.4676372188724,0.0,distance_to_pickup,REALTIME,greedy,7,0,1,10,ok,0,2,2
1666236614,2,1709,854.5,2,2,0,1.0,1.0,14501.639761714654,7250.819880857327,0.0,distance_to_pickup,REALTIME,greedy,2,0,1,10,ok,0,0,0
1666269724,1,3633,3633.0,1,1,0,1.0,1.0,1455.6706185027201,1455.6706185027201,0.0,distance_to_pickup,REALTIME,greedy,1,0,1,10,ok,0,0,0
1666274394,1,3633,3633.0,1,1,0,1.0,1.0,67.64203476545832,67.64203476545832,0.0,distance_to_pickup,REALTIME,greedy,1,0,1,10,ok,0,0,0
1666280424,1,3633,3633.0,1,1,0,1.0,1.0,539.3395689363714,539.3395689363714,0.0,distance_to_pickup,REALTIME,greedy,1,0,1,10,ok,0,0,0
1666282404,1,3633,3633.0,1,1,0,1.0,1.0,0.472898830976533,0.472898830976533,0.0,distance_to_pickup,REALTIME,greedy,1,0,1,10,ok,0,0,0
1666303954,1,3633,3633.0,1,1,0,1.0,1.0,770.6329965466515,770.6329965466515,0.0,distance_to_pickup,REALTIME,greedy,1,0,1,10,ok,0,0,0
1666309904,1,3633,3633.0,1,1,0,1.0,1.0,936.7454295961084,936.7454295961084,0.0,distance_to_pickup,REALTIME,greedy,1,0,1,10,ok,0,0,0
1666312984,1,3633,3633.0,1,1,0,1.0,1.0,157.11177468594073,157.11177468594073,0.0,distance_to_pickup,REALTIME,greedy,1,0,1,10,ok,0,0,0
1666313804,1,3632,3632.0,1,1,0,1.0,1.0,0.007284219940565683,0.007284219940565683,0.0,distance_to_pickup,REALTIME,greedy,1,0,1,10,ok,0,0,0
1666313814,1,3631,3631.0,1,0,1,0.0,0.0,0,0,0.0,distance_to_pickup,REALTIME,greedy,1,0,1,10,ok,0,1,1
1666313824,1,3631,3631.0,1,1,0,1.0,1.0,203.0492551082126,203.0492551082126,0.0,distance_to_pickup,REALTIME,greedy,1,0,1,10,ok,0,0,0
1666314944,1,3631,3631.0,1,1,0,1.0,1.0,3.0719530773294423e-08,3.0719530773294423e-08,0.0,distance_to_pickup,REALTIME,greedy,1,0,1,10,ok,0,0,0
1666315214,1,3630,3630.0,1,1,0,1.0,1.0,682.2939249326496,682.2939249326496,0.0,distance_to_pickup,REALTIME,greedy,1,0,1,10,ok,0,0,0
1666315494,1,3631,3631.0,1,1,0,1.0,1.0,567.870624524716,567.870624524716,0.0,distance_to_pickup,REALTIME,greedy,1,0,1,10,ok,0,0,0
1666315854,1,3630,3630.0,1,1,0,1.0,1.0,10.679064710341363,10.679064710341363,0.0,distance_to_pickup,REALTIME,greedy,1,0,1,10,ok,0,0,0
1666317084,1,3632,3632.0,1,1,0,1.0,1.0,295.3134941315716,295.3134941315716,0.0,distance_to_pickup,REALTIME,greedy,1,0,1,10,ok,0,0,0
1666317104,1,3631,3631.0,1,1,0,1.0,1.0,888.0012403317787,888.0012403317787,0.0,distance_to_pickup,REALTIME,greedy,1,0,1,10,ok,0,0,0
1666317524,2,3631,1815.5,2,2,0,1.0,1.0,68.87915603543016,34.43957801771508,0.0,distance_to_pickup,REALTIME,greedy,2,0,1,10,ok,0,0,0
1666317584,1,3629,3629.0,1,1,0,1.0,1.0,242.06936043431915,242.06936043431915,0.0,distance_to_pickup,REALTIME,greedy,1,0,1,10,ok,0,0,0
1666317594,1,3628,3628.0,1,1,0,1.0,1.0,163.37335512946117,163.37335512946117,0.0,distance_to_pickup,REALTIME,greedy,1,0,1,10,ok,0,0,0
1666317854,1,3627,3627.0,1,1,0,1.0,1.0,110.08590382135918,110.08590382135918,0.0,distance_to_pickup,REALTIME,greedy,1,0,1,10,ok,0,0,0
1666318224,1,3626,3626.0,1,1,0,1.0,1.0,0.016910509871848736,0.016910509871848736,0.0,distance_to_pickup,REALTIME,greedy,1,0,1,10,ok,0,0,0
1666318344,1,3625,3625.0,1,1,0,1.0,1.0,4.220611599565839,4.220611599565839,0.0,distance_to_pickup,REALTIME,greedy,1,0,1,10,ok,0,0,0
1666318464,1,3624,3624.0,1,1,0,1.0,1.0,660.018746058542,660.018746058542,0.0,distance_to_pickup,REALTIME,greedy,1,0,1,10,ok,0,0,0
1666318474,1,3623,3623.0,1,0,1,0.0,0.0,0,0,0.0,distance_to_pickup,REALTIME,greedy,1,0,1,10,ok,0,1,1
1666318484,1,3623,3623.0,1,1,0,1.0,1.0,6.143906154658885e-08,6.143906154658885e-08,0.0,distance_to_pickup,REALTIME,greedy,1,0,1,10,ok,0,0,0
1666318524,1,3622,3622.0,1,1,0,1.0,1.0,824.2772591792158,824.2772591792158,0.0,distance_to_pickup,REALTIME,greedy,1,0,1,10,ok,0,0,0
1666318624,1,3623,3623.0,1,1,0,1.0,1.0,352.2392824488627,352.2392824488627,0.0,distance_to_pickup,REALTIME,greedy,1,0,1,10,ok,0,0,0
1666318644,2,3622,1811.0,2,2,0,1.0,1.0,433.0041246244995,216.50206231224976,0.0,distance_to_pickup,REALTIME,greedy,2,0,1,10,ok,0,0,0
1666318654,1,3620,3620.0,1,1,0,1.0,1.0,59.35002708801045,59.35002708801045,0.0,distance_to_pickup,REALTIME,greedy,1,0,1,10,ok,0,0,0
1666318664,2,3619,1809.5,2,1,1,0.5,0.5,3.0719530773294423e-08,3.0719530773294423e-08,0.0,distance_to_pickup,REALTIME,greedy,2,0,1,10,ok,0,1,1
1666318674,1,3618,3618.0,1,1,0,1.0,1.0,45.34313619501854,45.34313619501854,0.0,distance_to_pickup,REALTIME,greedy,1,0,1,10,ok,0,0,0
1666318684,1,3617,3617.0,1,0,1,0.0,0.0,0,0,0.0,distance_to_pickup,REALTIME,greedy,1,0,1,10,ok,0,1,1
1666318694,1,3617,3617.0,1,1,0,1.0,1.0,0.012833580708634645,0.012833580708634645,0.0,distance_to_pickup,REALTIME,greedy,1,0,1,10,ok,0,0,0
1666318704,1,3616,3616.0,1,1,0,1.0,1.0,53.06853804097144,53.06853804097144,0.0,distance_to_pickup,REALTIME,greedy,1,0,1,10,ok,0,0,0
1666318774,1,3615,3615.0,1,1,0,1.0,1.0,111.66467659918243,111.66467659918243,0.0,distance_to_pickup,REALTIME,greedy,1,0,1,10,ok,0,0,0
1666318864,1,3614,3614.0,1,1,0,1.0,1.0,195.00856238780682,195.00856238780682,0.0,distance_to_pickup,REALTIME,greedy,1,0,1,10,ok,0,0,0
1666318874,1,3613,3613.0,1,1,0,1.0,1.0,824.9169655183484,824.9169655183484,0.0,distance_to_pickup,REALTIME,greedy,1,0,1,10,ok,0,0,0
1666318914,1,3612,3612.0,1,1,0,1.0,1.0,462.3126647627123,462.3126647627123,0.0,distance_to_pickup,REALTIME,greedy,1,0,1,10,ok,0,0,0
1666318944,1,3611,3611.0,1,1,0,1.0,1.0,0.0021529883549970034,0.0021529883549970034,0.0,distance_to_pickup,REALTIME,greedy,1,0,1,10,ok,0,0,0
1666319354,1,3615,3615.0,1,0,1,0.0,0.0,0,0,0.0,distance_to_pickup,REALTIME,greedy,1,0,1,10,ok,0,1,1
1666319364,1,3615,3615.0,1,1,0,1.0,1.0,0.004500637997348766,0.004500637997348766,0.0,distance_to_pickup,REALTIME,greedy,1,0,1,10,ok,0,0,0
1666319434,1,3614,3614.0,1,1,0,1.0,1.0,54.172964989325315,54.172964989325315,0.0,distance_to_pickup,REALTIME,greedy,1,0,1,10,ok,0,0,0
1666319484,1,3613,3613.0,1,1,0,1.0,1.0,1502.7576346663834,1502.7576346663834,0.0,distance_to_pickup,REALTIME,greedy,1,0,1,10,ok,0,0,0
1666319504,1,3612,3612.0,1,1,0,1.0,1.0,168.98771773669,168.98771773669,0.0,distance_to_pickup,REALTIME,greedy,1,0,1,10,ok,0,0,0
1666319534,1,3611,3611.0,1,1,0,1.0,1.0,46.41450508159374,46.41450508159374,0.0,distance_to_pickup,REALTIME,greedy,1,0,1,10,ok,0,0,0
1666319554,1,3610,3610.0,1,1,0,1.0,1.0,323.15677667024136,323.15677667024136,0.0,distance_to_pickup,REALTIME,greedy,1,0,1,10,ok,0,0,0
1666319584,1,3609,3609.0,1,0,1,0.0,0.0,0,0,0.0,distance_to_pickup,REALTIME,greedy,1,0,1,10,ok,0,1,1
1666319594,1,3609,3609.0,1,1,0,1.0,1.0,118.3427226321923,118.3427226321923,0.0,distance_to_pickup,REALTIME,greedy,1,0,1,10,ok,0,0,0
1666319624,1,3608,3608.0,1,1,0,1.0,1.0,3.0719530773294423e-08,3.0719530773294423e-08,0.0,distance_to_pickup,REALTIME,greedy,1,0,1,10,ok,0,0,0
1666319644,1,3607,3607.0,1,1,0,1.0,1.0,0.0,0.0,0.0,distance_to_pickup,REALTIME,greedy,1,0,1,10,ok,0,0,0
1666319704,1,3607,3607.0,1,1,0,1.0,1.0,431.08371069273494,431.08371069273494,0.0,distance_to_pickup,REALTIME,greedy,1,0,1,10,ok,0,0,0
1666319794,1,3606,3606.0,1,1,0,1.0,1.0,9.215859231988326e-08,9.215859231988326e-08,0.0,distance_to_pickup,REALTIME,greedy,1,0,1,10,ok,0,0,0
1666319904,1,3606,3606.0,1,1,0,1.0,1.0,0.0,0.0,0.0,distance_to_pickup,REALTIME,greedy,1,0,1,10,ok,0,0,0
1666320044,1,3608,3608.0,1,1,0,1.0,1.0,0.00037443193569408953,0.00037443193569408953,0.0,distance_to_pickup,REALTIME,greedy,1,0,1,10,ok,0,0,0
1666320074,1,3607,3607.0,1,1,0,1.0,1.0,1383.018800412863,1383.018800412863,0.0,distance_to_pickup,REALTIME,greedy,1,0,1,10,ok,0,0,0
1666320084,1,3607,3607.0,1,1,0,1.0,1.0,27.018512116509402,27.018512116509402,0.0,distance_to_pickup,REALTIME,greedy,1,0,1,10,ok,0,0,0
1666320234,2,3614,1807.0,2,2,0,1.0,1.0,37.021990931728,18.510995465864,0.0,distance_to_pickup,REALTIME,greedy,2,0,1,10,ok,0,0,0
1666320274,1,3612,3612.0,1,0,1,0.0,0.0,0,0,0.0,distance_to_pickup,REALTIME,greedy,1,0,1,10,ok,0,1,1
1666320284,1,3612,3612.0,1,1,0,1.0,1.0,3.0719530773294423e-08,3.0719530773294423e-08,0.0,distance_to_pickup,REALTIME,greedy,1,0,1,10,ok,0,0,0
1666320334,1,3613,3613.0,1,1,0,1.0,1.0,1.8592423410626714e-05,1.8592423410626714e-05,0.0,distance_to_pickup,REALTIME,greedy,1,0,1,10,ok,0,0,0
1666320344,1,3612,3612.0,1,1,0,1.0,1.0,26.49182652298676,26.49182652298676,0.0,distance_to_pickup,REALTIME,greedy,1,0,1,10,ok,0,0,0
1666320384,1,3612,3612.0,1,1,0,1.0,1.0,1055.2771912587832,1055.2771912587832,0.0,distance_to_pickup,REALTIME,greedy,1,0,1,10,ok,0,0,0
1666320404,1,3612,3612.0,1,1,0,1.0,1.0,0.0,0.0,0.0,distance_to_pickup,REALTIME,greedy,1,0,1,10,ok,0,0,0
1666320444,1,3611,3611.0,1,1,0,1.0,1.0,175.27610647774887,175.27610647774887,0.0,distance_to_pickup,REALTIME,greedy,1,0,1,10,ok,0,0,0
1666320514,1,3610,3610.0,1,1,0,1.0,1.0,639.1996575640562,639.1996575640562,0.0,distance_to_pickup,REALTIME,greedy,1,0,1,10,ok,0,0,0
1666320684,1,3609,3609.0,1,1,0,1.0,1.0,187.6874337488882,187.6874337488882,0.0,distance_to_pickup,REALTIME,greedy,1,0,1,10,ok,0,0,0
1666320784,1,3608,3608.0,1,1,0,1.0,1.0,24.92403338219004,24.92403338219004,0.0,distance_to_pickup,REALTIME,greedy,1,0,1,10,ok,0,0,0
1666320814,2,3607,1803.5,2,2,0,1.0,1.0,346.520040192578,173.260020096289,0.0,distance_to_pickup,REALTIME,greedy,2,0,1,10,ok,0,0,0
1666320824,1,3606,3606.0,1,1,0,1.0,1.0,57.102785375904055,57.102785375904055,0.0,distance_to_pickup,REALTIME,greedy,1,0,1,10,ok,0,0,0
1666320874,1,3605,3605.0,1,1,0,1.0,1.0,408.4060384289014,408.4060384289014,0.0,distance_to_pickup,REALTIME,greedy,1,0,1,10,ok,0,0,0
1666320914,1,3605,3605.0,1,1,0,1.0,1.0,126.66784050095394,126.66784050095394,0.0,distance_to_pickup,REALTIME,greedy,1,0,1,10,ok,0,0,0
1666320934,1,3604,3604.0,1,1,0,1.0,1.0,158.83065721207225,158.83065721207225,0.0,distance_to_pickup,REALTIME,greedy,1,0,1,10,ok,0,0,0
1666320974,1,3605,3605.0,1,0,1,0.0,0.0,0,0,0.0,distance_to_pickup,REALTIME,greedy,1,0,1,10,ok,0,1,1
1666320984,3,3605,1201.6666666666667,3,3,0,1.0,1.0,948.5931246017167,316.1977082005722,0.0,distance_to_pickup,REALTIME,greedy,3,0,1,10,ok,0,0,0
1666320994,1,3603,3603.0,1,1,0,1.0,1.0,99.20181453025229,99.20181453025229,0.0,distance_to_pickup,REALTIME,greedy,1,0,1,10,ok,0,0,0
1666321004,1,3602,3602.0,1,1,0,1.0,1.0,239.25094934101023,239.25094934101023,0.0,distance_to_pickup,REALTIME,greedy,1,0,1,10,ok,0,0,0
1666321024,1,3602,3602.0,1,1,0,1.0,1.0,3.811147930235456e-05,3.811147930235456e-05,0.0,distance_to_pickup,REALTIME,greedy,1,0,1,10,ok,0,0,0
1666321044,1,3601,3601.0,1,0,1,0.0,0.0,0,0,0.0,distance_to_pickup,REALTIME,greedy,1,0,1,10,ok,0,1,1
1666321054,1,3602,3602.0,1,1,0,1.0,1.0,1.0743035866155404,1.0743035866155404,0.0,distance_to_pickup,REALTIME,greedy,1,0,1,10,ok,0,0,0
1666321064,1,3601,3601.0,1,1,0,1.0,1.0,0.03536221280501478,0.03536221280501478,0.0,distance_to_pickup,REALTIME,greedy,1,0,1,10,ok,0,0,0
1666321084,1,3601,3601.0,1,1,0,1.0,1.0,1.1908591860295628e-05,1.1908591860295628e-05,0.0,distance_to_pickup,REALTIME,greedy,1,0,1,10,ok,0,0,0
1666321134,1,3601,3601.0,1,1,0,1.0,1.0,101.00582080175778,101.00582080175778,0.0,distance_to_pickup,REALTIME,greedy,1,0,1,10,ok,0,0,0
1666321164,1,3601,3601.0,1,1,0,1.0,1.0,41.43594210164339,41.43594210164339,0.0,distance_to_pickup,REALTIME,greedy,1,0,1,10,ok,0,0,0
1666321194,1,3600,3600.0,1,1,0,1.0,1.0,554.2569598374195,554.2569598374195,0.0,distance_to_pickup,REALTIME,greedy,1,0,1,10,ok,0,0,0
1666321204,1,3599,3599.0,1,1,0,1.0,1.0,914.4899464719906,914.4899464719906,0.0,distance_to_pickup,REALTIME,greedy,1,0,1,10,ok,0,0,0
1666321214,2,3598,1799.0,2,2,0,1.0,1.0,785.7286649698657,392.86433248493285,0.0,distance_to_pickup,REALTIME,greedy,2,0,1,10,ok,0,0,0
1666321224,1,3596,3596.0,1,1,0,1.0,1.0,6.082866268918044,6.082866268918044,0.0,distance_to_pickup,REALTIME,greedy,1,0,1,10,ok,0,0,0
1666321374,1,3597,3597.0,1,0,1,0.0,0.0,0,0,0.0,distance_to_pickup,REALTIME,greedy,1,0,1,10,ok,0,1,1
1666321384,1,3597,3597.0,1,1,0,1.0,1.0,358.69870840036276,358.69870840036276,0.0,distance_to_pickup,REALTIME,greedy,1,0,1,10,ok,0,0,0
1666321414,1,3596,3596.0,1,1,0,1.0,1.0,0.000721433447735337,0.000721433447735337,0.0,distance_to_pickup,REALTIME,greedy,1,0,1,10,ok,0,0,0
1666321464,1,3595,3595.0,1,1,0,1.0,1.0,1.6372490864810012,1.6372490864810012,0.0,distance_to_pickup,REALTIME,greedy,1,0,1,10,ok,0,0,0
1666321474,1,3594,3594.0,1,0,1,0.0,0.0,0,0,0.0,distance_to_pickup,REALTIME,greedy,1,0,1,10,ok,0,1,1
1666321484,2,3594,1797.0,2,2,0,1.0,1.0,1311.6412366354766,655.8206183177383,0.0,distance_to_pickup,REALTIME,greedy,2,0,1,10,ok,0,0,0
1666321514,2,3593,1796.5,2,1,1,0.5,0.5,1.228781230931777e-07,1.228781230931777e-07,0.0,distance_to_pickup,REALTIME,greedy,2,0,1,10,ok,0,1,1
1666321524,1,3592,3592.0,1,1,0,1.0,1.0,1.7049403127330445,1.7049403127330445,0.0,distance_to_pickup,REALTIME,greedy,1,0,1,10,ok,0,0,0
1666321534,2,3592,1796.0,2,1,1,0.5,0.5,0.0898572686418462,0.0898572686418462,0.0,distance_to_pickup,REALTIME,greedy,2,0,1,10,ok,0,1,1
1666321544,3,3592,1197.3333333333333,3,3,0,1.0,1.0,633.2870260897977,211.09567536326588,0.0,distance_to_pickup,REALTIME,greedy,3,0,1,10,ok,0,0,0
1666321564,1,3589,3589.0,1,1,0,1.0,1.0,0.4031247005828102,0.4031247005828102,0.0,distance_to_pickup,REALTIME,greedy,1,0,1,10,ok,0,0,0
1666321584,1,3588,3588.0,1,1,0,1.0,1.0,5.000155635652129e-06,5.000155635652129e-06,0.0,distance_to_pickup,REALTIME,greedy,1,0,1,10,ok,0,0,0
1666321604,1,3587,3587.0,1,1,0,1.0,1.0,9.215859231988326e-08,9.215859231988326e-08,0.0,distance_to_pickup,REALTIME,greedy,1,0,1,10,ok,0,0,0
1666321614,1,3586,3586.0,1,1,0,1.0,1.0,704.3004805044638,704.3004805044638,0.0,distance_to_pickup,REALTIME,greedy,1,0,1,10,ok,0,0,0
1666321624,1,3585,3585.0,1,1,0,1.0,1.0,432.09788073008167,432.09788073008167,0.0,distance_to_pickup,REALTIME,greedy,1,0,1,10,ok,0,0,0
1666321644,1,3584,3584.0,1,1,0,1.0,1.0,3.0719530773294423e-08,3.0719530773294423e-08,0.0,distance_to_pickup,REALTIME,greedy,1,0,1,10,ok,0,0,0
1666321664,4,3583,895.75,4,4,0,1.0,1.0,1387.5822446001357,346.8955611500339,0.0,distance_to_pickup,REALTIME,greedy,4,0,1,10,ok,0,0,0
1666321674,1,3579,3579.0,1,1,0,1.0,1.0,3.0719530773294423e-08,3.0719530773294423e-08,0.0,distance_to_pickup,REALTIME,greedy,1,0,1,10,ok,0,0,0
1666321684,2,3578,1789.0,2,2,0,1.0,1.0,412.42243835226736,206.21121917613368,0.0,distance_to_pickup,REALTIME,greedy,2,0,1,10,ok,0,0,0
1666321694,1,3578,3578.0,1,0,1,0.0,0.0,0,0,0.0,distance_to_pickup,REALTIME,greedy,1,0,1,10,ok,0,1,1
1666321704,3,3578,1192.6666666666667,3,2,1,0.6666666666666666,0.6666666666666666,616.4963585557816,308.2481792778908,0.0,distance_to_pickup,REALTIME,greedy,3,0,1,10,ok,0,1,1
1666321714,1,3576,3576.0,1,1,0,1.0,1.0,1.6858739404357614e-07,1.6858739404357614e-07,0.0,distance_to_pickup,REALTIME,greedy,1,0,1,10,ok,0,0,0
1666321724,3,3575,1191.6666666666667,3,2,1,0.6666666666666666,0.6666666666666666,134.2760657739057,67.13803288695286,0.0,distance_to_pickup,REALTIME,greedy,3,0,1,10,ok,0,1,1
1666321734,2,3573,1786.5,2,2,0,1.0,1.0,1.3628110770112455e-05,6.814055385056228e-06,0.0,distance_to_pickup,REALTIME,greedy,2,0,1,10,ok,0,0,0
1666321744,1,3572,3572.0,1,1,0,1.0,1.0,1.228781230931777e-07,1.228781230931777e-07,0.0,distance_to_pickup,REALTIME,greedy,1,0,1,10,ok,0,0,0
1666321754,1,3571,3571.0,1,1,0,1.0,1.0,8.48187409640787,8.48187409640787,0.0,distance_to_pickup,REALTIME,greedy,1,0,1,10,ok,0,0,0
1666321774,1,3570,3570.0,1,0,1,0.0,0.0,0,0,0.0,distance_to_pickup,REALTIME,greedy,1,0,1,10,ok,0,1,1
1666321784,5,3570,714.0,5,3,2,0.6,0.6,1149.0744391831267,383.02481306104227,0.0,distance_to_pickup,REALTIME,greedy,5,0,1,10,ok,0,2,2
1666321794,2,3568,1784.0,2,2,0,1.0,1.0,7.371597922238335e-05,3.6857989611191675e-05,0.0,distance_to_pickup,REALTIME,greedy,2,0,1,10,ok,0,0,0
1666321804,1,3567,3567.0,1,1,0,1.0,1.0,168.0086424508934,168.0086424508934,0.0,distance_to_pickup,REALTIME,greedy,1,0,1,10,ok,0,0,0
1666321814,3,3566,1188.6666666666667,3,2,1,0.6666666666666666,0.6666666666666666,1.8077050707287126,0.9038525353643563,0.0,distance_to_pickup,REALTIME,greedy,3,0,1,10,ok,0,1,1
1666321824,3,3564,1188.0,3,2,1,0.6666666666666666,0.6666666666666666,1.0989001303677666,0.5494500651838833,0.0,distance_to_pickup,REALTIME,greedy,3,0,1,10,ok,0,1,1
1666321834,4,3562,890.5,4,4,0,1.0,1.0,160.40438020816407,40.10109505204102,0.0,distance_to_pickup,REALTIME,greedy,4,0,1,10,ok,0,0,0
1666321844,4,3559,889.75,4,4,0,1.0,1.0,277.6260240168247,69.40650600420618,0.0,distance_to_pickup,REALTIME,greedy,4,0,1,10,ok,0,0,0
1666321854,3,3555,1185.0,3,1,2,0.3333333333333333,0.3333333333333333,3.853559141439523,3.853559141439523,0.0,distance_to_pickup,REALTIME,greedy,3,0,1,10,ok,0,2,2
1666321864,6,3555,592.5,6,5,1,0.8333333333333334,0.8333333333333334,50.53018773249986,10.106037546499973,0.0,distance_to_pickup,REALTIME,greedy,6,0,1,10,ok,0,1,1
1666321874,4,3550,887.5,4,4,0,1.0,1.0,336.2111928923855,84.05279822309637,0.0,distance_to_pickup,REALTIME,greedy,4,0,1,10,ok,0,0,0
1666321884,3,3546,1182.0,3,3,0,1.0,1.0,439.771135184567,146.59037839485566,0.0,distance_to_pickup,REALTIME,greedy,3,0,1,10,ok,0,0,0
1666321894,2,3543,1771.5,2,2,0,1.0,1.0,0.0002782879963126157,0.00013914399815630784,0.0,distance_to_pickup,REALTIME,greedy,2,0,1,10,ok,0,0,0
1666321904,3,3542,1180.6666666666667,3,3,0,1.0,1.0,293.70317155466574,97.90105718488859,0.0,distance_to_pickup,REALTIME,greedy,3,0,1,10,ok,0,0,0
1666321924,4,3539,884.75,4,4,0,1.0,1.0,2492.2564035846503,623.0641008961626,0.0,distance_to_pickup,REALTIME,greedy,4,0,1,10,ok,0,0,0
1666321934,4,3535,883.75,4,4,0,1.0,1.0,10.585491235153297,2.6463728087883243,0.0,distance_to_pickup,REALTIME,greedy,4,0,1,10,ok,0,0,0
1666321944,3,3531,1177.0,3,3,0,1.0,1.0,200.56515333175466,66.85505111058488,0.0,distance_to_pickup,REALTIME,greedy,3,0,1,10,ok,0,0,0
1666321954,2,3528,1764.0,2,2,0,1.0,1.0,219.91178500995008,109.95589250497504,0.0,distance_to_pickup,REALTIME,greedy,2,0,1,10,ok,0,0,0
1666321964,4,3526,881.5,4,4,0,1.0,1.0,0.3600711449544115,0.09001778623860288,0.0,distance_to_pickup,REALTIME,greedy,4,0,1,10,ok,0,0,0
1666321974,4,3523,880.75,4,4,0,1.0,1.0,258.8561461928658,64.71403654821646,0.0,distance_to_pickup,REALTIME,greedy,4,0,1,10,ok,0,0,0
1666321984,2,3519,1759.5,2,2,0,1.0,1.0,1.8431718463976653e-07,9.215859231988326e-08,0.0,distance_to_pickup,REALTIME,greedy,2,0,1,10,ok,0,0,0
1666321994,4,3517,879.25,4,2,2,0.5,0.5,362.6403455644217,181.32017278221085,0.0,distance_to_pickup,REALTIME,greedy,4,0,1,10,ok,0,2,2
1666322004,4,3515,878.75,4,4,0,1.0,1.0,361.83595273647177,90.45898818411794,0.0,distance_to_pickup,REALTIME,greedy,4,0,1,10,ok,0,0,0
1666322014,3,3511,1170.3333333333333,3,2,1,0.6666666666666666,0.6666666666666666,63.81222528845226,31.90611264422613,0.0,distance_to_pickup,REALTIME,greedy,3,0,1,10,ok,0,1,1
1666322024,5,3509,701.8,5,4,1,0.8,0.8,2069.596734246911,517.3991835617278,0.0,distance_to_pickup,REALTIME,greedy,5,0,1,10,ok,0,1,1
1666322034,7,3505,500.7142857142857,7,5,2,0.7142857142857143,0.7142857142857143,61.42958175313547,12.285916350627094,0.0,distance_to_pickup,REALTIME,greedy,7,0,1,10,ok,0,2,2
1666322044,6,3500,583.3333333333334,6,6,0,1.0,1.0,547.9469817363218,91.32449695605364,0.0,distance_to_pickup,REALTIME,greedy,6,0,1,10,ok,0,0,0
1666322054,3,3494,1164.6666666666667,3,2,1,0.6666666666666666,0.6666666666666666,765.2767125550897,382.63835627754486,0.0,distance_to_pickup,REALTIME,greedy,3,0,1,10,ok,0,1,1
1666322064,9,3492,388.0,9,8,1,0.8888888888888888,0.8888888888888888,739.5839958966801,92.44799948708501,0.0,distance_to_pickup,REALTIME,greedy,9,0,1,10,ok,0,1,1
1666322074,7,3484,497.7142857142857,7,6,1,0.8571428571428571,0.8571428571428571,3044.127413814353,507.35456896905885,0.0,distance_to_pickup,REALTIME,greedy,7,0,1,10,ok,0,1,1
1666322084,5,3478,695.6,5,5,0,1.0,1.0,733.3477685005599,146.66955370011198,0.0,distance_to_pickup,REALTIME,greedy,5,0,1,10,ok,0,0,0
1666322094,5,3473,694.6,5,5,0,1.0,1.0,1441.1154101886216,288.22308203772434,0.2,distance_to_pickup,REALTIME,greedy,5,0,1,10,ok,0,0,0
1666322104,7,3468,495.42857142857144,7,4,3,0.5714285714285714,0.5714285714285714,220.52002527166596,55.13000631791649,0.0,distance_to_pickup,REALTIME,greedy,7,0,1,10,ok,0,3,3
1666322114,11,3464,314.90909090909093,11,11,0,1.0,1.0,725.8139655487769,65.98308777716153,0.0,distance_to_pickup,REALTIME,greedy,11,0,1,10,ok,0,0,0
1666322124,3,3453,1151.0,3,2,1,0.6666666666666666,0.6666666666666666,1.535976538664721e-07,7.679882693323605e-08,0.0,distance_to_pickup,REALTIME,greedy,3,0,1,10,ok,0,1,1
1666322134,7,3451,493.0,7,3,4,0.42857142857142855,0.42857142857142855,357.5478319731723,119.18261065772411,0.0,distance_to_pickup,REALTIME,greedy,7,0,1,10,ok,0,4,4
1666322144,9,3449,383.22222222222223,9,9,0,1.0,1.0,164.06833973792422,18.229815526436024,0.0,distance_to_pickup,REALTIME,greedy,9,0,1,10,ok,0,0,0
1666322154,7,3440,491.42857142857144,7,5,2,0.7142857142857143,0.7142857142857143,663.5322230979295,132.7064446195859,0.0,distance_to_pickup,REALTIME,greedy,7,0,1,10,ok,0,2,2
1666322164,11,3435,312.27272727272725,11,10,1,0.9090909090909091,0.9090909090909091,916.8416324151258,91.68416324151258,0.0,distance_to_pickup,REALTIME,greedy,11,0,1,10,ok,0,1,1
1666322174,9,3425,380.55555555555554,9,8,1,0.8888888888888888,0.8888888888888888,1059.7405339594825,132.4675667449353,0.0,distance_to_pickup,REALTIME,greedy,9,0,1,10,ok,0,1,1
1666322184,9,3417,379.6666666666667,9,8,1,0.8888888888888888,0.8888888888888888,1878.757022703597,234.84462783794962,0.0,distance_to_pickup,REALTIME,greedy,9,0,1,10,ok,0,1,1
1666322194,11,3409,309.90909090909093,11,7,4,0.6363636363636364,0.6363636363636364,885.9998839429084,126.57141199184404,0.0,distance_to_pickup,REALTIME,greedy,11,0,1,10,ok,0,4,4
1666322204,13,3402,261.6923076923077,13,13,0,1.0,1.0,2434.8439145594316,187.2956857353409,0.0,distance_to_pickup,REALTIME,greedy,13,0,1,10,ok,0,0,0
1666322214,4,3389,847.25,4,4,0,1.0,1.0,1861.657603679792,465.414400919948,0.0,distance_to_pickup,REALTIME,greedy,4,0,1,10,ok,0,0,0
1666322224,11,3385,307.72727272727275,11,10,1,0.9090909090909091,0.9090909090909091,1728.8662517017685,172.88662517017684,0.0,distance_to_pickup,REALTIME,greedy,11,0,1,10,ok,0,1,1
1666322234,8,3375,421.875,8,6,2,0.75,0.75,7.392707285590388,1.2321178809317315,0.0,distance_to_pickup,REALTIME,greedy,8,0,1,10,ok,0,2,2
1666322244,9,3370,374.44444444444446,9,8,1,0.8888888888888888,0.8888888888888888,852.3509983683991,106.54387479604989,0.0,distance_to_pickup,REALTIME,greedy,9,0,1,10,ok,0,1,1
1666322254,9,3362,373.55555555555554,9,7,2,0.7777777777777778,0.7777777777777778,567.7741666075209,81.11059522964584,0.0,distance_to_pickup,REALTIME,greedy,9,0,1,10,ok,0,2,2
1666322264,10,3355,335.5,10,7,3,0.7,0.7,33.70680308682628,4.8152575838323255,0.0,distance_to_pickup,REALTIME,greedy,10,0,1,10,ok,0,3,3
1666322274,13,3350,257.6923076923077,13,12,1,0.9230769230769231,0.9230769230769231,260.17433816662145,21.681194847218453,0.0,distance_to_pickup,REALTIME,greedy,13,0,1,10,ok,0,1,1
1666322284,8,3339,417.375,8,6,2,0.75,0.75,137.80193560297258,22.966989267162095,0.0,distance_to_pickup,REALTIME,greedy,8,0,1,10,ok,0,2,2
1666322294,8,3333,416.625,8,7,1,0.875,0.875,124.16774969148085,17.738249955925834,0.0,distance_to_pickup,REALTIME,greedy,8,0,1,10,ok,0,1,1
1666322304,11,3326,302.3636363636364,11,9,2,0.8181818181818182,0.8181818181818182,2448.164552944336,272.01828366048176,0.0,distance_to_pickup,REALTIME,greedy,11,0,1,10,ok,0,2,2
1666322314,10,3317,331.7,10,9,1,0.9,0.9,939.1471257466087,104.34968063851208,0.0,distance_to_pickup,REALTIME,greedy,10,0,1,10,ok,0,1,1
1666322324,17,3308,194.58823529411765,17,15,2,0.8823529411764706,0.8823529411764706,984.0638161809155,65.60425441206104,0.0,distance_to_pickup,REALTIME,greedy,17,0,1,10,ok,0,2,2
1666322334,13,3294,253.3846153846154,13,13,0,1.0,1.0,1753.1535741587384,134.85796724297987,0.0,distance_to_pickup,REALTIME,greedy,13,0,1,10,ok,0,0,0
1666322344,25,3281,131.24,25,24,1,0.96,0.96,888.203828049197,37.00849283538321,0.0,distance_to_pickup,REALTIME,greedy,25,0,1,10,ok,0,1,1
1666322354,12,3257,271.4166666666667,12,8,4,0.6666666666666666,0.6666666666666666,785.3726953128064,98.1715869141008,0.0,distance_to_pickup,REALTIME,greedy,12,0,1,10,ok,0,4,4
1666322364,16,3249,203.0625,16,14,2,0.875,0.875,1612.1151801072137,115.1510842933724,0.0,distance_to_pickup,REALTIME,greedy,16,0,1,10,ok,0,2,2
1666322374,23,3236,140.69565217391303,23,21,2,0.9130434782608695,0.9130434782608695,2581.812813499883,122.94346730951823,0.0,distance_to_pickup,REALTIME,greedy,23,0,1,10,ok,0,2,2
1666322384,19,3215,169.21052631578948,19,17,2,0.8947368421052632,0.8947368421052632,2718.9040094830584,159.93552996959167,0.0,distance_to_pickup,REALTIME,greedy,19,0,1,10,ok,0,2,2
1666322394,23,3199,139.08695652173913,23,18,5,0.782608695652174,0.782608695652174,2160.722718767053,120.04015104261404,0.0,distance_to_pickup,REALTIME,greedy,23,0,1,10,ok,0,5,5
1666322404,15,3181,212.06666666666666,15,12,3,0.8,0.8,866.2649939515366,72.18874949596137,0.0,distance_to_pickup,REALTIME,greedy,15,0,1,10,ok,0,3,3
1666322414,22,3169,144.04545454545453,22,17,5,0.7727272727272727,0.7727272727272727,1994.4119720699564,117.31835129823273,0.0,distance_to_pickup,REALTIME,greedy,22,0,1,10,ok,0,5,5
1666322424,17,3152,185.41176470588235,17,15,2,0.8823529411764706,0.8823529411764706,3509.740096534618,233.98267310230784,0.0,distance_to_pickup,REALTIME,greedy,17,0,1,10,ok,0,2,2
1666322434,19,3137,165.10526315789474,19,17,2,0.8947368421052632,0.8947368421052632,567.8220235147639,33.401295500868464,0.0,distance_to_pickup,REALTIME,greedy,19,0,1,10,ok,0,2,2
1666322444,20,3123,156.15,20,19,1,0.95,0.95,1945.305930276951,102.3845226461553,0.0,distance_to_pickup,REALTIME,greedy,20,0,1,10,ok,0,1,1
1666322454,28,3105,110.89285714285714,28,22,6,0.7857142857142857,0.7857142857142857,5898.515003857487,268.1143183571585,0.0,distance_to_pickup,REALTIME,greedy,28,0,1,10,ok,0,6,6
1666322464,23,3084,134.08695652173913,23,22,1,0.9565217391304348,0.9565217391304348,3353.2834830446677,152.42197650203036,0.0,distance_to_pickup,REALTIME,greedy,23,0,1,10,ok,0,1,1
1666322474,18,3062,170.11111111111111,18,17,1,0.9444444444444444,0.9444444444444444,1803.3611276637264,106.08006633316037,0.0,distance_to_pickup,REALTIME,greedy,18,0,1,10,ok,0,1,1
1666322484,22,3046,138.45454545454547,22,16,6,0.7272727272727273,0.7272727272727273,1769.2462990899185,110.5778936931199,0.0,distance_to_pickup,REALTIME,greedy,22,0,1,10,ok,0,6,6
1666322494,31,3030,97.74193548387096,31,26,5,0.8387096774193549,0.8387096774193549,4605.505259503153,177.1348176731982,0.0,distance_to_pickup,REALTIME,greedy,31,0,1,10,ok,0,5,5
1666322504,30,3004,100.13333333333334,30,24,6,0.8,0.8,3165.3674534511574,131.89031056046488,0.0,distance_to_pickup,REALTIME,greedy,30,0,1,10,ok,0,6,6
1666322514,29,2981,102.79310344827586,29,22,7,0.7586206896551724,0.7586206896551724,4287.826701673073,194.9012137124124,0.0,distance_to_pickup,REALTIME,greedy,29,0,1,10,ok,0,7,7
1666322524,24,2960,123.33333333333333,24,23,1,0.9583333333333334,0.9583333333333334,3701.990562216418,160.9561114007138,0.0,distance_to_pickup,REALTIME,greedy,24,0,1,10,ok,0,1,1
1666322534,15,2937,195.8,15,12,3,0.8,0.8,1647.9174709923295,137.32645591602747,0.0,distance_to_pickup,REALTIME,greedy,15,0,1,10,ok,0,3,3
1666322544,29,2926,100.89655172413794,29,24,5,0.8275862068965517,0.8275862068965517,5686.240136565448,236.92667235689365,0.0,distance_to_pickup,REALTIME,greedy,29,0,1,10,ok,0,5,5
1666322554,28,2902,103.64285714285714,28,26,2,0.9285714285714286,0.9285714285714286,5227.313499429824,201.0505192088394,0.0,distance_to_pickup,REALTIME,greedy,28,0,1,10,ok,0,2,2
1666322564,30,2876,95.86666666666666,30,23,7,0.7666666666666667,0.7666666666666667,4415.318019541937,191.9703486757364,0.0,distance_to_pickup,REALTIME,greedy,30,0,1,10,ok,0,7,7
1666322574,27,2853,105.66666666666667,27,24,3,0.8888888888888888,0.8888888888888888,5424.699675442338,226.02915314343076,0.0,distance_to_pickup,REALTIME,greedy,27,0,1,10,ok,0,3,3
1666322584,29,2829,97.55172413793103,29,24,5,0.8275862068965517,0.8275862068965517,13919.97581612968,579.9989923387367,0.0,distance_to_pickup,REALTIME,greedy,29,0,1,10,ok,0,5,5
1666322594,25,2806,112.24,25,23,2,0.92,0.92,9361.185162550579,407.00805054567735,0.0,distance_to_pickup,REALTIME,greedy,25,0,1,10,ok,0,2,2
1666322604,26,2783,107.03846153846153,26,23,3,0.8846153846153846,0.8846153846153846,4200.911436467125,182.6483233246576,0.0,distance_to_pickup,REALTIME,greedy,26,0,1,10,ok,0,3,3
1666322614,28,2760,98.57142857142857,28,23,5,0.8214285714285714,0.8214285714285714,3472.6063225481244,150.9828835890489,0.0,distance_to_pickup,REALTIME,greedy,28,0,1,10,ok,0,5,5
1666322624,23,2738,119.04347826086956,23,21,2,0.9130434782608695,0.9130434782608695,6246.997963414722,297.47609349593915,0.0,distance_to_pickup,REALTIME,greedy,23,0,1,10,ok,0,2,2
1666322634,26,2717,104.5,26,24,2,0.9230769230769231,0.9230769230769231,8495.733614205266,353.9889005918861,0.0,distance_to_pickup,REALTIME,greedy,26,0,1,10,ok,0,2,2
1666322644,20,2693,134.65,20,17,3,0.85,0.85,6152.870557052298,361.9335621795469,0.0,distance_to_pickup,REALTIME,greedy,20,0,1,10,ok,0,3,3
1666322654,60,2677,44.61666666666667,60,53,7,0.8833333333333333,0.8833333333333333,11579.51528253032,218.48142042510037,0.0,distance_to_pickup,REALTIME,greedy,60,0,1,10,ok,0,7,7
1666322664,97,2625,27.061855670103093,97,84,13,0.865979381443299,0.865979381443299,30370.37560485979,361.55209053404513,0.0,distance_to_pickup,REALTIME,greedy,97,0,1,10,ok,0,13,13
1666322674,53,2543,47.9811320754717,53,47,6,0.8867924528301887,0.8867924528301887,17852.394890600623,379.8381891617154,0.02127659574468085,distance_to_pickup,REALTIME,greedy,53,0,1,10,ok,0,6,6
1666322684,32,2497,78.03125,32,29,3,0.90625,0.90625,8462.30789807466,291.8037206232641,0.0,distance_to_pickup,REALTIME,greedy,32,0,1,10,ok,0,3,3
1666322694,24,2468,102.83333333333333,24,23,1,0.9583333333333334,0.9583333333333334,8167.192329472481,355.0953186727166,0.0,distance_to_pickup,REALTIME,greedy,24,0,1,10,ok,0,1,1
1666322704,13,2445,188.07692307692307,13,11,2,0.8461538461538461,0.8461538461538461,7517.393408757697,683.3994007961543,0.0,distance_to_pickup,REALTIME,greedy,13,0,1,10,ok,0,2,2
1666322714,13,2554,196.46153846153845,13,12,1,0.9230769230769231,0.9230769230769231,3877.226949251724,323.102245770977,0.0,distance_to_pickup,REALTIME,greedy,13,0,1,10,ok,0,1,1
1666322724,15,2542,169.46666666666667,15,14,1,0.9333333333333333,0.9333333333333333,7337.490020504543,524.1064300360388,0.0,distance_to_pickup,REALTIME,greedy,15,0,1,10,ok,0,1,1
1666322734,11,2528,229.8181818181818,11,10,1,0.9090909090909091,0.9090909090909091,4128.11155162504,412.811155162504,0.0,distance_to_pickup,REALTIME,greedy,11,0,1,10,ok,0,1,1
1666322744,18,2518,139.88888888888889,18,15,3,0.8333333333333334,0.8333333333333334,4593.330515620242,306.22203437468283,0.0,distance_to_pickup,REALTIME,greedy,18,0,1,10,ok,0,3,3
1666322754,32,2503,78.21875,32,31,1,0.96875,0.96875,15212.344960375878,490.72080517341544,0.0,distance_to_pickup,REALTIME,greedy,32,0,1,10,ok,0,1,1
1666322764,34,2472,72.70588235294117,34,27,7,0.7941176470588235,0.7941176470588235,14559.698676090084,539.2480991144475,0.037037037037037035,distance_to_pickup,REALTIME,greedy,34,0,1,10,ok,0,7,7
1666322774,99,2445,24.696969696969695,99,86,13,0.8686868686868687,0.8686868686868687,37752.901630802684,438.9872282651475,0.011627906976744186,distance_to_pickup,REALTIME,greedy,99,0,1,10,ok,0,13,13
1666322784,149,2359,15.832214765100671,149,131,18,0.8791946308724832,0.8791946308724832,90358.04849342802,689.7560953696795,0.0,distance_to_pickup,REALTIME,greedy,149,0,1,10,ok,0,18,18
1666322794,64,2228,34.8125,64,55,9,0.859375,0.859375,34899.96560026104,634.5448290956554,0.0,distance_to_pickup,REALTIME,greedy,64,0,1,10,ok,0,9,9
1666322804,34,2173,63.911764705882355,34,31,3,0.9117647058823529,0.9117647058823529,26460.96864340534,853.5796336582367,0.0,distance_to_pickup,REALTIME,greedy,34,0,1,10,ok,0,3,3
1666322814,18,2142,119.0,18,15,3,0.8333333333333334,0.8333333333333334,9957.950059414548,663.8633372943033,0.0,distance_to_pickup,REALTIME,greedy,18,0,1,10,ok,0,3,3
1666322824,9,2127,236.33333333333334,9,8,1,0.8888888888888888,0.8888888888888888,8644.26635601169,1080.5332945014613,0.0,distance_to_pickup,REALTIME,greedy,9,0,1,10,ok,0,1,1
1666322834,8,2125,265.625,8,7,1,0.875,0.875,2445.013251921399,349.2876074173427,0.0,distance_to_pickup,REALTIME,greedy,8,0,1,10,ok,0,1,1
1666322844,8,2119,264.875,8,7,1,0.875,0.875,1991.9587226158665,284.56553180226666,0.0,distance_to_pickup,REALTIME,greedy,8,0,1,10,ok,0,1,1
1666322854,10,2112,211.2,10,9,1,0.9,0.9,10192.88665103851,1132.5429612265011,0.0,distance_to_pickup,REALTIME,greedy,10,0,1,10,ok,0,1,1
1666322864,4,2103,525.75,4,4,0,1.0,1.0,4514.103615266356,1128.525903816589,0.0,distance_to_pickup,REALTIME,greedy,4,0,1,10,ok,0,0,0
1666322874,6,2100,350.0,6,6,0,1.0,1.0,1972.4017099161113,328.7336183193519,0.0,distance_to_pickup,REALTIME,greedy,6,0,1,10,ok,0,0,0
1666322884,8,2094,261.75,8,7,1,0.875,0.875,2950.658745730382,421.52267796148317,0.0,distance_to_pickup,REALTIME,greedy,8,0,1,10,ok,0,1,1
1666322894,9,2087,231.88888888888889,9,9,0,1.0,1.0,9924.75417403057,1102.7504637811744,0.0,distance_to_pickup,REALTIME,greedy,9,0,1,10,ok,0,0,0
1666322904,3,2078,692.6666666666666,3,3,0,1.0,1.0,1373.0143763852234,457.67145879507444,0.0,distance_to_pickup,REALTIME,greedy,3,0,1,10,ok,0,0,0
1666322914,7,2075,296.42857142857144,7,7,0,1.0,1.0,1003.4245310921063,143.34636158458662,0.0,distance_to_pickup,REALTIME,greedy,7,0,1,10,ok,0,0,0
1666322924,13,2069,159.15384615384616,13,12,1,0.9230769230769231,0.9230769230769231,10564.570145894157,880.3808454911797,0.0,distance_to_pickup,REALTIME,greedy,13,0,1,10,ok,0,1,1
1666322934,16,2057,128.5625,16,16,0,1.0,1.0,15530.02035308655,970.6262720679093,0.0,distance_to_pickup,REALTIME,greedy,16,0,1,10,ok,0,0,0
1666322944,15,2043,136.2,15,12,3,0.8,0.8,17699.050265662776,1474.920855471898,0.0,distance_to_pickup,REALTIME,greedy,15,0,1,10,ok,0,3,3
1666322954,73,2031,27.82191780821918,73,65,8,0.8904109589041096,0.8904109589041096,51686.48593493143,795.1767066912528,0.0,distance_to_pickup,REALTIME,greedy,73,0,1,10,ok,0,8,8
1666322964,133,1966,14.781954887218046,133,119,14,0.8947368421052632,0.8947368421052632,126425.72299845713,1062.40103360048,0.0,distance_to_pickup,REALTIME,greedy,133,0,1,10,ok,0,14,14
1666322974,57,1848,32.421052631578945,57,54,3,0.9473684210526315,0.9473684210526315,71719.86584123525,1328.1456637265787,0.0,distance_to_pickup,REALTIME,greedy,57,0,1,10,ok,0,3,3
1666322984,18,1795,99.72222222222223,18,15,3,0.8333333333333334,0.8333333333333334,18942.171817648847,1262.8114545099231,0.0,distance_to_pickup,REALTIME,greedy,18,0,1,10,ok,0,3,3
1666322994,7,1781,254.42857142857142,7,6,1,0.8571428571428571,0.8571428571428571,4040.603813901128,673.4339689835214,0.0,distance_to_pickup,REALTIME,greedy,7,0,1,10,ok,0,1,1
1666323004,1,1778,1778.0,1,1,0,1.0,1.0,4847.3434710517895,4847.3434710517895,0.0,distance_to_pickup,REALTIME,greedy,1,0,1,10,ok,0,0,0
1666354784,1,3765,3765.0,1,0,1,0.0,0.0,0,0,0.0,distance_to_pickup,REALTIME,greedy,1,0,1,10,ok,0,1,1
1666354794,1,3765,3765.0,1,1,0,1.0,1.0,606.9802303760422,606.9802303760422,0.0,distance_to_pickup,REALTIME,greedy,1,0,1,10,ok,0,0,0
1666364554,1,3765,3765.0,1,1,0,1.0,1.0,1103.815513763095,1103.815513763095,0.0,distance_to_pickup,REALTIME,greedy,1,0,1,10,ok,0,0,0
1666366334,1,3765,3765.0,1,1,0,1.0,1.0,8.806008779534835,8.806008779534835,0.0,distance_to_pickup,REALTIME,greedy,1,0,1,10,ok,0,0,0
1666369064,1,3765,3765.0,1,1,0,1.0,1.0,1082.8047333193542,1082.8047333193542,0.0,distance_to_pickup,REALTIME,greedy,1,0,1,10,ok,0,0,0
1666373164,1,3765,3765.0,1,1,0,1.0,1.0,763.5911538394071,763.5911538394071,0.0,distance_to_pickup,REALTIME,greedy,1,0,1,10,ok,0,0,0
1666395564,1,3765,3765.0,1,1,0,1.0,1.0,309.1064504729635,309.1064504729635,0.0,distance_to_pickup,REALTIME,greedy,1,0,1,10,ok,0,0,0
1666397104,1,3765,3765.0,1,1,0,1.0,1.0,1017.6942516530295,1017.6942516530295,0.0,distance_to_pickup,REALTIME,greedy,1,0,1,10,ok,0,0,0
1666397494,1,3764,3764.0,1,1,0,1.0,1.0,385.50860398511963,385.50860398511963,0.0,distance_to_pickup,REALTIME,greedy,1,0,1,10,ok,0,0,0
1666399914,1,3765,3765.0,1,1,0,1.0,1.0,92.19330948132526,92.19330948132526,0.0,distance_to_pickup,REALTIME,greedy,1,0,1,10,ok,0,0,0
1666401774,1,3765,3765.0,1,1,0,1.0,1.0,246.84768986287165,246.84768986287165,0.0,distance_to_pickup,REALTIME,greedy,1,0,1,10,ok,0,0,0
1666401904,1,3764,3764.0,1,1,0,1.0,1.0,602.9009820429104,602.9009820429104,0.0,distance_to_pickup,REALTIME,greedy,1,0,1,10,ok,0,0,0
1666404124,2,3765,1882.5,2,2,0,1.0,1.0,390.0856029305995,195.04280146529976,0.0,distance_to_pickup,REALTIME,greedy,2,0,1,10,ok,0,0,0
1666404614,1,3763,3763.0,1,1,0,1.0,1.0,2835.610446272824,2835.610446272824,0.0,distance_to_pickup,REALTIME,greedy,1,0,1,10,ok,0,0,0
1666404754,1,3762,3762.0,1,1,0,1.0,1.0,0.02843559107091629,0.02843559107091629,0.0,distance_to_pickup,REALTIME,greedy,1,0,1,10,ok,0,0,0
1666404804,1,3761,3761.0,1,0,1,0.0,0.0,0,0,0.0,distance_to_pickup,REALTIME,greedy,1,0,1,10,ok,0,1,1
1666404814,1,3761,3761.0,1,0,1,0.0,0.0,0,0,0.0,distance_to_pickup,REALTIME,greedy,1,0,1,10,ok,0,1,1
1666404824,1,3761,3761.0,1,1,0,1.0,1.0,18.618173696777635,18.618173696777635,0.0,distance_to_pickup,REALTIME,greedy,1,0,1,10,ok,0,0,0
1666404844,1,3760,3760.0,1,1,0,1.0,1.0,265.4962045611013,265.4962045611013,0.0,distance_to_pickup,REALTIME,greedy,1,0,1,10,ok,0,0,0
1666404874,1,3759,3759.0,1,1,0,1.0,1.0,1144.9737988268553,1144.9737988268553,0.0,distance_to_pickup,REALTIME,greedy,1,0,1,10,ok,0,0,0
1666404894,1,3758,3758.0,1,0,1,0.0,0.0,0,0,0.0,distance_to_pickup,REALTIME,greedy,1,0,1,10,ok,0,1,1
1666404904,1,3758,3758.0,1,1,0,1.0,1.0,76.90253569150352,76.90253569150352,0.0,distance_to_pickup,REALTIME,greedy,1,0,1,10,ok,0,0,0
1666404994,2,3757,1878.5,2,2,0,1.0,1.0,3330.893542581525,1665.4467712907624,0.0,distance_to_pickup,REALTIME,greedy,2,0,1,10,ok,0,0,0
1666405164,1,3755,3755.0,1,0,1,0.0,0.0,0,0,0.0,distance_to_pickup,REALTIME,greedy,1,0,1,10,ok,0,1,1
1666405174,1,3755,3755.0,1,1,0,1.0,1.0,665.7764221320699,665.7764221320699,0.0,distance_to_pickup,REALTIME,greedy,1,0,1,10,ok,0,0,0
1666405254,1,3754,3754.0,1,0,1,0.0,0.0,0,0,0.0,distance_to_pickup,REALTIME,greedy,1,0,1,10,ok,0,1,1
1666405264,1,3754,3754.0,1,1,0,1.0,1.0,1740.5893454196973,1740.5893454196973,0.0,distance_to_pickup,REALTIME,greedy,1,0,1,10,ok,0,0,0
1666405334,1,3753,3753.0,1,1,0,1.0,1.0,341.2413533440824,341.2413533440824,0.0,distance_to_pickup,REALTIME,greedy,1,0,1,10,ok,0,0,0
1666405524,1,3752,3752.0,1,1,0,1.0,1.0,3215.0001555209915,3215.0001555209915,0.0,distance_to_pickup,REALTIME,greedy,1,0,1,10,ok,0,0,0
1666405884,1,3753,3753.0,1,1,0,1.0,1.0,3.550599022554426e-05,3.550599022554426e-05,0.0,distance_to_pickup,REALTIME,greedy,1,0,1,10,ok,0,0,0
1666406124,1,3753,3753.0,1,1,0,1.0,1.0,230.51977699023217,230.51977699023217,0.0,distance_to_pickup,REALTIME,greedy,1,0,1,10,ok,0,0,0
1666406264,1,3753,3753.0,1,1,0,1.0,1.0,97.84101796157347,97.84101796157347,0.0,distance_to_pickup,REALTIME,greedy,1,0,1,10,ok,0,0,0
1666406464,1,3758,3758.0,1,1,0,1.0,1.0,1349.8413769509377,1349.8413769509377,0.0,distance_to_pickup,REALTIME,greedy,1,0,1,10,ok,0,0,0
1666406474,1,3757,3757.0,1,1,0,1.0,1.0,495.0163570245753,495.0163570245753,0.0,distance_to_pickup,REALTIME,greedy,1,0,1,10,ok,0,0,0
1666406734,1,3758,3758.0,1,1,0,1.0,1.0,181.70189372632817,181.70189372632817,0.0,distance_to_pickup,REALTIME,greedy,1,0,1,10,ok,0,0,0
1666406764,1,3757,3757.0,1,1,0,1.0,1.0,0.0004647230672658902,0.0004647230672658902,0.0,distance_to_pickup,REALTIME,greedy,1,0,1,10,ok,0,0,0
1666406804,1,3757,3757.0,1,1,0,1.0,1.0,318.15782772543247,318.15782772543247,0.0,distance_to_pickup,REALTIME,greedy,1,0,1,10,ok,0,0,0
1666406824,1,3756,3756.0,1,1,0,1.0,1.0,427.8507058594247,427.8507058594247,0.0,distance_to_pickup,REALTIME,greedy,1,0,1,10,ok,0,0,0
1666406864,1,3755,3755.0,1,1,0,1.0,1.0,1.148778298123161e-05,1.148778298123161e-05,0.0,distance_to_pickup,REALTIME,greedy,1,0,1,10,ok,0,0,0
1666406934,1,3754,3754.0,1,0,1,0.0,0.0,0,0,0.0,distance_to_pickup,REALTIME,greedy,1,0,1,10,ok,0,1,1
1666406944,1,3754,3754.0,1,1,0,1.0,1.0,93.1034178292053,93.1034178292053,0.0,distance_to_pickup,REALTIME,greedy,1,0,1,10,ok,0,0,0
1666407044,1,3754,3754.0,1,1,0,1.0,1.0,3.0719530773294423e-08,3.0719530773294423e-08,0.0,distance_to_pickup,REALTIME,greedy,1,0,1,10,ok,0,0,0
1666407124,1,3753,3753.0,1,1,0,1.0,1.0,0.07955133470246813,0.07955133470246813,0.0,distance_to_pickup,REALTIME,greedy,1,0,1,10,ok,0,0,0
1666407284,1,3752,3752.0,1,1,0,1.0,1.0,809.2884037380152,809.2884037380152,0.0,distance_to_pickup,REALTIME,greedy,1,0,1,10,ok,0,0,0
1666407364,1,3752,3752.0,1,1,0,1.0,1.0,50.10304403478054,50.10304403478054,0.0,distance_to_pickup,REALTIME,greedy,1,0,1,10,ok,0,0,0
1666407374,1,3751,3751.0,1,1,0,1.0,1.0,312.0601689033165,312.0601689033165,0.0,distance_to_pickup,REALTIME,greedy,1,0,1,10,ok,0,0,0
1666407384,1,3750,3750.0,1,1,0,1.0,1.0,490.0176809653939,490.0176809653939,0.0,distance_to_pickup,REALTIME,greedy,1,0,1,10,ok,0,0,0
1666407394,1,3749,3749.0,1,1,0,1.0,1.0,61.0,61.0,0.0,distance_to_pickup,REALTIME,greedy,1,0,1,10,ok,0,0,0
1666407434,1,3748,3748.0,1,1,0,1.0,1.0,442.02743606482323,442.02743606482323,0.0,distance_to_pickup,REALTIME,greedy,1,0,1,10,ok,0,0,0
1666407474,1,3747,3747.0,1,1,0,1.0,1.0,30.534400588933167,30.534400588933167,0.0,distance_to_pickup,REALTIME,greedy,1,0,1,10,ok,0,0,0
1666407544,2,3746,1873.0,2,1,1,0.5,0.5,6.143906154658885e-08,6.143906154658885e-08,0.0,distance_to_pickup,REALTIME,greedy,2,0,1,10,ok,0,1,1
1666407554,1,3745,3745.0,1,1,0,1.0,1.0,3.0719530773294423e-08,3.0719530773294423e-08,0.0,distance_to_pickup,REALTIME,greedy,1,0,1,10,ok,0,0,0
1666407564,1,3744,3744.0,1,1,0,1.0,1.0,146.45201788745123,146.45201788745123,0.0,distance_to_pickup,REALTIME,greedy,1,0,1,10,ok,0,0,0
1666407674,1,3744,3744.0,1,1,0,1.0,1.0,0.0008721428257769026,0.0008721428257769026,0.0,distance_to_pickup,REALTIME,greedy,1,0,1,10,ok,0,0,0
1666407684,1,3743,3743.0,1,1,0,1.0,1.0,179.1764961638091,179.1764961638091,0.0,distance_to_pickup,REALTIME,greedy,1,0,1,10,ok,0,0,0
1666407704,3,3742,1247.3333333333333,3,2,1,0.6666666666666666,0.6666666666666666,273.6560411680549,136.82802058402746,0.0,distance_to_pickup,REALTIME,greedy,3,0,1,10,ok,0,1,1
1666407714,1,3740,3740.0,1,1,0,1.0,1.0,38.511224609631896,38.511224609631896,0.0,distance_to_pickup,REALTIME,greedy,1,0,1,10,ok,0,0,0
1666407754,1,3740,3740.0,1,0,1,0.0,0.0,0,0,0.0,distance_to_pickup,REALTIME,greedy,1,0,1,10,ok,0,1,1
1666407764,1,3740,3740.0,1,1,0,1.0,1.0,0.18894471012744346,0.18894471012744346,0.0,distance_to_pickup,REALTIME,greedy,1,0,1,10,ok,0,0,0
1666407774,2,3739,1869.5,2,1,1,0.5,0.5,2.2413743967549985e-07,2.2413743967549985e-07,0.0,distance_to_pickup,REALTIME,greedy,2,0,1,10,ok,0,1,1
1666407784,1,3738,3738.0,1,1,0,1.0,1.0,0.004382097890859604,0.004382097890859604,0.0,distance_to_pickup,REALTIME,greedy,1,0,1,10,ok,0,0,0
1666407794,3,3737,1245.6666666666667,3,3,0,1.0,1.0,1135.5072570214897,378.50241900716327,0.0,distance_to_pickup,REALTIME,greedy,3,0,1,10,ok,0,0,0
1666407804,1,3734,3734.0,1,1,0,1.0,1.0,1346.1238119450663,1346.1238119450663,0.0,distance_to_pickup,REALTIME,greedy,1,0,1,10,ok,0,0,0
1666407824,1,3733,3733.0,1,1,0,1.0,1.0,2108.0712610442,2108.0712610442,0.0,distance_to_pickup,REALTIME,greedy,1,0,1,10,ok,0,0,0
1666407844,1,3732,3732.0,1,1,0,1.0,1.0,91.88947419297513,91.88947419297513,0.0,distance_to_pickup,REALTIME,greedy,1,0,1,10,ok,0,0,0
1666407864,1,3731,3731.0,1,1,0,1.0,1.0,0.008332025377356755,0.008332025377356755,0.0,distance_to_pickup,REALTIME,greedy,1,0,1,10,ok,0,0,0
1666407894,1,3730,3730.0,1,1,0,1.0,1.0,185.2700732848813,185.2700732848813,0.0,distance_to_pickup,REALTIME,greedy,1,0,1,10,ok,0,0,0
1666407914,1,3729,3729.0,1,1,0,1.0,1.0,1525.8637520588554,1525.8637520588554,0.0,distance_to_pickup,REALTIME,greedy,1,0,1,10,ok,0,0,0
1666407924,1,3729,3729.0,1,1,0,1.0,1.0,278.8645141731563,278.8645141731563,0.0,distance_to_pickup,REALTIME,greedy,1,0,1,10,ok,0,0,0
1666407944,1,3729,3729.0,1,1,0,1.0,1.0,5.797176620789139,5.797176620789139,0.0,distance_to_pickup,REALTIME,greedy,1,0,1,10,ok,0,0,0
1666407954,1,3728,3728.0,1,1,0,1.0,1.0,147.80054127099805,147.80054127099805,0.0,distance_to_pickup,REALTIME,greedy,1,0,1,10,ok,0,0,0
1666407974,2,3727,1863.5,2,2,0,1.0,1.0,618.6395622626337,309.31978113131686,0.0,distance_to_pickup,REALTIME,greedy,2,0,1,10,ok,0,0,0
1666407984,1,3725,3725.0,1,1,0,1.0,1.0,12.584257848387916,12.584257848387916,0.0,distance_to_pickup,REALTIME,greedy,1,0,1,10,ok,0,0,0
1666407994,1,3724,3724.0,1,0,1,0.0,0.0,0,0,0.0,distance_to_pickup,REALTIME,greedy,1,0,1,10,ok,0,1,1
1666408004,2,3724,1862.0,2,2,0,1.0,1.0,0.009172303147347355,0.004586151573673677,0.0,distance_to_pickup,REALTIME,greedy,2,0,1,10,ok,0,0,0
1666408014,1,3722,3722.0,1,1,0,1.0,1.0,3.0719530773294423e-08,3.0719530773294423e-08,0.0,distance_to_pickup,REALTIME,greedy,1,0,1,10,ok,0,0,0
1666408024,2,3721,1860.5,2,2,0,1.0,1.0,319.58810698589383,159.79405349294692,0.0,distance_to_pickup,REALTIME,greedy,2,0,1,10,ok,0,0,0
1666408064,2,3719,1859.5,2,2,0,1.0,1.0,251.87146374864187,125.93573187432094,0.0,distance_to_pickup,REALTIME,greedy,2,0,1,10,ok,0,0,0
1666408084,1,3717,3717.0,1,1,0,1.0,1.0,2317.0318334597587,2317.0318334597587,0.0,distance_to_pickup,REALTIME,greedy,1,0,1,10,ok,0,0,0
1666408114,2,3716,1858.0,2,2,0,1.0,1.0,5.18974604445548,2.59487302222774,0.0,distance_to_pickup,REALTIME,greedy,2,0,1,10,ok,0,0,0
1666408134,2,3714,1857.0,2,2,0,1.0,1.0,196.85146747968247,98.42573373984123,0.0,distance_to_pickup,REALTIME,greedy,2,0,1,10,ok,0,0,0
1666408144,1,3712,3712.0,1,1,0,1.0,1.0,0.30287148505715733,0.30287148505715733,0.0,distance_to_pickup,REALTIME,greedy,1,0,1,10,ok,0,0,0
1666408154,2,3711,1855.5,2,2,0,1.0,1.0,344.2237696779948,172.1118848389974,0.0,distance_to_pickup,REALTIME,greedy,2,0,1,10,ok,0,0,0
1666408164,3,3709,1236.3333333333333,3,3,0,1.0,1.0,507.64038257210757,169.2134608573692,0.0,distance_to_pickup,REALTIME,greedy,3,0,1,10,ok,0,0,0
1666408174,1,3706,3706.0,1,1,0,1.0,1.0,417.0717120296416,417.0717120296416,0.0,distance_to_pickup,REALTIME,greedy,1,0,1,10,ok,0,0,0
1666408194,2,3706,1853.0,2,2,0,1.0,1.0,603.6669404748768,301.8334702374384,0.0,distance_to_pickup,REALTIME,greedy,2,0,1,10,ok,0,0,0
1666408204,2,3704,1852.0,2,2,0,1.0,1.0,105.90713592192918,52.95356796096459,0.0,distance_to_pickup,REALTIME,greedy,2,0,1,10,ok,0,0,0
1666408214,2,3702,1851.0,2,2,0,1.0,1.0,152.67354627102577,76.33677313551289,0.0,distance_to_pickup,REALTIME,greedy,2,0,1,10,ok,0,0,0
1666408234,2,3701,1850.5,2,2,0,1.0,1.0,5.409963829206412e-07,2.704981914603206e-07,0.0,distance_to_pickup,REALTIME,greedy,2,0,1,10,ok,0,0,0
1666408244,1,3699,3699.0,1,1,0,1.0,1.0,112.6346463664358,112.6346463664358,0.0,distance_to_pickup,REALTIME,greedy,1,0,1,10,ok,0,0,0
1666408254,1,3698,3698.0,1,1,0,1.0,1.0,0.0006804827197273596,0.0006804827197273596,0.0,distance_to_pickup,REALTIME,greedy,1,0,1,10,ok,0,0,0
1666408264,1,3698,3698.0,1,0,1,0.0,0.0,0,0,0.0,distance_to_pickup,REALTIME,greedy,1,0,1,10,ok,0,1,1
1666408274,3,3698,1232.6666666666667,3,3,0,1.0,1.0,333.52104786213425,111.17368262071142,0.0,distance_to_pickup,REALTIME,greedy,3,0,1,10,ok,0,0,0
1666408284,3,3696,1232.0,3,1,2,0.3333333333333333,0.3333333333333333,44.999019931607464,44.999019931607464,0.0,distance_to_pickup,REALTIME,greedy,3,0,1,10,ok,0,2,2
1666408294,4,3695,923.75,4,4,0,1.0,1.0,681.6663235937403,170.4165808984351,0.0,distance_to_pickup,REALTIME,greedy,4,0,1,10,ok,0,0,0
1666408304,5,3691,738.2,5,5,0,1.0,1.0,3150.513696803748,630.1027393607496,0.0,distance_to_pickup,REALTIME,greedy,5,0,1,10,ok,0,0,0
1666408314,3,3686,1228.6666666666667,3,1,2,0.3333333333333333,0.3333333333333333,520.7607945598743,520.7607945598743,0.0,distance_to_pickup,REALTIME,greedy,3,0,1,10,ok,0,2,2
1666408324,4,3686,921.5,4,4,0,1.0,1.0,303.3495903285758,75.83739758214395,0.0,distance_to_pickup,REALTIME,greedy,4,0,1,10,ok,0,0,0
1666408334,2,3682,1841.0,2,2,0,1.0,1.0,215.96188379648308,107.98094189824154,0.0,distance_to_pickup,REALTIME,greedy,2,0,1,10,ok,0,0,0
1666408344,1,3680,3680.0,1,1,0,1.0,1.0,6.143906154658885e-08,6.143906154658885e-08,0.0,distance_to_pickup,REALTIME,greedy,1,0,1,10,ok,0,0,0
1666408364,4,3679,919.75,4,3,1,0.75,0.75,216.2810608273366,72.09368694244553,0.0,distance_to_pickup,REALTIME,greedy,4,0,1,10,ok,0,1,1
1666408374,2,3676,1838.0,2,2,0,1.0,1.0,229.5054872792494,114.7527436396247,0.0,distance_to_pickup,REALTIME,greedy,2,0,1,10,ok,0,0,0
1666408384,1,3674,3674.0,1,1,0,1.0,1.0,0.0,0.0,0.0,distance_to_pickup,REALTIME,greedy,1,0,1,10,ok,0,0,0
1666408394,2,3673,1836.5,2,2,0,1.0,1.0,64.07250912044786,32.03625456022393,0.0,distance_to_pickup,REALTIME,greedy,2,0,1,10,ok,0,0,0
1666408404,5,3672,734.4,5,5,0,1.0,1.0,345.484824996227,69.0969649992454,0.0,distance_to_pickup,REALTIME,greedy,5,0,1,10,ok,0,0,0
1666408414,3,3667,1222.3333333333333,3,2,1,0.6666666666666666,0.6666666666666666,128.42392309987122,64.21196154993561,0.0,distance_to_pickup,REALTIME,greedy,3,0,1,10,ok,0,1,1
1666408424,7,3665,523.5714285714286,7,6,1,0.8571428571428571,0.8571428571428571,289.1786219520934,48.19643699201557,0.0,distance_to_pickup,REALTIME,greedy,7,0,1,10,ok,0,1,1
1666408434,6,3659,609.8333333333334,6,6,0,1.0,1.0,201.49731265904433,33.58288544317406,0.0,distance_to_pickup,REALTIME,greedy,6,0,1,10,ok,0,0,0
1666408444,3,3653,1217.6666666666667,3,2,1,0.6666666666666666,0.6666666666666666,298.4024128895971,149.20120644479854,0.0,distance_to_pickup,REALTIME,greedy,3,0,1,10,ok,0,1,1
1666408454,7,3651,521.5714285714286,7,7,0,1.0,1.0,612.7854749262223,87.54078213231746,0.0,distance_to_pickup,REALTIME,greedy,7,0,1,10,ok,0,0,0
1666408464,2,3644,1822.0,2,2,0,1.0,1.0,315.04366011701666,157.52183005850833,0.0,distance_to_pickup,REALTIME,greedy,2,0,1,10,ok,0,0,0
1666408474,3,3642,1214.0,3,2,1,0.6666666666666666,0.6666666666666666,0.0019257218508863451,0.0009628609254431726,0.0,distance_to_pickup,REALTIME,greedy,3,0,1,10,ok,0,1,1
1666408484,4,3640,910.0,4,3,1,0.75,0.75,294.2394619349171,98.07982064497236,0.0,distance_to_pickup,REALTIME,greedy,4,0,1,10,ok,0,1,1
1666408494,7,3637,519.5714285714286,7,4,3,0.5714285714285714,0.5714285714285714,609.5815172218353,152.39537930545882,0.0,distance_to_pickup,REALTIME,greedy,7,0,1,10,ok,0,3,3
1666408504,7,3634,519.1428571428571,7,7,0,1.0,1.0,1493.6915259035234,213.38450370050333,0.0,distance_to_pickup,REALTIME,greedy,7,0,1,10,ok,0,0,0
1666408514,4,3627,906.75,4,3,1,0.75,0.75,1017.0359735335986,339.0119911778662,0.0,distance_to_pickup,REALTIME,greedy,4,0,1,10,ok,0,1,1
1666408524,7,3624,517.7142857142857,7,7,0,1.0,1.0,449.5071819038549,64.2153117005507,0.0,distance_to_pickup,REALTIME,greedy,7,0,1,10,ok,0,0,0
1666408534,6,3617,602.8333333333334,6,4,2,0.6666666666666666,0.6666666666666666,723.7005834909089,180.92514587272723,0.0,distance_to_pickup,REALTIME,greedy,6,0,1,10,ok,0,2,2
1666408544,6,3613,602.1666666666666,6,4,2,0.6666666666666666,0.6666666666666666,915.2446321902023,228.81115804755058,0.0,distance_to_pickup,REALTIME,greedy,6,0,1,10,ok,0,2,2
1666408554,8,3609,451.125,8,8,0,1.0,1.0,704.1181950228874,88.01477437786093,0.0,distance_to_pickup,REALTIME,greedy,8,0,1,10,ok,0,0,0
1666408564,6,3601,600.1666666666666,6,5,1,0.8333333333333334,0.8333333333333334,1176.4088572183236,235.28177144366472,0.0,distance_to_pickup,REALTIME,greedy,6,0,1,10,ok,0,1,1
1666408574,7,3596,513.7142857142857,7,5,2,0.7142857142857143,0.7142857142857143,1170.7361415181726,234.14722830363453,0.2,distance_to_pickup,REALTIME,greedy,7,0,1,10,ok,0,2,2
1666408584,13,3592,276.3076923076923,13,13,0,1.0,1.0,1639.9944522753797,126.15341940579843,0.0,distance_to_pickup,REALTIME,greedy,13,0,1,10,ok,0,0,0
1666408594,6,3579,596.5,6,5,1,0.8333333333333334,0.8333333333333334,650.1784757036057,130.03569514072115,0.0,distance_to_pickup,REALTIME,greedy,6,0,1,10,ok,0,1,1
1666408604,11,3574,324.90909090909093,11,10,1,0.9090909090909091,0.9090909090909091,899.9779531782879,89.99779531782879,0.0,distance_to_pickup,REALTIME,greedy,11,0,1,10,ok,0,1,1
1666408614,7,3564,509.14285714285717,7,5,2,0.7142857142857143,0.7142857142857143,2774.5373551326825,554.9074710265365,0.0,distance_to_pickup,REALTIME,greedy,7,0,1,10,ok,0,2,2
1666408624,7,3559,508.42857142857144,7,6,1,0.8571428571428571,0.8571428571428571,77.35128663752032,12.891881106253386,0.0,distance_to_pickup,REALTIME,greedy,7,0,1,10,ok,0,1,1
1666408634,13,3553,273.3076923076923,13,12,1,0.9230769230769231,0.9230769230769231,1051.6407317133378,87.63672764277815,0.0,distance_to_pickup,REALTIME,greedy,13,0,1,10,ok,0,1,1
1666408644,9,3541,393.44444444444446,9,8,1,0.8888888888888888,0.8888888888888888,701.1645146482197,87.64556433102746,0.0,distance_to_pickup,REALTIME,greedy,9,0,1,10,ok,0,1,1
1666408654,11,3533,321.1818181818182,11,11,0,1.0,1.0,1067.7013902281742,97.06376274801583,0.0,distance_to_pickup,REALTIME,greedy,11,0,1,10,ok,0,0,0
1666408664,8,3522,440.25,8,7,1,0.875,0.875,389.2188414863289,55.60269164090413,0.0,distance_to_pickup,REALTIME,greedy,8,0,1,10,ok,0,1,1
1666408674,6,3515,585.8333333333334,6,5,1,0.8333333333333334,0.8333333333333334,241.4554242023959,48.29108484047918,0.0,distance_to_pickup,REALTIME,greedy,6,0,1,10,ok,0,1,1
1666408684,15,3510,234.0,15,14,1,0.9333333333333333,0.9333333333333333,4690.752345452717,335.0537389609084,0.0,distance_to_pickup,REALTIME,greedy,15,0,1,10,ok,0,1,1
1666408694,14,3496,249.71428571428572,14,10,4,0.7142857142857143,0.7142857142857143,4881.0559709377085,488.1055970937708,0.0,distance_to_pickup,REALTIME,greedy,14,0,1,10,ok,0,4,4
1666408704,17,3486,205.05882352941177,17,14,3,0.8235294117647058,0.8235294117647058,828.708324961173,59.19345178294093,0.0,distance_to_pickup,REALTIME,greedy,17,0,1,10,ok,0,3,3
1666408714,10,3472,347.2,10,9,1,0.9,0.9,1113.1000886889203,123.67778763210225,0.0,distance_to_pickup,REALTIME,greedy,10,0,1,10,ok,0,1,1
1666408724,6,3463,577.1666666666666,6,6,0,1.0,1.0,680.7520455199544,113.45867425332574,0.0,distance_to_pickup,REALTIME,greedy,6,0,1,10,ok,0,0,0
1666408734,14,3457,246.92857142857142,14,12,2,0.8571428571428571,0.8571428571428571,1084.1457832246615,90.34548193538846,0.0,distance_to_pickup,REALTIME,greedy,14,0,1,10,ok,0,2,2
1666408744,9,3446,382.8888888888889,9,8,1,0.8888888888888888,0.8888888888888888,968.2761470418961,121.03451838023702,0.0,distance_to_pickup,REALTIME,greedy,9,0,1,10,ok,0,1,1
1666408754,18,3438,191.0,18,17,1,0.9444444444444444,0.9444444444444444,1103.7609655036958,64.92711561786446,0.0,distance_to_pickup,REALTIME,greedy,18,0,1,10,ok,0,1,1
1666408764,13,3421,263.15384615384613,13,10,3,0.7692307692307693,0.7692307692307693,322.8181113202614,32.281811132026135,0.0,distance_to_pickup,REALTIME,greedy,13,0,1,10,ok,0,3,3
1666408774,16,3411,213.1875,16,15,1,0.9375,0.9375,5618.475944588635,374.5650629725757,0.0,distance_to_pickup,REALTIME,greedy,16,0,1,10,ok,0,1,1
1666408784,12,3396,283.0,12,12,0,1.0,1.0,914.3198439716552,76.19332033097128,0.0,distance_to_pickup,REALTIME,greedy,12,0,1,10,ok,0,0,0
1666408794,18,3384,188.0,18,16,2,0.8888888888888888,0.8888888888888888,1848.018355517915,115.5011472198697,0.0,distance_to_pickup,REALTIME,greedy,18,0,1,10,ok,0,2,2
1666408804,18,3368,187.11111111111111,18,16,2,0.8888888888888888,0.8888888888888888,916.3835840570528,57.2739740035658,0.0,distance_to_pickup,REALTIME,greedy,18,0,1,10,ok,0,2,2
1666408814,15,3352,223.46666666666667,15,13,2,0.8666666666666667,0.8666666666666667,2571.680111155833,197.82154701198715,0.0,distance_to_pickup,REALTIME,greedy,15,0,1,10,ok,0,2,2
1666408824,26,3340,128.46153846153845,26,24,2,0.9230769230769231,0.9230769230769231,2103.252259583015,87.63551081595897,0.0,distance_to_pickup,REALTIME,greedy,26,0,1,10,ok,0,2,2
1666408834,11,3317,301.54545454545456,11,10,1,0.9090909090909091,0.9090909090909091,3207.1465550330477,320.71465550330475,0.0,distance_to_pickup,REALTIME,greedy,11,0,1,10,ok,0,1,1
1666408844,22,3308,150.36363636363637,22,20,2,0.9090909090909091,0.9090909090909091,4037.3699994105623,201.86849997052812,0.0,distance_to_pickup,REALTIME,greedy,22,0,1,10,ok,0,2,2
1666408854,28,3289,117.46428571428571,28,26,2,0.9285714285714286,0.9285714285714286,3475.7704124117868,133.68347740045334,0.0,distance_to_pickup,REALTIME,greedy,28,0,1,10,ok,0,2,2
1666408864,20,3263,163.15,20,17,3,0.85,0.85,1411.3696901578305,83.02174647987238,0.0,distance_to_pickup,REALTIME,greedy,20,0,1,10,ok,0,3,3
1666408874,20,3246,162.3,20,17,3,0.85,0.85,2268.751306558044,133.45595920929668,0.0,distance_to_pickup,REALTIME,greedy,20,0,1,10,ok,0,3,3
1666408884,22,3229,146.77272727272728,22,20,2,0.9090909090909091,0.9090909090909091,1895.4867481128429,94.77433740564214,0.0,distance_to_pickup,REALTIME,greedy,22,0,1,10,ok,0,2,2
1666408894,22,3210,145.9090909090909,22,20,2,0.9090909090909091,0.9090909090909091,5400.535736457613,270.02678682288064,0.0,distance_to_pickup,REALTIME,greedy,22,0,1,10,ok,0,2,2
1666408904,19,3190,167.89473684210526,19,17,2,0.8947368421052632,0.8947368421052632,1729.9141114052256,101.7596536120721,0.0,distance_to_pickup,REALTIME,greedy,19,0,1,10,ok,0,2,2
1666408914,23,3173,137.95652173913044,23,20,3,0.8695652173913043,0.8695652173913043,2203.193182381963,110.15965911909817,0.0,distance_to_pickup,REALTIME,greedy,23,0,1,10,ok,0,3,3
1666408924,26,3153,121.26923076923077,26,22,4,0.8461538461538461,0.8461538461538461,7089.535657296223,322.25162078619195,0.0,distance_to_pickup,REALTIME,greedy,26,0,1,10,ok,0,4,4
1666408934,24,3132,130.5,24,20,4,0.8333333333333334,0.8333333333333334,6278.18461027704,313.909230513852,0.0,distance_to_pickup,REALTIME,greedy,24,0,1,10,ok,0,4,4
1666408944,24,3112,129.66666666666666,24,24,0,1.0,1.0,7274.426939779493,303.1011224908122,0.0,distance_to_pickup,REALTIME,greedy,24,0,1,10,ok,0,0,0
1666408954,14,3088,220.57142857142858,14,13,1,0.9285714285714286,0.9285714285714286,2776.064527051761,213.54342515782778,0.0,distance_to_pickup,REALTIME,greedy,14,0,1,10,ok,0,1,1
1666408964,21,3075,146.42857142857142,21,17,4,0.8095238095238095,0.8095238095238095,8705.59237011258,512.0936688301517,0.0,distance_to_pickup,REALTIME,greedy,21,0,1,10,ok,0,4,4
1666408974,34,3058,89.94117647058823,34,30,4,0.8823529411764706,0.8823529411764706,5892.446990916444,196.4148996972148,0.0,distance_to_pickup,REALTIME,greedy,34,0,1,10,ok,0,4,4
1666408984,35,3028,86.51428571428572,35,32,3,0.9142857142857143,0.9142857142857143,8424.901262639041,263.27816445747004,0.0,distance_to_pickup,REALTIME,greedy,35,0,1,10,ok,0,3,3
1666408994,27,2996,110.96296296296296,27,26,1,0.9629629629629629,0.9629629629629629,6555.918916371985,252.15072755276864,0.0,distance_to_pickup,REALTIME,greedy,27,0,1,10,ok,0,1,1
1666409004,25,2971,118.84,25,23,2,0.92,0.92,4590.290591713374,199.57785181362496,0.0,distance_to_pickup,REALTIME,greedy,25,0,1,10,ok,0,2,2
1666409014,19,2949,155.21052631578948,19,18,1,0.9473684210526315,0.9473684210526315,3939.7830710053213,218.8768372780734,0.0,distance_to_pickup,REALTIME,greedy,19,0,1,10,ok,0,1,1
1666409024,26,2932,112.76923076923077,26,22,4,0.8461538461538461,0.8461538461538461,10753.395950680295,488.7907250309225,0.0,distance_to_pickup,REALTIME,greedy,26,0,1,10,ok,0,4,4
1666409034,36,2910,80.83333333333333,36,34,2,0.9444444444444444,0.9444444444444444,14466.690772660198,425.49090507824116,0.0,distance_to_pickup,REALTIME,greedy,36,0,1,10,ok,0,2,2
1666409044,33,2876,87.15151515151516,33,27,6,0.8181818181818182,0.8181818181818182,19740.573641143645,731.1323570793943,0.0,distance_to_pickup,REALTIME,greedy,33,0,1,10,ok,0,6,6
1666409054,43,2849,66.25581395348837,43,35,8,0.813953488372093,0.813953488372093,9400.358931162133,268.5816837474895,0.0,distance_to_pickup,REALTIME,greedy,43,0,1,10,ok,0,8,8
1666409064,101,2814,27.861386138613863,101,83,18,0.8217821782178217,0.8217821782178217,15442.866617734133,186.058633948604,0.0,distance_to_pickup,REALTIME,greedy,101,0,1,10,ok,0,18,18
1666409074,79,2731,34.56962025316456,79,66,13,0.8354430379746836,0.8354430379746836,11477.875078727051,173.90719816253107,0.0,distance_to_pickup,REALTIME,greedy,79,0,1,10,ok,0,13,13
1666409084,28,2665,95.17857142857143,28,26,2,0.9285714285714286,0.9285714285714286,8857.693620206213,340.68052385408515,0.0,distance_to_pickup,REALTIME,greedy,28,0,1,10,ok,0,2,2
1666409094,26,2639,101.5,26,22,4,0.8461538461538461,0.8461538461538461,7621.662661562063,346.43921188918466,0.0,distance_to_pickup,REALTIME,greedy,26,0,1,10,ok,0,4,4
1666409104,19,2617,137.73684210526315,19,16,3,0.8421052631578947,0.8421052631578947,2378.2111148751515,148.63819467969697,0.0,distance_to_pickup,REALTIME,greedy,19,0,1,10,ok,0,3,3
1666409114,17,2727,160.41176470588235,17,14,3,0.8235294117647058,0.8235294117647058,7716.540887079425,551.1814919342447,0.0,distance_to_pickup,REALTIME,greedy,17,0,1,10,ok,0,3,3
1666409124,13,2713,208.69230769230768,13,12,1,0.9230769230769231,0.9230769230769231,4705.038419718026,392.08653497650215,0.0,distance_to_pickup,REALTIME,greedy,13,0,1,10,ok,0,1,1
1666409134,11,2702,245.63636363636363,11,9,2,0.8181818181818182,0.8181818181818182,1567.3762912386742,174.15292124874156,0.0,distance_to_pickup,REALTIME,greedy,11,0,1,10,ok,0,2,2
1666409144,17,2694,158.47058823529412,17,14,3,0.8235294117647058,0.8235294117647058,11624.448159002617,830.3177256430441,0.0,distance_to_pickup,REALTIME,greedy,17,0,1,10,ok,0,3,3
1666409154,30,2680,89.33333333333333,30,27,3,0.9,0.9,6410.491008246226,237.42559289800835,0.0,distance_to_pickup,REALTIME,greedy,30,0,1,10,ok,0,3,3
1666409164,36,2655,73.75,36,28,8,0.7777777777777778,0.7777777777777778,10189.361945752538,363.9057837768764,0.0,distance_to_pickup,REALTIME,greedy,36,0,1,10,ok,0,8,8
1666409174,65,2628,40.43076923076923,65,55,10,0.8461538461538461,0.8461538461538461,30656.548827156115,557.391796857384,0.0,distance_to_pickup,REALTIME,greedy,65,0,1,10,ok,0,10,10
1666409184,153,2573,16.81699346405229,153,131,22,0.8562091503267973,0.8562091503267973,64180.179747739436,489.9250362422858,0.0,distance_to_pickup,REALTIME,greedy,153,0,1,10,ok,0,22,22
1666409194,102,2442,23.941176470588236,102,86,16,0.8431372549019608,0.8431372549019608,41387.09272795227,481.2452642785148,0.011627906976744186,distance_to_pickup,REALTIME,greedy,102,0,1,10,ok,0,16,16
1666409204,34,2356,69.29411764705883,34,28,6,0.8235294117647058,0.8235294117647058,15265.096073835319,545.1820026369757,0.0,distance_to_pickup,REALTIME,greedy,34,0,1,10,ok,0,6,6
1666409214,18,2328,129.33333333333334,18,17,1,0.9444444444444444,0.9444444444444444,8429.608619259354,495.8593305446679,0.0,distance_to_pickup,REALTIME,greedy,18,0,1,10,ok,0,1,1
1666409224,4,2312,578.0,4,4,0,1.0,1.0,1524.9515447777455,381.2378861944364,0.0,distance_to_pickup,REALTIME,greedy,4,0,1,10,ok,0,0,0
1666409234,3,2314,771.3333333333334,3,3,0,1.0,1.0,753.8884305441161,251.29614351470536,0.0,distance_to_pickup,REALTIME,greedy,3,0,1,10,ok,0,0,0
1666409244,3,2312,770.6666666666666,3,3,0,1.0,1.0,1749.4506851424471,583.1502283808157,0.0,distance_to_pickup,REALTIME,greedy,3,0,1,10,ok,0,0,0
1666409254,4,2312,578.0,4,4,0,1.0,1.0,1937.6245848937695,484.40614622344236,0.0,distance_to_pickup,REALTIME,greedy,4,0,1,10,ok,0,0,0
1666409264,8,2309,288.625,8,8,0,1.0,1.0,4243.026144745787,530.3782680932234,0.125,distance_to_pickup,REALTIME,greedy,8,0,1,10,ok,0,0,0
1666409274,8,2301,287.625,8,8,0,1.0,1.0,3097.0816114567738,387.1352014320967,0.0,distance_to_pickup,REALTIME,greedy,8,0,1,10,ok,0,0,0
1666409284,7,2294,327.7142857142857,7,7,0,1.0,1.0,4509.432093293662,644.2045847562374,0.0,distance_to_pickup,REALTIME,greedy,7,0,1,10,ok,0,0,0
1666409294,10,2287,228.7,10,10,0,1.0,1.0,10299.803943122077,1029.9803943122076,0.0,distance_to_pickup,REALTIME,greedy,10,0,1,10,ok,0,0,0
1666409304,6,2278,379.6666666666667,6,5,1,0.8333333333333334,0.8333333333333334,912.9472880605347,182.58945761210694,0.0,distance_to_pickup,REALTIME,greedy,6,0,1,10,ok,0,1,1
1666409314,5,2273,454.6,5,5,0,1.0,1.0,976.0443227497335,195.2088645499467,0.0,distance_to_pickup,REALTIME,greedy,5,0,1,10,ok,0,0,0
1666409324,11,2269,206.27272727272728,11,9,2,0.8181818181818182,0.8181818181818182,3981.905073673453,442.4338970748281,0.0,distance_to_pickup,REALTIME,greedy,11,0,1,10,ok,0,2,2
1666409334,15,2260,150.66666666666666,15,13,2,0.8666666666666667,0.8666666666666667,8061.485538605968,620.114272200459,0.0,distance_to_pickup,REALTIME,greedy,15,0,1,10,ok,0,2,2
1666409344,24,2247,93.625,24,22,2,0.9166666666666666,0.9166666666666666,16833.724982125215,765.1693173693279,0.0,distance_to_pickup,REALTIME,greedy,24,0,1,10,ok,0,2,2
1666409354,55,2226,40.472727272727276,55,51,4,0.9272727272727272,0.9272727272727272,38595.112608746786,756.7669138969958,0.0,distance_to_pickup,REALTIME,greedy,55,0,1,10,ok,0,4,4
1666409364,125,2175,17.4,125,106,19,0.848,0.848,90334.89632848787,852.2160030989422,0.0,distance_to_pickup,REALTIME,greedy,125,0,1,10,ok,0,19,19
1666409374,94,2070,22.02127659574468,94,80,14,0.851063829787234,0.851063829787234,124973.03467410829,1562.1629334263537,0.0,distance_to_pickup,REALTIME,greedy,94,0,1,10,ok,0,14,14
1666409384,24,1991,82.95833333333333,24,23,1,0.9583333333333334,0.9583333333333334,40536.909209216865,1762.4743134442115,0.0,distance_to_pickup,REALTIME,greedy,24,0,1,10,ok,0,1,1
1666409394,12,1968,164.0,12,10,2,0.8333333333333334,0.8333333333333334,12340.466958756251,1234.0466958756251,0.0,distance_to_pickup,REALTIME,greedy,12,0,1,10,ok,0,2,2
1666409404,2,1959,979.5,2,2,0,1.0,1.0,0.6343629109768925,0.31718145548844623,0.0,distance_to_pickup,REALTIME,greedy,2,0,1,10,ok,0,0,0
1666444494,1,3905,3905.0,1,0,1,0.0,0.0,0,0,0.0,distance_to_pickup,REALTIME,greedy,1,0,1,10,ok,0,1,1
1666444504,1,3905,3905.0,1,1,0,1.0,1.0,1198.266875223154,1198.266875223154,0.0,distance_to_pickup,REALTIME,greedy,1,0,1,10,ok,0,0,0
1666445964,1,3905,3905.0,1,1,0,1.0,1.0,491.0019815784387,491.0019815784387,0.0,distance_to_pickup,REALTIME,greedy,1,0,1,10,ok,0,0,0
1666483644,1,3905,3905.0,1,1,0,1.0,1.0,772.5268518942406,772.5268518942406,0.0,distance_to_pickup,REALTIME,greedy,1,0,1,10,ok,0,0,0
1666483984,1,3904,3904.0,1,1,0,1.0,1.0,368.6144017974947,368.6144017974947,0.0,distance_to_pickup,REALTIME,greedy,1,0,1,10,ok,0,0,0
1666484014,1,3903,3903.0,1,1,0,1.0,1.0,408.9303959313145,408.9303959313145,0.0,distance_to_pickup,REALTIME,greedy,1,0,1,10,ok,0,0,0
1666484394,1,3902,3902.0,1,1,0,1.0,1.0,1363.1065468437653,1363.1065468437653,0.0,distance_to_pickup,REALTIME,greedy,1,0,1,10,ok,0,0,0
1666484414,1,3901,3901.0,1,0,1,0.0,0.0,0,0,0.0,distance_to_pickup,REALTIME,greedy,1,0,1,10,ok,0,1,1
1666484424,1,3901,3901.0,1,1,0,1.0,1.0,1085.3392209275576,1085.3392209275576,0.0,distance_to_pickup,REALTIME,greedy,1,0,1,10,ok,0,0,0
1666487264,1,3905,3905.0,1,0,1,0.0,0.0,0,0,0.0,distance_to_pickup,REALTIME,greedy,1,0,1,10,ok,0,1,1
1666487274,1,3905,3905.0,1,1,0,1.0,1.0,1083.4981036383572,1083.4981036383572,0.0,distance_to_pickup,REALTIME,greedy,1,0,1,10,ok,0,0,0
1666489474,1,3905,3905.0,1,1,0,1.0,1.0,508.6218360083338,508.6218360083338,0.0,distance_to_pickup,REALTIME,greedy,1,0,1,10,ok,0,0,0
1666490314,1,3904,3904.0,1,1,0,1.0,1.0,1.59597366826769e-05,1.59597366826769e-05,0.0,distance_to_pickup,REALTIME,greedy,1,0,1,10,ok,0,0,0
1666490684,1,3903,3903.0,1,1,0,1.0,1.0,3460.958624104425,3460.958624104425,0.0,distance_to_pickup,REALTIME,greedy,1,0,1,10,ok,0,0,0
1666491194,1,3903,3903.0,1,1,0,1.0,1.0,227.40480394927363,227.40480394927363,0.0,distance_to_pickup,REALTIME,greedy,1,0,1,10,ok,0,0,0
1666491294,1,3902,3902.0,1,1,0,1.0,1.0,5.629899953591103,5.629899953591103,0.0,distance_to_pickup,REALTIME,greedy,1,0,1,10,ok,0,0,0
1666491364,1,3901,3901.0,1,1,0,1.0,1.0,3.0719530773294423e-08,3.0719530773294423e-08,0.0,distance_to_pickup,REALTIME,greedy,1,0,1,10,ok,0,0,0
1666491494,1,3900,3900.0,1,1,0,1.0,1.0,565.45394086047,565.45394086047,0.0,distance_to_pickup,REALTIME,greedy,1,0,1,10,ok,0,0,0
1666491544,1,3899,3899.0,1,1,0,1.0,1.0,1216.1703724822223,1216.1703724822223,0.0,distance_to_pickup,REALTIME,greedy,1,0,1,10,ok,0,0,0
1666491834,1,3899,3899.0,1,1,0,1.0,1.0,63.17915438237155,63.17915438237155,0.0,distance_to_pickup,REALTIME,greedy,1,0,1,10,ok,0,0,0
1666492104,1,3898,3898.0,1,1,0,1.0,1.0,836.3896586269344,836.3896586269344,0.0,distance_to_pickup,REALTIME,greedy,1,0,1,10,ok,0,0,0
1666492454,1,3898,3898.0,1,1,0,1.0,1.0,0.18181773585294808,0.18181773585294808,0.0,distance_to_pickup,REALTIME,greedy,1,0,1,10,ok,0,0,0
1666492534,1,3897,3897.0,1,1,0,1.0,1.0,140.13718093389565,140.13718093389565,0.0,distance_to_pickup,REALTIME,greedy,1,0,1,10,ok,0,0,0
1666492794,1,3898,3898.0,1,0,1,0.0,0.0,0,0,0.0,distance_to_pickup,REALTIME,greedy,1,0,1,10,ok,0,1,1
1666492804,1,3898,3898.0,1,0,1,0.0,0.0,0,0,0.0,distance_to_pickup,REALTIME,greedy,1,0,1,10,ok,0,1,1
1666492814,1,3898,3898.0,1,1,0,1.0,1.0,6.143906154658885e-08,6.143906154658885e-08,0.0,distance_to_pickup,REALTIME,greedy,1,0,1,10,ok,0,0,0
1666492824,1,3898,3898.0,1,0,1,0.0,0.0,0,0,0.0,distance_to_pickup,REALTIME,greedy,1,0,1,10,ok,0,1,1
1666492834,1,3898,3898.0,1,1,0,1.0,1.0,808.7952132357049,808.7952132357049,0.0,distance_to_pickup,REALTIME,greedy,1,0,1,10,ok,0,0,0
1666493274,1,3899,3899.0,1,1,0,1.0,1.0,3.567459051907159e-06,3.567459051907159e-06,0.0,distance_to_pickup,REALTIME,greedy,1,0,1,10,ok,0,0,0
1666493394,1,3899,3899.0,1,0,1,0.0,0.0,0,0,0.0,distance_to_pickup,REALTIME,greedy,1,0,1,10,ok,0,1,1
1666493404,2,3899,1949.5,2,2,0,1.0,1.0,0.2105457590735456,0.1052728795367728,0.0,distance_to_pickup,REALTIME,greedy,2,0,1,10,ok,0,0,0
1666493524,1,3897,3897.0,1,1,0,1.0,1.0,694.0043761139135,694.0043761139135,0.0,distance_to_pickup,REALTIME,greedy,1,0,1,10,ok,0,0,0
1666493654,1,3897,3897.0,1,1,0,1.0,1.0,90.64543475739589,90.64543475739589,0.0,distance_to_pickup,REALTIME,greedy,1,0,1,10,ok,0,0,0
1666493744,1,3896,3896.0,1,0,1,0.0,0.0,0,0,0.0,distance_to_pickup,REALTIME,greedy,1,0,1,10,ok,0,1,1
1666493754,1,3896,3896.0,1,1,0,1.0,1.0,0.1856539941040362,0.1856539941040362,0.0,distance_to_pickup,REALTIME,greedy,1,0,1,10,ok,0,0,0
1666493784,2,3895,1947.5,2,2,0,1.0,1.0,192.96192017784543,96.48096008892271,0.0,distance_to_pickup,REALTIME,greedy,2,0,1,10,ok,0,0,0
1666493814,1,3893,3893.0,1,1,0,1.0,1.0,308.70486290222885,308.70486290222885,0.0,distance_to_pickup,REALTIME,greedy,1,0,1,10,ok,0,0,0
1666493834,1,3892,3892.0,1,1,0,1.0,1.0,0.00010579957927614029,0.00010579957927614029,0.0,distance_to_pickup,REALTIME,greedy,1,0,1,10,ok,0,0,0
1666493844,1,3891,3891.0,1,1,0,1.0,1.0,0.055347229325132856,0.055347229325132856,0.0,distance_to_pickup,REALTIME,greedy,1,0,1,10,ok,0,0,0
1666493854,1,3890,3890.0,1,1,0,1.0,1.0,234.7113434362399,234.7113434362399,0.0,distance_to_pickup,REALTIME,greedy,1,0,1,10,ok,0,0,0
1666493864,2,3889,1944.5,2,1,1,0.5,0.5,41.63594216769876,41.63594216769876,0.0,distance_to_pickup,REALTIME,greedy,2,0,1,10,ok,0,1,1
1666493874,2,3888,1944.0,2,2,0,1.0,1.0,722.8382751126877,361.41913755634386,0.0,distance_to_pickup,REALTIME,greedy,2,0,1,10,ok,0,0,0
1666493884,2,3886,1943.0,2,1,1,0.5,0.5,893.0570540906126,893.0570540906126,0.0,distance_to_pickup,REALTIME,greedy,2,0,1,10,ok,0,1,1
1666493894,1,3885,3885.0,1,1,0,1.0,1.0,54.038437834093024,54.038437834093024,0.0,distance_to_pickup,REALTIME,greedy,1,0,1,10,ok,0,0,0
1666493944,2,3885,1942.5,2,2,0,1.0,1.0,1292.983515838397,646.4917579191984,0.0,distance_to_pickup,REALTIME,greedy,2,0,1,10,ok,0,0,0
1666494004,1,3884,3884.0,1,1,0,1.0,1.0,215.02440166997502,215.02440166997502,0.0,distance_to_pickup,REALTIME,greedy,1,0,1,10,ok,0,0,0
1666494024,1,3883,3883.0,1,1,0,1.0,1.0,4.284284680261431e-06,4.284284680261431e-06,0.0,distance_to_pickup,REALTIME,greedy,1,0,1,10,ok,0,0,0
1666494034,1,3882,3882.0,1,1,0,1.0,1.0,155.58920268358906,155.58920268358906,0.0,distance_to_pickup,REALTIME,greedy,1,0,1,10,ok,0,0,0
1666494114,1,3881,3881.0,1,1,0,1.0,1.0,696.7170358669069,696.7170358669069,0.0,distance_to_pickup,REALTIME,greedy,1,0,1,10,ok,0,0,0
1666494194,2,3880,1940.0,2,1,1,0.5,0.5,230.56524278492202,230.56524278492202,0.0,distance_to_pickup,REALTIME,greedy,2,0,1,10,ok,0,1,1
1666494204,2,3879,1939.5,2,2,0,1.0,1.0,887.3336636379894,443.6668318189947,0.0,distance_to_pickup,REALTIME,greedy,2,0,1,10,ok,0,0,0
1666494214,1,3877,3877.0,1,1,0,1.0,1.0,97.26193981413286,97.26193981413286,0.0,distance_to_pickup,REALTIME,greedy,1,0,1,10,ok,0,0,0
1666494264,2,3876,1938.0,2,1,1,0.5,0.5,826.4441904932238,826.4441904932238,0.0,distance_to_pickup,REALTIME,greedy,2,0,1,10,ok,0,1,1
1666494274,1,3876,3876.0,1,1,0,1.0,1.0,0.0044442521648291695,0.0044442521648291695,0.0,distance_to_pickup,REALTIME,greedy,1,0,1,10,ok,0,0,0
1666494304,2,3876,1938.0,2,2,0,1.0,1.0,2210.7033335137226,1105.3516667568613,0.0,distance_to_pickup,REALTIME,greedy,2,0,1,10,ok,0,0,0
1666494324,2,3874,1937.0,2,1,1,0.5,0.5,196.26783603730215,196.26783603730215,0.0,distance_to_pickup,REALTIME,greedy,2,0,1,10,ok,0,1,1
1666494334,1,3873,3873.0,1,1,0,1.0,1.0,16.687952549197544,16.687952549197544,0.0,distance_to_pickup,REALTIME,greedy,1,0,1,10,ok,0,0,0
1666494354,3,3872,1290.6666666666667,3,2,1,0.6666666666666666,0.6666666666666666,1166.9245906599017,583.4622953299508,0.0,distance_to_pickup,REALTIME,greedy,3,0,1,10,ok,0,1,1
1666494364,1,3870,3870.0,1,1,0,1.0,1.0,847.1688508885558,847.1688508885558,0.0,distance_to_pickup,REALTIME,greedy,1,0,1,10,ok,0,0,0
1666494374,1,3869,3869.0,1,1,0,1.0,1.0,0.03972356746762039,0.03972356746762039,0.0,distance_to_pickup,REALTIME,greedy,1,0,1,10,ok,0,0,0
1666494434,1,3868,3868.0,1,1,0,1.0,1.0,550.634809274068,550.634809274068,0.0,distance_to_pickup,REALTIME,greedy,1,0,1,10,ok,0,0,0
1666494454,2,3867,1933.5,2,2,0,1.0,1.0,1195.4662647209693,597.7331323604847,0.0,distance_to_pickup,REALTIME,greedy,2,0,1,10,ok,0,0,0
1666494464,1,3865,3865.0,1,1,0,1.0,1.0,671.649900423323,671.649900423323,0.0,distance_to_pickup,REALTIME,greedy,1,0,1,10,ok,0,0,0
1666494474,1,3864,3864.0,1,1,0,1.0,1.0,1195.8599415716403,1195.8599415716403,0.0,distance_to_pickup,REALTIME,greedy,1,0,1,10,ok,0,0,0
1666494484,3,3863,1287.6666666666667,3,3,0,1.0,1.0,321.73215504934126,107.24405168311375,0.0,distance_to_pickup,REALTIME,greedy,3,0,1,10,ok,0,0,0
1666494494,1,3860,3860.0,1,1,0,1.0,1.0,140.81962224593434,140.81962224593434,0.0,distance_to_pickup,REALTIME,greedy,1,0,1,10,ok,0,0,0
1666494504,2,3859,1929.5,2,2,0,1.0,1.0,1788.2111499071937,894.1055749535968,0.0,distance_to_pickup,REALTIME,greedy,2,0,1,10,ok,0,0,0
1666494534,4,3857,964.25,4,3,1,0.75,0.75,1.7528351885866674e-06,5.842783961955558e-07,0.0,distance_to_pickup,REALTIME,greedy,4,0,1,10,ok,0,1,1
1666494544,2,3854,1927.0,2,1,1,0.5,0.5,4.982026308837526e-05,4.982026308837526e-05,0.0,distance_to_pickup,REALTIME,greedy,2,0,1,10,ok,0,1,1
1666494554,2,3853,1926.5,2,1,1,0.5,0.5,789.4481407773693,789.4481407773693,0.0,distance_to_pickup,REALTIME,greedy,2,0,1,10,ok,0,1,1
1666494564,1,3852,3852.0,1,1,0,1.0,1.0,5.476516312496362e-06,5.476516312496362e-06,0.0,distance_to_pickup,REALTIME,greedy,1,0,1,10,ok,0,0,0
1666494584,1,3851,3851.0,1,0,1,0.0,0.0,0,0,0.0,distance_to_pickup,REALTIME,greedy,1,0,1,10,ok,0,1,1
1666494594,3,3851,1283.6666666666667,3,3,0,1.0,1.0,0.10647009244295971,0.0354900308143199,0.0,distance_to_pickup,REALTIME,greedy,3,0,1,10,ok,0,0,0
1666494604,1,3848,3848.0,1,1,0,1.0,1.0,104.15781821942456,104.15781821942456,0.0,distance_to_pickup,REALTIME,greedy,1,0,1,10,ok,0,0,0
1666494614,2,3847,1923.5,2,1,1,0.5,0.5,400.364370684901,400.364370684901,0.0,distance_to_pickup,REALTIME,greedy,2,0,1,10,ok,0,1,1
1666494624,2,3846,1923.0,2,2,0,1.0,1.0,5.694462879460935e-07,2.8472314397304677e-07,0.0,distance_to_pickup,REALTIME,greedy,2,0,1,10,ok,0,0,0
1666494634,1,3844,3844.0,1,1,0,1.0,1.0,0.00014864248978294499,0.00014864248978294499,0.0,distance_to_pickup,REALTIME,greedy,1,0,1,10,ok,0,0,0
1666494644,2,3843,1921.5,2,2,0,1.0,1.0,98.6973021667397,49.34865108336985,0.0,distance_to_pickup,REALTIME,greedy,2,0,1,10,ok,0,0,0
1666494654,3,3841,1280.3333333333333,3,2,1,0.6666666666666666,0.6666666666666666,16.718742488306102,8.359371244153051,0.0,distance_to_pickup,REALTIME,greedy,3,0,1,10,ok,0,1,1
1666494664,3,3839,1279.6666666666667,3,2,1,0.6666666666666666,0.6666666666666666,1.6917027601853467,0.8458513800926734,0.0,distance_to_pickup,REALTIME,greedy,3,0,1,10,ok,0,1,1
1666494674,4,3837,959.25,4,3,1,0.75,0.75,532.0032787036199,177.33442623453996,0.0,distance_to_pickup,REALTIME,greedy,4,0,1,10,ok,0,1,1
1666494684,3,3834,1278.0,3,3,0,1.0,1.0,300.75378929401637,100.25126309800545,0.0,distance_to_pickup,REALTIME,greedy,3,0,1,10,ok,0,0,0
1666494694,2,3831,1915.5,2,2,0,1.0,1.0,151.08275887025346,75.54137943512673,0.0,distance_to_pickup,REALTIME,greedy,2,0,1,10,ok,0,0,0
1666494704,1,3829,3829.0,1,1,0,1.0,1.0,1646.0513357720079,1646.0513357720079,0.0,distance_to_pickup,REALTIME,greedy,1,0,1,10,ok,0,0,0
1666494714,2,3828,1914.0,2,2,0,1.0,1.0,329.22516067746375,164.61258033873187,0.0,distance_to_pickup,REALTIME,greedy,2,0,1,10,ok,0,0,0
1666494724,2,3826,1913.0,2,2,0,1.0,1.0,118.40144456926194,59.20072228463097,0.0,distance_to_pickup,REALTIME,greedy,2,0,1,10,ok,0,0,0
1666494734,5,3825,765.0,5,4,1,0.8,0.8,34.268094200884505,8.567023550221126,0.0,distance_to_pickup,REALTIME,greedy,5,0,1,10,ok,0,1,1
1666494744,5,3821,764.2,5,5,0,1.0,1.0,489.4427600579421,97.88855201158842,0.0,distance_to_pickup,REALTIME,greedy,5,0,1,10,ok,0,0,0
1666494754,2,3816,1908.0,2,2,0,1.0,1.0,4.242267218792342,2.121133609396171,0.0,distance_to_pickup,REALTIME,greedy,2,0,1,10,ok,0,0,0
1666494764,1,3814,3814.0,1,1,0,1.0,1.0,0.010344900633056334,0.010344900633056334,0.0,distance_to_pickup,REALTIME,greedy,1,0,1,10,ok,0,0,0
1666494774,1,3813,3813.0,1,1,0,1.0,1.0,5.983238373075083e-07,5.983238373075083e-07,0.0,distance_to_pickup,REALTIME,greedy,1,0,1,10,ok,0,0,0
1666494784,2,3812,1906.0,2,2,0,1.0,1.0,144.61581901328978,72.30790950664489,0.0,distance_to_pickup,REALTIME,greedy,2,0,1,10,ok,0,0,0
1666494794,2,3810,1905.0,2,2,0,1.0,1.0,0.051371501100747605,0.025685750550373802,0.0,distance_to_pickup,REALTIME,greedy,2,0,1,10,ok,0,0,0
1666494804,4,3808,952.0,4,4,0,1.0,1.0,434.5278980940927,108.63197452352317,0.0,distance_to_pickup,REALTIME,greedy,4,0,1,10,ok,0,0,0
1666494814,5,3804,760.8,5,4,1,0.8,0.8,66.73425143544156,16.68356285886039,0.0,distance_to_pickup,REALTIME,greedy,5,0,1,10,ok,0,1,1
1666494824,3,3800,1266.6666666666667,3,3,0,1.0,1.0,0.0076688318269158805,0.002556277275638627,0.0,distance_to_pickup,REALTIME,greedy,3,0,1,10,ok,0,0,0
1666494834,3,3797,1265.6666666666667,3,3,0,1.0,1.0,572.1255812864922,190.7085270954974,0.0,distance_to_pickup,REALTIME,greedy,3,0,1,10,ok,0,0,0
1666494844,6,3794,632.3333333333334,6,6,0,1.0,1.0,13.849965546951662,2.3083275911586103,0.0,distance_to_pickup,REALTIME,greedy,6,0,1,10,ok,0,0,0
1666494854,3,3788,1262.6666666666667,3,3,0,1.0,1.0,990.003003606848,330.0010012022827,0.0,distance_to_pickup,REALTIME,greedy,3,0,1,10,ok,0,0,0
1666494864,3,3787,1262.3333333333333,3,2,1,0.6666666666666666,0.6666666666666666,1.0745380149674383e-07,5.3726900748371916e-08,0.0,distance_to_pickup,REALTIME,greedy,3,0,1,10,ok,0,1,1
1666494874,3,3785,1261.6666666666667,3,3,0,1.0,1.0,307.52579232804607,102.50859744268202,0.0,distance_to_pickup,REALTIME,greedy,3,0,1,10,ok,0,0,0
1666494884,1,3782,3782.0,1,1,0,1.0,1.0,59.66930086500874,59.66930086500874,0.0,distance_to_pickup,REALTIME,greedy,1,0,1,10,ok,0,0,0
1666494894,2,3781,1890.5,2,2,0,1.0,1.0,465.89656656208723,232.94828328104362,0.0,distance_to_pickup,REALTIME,greedy,2,0,1,10,ok,0,0,0
1666494904,6,3779,629.8333333333334,6,6,0,1.0,1.0,364.1273955996928,60.68789926661547,0.0,distance_to_pickup,REALTIME,greedy,6,0,1,10,ok,0,0,0
1666494914,1,3773,3773.0,1,1,0,1.0,1.0,387.49064507899743,387.49064507899743,0.0,distance_to_pickup,REALTIME,greedy,1,0,1,10,ok,0,0,0
1666494924,7,3772,538.8571428571429,7,6,1,0.8571428571428571,0.8571428571428571,7332.153140346022,1222.0255233910036,0.0,distance_to_pickup,REALTIME,greedy,7,0,1,10,ok,0,1,1
1666494934,5,3766,753.2,5,4,1,0.8,0.8,251.09706307980184,62.77426576995046,0.0,distance_to_pickup,REALTIME,greedy,5,0,1,10,ok,0,1,1
1666494944,5,3762,752.4,5,5,0,1.0,1.0,1310.0089031191412,262.00178062382827,0.0,distance_to_pickup,REALTIME,greedy,5,0,1,10,ok,0,0,0
1666494954,7,3757,536.7142857142857,7,7,0,1.0,1.0,192.99945490558716,27.571350700798167,0.0,distance_to_pickup,REALTIME,greedy,7,0,1,10,ok,0,0,0
1666494964,8,3750,468.75,8,6,2,0.75,0.75,663.544315440064,110.59071924001067,0.0,distance_to_pickup,REALTIME,greedy,8,0,1,10,ok,0,2,2
1666494974,8,3744,468.0,8,7,1,0.875,0.875,3187.502185049909,455.35745500712983,0.0,distance_to_pickup,REALTIME,greedy,8,0,1,10,ok,0,1,1
1666494984,9,3738,415.3333333333333,9,7,2,0.7777777777777778,0.7777777777777778,720.0556393021978,102.86509132888541,0.0,distance_to_pickup,REALTIME,greedy,9,0,1,10,ok,0,2,2
1666494994,10,3731,373.1,10,8,2,0.8,0.8,1240.0927286712615,155.0115910839077,0.0,distance_to_pickup,REALTIME,greedy,10,0,1,10,ok,0,2,2
1666495004,12,3723,310.25,12,9,3,0.75,0.75,1012.6699460322911,112.5188828924768,0.0,distance_to_pickup,REALTIME,greedy,12,0,1,10,ok,0,3,3
1666495014,11,3714,337.6363636363636,11,9,2,0.8181818181818182,0.8181818181818182,1328.343765357424,147.59375170638043,0.0,distance_to_pickup,REALTIME,greedy,11,0,1,10,ok,0,2,2
1666495024,12,3705,308.75,12,12,0,1.0,1.0,757.3586395014864,63.1132199584572,0.0,distance_to_pickup,REALTIME,greedy,12,0,1,10,ok,0,0,0
1666495034,3,3693,1231.0,3,3,0,1.0,1.0,0.2281146009541566,0.0760382003180522,0.0,distance_to_pickup,REALTIME,greedy,3,0,1,10,ok,0,0,0
1666495044,6,3690,615.0,6,5,1,0.8333333333333334,0.8333333333333334,3.7130667314718013,0.7426133462943603,0.0,distance_to_pickup,REALTIME,greedy,6,0,1,10,ok,0,1,1
1666495054,12,3685,307.0833333333333,12,11,1,0.9166666666666666,0.9166666666666666,1381.1695358457976,125.56086689507251,0.0,distance_to_pickup,REALTIME,greedy,12,0,1,10,ok,0,1,1
1666495064,6,3674,612.3333333333334,6,4,2,0.6666666666666666,0.6666666666666666,330.12424149917626,82.53106037479407,0.0,distance_to_pickup,REALTIME,greedy,6,0,1,10,ok,0,2,2
1666495074,7,3670,524.2857142857143,7,6,1,0.8571428571428571,0.8571428571428571,756.5695948637516,126.09493247729193,0.0,distance_to_pickup,REALTIME,greedy,7,0,1,10,ok,0,1,1
1666495084,7,3664,523.4285714285714,7,6,1,0.8571428571428571,0.8571428571428571,1334.3019955450195,222.38366592416992,0.0,distance_to_pickup,REALTIME,greedy,7,0,1,10,ok,0,1,1
1666495094,12,3658,304.8333333333333,12,10,2,0.8333333333333334,0.8333333333333334,1645.4371247201966,164.54371247201965,0.0,distance_to_pickup,REALTIME,greedy,12,0,1,10,ok,0,2,2
1666495104,12,3648,304.0,12,10,2,0.8333333333333334,0.8333333333333334,2819.7069222223504,281.970692222235,0.0,distance_to_pickup,REALTIME,greedy,12,0,1,10,ok,0,2,2
1666495114,10,3639,363.9,10,8,2,0.8,0.8,1557.3471639635588,194.66839549544486,0.0,distance_to_pickup,REALTIME,greedy,10,0,1,10,ok,0,2,2
1666495124,10,3631,363.1,10,10,0,1.0,1.0,2495.210871765262,249.52108717652618,0.0,distance_to_pickup,REALTIME,greedy,10,0,1,10,ok,0,0,0
1666495134,10,3621,362.1,10,10,0,1.0,1.0,1306.7753885345205,130.67753885345206,0.0,distance_to_pickup,REALTIME,greedy,10,0,1,10,ok,0,0,0
1666495144,11,3611,328.27272727272725,11,7,4,0.6363636363636364,0.6363636363636364,1202.4307967680845,171.77582810972635,0.0,distance_to_pickup,REALTIME,greedy,11,0,1,10,ok,0,4,4
1666495154,10,3604,360.4,10,9,1,0.9,0.9,400.1515769434699,44.46128632705221,0.0,distance_to_pickup,REALTIME,greedy,10,0,1,10,ok,0,1,1
1666495164,10,3595,359.5,10,9,1,0.9,0.9,1976.6263838480606,219.6251537608956,0.0,distance_to_pickup,REALTIME,greedy,10,0,1,10,ok,0,1,1
1666495174,14,3586,256.14285714285717,14,12,2,0.8571428571428571,0.8571428571428571,1350.2255280068737,112.51879400057281,0.0,distance_to_pickup,REALTIME,greedy,14,0,1,10,ok,0,2,2
1666495184,16,3574,223.375,16,14,2,0.875,0.875,1126.8374022087048,80.48838587205034,0.0,distance_to_pickup,REALTIME,greedy,16,0,1,10,ok,0,2,2
1666495194,15,3560,237.33333333333334,15,13,2,0.8666666666666667,0.8666666666666667,1605.565402651185,123.50503097316808,0.0,distance_to_pickup,REALTIME,greedy,15,0,1,10,ok,0,2,2
1666495204,17,3547,208.64705882352942,17,15,2,0.8823529411764706,0.8823529411764706,1221.6595476350776,81.4439698423385,0.0,distance_to_pickup,REALTIME,greedy,17,0,1,10,ok,0,2,2
1666495214,11,3533,321.1818181818182,11,11,0,1.0,1.0,449.0007876426531,40.81825342205937,0.0,distance_to_pickup,REALTIME,greedy,11,0,1,10,ok,0,0,0
1666495224,20,3522,176.1,20,18,2,0.9,0.9,3892.960373391274,216.27557629951522,0.0,distance_to_pickup,REALTIME,greedy,20,0,1,10,ok,0,2,2
1666495234,17,3504,206.11764705882354,17,16,1,0.9411764705882353,0.9411764705882353,748.9364126881001,46.808525793006254,0.0,distance_to_pickup,REALTIME,greedy,17,0,1,10,ok,0,1,1
1666495244,14,3490,249.28571428571428,14,12,2,0.8571428571428571,0.8571428571428571,344.0226120286899,28.668551002390824,0.0,distance_to_pickup,REALTIME,greedy,14,0,1,10,ok,0,2,2
1666495254,15,3478,231.86666666666667,15,12,3,0.8,0.8,714.560576662755,59.54671472189625,0.0,distance_to_pickup,REALTIME,greedy,15,0,1,10,ok,0,3,3
1666495264,26,3466,133.30769230769232,26,24,2,0.9230769230769231,0.9230769230769231,2082.455818855488,86.76899245231199,0.0,distance_to_pickup,REALTIME,greedy,26,0,1,10,ok,0,2,2
1666495274,18,3443,191.27777777777777,18,15,3,0.8333333333333334,0.8333333333333334,2308.759943667855,153.917329577857,0.0,distance_to_pickup,REALTIME,greedy,18,0,1,10,ok,0,3,3
1666495284,20,3428,171.4,20,18,2,0.9,0.9,4491.670829359551,249.53726829775283,0.0,distance_to_pickup,REALTIME,greedy,20,0,1,10,ok,0,2,2
1666495294,19,3411,179.52631578947367,19,17,2,0.8947368421052632,0.8947368421052632,1327.2836508581515,78.07550887400892,0.0,distance_to_pickup,REALTIME,greedy,19,0,1,10,ok,0,2,2
1666495304,19,3395,178.68421052631578,19,16,3,0.8421052631578947,0.8421052631578947,809.3390661775452,50.583691636096574,0.0,distance_to_pickup,REALTIME,greedy,19,0,1,10,ok,0,3,3
1666495314,20,3380,169.0,20,19,1,0.95,0.95,4093.767941759093,215.46147061889963,0.0,distance_to_pickup,REALTIME,greedy,20,0,1,10,ok,0,1,1
1666495324,23,3362,146.17391304347825,23,20,3,0.8695652173913043,0.8695652173913043,2637.1266246422542,131.85633123211272,0.0,distance_to_pickup,REALTIME,greedy,23,0,1,10,ok,0,3,3
1666495334,24,3344,139.33333333333334,24,18,6,0.75,0.75,2794.1919946046432,155.23288858914685,0.05555555555555555,distance_to_pickup,REALTIME,greedy,24,0,1,10,ok,0,6,6
1666495344,23,3327,144.65217391304347,23,15,8,0.6521739130434783,0.6521739130434783,1360.8063401445493,90.72042267630329,0.0,distance_to_pickup,REALTIME,greedy,23,0,1,10,ok,0,8,8
1666495354,25,3313,132.52,25,24,1,0.96,0.96,7716.673000406755,321.5280416836148,0.0,distance_to_pickup,REALTIME,greedy,25,0,1,10,ok,0,1,1
1666495364,22,3289,149.5,22,18,4,0.8181818181818182,0.8181818181818182,1922.4019712213992,106.80010951229995,0.0,distance_to_pickup,REALTIME,greedy,22,0,1,10,ok,0,4,4
1666495374,20,3271,163.55,20,17,3,0.85,0.85,3186.835104536202,187.46088850212954,0.0,distance_to_pickup,REALTIME,greedy,20,0,1,10,ok,0,3,3
1666495384,34,3254,95.70588235294117,34,27,7,0.7941176470588235,0.7941176470588235,5224.537910535238,193.5014040938977,0.0,distance_to_pickup,REALTIME,greedy,34,0,1,10,ok,0,7,7
1666495394,27,3227,119.51851851851852,27,25,2,0.9259259259259259,0.9259259259259259,3837.820552135999,153.51282208543998,0.0,distance_to_pickup,REALTIME,greedy,27,0,1,10,ok,0,2,2
1666495404,25,3204,128.16,25,23,2,0.92,0.92,3659.7654485677376,159.12023689424947,0.0,distance_to_pickup,REALTIME,greedy,25,0,1,10,ok,0,2,2
1666495414,22,3181,144.5909090909091,22,17,5,0.7727272727272727,0.7727272727272727,1386.8843350992022,81.58143147642366,0.0,distance_to_pickup,REALTIME,greedy,22,0,1,10,ok,0,5,5
1666495424,27,3164,117.18518518518519,27,27,0,1.0,1.0,2002.1565282381755,74.1539454903028,0.0,distance_to_pickup,REALTIME,greedy,27,0,1,10,ok,0,0,0
1666495434,21,3137,149.38095238095238,21,15,6,0.7142857142857143,0.7142857142857143,2886.8265520754862,192.4551034716991,0.0,distance_to_pickup,REALTIME,greedy,21,0,1,10,ok,0,6,6
1666495444,26,3122,120.07692307692308,26,22,4,0.8461538461538461,0.8461538461538461,4172.086383071785,189.64029013962661,0.0,distance_to_pickup,REALTIME,greedy,26,0,1,10,ok,0,4,4
1666495454,28,3100,110.71428571428571,28,22,6,0.7857142857142857,0.7857142857142857,4478.75074881594,203.57957949163364,0.0,distance_to_pickup,REALTIME,greedy,28,0,1,10,ok,0,6,6
1666495464,54,3079,57.01851851851852,54,46,8,0.8518518518518519,0.8518518518518519,9380.763521242518,203.92964176614169,0.0,distance_to_pickup,REALTIME,greedy,54,0,1,10,ok,0,8,8
1666495474,95,3033,31.926315789473684,95,87,8,0.9157894736842105,0.9157894736842105,19660.422566858837,225.98186858458433,0.022988505747126436,distance_to_pickup,REALTIME,greedy,95,0,1,10,ok,0,8,8
1666495484,49,2947,60.142857142857146,49,43,6,0.8775510204081632,0.8775510204081632,20735.390547843108,482.21838483356066,0.0,distance_to_pickup,REALTIME,greedy,49,0,1,10,ok,0,6,6
1666495494,31,2905,93.70967741935483,31,25,6,0.8064516129032258,0.8064516129032258,8251.46783883114,330.05871355324564,0.0,distance_to_pickup,REALTIME,greedy,31,0,1,10,ok,0,6,6
1666495504,32,2880,90.0,32,28,4,0.875,0.875,23797.473901938527,849.9097822120902,0.0,distance_to_pickup,REALTIME,greedy,32,0,1,10,ok,0,4,4
1666495514,16,2852,178.25,16,15,1,0.9375,0.9375,8134.029243086462,542.2686162057641,0.0,distance_to_pickup,REALTIME,greedy,16,0,1,10,ok,0,1,1
1666495524,10,2928,292.8,10,10,0,1.0,1.0,3557.6397216075147,355.76397216075145,0.0,distance_to_pickup,REALTIME,greedy,10,0,1,10,ok,0,0,0
1666495534,9,2918,324.22222222222223,9,6,3,0.6666666666666666,0.6666666666666666,1376.356558973211,229.3927598288685,0.0,distance_to_pickup,REALTIME,greedy,9,0,1,10,ok,0,3,3
1666495544,15,2912,194.13333333333333,15,14,1,0.9333333333333333,0.9333333333333333,3124.1198395321103,223.15141710943644,0.0,distance_to_pickup,REALTIME,greedy,15,0,1,10,ok,0,1,1
1666495554,13,2898,222.92307692307693,13,12,1,0.9230769230769231,0.9230769230769231,2178.0874311087473,181.50728592572895,0.0,distance_to_pickup,REALTIME,greedy,13,0,1,10,ok,0,1,1
1666495564,27,2886,106.88888888888889,27,25,2,0.9259259259259259,0.9259259259259259,17770.87997970817,710.8351991883268,0.0,distance_to_pickup,REALTIME,greedy,27,0,1,10,ok,0,2,2
1666495574,24,2862,119.25,24,20,4,0.8333333333333334,0.8333333333333334,8920.437828409513,446.02189142047564,0.0,distance_to_pickup,REALTIME,greedy,24,0,1,10,ok,0,4,4
1666495584,75,2842,37.89333333333333,75,67,8,0.8933333333333333,0.8933333333333333,20089.81689129594,299.84801330292447,0.0,distance_to_pickup,REALTIME,greedy,75,0,1,10,ok,0,8,8
1666495594,134,2775,20.708955223880597,134,117,17,0.8731343283582089,0.8731343283582089,49363.551524240254,421.91069678837823,0.0,distance_to_pickup,REALTIME,greedy,134,0,1,10,ok,0,17,17
1666495604,81,2658,32.81481481481482,81,73,8,0.9012345679012346,0.9012345679012346,34650.3319911764,474.66208207090955,0.0136986301369863,distance_to_pickup,REALTIME,greedy,81,0,1,10,ok,0,8,8
1666495614,29,2585,89.13793103448276,29,25,4,0.8620689655172413,0.8620689655172413,12466.465575761331,498.6586230304532,0.0,distance_to_pickup,REALTIME,greedy,29,0,1,10,ok,0,4,4
1666495624,13,2560,196.92307692307693,13,9,4,0.6923076923076923,0.6923076923076923,4631.055041067224,514.5616712296916,0.0,distance_to_pickup,REALTIME,greedy,13,0,1,10,ok,0,4,4
1666495634,12,2551,212.58333333333334,12,12,0,1.0,1.0,3905.849884854925,325.4874904045771,0.0,distance_to_pickup,REALTIME,greedy,12,0,1,10,ok,0,0,0
1666495644,5,2548,509.6,5,5,0,1.0,1.0,763.8875735178722,152.77751470357444,0.0,distance_to_pickup,REALTIME,greedy,5,0,1,10,ok,0,0,0
1666495654,12,2544,212.0,12,10,2,0.8333333333333334,0.8333333333333334,3221.352831600358,322.1352831600358,0.0,distance_to_pickup,REALTIME,greedy,12,0,1,10,ok,0,2,2
1666495664,7,2536,362.2857142857143,7,7,0,1.0,1.0,2153.763860288177,307.68055146973956,0.0,distance_to_pickup,REALTIME,greedy,7,0,1,10,ok,0,0,0
1666495674,8,2530,316.25,8,8,0,1.0,1.0,4410.361122903374,551.2951403629218,0.0,distance_to_pickup,REALTIME,greedy,8,0,1,10,ok,0,0,0
1666495684,6,2522,420.3333333333333,6,6,0,1.0,1.0,615.9361595301278,102.65602658835464,0.0,distance_to_pickup,REALTIME,greedy,6,0,1,10,ok,0,0,0
1666495694,3,2516,838.6666666666666,3,3,0,1.0,1.0,82.59345138590625,27.53115046196875,0.0,distance_to_pickup,REALTIME,greedy,3,0,1,10,ok,0,0,0
1666495704,14,2513,179.5,14,14,0,1.0,1.0,4984.065233297216,356.0046595212297,0.0,distance_to_pickup,REALTIME,greedy,14,0,1,10,ok,0,0,0
1666495714,6,2499,416.5,6,6,0,1.0,1.0,13660.098554345248,2276.6830923908747,0.0,distance_to_pickup,REALTIME,greedy,6,0,1,10,ok,0,0,0
1666495724,6,2494,415.6666666666667,6,6,0,1.0,1.0,2389.848780894111,398.3081301490185,0.0,distance_to_pickup,REALTIME,greedy,6,0,1,10,ok,0,0,0
1666495734,9,2489,276.55555555555554,9,7,2,0.7777777777777778,0.7777777777777778,2804.2126705582095,400.6018100797442,0.0,distance_to_pickup,REALTIME,greedy,9,0,1,10,ok,0,2,2
1666495744,20,2482,124.1,20,18,2,0.9,0.9,6739.222004118914,374.4012224510508,0.0,distance_to_pickup,REALTIME,greedy,20,0,1,10,ok,0,2,2
1666495754,18,2464,136.88888888888889,18,18,0,1.0,1.0,9519.805084780985,528.8780602656102,0.0,distance_to_pickup,REALTIME,greedy,18,0,1,10,ok,0,0,0
1666495764,54,2448,45.333333333333336,54,45,9,0.8333333333333334,0.8333333333333334,32768.406550225256,728.186812227228,0.0,distance_to_pickup,REALTIME,greedy,54,0,1,10,ok,0,9,9
1666495774,142,2403,16.922535211267604,142,115,27,0.8098591549295775,0.8098591549295775,71011.89737160824,617.4947597531151,0.0,distance_to_pickup,REALTIME,greedy,142,0,1,10,ok,0,27,27
1666495784,96,2289,23.84375,96,77,19,0.8020833333333334,0.8020833333333334,51811.29455560934,672.8739552676537,0.0,distance_to_pickup,REALTIME,greedy,96,0,1,10,ok,0,19,19
1666495794,42,2213,52.69047619047619,42,39,3,0.9285714285714286,0.9285714285714286,36631.85193254715,939.2782546806961,0.0,distance_to_pickup,REALTIME,greedy,42,0,1,10,ok,0,3,3
1666495804,8,2174,271.75,8,7,1,0.875,0.875,3215.6734468869345,459.3819209838478,0.0,distance_to_pickup,REALTIME,greedy,8,0,1,10,ok,0,1,1
1666495814,2,2169,1084.5,2,1,1,0.5,0.5,76.22750769528214,76.22750769528214,0.0,distance_to_pickup,REALTIME,greedy,2,0,1,10,ok,0,1,1
1666495824,1,2173,2173.0,1,0,1,0.0,0.0,0,0,0.0,distance_to_pickup,REALTIME,greedy,1,0,1,10,ok,0,1,1
1666495834,1,2174,2174.0,1,1,0,1.0,1.0,1.5359765386647212e-07,1.5359765386647212e-07,0.0,distance_to_pickup,REALTIME,greedy,1,0,1,10,ok,0,0,0
1666534124,1,4009,4009.0,1,1,0,1.0,1.0,1.5359765386647212e-07,1.5359765386647212e-07,0.0,distance_to_pickup,REALTIME,greedy,1,0,1,10,ok,0,0,0
1666569894,1,4009,4009.0,1,0,1,0.0,0.0,0,0,0.0,distance_to_pickup,REALTIME,greedy,1,0,1,10,ok,0,1,1
1666569904,1,4009,4009.0,1,1,0,1.0,1.0,641.6508511848104,641.6508511848104,0.0,distance_to_pickup,REALTIME,greedy,1,0,1,10,ok,0,0,0
1666571824,1,4009,4009.0,1,1,0,1.0,1.0,339.547001900632,339.547001900632,0.0,distance_to_pickup,REALTIME,greedy,1,0,1,10,ok,0,0,0
1666572314,1,4008,4008.0,1,0,1,0.0,0.0,0,0,0.0,distance_to_pickup,REALTIME,greedy,1,0,1,10,ok,0,1,1
1666572324,1,4008,4008.0,1,1,0,1.0,1.0,345.4911089288196,345.4911089288196,0.0,distance_to_pickup,REALTIME,greedy,1,0,1,10,ok,0,0,0
1666574134,1,4009,4009.0,1,1,0,1.0,1.0,344.52430973735363,344.52430973735363,0.0,distance_to_pickup,REALTIME,greedy,1,0,1,10,ok,0,0,0
1666574494,1,4008,4008.0,1,1,0,1.0,1.0,322.4054923913332,322.4054923913332,0.0,distance_to_pickup,REALTIME,greedy,1,0,1,10,ok,0,0,0
1666574544,1,4007,4007.0,1,1,0,1.0,1.0,4.349224971067661e-06,4.349224971067661e-06,0.0,distance_to_pickup,REALTIME,greedy,1,0,1,10,ok,0,0,0
1666575004,1,4006,4006.0,1,1,0,1.0,1.0,7.028471669135242e-05,7.028471669135242e-05,0.0,distance_to_pickup,REALTIME,greedy,1,0,1,10,ok,0,0,0
1666575154,1,4005,4005.0,1,1,0,1.0,1.0,31.9707929088427,31.9707929088427,0.0,distance_to_pickup,REALTIME,greedy,1,0,1,10,ok,0,0,0
1666575964,1,4006,4006.0,1,1,0,1.0,1.0,158.76082638915707,158.76082638915707,0.0,distance_to_pickup,REALTIME,greedy,1,0,1,10,ok,0,0,0
1666576104,1,4006,4006.0,1,1,0,1.0,1.0,217.71790487582157,217.71790487582157,0.0,distance_to_pickup,REALTIME,greedy,1,0,1,10,ok,0,0,0
1666576334,1,4005,4005.0,1,1,0,1.0,1.0,1.3181422660465637e-07,1.3181422660465637e-07,0.0,distance_to_pickup,REALTIME,greedy,1,0,1,10,ok,0,0,0
1666576494,1,4005,4005.0,1,1,0,1.0,1.0,100.49274511824143,100.49274511824143,0.0,distance_to_pickup,REALTIME,greedy,1,0,1,10,ok,0,0,0
1666576674,1,4005,4005.0,1,1,0,1.0,1.0,0.0010714862858572497,0.0010714862858572497,0.0,distance_to_pickup,REALTIME,greedy,1,0,1,10,ok,0,0,0
1666576764,1,4004,4004.0,1,1,0,1.0,1.0,3.2655309141890894e-07,3.2655309141890894e-07,0.0,distance_to_pickup,REALTIME,greedy,1,0,1,10,ok,0,0,0
1666576984,1,4003,4003.0,1,1,0,1.0,1.0,95.82079364961179,95.82079364961179,0.0,distance_to_pickup,REALTIME,greedy,1,0,1,10,ok,0,0,0
1666577014,1,4002,4002.0,1,0,1,0.0,0.0,0,0,0.0,distance_to_pickup,REALTIME,greedy,1,0,1,10,ok,0,1,1
1666577024,1,4002,4002.0,1,1,0,1.0,1.0,3.0719530773294423e-08,3.0719530773294423e-08,0.0,distance_to_pickup,REALTIME,greedy,1,0,1,10,ok,0,0,0
1666577274,1,4001,4001.0,1,1,0,1.0,1.0,311.70164491169083,311.70164491169083,0.0,distance_to_pickup,REALTIME,greedy,1,0,1,10,ok,0,0,0
1666577404,1,4000,4000.0,1,1,0,1.0,1.0,506.42258698644144,506.42258698644144,0.0,distance_to_pickup,REALTIME,greedy,1,0,1,10,ok,0,0,0
1666577454,1,4000,4000.0,1,1,0,1.0,1.0,94.0970206740615,94.0970206740615,0.0,distance_to_pickup,REALTIME,greedy,1,0,1,10,ok,0,0,0
1666577574,1,4000,4000.0,1,1,0,1.0,1.0,34.51253922199869,34.51253922199869,0.0,distance_to_pickup,REALTIME,greedy,1,0,1,10,ok,0,0,0
1666577704,1,3999,3999.0,1,1,0,1.0,1.0,6.143906154658885e-08,6.143906154658885e-08,0.0,distance_to_pickup,REALTIME,greedy,1,0,1,10,ok,0,0,0
1666577814,1,3999,3999.0,1,1,0,1.0,1.0,292.1529178771945,292.1529178771945,0.0,distance_to_pickup,REALTIME,greedy,1,0,1,10,ok,0,0,0
1666578004,1,3999,3999.0,1,1,0,1.0,1.0,986.2502681044377,986.2502681044377,0.0,distance_to_pickup,REALTIME,greedy,1,0,1,10,ok,0,0,0
1666578024,1,3998,3998.0,1,1,0,1.0,1.0,0.0,0.0,0.0,distance_to_pickup,REALTIME,greedy,1,0,1,10,ok,0,0,0
1666578444,1,4000,4000.0,1,1,0,1.0,1.0,1415.7501742286372,1415.7501742286372,0.0,distance_to_pickup,REALTIME,greedy,1,0,1,10,ok,0,0,0
1666578644,1,4000,4000.0,1,1,0,1.0,1.0,167.10774967068403,167.10774967068403,0.0,distance_to_pickup,REALTIME,greedy,1,0,1,10,ok,0,0,0
1666578684,1,3999,3999.0,1,1,0,1.0,1.0,202.58825237411966,202.58825237411966,0.0,distance_to_pickup,REALTIME,greedy,1,0,1,10,ok,0,0,0
1666578804,1,3999,3999.0,1,1,0,1.0,1.0,26.93206753473705,26.93206753473705,0.0,distance_to_pickup,REALTIME,greedy,1,0,1,10,ok,0,0,0
1666579104,1,4001,4001.0,1,1,0,1.0,1.0,47.50095650756033,47.50095650756033,0.0,distance_to_pickup,REALTIME,greedy,1,0,1,10,ok,0,0,0
1666579164,2,4001,2000.5,2,2,0,1.0,1.0,14.312734891260659,7.1563674456303294,0.0,distance_to_pickup,REALTIME,greedy,2,0,1,10,ok,0,0,0
1666579204,1,3999,3999.0,1,1,0,1.0,1.0,0.005645174280542366,0.005645174280542366,0.0,distance_to_pickup,REALTIME,greedy,1,0,1,10,ok,0,0,0
1666579244,1,3998,3998.0,1,1,0,1.0,1.0,292.1341817550874,292.1341817550874,0.0,distance_to_pickup,REALTIME,greedy,1,0,1,10,ok,0,0,0
1666579454,1,3998,3998.0,1,1,0,1.0,1.0,500.4465042814977,500.4465042814977,0.0,distance_to_pickup,REALTIME,greedy,1,0,1,10,ok,0,0,0
1666579534,1,3999,3999.0,1,1,0,1.0,1.0,0.20334183866898026,0.20334183866898026,0.0,distance_to_pickup,REALTIME,greedy,1,0,1,10,ok,0,0,0
1666579544,1,3998,3998.0,1,1,0,1.0,1.0,432.0630975762055,432.0630975762055,0.0,distance_to_pickup,REALTIME,greedy,1,0,1,10,ok,0,0,0
1666579584,1,3997,3997.0,1,1,0,1.0,1.0,698.313325082935,698.313325082935,0.0,distance_to_pickup,REALTIME,greedy,1,0,1,10,ok,0,0,0
1666579864,1,3996,3996.0,1,1,0,1.0,1.0,308.478174008354,308.478174008354,0.0,distance_to_pickup,REALTIME,greedy,1,0,1,10,ok,0,0,0
1666579944,1,3996,3996.0,1,1,0,1.0,1.0,123.17628410064273,123.17628410064273,0.0,distance_to_pickup,REALTIME,greedy,1,0,1,10,ok,0,0,0
1666579994,1,3995,3995.0,1,1,0,1.0,1.0,835.7705140237692,835.7705140237692,0.0,distance_to_pickup,REALTIME,greedy,1,0,1,10,ok,0,0,0
1666580004,1,3994,3994.0,1,0,1,0.0,0.0,0,0,0.0,distance_to_pickup,REALTIME,greedy,1,0,1,10,ok,0,1,1
1666580014,1,3994,3994.0,1,1,0,1.0,1.0,0.12749284014363743,0.12749284014363743,0.0,distance_to_pickup,REALTIME,greedy,1,0,1,10,ok,0,0,0
1666580074,1,3993,3993.0,1,1,0,1.0,1.0,6.143906154658885e-08,6.143906154658885e-08,0.0,distance_to_pickup,REALTIME,greedy,1,0,1,10,ok,0,0,0
1666580134,1,3993,3993.0,1,1,0,1.0,1.0,1335.1826658837622,1335.1826658837622,0.0,distance_to_pickup,REALTIME,greedy,1,0,1,10,ok,0,0,0
1666580324,1,3994,3994.0,1,0,1,0.0,0.0,0,0,0.0,distance_to_pickup,REALTIME,greedy,1,0,1,10,ok,0,1,1
1666580334,2,3994,1997.0,2,2,0,1.0,1.0,293.87020854663916,146.93510427331958,0.0,distance_to_pickup,REALTIME,greedy,2,0,1,10,ok,0,0,0
1666580444,1,3992,3992.0,1,0,1,0.0,0.0,0,0,0.0,distance_to_pickup,REALTIME,greedy,1,0,1,10,ok,0,1,1
1666580454,2,3992,1996.0,2,2,0,1.0,1.0,2.221795114802575e-05,1.1108975574012874e-05,0.0,distance_to_pickup,REALTIME,greedy,2,0,1,10,ok,0,0,0
1666580464,1,3990,3990.0,1,1,0,1.0,1.0,4.9393610839910504,4.9393610839910504,0.0,distance_to_pickup,REALTIME,greedy,1,0,1,10,ok,0,0,0
1666580474,1,3989,3989.0,1,0,1,0.0,0.0,0,0,0.0,distance_to_pickup,REALTIME,greedy,1,0,1,10,ok,0,1,1
1666580484,1,3989,3989.0,1,1,0,1.0,1.0,0.006847176587653504,0.006847176587653504,0.0,distance_to_pickup,REALTIME,greedy,1,0,1,10,ok,0,0,0
1666580494,1,3988,3988.0,1,0,1,0.0,0.0,0,0,0.0,distance_to_pickup,REALTIME,greedy,1,0,1,10,ok,0,1,1
1666580504,2,3988,1994.0,2,1,1,0.5,0.5,230.9681739521506,230.9681739521506,0.0,distance_to_pickup,REALTIME,greedy,2,0,1,10,ok,0,1,1
1666580514,1,3987,3987.0,1,1,0,1.0,1.0,5.884937806342645e-05,5.884937806342645e-05,0.0,distance_to_pickup,REALTIME,greedy,1,0,1,10,ok,0,0,0
1666580564,2,3987,1993.5,2,2,0,1.0,1.0,1451.5174140999754,725.7587070499877,0.0,distance_to_pickup,REALTIME,greedy,2,0,1,10,ok,0,0,0
1666580574,1,3985,3985.0,1,1,0,1.0,1.0,558.0725759816224,558.0725759816224,0.0,distance_to_pickup,REALTIME,greedy,1,0,1,10,ok,0,0,0
1666580594,2,3984,1992.0,2,2,0,1.0,1.0,1910.5208514294704,955.2604257147352,0.0,distance_to_pickup,REALTIME,greedy,2,0,1,10,ok,0,0,0
1666580614,1,3982,3982.0,1,1,0,1.0,1.0,92.20260380319226,92.20260380319226,0.0,distance_to_pickup,REALTIME,greedy,1,0,1,10,ok,0,0,0
1666580634,1,3983,3983.0,1,1,0,1.0,1.0,427.1297969114427,427.1297969114427,0.0,distance_to_pickup,REALTIME,greedy,1,0,1,10,ok,0,0,0
1666580654,1,3982,3982.0,1,1,0,1.0,1.0,125.94197208558515,125.94197208558515,0.0,distance_to_pickup,REALTIME,greedy,1,0,1,10,ok,0,0,0
1666580664,2,3982,1991.0,2,2,0,1.0,1.0,344.1482238899209,172.07411194496046,0.0,distance_to_pickup,REALTIME,greedy,2,0,1,10,ok,0,0,0
1666580674,1,3980,3980.0,1,1,0,1.0,1.0,3.0719530773294423e-08,3.0719530773294423e-08,0.0,distance_to_pickup,REALTIME,greedy,1,0,1,10,ok,0,0,0
1666580704,1,3980,3980.0,1,1,0,1.0,1.0,4.920204574197249e-07,4.920204574197249e-07,0.0,distance_to_pickup,REALTIME,greedy,1,0,1,10,ok,0,0,0
1666580724,2,3979,1989.5,2,2,0,1.0,1.0,407.05018022836555,203.52509011418277,0.0,distance_to_pickup,REALTIME,greedy,2,0,1,10,ok,0,0,0
1666580744,1,3977,3977.0,1,0,1,0.0,0.0,0,0,0.0,distance_to_pickup,REALTIME,greedy,1,0,1,10,ok,0,1,1
1666580754,2,3977,1988.5,2,1,1,0.5,0.5,0.013351010084503106,0.013351010084503106,0.0,distance_to_pickup,REALTIME,greedy,2,0,1,10,ok,0,1,1
1666580764,4,3976,994.0,4,4,0,1.0,1.0,981.3570860161408,245.3392715040352,0.0,distance_to_pickup,REALTIME,greedy,4,0,1,10,ok,0,0,0
1666580784,1,3972,3972.0,1,1,0,1.0,1.0,318.35698368196506,318.35698368196506,0.0,distance_to_pickup,REALTIME,greedy,1,0,1,10,ok,0,0,0
1666580794,1,3971,3971.0,1,1,0,1.0,1.0,0.00042799315186904836,0.00042799315186904836,0.0,distance_to_pickup,REALTIME,greedy,1,0,1,10,ok,0,0,0
1666580804,1,3970,3970.0,1,0,1,0.0,0.0,0,0,0.0,distance_to_pickup,REALTIME,greedy,1,0,1,10,ok,0,1,1
1666580814,1,3970,3970.0,1,1,0,1.0,1.0,0.046425656868646005,0.046425656868646005,0.0,distance_to_pickup,REALTIME,greedy,1,0,1,10,ok,0,0,0
1666580824,3,3969,1323.0,3,3,0,1.0,1.0,95.60572276674063,31.86857425558021,0.3333333333333333,distance_to_pickup,REALTIME,greedy,3,0,1,10,ok,0,0,0
1666580834,1,3966,3966.0,1,1,0,1.0,1.0,9.178498424665198e-06,9.178498424665198e-06,0.0,distance_to_pickup,REALTIME,greedy,1,0,1,10,ok,0,0,0
1666580864,1,3965,3965.0,1,1,0,1.0,1.0,22.668018542557533,22.668018542557533,0.0,distance_to_pickup,REALTIME,greedy,1,0,1,10,ok,0,0,0
1666580874,1,3964,3964.0,1,1,0,1.0,1.0,233.5261257130993,233.5261257130993,0.0,distance_to_pickup,REALTIME,greedy,1,0,1,10,ok,0,0,0
1666580894,2,3963,1981.5,2,2,0,1.0,1.0,28.403573478618064,14.201786739309032,0.0,distance_to_pickup,REALTIME,greedy,2,0,1,10,ok,0,0,0
1666580904,1,3961,3961.0,1,0,1,0.0,0.0,0,0,0.0,distance_to_pickup,REALTIME,greedy,1,0,1,10,ok,0,1,1
1666580914,3,3962,1320.6666666666667,3,3,0,1.0,1.0,0.4979180599859057,0.16597268666196857,0.0,distance_to_pickup,REALTIME,greedy,3,0,1,10,ok,0,0,0
1666580924,2,3959,1979.5,2,2,0,1.0,1.0,675.7401286959511,337.87006434797553,0.0,distance_to_pickup,REALTIME,greedy,2,0,1,10,ok,0,0,0
1666580934,1,3957,3957.0,1,1,0,1.0,1.0,5.830951791346414,5.830951791346414,0.0,distance_to_pickup,REALTIME,greedy,1,0,1,10,ok,0,0,0
1666580954,2,3956,1978.0,2,2,0,1.0,1.0,102.93500432349842,51.46750216174921,0.0,distance_to_pickup,REALTIME,greedy,2,0,1,10,ok,0,0,0
1666580984,2,3954,1977.0,2,2,0,1.0,1.0,1.535976538664721e-07,7.679882693323605e-08,0.0,distance_to_pickup,REALTIME,greedy,2,0,1,10,ok,0,0,0
1666581004,1,3954,3954.0,1,1,0,1.0,1.0,3.0719530773294423e-08,3.0719530773294423e-08,0.0,distance_to_pickup,REALTIME,greedy,1,0,1,10,ok,0,0,0
1666581014,1,3953,3953.0,1,1,0,1.0,1.0,0.18945987009679827,0.18945987009679827,0.0,distance_to_pickup,REALTIME,greedy,1,0,1,10,ok,0,0,0
1666581024,1,3952,3952.0,1,1,0,1.0,1.0,0.18323799677996858,0.18323799677996858,0.0,distance_to_pickup,REALTIME,greedy,1,0,1,10,ok,0,0,0
1666581044,3,3952,1317.3333333333333,3,3,0,1.0,1.0,1148.3632649974822,382.78775499916077,0.0,distance_to_pickup,REALTIME,greedy,3,0,1,10,ok,0,0,0
1666581054,4,3949,987.25,4,2,2,0.5,0.5,0.4736453052384246,0.2368226526192123,0.0,distance_to_pickup,REALTIME,greedy,4,0,1,10,ok,0,2,2
1666581064,2,3947,1973.5,2,1,1,0.5,0.5,0.49318040516856543,0.49318040516856543,0.0,distance_to_pickup,REALTIME,greedy,2,0,1,10,ok,0,1,1
1666581074,5,3946,789.2,5,4,1,0.8,0.8,99.94808894036913,24.987022235092283,0.0,distance_to_pickup,REALTIME,greedy,5,0,1,10,ok,0,1,1
1666581084,5,3942,788.4,5,4,1,0.8,0.8,1200.85993122737,300.2149828068425,0.0,distance_to_pickup,REALTIME,greedy,5,0,1,10,ok,0,1,1
1666581094,3,3938,1312.6666666666667,3,3,0,1.0,1.0,618.5543156840445,206.1847718946815,0.0,distance_to_pickup,REALTIME,greedy,3,0,1,10,ok,0,0,0
1666581104,3,3935,1311.6666666666667,3,3,0,1.0,1.0,427.90758085058945,142.6358602835298,0.0,distance_to_pickup,REALTIME,greedy,3,0,1,10,ok,0,0,0
1666581124,4,3932,983.0,4,4,0,1.0,1.0,197.91075944298635,49.47768986074659,0.0,distance_to_pickup,REALTIME,greedy,4,0,1,10,ok,0,0,0
1666581134,4,3928,982.0,4,4,0,1.0,1.0,563.4735472383921,140.86838680959804,0.0,distance_to_pickup,REALTIME,greedy,4,0,1,10,ok,0,0,0
1666581144,5,3924,784.8,5,4,1,0.8,0.8,138.78434310023457,34.69608577505864,0.0,distance_to_pickup,REALTIME,greedy,5,0,1,10,ok,0,1,1
1666581154,6,3920,653.3333333333334,6,6,0,1.0,1.0,1134.820945970647,189.13682432844118,0.0,distance_to_pickup,REALTIME,greedy,6,0,1,10,ok,0,0,0
1666581164,4,3914,978.5,4,4,0,1.0,1.0,4223.60422057175,1055.9010551429376,0.0,distance_to_pickup,REALTIME,greedy,4,0,1,10,ok,0,0,0
1666581174,2,3910,1955.0,2,2,0,1.0,1.0,97.32709874275474,48.66354937137737,0.0,distance_to_pickup,REALTIME,greedy,2,0,1,10,ok,0,0,0
1666581184,5,3908,781.6,5,4,1,0.8,0.8,106.43849695269557,26.609624238173893,0.0,distance_to_pickup,REALTIME,greedy,5,0,1,10,ok,0,1,1
1666581194,2,3904,1952.0,2,1,1,0.5,0.5,103.79496936639377,103.79496936639377,0.0,distance_to_pickup,REALTIME,greedy,2,0,1,10,ok,0,1,1
1666581204,2,3903,1951.5,2,2,0,1.0,1.0,157.27992629263528,78.63996314631764,0.0,distance_to_pickup,REALTIME,greedy,2,0,1,10,ok,0,0,0
1666581214,2,3901,1950.5,2,1,1,0.5,0.5,147.65908867077914,147.65908867077914,0.0,distance_to_pickup,REALTIME,greedy,2,0,1,10,ok,0,1,1
1666581224,2,3900,1950.0,2,1,1,0.5,0.5,3.0719530773294423e-08,3.0719530773294423e-08,0.0,distance_to_pickup,REALTIME,greedy,2,0,1,10,ok,0,1,1
1666581234,5,3899,779.8,5,5,0,1.0,1.0,2982.3419696497426,596.4683939299485,0.0,distance_to_pickup,REALTIME,greedy,5,0,1,10,ok,0,0,0
1666581244,1,3894,3894.0,1,0,1,0.0,0.0,0,0,0.0,distance_to_pickup,REALTIME,greedy,1,0,1,10,ok,0,1,1
1666581254,6,3894,649.0,6,3,3,0.5,0.5,200.14520868978417,66.7150695632614,0.0,distance_to_pickup,REALTIME,greedy,6,0,1,10,ok,0,3,3
1666581264,4,3891,972.75,4,3,1,0.75,0.75,77.72357505778886,25.90785835259629,0.0,distance_to_pickup,REALTIME,greedy,4,0,1,10,ok,0,1,1
1666581274,4,3888,972.0,4,4,0,1.0,1.0,1099.4799804086495,274.86999510216236,0.0,distance_to_pickup,REALTIME,greedy,4,0,1,10,ok,0,0,0
1666581284,4,3884,971.0,4,3,1,0.75,0.75,1.535976538664721e-07,5.11992179554907e-08,0.0,distance_to_pickup,REALTIME,greedy,4,0,1,10,ok,0,1,1
1666581294,2,3881,1940.5,2,2,0,1.0,1.0,1129.7809522131322,564.8904761065661,0.0,distance_to_pickup,REALTIME,greedy,2,0,1,10,ok,0,0,0
1666581304,3,3879,1293.0,3,3,0,1.0,1.0,89.97233963465322,29.99077987821774,0.0,distance_to_pickup,REALTIME,greedy,3,0,1,10,ok,0,0,0
1666581314,6,3876,646.0,6,4,2,0.6666666666666666,0.6666666666666666,322.8485065585223,80.71212663963057,0.0,distance_to_pickup,REALTIME,greedy,6,0,1,10,ok,0,2,2
1666581324,3,3873,1291.0,3,3,0,1.0,1.0,29.37479624375728,9.791598747919094,0.0,distance_to_pickup,REALTIME,greedy,3,0,1,10,ok,0,0,0
1666581334,5,3870,774.0,5,5,0,1.0,1.0,119.18208551170942,23.836417102341883,0.0,distance_to_pickup,REALTIME,greedy,5,0,1,10,ok,0,0,0
1666581344,4,3865,966.25,4,4,0,1.0,1.0,2.509572033860171e-07,6.273930084650427e-08,0.0,distance_to_pickup,REALTIME,greedy,4,0,1,10,ok,0,0,0
1666581354,7,3861,551.5714285714286,7,7,0,1.0,1.0,2941.6053376966615,420.2293339566659,0.0,distance_to_pickup,REALTIME,greedy,7,0,1,10,ok,0,0,0
1666581364,9,3854,428.22222222222223,9,7,2,0.7777777777777778,0.7777777777777778,201.19577113757416,28.74225301965345,0.0,distance_to_pickup,REALTIME,greedy,9,0,1,10,ok,0,2,2
1666581374,8,3847,480.875,8,7,1,0.875,0.875,430.7202771709175,61.53146816727393,0.0,distance_to_pickup,REALTIME,greedy,8,0,1,10,ok,0,1,1
1666581384,6,3840,640.0,6,3,3,0.5,0.5,89.38801908966552,29.79600636322184,0.0,distance_to_pickup,REALTIME,greedy,6,0,1,10,ok,0,3,3
1666581394,6,3837,639.5,6,6,0,1.0,1.0,345.47713235909436,57.57952205984906,0.0,distance_to_pickup,REALTIME,greedy,6,0,1,10,ok,0,0,0
1666581404,6,3832,638.6666666666666,6,4,2,0.6666666666666666,0.6666666666666666,567.8693157920061,141.96732894800152,0.0,distance_to_pickup,REALTIME,greedy,6,0,1,10,ok,0,2,2
1666581414,7,3828,546.8571428571429,7,6,1,0.8571428571428571,0.8571428571428571,448.69044609790706,74.78174101631784,0.0,distance_to_pickup,REALTIME,greedy,7,0,1,10,ok,0,1,1
1666581424,12,3822,318.5,12,11,1,0.9166666666666666,0.9166666666666666,2915.864415367359,265.07858321521445,0.0,distance_to_pickup,REALTIME,greedy,12,0,1,10,ok,0,1,1
1666581434,11,3811,346.45454545454544,11,10,1,0.9090909090909091,0.9090909090909091,744.7868891552858,74.47868891552858,0.0,distance_to_pickup,REALTIME,greedy,11,0,1,10,ok,0,1,1
1666581444,5,3801,760.2,5,5,0,1.0,1.0,85.01063246471097,17.002126492942192,0.0,distance_to_pickup,REALTIME,greedy,5,0,1,10,ok,0,0,0
1666581454,10,3797,379.7,10,8,2,0.8,0.8,1143.5117869958951,142.9389733744869,0.0,distance_to_pickup,REALTIME,greedy,10,0,1,10,ok,0,2,2
1666581464,7,3789,541.2857142857143,7,6,1,0.8571428571428571,0.8571428571428571,92.95629520405419,15.492715867342364,0.0,distance_to_pickup,REALTIME,greedy,7,0,1,10,ok,0,1,1
1666581474,5,3784,756.8,5,4,1,0.8,0.8,965.7499490236986,241.43748725592465,0.0,distance_to_pickup,REALTIME,greedy,5,0,1,10,ok,0,1,1
1666581484,5,3780,756.0,5,5,0,1.0,1.0,31.801136854163534,6.360227370832707,0.0,distance_to_pickup,REALTIME,greedy,5,0,1,10,ok,0,0,0
1666581494,9,3775,419.44444444444446,9,8,1,0.8888888888888888,0.8888888888888888,298.26125293089495,37.28265661636187,0.0,distance_to_pickup,REALTIME,greedy,9,0,1,10,ok,0,1,1
1666581504,13,3767,289.7692307692308,13,10,3,0.7692307692307693,0.7692307692307693,411.3985615431972,41.13985615431972,0.0,distance_to_pickup,REALTIME,greedy,13,0,1,10,ok,0,3,3
1666581514,17,3757,221.0,17,15,2,0.8823529411764706,0.8823529411764706,1932.6154341951294,128.84102894634196,0.0,distance_to_pickup,REALTIME,greedy,17,0,1,10,ok,0,2,2
1666581524,11,3742,340.1818181818182,11,9,2,0.8181818181818182,0.8181818181818182,518.2923239634231,57.5880359959359,0.0,distance_to_pickup,REALTIME,greedy,11,0,1,10,ok,0,2,2
1666581534,21,3734,177.8095238095238,21,19,2,0.9047619047619048,0.9047619047619048,1315.154532550658,69.21865960792937,0.0,distance_to_pickup,REALTIME,greedy,21,0,1,10,ok,0,2,2
1666581544,19,3715,195.52631578947367,19,17,2,0.8947368421052632,0.8947368421052632,2430.9107592373257,142.9947505433721,0.0,distance_to_pickup,REALTIME,greedy,19,0,1,10,ok,0,2,2
1666581554,28,3698,132.07142857142858,28,23,5,0.8214285714285714,0.8214285714285714,4663.87930491345,202.77736108319348,0.0,distance_to_pickup,REALTIME,greedy,28,0,1,10,ok,0,5,5
1666581564,14,3675,262.5,14,12,2,0.8571428571428571,0.8571428571428571,808.1048413783617,67.34207011486347,0.0,distance_to_pickup,REALTIME,greedy,14,0,1,10,ok,0,2,2
1666581574,20,3663,183.15,20,20,0,1.0,1.0,5997.360309274406,299.8680154637203,0.0,distance_to_pickup,REALTIME,greedy,20,0,1,10,ok,0,0,0
1666581584,14,3643,260.2142857142857,14,12,2,0.8571428571428571,0.8571428571428571,3379.3856722573737,281.6154726881145,0.0,distance_to_pickup,REALTIME,greedy,14,0,1,10,ok,0,2,2
1666581594,10,3632,363.2,10,10,0,1.0,1.0,269.86495844920586,26.986495844920587,0.0,distance_to_pickup,REALTIME,greedy,10,0,1,10,ok,0,0,0
1666581604,15,3622,241.46666666666667,15,12,3,0.8,0.8,1440.3232406076145,120.02693671730121,0.0,distance_to_pickup,REALTIME,greedy,15,0,1,10,ok,0,3,3
1666581614,14,3610,257.85714285714283,14,13,1,0.9285714285714286,0.9285714285714286,16.80707043293124,1.2928515717639415,0.0,distance_to_pickup,REALTIME,greedy,14,0,1,10,ok,0,1,1
1666581624,11,3597,327.0,11,11,0,1.0,1.0,881.2104962314529,80.11004511195027,0.0,distance_to_pickup,REALTIME,greedy,11,0,1,10,ok,0,0,0
1666581634,20,3586,179.3,20,15,5,0.75,0.75,2791.4718899962395,186.0981259997493,0.0,distance_to_pickup,REALTIME,greedy,20,0,1,10,ok,0,5,5
1666581644,24,3571,148.79166666666666,24,20,4,0.8333333333333334,0.8333333333333334,3092.872284813351,154.64361424066755,0.0,distance_to_pickup,REALTIME,greedy,24,0,1,10,ok,0,4,4
1666581654,24,3551,147.95833333333334,24,20,4,0.8333333333333334,0.8333333333333334,2819.4003437022725,140.97001718511362,0.0,distance_to_pickup,REALTIME,greedy,24,0,1,10,ok,0,4,4
1666581664,22,3531,160.5,22,16,6,0.7272727272727273,0.7272727272727273,4003.874792003354,250.24217450020961,0.0,distance_to_pickup,REALTIME,greedy,22,0,1,10,ok,0,6,6
1666581674,16,3515,219.6875,16,16,0,1.0,1.0,3465.938652529534,216.62116578309588,0.0,distance_to_pickup,REALTIME,greedy,16,0,1,10,ok,0,0,0
1666581684,14,3499,249.92857142857142,14,10,4,0.7142857142857143,0.7142857142857143,1521.255416664103,152.1255416664103,0.0,distance_to_pickup,REALTIME,greedy,14,0,1,10,ok,0,4,4
1666581694,28,3489,124.60714285714286,28,24,4,0.8571428571428571,0.8571428571428571,3488.072573838816,145.336357243284,0.0,distance_to_pickup,REALTIME,greedy,28,0,1,10,ok,0,4,4
1666581704,22,3465,157.5,22,21,1,0.9545454545454546,0.9545454545454546,5997.505018361703,285.595477064843,0.0,distance_to_pickup,REALTIME,greedy,22,0,1,10,ok,0,1,1
1666581714,23,3444,149.7391304347826,23,20,3,0.8695652173913043,0.8695652173913043,1896.4711259760634,94.82355629880317,0.0,distance_to_pickup,REALTIME,greedy,23,0,1,10,ok,0,3,3
1666581724,22,3424,155.63636363636363,22,20,2,0.9090909090909091,0.9090909090909091,1093.5874739846454,54.67937369923227,0.0,distance_to_pickup,REALTIME,greedy,22,0,1,10,ok,0,2,2
1666581734,33,3404,103.15151515151516,33,27,6,0.8181818181818182,0.8181818181818182,5784.175918879559,214.22873773627995,0.0,distance_to_pickup,REALTIME,greedy,33,0,1,10,ok,0,6,6
1666581744,19,3377,177.73684210526315,19,15,4,0.7894736842105263,0.7894736842105263,1004.690315069379,66.9793543379586,0.0,distance_to_pickup,REALTIME,greedy,19,0,1,10,ok,0,4,4
1666581754,20,3362,168.1,20,19,1,0.95,0.95,2648.8786040905325,139.41466337318593,0.05263157894736842,distance_to_pickup,REALTIME,greedy,20,0,1,10,ok,0,1,1
1666581764,16,3343,208.9375,16,14,2,0.875,0.875,1296.3542462842665,92.59673187744761,0.0,distance_to_pickup,REALTIME,greedy,16,0,1,10,ok,0,2,2
1666581774,27,3329,123.29629629629629,27,26,1,0.9629629629629629,0.9629629629629629,4863.271860187741,187.04891769952852,0.0,distance_to_pickup,REALTIME,greedy,27,0,1,10,ok,0,1,1
1666581784,27,3303,122.33333333333333,27,22,5,0.8148148148148148,0.8148148148148148,5931.524700883119,269.6147591310509,0.0,distance_to_pickup,REALTIME,greedy,27,0,1,10,ok,0,5,5
1666581794,21,3283,156.33333333333334,21,15,6,0.7142857142857143,0.7142857142857143,2233.0744189127313,148.87162792751542,0.0,distance_to_pickup,REALTIME,greedy,21,0,1,10,ok,0,6,6
1666581804,36,3268,90.77777777777777,36,30,6,0.8333333333333334,0.8333333333333334,7460.9948295909135,248.69982765303044,0.0,distance_to_pickup,REALTIME,greedy,36,0,1,10,ok,0,6,6
1666581814,33,3238,98.12121212121212,33,27,6,0.8181818181818182,0.8181818181818182,4494.503506294711,166.46309282573003,0.0,distance_to_pickup,REALTIME,greedy,33,0,1,10,ok,0,6,6
1666581824,30,3211,107.03333333333333,30,26,4,0.8666666666666667,0.8666666666666667,8748.448879131294,336.47880304351133,0.0,distance_to_pickup,REALTIME,greedy,30,0,1,10,ok,0,4,4
1666581834,20,3185,159.25,20,18,2,0.9,0.9,1176.4756018437722,65.35975565798735,0.0,distance_to_pickup,REALTIME,greedy,20,0,1,10,ok,0,2,2
1666581844,24,3167,131.95833333333334,24,18,6,0.75,0.75,2223.866314920308,123.54812860668378,0.0,distance_to_pickup,REALTIME,greedy,24,0,1,10,ok,0,6,6
1666581854,38,3149,82.86842105263158,38,34,4,0.8947368421052632,0.8947368421052632,7047.509438639296,207.27968937174398,0.0,distance_to_pickup,REALTIME,greedy,38,0,1,10,ok,0,4,4
1666581864,59,3115,52.79661016949152,59,51,8,0.864406779661017,0.864406779661017,6318.203474221787,123.88634263179974,0.0196078431372549,distance_to_pickup,REALTIME,greedy,59,0,1,10,ok,0,8,8
1666581874,99,3064,30.949494949494948,99,79,20,0.797979797979798,0.797979797979798,24338.075537564793,308.07690553879485,0.0,distance_to_pickup,REALTIME,greedy,99,0,1,10,ok,0,20,20
1666581884,65,2985,45.92307692307692,65,60,5,0.9230769230769231,0.9230769230769231,18704.001635520723,311.73336059201205,0.0,distance_to_pickup,REALTIME,greedy,65,0,1,10,ok,0,5,5
1666581894,30,2925,97.5,30,28,2,0.9333333333333333,0.9333333333333333,2888.9521985733213,103.17686423476148,0.0,distance_to_pickup,REALTIME,greedy,30,0,1,10,ok,0,2,2
1666581904,17,2897,170.41176470588235,17,17,0,1.0,1.0,2096.574154736055,123.32789145506206,0.0,distance_to_pickup,REALTIME,greedy,17,0,1,10,ok,0,0,0
1666581914,18,2882,160.11111111111111,18,16,2,0.8888888888888888,0.8888888888888888,4093.703774659186,255.85648591619912,0.0,distance_to_pickup,REALTIME,greedy,18,0,1,10,ok,0,2,2
1666581924,20,2932,146.6,20,19,1,0.95,0.95,2743.274259232716,144.3828557490903,0.0,distance_to_pickup,REALTIME,greedy,20,0,1,10,ok,0,1,1
1666581934,14,2913,208.07142857142858,14,14,0,1.0,1.0,2921.9128999673694,208.70806428338352,0.0,distance_to_pickup,REALTIME,greedy,14,0,1,10,ok,0,0,0
1666581944,17,2900,170.58823529411765,17,13,4,0.7647058823529411,0.7647058823529411,1417.918939113966,109.07068762415123,0.0,distance_to_pickup,REALTIME,greedy,17,0,1,10,ok,0,4,4
1666581954,29,2887,99.55172413793103,29,26,3,0.896551724137931,0.896551724137931,9874.975652912484,379.8067558812494,0.038461538461538464,distance_to_pickup,REALTIME,greedy,29,0,1,10,ok,0,3,3
1666581964,39,2862,73.38461538461539,39,30,9,0.7692307692307693,0.7692307692307693,10921.50638835222,364.050212945074,0.0,distance_to_pickup,REALTIME,greedy,39,0,1,10,ok,0,9,9
1666581974,32,2833,88.53125,32,31,1,0.96875,0.96875,12091.699760226913,390.0548309750617,0.0,distance_to_pickup,REALTIME,greedy,32,0,1,10,ok,0,1,1
1666581984,96,2802,29.1875,96,85,11,0.8854166666666666,0.8854166666666666,31085.07145783122,365.7067230333085,0.011764705882352941,distance_to_pickup,REALTIME,greedy,96,0,1,10,ok,0,11,11
1666581994,125,2717,21.736,125,105,20,0.84,0.84,33743.684357765705,321.36842245491147,0.0,distance_to_pickup,REALTIME,greedy,125,0,1,10,ok,0,20,20
1666582004,65,2612,40.184615384615384,65,59,6,0.9076923076923077,0.9076923076923077,30212.123872004755,512.0698961356738,0.0,distance_to_pickup,REALTIME,greedy,65,0,1,10,ok,0,6,6
1666582014,17,2553,150.1764705882353,17,17,0,1.0,1.0,3735.2565918202577,219.72097598942693,0.0,distance_to_pickup,REALTIME,greedy,17,0,1,10,ok,0,0,0
1666582024,18,2538,141.0,18,15,3,0.8333333333333334,0.8333333333333334,8098.552793362188,539.9035195574792,0.0,distance_to_pickup,REALTIME,greedy,18,0,1,10,ok,0,3,3
1666582034,10,2524,252.4,10,7,3,0.7,0.7,3374.7448768436902,482.10641097767,0.0,distance_to_pickup,REALTIME,greedy,10,0,1,10,ok,0,3,3
1666582044,10,2523,252.3,10,8,2,0.8,0.8,1295.536573422745,161.94207167784313,0.0,distance_to_pickup,REALTIME,greedy,10,0,1,10,ok,0,2,2
1666582054,8,2517,314.625,8,8,0,1.0,1.0,1444.0092761663393,180.5011595207924,0.0,distance_to_pickup,REALTIME,greedy,8,0,1,10,ok,0,0,0
1666582064,12,2509,209.08333333333334,12,11,1,0.9166666666666666,0.9166666666666666,5300.176567906291,481.8342334460265,0.0,distance_to_pickup,REALTIME,greedy,12,0,1,10,ok,0,1,1
1666582074,11,2499,227.1818181818182,11,11,0,1.0,1.0,5273.695344094005,479.4268494630914,0.09090909090909091,distance_to_pickup,REALTIME,greedy,11,0,1,10,ok,0,0,0
1666582084,2,2488,1244.0,2,2,0,1.0,1.0,236.74164465055512,118.37082232527756,0.0,distance_to_pickup,REALTIME,greedy,2,0,1,10,ok,0,0,0
1666582094,7,2487,355.2857142857143,7,6,1,0.8571428571428571,0.8571428571428571,4187.492773309408,697.9154622182347,0.0,distance_to_pickup,REALTIME,greedy,7,0,1,10,ok,0,1,1
1666582104,4,2481,620.25,4,4,0,1.0,1.0,683.9361585725968,170.9840396431492,0.0,distance_to_pickup,REALTIME,greedy,4,0,1,10,ok,0,0,0
1666582114,6,2478,413.0,6,6,0,1.0,1.0,1453.114026158039,242.18567102633983,0.0,distance_to_pickup,REALTIME,greedy,6,0,1,10,ok,0,0,0
1666582124,11,2474,224.9090909090909,11,10,1,0.9090909090909091,0.9090909090909091,10891.992093754427,1089.1992093754427,0.0,distance_to_pickup,REALTIME,greedy,11,0,1,10,ok,0,1,1
1666582134,14,2465,176.07142857142858,14,12,2,0.8571428571428571,0.8571428571428571,4168.14741546232,347.34561795519335,0.0,distance_to_pickup,REALTIME,greedy,14,0,1,10,ok,0,2,2
1666582144,19,2453,129.10526315789474,19,17,2,0.8947368421052632,0.8947368421052632,7353.285809238744,432.5462240728673,0.0,distance_to_pickup,REALTIME,greedy,19,0,1,10,ok,0,2,2
1666582154,14,2436,174.0,14,14,0,1.0,1.0,12379.132929636438,884.223780688317,0.0,distance_to_pickup,REALTIME,greedy,14,0,1,10,ok,0,0,0
1666582164,49,2423,49.44897959183673,49,41,8,0.8367346938775511,0.8367346938775511,36127.461362450515,881.1575942061102,0.024390243902439025,distance_to_pickup,REALTIME,greedy,49,0,1,10,ok,0,8,8
1666582174,143,2382,16.657342657342657,143,125,18,0.8741258741258742,0.8741258741258742,128794.10528797755,1030.3528423038204,0.016,distance_to_pickup,REALTIME,greedy,143,0,1,10,ok,0,18,18
1666582184,47,2259,48.06382978723404,47,41,6,0.8723404255319149,0.8723404255319149,32590.58703064611,794.8923666011246,0.0,distance_to_pickup,REALTIME,greedy,47,0,1,10,ok,0,6,6
1666582194,28,2218,79.21428571428571,28,22,6,0.7857142857142857,0.7857142857142857,22297.587059340305,1013.5266845154684,0.0,distance_to_pickup,REALTIME,greedy,28,0,1,10,ok,0,6,6
1666582204,9,2196,244.0,9,9,0,1.0,1.0,3298.778002653003,366.530889183667,0.0,distance_to_pickup,REALTIME,greedy,9,0,1,10,ok,0,0,0
