time,type,description,details
0.0,SIMULATION_START,Starting simulation with relay_bundling,"{""algorithm"": ""relay_bundling""}"
13,ORDER_PLACED,Order 0 placed,"{""order_id"": 0, ""restaurant_id"": 2}"
100,ORDER_PLACED,Order 1 placed,"{""order_id"": 1, ""restaurant_id"": 0}"
282,ORDER_PLACED,Order 2 placed,"{""order_id"": 2, ""restaurant_id"": 6}"
313,ORDER_READY,Order 0 is ready for pickup,"{""order_id"": 0}"
330,RELAY_CREATED,Relay handoff created: C3 → C0 for order 0,"{""courier_1_id"": 3, ""courier_2_id"": 0, ""order_id"": 0, ""handoff_location"": [2.5, 0.9726929273990726]}"
330,ASSIGNMENT_MADE,Courier 3 assigned orders [0] with relay,"{""courier_id"": 3, ""order_ids"": [0], ""bundle_size"": 1, ""has_relay"": true}"
330,ASSIGNMENT_MADE,Courier 0 assigned orders [0] with relay,"{""courier_id"": 0, ""order_ids"": [0], ""bundle_size"": 1, ""has_relay"": true}"
390,PICKUP_SERVICE_START,Courier 3 starting pickup service (90s),"{""courier_id"": 3, ""service_time"": 90}"
400,ORDER_READY,Order 1 is ready for pickup,"{""order_id"": 1}"
420,RELAY_CREATED,Relay handoff created: C1 → C4 for order 1,"{""courier_1_id"": 1, ""courier_2_id"": 4, ""order_id"": 1, ""handoff_location"": [0.8165495439650896, 2.5]}"
420,ASSIGNMENT_MADE,Courier 1 assigned orders [1] with relay,"{""courier_id"": 1, ""order_ids"": [1], ""bundle_size"": 1, ""has_relay"": true}"
420,ASSIGNMENT_MADE,Courier 4 assigned orders [1] with relay,"{""courier_id"": 4, ""order_ids"": [1], ""bundle_size"": 1, ""has_relay"": true}"
425,ORDER_PLACED,Order 3 placed,"{""order_id"": 3, ""restaurant_id"": 7}"
480,ORDER_PICKED_UP,Order 0 picked up by courier 3,"{""order_id"": 0, ""courier_id"": 3}"
480,COURIER_DELIVERING,Courier 3 heading to first dropoff (optimized),"{""courier_id"": 3, ""order_ids"": []}"
502,ORDER_PLACED,Order 4 placed,"{""order_id"": 4, ""restaurant_id"": 7}"
555,PICKUP_SERVICE_START,Courier 1 starting pickup service (90s),"{""courier_id"": 1, ""service_time"": 90}"
582,ORDER_READY,Order 2 is ready for pickup,"{""order_id"": 2}"
600,ASSIGNMENT_MADE,Courier 7 assigned orders [2],"{""courier_id"": 7, ""order_ids"": [2], ""bundle_size"": 1, ""has_relay"": false}"
604,ORDER_PLACED,Order 5 placed,"{""order_id"": 5, ""restaurant_id"": 5}"
610,PICKUP_SERVICE_START,Courier 4 starting pickup service (90s),"{""courier_id"": 4, ""service_time"": 90}"
645,ORDER_PICKED_UP,Order 1 picked up by courier 1,"{""order_id"": 1, ""courier_id"": 1}"
645,COURIER_DELIVERING,Courier 1 heading to first dropoff (optimized),"{""courier_id"": 1, ""order_ids"": []}"
685,PICKUP_SERVICE_START,Courier 7 starting pickup service (90s),"{""courier_id"": 7, ""service_time"": 90}"
700,ORDER_PICKED_UP,Order 1 picked up by courier 4,"{""order_id"": 1, ""courier_id"": 4}"
700,COURIER_DELIVERING,Courier 4 heading to first dropoff (optimized),"{""courier_id"": 4, ""order_ids"": []}"
717,ORDER_PLACED,Order 6 placed,"{""order_id"": 6, ""restaurant_id"": 7}"
725,ORDER_READY,Order 3 is ready for pickup,"{""order_id"": 3}"
748,ORDER_PLACED,Order 7 placed,"{""order_id"": 7, ""restaurant_id"": 3}"
750,RELAY_CREATED,Relay handoff created: C6 → C2 for order 3,"{""courier_1_id"": 6, ""courier_2_id"": 2, ""order_id"": 3, ""handoff_location"": [3.5213426829298715, 2.5]}"
750,ASSIGNMENT_MADE,Courier 6 assigned orders [3] with relay,"{""courier_id"": 6, ""order_ids"": [3], ""bundle_size"": 1, ""has_relay"": true}"
750,ASSIGNMENT_MADE,Courier 2 assigned orders [3] with relay,"{""courier_id"": 2, ""order_ids"": [3], ""bundle_size"": 1, ""has_relay"": true}"
775,ORDER_PICKED_UP,Order 2 picked up by courier 7,"{""order_id"": 2, ""courier_id"": 7}"
775,COURIER_DELIVERING,Courier 7 heading to first dropoff (optimized),"{""courier_id"": 7, ""order_ids"": []}"
802,ORDER_READY,Order 4 is ready for pickup,"{""order_id"": 4}"
810,ASSIGNMENT_MADE,Courier 5 assigned orders [4],"{""courier_id"": 5, ""order_ids"": [4], ""bundle_size"": 1, ""has_relay"": false}"
814,PICKUP_SERVICE_START,Courier 0 starting pickup service (90s),"{""courier_id"": 0, ""service_time"": 90}"
823,ORDER_PLACED,Order 8 placed,"{""order_id"": 8, ""restaurant_id"": 1}"
888,ORDER_PLACED,Order 9 placed,"{""order_id"": 9, ""restaurant_id"": 4}"
904,ORDER_READY,Order 5 is ready for pickup,"{""order_id"": 5}"
904,ORDER_PICKED_UP,Order 0 picked up by courier 0,"{""order_id"": 0, ""courier_id"": 0}"
904,COURIER_DELIVERING,Courier 0 heading to first dropoff (optimized),"{""courier_id"": 0, ""order_ids"": []}"
937,ORDER_DELIVERED,Order 0 delivered by courier 3,"{""order_id"": 0, ""courier_id"": 3, ""click_to_door"": 924.7879485592956, ""ready_to_door"": 624.7879485592955}"
937,COURIER_IDLE,Courier 3 is now idle,"{""courier_id"": 3}"
960,ASSIGNMENT_MADE,Courier 3 assigned orders [5],"{""courier_id"": 3, ""order_ids"": [5], ""bundle_size"": 1, ""has_relay"": false}"
990,ORDER_PLACED,Order 10 placed,"{""order_id"": 10, ""restaurant_id"": 2}"
1017,ORDER_READY,Order 6 is ready for pickup,"{""order_id"": 6}"
1046,ORDER_DELIVERED,Order 1 delivered by courier 1,"{""order_id"": 1, ""courier_id"": 1, ""click_to_door"": 946.6826260554741, ""ready_to_door"": 646.6826260554741}"
1046,COURIER_IDLE,Courier 1 is now idle,"{""courier_id"": 1}"
1048,ORDER_READY,Order 7 is ready for pickup,"{""order_id"": 7}"
1050,PICKUP_SERVICE_START,Courier 6 starting pickup service (90s),"{""courier_id"": 6, ""service_time"": 90}"
1050,ASSIGNMENT_MADE,Courier 1 assigned orders [7],"{""courier_id"": 1, ""order_ids"": [7], ""bundle_size"": 1, ""has_relay"": false}"
1089,ORDER_DELIVERED,Order 2 delivered by courier 7,"{""order_id"": 2, ""courier_id"": 7, ""click_to_door"": 807.8490094156092, ""ready_to_door"": 507.8490094156092}"
1089,COURIER_IDLE,Courier 7 is now idle,"{""courier_id"": 7}"
1101,ORDER_DELIVERED,Order 1 delivered by courier 4,"{""order_id"": 1, ""courier_id"": 4, ""click_to_door"": 1001.6826260554741, ""ready_to_door"": 701.6826260554741}"
1101,COURIER_IDLE,Courier 4 is now idle,"{""courier_id"": 4}"
1110,ASSIGNMENT_MADE,Courier 4 assigned orders [6],"{""courier_id"": 4, ""order_ids"": [6], ""bundle_size"": 1, ""has_relay"": false}"
1116,PICKUP_SERVICE_START,Courier 5 starting pickup service (90s),"{""courier_id"": 5, ""service_time"": 90}"
1122,ORDER_PLACED,Order 11 placed,"{""order_id"": 11, ""restaurant_id"": 6}"
1123,ORDER_READY,Order 8 is ready for pickup,"{""order_id"": 8}"
1140,ORDER_PICKED_UP,Order 3 picked up by courier 6,"{""order_id"": 3, ""courier_id"": 6}"
1140,COURIER_DELIVERING,Courier 6 heading to first dropoff (optimized),"{""courier_id"": 6, ""order_ids"": []}"
1140,ASSIGNMENT_MADE,Courier 7 assigned orders [8],"{""courier_id"": 7, ""order_ids"": [8], ""bundle_size"": 1, ""has_relay"": false}"
1188,ORDER_READY,Order 9 is ready for pickup,"{""order_id"": 9}"
1206,ORDER_PICKED_UP,Order 4 picked up by courier 5,"{""order_id"": 4, ""courier_id"": 5}"
1206,COURIER_DELIVERING,Courier 5 heading to first dropoff (optimized),"{""courier_id"": 5, ""order_ids"": []}"
1215,PICKUP_SERVICE_START,Courier 1 starting pickup service (90s),"{""courier_id"": 1, ""service_time"": 90}"
1234,PICKUP_SERVICE_START,Courier 2 starting pickup service (90s),"{""courier_id"": 2, ""service_time"": 90}"
1290,ORDER_READY,Order 10 is ready for pickup,"{""order_id"": 10}"
1305,ORDER_PICKED_UP,Order 7 picked up by courier 1,"{""order_id"": 7, ""courier_id"": 1}"
1305,COURIER_DELIVERING,Courier 1 heading to first dropoff (optimized),"{""courier_id"": 1, ""order_ids"": []}"
1324,ORDER_PICKED_UP,Order 3 picked up by courier 2,"{""order_id"": 3, ""courier_id"": 2}"
1324,COURIER_DELIVERING,Courier 2 heading to first dropoff (optimized),"{""courier_id"": 2, ""order_ids"": []}"
1361,ORDER_DELIVERED,Order 0 delivered by courier 0,"{""order_id"": 0, ""courier_id"": 0, ""click_to_door"": 1348.7879485592955, ""ready_to_door"": 1048.7879485592955}"
1361,COURIER_IDLE,Courier 0 is now idle,"{""courier_id"": 0}"
1364,ORDER_PLACED,Order 12 placed,"{""order_id"": 12, ""restaurant_id"": 3}"
1380,ASSIGNMENT_MADE,Courier 0 assigned orders [9],"{""courier_id"": 0, ""order_ids"": [9], ""bundle_size"": 1, ""has_relay"": false}"
1400,PICKUP_SERVICE_START,Courier 4 starting pickup service (90s),"{""courier_id"": 4, ""service_time"": 90}"
1422,ORDER_READY,Order 11 is ready for pickup,"{""order_id"": 11}"
1427,PICKUP_SERVICE_START,Courier 3 starting pickup service (90s),"{""courier_id"": 3, ""service_time"": 90}"
1457,PICKUP_SERVICE_START,Courier 7 starting pickup service (90s),"{""courier_id"": 7, ""service_time"": 90}"
1477,ORDER_PLACED,Order 13 placed,"{""order_id"": 13, ""restaurant_id"": 4}"
1488,ORDER_PLACED,Order 14 placed,"{""order_id"": 14, ""restaurant_id"": 5}"
1490,ORDER_PICKED_UP,Order 6 picked up by courier 4,"{""order_id"": 6, ""courier_id"": 4}"
1490,COURIER_DELIVERING,Courier 4 heading to first dropoff (optimized),"{""courier_id"": 4, ""order_ids"": []}"
1517,ORDER_PICKED_UP,Order 5 picked up by courier 3,"{""order_id"": 5, ""courier_id"": 3}"
1517,COURIER_DELIVERING,Courier 3 heading to first dropoff (optimized),"{""courier_id"": 3, ""order_ids"": []}"
1533,ORDER_DELIVERED,Order 3 delivered by courier 6,"{""order_id"": 3, ""courier_id"": 6, ""click_to_door"": 1108.0373017940399, ""ready_to_door"": 808.0373017940399}"
1533,COURIER_IDLE,Courier 6 is now idle,"{""courier_id"": 6}"
1547,ORDER_PICKED_UP,Order 8 picked up by courier 7,"{""order_id"": 8, ""courier_id"": 7}"
1547,COURIER_DELIVERING,Courier 7 heading to first dropoff (optimized),"{""courier_id"": 7, ""order_ids"": []}"
1560,ASSIGNMENT_MADE,Courier 6 assigned orders [10],"{""courier_id"": 6, ""order_ids"": [10], ""bundle_size"": 1, ""has_relay"": false}"
1568,ORDER_DELIVERED,Order 4 delivered by courier 5,"{""order_id"": 4, ""courier_id"": 5, ""click_to_door"": 1066.3663648234271, ""ready_to_door"": 766.3663648234271}"
1568,COURIER_IDLE,Courier 5 is now idle,"{""courier_id"": 5}"
1590,ASSIGNMENT_MADE,Courier 5 assigned orders [11],"{""courier_id"": 5, ""order_ids"": [11], ""bundle_size"": 1, ""has_relay"": false}"
1603,ORDER_PLACED,Order 15 placed,"{""order_id"": 15, ""restaurant_id"": 1}"
1651,PICKUP_SERVICE_START,Courier 6 starting pickup service (90s),"{""courier_id"": 6, ""service_time"": 90}"
1661,ORDER_PLACED,Order 16 placed,"{""order_id"": 16, ""restaurant_id"": 5}"
1664,ORDER_READY,Order 12 is ready for pickup,"{""order_id"": 12}"
1666,PICKUP_SERVICE_START,Courier 0 starting pickup service (90s),"{""courier_id"": 0, ""service_time"": 90}"
1670,ORDER_DELIVERED,Order 7 delivered by courier 1,"{""order_id"": 7, ""courier_id"": 1, ""click_to_door"": 922.0934077711746, ""ready_to_door"": 622.0934077711745}"
1670,COURIER_IDLE,Courier 1 is now idle,"{""courier_id"": 1}"
1680,ASSIGNMENT_MADE,Courier 1 assigned orders [12],"{""courier_id"": 1, ""order_ids"": [12], ""bundle_size"": 1, ""has_relay"": false}"
1688,ORDER_DELIVERED,Order 8 delivered by courier 7,"{""order_id"": 8, ""courier_id"": 7, ""click_to_door"": 865.3817637674006, ""ready_to_door"": 565.3817637674006}"
1688,COURIER_IDLE,Courier 7 is now idle,"{""courier_id"": 7}"
1717,ORDER_DELIVERED,Order 3 delivered by courier 2,"{""order_id"": 3, ""courier_id"": 2, ""click_to_door"": 1292.0373017940399, ""ready_to_door"": 992.0373017940399}"
1717,COURIER_IDLE,Courier 2 is now idle,"{""courier_id"": 2}"
1723,ORDER_PLACED,Order 17 placed,"{""order_id"": 17, ""restaurant_id"": 6}"
1741,ORDER_PICKED_UP,Order 10 picked up by courier 6,"{""order_id"": 10, ""courier_id"": 6}"
1741,COURIER_DELIVERING,Courier 6 heading to first dropoff (optimized),"{""courier_id"": 6, ""order_ids"": []}"
1756,ORDER_PICKED_UP,Order 9 picked up by courier 0,"{""order_id"": 9, ""courier_id"": 0}"
1756,COURIER_DELIVERING,Courier 0 heading to first dropoff (optimized),"{""courier_id"": 0, ""order_ids"": []}"
1761,ORDER_DELIVERED,Order 5 delivered by courier 3,"{""order_id"": 5, ""courier_id"": 3, ""click_to_door"": 1157.6566779246302, ""ready_to_door"": 857.6566779246302}"
1761,COURIER_IDLE,Courier 3 is now idle,"{""courier_id"": 3}"
1765,ORDER_DELIVERED,Order 6 delivered by courier 4,"{""order_id"": 6, ""courier_id"": 4, ""click_to_door"": 1048.8972014618755, ""ready_to_door"": 748.8972014618755}"
1765,COURIER_IDLE,Courier 4 is now idle,"{""courier_id"": 4}"
1777,ORDER_READY,Order 13 is ready for pickup,"{""order_id"": 13}"
1788,ORDER_READY,Order 14 is ready for pickup,"{""order_id"": 14}"
1800,RELAY_CREATED,Relay handoff created: C4 → C2 for order 13,"{""courier_1_id"": 4, ""courier_2_id"": 2, ""order_id"": 13, ""handoff_location"": [2.5, 2.5]}"
1800,ASSIGNMENT_MADE,Courier 4 assigned orders [13] with relay,"{""courier_id"": 4, ""order_ids"": [13], ""bundle_size"": 1, ""has_relay"": true}"
1800,ASSIGNMENT_MADE,Courier 2 assigned orders [13] with relay,"{""courier_id"": 2, ""order_ids"": [13], ""bundle_size"": 1, ""has_relay"": true}"
1800,ASSIGNMENT_MADE,Courier 7 assigned orders [14],"{""courier_id"": 7, ""order_ids"": [14], ""bundle_size"": 1, ""has_relay"": false}"
1833,PICKUP_SERVICE_START,Courier 4 starting pickup service (90s),"{""courier_id"": 4, ""service_time"": 90}"
1871,PICKUP_SERVICE_START,Courier 5 starting pickup service (90s),"{""courier_id"": 5, ""service_time"": 90}"
1903,ORDER_READY,Order 15 is ready for pickup,"{""order_id"": 15}"
1920,ASSIGNMENT_MADE,Courier 3 assigned orders [15],"{""courier_id"": 3, ""order_ids"": [15], ""bundle_size"": 1, ""has_relay"": false}"
1923,ORDER_PICKED_UP,Order 13 picked up by courier 4,"{""order_id"": 13, ""courier_id"": 4}"
1923,COURIER_DELIVERING,Courier 4 heading to first dropoff (optimized),"{""courier_id"": 4, ""order_ids"": []}"
1948,PICKUP_SERVICE_START,Courier 7 starting pickup service (90s),"{""courier_id"": 7, ""service_time"": 90}"
1959,ORDER_PLACED,Order 18 placed,"{""order_id"": 18, ""restaurant_id"": 4}"
1961,ORDER_READY,Order 16 is ready for pickup,"{""order_id"": 16}"
1961,ORDER_PICKED_UP,Order 11 picked up by courier 5,"{""order_id"": 11, ""courier_id"": 5}"
1961,COURIER_DELIVERING,Courier 5 heading to first dropoff (optimized),"{""courier_id"": 5, ""order_ids"": []}"
1983,ORDER_PLACED,Order 19 placed,"{""order_id"": 19, ""restaurant_id"": 3}"
1994,ORDER_DELIVERED,Order 10 delivered by courier 6,"{""order_id"": 10, ""courier_id"": 6, ""click_to_door"": 1004.472764500213, ""ready_to_door"": 704.4727645002131}"
1994,COURIER_IDLE,Courier 6 is now idle,"{""courier_id"": 6}"
1995,ORDER_PLACED,Order 20 placed,"{""order_id"": 20, ""restaurant_id"": 6}"
2002,ORDER_PLACED,Order 21 placed,"{""order_id"": 21, ""restaurant_id"": 0}"
2002,ORDER_PLACED,Order 22 placed,"{""order_id"": 22, ""restaurant_id"": 3}"
2010,ASSIGNMENT_MADE,Courier 6 assigned orders [16],"{""courier_id"": 6, ""order_ids"": [16], ""bundle_size"": 1, ""has_relay"": false}"
2013,PICKUP_SERVICE_START,Courier 2 starting pickup service (90s),"{""courier_id"": 2, ""service_time"": 90}"
2023,ORDER_READY,Order 17 is ready for pickup,"{""order_id"": 17}"
2033,ORDER_DELIVERED,Order 9 delivered by courier 0,"{""order_id"": 9, ""courier_id"": 0, ""click_to_door"": 1145.1098499509703, ""ready_to_door"": 845.1098499509703}"
2033,COURIER_IDLE,Courier 0 is now idle,"{""courier_id"": 0}"
2038,ORDER_PICKED_UP,Order 14 picked up by courier 7,"{""order_id"": 14, ""courier_id"": 7}"
2038,COURIER_DELIVERING,Courier 7 heading to first dropoff (optimized),"{""courier_id"": 7, ""order_ids"": []}"
2040,ASSIGNMENT_MADE,Courier 0 assigned orders [17],"{""courier_id"": 0, ""order_ids"": [17], ""bundle_size"": 1, ""has_relay"": false}"
2045,PICKUP_SERVICE_START,Courier 1 starting pickup service (90s),"{""courier_id"": 1, ""service_time"": 90}"
2053,ORDER_DELIVERED,Order 13 delivered by courier 4,"{""order_id"": 13, ""courier_id"": 4, ""click_to_door"": 576.6064150863356, ""ready_to_door"": 276.6064150863356}"
2053,COURIER_IDLE,Courier 4 is now idle,"{""courier_id"": 4}"
2055,ORDER_PLACED,Order 23 placed,"{""order_id"": 23, ""restaurant_id"": 2}"
2097,PICKUP_SERVICE_START,Courier 3 starting pickup service (90s),"{""courier_id"": 3, ""service_time"": 90}"
2103,ORDER_PICKED_UP,Order 13 picked up by courier 2,"{""order_id"": 13, ""courier_id"": 2}"
2103,COURIER_DELIVERING,Courier 2 heading to first dropoff (optimized),"{""courier_id"": 2, ""order_ids"": []}"
2135,ORDER_PICKED_UP,Order 12 picked up by courier 1,"{""order_id"": 12, ""courier_id"": 1}"
2135,COURIER_DELIVERING,Courier 1 heading to first dropoff (optimized),"{""courier_id"": 1, ""order_ids"": []}"
2150,ORDER_PLACED,Order 24 placed,"{""order_id"": 24, ""restaurant_id"": 3}"
2180,ORDER_DELIVERED,Order 11 delivered by courier 5,"{""order_id"": 11, ""courier_id"": 5, ""click_to_door"": 1058.7119023188982, ""ready_to_door"": 758.7119023188982}"
2180,COURIER_IDLE,Courier 5 is now idle,"{""courier_id"": 5}"
2187,ORDER_PICKED_UP,Order 15 picked up by courier 3,"{""order_id"": 15, ""courier_id"": 3}"
2187,COURIER_DELIVERING,Courier 3 heading to first dropoff (optimized),"{""courier_id"": 3, ""order_ids"": []}"
2193,PICKUP_SERVICE_START,Courier 6 starting pickup service (90s),"{""courier_id"": 6, ""service_time"": 90}"
2200,ORDER_PLACED,Order 25 placed,"{""order_id"": 25, ""restaurant_id"": 7}"
2210,ORDER_DELIVERED,Order 12 delivered by courier 1,"{""order_id"": 12, ""courier_id"": 1, ""click_to_door"": 846.1090473032848, ""ready_to_door"": 546.1090473032848}"
2210,COURIER_IDLE,Courier 1 is now idle,"{""courier_id"": 1}"
2233,ORDER_DELIVERED,Order 13 delivered by courier 2,"{""order_id"": 13, ""courier_id"": 2, ""click_to_door"": 756.6064150863356, ""ready_to_door"": 456.6064150863356}"
2233,COURIER_IDLE,Courier 2 is now idle,"{""courier_id"": 2}"
2259,ORDER_READY,Order 18 is ready for pickup,"{""order_id"": 18}"
2280,ASSIGNMENT_MADE,Courier 5 assigned orders [18],"{""courier_id"": 5, ""order_ids"": [18], ""bundle_size"": 1, ""has_relay"": false}"
2283,ORDER_READY,Order 19 is ready for pickup,"{""order_id"": 19}"
2283,ORDER_PICKED_UP,Order 16 picked up by courier 6,"{""order_id"": 16, ""courier_id"": 6}"
2283,COURIER_DELIVERING,Courier 6 heading to first dropoff (optimized),"{""courier_id"": 6, ""order_ids"": []}"
2295,ORDER_READY,Order 20 is ready for pickup,"{""order_id"": 20}"
2302,ORDER_READY,Order 21 is ready for pickup,"{""order_id"": 21}"
2302,ORDER_READY,Order 22 is ready for pickup,"{""order_id"": 22}"
2310,ASSIGNMENT_MADE,Courier 1 assigned orders [20],"{""courier_id"": 1, ""order_ids"": [20], ""bundle_size"": 1, ""has_relay"": false}"
2310,ASSIGNMENT_MADE,Courier 2 assigned orders [21],"{""courier_id"": 2, ""order_ids"": [21], ""bundle_size"": 1, ""has_relay"": false}"
2310,ASSIGNMENT_MADE,"Courier 4 assigned orders [19, 22]","{""courier_id"": 4, ""order_ids"": [19, 22], ""bundle_size"": 2, ""has_relay"": false}"
2355,ORDER_READY,Order 23 is ready for pickup,"{""order_id"": 23}"
2365,PICKUP_SERVICE_START,Courier 5 starting pickup service (90s),"{""courier_id"": 5, ""service_time"": 90}"
2368,PICKUP_SERVICE_START,Courier 0 starting pickup service (90s),"{""courier_id"": 0, ""service_time"": 90}"
2369,ORDER_DELIVERED,Order 14 delivered by courier 7,"{""order_id"": 14, ""courier_id"": 7, ""click_to_door"": 881.0094411718953, ""ready_to_door"": 581.0094411718953}"
2369,COURIER_IDLE,Courier 7 is now idle,"{""courier_id"": 7}"
2370,ASSIGNMENT_MADE,Courier 7 assigned orders [23],"{""courier_id"": 7, ""order_ids"": [23], ""bundle_size"": 1, ""has_relay"": false}"
2419,ORDER_PLACED,Order 26 placed,"{""order_id"": 26, ""restaurant_id"": 4}"
2433,PICKUP_SERVICE_START,Courier 1 starting pickup service (90s),"{""courier_id"": 1, ""service_time"": 90}"
2450,ORDER_READY,Order 24 is ready for pickup,"{""order_id"": 24}"
2452,ORDER_PLACED,Order 27 placed,"{""order_id"": 27, ""restaurant_id"": 7}"
2455,ORDER_PICKED_UP,Order 18 picked up by courier 5,"{""order_id"": 18, ""courier_id"": 5}"
2455,COURIER_DELIVERING,Courier 5 heading to first dropoff (optimized),"{""courier_id"": 5, ""order_ids"": []}"
2458,ORDER_PICKED_UP,Order 17 picked up by courier 0,"{""order_id"": 17, ""courier_id"": 0}"
2458,COURIER_DELIVERING,Courier 0 heading to first dropoff (optimized),"{""courier_id"": 0, ""order_ids"": []}"
2483,ORDER_PLACED,Order 28 placed,"{""order_id"": 28, ""restaurant_id"": 0}"
2500,ORDER_READY,Order 25 is ready for pickup,"{""order_id"": 25}"
2512,PICKUP_SERVICE_START,Courier 2 starting pickup service (90s),"{""courier_id"": 2, ""service_time"": 90}"
2521,ORDER_DELIVERED,Order 16 delivered by courier 6,"{""order_id"": 16, ""courier_id"": 6, ""click_to_door"": 860.7037497672673, ""ready_to_door"": 560.7037497672673}"
2521,COURIER_IDLE,Courier 6 is now idle,"{""courier_id"": 6}"
2523,ORDER_PICKED_UP,Order 20 picked up by courier 1,"{""order_id"": 20, ""courier_id"": 1}"
2523,COURIER_DELIVERING,Courier 1 heading to first dropoff (optimized),"{""courier_id"": 1, ""order_ids"": []}"
2550,ASSIGNMENT_MADE,Courier 6 assigned orders [24],"{""courier_id"": 6, ""order_ids"": [24], ""bundle_size"": 1, ""has_relay"": false}"
2551,ORDER_DELIVERED,Order 15 delivered by courier 3,"{""order_id"": 15, ""courier_id"": 3, ""click_to_door"": 948.4811705617774, ""ready_to_door"": 648.4811705617774}"
2551,COURIER_IDLE,Courier 3 is now idle,"{""courier_id"": 3}"
2580,ASSIGNMENT_MADE,Courier 3 assigned orders [25],"{""courier_id"": 3, ""order_ids"": [25], ""bundle_size"": 1, ""has_relay"": false}"
2582,PICKUP_SERVICE_START,Courier 4 starting pickup service (90s),"{""courier_id"": 4, ""service_time"": 90}"
2602,ORDER_PICKED_UP,Order 21 picked up by courier 2,"{""order_id"": 21, ""courier_id"": 2}"
2602,COURIER_DELIVERING,Courier 2 heading to first dropoff (optimized),"{""courier_id"": 2, ""order_ids"": []}"
2603,ORDER_DELIVERED,Order 17 delivered by courier 0,"{""order_id"": 17, ""courier_id"": 0, ""click_to_door"": 880.3616790346105, ""ready_to_door"": 580.3616790346105}"
2603,COURIER_IDLE,Courier 0 is now idle,"{""courier_id"": 0}"
2645,ORDER_PLACED,Order 29 placed,"{""order_id"": 29, ""restaurant_id"": 7}"
2672,ORDER_PICKED_UP,Order 19 picked up by courier 4,"{""order_id"": 19, ""courier_id"": 4}"
2672,ORDER_PICKED_UP,Order 22 picked up by courier 4,"{""order_id"": 22, ""courier_id"": 4}"
2672,ROUTE_OPTIMIZED,Courier 4 route optimized: 2 dropoffs reordered,"{""courier_id"": 4, ""original_sequence"": [19, 22], ""optimized_sequence"": []}"
2672,COURIER_DELIVERING,Courier 4 heading to first dropoff (optimized),"{""courier_id"": 4, ""order_ids"": []}"
2674,PICKUP_SERVICE_START,Courier 6 starting pickup service (90s),"{""courier_id"": 6, ""service_time"": 90}"
2676,PICKUP_SERVICE_START,Courier 3 starting pickup service (90s),"{""courier_id"": 3, ""service_time"": 90}"
2691,ORDER_PLACED,Order 30 placed,"{""order_id"": 30, ""restaurant_id"": 5}"
2707,ORDER_DELIVERED,Order 18 delivered by courier 5,"{""order_id"": 18, ""courier_id"": 5, ""click_to_door"": 748.0278905586354, ""ready_to_door"": 448.0278905586356}"
2707,COURIER_IDLE,Courier 5 is now idle,"{""courier_id"": 5}"
2719,ORDER_READY,Order 26 is ready for pickup,"{""order_id"": 26}"
2730,ASSIGNMENT_MADE,Courier 0 assigned orders [26],"{""courier_id"": 0, ""order_ids"": [26], ""bundle_size"": 1, ""has_relay"": false}"
2752,ORDER_READY,Order 27 is ready for pickup,"{""order_id"": 27}"
2760,ASSIGNMENT_MADE,Courier 5 assigned orders [27],"{""courier_id"": 5, ""order_ids"": [27], ""bundle_size"": 1, ""has_relay"": false}"
2764,ORDER_PICKED_UP,Order 24 picked up by courier 6,"{""order_id"": 24, ""courier_id"": 6}"
2764,COURIER_DELIVERING,Courier 6 heading to first dropoff (optimized),"{""courier_id"": 6, ""order_ids"": []}"
2766,ORDER_PICKED_UP,Order 25 picked up by courier 3,"{""order_id"": 25, ""courier_id"": 3}"
2766,COURIER_DELIVERING,Courier 3 heading to first dropoff (optimized),"{""courier_id"": 3, ""order_ids"": []}"
2783,ORDER_READY,Order 28 is ready for pickup,"{""order_id"": 28}"
2789,ORDER_DELIVERED,Order 22 delivered by courier 4,"{""order_id"": 22, ""courier_id"": 4, ""click_to_door"": 787.6132212411114, ""ready_to_door"": 487.6132212411112}"
2803,ORDER_DELIVERED,Order 20 delivered by courier 1,"{""order_id"": 20, ""courier_id"": 1, ""click_to_door"": 808.6834950629409, ""ready_to_door"": 508.6834950629409}"
2803,COURIER_IDLE,Courier 1 is now idle,"{""courier_id"": 1}"
2818,PICKUP_SERVICE_START,Courier 7 starting pickup service (90s),"{""courier_id"": 7, ""service_time"": 90}"
2820,ASSIGNMENT_MADE,Courier 1 assigned orders [28],"{""courier_id"": 1, ""order_ids"": [28], ""bundle_size"": 1, ""has_relay"": false}"
2908,PICKUP_SERVICE_START,Courier 0 starting pickup service (90s),"{""courier_id"": 0, ""service_time"": 90}"
2908,ORDER_PICKED_UP,Order 23 picked up by courier 7,"{""order_id"": 23, ""courier_id"": 7}"
2908,COURIER_DELIVERING,Courier 7 heading to first dropoff (optimized),"{""courier_id"": 7, ""order_ids"": []}"
2941,ORDER_DELIVERED,Order 21 delivered by courier 2,"{""order_id"": 21, ""courier_id"": 2, ""click_to_door"": 939.6417951413655, ""ready_to_door"": 639.6417951413655}"
2941,COURIER_IDLE,Courier 2 is now idle,"{""courier_id"": 2}"
2945,ORDER_READY,Order 29 is ready for pickup,"{""order_id"": 29}"
2970,ASSIGNMENT_MADE,Courier 2 assigned orders [29],"{""courier_id"": 2, ""order_ids"": [29], ""bundle_size"": 1, ""has_relay"": false}"
2991,ORDER_READY,Order 30 is ready for pickup,"{""order_id"": 30}"
2998,ORDER_PICKED_UP,Order 26 picked up by courier 0,"{""order_id"": 26, ""courier_id"": 0}"
2998,COURIER_DELIVERING,Courier 0 heading to first dropoff (optimized),"{""courier_id"": 0, ""order_ids"": []}"
3014,ORDER_PLACED,Order 31 placed,"{""order_id"": 31, ""restaurant_id"": 4}"
3055,ORDER_DELIVERED,Order 19 delivered by courier 4,"{""order_id"": 19, ""courier_id"": 4, ""click_to_door"": 1072.527666127832, ""ready_to_door"": 772.5276661278322}"
3055,COURIER_IDLE,Courier 4 is now idle,"{""courier_id"": 4}"
3060,ASSIGNMENT_MADE,Courier 4 assigned orders [30],"{""courier_id"": 4, ""order_ids"": [30], ""bundle_size"": 1, ""has_relay"": false}"
3066,PICKUP_SERVICE_START,Courier 1 starting pickup service (90s),"{""courier_id"": 1, ""service_time"": 90}"
3070,ORDER_PLACED,Order 32 placed,"{""order_id"": 32, ""restaurant_id"": 2}"
3114,ORDER_DELIVERED,Order 26 delivered by courier 0,"{""order_id"": 26, ""courier_id"": 0, ""click_to_door"": 695.320375561706, ""ready_to_door"": 395.320375561706}"
3114,COURIER_IDLE,Courier 0 is now idle,"{""courier_id"": 0}"
3156,ORDER_PICKED_UP,Order 28 picked up by courier 1,"{""order_id"": 28, ""courier_id"": 1}"
3156,COURIER_DELIVERING,Courier 1 heading to first dropoff (optimized),"{""courier_id"": 1, ""order_ids"": []}"
3164,ORDER_PLACED,Order 33 placed,"{""order_id"": 33, ""restaurant_id"": 4}"
3175,ORDER_DELIVERED,Order 24 delivered by courier 6,"{""order_id"": 24, ""courier_id"": 6, ""click_to_door"": 1025.1815981579525, ""ready_to_door"": 725.1815981579525}"
3175,COURIER_IDLE,Courier 6 is now idle,"{""courier_id"": 6}"
3184,PICKUP_SERVICE_START,Courier 4 starting pickup service (90s),"{""courier_id"": 4, ""service_time"": 90}"
3193,ORDER_DELIVERED,Order 25 delivered by courier 3,"{""order_id"": 25, ""courier_id"": 3, ""click_to_door"": 993.1726062165917, ""ready_to_door"": 693.1726062165917}"
3193,COURIER_IDLE,Courier 3 is now idle,"{""courier_id"": 3}"
3254,PICKUP_SERVICE_START,Courier 5 starting pickup service (90s),"{""courier_id"": 5, ""service_time"": 90}"
3256,PICKUP_SERVICE_START,Courier 2 starting pickup service (90s),"{""courier_id"": 2, ""service_time"": 90}"
3274,ORDER_PICKED_UP,Order 30 picked up by courier 4,"{""order_id"": 30, ""courier_id"": 4}"
3274,COURIER_DELIVERING,Courier 4 heading to first dropoff (optimized),"{""courier_id"": 4, ""order_ids"": []}"
3292,ORDER_PLACED,Order 34 placed,"{""order_id"": 34, ""restaurant_id"": 3}"
3295,ORDER_DELIVERED,Order 23 delivered by courier 7,"{""order_id"": 23, ""courier_id"": 7, ""click_to_door"": 1240.48491315091, ""ready_to_door"": 940.48491315091}"
3295,COURIER_IDLE,Courier 7 is now idle,"{""courier_id"": 7}"
3314,ORDER_READY,Order 31 is ready for pickup,"{""order_id"": 31}"
3330,ASSIGNMENT_MADE,Courier 0 assigned orders [31],"{""courier_id"": 0, ""order_ids"": [31], ""bundle_size"": 1, ""has_relay"": false}"
3344,ORDER_PICKED_UP,Order 27 picked up by courier 5,"{""order_id"": 27, ""courier_id"": 5}"
3344,COURIER_DELIVERING,Courier 5 heading to first dropoff (optimized),"{""courier_id"": 5, ""order_ids"": []}"
3346,ORDER_DELIVERED,Order 28 delivered by courier 1,"{""order_id"": 28, ""courier_id"": 1, ""click_to_door"": 863.626041738155, ""ready_to_door"": 563.626041738155}"
3346,COURIER_IDLE,Courier 1 is now idle,"{""courier_id"": 1}"
3346,ORDER_PICKED_UP,Order 29 picked up by courier 2,"{""order_id"": 29, ""courier_id"": 2}"
3346,COURIER_DELIVERING,Courier 2 heading to first dropoff (optimized),"{""courier_id"": 2, ""order_ids"": []}"
3370,ORDER_READY,Order 32 is ready for pickup,"{""order_id"": 32}"
3390,RELAY_CREATED,Relay handoff created: C3 → C6 for order 32,"{""courier_1_id"": 3, ""courier_2_id"": 6, ""order_id"": 32, ""handoff_location"": [3.529163099467125, 2.5]}"
3390,ASSIGNMENT_MADE,Courier 3 assigned orders [32] with relay,"{""courier_id"": 3, ""order_ids"": [32], ""bundle_size"": 1, ""has_relay"": true}"
3390,ASSIGNMENT_MADE,Courier 6 assigned orders [32] with relay,"{""courier_id"": 6, ""order_ids"": [32], ""bundle_size"": 1, ""has_relay"": true}"
3426,PICKUP_SERVICE_START,Courier 3 starting pickup service (90s),"{""courier_id"": 3, ""service_time"": 90}"
3446,PICKUP_SERVICE_START,Courier 0 starting pickup service (90s),"{""courier_id"": 0, ""service_time"": 90}"
3453,ORDER_PLACED,Order 35 placed,"{""order_id"": 35, ""restaurant_id"": 5}"
3464,ORDER_READY,Order 33 is ready for pickup,"{""order_id"": 33}"
3480,ASSIGNMENT_MADE,Courier 1 assigned orders [33],"{""courier_id"": 1, ""order_ids"": [33], ""bundle_size"": 1, ""has_relay"": false}"
3504,ORDER_DELIVERED,Order 30 delivered by courier 4,"{""order_id"": 30, ""courier_id"": 4, ""click_to_door"": 813.5670268205286, ""ready_to_door"": 513.5670268205286}"
3504,COURIER_IDLE,Courier 4 is now idle,"{""courier_id"": 4}"
3516,ORDER_PICKED_UP,Order 32 picked up by courier 3,"{""order_id"": 32, ""courier_id"": 3}"
3516,COURIER_DELIVERING,Courier 3 heading to first dropoff (optimized),"{""courier_id"": 3, ""order_ids"": []}"
3536,ORDER_PICKED_UP,Order 31 picked up by courier 0,"{""order_id"": 31, ""courier_id"": 0}"
3536,COURIER_DELIVERING,Courier 0 heading to first dropoff (optimized),"{""courier_id"": 0, ""order_ids"": []}"
3585,ORDER_PLACED,Order 36 placed,"{""order_id"": 36, ""restaurant_id"": 3}"
3592,ORDER_READY,Order 34 is ready for pickup,"{""order_id"": 34}"
3593,ORDER_DELIVERED,Order 27 delivered by courier 5,"{""order_id"": 27, ""courier_id"": 5, ""click_to_door"": 1141.0693059516116, ""ready_to_door"": 841.0693059516116}"
3593,COURIER_IDLE,Courier 5 is now idle,"{""courier_id"": 5}"
3600,ASSIGNMENT_MADE,Courier 4 assigned orders [34],"{""courier_id"": 4, ""order_ids"": [34], ""bundle_size"": 1, ""has_relay"": false}"
3646,ORDER_PLACED,Order 37 placed,"{""order_id"": 37, ""restaurant_id"": 3}"
3648,PICKUP_SERVICE_START,Courier 1 starting pickup service (90s),"{""courier_id"": 1, ""service_time"": 90}"
3668,PICKUP_SERVICE_START,Courier 6 starting pickup service (90s),"{""courier_id"": 6, ""service_time"": 90}"
3683,ORDER_PLACED,Order 38 placed,"{""order_id"": 38, ""restaurant_id"": 3}"
3695,ORDER_DELIVERED,Order 31 delivered by courier 0,"{""order_id"": 31, ""courier_id"": 0, ""click_to_door"": 681.2645101621747, ""ready_to_door"": 381.2645101621747}"
3695,COURIER_IDLE,Courier 0 is now idle,"{""courier_id"": 0}"
3721,ORDER_DELIVERED,Order 29 delivered by courier 2,"{""order_id"": 29, ""courier_id"": 2, ""click_to_door"": 1076.2082232304238, ""ready_to_door"": 776.2082232304238}"
3721,COURIER_IDLE,Courier 2 is now idle,"{""courier_id"": 2}"
3738,ORDER_PICKED_UP,Order 33 picked up by courier 1,"{""order_id"": 33, ""courier_id"": 1}"
3738,COURIER_DELIVERING,Courier 1 heading to first dropoff (optimized),"{""courier_id"": 1, ""order_ids"": []}"
3740,PICKUP_SERVICE_START,Courier 4 starting pickup service (90s),"{""courier_id"": 4, ""service_time"": 90}"
3753,ORDER_READY,Order 35 is ready for pickup,"{""order_id"": 35}"
3754,ORDER_PLACED,Order 39 placed,"{""order_id"": 39, ""restaurant_id"": 5}"
3758,ORDER_PICKED_UP,Order 32 picked up by courier 6,"{""order_id"": 32, ""courier_id"": 6}"
3758,COURIER_DELIVERING,Courier 6 heading to first dropoff (optimized),"{""courier_id"": 6, ""order_ids"": []}"
3780,RELAY_CREATED,Relay handoff created: C5 → C2 for order 35,"{""courier_1_id"": 5, ""courier_2_id"": 2, ""order_id"": 35, ""handoff_location"": [2.5, 2.5959697244087367]}"
3780,ASSIGNMENT_MADE,Courier 5 assigned orders [35] with relay,"{""courier_id"": 5, ""order_ids"": [35], ""bundle_size"": 1, ""has_relay"": true}"
3780,ASSIGNMENT_MADE,Courier 2 assigned orders [35] with relay,"{""courier_id"": 2, ""order_ids"": [35], ""bundle_size"": 1, ""has_relay"": true}"
3830,ORDER_PICKED_UP,Order 34 picked up by courier 4,"{""order_id"": 34, ""courier_id"": 4}"
3830,COURIER_DELIVERING,Courier 4 heading to first dropoff (optimized),"{""courier_id"": 4, ""order_ids"": []}"
3838,PICKUP_SERVICE_START,Courier 5 starting pickup service (90s),"{""courier_id"": 5, ""service_time"": 90}"
3885,ORDER_READY,Order 36 is ready for pickup,"{""order_id"": 36}"
3900,ASSIGNMENT_MADE,Courier 0 assigned orders [36],"{""courier_id"": 0, ""order_ids"": [36], ""bundle_size"": 1, ""has_relay"": false}"
3919,ORDER_DELIVERED,Order 32 delivered by courier 3,"{""order_id"": 32, ""courier_id"": 3, ""click_to_door"": 849.9077178516327, ""ready_to_door"": 549.9077178516327}"
3919,COURIER_IDLE,Courier 3 is now idle,"{""courier_id"": 3}"
3928,ORDER_PICKED_UP,Order 35 picked up by courier 5,"{""order_id"": 35, ""courier_id"": 5}"
3928,COURIER_DELIVERING,Courier 5 heading to first dropoff (optimized),"{""courier_id"": 5, ""order_ids"": []}"
3946,ORDER_READY,Order 37 is ready for pickup,"{""order_id"": 37}"
3951,ORDER_DELIVERED,Order 33 delivered by courier 1,"{""order_id"": 33, ""courier_id"": 1, ""click_to_door"": 787.7258416957452, ""ready_to_door"": 487.7258416957452}"
3951,COURIER_IDLE,Courier 1 is now idle,"{""courier_id"": 1}"
3960,RELAY_CREATED,Relay handoff created: C3 → C1 for order 37,"{""courier_1_id"": 3, ""courier_2_id"": 1, ""order_id"": 37, ""handoff_location"": [2.5, 2.6817576553567175]}"
3960,ASSIGNMENT_MADE,Courier 3 assigned orders [37] with relay,"{""courier_id"": 3, ""order_ids"": [37], ""bundle_size"": 1, ""has_relay"": true}"
3960,ASSIGNMENT_MADE,Courier 1 assigned orders [37] with relay,"{""courier_id"": 1, ""order_ids"": [37], ""bundle_size"": 1, ""has_relay"": true}"
3981,ORDER_PLACED,Order 40 placed,"{""order_id"": 40, ""restaurant_id"": 2}"
3983,ORDER_READY,Order 38 is ready for pickup,"{""order_id"": 38}"
3988,ORDER_PLACED,Order 41 placed,"{""order_id"": 41, ""restaurant_id"": 2}"
3990,ASSIGNMENT_MADE,Courier 7 assigned orders [38],"{""courier_id"": 7, ""order_ids"": [38], ""bundle_size"": 1, ""has_relay"": false}"
4010,ORDER_PLACED,Order 42 placed,"{""order_id"": 42, ""restaurant_id"": 0}"
4048,ORDER_DELIVERED,Order 34 delivered by courier 4,"{""order_id"": 34, ""courier_id"": 4, ""click_to_door"": 756.2125022319296, ""ready_to_door"": 456.21250223192965}"
4048,COURIER_IDLE,Courier 4 is now idle,"{""courier_id"": 4}"
4053,ORDER_PLACED,Order 43 placed,"{""order_id"": 43, ""restaurant_id"": 6}"
4054,ORDER_READY,Order 39 is ready for pickup,"{""order_id"": 39}"
4080,ASSIGNMENT_MADE,Courier 4 assigned orders [39],"{""courier_id"": 4, ""order_ids"": [39], ""bundle_size"": 1, ""has_relay"": false}"
4113,ORDER_PLACED,Order 44 placed,"{""order_id"": 44, ""restaurant_id"": 3}"
4143,ORDER_PLACED,Order 45 placed,"{""order_id"": 45, ""restaurant_id"": 3}"
4148,PICKUP_SERVICE_START,Courier 0 starting pickup service (90s),"{""courier_id"": 0, ""service_time"": 90}"
4153,PICKUP_SERVICE_START,Courier 2 starting pickup service (90s),"{""courier_id"": 2, ""service_time"": 90}"
4161,ORDER_DELIVERED,Order 32 delivered by courier 6,"{""order_id"": 32, ""courier_id"": 6, ""click_to_door"": 1091.9077178516327, ""ready_to_door"": 791.9077178516327}"
4161,COURIER_IDLE,Courier 6 is now idle,"{""courier_id"": 6}"
4184,PICKUP_SERVICE_START,Courier 3 starting pickup service (90s),"{""courier_id"": 3, ""service_time"": 90}"
4206,ORDER_PLACED,Order 46 placed,"{""order_id"": 46, ""restaurant_id"": 7}"
4230,ORDER_DELIVERED,Order 35 delivered by courier 5,"{""order_id"": 35, ""courier_id"": 5, ""click_to_door"": 777.0638700594104, ""ready_to_door"": 477.0638700594104}"
4230,COURIER_IDLE,Courier 5 is now idle,"{""courier_id"": 5}"
4238,ORDER_PICKED_UP,Order 36 picked up by courier 0,"{""order_id"": 36, ""courier_id"": 0}"
4238,COURIER_DELIVERING,Courier 0 heading to first dropoff (optimized),"{""courier_id"": 0, ""order_ids"": []}"
4243,ORDER_PICKED_UP,Order 35 picked up by courier 2,"{""order_id"": 35, ""courier_id"": 2}"
4243,COURIER_DELIVERING,Courier 2 heading to first dropoff (optimized),"{""courier_id"": 2, ""order_ids"": []}"
4274,ORDER_PICKED_UP,Order 37 picked up by courier 3,"{""order_id"": 37, ""courier_id"": 3}"
4274,COURIER_DELIVERING,Courier 3 heading to first dropoff (optimized),"{""courier_id"": 3, ""order_ids"": []}"
4281,ORDER_READY,Order 40 is ready for pickup,"{""order_id"": 40}"
4288,ORDER_READY,Order 41 is ready for pickup,"{""order_id"": 41}"
4290,ASSIGNMENT_MADE,"Courier 5 assigned orders [40, 41]","{""courier_id"": 5, ""order_ids"": [40, 41], ""bundle_size"": 2, ""has_relay"": false}"
4310,ORDER_READY,Order 42 is ready for pickup,"{""order_id"": 42}"
4320,ASSIGNMENT_MADE,Courier 6 assigned orders [42],"{""courier_id"": 6, ""order_ids"": [42], ""bundle_size"": 1, ""has_relay"": false}"
4353,ORDER_READY,Order 43 is ready for pickup,"{""order_id"": 43}"
4359,ORDER_PLACED,Order 47 placed,"{""order_id"": 47, ""restaurant_id"": 1}"
4359,PICKUP_SERVICE_START,Courier 1 starting pickup service (90s),"{""courier_id"": 1, ""service_time"": 90}"
4395,PICKUP_SERVICE_START,Courier 4 starting pickup service (90s),"{""courier_id"": 4, ""service_time"": 90}"
4401,PICKUP_SERVICE_START,Courier 7 starting pickup service (90s),"{""courier_id"": 7, ""service_time"": 90}"
4413,ORDER_READY,Order 44 is ready for pickup,"{""order_id"": 44}"
4427,ORDER_PLACED,Order 48 placed,"{""order_id"": 48, ""restaurant_id"": 2}"
4427,ORDER_DELIVERED,Order 36 delivered by courier 0,"{""order_id"": 36, ""courier_id"": 0, ""click_to_door"": 842.593886934339, ""ready_to_door"": 542.593886934339}"
4427,COURIER_IDLE,Courier 0 is now idle,"{""courier_id"": 0}"
4440,ASSIGNMENT_MADE,Courier 0 assigned orders [44],"{""courier_id"": 0, ""order_ids"": [44], ""bundle_size"": 1, ""has_relay"": false}"
4443,ORDER_READY,Order 45 is ready for pickup,"{""order_id"": 45}"
4449,ORDER_PICKED_UP,Order 37 picked up by courier 1,"{""order_id"": 37, ""courier_id"": 1}"
4449,COURIER_DELIVERING,Courier 1 heading to first dropoff (optimized),"{""courier_id"": 1, ""order_ids"": []}"
4485,ORDER_PICKED_UP,Order 39 picked up by courier 4,"{""order_id"": 39, ""courier_id"": 4}"
4485,COURIER_DELIVERING,Courier 4 heading to first dropoff (optimized),"{""courier_id"": 4, ""order_ids"": []}"
4491,ORDER_PICKED_UP,Order 38 picked up by courier 7,"{""order_id"": 38, ""courier_id"": 7}"
4491,COURIER_DELIVERING,Courier 7 heading to first dropoff (optimized),"{""courier_id"": 7, ""order_ids"": []}"
4499,ORDER_PLACED,Order 49 placed,"{""order_id"": 49, ""restaurant_id"": 3}"
4506,ORDER_READY,Order 46 is ready for pickup,"{""order_id"": 46}"
4545,ORDER_DELIVERED,Order 35 delivered by courier 2,"{""order_id"": 35, ""courier_id"": 2, ""click_to_door"": 1092.0638700594104, ""ready_to_door"": 792.0638700594104}"
4545,COURIER_IDLE,Courier 2 is now idle,"{""courier_id"": 2}"
4560,ASSIGNMENT_MADE,Courier 2 assigned orders [45],"{""courier_id"": 2, ""order_ids"": [45], ""bundle_size"": 1, ""has_relay"": false}"
4629,PICKUP_SERVICE_START,Courier 0 starting pickup service (90s),"{""courier_id"": 0, ""service_time"": 90}"
4659,ORDER_READY,Order 47 is ready for pickup,"{""order_id"": 47}"
4659,ORDER_DELIVERED,Order 39 delivered by courier 4,"{""order_id"": 39, ""courier_id"": 4, ""click_to_door"": 905.55993811175, ""ready_to_door"": 605.55993811175}"
4659,COURIER_IDLE,Courier 4 is now idle,"{""courier_id"": 4}"
4664,ORDER_DELIVERED,Order 37 delivered by courier 3,"{""order_id"": 37, ""courier_id"": 3, ""click_to_door"": 1018.7622976708908, ""ready_to_door"": 718.7622976708908}"
4664,COURIER_IDLE,Courier 3 is now idle,"{""courier_id"": 3}"
4665,PICKUP_SERVICE_START,Courier 2 starting pickup service (90s),"{""courier_id"": 2, ""service_time"": 90}"
4677,PICKUP_SERVICE_START,Courier 5 starting pickup service (90s),"{""courier_id"": 5, ""service_time"": 90}"
4680,ASSIGNMENT_MADE,Courier 3 assigned orders [47],"{""courier_id"": 3, ""order_ids"": [47], ""bundle_size"": 1, ""has_relay"": false}"
4680,ASSIGNMENT_MADE,Courier 4 assigned orders [46],"{""courier_id"": 4, ""order_ids"": [46], ""bundle_size"": 1, ""has_relay"": false}"
4714,PICKUP_SERVICE_START,Courier 6 starting pickup service (90s),"{""courier_id"": 6, ""service_time"": 90}"
4719,ORDER_PICKED_UP,Order 44 picked up by courier 0,"{""order_id"": 44, ""courier_id"": 0}"
4719,COURIER_DELIVERING,Courier 0 heading to first dropoff (optimized),"{""courier_id"": 0, ""order_ids"": []}"
4727,ORDER_READY,Order 48 is ready for pickup,"{""order_id"": 48}"
4755,ORDER_PICKED_UP,Order 45 picked up by courier 2,"{""order_id"": 45, ""courier_id"": 2}"
4755,COURIER_DELIVERING,Courier 2 heading to first dropoff (optimized),"{""courier_id"": 2, ""order_ids"": []}"
4766,PICKUP_SERVICE_START,Courier 4 starting pickup service (90s),"{""courier_id"": 4, ""service_time"": 90}"
4767,ORDER_PICKED_UP,Order 40 picked up by courier 5,"{""order_id"": 40, ""courier_id"": 5}"
4767,ORDER_PICKED_UP,Order 41 picked up by courier 5,"{""order_id"": 41, ""courier_id"": 5}"
4767,ROUTE_OPTIMIZED,Courier 5 route optimized: 2 dropoffs reordered,"{""courier_id"": 5, ""original_sequence"": [40, 41], ""optimized_sequence"": []}"
4767,COURIER_DELIVERING,Courier 5 heading to first dropoff (optimized),"{""courier_id"": 5, ""order_ids"": []}"
4799,ORDER_READY,Order 49 is ready for pickup,"{""order_id"": 49}"
4804,ORDER_PICKED_UP,Order 42 picked up by courier 6,"{""order_id"": 42, ""courier_id"": 6}"
4804,COURIER_DELIVERING,Courier 6 heading to first dropoff (optimized),"{""courier_id"": 6, ""order_ids"": []}"
4839,ORDER_DELIVERED,Order 37 delivered by courier 1,"{""order_id"": 37, ""courier_id"": 1, ""click_to_door"": 1193.7622976708908, ""ready_to_door"": 893.7622976708908}"
4839,COURIER_IDLE,Courier 1 is now idle,"{""courier_id"": 1}"
4856,ORDER_PICKED_UP,Order 46 picked up by courier 4,"{""order_id"": 46, ""courier_id"": 4}"
4856,COURIER_DELIVERING,Courier 4 heading to first dropoff (optimized),"{""courier_id"": 4, ""order_ids"": []}"
4860,ASSIGNMENT_MADE,Courier 1 assigned orders [49],"{""courier_id"": 1, ""order_ids"": [49], ""bundle_size"": 1, ""has_relay"": false}"
4893,PICKUP_SERVICE_START,Courier 3 starting pickup service (90s),"{""courier_id"": 3, ""service_time"": 90}"
4912,ORDER_DELIVERED,Order 38 delivered by courier 7,"{""order_id"": 38, ""courier_id"": 7, ""click_to_door"": 1229.2190229840344, ""ready_to_door"": 929.2190229840344}"
4912,COURIER_IDLE,Courier 7 is now idle,"{""courier_id"": 7}"
4918,ORDER_PLACED,Order 50 placed,"{""order_id"": 50, ""restaurant_id"": 4}"
4920,ASSIGNMENT_MADE,Courier 7 assigned orders [48],"{""courier_id"": 7, ""order_ids"": [48], ""bundle_size"": 1, ""has_relay"": false}"
4927,ORDER_DELIVERED,Order 44 delivered by courier 0,"{""order_id"": 44, ""courier_id"": 0, ""click_to_door"": 814.0875981769486, ""ready_to_door"": 514.0875981769486}"
4927,COURIER_IDLE,Courier 0 is now idle,"{""courier_id"": 0}"
4950,ASSIGNMENT_MADE,Courier 0 assigned orders [43],"{""courier_id"": 0, ""order_ids"": [43], ""bundle_size"": 1, ""has_relay"": false}"
4983,ORDER_PICKED_UP,Order 47 picked up by courier 3,"{""order_id"": 47, ""courier_id"": 3}"
4983,COURIER_DELIVERING,Courier 3 heading to first dropoff (optimized),"{""courier_id"": 3, ""order_ids"": []}"
4990,ORDER_DELIVERED,Order 46 delivered by courier 4,"{""order_id"": 46, ""courier_id"": 4, ""click_to_door"": 784.1034745252855, ""ready_to_door"": 484.1034745252855}"
4990,COURIER_IDLE,Courier 4 is now idle,"{""courier_id"": 4}"
5002,ORDER_PLACED,Order 51 placed,"{""order_id"": 51, ""restaurant_id"": 0}"
5019,ORDER_PLACED,Order 52 placed,"{""order_id"": 52, ""restaurant_id"": 0}"
5039,ORDER_DELIVERED,Order 47 delivered by courier 3,"{""order_id"": 47, ""courier_id"": 3, ""click_to_door"": 680.8062825898796, ""ready_to_door"": 380.80628258987963}"
5039,COURIER_IDLE,Courier 3 is now idle,"{""courier_id"": 3}"
5046,ORDER_DELIVERED,Order 45 delivered by courier 2,"{""order_id"": 45, ""courier_id"": 2, ""click_to_door"": 903.7538849549601, ""ready_to_door"": 603.7538849549601}"
5046,COURIER_IDLE,Courier 2 is now idle,"{""courier_id"": 2}"
5053,ORDER_PLACED,Order 53 placed,"{""order_id"": 53, ""restaurant_id"": 3}"
5087,ORDER_PLACED,Order 54 placed,"{""order_id"": 54, ""restaurant_id"": 6}"
5088,PICKUP_SERVICE_START,Courier 7 starting pickup service (90s),"{""courier_id"": 7, ""service_time"": 90}"
5108,ORDER_DELIVERED,Order 40 delivered by courier 5,"{""order_id"": 40, ""courier_id"": 5, ""click_to_door"": 1127.733177241655, ""ready_to_door"": 827.7331772416546}"
5112,PICKUP_SERVICE_START,Courier 0 starting pickup service (90s),"{""courier_id"": 0, ""service_time"": 90}"
5122,ORDER_PLACED,Order 55 placed,"{""order_id"": 55, ""restaurant_id"": 2}"
5137,ORDER_PLACED,Order 56 placed,"{""order_id"": 56, ""restaurant_id"": 3}"
5141,ORDER_DELIVERED,Order 42 delivered by courier 6,"{""order_id"": 42, ""courier_id"": 6, ""click_to_door"": 1131.6611745217515, ""ready_to_door"": 831.6611745217515}"
5141,COURIER_IDLE,Courier 6 is now idle,"{""courier_id"": 6}"
5178,ORDER_PICKED_UP,Order 48 picked up by courier 7,"{""order_id"": 48, ""courier_id"": 7}"
5178,COURIER_DELIVERING,Courier 7 heading to first dropoff (optimized),"{""courier_id"": 7, ""order_ids"": []}"
5202,ORDER_PICKED_UP,Order 43 picked up by courier 0,"{""order_id"": 43, ""courier_id"": 0}"
5202,COURIER_DELIVERING,Courier 0 heading to first dropoff (optimized),"{""courier_id"": 0, ""order_ids"": []}"
5218,ORDER_READY,Order 50 is ready for pickup,"{""order_id"": 50}"
5220,ORDER_PLACED,Order 57 placed,"{""order_id"": 57, ""restaurant_id"": 3}"
5220,ASSIGNMENT_MADE,Courier 2 assigned orders [50],"{""courier_id"": 2, ""order_ids"": [50], ""bundle_size"": 1, ""has_relay"": false}"
5250,PICKUP_SERVICE_START,Courier 1 starting pickup service (90s),"{""courier_id"": 1, ""service_time"": 90}"
5302,ORDER_READY,Order 51 is ready for pickup,"{""order_id"": 51}"
5310,RELAY_CREATED,Relay handoff created: C3 → C4 for order 51,"{""courier_1_id"": 3, ""courier_2_id"": 4, ""order_id"": 51, ""handoff_location"": [2.5, 2.2153066201362606]}"
5310,ASSIGNMENT_MADE,Courier 3 assigned orders [51] with relay,"{""courier_id"": 3, ""order_ids"": [51], ""bundle_size"": 1, ""has_relay"": true}"
5310,ASSIGNMENT_MADE,Courier 4 assigned orders [51] with relay,"{""courier_id"": 4, ""order_ids"": [51], ""bundle_size"": 1, ""has_relay"": true}"
5319,ORDER_READY,Order 52 is ready for pickup,"{""order_id"": 52}"
5331,PICKUP_SERVICE_START,Courier 2 starting pickup service (90s),"{""courier_id"": 2, ""service_time"": 90}"
5340,ORDER_PICKED_UP,Order 49 picked up by courier 1,"{""order_id"": 49, ""courier_id"": 1}"
5340,COURIER_DELIVERING,Courier 1 heading to first dropoff (optimized),"{""courier_id"": 1, ""order_ids"": []}"
5340,ASSIGNMENT_MADE,Courier 6 assigned orders [52],"{""courier_id"": 6, ""order_ids"": [52], ""bundle_size"": 1, ""has_relay"": false}"
5353,ORDER_PLACED,Order 58 placed,"{""order_id"": 58, ""restaurant_id"": 6}"
5353,ORDER_READY,Order 53 is ready for pickup,"{""order_id"": 53}"
5354,ORDER_DELIVERED,Order 49 delivered by courier 1,"{""order_id"": 49, ""courier_id"": 1, ""click_to_door"": 855.0668933128927, ""ready_to_door"": 555.0668933128927}"
5354,COURIER_IDLE,Courier 1 is now idle,"{""courier_id"": 1}"
5370,ASSIGNMENT_MADE,Courier 1 assigned orders [53],"{""courier_id"": 1, ""order_ids"": [53], ""bundle_size"": 1, ""has_relay"": false}"
5384,PICKUP_SERVICE_START,Courier 1 starting pickup service (90s),"{""courier_id"": 1, ""service_time"": 90}"
5387,ORDER_READY,Order 54 is ready for pickup,"{""order_id"": 54}"
5399,ORDER_DELIVERED,Order 41 delivered by courier 5,"{""order_id"": 41, ""courier_id"": 5, ""click_to_door"": 1411.722497658995, ""ready_to_door"": 1111.722497658995}"
5399,COURIER_IDLE,Courier 5 is now idle,"{""courier_id"": 5}"
5400,ASSIGNMENT_MADE,Courier 5 assigned orders [54],"{""courier_id"": 5, ""order_ids"": [54], ""bundle_size"": 1, ""has_relay"": false}"
5421,ORDER_PICKED_UP,Order 50 picked up by courier 2,"{""order_id"": 50, ""courier_id"": 2}"
5421,COURIER_DELIVERING,Courier 2 heading to first dropoff (optimized),"{""courier_id"": 2, ""order_ids"": []}"
5422,ORDER_PLACED,Order 59 placed,"{""order_id"": 59, ""restaurant_id"": 0}"
5422,ORDER_READY,Order 55 is ready for pickup,"{""order_id"": 55}"
5437,ORDER_READY,Order 56 is ready for pickup,"{""order_id"": 56}"
5453,ORDER_PLACED,Order 60 placed,"{""order_id"": 60, ""restaurant_id"": 2}"
5460,PICKUP_SERVICE_START,Courier 5 starting pickup service (90s),"{""courier_id"": 5, ""service_time"": 90}"
5463,ORDER_PLACED,Order 61 placed,"{""order_id"": 61, ""restaurant_id"": 7}"
5474,ORDER_PICKED_UP,Order 53 picked up by courier 1,"{""order_id"": 53, ""courier_id"": 1}"
5474,COURIER_DELIVERING,Courier 1 heading to first dropoff (optimized),"{""courier_id"": 1, ""order_ids"": []}"
5490,ORDER_PLACED,Order 62 placed,"{""order_id"": 62, ""restaurant_id"": 1}"
5520,ORDER_READY,Order 57 is ready for pickup,"{""order_id"": 57}"
5541,ORDER_DELIVERED,Order 50 delivered by courier 2,"{""order_id"": 50, ""courier_id"": 2, ""click_to_door"": 623.504553230594, ""ready_to_door"": 323.50455323059396}"
5541,COURIER_IDLE,Courier 2 is now idle,"{""courier_id"": 2}"
5550,ORDER_PICKED_UP,Order 54 picked up by courier 5,"{""order_id"": 54, ""courier_id"": 5}"
5550,COURIER_DELIVERING,Courier 5 heading to first dropoff (optimized),"{""courier_id"": 5, ""order_ids"": []}"
5550,ASSIGNMENT_MADE,"Courier 2 assigned orders [56, 57]","{""courier_id"": 2, ""order_ids"": [56, 57], ""bundle_size"": 2, ""has_relay"": false}"
5576,ORDER_PLACED,Order 63 placed,"{""order_id"": 63, ""restaurant_id"": 0}"
5579,ORDER_DELIVERED,Order 43 delivered by courier 0,"{""order_id"": 43, ""courier_id"": 0, ""click_to_door"": 1526.842074397472, ""ready_to_door"": 1226.842074397472}"
5579,COURIER_IDLE,Courier 0 is now idle,"{""courier_id"": 0}"
5580,ASSIGNMENT_MADE,Courier 0 assigned orders [55],"{""courier_id"": 0, ""order_ids"": [55], ""bundle_size"": 1, ""has_relay"": false}"
5594,PICKUP_SERVICE_START,Courier 3 starting pickup service (90s),"{""courier_id"": 3, ""service_time"": 90}"
5624,ORDER_DELIVERED,Order 48 delivered by courier 7,"{""order_id"": 48, ""courier_id"": 7, ""click_to_door"": 1197.9107389999726, ""ready_to_door"": 897.9107389999726}"
5624,COURIER_IDLE,Courier 7 is now idle,"{""courier_id"": 7}"
5643,ORDER_PLACED,Order 64 placed,"{""order_id"": 64, ""restaurant_id"": 3}"
5643,PICKUP_SERVICE_START,Courier 2 starting pickup service (90s),"{""courier_id"": 2, ""service_time"": 90}"
5645,ORDER_DELIVERED,Order 53 delivered by courier 1,"{""order_id"": 53, ""courier_id"": 1, ""click_to_door"": 592.9575180443053, ""ready_to_door"": 292.9575180443053}"
5645,COURIER_IDLE,Courier 1 is now idle,"{""courier_id"": 1}"
5653,ORDER_READY,Order 58 is ready for pickup,"{""order_id"": 58}"
5670,RELAY_CREATED,Relay handoff created: C1 → C7 for order 58,"{""courier_1_id"": 1, ""courier_2_id"": 7, ""order_id"": 58, ""handoff_location"": [1.8510348120602225, 2.5]}"
5670,ASSIGNMENT_MADE,Courier 1 assigned orders [58] with relay,"{""courier_id"": 1, ""order_ids"": [58], ""bundle_size"": 1, ""has_relay"": true}"
5670,ASSIGNMENT_MADE,Courier 7 assigned orders [58] with relay,"{""courier_id"": 7, ""order_ids"": [58], ""bundle_size"": 1, ""has_relay"": true}"
5677,PICKUP_SERVICE_START,Courier 6 starting pickup service (90s),"{""courier_id"": 6, ""service_time"": 90}"
5684,ORDER_PICKED_UP,Order 51 picked up by courier 3,"{""order_id"": 51, ""courier_id"": 3}"
5684,COURIER_DELIVERING,Courier 3 heading to first dropoff (optimized),"{""courier_id"": 3, ""order_ids"": []}"
5722,ORDER_READY,Order 59 is ready for pickup,"{""order_id"": 59}"
5733,ORDER_PICKED_UP,Order 56 picked up by courier 2,"{""order_id"": 56, ""courier_id"": 2}"
5733,ORDER_PICKED_UP,Order 57 picked up by courier 2,"{""order_id"": 57, ""courier_id"": 2}"
5733,ROUTE_OPTIMIZED,Courier 2 route optimized: 2 dropoffs reordered,"{""courier_id"": 2, ""original_sequence"": [56, 57], ""optimized_sequence"": []}"
5733,COURIER_DELIVERING,Courier 2 heading to first dropoff (optimized),"{""courier_id"": 2, ""order_ids"": []}"
5753,ORDER_READY,Order 60 is ready for pickup,"{""order_id"": 60}"
5763,ORDER_READY,Order 61 is ready for pickup,"{""order_id"": 61}"
5767,PICKUP_SERVICE_START,Courier 1 starting pickup service (90s),"{""courier_id"": 1, ""service_time"": 90}"
5767,ORDER_PICKED_UP,Order 52 picked up by courier 6,"{""order_id"": 52, ""courier_id"": 6}"
5767,COURIER_DELIVERING,Courier 6 heading to first dropoff (optimized),"{""courier_id"": 6, ""order_ids"": []}"
5790,ORDER_READY,Order 62 is ready for pickup,"{""order_id"": 62}"
5798,PICKUP_SERVICE_START,Courier 0 starting pickup service (90s),"{""courier_id"": 0, ""service_time"": 90}"
5853,PICKUP_SERVICE_START,Courier 4 starting pickup service (90s),"{""courier_id"": 4, ""service_time"": 90}"
5857,ORDER_PICKED_UP,Order 58 picked up by courier 1,"{""order_id"": 58, ""courier_id"": 1}"
5857,COURIER_DELIVERING,Courier 1 heading to first dropoff (optimized),"{""courier_id"": 1, ""order_ids"": []}"
5876,ORDER_READY,Order 63 is ready for pickup,"{""order_id"": 63}"
5878,ORDER_PLACED,Order 65 placed,"{""order_id"": 65, ""restaurant_id"": 1}"
5888,ORDER_PICKED_UP,Order 55 picked up by courier 0,"{""order_id"": 55, ""courier_id"": 0}"
5888,COURIER_DELIVERING,Courier 0 heading to first dropoff (optimized),"{""courier_id"": 0, ""order_ids"": []}"
5943,ORDER_READY,Order 64 is ready for pickup,"{""order_id"": 64}"
5943,ORDER_PICKED_UP,Order 51 picked up by courier 4,"{""order_id"": 51, ""courier_id"": 4}"
5943,COURIER_DELIVERING,Courier 4 heading to first dropoff (optimized),"{""courier_id"": 4, ""order_ids"": []}"
5951,ORDER_DELIVERED,Order 56 delivered by courier 2,"{""order_id"": 56, ""courier_id"": 2, ""click_to_door"": 814.6749307184709, ""ready_to_door"": 514.6749307184709}"
5981,ORDER_PLACED,Order 66 placed,"{""order_id"": 66, ""restaurant_id"": 2}"
5983,ORDER_DELIVERED,Order 54 delivered by courier 5,"{""order_id"": 54, ""courier_id"": 5, ""click_to_door"": 896.9024720655798, ""ready_to_door"": 596.9024720655798}"
5983,COURIER_IDLE,Courier 5 is now idle,"{""courier_id"": 5}"
6000,ASSIGNMENT_MADE,Courier 5 assigned orders [64],"{""courier_id"": 5, ""order_ids"": [64], ""bundle_size"": 1, ""has_relay"": false}"
6001,ORDER_PLACED,Order 67 placed,"{""order_id"": 67, ""restaurant_id"": 7}"
6049,ORDER_PLACED,Order 68 placed,"{""order_id"": 68, ""restaurant_id"": 5}"
6076,PICKUP_SERVICE_START,Courier 7 starting pickup service (90s),"{""courier_id"": 7, ""service_time"": 90}"
6166,ORDER_PICKED_UP,Order 58 picked up by courier 7,"{""order_id"": 58, ""courier_id"": 7}"
6166,COURIER_DELIVERING,Courier 7 heading to first dropoff (optimized),"{""courier_id"": 7, ""order_ids"": []}"
6178,ORDER_READY,Order 65 is ready for pickup,"{""order_id"": 65}"
6217,ORDER_DELIVERED,Order 51 delivered by courier 3,"{""order_id"": 51, ""courier_id"": 3, ""click_to_door"": 1215.8320535207822, ""ready_to_door"": 915.8320535207822}"
6217,COURIER_IDLE,Courier 3 is now idle,"{""courier_id"": 3}"
6240,ASSIGNMENT_MADE,Courier 3 assigned orders [61],"{""courier_id"": 3, ""order_ids"": [61], ""bundle_size"": 1, ""has_relay"": false}"
6246,ORDER_PLACED,Order 69 placed,"{""order_id"": 69, ""restaurant_id"": 7}"
6274,ORDER_DELIVERED,Order 52 delivered by courier 6,"{""order_id"": 52, ""courier_id"": 6, ""click_to_door"": 1255.3686900127577, ""ready_to_door"": 955.3686900127577}"
6274,COURIER_IDLE,Courier 6 is now idle,"{""courier_id"": 6}"
6281,ORDER_READY,Order 66 is ready for pickup,"{""order_id"": 66}"
6300,ASSIGNMENT_MADE,"Courier 6 assigned orders [62, 65]","{""courier_id"": 6, ""order_ids"": [62, 65], ""bundle_size"": 2, ""has_relay"": false}"
6301,ORDER_READY,Order 67 is ready for pickup,"{""order_id"": 67}"
6314,ORDER_DELIVERED,Order 58 delivered by courier 1,"{""order_id"": 58, ""courier_id"": 1, ""click_to_door"": 961.8831495369386, ""ready_to_door"": 661.8831495369386}"
6314,COURIER_IDLE,Courier 1 is now idle,"{""courier_id"": 1}"
6323,ORDER_DELIVERED,Order 55 delivered by courier 0,"{""order_id"": 55, ""courier_id"": 0, ""click_to_door"": 1201.1866403908998, ""ready_to_door"": 901.1866403908998}"
6323,COURIER_IDLE,Courier 0 is now idle,"{""courier_id"": 0}"
6330,ASSIGNMENT_MADE,Courier 0 assigned orders [67],"{""courier_id"": 0, ""order_ids"": [67], ""bundle_size"": 1, ""has_relay"": false}"
6330,ASSIGNMENT_MADE,"Courier 1 assigned orders [59, 63]","{""courier_id"": 1, ""order_ids"": [59, 63], ""bundle_size"": 2, ""has_relay"": false}"
6333,PICKUP_SERVICE_START,Courier 5 starting pickup service (90s),"{""courier_id"": 5, ""service_time"": 90}"
6349,ORDER_READY,Order 68 is ready for pickup,"{""order_id"": 68}"
6358,ORDER_DELIVERED,Order 57 delivered by courier 2,"{""order_id"": 57, ""courier_id"": 2, ""click_to_door"": 1138.0263954515704, ""ready_to_door"": 838.0263954515704}"
6358,COURIER_IDLE,Courier 2 is now idle,"{""courier_id"": 2}"
6360,ASSIGNMENT_MADE,Courier 2 assigned orders [68],"{""courier_id"": 2, ""order_ids"": [68], ""bundle_size"": 1, ""has_relay"": false}"
6423,ORDER_PICKED_UP,Order 64 picked up by courier 5,"{""order_id"": 64, ""courier_id"": 5}"
6423,COURIER_DELIVERING,Courier 5 heading to first dropoff (optimized),"{""courier_id"": 5, ""order_ids"": []}"
6434,PICKUP_SERVICE_START,Courier 3 starting pickup service (90s),"{""courier_id"": 3, ""service_time"": 90}"
6476,ORDER_DELIVERED,Order 51 delivered by courier 4,"{""order_id"": 51, ""courier_id"": 4, ""click_to_door"": 1474.8320535207822, ""ready_to_door"": 1174.8320535207822}"
6476,COURIER_IDLE,Courier 4 is now idle,"{""courier_id"": 4}"
6480,ASSIGNMENT_MADE,"Courier 4 assigned orders [60, 66]","{""courier_id"": 4, ""order_ids"": [60, 66], ""bundle_size"": 2, ""has_relay"": false}"
6509,PICKUP_SERVICE_START,Courier 1 starting pickup service (90s),"{""courier_id"": 1, ""service_time"": 90}"
6510,ORDER_DELIVERED,Order 64 delivered by courier 5,"{""order_id"": 64, ""courier_id"": 5, ""click_to_door"": 867.9700973409081, ""ready_to_door"": 567.9700973409081}"
6510,COURIER_IDLE,Courier 5 is now idle,"{""courier_id"": 5}"
6516,PICKUP_SERVICE_START,Courier 2 starting pickup service (90s),"{""courier_id"": 2, ""service_time"": 90}"
6524,ORDER_PICKED_UP,Order 61 picked up by courier 3,"{""order_id"": 61, ""courier_id"": 3}"
6524,COURIER_DELIVERING,Courier 3 heading to first dropoff (optimized),"{""courier_id"": 3, ""order_ids"": []}"
6543,ORDER_PLACED,Order 70 placed,"{""order_id"": 70, ""restaurant_id"": 5}"
6545,ORDER_PLACED,Order 71 placed,"{""order_id"": 71, ""restaurant_id"": 5}"
6546,ORDER_READY,Order 69 is ready for pickup,"{""order_id"": 69}"
6570,ASSIGNMENT_MADE,Courier 5 assigned orders [69],"{""courier_id"": 5, ""order_ids"": [69], ""bundle_size"": 1, ""has_relay"": false}"
6599,ORDER_PICKED_UP,Order 59 picked up by courier 1,"{""order_id"": 59, ""courier_id"": 1}"
6599,ORDER_PICKED_UP,Order 63 picked up by courier 1,"{""order_id"": 63, ""courier_id"": 1}"
6599,ROUTE_OPTIMIZED,Courier 1 route optimized: 2 dropoffs reordered,"{""courier_id"": 1, ""original_sequence"": [59, 63], ""optimized_sequence"": []}"
6599,COURIER_DELIVERING,Courier 1 heading to first dropoff (optimized),"{""courier_id"": 1, ""order_ids"": []}"
6606,ORDER_PICKED_UP,Order 68 picked up by courier 2,"{""order_id"": 68, ""courier_id"": 2}"
6606,COURIER_DELIVERING,Courier 2 heading to first dropoff (optimized),"{""courier_id"": 2, ""order_ids"": []}"
6623,ORDER_DELIVERED,Order 58 delivered by courier 7,"{""order_id"": 58, ""courier_id"": 7, ""click_to_door"": 1270.8831495369386, ""ready_to_door"": 970.8831495369386}"
6623,COURIER_IDLE,Courier 7 is now idle,"{""courier_id"": 7}"
6640,ORDER_PLACED,Order 72 placed,"{""order_id"": 72, ""restaurant_id"": 0}"
6685,ORDER_PLACED,Order 73 placed,"{""order_id"": 73, ""restaurant_id"": 7}"
6688,ORDER_PLACED,Order 74 placed,"{""order_id"": 74, ""restaurant_id"": 4}"
6692,PICKUP_SERVICE_START,Courier 0 starting pickup service (90s),"{""courier_id"": 0, ""service_time"": 90}"
6698,PICKUP_SERVICE_START,Courier 6 starting pickup service (90s),"{""courier_id"": 6, ""service_time"": 90}"
6782,ORDER_PICKED_UP,Order 67 picked up by courier 0,"{""order_id"": 67, ""courier_id"": 0}"
6782,COURIER_DELIVERING,Courier 0 heading to first dropoff (optimized),"{""courier_id"": 0, ""order_ids"": []}"
6788,ORDER_PICKED_UP,Order 62 picked up by courier 6,"{""order_id"": 62, ""courier_id"": 6}"
6788,ORDER_PICKED_UP,Order 65 picked up by courier 6,"{""order_id"": 65, ""courier_id"": 6}"
6788,ROUTE_OPTIMIZED,Courier 6 route optimized: 2 dropoffs reordered,"{""courier_id"": 6, ""original_sequence"": [62, 65], ""optimized_sequence"": []}"
6788,COURIER_DELIVERING,Courier 6 heading to first dropoff (optimized),"{""courier_id"": 6, ""order_ids"": []}"
6816,PICKUP_SERVICE_START,Courier 4 starting pickup service (90s),"{""courier_id"": 4, ""service_time"": 90}"
6843,ORDER_READY,Order 70 is ready for pickup,"{""order_id"": 70}"
6845,ORDER_READY,Order 71 is ready for pickup,"{""order_id"": 71}"
6863,ORDER_PLACED,Order 75 placed,"{""order_id"": 75, ""restaurant_id"": 0}"
6870,ASSIGNMENT_MADE,"Courier 7 assigned orders [70, 71]","{""courier_id"": 7, ""order_ids"": [70, 71], ""bundle_size"": 2, ""has_relay"": false}"
6906,ORDER_PICKED_UP,Order 60 picked up by courier 4,"{""order_id"": 60, ""courier_id"": 4}"
6906,ORDER_PICKED_UP,Order 66 picked up by courier 4,"{""order_id"": 66, ""courier_id"": 4}"
6906,ROUTE_OPTIMIZED,Courier 4 route optimized: 2 dropoffs reordered,"{""courier_id"": 4, ""original_sequence"": [60, 66], ""optimized_sequence"": []}"
6906,COURIER_DELIVERING,Courier 4 heading to first dropoff (optimized),"{""courier_id"": 4, ""order_ids"": []}"
6938,ORDER_DELIVERED,Order 63 delivered by courier 1,"{""order_id"": 63, ""courier_id"": 1, ""click_to_door"": 1362.7029795097187, ""ready_to_door"": 1062.7029795097187}"
6940,ORDER_READY,Order 72 is ready for pickup,"{""order_id"": 72}"
6949,PICKUP_SERVICE_START,Courier 5 starting pickup service (90s),"{""courier_id"": 5, ""service_time"": 90}"
6952,ORDER_DELIVERED,Order 61 delivered by courier 3,"{""order_id"": 61, ""courier_id"": 3, ""click_to_door"": 1489.2526864702913, ""ready_to_door"": 1189.2526864702913}"
6952,COURIER_IDLE,Courier 3 is now idle,"{""courier_id"": 3}"
6960,ASSIGNMENT_MADE,Courier 3 assigned orders [72],"{""courier_id"": 3, ""order_ids"": [72], ""bundle_size"": 1, ""has_relay"": false}"
6985,ORDER_READY,Order 73 is ready for pickup,"{""order_id"": 73}"
6988,ORDER_READY,Order 74 is ready for pickup,"{""order_id"": 74}"
6988,ORDER_DELIVERED,Order 67 delivered by courier 0,"{""order_id"": 67, ""courier_id"": 0, ""click_to_door"": 987.9086956343808, ""ready_to_door"": 687.9086956343808}"
6988,COURIER_IDLE,Courier 0 is now idle,"{""courier_id"": 0}"
6990,ASSIGNMENT_MADE,Courier 0 assigned orders [74],"{""courier_id"": 0, ""order_ids"": [74], ""bundle_size"": 1, ""has_relay"": false}"
6993,ORDER_DELIVERED,Order 65 delivered by courier 6,"{""order_id"": 65, ""courier_id"": 6, ""click_to_door"": 1115.8563726967814, ""ready_to_door"": 815.8563726967814}"
7014,ORDER_PLACED,Order 76 placed,"{""order_id"": 76, ""restaurant_id"": 2}"
7024,ORDER_DELIVERED,Order 68 delivered by courier 2,"{""order_id"": 68, ""courier_id"": 2, ""click_to_door"": 975.6241597503977, ""ready_to_door"": 675.6241597503977}"
7024,COURIER_IDLE,Courier 2 is now idle,"{""courier_id"": 2}"
7039,ORDER_PICKED_UP,Order 69 picked up by courier 5,"{""order_id"": 69, ""courier_id"": 5}"
7039,COURIER_DELIVERING,Courier 5 heading to first dropoff (optimized),"{""courier_id"": 5, ""order_ids"": []}"
7050,ASSIGNMENT_MADE,Courier 2 assigned orders [73],"{""courier_id"": 2, ""order_ids"": [73], ""bundle_size"": 1, ""has_relay"": false}"
7090,ORDER_PLACED,Order 77 placed,"{""order_id"": 77, ""restaurant_id"": 6}"
7097,ORDER_PLACED,Order 78 placed,"{""order_id"": 78, ""restaurant_id"": 4}"
7142,PICKUP_SERVICE_START,Courier 0 starting pickup service (90s),"{""courier_id"": 0, ""service_time"": 90}"
7148,ORDER_PLACED,Order 79 placed,"{""order_id"": 79, ""restaurant_id"": 6}"
7163,ORDER_READY,Order 75 is ready for pickup,"{""order_id"": 75}"
7171,PICKUP_SERVICE_START,Courier 7 starting pickup service (90s),"{""courier_id"": 7, ""service_time"": 90}"
7204,ORDER_PLACED,Order 80 placed,"{""order_id"": 80, ""restaurant_id"": 3}"
7232,ORDER_PICKED_UP,Order 74 picked up by courier 0,"{""order_id"": 74, ""courier_id"": 0}"
7232,COURIER_DELIVERING,Courier 0 heading to first dropoff (optimized),"{""courier_id"": 0, ""order_ids"": []}"
7261,ORDER_PICKED_UP,Order 70 picked up by courier 7,"{""order_id"": 70, ""courier_id"": 7}"
7261,ORDER_PICKED_UP,Order 71 picked up by courier 7,"{""order_id"": 71, ""courier_id"": 7}"
7261,ROUTE_OPTIMIZED,Courier 7 route optimized: 2 dropoffs reordered,"{""courier_id"": 7, ""original_sequence"": [70, 71], ""optimized_sequence"": []}"
7261,COURIER_DELIVERING,Courier 7 heading to first dropoff (optimized),"{""courier_id"": 7, ""order_ids"": []}"
7264,ORDER_DELIVERED,Order 59 delivered by courier 1,"{""order_id"": 59, ""courier_id"": 1, ""click_to_door"": 1842.140725863429, ""ready_to_door"": 1542.140725863429}"
7264,COURIER_IDLE,Courier 1 is now idle,"{""courier_id"": 1}"
7275,ORDER_DELIVERED,Order 69 delivered by courier 5,"{""order_id"": 69, ""courier_id"": 5, ""click_to_door"": 1029.993097405667, ""ready_to_door"": 729.993097405667}"
7275,COURIER_IDLE,Courier 5 is now idle,"{""courier_id"": 5}"
7290,ASSIGNMENT_MADE,Courier 5 assigned orders [75],"{""courier_id"": 5, ""order_ids"": [75], ""bundle_size"": 1, ""has_relay"": false}"
7305,ORDER_DELIVERED,Order 62 delivered by courier 6,"{""order_id"": 62, ""courier_id"": 6, ""click_to_door"": 1815.571502324785, ""ready_to_door"": 1515.571502324785}"
7305,COURIER_IDLE,Courier 6 is now idle,"{""courier_id"": 6}"
7314,ORDER_READY,Order 76 is ready for pickup,"{""order_id"": 76}"
7320,ASSIGNMENT_MADE,Courier 1 assigned orders [76],"{""courier_id"": 1, ""order_ids"": [76], ""bundle_size"": 1, ""has_relay"": false}"
7334,ORDER_DELIVERED,Order 74 delivered by courier 0,"{""order_id"": 74, ""courier_id"": 0, ""click_to_door"": 646.0825609156591, ""ready_to_door"": 346.0825609156591}"
7334,COURIER_IDLE,Courier 0 is now idle,"{""courier_id"": 0}"
7336,PICKUP_SERVICE_START,Courier 3 starting pickup service (90s),"{""courier_id"": 3, ""service_time"": 90}"
7343,ORDER_DELIVERED,Order 60 delivered by courier 4,"{""order_id"": 60, ""courier_id"": 4, ""click_to_door"": 1890.7622299421437, ""ready_to_door"": 1590.7622299421437}"
7365,ORDER_PLACED,Order 81 placed,"{""order_id"": 81, ""restaurant_id"": 6}"
7372,ORDER_PLACED,Order 82 placed,"{""order_id"": 82, ""restaurant_id"": 4}"
7379,ORDER_PLACED,Order 83 placed,"{""order_id"": 83, ""restaurant_id"": 7}"
7380,ORDER_PLACED,Order 84 placed,"{""order_id"": 84, ""restaurant_id"": 3}"
7390,ORDER_READY,Order 77 is ready for pickup,"{""order_id"": 77}"
7397,ORDER_READY,Order 78 is ready for pickup,"{""order_id"": 78}"
7410,ASSIGNMENT_MADE,Courier 0 assigned orders [78],"{""courier_id"": 0, ""order_ids"": [78], ""bundle_size"": 1, ""has_relay"": false}"
7410,ASSIGNMENT_MADE,Courier 6 assigned orders [77],"{""courier_id"": 6, ""order_ids"": [77], ""bundle_size"": 1, ""has_relay"": false}"
7426,ORDER_PICKED_UP,Order 72 picked up by courier 3,"{""order_id"": 72, ""courier_id"": 3}"
7426,COURIER_DELIVERING,Courier 3 heading to first dropoff (optimized),"{""courier_id"": 3, ""order_ids"": []}"
7444,ORDER_DELIVERED,Order 71 delivered by courier 7,"{""order_id"": 71, ""courier_id"": 7, ""click_to_door"": 899.8482470258168, ""ready_to_door"": 599.8482470258168}"
7448,ORDER_READY,Order 79 is ready for pickup,"{""order_id"": 79}"
7454,PICKUP_SERVICE_START,Courier 6 starting pickup service (90s),"{""courier_id"": 6, ""service_time"": 90}"
7495,ORDER_PLACED,Order 85 placed,"{""order_id"": 85, ""restaurant_id"": 7}"
7495,PICKUP_SERVICE_START,Courier 2 starting pickup service (90s),"{""courier_id"": 2, ""service_time"": 90}"
7504,ORDER_READY,Order 80 is ready for pickup,"{""order_id"": 80}"
7512,PICKUP_SERVICE_START,Courier 0 starting pickup service (90s),"{""courier_id"": 0, ""service_time"": 90}"
7522,ORDER_DELIVERED,Order 66 delivered by courier 4,"{""order_id"": 66, ""courier_id"": 4, ""click_to_door"": 1541.3063401542631, ""ready_to_door"": 1241.3063401542631}"
7522,COURIER_IDLE,Courier 4 is now idle,"{""courier_id"": 4}"
7530,ASSIGNMENT_MADE,Courier 4 assigned orders [79],"{""courier_id"": 4, ""order_ids"": [79], ""bundle_size"": 1, ""has_relay"": false}"
7544,ORDER_PICKED_UP,Order 77 picked up by courier 6,"{""order_id"": 77, ""courier_id"": 6}"
7544,COURIER_DELIVERING,Courier 6 heading to first dropoff (optimized),"{""courier_id"": 6, ""order_ids"": []}"
7585,ORDER_PLACED,Order 86 placed,"{""order_id"": 86, ""restaurant_id"": 1}"
7585,ORDER_PICKED_UP,Order 73 picked up by courier 2,"{""order_id"": 73, ""courier_id"": 2}"
7585,COURIER_DELIVERING,Courier 2 heading to first dropoff (optimized),"{""courier_id"": 2, ""order_ids"": []}"
7591,ORDER_PLACED,Order 87 placed,"{""order_id"": 87, ""restaurant_id"": 7}"
7600,ORDER_PLACED,Order 88 placed,"{""order_id"": 88, ""restaurant_id"": 5}"
7602,ORDER_PICKED_UP,Order 78 picked up by courier 0,"{""order_id"": 78, ""courier_id"": 0}"
7602,COURIER_DELIVERING,Courier 0 heading to first dropoff (optimized),"{""courier_id"": 0, ""order_ids"": []}"
7603,ORDER_DELIVERED,Order 70 delivered by courier 7,"{""order_id"": 70, ""courier_id"": 7, ""click_to_door"": 1060.5440643955935, ""ready_to_door"": 760.5440643955935}"
7603,COURIER_IDLE,Courier 7 is now idle,"{""courier_id"": 7}"
7620,ASSIGNMENT_MADE,Courier 7 assigned orders [80],"{""courier_id"": 7, ""order_ids"": [80], ""bundle_size"": 1, ""has_relay"": false}"
7662,PICKUP_SERVICE_START,Courier 4 starting pickup service (90s),"{""courier_id"": 4, ""service_time"": 90}"
7665,ORDER_READY,Order 81 is ready for pickup,"{""order_id"": 81}"
7672,ORDER_READY,Order 82 is ready for pickup,"{""order_id"": 82}"
7674,PICKUP_SERVICE_START,Courier 5 starting pickup service (90s),"{""courier_id"": 5, ""service_time"": 90}"
7679,ORDER_READY,Order 83 is ready for pickup,"{""order_id"": 83}"
7680,ORDER_READY,Order 84 is ready for pickup,"{""order_id"": 84}"
7729,ORDER_DELIVERED,Order 78 delivered by courier 0,"{""order_id"": 78, ""courier_id"": 0, ""click_to_door"": 632.3939297056068, ""ready_to_door"": 332.39392970560675}"
7729,COURIER_IDLE,Courier 0 is now idle,"{""courier_id"": 0}"
7740,ASSIGNMENT_MADE,Courier 0 assigned orders [82],"{""courier_id"": 0, ""order_ids"": [82], ""bundle_size"": 1, ""has_relay"": false}"
7745,PICKUP_SERVICE_START,Courier 7 starting pickup service (90s),"{""courier_id"": 7, ""service_time"": 90}"
7752,ORDER_PICKED_UP,Order 79 picked up by courier 4,"{""order_id"": 79, ""courier_id"": 4}"
7752,COURIER_DELIVERING,Courier 4 heading to first dropoff (optimized),"{""courier_id"": 4, ""order_ids"": []}"
7764,ORDER_PICKED_UP,Order 75 picked up by courier 5,"{""order_id"": 75, ""courier_id"": 5}"
7764,COURIER_DELIVERING,Courier 5 heading to first dropoff (optimized),"{""courier_id"": 5, ""order_ids"": []}"
7787,ORDER_PLACED,Order 89 placed,"{""order_id"": 89, ""restaurant_id"": 7}"
7792,ORDER_PLACED,Order 90 placed,"{""order_id"": 90, ""restaurant_id"": 1}"
7795,ORDER_READY,Order 85 is ready for pickup,"{""order_id"": 85}"
7798,PICKUP_SERVICE_START,Courier 1 starting pickup service (90s),"{""courier_id"": 1, ""service_time"": 90}"
7830,ORDER_DELIVERED,Order 72 delivered by courier 3,"{""order_id"": 72, ""courier_id"": 3, ""click_to_door"": 1190.310569413361, ""ready_to_door"": 890.310569413361}"
7830,COURIER_IDLE,Courier 3 is now idle,"{""courier_id"": 3}"
7830,ASSIGNMENT_MADE,"Courier 3 assigned orders [83, 85]","{""courier_id"": 3, ""order_ids"": [83, 85], ""bundle_size"": 2, ""has_relay"": false}"
7835,ORDER_PICKED_UP,Order 80 picked up by courier 7,"{""order_id"": 80, ""courier_id"": 7}"
7835,COURIER_DELIVERING,Courier 7 heading to first dropoff (optimized),"{""courier_id"": 7, ""order_ids"": []}"
7867,PICKUP_SERVICE_START,Courier 0 starting pickup service (90s),"{""courier_id"": 0, ""service_time"": 90}"
7885,ORDER_READY,Order 86 is ready for pickup,"{""order_id"": 86}"
7888,ORDER_PICKED_UP,Order 76 picked up by courier 1,"{""order_id"": 76, ""courier_id"": 1}"
7888,COURIER_DELIVERING,Courier 1 heading to first dropoff (optimized),"{""courier_id"": 1, ""order_ids"": []}"
7891,ORDER_READY,Order 87 is ready for pickup,"{""order_id"": 87}"
7900,ORDER_READY,Order 88 is ready for pickup,"{""order_id"": 88}"
7909,ORDER_PLACED,Order 91 placed,"{""order_id"": 91, ""restaurant_id"": 6}"
7928,ORDER_DELIVERED,Order 73 delivered by courier 2,"{""order_id"": 73, ""courier_id"": 2, ""click_to_door"": 1243.9041121176133, ""ready_to_door"": 943.9041121176133}"
7928,COURIER_IDLE,Courier 2 is now idle,"{""courier_id"": 2}"
7950,ASSIGNMENT_MADE,Courier 2 assigned orders [86],"{""courier_id"": 2, ""order_ids"": [86], ""bundle_size"": 1, ""has_relay"": false}"
7957,ORDER_PICKED_UP,Order 82 picked up by courier 0,"{""order_id"": 82, ""courier_id"": 0}"
7957,COURIER_DELIVERING,Courier 0 heading to first dropoff (optimized),"{""courier_id"": 0, ""order_ids"": []}"
7982,ORDER_DELIVERED,Order 77 delivered by courier 6,"{""order_id"": 77, ""courier_id"": 6, ""click_to_door"": 892.1697419472612, ""ready_to_door"": 592.1697419472612}"
7982,COURIER_IDLE,Courier 6 is now idle,"{""courier_id"": 6}"
7987,ORDER_PLACED,Order 92 placed,"{""order_id"": 92, ""restaurant_id"": 0}"
7988,ORDER_DELIVERED,Order 79 delivered by courier 4,"{""order_id"": 79, ""courier_id"": 4, ""click_to_door"": 840.7022750547303, ""ready_to_door"": 540.7022750547303}"
7988,COURIER_IDLE,Courier 4 is now idle,"{""courier_id"": 4}"
8010,ASSIGNMENT_MADE,Courier 4 assigned orders [84],"{""courier_id"": 4, ""order_ids"": [84], ""bundle_size"": 1, ""has_relay"": false}"
8010,ASSIGNMENT_MADE,Courier 6 assigned orders [87],"{""courier_id"": 6, ""order_ids"": [87], ""bundle_size"": 1, ""has_relay"": false}"
8014,PICKUP_SERVICE_START,Courier 3 starting pickup service (90s),"{""courier_id"": 3, ""service_time"": 90}"
8064,ORDER_PLACED,Order 93 placed,"{""order_id"": 93, ""restaurant_id"": 1}"
8066,PICKUP_SERVICE_START,Courier 4 starting pickup service (90s),"{""courier_id"": 4, ""service_time"": 90}"
8069,ORDER_PLACED,Order 94 placed,"{""order_id"": 94, ""restaurant_id"": 4}"
8087,ORDER_READY,Order 89 is ready for pickup,"{""order_id"": 89}"
8092,ORDER_READY,Order 90 is ready for pickup,"{""order_id"": 90}"
8104,ORDER_PICKED_UP,Order 83 picked up by courier 3,"{""order_id"": 83, ""courier_id"": 3}"
8104,ORDER_PICKED_UP,Order 85 picked up by courier 3,"{""order_id"": 85, ""courier_id"": 3}"
8104,ROUTE_OPTIMIZED,Courier 3 route optimized: 2 dropoffs reordered,"{""courier_id"": 3, ""original_sequence"": [83, 85], ""optimized_sequence"": []}"
8104,COURIER_DELIVERING,Courier 3 heading to first dropoff (optimized),"{""courier_id"": 3, ""order_ids"": []}"
8127,ORDER_PLACED,Order 95 placed,"{""order_id"": 95, ""restaurant_id"": 7}"
8140,ORDER_PLACED,Order 96 placed,"{""order_id"": 96, ""restaurant_id"": 5}"
8156,ORDER_PICKED_UP,Order 84 picked up by courier 4,"{""order_id"": 84, ""courier_id"": 4}"
8156,COURIER_DELIVERING,Courier 4 heading to first dropoff (optimized),"{""courier_id"": 4, ""order_ids"": []}"
8160,ORDER_DELIVERED,Order 82 delivered by courier 0,"{""order_id"": 82, ""courier_id"": 0, ""click_to_door"": 788.6258325010322, ""ready_to_door"": 488.62583250103216}"
8160,COURIER_IDLE,Courier 0 is now idle,"{""courier_id"": 0}"
8160,ASSIGNMENT_MADE,Courier 0 assigned orders [89],"{""courier_id"": 0, ""order_ids"": [89], ""bundle_size"": 1, ""has_relay"": false}"
8181,PICKUP_SERVICE_START,Courier 2 starting pickup service (90s),"{""courier_id"": 2, ""service_time"": 90}"
8209,ORDER_READY,Order 91 is ready for pickup,"{""order_id"": 91}"
8214,ORDER_DELIVERED,Order 80 delivered by courier 7,"{""order_id"": 80, ""courier_id"": 7, ""click_to_door"": 1010.8612079209115, ""ready_to_door"": 710.8612079209115}"
8214,COURIER_IDLE,Courier 7 is now idle,"{""courier_id"": 7}"
8220,ASSIGNMENT_MADE,Courier 7 assigned orders [88],"{""courier_id"": 7, ""order_ids"": [88], ""bundle_size"": 1, ""has_relay"": false}"
8241,ORDER_DELIVERED,Order 83 delivered by courier 3,"{""order_id"": 83, ""courier_id"": 3, ""click_to_door"": 862.1556900265905, ""ready_to_door"": 562.1556900265905}"
8260,PICKUP_SERVICE_START,Courier 0 starting pickup service (90s),"{""courier_id"": 0, ""service_time"": 90}"
8270,ORDER_DELIVERED,Order 76 delivered by courier 1,"{""order_id"": 76, ""courier_id"": 1, ""click_to_door"": 1256.8721928307705, ""ready_to_door"": 956.8721928307705}"
8270,COURIER_IDLE,Courier 1 is now idle,"{""courier_id"": 1}"
8271,ORDER_PLACED,Order 97 placed,"{""order_id"": 97, ""restaurant_id"": 5}"
8271,ORDER_PICKED_UP,Order 86 picked up by courier 2,"{""order_id"": 86, ""courier_id"": 2}"
8271,COURIER_DELIVERING,Courier 2 heading to first dropoff (optimized),"{""courier_id"": 2, ""order_ids"": []}"
8280,ASSIGNMENT_MADE,Courier 1 assigned orders [90],"{""courier_id"": 1, ""order_ids"": [90], ""bundle_size"": 1, ""has_relay"": false}"
8283,ORDER_DELIVERED,Order 75 delivered by courier 5,"{""order_id"": 75, ""courier_id"": 5, ""click_to_door"": 1420.6834767754144, ""ready_to_door"": 1120.6834767754144}"
8283,COURIER_IDLE,Courier 5 is now idle,"{""courier_id"": 5}"
8287,ORDER_READY,Order 92 is ready for pickup,"{""order_id"": 92}"
8310,ASSIGNMENT_MADE,"Courier 5 assigned orders [81, 91]","{""courier_id"": 5, ""order_ids"": [81, 91], ""bundle_size"": 2, ""has_relay"": false}"
8333,ORDER_DELIVERED,Order 86 delivered by courier 2,"{""order_id"": 86, ""courier_id"": 2, ""click_to_door"": 748.075081600432, ""ready_to_door"": 448.075081600432}"
8333,COURIER_IDLE,Courier 2 is now idle,"{""courier_id"": 2}"
8340,ASSIGNMENT_MADE,Courier 2 assigned orders [92],"{""courier_id"": 2, ""order_ids"": [92], ""bundle_size"": 1, ""has_relay"": false}"
8350,ORDER_PICKED_UP,Order 89 picked up by courier 0,"{""order_id"": 89, ""courier_id"": 0}"
8350,COURIER_DELIVERING,Courier 0 heading to first dropoff (optimized),"{""courier_id"": 0, ""order_ids"": []}"
8360,ORDER_PLACED,Order 98 placed,"{""order_id"": 98, ""restaurant_id"": 5}"
8364,ORDER_READY,Order 93 is ready for pickup,"{""order_id"": 93}"
8369,ORDER_READY,Order 94 is ready for pickup,"{""order_id"": 94}"
8401,PICKUP_SERVICE_START,Courier 7 starting pickup service (90s),"{""courier_id"": 7, ""service_time"": 90}"
8427,ORDER_READY,Order 95 is ready for pickup,"{""order_id"": 95}"
8440,ORDER_READY,Order 96 is ready for pickup,"{""order_id"": 96}"
8455,ORDER_PLACED,Order 99 placed,"{""order_id"": 99, ""restaurant_id"": 1}"
8465,ORDER_PLACED,Order 100 placed,"{""order_id"": 100, ""restaurant_id"": 6}"
8477,ORDER_DELIVERED,Order 89 delivered by courier 0,"{""order_id"": 89, ""courier_id"": 0, ""click_to_door"": 690.9971147735278, ""ready_to_door"": 390.99711477352776}"
8477,COURIER_IDLE,Courier 0 is now idle,"{""courier_id"": 0}"
8483,ORDER_DELIVERED,Order 85 delivered by courier 3,"{""order_id"": 85, ""courier_id"": 3, ""click_to_door"": 988.8974770132127, ""ready_to_door"": 688.8974770132127}"
8483,COURIER_IDLE,Courier 3 is now idle,"{""courier_id"": 3}"
8484,PICKUP_SERVICE_START,Courier 6 starting pickup service (90s),"{""courier_id"": 6, ""service_time"": 90}"
8490,ASSIGNMENT_MADE,Courier 0 assigned orders [95],"{""courier_id"": 0, ""order_ids"": [95], ""bundle_size"": 1, ""has_relay"": false}"
8490,ASSIGNMENT_MADE,Courier 3 assigned orders [94],"{""courier_id"": 3, ""order_ids"": [94], ""bundle_size"": 1, ""has_relay"": false}"
8491,ORDER_PICKED_UP,Order 88 picked up by courier 7,"{""order_id"": 88, ""courier_id"": 7}"
8491,COURIER_DELIVERING,Courier 7 heading to first dropoff (optimized),"{""courier_id"": 7, ""order_ids"": []}"
8505,PICKUP_SERVICE_START,Courier 3 starting pickup service (90s),"{""courier_id"": 3, ""service_time"": 90}"
8506,PICKUP_SERVICE_START,Courier 1 starting pickup service (90s),"{""courier_id"": 1, ""service_time"": 90}"
8532,ORDER_PLACED,Order 101 placed,"{""order_id"": 101, ""restaurant_id"": 6}"
8532,ORDER_PLACED,Order 102 placed,"{""order_id"": 102, ""restaurant_id"": 6}"
8532,ORDER_DELIVERED,Order 84 delivered by courier 4,"{""order_id"": 84, ""courier_id"": 4, ""click_to_door"": 1152.0591046655263, ""ready_to_door"": 852.0591046655263}"
8532,COURIER_IDLE,Courier 4 is now idle,"{""courier_id"": 4}"
8550,ASSIGNMENT_MADE,Courier 4 assigned orders [96],"{""courier_id"": 4, ""order_ids"": [96], ""bundle_size"": 1, ""has_relay"": false}"
8571,ORDER_READY,Order 97 is ready for pickup,"{""order_id"": 97}"
8574,ORDER_PICKED_UP,Order 87 picked up by courier 6,"{""order_id"": 87, ""courier_id"": 6}"
8574,COURIER_DELIVERING,Courier 6 heading to first dropoff (optimized),"{""courier_id"": 6, ""order_ids"": []}"
8581,ORDER_PLACED,Order 103 placed,"{""order_id"": 103, ""restaurant_id"": 5}"
8584,PICKUP_SERVICE_START,Courier 2 starting pickup service (90s),"{""courier_id"": 2, ""service_time"": 90}"
8595,ORDER_PICKED_UP,Order 94 picked up by courier 3,"{""order_id"": 94, ""courier_id"": 3}"
8595,COURIER_DELIVERING,Courier 3 heading to first dropoff (optimized),"{""courier_id"": 3, ""order_ids"": []}"
8596,ORDER_PICKED_UP,Order 90 picked up by courier 1,"{""order_id"": 90, ""courier_id"": 1}"
8596,COURIER_DELIVERING,Courier 1 heading to first dropoff (optimized),"{""courier_id"": 1, ""order_ids"": []}"
8598,ORDER_PLACED,Order 104 placed,"{""order_id"": 104, ""restaurant_id"": 2}"
8606,ORDER_PLACED,Order 105 placed,"{""order_id"": 105, ""restaurant_id"": 6}"
8617,PICKUP_SERVICE_START,Courier 0 starting pickup service (90s),"{""courier_id"": 0, ""service_time"": 90}"
8645,ORDER_PLACED,Order 106 placed,"{""order_id"": 106, ""restaurant_id"": 5}"
8647,PICKUP_SERVICE_START,Courier 4 starting pickup service (90s),"{""courier_id"": 4, ""service_time"": 90}"
8656,PICKUP_SERVICE_START,Courier 5 starting pickup service (90s),"{""courier_id"": 5, ""service_time"": 90}"
8660,ORDER_PLACED,Order 107 placed,"{""order_id"": 107, ""restaurant_id"": 0}"
8660,ORDER_READY,Order 98 is ready for pickup,"{""order_id"": 98}"
8674,ORDER_PLACED,Order 108 placed,"{""order_id"": 108, ""restaurant_id"": 0}"
8674,ORDER_PICKED_UP,Order 92 picked up by courier 2,"{""order_id"": 92, ""courier_id"": 2}"
8674,COURIER_DELIVERING,Courier 2 heading to first dropoff (optimized),"{""courier_id"": 2, ""order_ids"": []}"
8694,ORDER_DELIVERED,Order 94 delivered by courier 3,"{""order_id"": 94, ""courier_id"": 3, ""click_to_door"": 625.6993492429592, ""ready_to_door"": 325.6993492429592}"
8694,COURIER_IDLE,Courier 3 is now idle,"{""courier_id"": 3}"
8700,ASSIGNMENT_MADE,Courier 3 assigned orders [93],"{""courier_id"": 3, ""order_ids"": [93], ""bundle_size"": 1, ""has_relay"": false}"
8707,ORDER_PICKED_UP,Order 95 picked up by courier 0,"{""order_id"": 95, ""courier_id"": 0}"
8707,COURIER_DELIVERING,Courier 0 heading to first dropoff (optimized),"{""courier_id"": 0, ""order_ids"": []}"
8737,ORDER_PICKED_UP,Order 96 picked up by courier 4,"{""order_id"": 96, ""courier_id"": 4}"
8737,COURIER_DELIVERING,Courier 4 heading to first dropoff (optimized),"{""courier_id"": 4, ""order_ids"": []}"
8746,ORDER_PICKED_UP,Order 81 picked up by courier 5,"{""order_id"": 81, ""courier_id"": 5}"
8746,ORDER_PICKED_UP,Order 91 picked up by courier 5,"{""order_id"": 91, ""courier_id"": 5}"
8746,ROUTE_OPTIMIZED,Courier 5 route optimized: 2 dropoffs reordered,"{""courier_id"": 5, ""original_sequence"": [81, 91], ""optimized_sequence"": []}"
8746,COURIER_DELIVERING,Courier 5 heading to first dropoff (optimized),"{""courier_id"": 5, ""order_ids"": []}"
8755,ORDER_READY,Order 99 is ready for pickup,"{""order_id"": 99}"
8765,ORDER_READY,Order 100 is ready for pickup,"{""order_id"": 100}"
8780,ORDER_PLACED,Order 109 placed,"{""order_id"": 109, ""restaurant_id"": 0}"
8781,ORDER_PLACED,Order 110 placed,"{""order_id"": 110, ""restaurant_id"": 2}"
8832,ORDER_READY,Order 101 is ready for pickup,"{""order_id"": 101}"
8832,ORDER_READY,Order 102 is ready for pickup,"{""order_id"": 102}"
8838,ORDER_PLACED,Order 111 placed,"{""order_id"": 111, ""restaurant_id"": 3}"
8879,ORDER_PLACED,Order 112 placed,"{""order_id"": 112, ""restaurant_id"": 2}"
8881,ORDER_READY,Order 103 is ready for pickup,"{""order_id"": 103}"
8893,ORDER_DELIVERED,Order 95 delivered by courier 0,"{""order_id"": 95, ""courier_id"": 0, ""click_to_door"": 766.8909794005012, ""ready_to_door"": 466.89097940050124}"
8893,COURIER_IDLE,Courier 0 is now idle,"{""courier_id"": 0}"
8898,ORDER_READY,Order 104 is ready for pickup,"{""order_id"": 104}"
8900,ORDER_DELIVERED,Order 87 delivered by courier 6,"{""order_id"": 87, ""courier_id"": 6, ""click_to_door"": 1309.9611495527079, ""ready_to_door"": 1009.9611495527079}"
8900,COURIER_IDLE,Courier 6 is now idle,"{""courier_id"": 6}"
8906,ORDER_READY,Order 105 is ready for pickup,"{""order_id"": 105}"
8910,ASSIGNMENT_MADE,Courier 0 assigned orders [104],"{""courier_id"": 0, ""order_ids"": [104], ""bundle_size"": 1, ""has_relay"": false}"
8910,ASSIGNMENT_MADE,Courier 6 assigned orders [99],"{""courier_id"": 6, ""order_ids"": [99], ""bundle_size"": 1, ""has_relay"": false}"
8943,ORDER_DELIVERED,Order 88 delivered by courier 7,"{""order_id"": 88, ""courier_id"": 7, ""click_to_door"": 1343.8847819335888, ""ready_to_door"": 1043.8847819335888}"
8943,COURIER_IDLE,Courier 7 is now idle,"{""courier_id"": 7}"
8945,ORDER_READY,Order 106 is ready for pickup,"{""order_id"": 106}"
8960,ORDER_PLACED,Order 113 placed,"{""order_id"": 113, ""restaurant_id"": 3}"
8960,ORDER_READY,Order 107 is ready for pickup,"{""order_id"": 107}"
8970,ASSIGNMENT_MADE,Courier 7 assigned orders [107],"{""courier_id"": 7, ""order_ids"": [107], ""bundle_size"": 1, ""has_relay"": false}"
8973,ORDER_PLACED,Order 114 placed,"{""order_id"": 114, ""restaurant_id"": 6}"
8974,ORDER_READY,Order 108 is ready for pickup,"{""order_id"": 108}"
8979,ORDER_PLACED,Order 115 placed,"{""order_id"": 115, ""restaurant_id"": 2}"
8988,PICKUP_SERVICE_START,Courier 3 starting pickup service (90s),"{""courier_id"": 3, ""service_time"": 90}"
8991,ORDER_DELIVERED,Order 90 delivered by courier 1,"{""order_id"": 90, ""courier_id"": 1, ""click_to_door"": 1199.2505764973248, ""ready_to_door"": 899.2505764973248}"
8991,COURIER_IDLE,Courier 1 is now idle,"{""courier_id"": 1}"
8999,ORDER_PLACED,Order 116 placed,"{""order_id"": 116, ""restaurant_id"": 2}"
9000,ASSIGNMENT_MADE,Courier 1 assigned orders [108],"{""courier_id"": 1, ""order_ids"": [108], ""bundle_size"": 1, ""has_relay"": false}"
9014,PICKUP_SERVICE_START,Courier 7 starting pickup service (90s),"{""courier_id"": 7, ""service_time"": 90}"
9050,ORDER_PLACED,Order 117 placed,"{""order_id"": 117, ""restaurant_id"": 7}"
9078,ORDER_PICKED_UP,Order 93 picked up by courier 3,"{""order_id"": 93, ""courier_id"": 3}"
9078,COURIER_DELIVERING,Courier 3 heading to first dropoff (optimized),"{""courier_id"": 3, ""order_ids"": []}"
9080,ORDER_READY,Order 109 is ready for pickup,"{""order_id"": 109}"
9081,ORDER_READY,Order 110 is ready for pickup,"{""order_id"": 110}"
9094,ORDER_DELIVERED,Order 92 delivered by courier 2,"{""order_id"": 92, ""courier_id"": 2, ""click_to_door"": 1107.5731800321264, ""ready_to_door"": 807.5731800321264}"
9094,COURIER_IDLE,Courier 2 is now idle,"{""courier_id"": 2}"
9104,ORDER_PICKED_UP,Order 107 picked up by courier 7,"{""order_id"": 107, ""courier_id"": 7}"
9104,COURIER_DELIVERING,Courier 7 heading to first dropoff (optimized),"{""courier_id"": 7, ""order_ids"": []}"
9120,ASSIGNMENT_MADE,Courier 2 assigned orders [106],"{""courier_id"": 2, ""order_ids"": [106], ""bundle_size"": 1, ""has_relay"": false}"
9134,PICKUP_SERVICE_START,Courier 6 starting pickup service (90s),"{""courier_id"": 6, ""service_time"": 90}"
9138,ORDER_READY,Order 111 is ready for pickup,"{""order_id"": 111}"
9158,ORDER_PLACED,Order 118 placed,"{""order_id"": 118, ""restaurant_id"": 3}"
9162,ORDER_DELIVERED,Order 81 delivered by courier 5,"{""order_id"": 81, ""courier_id"": 5, ""click_to_door"": 1797.0012917594213, ""ready_to_door"": 1497.0012917594213}"
9168,ORDER_PLACED,Order 119 placed,"{""order_id"": 119, ""restaurant_id"": 2}"
9179,ORDER_READY,Order 112 is ready for pickup,"{""order_id"": 112}"
9183,ORDER_PLACED,Order 120 placed,"{""order_id"": 120, ""restaurant_id"": 4}"
9189,PICKUP_SERVICE_START,Courier 0 starting pickup service (90s),"{""courier_id"": 0, ""service_time"": 90}"
9196,PICKUP_SERVICE_START,Courier 2 starting pickup service (90s),"{""courier_id"": 2, ""service_time"": 90}"
9224,ORDER_PICKED_UP,Order 99 picked up by courier 6,"{""order_id"": 99, ""courier_id"": 6}"
9224,COURIER_DELIVERING,Courier 6 heading to first dropoff (optimized),"{""courier_id"": 6, ""order_ids"": []}"
9234,ORDER_DELIVERED,Order 96 delivered by courier 4,"{""order_id"": 96, ""courier_id"": 4, ""click_to_door"": 1094.2700609385029, ""ready_to_door"": 794.2700609385029}"
9234,COURIER_IDLE,Courier 4 is now idle,"{""courier_id"": 4}"
9240,ASSIGNMENT_MADE,Courier 4 assigned orders [109],"{""courier_id"": 4, ""order_ids"": [109], ""bundle_size"": 1, ""has_relay"": false}"
9242,ORDER_PLACED,Order 121 placed,"{""order_id"": 121, ""restaurant_id"": 4}"
9253,ORDER_PLACED,Order 122 placed,"{""order_id"": 122, ""restaurant_id"": 7}"
9260,ORDER_READY,Order 113 is ready for pickup,"{""order_id"": 113}"
9273,ORDER_READY,Order 114 is ready for pickup,"{""order_id"": 114}"
9279,ORDER_READY,Order 115 is ready for pickup,"{""order_id"": 115}"
9279,ORDER_PICKED_UP,Order 104 picked up by courier 0,"{""order_id"": 104, ""courier_id"": 0}"
9279,COURIER_DELIVERING,Courier 0 heading to first dropoff (optimized),"{""courier_id"": 0, ""order_ids"": []}"
9286,ORDER_PICKED_UP,Order 106 picked up by courier 2,"{""order_id"": 106, ""courier_id"": 2}"
9286,COURIER_DELIVERING,Courier 2 heading to first dropoff (optimized),"{""courier_id"": 2, ""order_ids"": []}"
9296,PICKUP_SERVICE_START,Courier 1 starting pickup service (90s),"{""courier_id"": 1, ""service_time"": 90}"
9299,ORDER_PLACED,Order 123 placed,"{""order_id"": 123, ""restaurant_id"": 2}"
9299,ORDER_READY,Order 116 is ready for pickup,"{""order_id"": 116}"
9305,PICKUP_SERVICE_START,Courier 4 starting pickup service (90s),"{""courier_id"": 4, ""service_time"": 90}"
9316,ORDER_PLACED,Order 124 placed,"{""order_id"": 124, ""restaurant_id"": 4}"
9334,ORDER_DELIVERED,Order 91 delivered by courier 5,"{""order_id"": 91, ""courier_id"": 5, ""click_to_door"": 1425.8742933291587, ""ready_to_door"": 1125.8742933291578}"
9334,COURIER_IDLE,Courier 5 is now idle,"{""courier_id"": 5}"
9341,ORDER_DELIVERED,Order 104 delivered by courier 0,"{""order_id"": 104, ""courier_id"": 0, ""click_to_door"": 743.9060225825324, ""ready_to_door"": 443.9060225825324}"
9341,COURIER_IDLE,Courier 0 is now idle,"{""courier_id"": 0}"
9348,ORDER_PLACED,Order 125 placed,"{""order_id"": 125, ""restaurant_id"": 0}"
9350,ORDER_READY,Order 117 is ready for pickup,"{""order_id"": 117}"
9360,ASSIGNMENT_MADE,Courier 0 assigned orders [116],"{""courier_id"": 0, ""order_ids"": [116], ""bundle_size"": 1, ""has_relay"": false}"
9360,ASSIGNMENT_MADE,"Courier 5 assigned orders [111, 113]","{""courier_id"": 5, ""order_ids"": [111, 113], ""bundle_size"": 2, ""has_relay"": false}"
9362,ORDER_PLACED,Order 126 placed,"{""order_id"": 126, ""restaurant_id"": 7}"
9374,ORDER_PLACED,Order 127 placed,"{""order_id"": 127, ""restaurant_id"": 6}"
9383,ORDER_DELIVERED,Order 93 delivered by courier 3,"{""order_id"": 93, ""courier_id"": 3, ""click_to_door"": 1319.8493317692792, ""ready_to_door"": 1019.8493317692792}"
9383,COURIER_IDLE,Courier 3 is now idle,"{""courier_id"": 3}"
9386,ORDER_PICKED_UP,Order 108 picked up by courier 1,"{""order_id"": 108, ""courier_id"": 1}"
9386,COURIER_DELIVERING,Courier 1 heading to first dropoff (optimized),"{""courier_id"": 1, ""order_ids"": []}"
9390,ASSIGNMENT_MADE,"Courier 3 assigned orders [100, 101, 102]","{""courier_id"": 3, ""order_ids"": [100, 101, 102], ""bundle_size"": 3, ""has_relay"": false}"
9395,ORDER_PICKED_UP,Order 109 picked up by courier 4,"{""order_id"": 109, ""courier_id"": 4}"
9395,COURIER_DELIVERING,Courier 4 heading to first dropoff (optimized),"{""courier_id"": 4, ""order_ids"": []}"
9422,PICKUP_SERVICE_START,Courier 0 starting pickup service (90s),"{""courier_id"": 0, ""service_time"": 90}"
9458,ORDER_READY,Order 118 is ready for pickup,"{""order_id"": 118}"
9460,ORDER_DELIVERED,Order 106 delivered by courier 2,"{""order_id"": 106, ""courier_id"": 2, ""click_to_door"": 815.1089722511915, ""ready_to_door"": 515.1089722511915}"
9460,COURIER_IDLE,Courier 2 is now idle,"{""courier_id"": 2}"
9468,ORDER_READY,Order 119 is ready for pickup,"{""order_id"": 119}"
9469,ORDER_DELIVERED,Order 107 delivered by courier 7,"{""order_id"": 107, ""courier_id"": 7, ""click_to_door"": 809.8015030158258, ""ready_to_door"": 509.8015030158258}"
9469,COURIER_IDLE,Courier 7 is now idle,"{""courier_id"": 7}"
9470,ORDER_DELIVERED,Order 99 delivered by courier 6,"{""order_id"": 99, ""courier_id"": 6, ""click_to_door"": 1015.6015843134428, ""ready_to_door"": 715.6015843134428}"
9470,COURIER_IDLE,Courier 6 is now idle,"{""courier_id"": 6}"
9480,ASSIGNMENT_MADE,Courier 2 assigned orders [117],"{""courier_id"": 2, ""order_ids"": [117], ""bundle_size"": 1, ""has_relay"": false}"
9480,ASSIGNMENT_MADE,Courier 6 assigned orders [118],"{""courier_id"": 6, ""order_ids"": [118], ""bundle_size"": 1, ""has_relay"": false}"
9480,ASSIGNMENT_MADE,"Courier 7 assigned orders [97, 98, 103]","{""courier_id"": 7, ""order_ids"": [97, 98, 103], ""bundle_size"": 3, ""has_relay"": false}"
9483,ORDER_READY,Order 120 is ready for pickup,"{""order_id"": 120}"
9512,ORDER_PICKED_UP,Order 116 picked up by courier 0,"{""order_id"": 116, ""courier_id"": 0}"
9512,COURIER_DELIVERING,Courier 0 heading to first dropoff (optimized),"{""courier_id"": 0, ""order_ids"": []}"
9542,ORDER_READY,Order 121 is ready for pickup,"{""order_id"": 121}"
9552,PICKUP_SERVICE_START,Courier 7 starting pickup service (90s),"{""courier_id"": 7, ""service_time"": 90}"
9553,ORDER_READY,Order 122 is ready for pickup,"{""order_id"": 122}"
9557,PICKUP_SERVICE_START,Courier 2 starting pickup service (90s),"{""courier_id"": 2, ""service_time"": 90}"
9570,PICKUP_SERVICE_START,Courier 3 starting pickup service (90s),"{""courier_id"": 3, ""service_time"": 90}"
9576,PICKUP_SERVICE_START,Courier 6 starting pickup service (90s),"{""courier_id"": 6, ""service_time"": 90}"
9587,ORDER_PLACED,Order 128 placed,"{""order_id"": 128, ""restaurant_id"": 5}"
9590,ORDER_DELIVERED,Order 108 delivered by courier 1,"{""order_id"": 108, ""courier_id"": 1, ""click_to_door"": 916.6682445528149, ""ready_to_door"": 616.6682445528149}"
9590,COURIER_IDLE,Courier 1 is now idle,"{""courier_id"": 1}"
9599,ORDER_READY,Order 123 is ready for pickup,"{""order_id"": 123}"
9600,ASSIGNMENT_MADE,Courier 1 assigned orders [122],"{""courier_id"": 1, ""order_ids"": [122], ""bundle_size"": 1, ""has_relay"": false}"
9613,PICKUP_SERVICE_START,Courier 5 starting pickup service (90s),"{""courier_id"": 5, ""service_time"": 90}"
9616,ORDER_READY,Order 124 is ready for pickup,"{""order_id"": 124}"
9642,ORDER_PICKED_UP,Order 97 picked up by courier 7,"{""order_id"": 97, ""courier_id"": 7}"
9642,ORDER_PICKED_UP,Order 98 picked up by courier 7,"{""order_id"": 98, ""courier_id"": 7}"
9642,ORDER_PICKED_UP,Order 103 picked up by courier 7,"{""order_id"": 103, ""courier_id"": 7}"
9642,ROUTE_OPTIMIZED,Courier 7 route optimized: 3 dropoffs reordered,"{""courier_id"": 7, ""original_sequence"": [97, 98, 103], ""optimized_sequence"": []}"
9642,COURIER_DELIVERING,Courier 7 heading to first dropoff (optimized),"{""courier_id"": 7, ""order_ids"": []}"
9647,ORDER_PICKED_UP,Order 117 picked up by courier 2,"{""order_id"": 117, ""courier_id"": 2}"
9647,COURIER_DELIVERING,Courier 2 heading to first dropoff (optimized),"{""courier_id"": 2, ""order_ids"": []}"
9648,ORDER_READY,Order 125 is ready for pickup,"{""order_id"": 125}"
9651,ORDER_PLACED,Order 129 placed,"{""order_id"": 129, ""restaurant_id"": 2}"
9652,ORDER_PLACED,Order 130 placed,"{""order_id"": 130, ""restaurant_id"": 5}"
9660,ORDER_PICKED_UP,Order 100 picked up by courier 3,"{""order_id"": 100, ""courier_id"": 3}"
9660,ORDER_PICKED_UP,Order 101 picked up by courier 3,"{""order_id"": 101, ""courier_id"": 3}"
9660,ORDER_PICKED_UP,Order 102 picked up by courier 3,"{""order_id"": 102, ""courier_id"": 3}"
9660,ROUTE_OPTIMIZED,Courier 3 route optimized: 3 dropoffs reordered,"{""courier_id"": 3, ""original_sequence"": [100, 101, 102], ""optimized_sequence"": []}"
9660,COURIER_DELIVERING,Courier 3 heading to first dropoff (optimized),"{""courier_id"": 3, ""order_ids"": []}"
9662,ORDER_PLACED,Order 131 placed,"{""order_id"": 131, ""restaurant_id"": 4}"
9662,ORDER_READY,Order 126 is ready for pickup,"{""order_id"": 126}"
9666,ORDER_PICKED_UP,Order 118 picked up by courier 6,"{""order_id"": 118, ""courier_id"": 6}"
9666,COURIER_DELIVERING,Courier 6 heading to first dropoff (optimized),"{""courier_id"": 6, ""order_ids"": []}"
9674,ORDER_READY,Order 127 is ready for pickup,"{""order_id"": 127}"
9703,ORDER_PLACED,Order 132 placed,"{""order_id"": 132, ""restaurant_id"": 6}"
9703,ORDER_PICKED_UP,Order 111 picked up by courier 5,"{""order_id"": 111, ""courier_id"": 5}"
9703,ORDER_PICKED_UP,Order 113 picked up by courier 5,"{""order_id"": 113, ""courier_id"": 5}"
9703,ROUTE_OPTIMIZED,Courier 5 route optimized: 2 dropoffs reordered,"{""courier_id"": 5, ""original_sequence"": [111, 113], ""optimized_sequence"": []}"
9703,COURIER_DELIVERING,Courier 5 heading to first dropoff (optimized),"{""courier_id"": 5, ""order_ids"": []}"
9705,ORDER_PLACED,Order 133 placed,"{""order_id"": 133, ""restaurant_id"": 3}"
9716,ORDER_PLACED,Order 134 placed,"{""order_id"": 134, ""restaurant_id"": 7}"
9747,ORDER_DELIVERED,Order 116 delivered by courier 0,"{""order_id"": 116, ""courier_id"": 0, ""click_to_door"": 748.4090687182652, ""ready_to_door"": 448.4090687182652}"
9747,COURIER_IDLE,Courier 0 is now idle,"{""courier_id"": 0}"
9750,ASSIGNMENT_MADE,Courier 0 assigned orders [125],"{""courier_id"": 0, ""order_ids"": [125], ""bundle_size"": 1, ""has_relay"": false}"
9789,ORDER_PLACED,Order 135 placed,"{""order_id"": 135, ""restaurant_id"": 5}"
9789,ORDER_DELIVERED,Order 113 delivered by courier 5,"{""order_id"": 113, ""courier_id"": 5, ""click_to_door"": 829.5592252105944, ""ready_to_door"": 529.5592252105944}"
9817,ORDER_PLACED,Order 136 placed,"{""order_id"": 136, ""restaurant_id"": 7}"
9817,ORDER_PLACED,Order 137 placed,"{""order_id"": 137, ""restaurant_id"": 4}"
9821,ORDER_DELIVERED,Order 103 delivered by courier 7,"{""order_id"": 103, ""courier_id"": 7, ""click_to_door"": 1240.2675450768766, ""ready_to_door"": 940.2675450768766}"
9838,ORDER_DELIVERED,Order 109 delivered by courier 4,"{""order_id"": 109, ""courier_id"": 4, ""click_to_door"": 1058.319983971809, ""ready_to_door"": 758.319983971809}"
9838,COURIER_IDLE,Courier 4 is now idle,"{""courier_id"": 4}"
9840,ASSIGNMENT_MADE,Courier 4 assigned orders [126],"{""courier_id"": 4, ""order_ids"": [126], ""bundle_size"": 1, ""has_relay"": false}"
9846,ORDER_DELIVERED,Order 118 delivered by courier 6,"{""order_id"": 118, ""courier_id"": 6, ""click_to_door"": 688.2894081413178, ""ready_to_door"": 388.28940814131784}"
9846,COURIER_IDLE,Courier 6 is now idle,"{""courier_id"": 6}"
9870,ASSIGNMENT_MADE,"Courier 6 assigned orders [120, 121, 124]","{""courier_id"": 6, ""order_ids"": [120, 121, 124], ""bundle_size"": 3, ""has_relay"": false}"
9884,ORDER_DELIVERED,Order 102 delivered by courier 3,"{""order_id"": 102, ""courier_id"": 3, ""click_to_door"": 1352.2533647820092, ""ready_to_door"": 1052.2533647820092}"
9887,ORDER_READY,Order 128 is ready for pickup,"{""order_id"": 128}"
9925,ORDER_PLACED,Order 138 placed,"{""order_id"": 138, ""restaurant_id"": 1}"
9926,PICKUP_SERVICE_START,Courier 6 starting pickup service (90s),"{""courier_id"": 6, ""service_time"": 90}"
9944,PICKUP_SERVICE_START,Courier 0 starting pickup service (90s),"{""courier_id"": 0, ""service_time"": 90}"
9951,ORDER_READY,Order 129 is ready for pickup,"{""order_id"": 129}"
9952,ORDER_READY,Order 130 is ready for pickup,"{""order_id"": 130}"
9953,PICKUP_SERVICE_START,Courier 1 starting pickup service (90s),"{""courier_id"": 1, ""service_time"": 90}"
9962,ORDER_READY,Order 131 is ready for pickup,"{""order_id"": 131}"
9964,ORDER_PLACED,Order 139 placed,"{""order_id"": 139, ""restaurant_id"": 7}"
10003,ORDER_READY,Order 132 is ready for pickup,"{""order_id"": 132}"
10005,ORDER_READY,Order 133 is ready for pickup,"{""order_id"": 133}"
10016,ORDER_READY,Order 134 is ready for pickup,"{""order_id"": 134}"
10016,ORDER_PICKED_UP,Order 120 picked up by courier 6,"{""order_id"": 120, ""courier_id"": 6}"
10016,ORDER_PICKED_UP,Order 121 picked up by courier 6,"{""order_id"": 121, ""courier_id"": 6}"
10016,ORDER_PICKED_UP,Order 124 picked up by courier 6,"{""order_id"": 124, ""courier_id"": 6}"
10016,ROUTE_OPTIMIZED,Courier 6 route optimized: 3 dropoffs reordered,"{""courier_id"": 6, ""original_sequence"": [120, 121, 124], ""optimized_sequence"": []}"
10016,COURIER_DELIVERING,Courier 6 heading to first dropoff (optimized),"{""courier_id"": 6, ""order_ids"": []}"
10025,ORDER_DELIVERED,Order 98 delivered by courier 7,"{""order_id"": 98, ""courier_id"": 7, ""click_to_door"": 1665.8518969517336, ""ready_to_door"": 1365.8518969517336}"
10034,ORDER_PICKED_UP,Order 125 picked up by courier 0,"{""order_id"": 125, ""courier_id"": 0}"
10034,COURIER_DELIVERING,Courier 0 heading to first dropoff (optimized),"{""courier_id"": 0, ""order_ids"": []}"
10038,ORDER_PLACED,Order 140 placed,"{""order_id"": 140, ""restaurant_id"": 4}"
10043,ORDER_PICKED_UP,Order 122 picked up by courier 1,"{""order_id"": 122, ""courier_id"": 1}"
10043,COURIER_DELIVERING,Courier 1 heading to first dropoff (optimized),"{""courier_id"": 1, ""order_ids"": []}"
10046,ORDER_DELIVERED,Order 117 delivered by courier 2,"{""order_id"": 117, ""courier_id"": 2, ""click_to_door"": 996.290554160174, ""ready_to_door"": 696.290554160174}"
10046,COURIER_IDLE,Courier 2 is now idle,"{""courier_id"": 2}"
10050,ASSIGNMENT_MADE,Courier 2 assigned orders [131],"{""courier_id"": 2, ""order_ids"": [131], ""bundle_size"": 1, ""has_relay"": false}"
10089,ORDER_READY,Order 135 is ready for pickup,"{""order_id"": 135}"
10106,PICKUP_SERVICE_START,Courier 4 starting pickup service (90s),"{""courier_id"": 4, ""service_time"": 90}"
10111,ORDER_PLACED,Order 141 placed,"{""order_id"": 141, ""restaurant_id"": 1}"
10112,ORDER_DELIVERED,Order 100 delivered by courier 3,"{""order_id"": 100, ""courier_id"": 3, ""click_to_door"": 1647.052635603828, ""ready_to_door"": 1347.052635603828}"
10115,ORDER_PLACED,Order 142 placed,"{""order_id"": 142, ""restaurant_id"": 5}"
10117,ORDER_READY,Order 136 is ready for pickup,"{""order_id"": 136}"
10117,ORDER_READY,Order 137 is ready for pickup,"{""order_id"": 137}"
10123,ORDER_DELIVERED,Order 124 delivered by courier 6,"{""order_id"": 124, ""courier_id"": 6, ""click_to_door"": 807.7681243967145, ""ready_to_door"": 507.7681243967145}"
10129,ORDER_PLACED,Order 143 placed,"{""order_id"": 143, ""restaurant_id"": 0}"
10146,ORDER_DELIVERED,Order 111 delivered by courier 5,"{""order_id"": 111, ""courier_id"": 5, ""click_to_door"": 1308.2977660214601, ""ready_to_door"": 1008.2977660214601}"
10146,COURIER_IDLE,Courier 5 is now idle,"{""courier_id"": 5}"
10170,ASSIGNMENT_MADE,Courier 5 assigned orders [137],"{""courier_id"": 5, ""order_ids"": [137], ""bundle_size"": 1, ""has_relay"": false}"
10174,ORDER_PLACED,Order 144 placed,"{""order_id"": 144, ""restaurant_id"": 2}"
10196,ORDER_PICKED_UP,Order 126 picked up by courier 4,"{""order_id"": 126, ""courier_id"": 4}"
10196,COURIER_DELIVERING,Courier 4 heading to first dropoff (optimized),"{""courier_id"": 4, ""order_ids"": []}"
10208,PICKUP_SERVICE_START,Courier 2 starting pickup service (90s),"{""courier_id"": 2, ""service_time"": 90}"
10225,ORDER_READY,Order 138 is ready for pickup,"{""order_id"": 138}"
10233,ORDER_DELIVERED,Order 122 delivered by courier 1,"{""order_id"": 122, ""courier_id"": 1, ""click_to_door"": 980.2999206132226, ""ready_to_door"": 680.2999206132226}"
10233,COURIER_IDLE,Courier 1 is now idle,"{""courier_id"": 1}"
10260,ASSIGNMENT_MADE,"Courier 1 assigned orders [134, 136]","{""courier_id"": 1, ""order_ids"": [134, 136], ""bundle_size"": 2, ""has_relay"": false}"
10264,ORDER_READY,Order 139 is ready for pickup,"{""order_id"": 139}"
10270,ORDER_PLACED,Order 145 placed,"{""order_id"": 145, ""restaurant_id"": 2}"
10298,ORDER_PICKED_UP,Order 131 picked up by courier 2,"{""order_id"": 131, ""courier_id"": 2}"
10298,COURIER_DELIVERING,Courier 2 heading to first dropoff (optimized),"{""courier_id"": 2, ""order_ids"": []}"
10315,ORDER_DELIVERED,Order 101 delivered by courier 3,"{""order_id"": 101, ""courier_id"": 3, ""click_to_door"": 1783.689255888532, ""ready_to_door"": 1483.689255888532}"
10315,COURIER_IDLE,Courier 3 is now idle,"{""courier_id"": 3}"
10320,ASSIGNMENT_MADE,Courier 3 assigned orders [138],"{""courier_id"": 3, ""order_ids"": [138], ""bundle_size"": 1, ""has_relay"": false}"
10328,ORDER_DELIVERED,Order 120 delivered by courier 6,"{""order_id"": 120, ""courier_id"": 6, ""click_to_door"": 1145.8527331322693, ""ready_to_door"": 845.8527331322693}"
10338,ORDER_READY,Order 140 is ready for pickup,"{""order_id"": 140}"
10343,ORDER_DELIVERED,Order 97 delivered by courier 7,"{""order_id"": 97, ""courier_id"": 7, ""click_to_door"": 2072.0681208493843, ""ready_to_door"": 1772.0681208493843}"
10343,COURIER_IDLE,Courier 7 is now idle,"{""courier_id"": 7}"
10348,ORDER_PLACED,Order 146 placed,"{""order_id"": 146, ""restaurant_id"": 1}"
10350,ASSIGNMENT_MADE,Courier 7 assigned orders [140],"{""courier_id"": 7, ""order_ids"": [140], ""bundle_size"": 1, ""has_relay"": false}"
10351,ORDER_PLACED,Order 147 placed,"{""order_id"": 147, ""restaurant_id"": 1}"
10358,PICKUP_SERVICE_START,Courier 5 starting pickup service (90s),"{""courier_id"": 5, ""service_time"": 90}"
10395,ORDER_PLACED,Order 148 placed,"{""order_id"": 148, ""restaurant_id"": 4}"
10402,ORDER_DELIVERED,Order 125 delivered by courier 0,"{""order_id"": 125, ""courier_id"": 0, ""click_to_door"": 1054.3357170309773, ""ready_to_door"": 754.3357170309773}"
10402,COURIER_IDLE,Courier 0 is now idle,"{""courier_id"": 0}"
10410,ASSIGNMENT_MADE,Courier 0 assigned orders [139],"{""courier_id"": 0, ""order_ids"": [139], ""bundle_size"": 1, ""has_relay"": false}"
10411,ORDER_READY,Order 141 is ready for pickup,"{""order_id"": 141}"
10415,ORDER_READY,Order 142 is ready for pickup,"{""order_id"": 142}"
10429,ORDER_READY,Order 143 is ready for pickup,"{""order_id"": 143}"
10448,ORDER_PICKED_UP,Order 137 picked up by courier 5,"{""order_id"": 137, ""courier_id"": 5}"
10448,COURIER_DELIVERING,Courier 5 heading to first dropoff (optimized),"{""courier_id"": 5, ""order_ids"": []}"
10450,PICKUP_SERVICE_START,Courier 1 starting pickup service (90s),"{""courier_id"": 1, ""service_time"": 90}"
10474,ORDER_READY,Order 144 is ready for pickup,"{""order_id"": 144}"
10506,PICKUP_SERVICE_START,Courier 3 starting pickup service (90s),"{""courier_id"": 3, ""service_time"": 90}"
10510,ORDER_DELIVERED,Order 126 delivered by courier 4,"{""order_id"": 126, ""courier_id"": 4, ""click_to_door"": 1148.3022179230466, ""ready_to_door"": 848.3022179230466}"
10510,COURIER_IDLE,Courier 4 is now idle,"{""courier_id"": 4}"
10527,ORDER_DELIVERED,Order 131 delivered by courier 2,"{""order_id"": 131, ""courier_id"": 2, ""click_to_door"": 865.1293908083062, ""ready_to_door"": 565.1293908083062}"
10527,COURIER_IDLE,Courier 2 is now idle,"{""courier_id"": 2}"
10530,ASSIGNMENT_MADE,Courier 2 assigned orders [142],"{""courier_id"": 2, ""order_ids"": [142], ""bundle_size"": 1, ""has_relay"": false}"
10530,ASSIGNMENT_MADE,Courier 4 assigned orders [141],"{""courier_id"": 4, ""order_ids"": [141], ""bundle_size"": 1, ""has_relay"": false}"
10540,ORDER_PICKED_UP,Order 134 picked up by courier 1,"{""order_id"": 134, ""courier_id"": 1}"
10540,ORDER_PICKED_UP,Order 136 picked up by courier 1,"{""order_id"": 136, ""courier_id"": 1}"
10540,ROUTE_OPTIMIZED,Courier 1 route optimized: 2 dropoffs reordered,"{""courier_id"": 1, ""original_sequence"": [134, 136], ""optimized_sequence"": []}"
10540,COURIER_DELIVERING,Courier 1 heading to first dropoff (optimized),"{""courier_id"": 1, ""order_ids"": []}"
10551,ORDER_PLACED,Order 149 placed,"{""order_id"": 149, ""restaurant_id"": 5}"
10570,ORDER_READY,Order 145 is ready for pickup,"{""order_id"": 145}"
10596,ORDER_PICKED_UP,Order 138 picked up by courier 3,"{""order_id"": 138, ""courier_id"": 3}"
10596,COURIER_DELIVERING,Courier 3 heading to first dropoff (optimized),"{""courier_id"": 3, ""order_ids"": []}"
10598,PICKUP_SERVICE_START,Courier 0 starting pickup service (90s),"{""courier_id"": 0, ""service_time"": 90}"
10609,ORDER_PLACED,Order 150 placed,"{""order_id"": 150, ""restaurant_id"": 6}"
10627,PICKUP_SERVICE_START,Courier 7 starting pickup service (90s),"{""courier_id"": 7, ""service_time"": 90}"
10643,PICKUP_SERVICE_START,Courier 4 starting pickup service (90s),"{""courier_id"": 4, ""service_time"": 90}"
10648,ORDER_READY,Order 146 is ready for pickup,"{""order_id"": 146}"
10651,ORDER_READY,Order 147 is ready for pickup,"{""order_id"": 147}"
10671,ORDER_PLACED,Order 151 placed,"{""order_id"": 151, ""restaurant_id"": 7}"
10686,ORDER_PLACED,Order 152 placed,"{""order_id"": 152, ""restaurant_id"": 2}"
10687,ORDER_DELIVERED,Order 137 delivered by courier 5,"{""order_id"": 137, ""courier_id"": 5, ""click_to_door"": 870.2738267352579, ""ready_to_door"": 570.2738267352579}"
10687,COURIER_IDLE,Courier 5 is now idle,"{""courier_id"": 5}"
10688,ORDER_PICKED_UP,Order 139 picked up by courier 0,"{""order_id"": 139, ""courier_id"": 0}"
10688,COURIER_DELIVERING,Courier 0 heading to first dropoff (optimized),"{""courier_id"": 0, ""order_ids"": []}"
10695,ORDER_READY,Order 148 is ready for pickup,"{""order_id"": 148}"
10706,ORDER_EXPIRED,Order 105 expired (not matched within 1800s),"{""order_id"": 105}"
10710,ASSIGNMENT_MADE,"Courier 5 assigned orders [146, 147]","{""courier_id"": 5, ""order_ids"": [146, 147], ""bundle_size"": 2, ""has_relay"": false}"
10717,ORDER_PICKED_UP,Order 140 picked up by courier 7,"{""order_id"": 140, ""courier_id"": 7}"
10717,COURIER_DELIVERING,Courier 7 heading to first dropoff (optimized),"{""courier_id"": 7, ""order_ids"": []}"
10725,ORDER_PLACED,Order 153 placed,"{""order_id"": 153, ""restaurant_id"": 2}"
10732,PICKUP_SERVICE_START,Courier 2 starting pickup service (90s),"{""courier_id"": 2, ""service_time"": 90}"
10733,ORDER_PICKED_UP,Order 141 picked up by courier 4,"{""order_id"": 141, ""courier_id"": 4}"
10733,COURIER_DELIVERING,Courier 4 heading to first dropoff (optimized),"{""courier_id"": 4, ""order_ids"": []}"
10745,ORDER_DELIVERED,Order 121 delivered by courier 6,"{""order_id"": 121, ""courier_id"": 6, ""click_to_door"": 1503.9454890840498, ""ready_to_door"": 1203.9454890840498}"
10745,COURIER_IDLE,Courier 6 is now idle,"{""courier_id"": 6}"
10770,ASSIGNMENT_MADE,Courier 6 assigned orders [148],"{""courier_id"": 6, ""order_ids"": [148], ""bundle_size"": 1, ""has_relay"": false}"
10822,ORDER_PICKED_UP,Order 142 picked up by courier 2,"{""order_id"": 142, ""courier_id"": 2}"
10822,COURIER_DELIVERING,Courier 2 heading to first dropoff (optimized),"{""courier_id"": 2, ""order_ids"": []}"
10834,ORDER_DELIVERED,Order 136 delivered by courier 1,"{""order_id"": 136, ""courier_id"": 1, ""click_to_door"": 1017.4459328719586, ""ready_to_door"": 717.4459328719586}"
10851,ORDER_READY,Order 149 is ready for pickup,"{""order_id"": 149}"
10878,ORDER_DELIVERED,Order 139 delivered by courier 0,"{""order_id"": 139, ""courier_id"": 0, ""click_to_door"": 914.025035270015, ""ready_to_door"": 614.025035270015}"
10878,COURIER_IDLE,Courier 0 is now idle,"{""courier_id"": 0}"
10881,ORDER_EXPIRED,Order 110 expired (not matched within 1800s),"{""order_id"": 110}"
10890,ASSIGNMENT_MADE,Courier 0 assigned orders [149],"{""courier_id"": 0, ""order_ids"": [149], ""bundle_size"": 1, ""has_relay"": false}"
10893,ORDER_DELIVERED,Order 142 delivered by courier 2,"{""order_id"": 142, ""courier_id"": 2, ""click_to_door"": 778.0232942772709, ""ready_to_door"": 478.0232942772709}"
10893,COURIER_IDLE,Courier 2 is now idle,"{""courier_id"": 2}"
10893,ORDER_DELIVERED,Order 140 delivered by courier 7,"{""order_id"": 140, ""courier_id"": 7, ""click_to_door"": 855.6048612718223, ""ready_to_door"": 555.6048612718223}"
10893,COURIER_IDLE,Courier 7 is now idle,"{""courier_id"": 7}"
10899,ORDER_DELIVERED,Order 138 delivered by courier 3,"{""order_id"": 138, ""courier_id"": 3, ""click_to_door"": 974.2569705046099, ""ready_to_door"": 674.2569705046099}"
10899,COURIER_IDLE,Courier 3 is now idle,"{""courier_id"": 3}"
10903,ORDER_PLACED,Order 154 placed,"{""order_id"": 154, ""restaurant_id"": 1}"
10909,ORDER_READY,Order 150 is ready for pickup,"{""order_id"": 150}"
10920,ASSIGNMENT_MADE,"Courier 2 assigned orders [128, 130, 135]","{""courier_id"": 2, ""order_ids"": [128, 130, 135], ""bundle_size"": 3, ""has_relay"": false}"
10920,ASSIGNMENT_MADE,Courier 3 assigned orders [150],"{""courier_id"": 3, ""order_ids"": [150], ""bundle_size"": 1, ""has_relay"": false}"
10920,ASSIGNMENT_MADE,Courier 7 assigned orders [143],"{""courier_id"": 7, ""order_ids"": [143], ""bundle_size"": 1, ""has_relay"": false}"
10945,PICKUP_SERVICE_START,Courier 5 starting pickup service (90s),"{""courier_id"": 5, ""service_time"": 90}"
10954,ORDER_PLACED,Order 155 placed,"{""order_id"": 155, ""restaurant_id"": 0}"
10963,ORDER_PLACED,Order 156 placed,"{""order_id"": 156, ""restaurant_id"": 3}"
10971,ORDER_READY,Order 151 is ready for pickup,"{""order_id"": 151}"
10975,ORDER_PLACED,Order 157 placed,"{""order_id"": 157, ""restaurant_id"": 7}"
10977,ORDER_PLACED,Order 158 placed,"{""order_id"": 158, ""restaurant_id"": 1}"
10979,ORDER_EXPIRED,Order 112 expired (not matched within 1800s),"{""order_id"": 112}"
10986,ORDER_READY,Order 152 is ready for pickup,"{""order_id"": 152}"
10987,ORDER_DELIVERED,Order 141 delivered by courier 4,"{""order_id"": 141, ""courier_id"": 4, ""click_to_door"": 876.4095999198198, ""ready_to_door"": 576.4095999198198}"
10987,COURIER_IDLE,Courier 4 is now idle,"{""courier_id"": 4}"
10991,PICKUP_SERVICE_START,Courier 2 starting pickup service (90s),"{""courier_id"": 2, ""service_time"": 90}"
11010,ASSIGNMENT_MADE,Courier 4 assigned orders [151],"{""courier_id"": 4, ""order_ids"": [151], ""bundle_size"": 1, ""has_relay"": false}"
11017,ORDER_PLACED,Order 159 placed,"{""order_id"": 159, ""restaurant_id"": 3}"
11017,ORDER_PLACED,Order 160 placed,"{""order_id"": 160, ""restaurant_id"": 4}"
11018,PICKUP_SERVICE_START,Courier 7 starting pickup service (90s),"{""courier_id"": 7, ""service_time"": 90}"
11021,ORDER_DELIVERED,Order 134 delivered by courier 1,"{""order_id"": 134, ""courier_id"": 1, ""click_to_door"": 1305.0174219348428, ""ready_to_door"": 1005.0174219348428}"
11021,COURIER_IDLE,Courier 1 is now idle,"{""courier_id"": 1}"
11025,ORDER_READY,Order 153 is ready for pickup,"{""order_id"": 153}"
11035,ORDER_PICKED_UP,Order 146 picked up by courier 5,"{""order_id"": 146, ""courier_id"": 5}"
11035,ORDER_PICKED_UP,Order 147 picked up by courier 5,"{""order_id"": 147, ""courier_id"": 5}"
11035,ROUTE_OPTIMIZED,Courier 5 route optimized: 2 dropoffs reordered,"{""courier_id"": 5, ""original_sequence"": [146, 147], ""optimized_sequence"": []}"
11035,COURIER_DELIVERING,Courier 5 heading to first dropoff (optimized),"{""courier_id"": 5, ""order_ids"": []}"
11036,PICKUP_SERVICE_START,Courier 6 starting pickup service (90s),"{""courier_id"": 6, ""service_time"": 90}"
11040,ASSIGNMENT_MADE,Courier 1 assigned orders [133],"{""courier_id"": 1, ""order_ids"": [133], ""bundle_size"": 1, ""has_relay"": false}"
11055,ORDER_DELIVERED,Order 146 delivered by courier 5,"{""order_id"": 146, ""courier_id"": 5, ""click_to_door"": 707.7334534137553, ""ready_to_door"": 407.73345341375534}"
11063,ORDER_PLACED,Order 161 placed,"{""order_id"": 161, ""restaurant_id"": 5}"
11073,ORDER_EXPIRED,Order 114 expired (not matched within 1800s),"{""order_id"": 114}"
11079,ORDER_EXPIRED,Order 115 expired (not matched within 1800s),"{""order_id"": 115}"
11081,ORDER_PICKED_UP,Order 128 picked up by courier 2,"{""order_id"": 128, ""courier_id"": 2}"
11081,ORDER_PICKED_UP,Order 130 picked up by courier 2,"{""order_id"": 130, ""courier_id"": 2}"
11081,ORDER_PICKED_UP,Order 135 picked up by courier 2,"{""order_id"": 135, ""courier_id"": 2}"
11081,ROUTE_OPTIMIZED,Courier 2 route optimized: 3 dropoffs reordered,"{""courier_id"": 2, ""original_sequence"": [128, 130, 135], ""optimized_sequence"": []}"
11081,COURIER_DELIVERING,Courier 2 heading to first dropoff (optimized),"{""courier_id"": 2, ""order_ids"": []}"
11108,ORDER_PICKED_UP,Order 143 picked up by courier 7,"{""order_id"": 143, ""courier_id"": 7}"
11108,COURIER_DELIVERING,Courier 7 heading to first dropoff (optimized),"{""courier_id"": 7, ""order_ids"": []}"
11110,PICKUP_SERVICE_START,Courier 0 starting pickup service (90s),"{""courier_id"": 0, ""service_time"": 90}"
11126,ORDER_PICKED_UP,Order 148 picked up by courier 6,"{""order_id"": 148, ""courier_id"": 6}"
11126,COURIER_DELIVERING,Courier 6 heading to first dropoff (optimized),"{""courier_id"": 6, ""order_ids"": []}"
11157,ORDER_PLACED,Order 162 placed,"{""order_id"": 162, ""restaurant_id"": 4}"
11192,PICKUP_SERVICE_START,Courier 3 starting pickup service (90s),"{""courier_id"": 3, ""service_time"": 90}"
11199,ORDER_DELIVERED,Order 147 delivered by courier 5,"{""order_id"": 147, ""courier_id"": 5, ""click_to_door"": 848.8045081146738, ""ready_to_door"": 548.8045081146738}"
11199,COURIER_IDLE,Courier 5 is now idle,"{""courier_id"": 5}"
11200,ORDER_PICKED_UP,Order 149 picked up by courier 0,"{""order_id"": 149, ""courier_id"": 0}"
11200,COURIER_DELIVERING,Courier 0 heading to first dropoff (optimized),"{""courier_id"": 0, ""order_ids"": []}"
11203,ORDER_READY,Order 154 is ready for pickup,"{""order_id"": 154}"
11203,PICKUP_SERVICE_START,Courier 1 starting pickup service (90s),"{""courier_id"": 1, ""service_time"": 90}"
11210,ORDER_PLACED,Order 163 placed,"{""order_id"": 163, ""restaurant_id"": 1}"
11220,ASSIGNMENT_MADE,Courier 5 assigned orders [154],"{""courier_id"": 5, ""order_ids"": [154], ""bundle_size"": 1, ""has_relay"": false}"
11248,ORDER_DELIVERED,Order 130 delivered by courier 2,"{""order_id"": 130, ""courier_id"": 2, ""click_to_door"": 1596.5784761998675, ""ready_to_door"": 1296.5784761998675}"
11254,ORDER_READY,Order 155 is ready for pickup,"{""order_id"": 155}"
11263,ORDER_READY,Order 156 is ready for pickup,"{""order_id"": 156}"
11268,ORDER_EXPIRED,Order 119 expired (not matched within 1800s),"{""order_id"": 119}"
11272,ORDER_PLACED,Order 164 placed,"{""order_id"": 164, ""restaurant_id"": 5}"
11275,ORDER_READY,Order 157 is ready for pickup,"{""order_id"": 157}"
11277,ORDER_READY,Order 158 is ready for pickup,"{""order_id"": 158}"
11282,ORDER_PICKED_UP,Order 150 picked up by courier 3,"{""order_id"": 150, ""courier_id"": 3}"
11282,COURIER_DELIVERING,Courier 3 heading to first dropoff (optimized),"{""courier_id"": 3, ""order_ids"": []}"
11293,ORDER_PICKED_UP,Order 133 picked up by courier 1,"{""order_id"": 133, ""courier_id"": 1}"
11293,COURIER_DELIVERING,Courier 1 heading to first dropoff (optimized),"{""courier_id"": 1, ""order_ids"": []}"
11317,ORDER_READY,Order 159 is ready for pickup,"{""order_id"": 159}"
11317,ORDER_READY,Order 160 is ready for pickup,"{""order_id"": 160}"
11330,ORDER_DELIVERED,Order 148 delivered by courier 6,"{""order_id"": 148, ""courier_id"": 6, ""click_to_door"": 935.1204386745594, ""ready_to_door"": 635.1204386745594}"
11330,COURIER_IDLE,Courier 6 is now idle,"{""courier_id"": 6}"
11338,PICKUP_SERVICE_START,Courier 5 starting pickup service (90s),"{""courier_id"": 5, ""service_time"": 90}"
11340,ASSIGNMENT_MADE,Courier 6 assigned orders [160],"{""courier_id"": 6, ""order_ids"": [160], ""bundle_size"": 1, ""has_relay"": false}"
11363,ORDER_READY,Order 161 is ready for pickup,"{""order_id"": 161}"
11399,ORDER_EXPIRED,Order 123 expired (not matched within 1800s),"{""order_id"": 123}"
11419,ORDER_PLACED,Order 165 placed,"{""order_id"": 165, ""restaurant_id"": 7}"
11428,ORDER_PICKED_UP,Order 154 picked up by courier 5,"{""order_id"": 154, ""courier_id"": 5}"
11428,COURIER_DELIVERING,Courier 5 heading to first dropoff (optimized),"{""courier_id"": 5, ""order_ids"": []}"
11457,ORDER_READY,Order 162 is ready for pickup,"{""order_id"": 162}"
11459,ORDER_PLACED,Order 166 placed,"{""order_id"": 166, ""restaurant_id"": 2}"
11460,ORDER_DELIVERED,Order 150 delivered by courier 3,"{""order_id"": 150, ""courier_id"": 3, ""click_to_door"": 851.4398749610173, ""ready_to_door"": 551.4398749610173}"
11460,COURIER_IDLE,Courier 3 is now idle,"{""courier_id"": 3}"
11460,ASSIGNMENT_MADE,Courier 3 assigned orders [162],"{""courier_id"": 3, ""order_ids"": [162], ""bundle_size"": 1, ""has_relay"": false}"
11467,ORDER_DELIVERED,Order 135 delivered by courier 2,"{""order_id"": 135, ""courier_id"": 2, ""click_to_door"": 1678.1998094115625, ""ready_to_door"": 1378.1998094115625}"
11474,ORDER_EXPIRED,Order 127 expired (not matched within 1800s),"{""order_id"": 127}"
11492,ORDER_DELIVERED,Order 149 delivered by courier 0,"{""order_id"": 149, ""courier_id"": 0, ""click_to_door"": 941.3316682725381, ""ready_to_door"": 641.3316682725381}"
11492,COURIER_IDLE,Courier 0 is now idle,"{""courier_id"": 0}"
11510,ORDER_READY,Order 163 is ready for pickup,"{""order_id"": 163}"
11513,ORDER_DELIVERED,Order 143 delivered by courier 7,"{""order_id"": 143, ""courier_id"": 7, ""click_to_door"": 1384.0893874124013, ""ready_to_door"": 1084.0893874124013}"
11513,COURIER_IDLE,Courier 7 is now idle,"{""courier_id"": 7}"
11520,ASSIGNMENT_MADE,Courier 0 assigned orders [132],"{""courier_id"": 0, ""order_ids"": [132], ""bundle_size"": 1, ""has_relay"": false}"
11520,ASSIGNMENT_MADE,"Courier 7 assigned orders [129, 144, 145]","{""courier_id"": 7, ""order_ids"": [129, 144, 145], ""bundle_size"": 3, ""has_relay"": false}"
11536,PICKUP_SERVICE_START,Courier 7 starting pickup service (90s),"{""courier_id"": 7, ""service_time"": 90}"
11539,ORDER_PLACED,Order 167 placed,"{""order_id"": 167, ""restaurant_id"": 7}"
11544,PICKUP_SERVICE_START,Courier 6 starting pickup service (90s),"{""courier_id"": 6, ""service_time"": 90}"
11548,PICKUP_SERVICE_START,Courier 4 starting pickup service (90s),"{""courier_id"": 4, ""service_time"": 90}"
11552,ORDER_PLACED,Order 168 placed,"{""order_id"": 168, ""restaurant_id"": 4}"
11572,ORDER_READY,Order 164 is ready for pickup,"{""order_id"": 164}"
11626,ORDER_PICKED_UP,Order 129 picked up by courier 7,"{""order_id"": 129, ""courier_id"": 7}"
11626,ORDER_PICKED_UP,Order 144 picked up by courier 7,"{""order_id"": 144, ""courier_id"": 7}"
11626,ORDER_PICKED_UP,Order 145 picked up by courier 7,"{""order_id"": 145, ""courier_id"": 7}"
11626,ROUTE_OPTIMIZED,Courier 7 route optimized: 3 dropoffs reordered,"{""courier_id"": 7, ""original_sequence"": [129, 144, 145], ""optimized_sequence"": []}"
11626,COURIER_DELIVERING,Courier 7 heading to first dropoff (optimized),"{""courier_id"": 7, ""order_ids"": []}"
11633,ORDER_PLACED,Order 169 placed,"{""order_id"": 169, ""restaurant_id"": 2}"
11634,ORDER_PICKED_UP,Order 160 picked up by courier 6,"{""order_id"": 160, ""courier_id"": 6}"
11634,COURIER_DELIVERING,Courier 6 heading to first dropoff (optimized),"{""courier_id"": 6, ""order_ids"": []}"
11638,ORDER_PICKED_UP,Order 151 picked up by courier 4,"{""order_id"": 151, ""courier_id"": 4}"
11638,COURIER_DELIVERING,Courier 4 heading to first dropoff (optimized),"{""courier_id"": 4, ""order_ids"": []}"
11645,ORDER_PLACED,Order 170 placed,"{""order_id"": 170, ""restaurant_id"": 2}"
11650,PICKUP_SERVICE_START,Courier 0 starting pickup service (90s),"{""courier_id"": 0, ""service_time"": 90}"
11659,PICKUP_SERVICE_START,Courier 3 starting pickup service (90s),"{""courier_id"": 3, ""service_time"": 90}"
11680,ORDER_PLACED,Order 171 placed,"{""order_id"": 171, ""restaurant_id"": 0}"
11716,ORDER_PLACED,Order 172 placed,"{""order_id"": 172, ""restaurant_id"": 6}"
11719,ORDER_READY,Order 165 is ready for pickup,"{""order_id"": 165}"
11740,ORDER_PICKED_UP,Order 132 picked up by courier 0,"{""order_id"": 132, ""courier_id"": 0}"
11740,COURIER_DELIVERING,Courier 0 heading to first dropoff (optimized),"{""courier_id"": 0, ""order_ids"": []}"
11744,ORDER_DELIVERED,Order 133 delivered by courier 1,"{""order_id"": 133, ""courier_id"": 1, ""click_to_door"": 2039.8992767591444, ""ready_to_door"": 1739.8992767591444}"
11744,COURIER_IDLE,Courier 1 is now idle,"{""courier_id"": 1}"
11749,ORDER_PICKED_UP,Order 162 picked up by courier 3,"{""order_id"": 162, ""courier_id"": 3}"
11749,COURIER_DELIVERING,Courier 3 heading to first dropoff (optimized),"{""courier_id"": 3, ""order_ids"": []}"
11759,ORDER_READY,Order 166 is ready for pickup,"{""order_id"": 166}"
11760,ASSIGNMENT_MADE,"Courier 1 assigned orders [161, 164]","{""courier_id"": 1, ""order_ids"": [161, 164], ""bundle_size"": 2, ""has_relay"": false}"
11765,ORDER_DELIVERED,Order 154 delivered by courier 5,"{""order_id"": 154, ""courier_id"": 5, ""click_to_door"": 862.2234325432619, ""ready_to_door"": 562.2234325432619}"
11765,COURIER_IDLE,Courier 5 is now idle,"{""courier_id"": 5}"
11790,ORDER_PLACED,Order 173 placed,"{""order_id"": 173, ""restaurant_id"": 6}"
11790,ASSIGNMENT_MADE,"Courier 5 assigned orders [156, 159]","{""courier_id"": 5, ""order_ids"": [156, 159], ""bundle_size"": 2, ""has_relay"": false}"
11809,ORDER_DELIVERED,Order 144 delivered by courier 7,"{""order_id"": 144, ""courier_id"": 7, ""click_to_door"": 1635.3945761845061, ""ready_to_door"": 1335.3945761845061}"
11810,ORDER_PLACED,Order 174 placed,"{""order_id"": 174, ""restaurant_id"": 1}"
11817,ORDER_DELIVERED,Order 160 delivered by courier 6,"{""order_id"": 160, ""courier_id"": 6, ""click_to_door"": 800.2032171989031, ""ready_to_door"": 500.2032171989031}"
11817,COURIER_IDLE,Courier 6 is now idle,"{""courier_id"": 6}"
11820,ASSIGNMENT_MADE,"Courier 6 assigned orders [158, 163]","{""courier_id"": 6, ""order_ids"": [158, 163], ""bundle_size"": 2, ""has_relay"": false}"
11826,ORDER_DELIVERED,Order 151 delivered by courier 4,"{""order_id"": 151, ""courier_id"": 4, ""click_to_door"": 1155.4569599863826, ""ready_to_door"": 855.4569599863826}"
11826,COURIER_IDLE,Courier 4 is now idle,"{""courier_id"": 4}"
11827,PICKUP_SERVICE_START,Courier 5 starting pickup service (90s),"{""courier_id"": 5, ""service_time"": 90}"
11830,ORDER_DELIVERED,Order 128 delivered by courier 2,"{""order_id"": 128, ""courier_id"": 2, ""click_to_door"": 2243.618582988185, ""ready_to_door"": 1943.6185829881852}"
11830,COURIER_IDLE,Courier 2 is now idle,"{""courier_id"": 2}"
11839,ORDER_READY,Order 167 is ready for pickup,"{""order_id"": 167}"
11850,ASSIGNMENT_MADE,"Courier 2 assigned orders [152, 153, 166]","{""courier_id"": 2, ""order_ids"": [152, 153, 166], ""bundle_size"": 3, ""has_relay"": false}"
11850,ASSIGNMENT_MADE,"Courier 4 assigned orders [157, 165, 167]","{""courier_id"": 4, ""order_ids"": [157, 165, 167], ""bundle_size"": 3, ""has_relay"": false}"
11852,ORDER_READY,Order 168 is ready for pickup,"{""order_id"": 168}"
11861,PICKUP_SERVICE_START,Courier 6 starting pickup service (90s),"{""courier_id"": 6, ""service_time"": 90}"
11917,ORDER_PICKED_UP,Order 156 picked up by courier 5,"{""order_id"": 156, ""courier_id"": 5}"
11917,ORDER_PICKED_UP,Order 159 picked up by courier 5,"{""order_id"": 159, ""courier_id"": 5}"
11917,ROUTE_OPTIMIZED,Courier 5 route optimized: 2 dropoffs reordered,"{""courier_id"": 5, ""original_sequence"": [156, 159], ""optimized_sequence"": []}"
11917,COURIER_DELIVERING,Courier 5 heading to first dropoff (optimized),"{""courier_id"": 5, ""order_ids"": []}"
11920,ORDER_PLACED,Order 175 placed,"{""order_id"": 175, ""restaurant_id"": 5}"
11923,ORDER_PLACED,Order 176 placed,"{""order_id"": 176, ""restaurant_id"": 2}"
11933,ORDER_READY,Order 169 is ready for pickup,"{""order_id"": 169}"
11938,PICKUP_SERVICE_START,Courier 1 starting pickup service (90s),"{""courier_id"": 1, ""service_time"": 90}"
11945,ORDER_READY,Order 170 is ready for pickup,"{""order_id"": 170}"
11951,PICKUP_SERVICE_START,Courier 2 starting pickup service (90s),"{""courier_id"": 2, ""service_time"": 90}"
11951,ORDER_PICKED_UP,Order 158 picked up by courier 6,"{""order_id"": 158, ""courier_id"": 6}"
11951,ORDER_PICKED_UP,Order 163 picked up by courier 6,"{""order_id"": 163, ""courier_id"": 6}"
11951,ROUTE_OPTIMIZED,Courier 6 route optimized: 2 dropoffs reordered,"{""courier_id"": 6, ""original_sequence"": [158, 163], ""optimized_sequence"": []}"
11951,COURIER_DELIVERING,Courier 6 heading to first dropoff (optimized),"{""courier_id"": 6, ""order_ids"": []}"
11961,ORDER_DELIVERED,Order 162 delivered by courier 3,"{""order_id"": 162, ""courier_id"": 3, ""click_to_door"": 804.9619499984656, ""ready_to_door"": 504.96194999846557}"
11961,COURIER_IDLE,Courier 3 is now idle,"{""courier_id"": 3}"
11970,ASSIGNMENT_MADE,Courier 3 assigned orders [168],"{""courier_id"": 3, ""order_ids"": [168], ""bundle_size"": 1, ""has_relay"": false}"
11980,ORDER_READY,Order 171 is ready for pickup,"{""order_id"": 171}"
12016,ORDER_READY,Order 172 is ready for pickup,"{""order_id"": 172}"
12023,ORDER_PLACED,Order 177 placed,"{""order_id"": 177, ""restaurant_id"": 1}"
12028,ORDER_PICKED_UP,Order 161 picked up by courier 1,"{""order_id"": 161, ""courier_id"": 1}"
12028,ORDER_PICKED_UP,Order 164 picked up by courier 1,"{""order_id"": 164, ""courier_id"": 1}"
12028,ROUTE_OPTIMIZED,Courier 1 route optimized: 2 dropoffs reordered,"{""courier_id"": 1, ""original_sequence"": [161, 164], ""optimized_sequence"": []}"
12028,COURIER_DELIVERING,Courier 1 heading to first dropoff (optimized),"{""courier_id"": 1, ""order_ids"": []}"
12038,PICKUP_SERVICE_START,Courier 4 starting pickup service (90s),"{""courier_id"": 4, ""service_time"": 90}"
12041,ORDER_PICKED_UP,Order 152 picked up by courier 2,"{""order_id"": 152, ""courier_id"": 2}"
12041,ORDER_PICKED_UP,Order 153 picked up by courier 2,"{""order_id"": 153, ""courier_id"": 2}"
12041,ORDER_PICKED_UP,Order 166 picked up by courier 2,"{""order_id"": 166, ""courier_id"": 2}"
12041,ROUTE_OPTIMIZED,Courier 2 route optimized: 3 dropoffs reordered,"{""courier_id"": 2, ""original_sequence"": [152, 153, 166], ""optimized_sequence"": []}"
12041,COURIER_DELIVERING,Courier 2 heading to first dropoff (optimized),"{""courier_id"": 2, ""order_ids"": []}"
12050,ORDER_PLACED,Order 178 placed,"{""order_id"": 178, ""restaurant_id"": 1}"
12058,ORDER_DELIVERED,Order 159 delivered by courier 5,"{""order_id"": 159, ""courier_id"": 5, ""click_to_door"": 1041.3773179284071, ""ready_to_door"": 741.3773179284071}"
12090,ORDER_READY,Order 173 is ready for pickup,"{""order_id"": 173}"
12105,ORDER_PLACED,Order 179 placed,"{""order_id"": 179, ""restaurant_id"": 3}"
12110,ORDER_READY,Order 174 is ready for pickup,"{""order_id"": 174}"
12114,ORDER_PLACED,Order 180 placed,"{""order_id"": 180, ""restaurant_id"": 2}"
12123,ORDER_DELIVERED,Order 132 delivered by courier 0,"{""order_id"": 132, ""courier_id"": 0, ""click_to_door"": 2420.7300413245266, ""ready_to_door"": 2120.7300413245266}"
12123,COURIER_IDLE,Courier 0 is now idle,"{""courier_id"": 0}"
12128,ORDER_PICKED_UP,Order 157 picked up by courier 4,"{""order_id"": 157, ""courier_id"": 4}"
12128,ORDER_PICKED_UP,Order 165 picked up by courier 4,"{""order_id"": 165, ""courier_id"": 4}"
12128,ORDER_PICKED_UP,Order 167 picked up by courier 4,"{""order_id"": 167, ""courier_id"": 4}"
12128,ROUTE_OPTIMIZED,Courier 4 route optimized: 3 dropoffs reordered,"{""courier_id"": 4, ""original_sequence"": [157, 165, 167], ""optimized_sequence"": []}"
12128,COURIER_DELIVERING,Courier 4 heading to first dropoff (optimized),"{""courier_id"": 4, ""order_ids"": []}"
12150,ASSIGNMENT_MADE,Courier 0 assigned orders [174],"{""courier_id"": 0, ""order_ids"": [174], ""bundle_size"": 1, ""has_relay"": false}"
12156,ORDER_DELIVERED,Order 129 delivered by courier 7,"{""order_id"": 129, ""courier_id"": 7, ""click_to_door"": 2505.08697445128, ""ready_to_door"": 2205.08697445128}"
12157,ORDER_PLACED,Order 181 placed,"{""order_id"": 181, ""restaurant_id"": 4}"
12179,ORDER_PLACED,Order 182 placed,"{""order_id"": 182, ""restaurant_id"": 3}"
12182,PICKUP_SERVICE_START,Courier 3 starting pickup service (90s),"{""courier_id"": 3, ""service_time"": 90}"
12188,ORDER_PLACED,Order 183 placed,"{""order_id"": 183, ""restaurant_id"": 4}"
12202,ORDER_DELIVERED,Order 167 delivered by courier 4,"{""order_id"": 167, ""courier_id"": 4, ""click_to_door"": 663.0185357171304, ""ready_to_door"": 363.01853571713036}"
12208,ORDER_PLACED,Order 184 placed,"{""order_id"": 184, ""restaurant_id"": 1}"
12220,ORDER_READY,Order 175 is ready for pickup,"{""order_id"": 175}"
12223,ORDER_READY,Order 176 is ready for pickup,"{""order_id"": 176}"
12226,ORDER_DELIVERED,Order 163 delivered by courier 6,"{""order_id"": 163, ""courier_id"": 6, ""click_to_door"": 1016.9431535587064, ""ready_to_door"": 716.9431535587064}"
12272,ORDER_PICKED_UP,Order 168 picked up by courier 3,"{""order_id"": 168, ""courier_id"": 3}"
12272,COURIER_DELIVERING,Courier 3 heading to first dropoff (optimized),"{""courier_id"": 3, ""order_ids"": []}"
12292,ORDER_DELIVERED,Order 161 delivered by courier 1,"{""order_id"": 161, ""courier_id"": 1, ""click_to_door"": 1229.5115293999024, ""ready_to_door"": 929.5115293999024}"
12323,ORDER_READY,Order 177 is ready for pickup,"{""order_id"": 177}"
12327,PICKUP_SERVICE_START,Courier 0 starting pickup service (90s),"{""courier_id"": 0, ""service_time"": 90}"
12344,ORDER_DELIVERED,Order 145 delivered by courier 7,"{""order_id"": 145, ""courier_id"": 7, ""click_to_door"": 2074.8581366550043, ""ready_to_door"": 1774.8581366550043}"
12344,COURIER_IDLE,Courier 7 is now idle,"{""courier_id"": 7}"
12348,ORDER_DELIVERED,Order 168 delivered by courier 3,"{""order_id"": 168, ""courier_id"": 3, ""click_to_door"": 796.9393906426867, ""ready_to_door"": 496.9393906426867}"
12348,COURIER_IDLE,Courier 3 is now idle,"{""courier_id"": 3}"
12350,ORDER_READY,Order 178 is ready for pickup,"{""order_id"": 178}"
12360,ASSIGNMENT_MADE,"Courier 3 assigned orders [177, 178]","{""courier_id"": 3, ""order_ids"": [177, 178], ""bundle_size"": 2, ""has_relay"": false}"
12360,ASSIGNMENT_MADE,"Courier 7 assigned orders [172, 173]","{""courier_id"": 7, ""order_ids"": [172, 173], ""bundle_size"": 2, ""has_relay"": false}"
12405,ORDER_READY,Order 179 is ready for pickup,"{""order_id"": 179}"
12406,ORDER_DELIVERED,Order 166 delivered by courier 2,"{""order_id"": 166, ""courier_id"": 2, ""click_to_door"": 947.662524501553, ""ready_to_door"": 647.662524501553}"
12414,ORDER_READY,Order 180 is ready for pickup,"{""order_id"": 180}"
12417,ORDER_PICKED_UP,Order 174 picked up by courier 0,"{""order_id"": 174, ""courier_id"": 0}"
12417,COURIER_DELIVERING,Courier 0 heading to first dropoff (optimized),"{""courier_id"": 0, ""order_ids"": []}"
12451,ORDER_PLACED,Order 185 placed,"{""order_id"": 185, ""restaurant_id"": 1}"
12457,ORDER_READY,Order 181 is ready for pickup,"{""order_id"": 181}"
12479,ORDER_READY,Order 182 is ready for pickup,"{""order_id"": 182}"
12488,ORDER_READY,Order 183 is ready for pickup,"{""order_id"": 183}"
12507,ORDER_DELIVERED,Order 156 delivered by courier 5,"{""order_id"": 156, ""courier_id"": 5, ""click_to_door"": 1544.0437004363393, ""ready_to_door"": 1244.0437004363393}"
12507,COURIER_IDLE,Courier 5 is now idle,"{""courier_id"": 5}"
12508,ORDER_READY,Order 184 is ready for pickup,"{""order_id"": 184}"
12510,ASSIGNMENT_MADE,"Courier 5 assigned orders [181, 183]","{""courier_id"": 5, ""order_ids"": [181, 183], ""bundle_size"": 2, ""has_relay"": false}"
12513,PICKUP_SERVICE_START,Courier 7 starting pickup service (90s),"{""courier_id"": 7, ""service_time"": 90}"
12520,ORDER_PLACED,Order 186 placed,"{""order_id"": 186, ""restaurant_id"": 6}"
12523,PICKUP_SERVICE_START,Courier 3 starting pickup service (90s),"{""courier_id"": 3, ""service_time"": 90}"
12534,ORDER_PLACED,Order 187 placed,"{""order_id"": 187, ""restaurant_id"": 1}"
12553,ORDER_DELIVERED,Order 164 delivered by courier 1,"{""order_id"": 164, ""courier_id"": 1, ""click_to_door"": 1281.6505243845495, ""ready_to_door"": 981.6505243845495}"
12553,COURIER_IDLE,Courier 1 is now idle,"{""courier_id"": 1}"
12570,ASSIGNMENT_MADE,Courier 1 assigned orders [184],"{""courier_id"": 1, ""order_ids"": [184], ""bundle_size"": 1, ""has_relay"": false}"
12573,ORDER_PLACED,Order 188 placed,"{""order_id"": 188, ""restaurant_id"": 5}"
12575,ORDER_DELIVERED,Order 158 delivered by courier 6,"{""order_id"": 158, ""courier_id"": 6, ""click_to_door"": 1598.863933785, ""ready_to_door"": 1298.863933785}"
12575,COURIER_IDLE,Courier 6 is now idle,"{""courier_id"": 6}"
12583,ORDER_PLACED,Order 189 placed,"{""order_id"": 189, ""restaurant_id"": 1}"
12600,ASSIGNMENT_MADE,"Courier 6 assigned orders [179, 182]","{""courier_id"": 6, ""order_ids"": [179, 182], ""bundle_size"": 2, ""has_relay"": false}"
12603,ORDER_PICKED_UP,Order 172 picked up by courier 7,"{""order_id"": 172, ""courier_id"": 7}"
12603,ORDER_PICKED_UP,Order 173 picked up by courier 7,"{""order_id"": 173, ""courier_id"": 7}"
12603,ROUTE_OPTIMIZED,Courier 7 route optimized: 2 dropoffs reordered,"{""courier_id"": 7, ""original_sequence"": [172, 173], ""optimized_sequence"": []}"
12603,COURIER_DELIVERING,Courier 7 heading to first dropoff (optimized),"{""courier_id"": 7, ""order_ids"": []}"
12613,ORDER_PICKED_UP,Order 177 picked up by courier 3,"{""order_id"": 177, ""courier_id"": 3}"
12613,ORDER_PICKED_UP,Order 178 picked up by courier 3,"{""order_id"": 178, ""courier_id"": 3}"
12613,ROUTE_OPTIMIZED,Courier 3 route optimized: 2 dropoffs reordered,"{""courier_id"": 3, ""original_sequence"": [177, 178], ""optimized_sequence"": []}"
12613,COURIER_DELIVERING,Courier 3 heading to first dropoff (optimized),"{""courier_id"": 3, ""order_ids"": []}"
12644,ORDER_DELIVERED,Order 152 delivered by courier 2,"{""order_id"": 152, ""courier_id"": 2, ""click_to_door"": 1958.303007984974, ""ready_to_door"": 1658.303007984974}"
12646,ORDER_DELIVERED,Order 165 delivered by courier 4,"{""order_id"": 165, ""courier_id"": 4, ""click_to_door"": 1227.3707231944372, ""ready_to_door"": 927.3707231944372}"
12664,ORDER_DELIVERED,Order 178 delivered by courier 3,"{""order_id"": 178, ""courier_id"": 3, ""click_to_door"": 614.6392352273378, ""ready_to_door"": 314.63923522733785}"
12706,PICKUP_SERVICE_START,Courier 6 starting pickup service (90s),"{""courier_id"": 6, ""service_time"": 90}"
12707,ORDER_DELIVERED,Order 174 delivered by courier 0,"{""order_id"": 174, ""courier_id"": 0, ""click_to_door"": 897.5809828408364, ""ready_to_door"": 597.5809828408364}"
12707,COURIER_IDLE,Courier 0 is now idle,"{""courier_id"": 0}"
12711,PICKUP_SERVICE_START,Courier 1 starting pickup service (90s),"{""courier_id"": 1, ""service_time"": 90}"
12720,ASSIGNMENT_MADE,"Courier 0 assigned orders [155, 171]","{""courier_id"": 0, ""order_ids"": [155, 171], ""bundle_size"": 2, ""has_relay"": false}"
12740,PICKUP_SERVICE_START,Courier 5 starting pickup service (90s),"{""courier_id"": 5, ""service_time"": 90}"
12751,ORDER_READY,Order 185 is ready for pickup,"{""order_id"": 185}"
12755,ORDER_PLACED,Order 190 placed,"{""order_id"": 190, ""restaurant_id"": 2}"
12763,ORDER_PLACED,Order 191 placed,"{""order_id"": 191, ""restaurant_id"": 3}"
12776,PICKUP_SERVICE_START,Courier 0 starting pickup service (90s),"{""courier_id"": 0, ""service_time"": 90}"
12784,ORDER_PLACED,Order 192 placed,"{""order_id"": 192, ""restaurant_id"": 7}"
12796,ORDER_PICKED_UP,Order 179 picked up by courier 6,"{""order_id"": 179, ""courier_id"": 6}"
12796,ORDER_PICKED_UP,Order 182 picked up by courier 6,"{""order_id"": 182, ""courier_id"": 6}"
12796,ROUTE_OPTIMIZED,Courier 6 route optimized: 2 dropoffs reordered,"{""courier_id"": 6, ""original_sequence"": [179, 182], ""optimized_sequence"": []}"
12796,COURIER_DELIVERING,Courier 6 heading to first dropoff (optimized),"{""courier_id"": 6, ""order_ids"": []}"
12801,ORDER_PICKED_UP,Order 184 picked up by courier 1,"{""order_id"": 184, ""courier_id"": 1}"
12801,COURIER_DELIVERING,Courier 1 heading to first dropoff (optimized),"{""courier_id"": 1, ""order_ids"": []}"
12820,ORDER_READY,Order 186 is ready for pickup,"{""order_id"": 186}"
12825,ORDER_DELIVERED,Order 172 delivered by courier 7,"{""order_id"": 172, ""courier_id"": 7, ""click_to_door"": 1109.7645913299275, ""ready_to_door"": 809.7645913299275}"
12830,ORDER_PICKED_UP,Order 181 picked up by courier 5,"{""order_id"": 181, ""courier_id"": 5}"
12830,ORDER_PICKED_UP,Order 183 picked up by courier 5,"{""order_id"": 183, ""courier_id"": 5}"
12830,ROUTE_OPTIMIZED,Courier 5 route optimized: 2 dropoffs reordered,"{""courier_id"": 5, ""original_sequence"": [181, 183], ""optimized_sequence"": []}"
12830,COURIER_DELIVERING,Courier 5 heading to first dropoff (optimized),"{""courier_id"": 5, ""order_ids"": []}"
12833,ORDER_DELIVERED,Order 153 delivered by courier 2,"{""order_id"": 153, ""courier_id"": 2, ""click_to_door"": 2108.1359910648825, ""ready_to_door"": 1808.1359910648825}"
12833,COURIER_IDLE,Courier 2 is now idle,"{""courier_id"": 2}"
12834,ORDER_READY,Order 187 is ready for pickup,"{""order_id"": 187}"
12840,ASSIGNMENT_MADE,Courier 2 assigned orders [186],"{""courier_id"": 2, ""order_ids"": [186], ""bundle_size"": 1, ""has_relay"": false}"
12853,PICKUP_SERVICE_START,Courier 2 starting pickup service (90s),"{""courier_id"": 2, ""service_time"": 90}"
12866,ORDER_PICKED_UP,Order 155 picked up by courier 0,"{""order_id"": 155, ""courier_id"": 0}"
12866,ORDER_PICKED_UP,Order 171 picked up by courier 0,"{""order_id"": 171, ""courier_id"": 0}"
12866,ROUTE_OPTIMIZED,Courier 0 route optimized: 2 dropoffs reordered,"{""courier_id"": 0, ""original_sequence"": [155, 171], ""optimized_sequence"": []}"
12866,COURIER_DELIVERING,Courier 0 heading to first dropoff (optimized),"{""courier_id"": 0, ""order_ids"": []}"
12873,ORDER_READY,Order 188 is ready for pickup,"{""order_id"": 188}"
12883,ORDER_READY,Order 189 is ready for pickup,"{""order_id"": 189}"
12916,ORDER_PLACED,Order 193 placed,"{""order_id"": 193, ""restaurant_id"": 3}"
12943,ORDER_PICKED_UP,Order 186 picked up by courier 2,"{""order_id"": 186, ""courier_id"": 2}"
12943,COURIER_DELIVERING,Courier 2 heading to first dropoff (optimized),"{""courier_id"": 2, ""order_ids"": []}"
12966,ORDER_DELIVERED,Order 157 delivered by courier 4,"{""order_id"": 157, ""courier_id"": 4, ""click_to_door"": 1991.5878825461477, ""ready_to_door"": 1691.5878825461477}"
12966,COURIER_IDLE,Courier 4 is now idle,"{""courier_id"": 4}"
12966,ORDER_DELIVERED,Order 173 delivered by courier 7,"{""order_id"": 173, ""courier_id"": 7, ""click_to_door"": 1176.374976021425, ""ready_to_door"": 876.374976021425}"
12966,COURIER_IDLE,Courier 7 is now idle,"{""courier_id"": 7}"
12971,ORDER_DELIVERED,Order 181 delivered by courier 5,"{""order_id"": 181, ""courier_id"": 5, ""click_to_door"": 814.4111380196919, ""ready_to_door"": 514.4111380196919}"
12985,ORDER_PLACED,Order 194 placed,"{""order_id"": 194, ""restaurant_id"": 2}"
12990,ASSIGNMENT_MADE,"Courier 4 assigned orders [185, 187, 189]","{""courier_id"": 4, ""order_ids"": [185, 187, 189], ""bundle_size"": 3, ""has_relay"": false}"
12990,ASSIGNMENT_MADE,"Courier 7 assigned orders [175, 188]","{""courier_id"": 7, ""order_ids"": [175, 188], ""bundle_size"": 2, ""has_relay"": false}"
12994,ORDER_DELIVERED,Order 177 delivered by courier 3,"{""order_id"": 177, ""courier_id"": 3, ""click_to_door"": 971.8238091726107, ""ready_to_door"": 671.8238091726107}"
12994,COURIER_IDLE,Courier 3 is now idle,"{""courier_id"": 3}"
13002,ORDER_PLACED,Order 195 placed,"{""order_id"": 195, ""restaurant_id"": 3}"
13020,ASSIGNMENT_MADE,"Courier 3 assigned orders [169, 170, 176]","{""courier_id"": 3, ""order_ids"": [169, 170, 176], ""bundle_size"": 3, ""has_relay"": false}"
13033,ORDER_PLACED,Order 196 placed,"{""order_id"": 196, ""restaurant_id"": 0}"
13055,ORDER_READY,Order 190 is ready for pickup,"{""order_id"": 190}"
13063,ORDER_READY,Order 191 is ready for pickup,"{""order_id"": 191}"
13064,ORDER_PLACED,Order 197 placed,"{""order_id"": 197, ""restaurant_id"": 5}"
13079,ORDER_PLACED,Order 198 placed,"{""order_id"": 198, ""restaurant_id"": 6}"
13084,ORDER_READY,Order 192 is ready for pickup,"{""order_id"": 192}"
13088,ORDER_DELIVERED,Order 184 delivered by courier 1,"{""order_id"": 184, ""courier_id"": 1, ""click_to_door"": 880.0340149342173, ""ready_to_door"": 580.0340149342173}"
13088,COURIER_IDLE,Courier 1 is now idle,"{""courier_id"": 1}"
13089,ORDER_DELIVERED,Order 186 delivered by courier 2,"{""order_id"": 186, ""courier_id"": 2, ""click_to_door"": 569.043751056628, ""ready_to_door"": 269.043751056628}"
13089,COURIER_IDLE,Courier 2 is now idle,"{""courier_id"": 2}"
13100,PICKUP_SERVICE_START,Courier 7 starting pickup service (90s),"{""courier_id"": 7, ""service_time"": 90}"
13104,ORDER_PLACED,Order 199 placed,"{""order_id"": 199, ""restaurant_id"": 7}"
13107,ORDER_PLACED,Order 200 placed,"{""order_id"": 200, ""restaurant_id"": 6}"
13110,ASSIGNMENT_MADE,Courier 1 assigned orders [191],"{""courier_id"": 1, ""order_ids"": [191], ""bundle_size"": 1, ""has_relay"": false}"
13110,ASSIGNMENT_MADE,Courier 2 assigned orders [192],"{""courier_id"": 2, ""order_ids"": [192], ""bundle_size"": 1, ""has_relay"": false}"
13113,ORDER_DELIVERED,Order 183 delivered by courier 5,"{""order_id"": 183, ""courier_id"": 5, ""click_to_door"": 925.776016235397, ""ready_to_door"": 625.776016235397}"
13113,COURIER_IDLE,Courier 5 is now idle,"{""courier_id"": 5}"
13114,ORDER_DELIVERED,Order 182 delivered by courier 6,"{""order_id"": 182, ""courier_id"": 6, ""click_to_door"": 935.221834960601, ""ready_to_door"": 635.221834960601}"
13140,ASSIGNMENT_MADE,"Courier 5 assigned orders [180, 190]","{""courier_id"": 5, ""order_ids"": [180, 190], ""bundle_size"": 2, ""has_relay"": false}"
13148,ORDER_DELIVERED,Order 171 delivered by courier 0,"{""order_id"": 171, ""courier_id"": 0, ""click_to_door"": 1468.2200635169374, ""ready_to_door"": 1168.2200635169374}"
13171,ORDER_PLACED,Order 201 placed,"{""order_id"": 201, ""restaurant_id"": 3}"
13175,ORDER_PLACED,Order 202 placed,"{""order_id"": 202, ""restaurant_id"": 7}"
13181,ORDER_PLACED,Order 203 placed,"{""order_id"": 203, ""restaurant_id"": 1}"
13187,ORDER_PLACED,Order 204 placed,"{""order_id"": 204, ""restaurant_id"": 6}"
13190,ORDER_PICKED_UP,Order 175 picked up by courier 7,"{""order_id"": 175, ""courier_id"": 7}"
13190,ORDER_PICKED_UP,Order 188 picked up by courier 7,"{""order_id"": 188, ""courier_id"": 7}"
13190,ROUTE_OPTIMIZED,Courier 7 route optimized: 2 dropoffs reordered,"{""courier_id"": 7, ""original_sequence"": [175, 188], ""optimized_sequence"": []}"
13190,COURIER_DELIVERING,Courier 7 heading to first dropoff (optimized),"{""courier_id"": 7, ""order_ids"": []}"
13199,ORDER_PLACED,Order 205 placed,"{""order_id"": 205, ""restaurant_id"": 5}"
13207,ORDER_PLACED,Order 206 placed,"{""order_id"": 206, ""restaurant_id"": 1}"
13216,ORDER_READY,Order 193 is ready for pickup,"{""order_id"": 193}"
13259,PICKUP_SERVICE_START,Courier 1 starting pickup service (90s),"{""courier_id"": 1, ""service_time"": 90}"
13270,ORDER_PLACED,Order 207 placed,"{""order_id"": 207, ""restaurant_id"": 5}"
13285,ORDER_READY,Order 194 is ready for pickup,"{""order_id"": 194}"
13295,PICKUP_SERVICE_START,Courier 4 starting pickup service (90s),"{""courier_id"": 4, ""service_time"": 90}"
13296,ORDER_PLACED,Order 208 placed,"{""order_id"": 208, ""restaurant_id"": 1}"
13302,ORDER_READY,Order 195 is ready for pickup,"{""order_id"": 195}"
13333,ORDER_READY,Order 196 is ready for pickup,"{""order_id"": 196}"
13349,ORDER_PICKED_UP,Order 191 picked up by courier 1,"{""order_id"": 191, ""courier_id"": 1}"
13349,COURIER_DELIVERING,Courier 1 heading to first dropoff (optimized),"{""courier_id"": 1, ""order_ids"": []}"
13350,PICKUP_SERVICE_START,Courier 2 starting pickup service (90s),"{""courier_id"": 2, ""service_time"": 90}"
13364,ORDER_READY,Order 197 is ready for pickup,"{""order_id"": 197}"
13368,ORDER_PLACED,Order 209 placed,"{""order_id"": 209, ""restaurant_id"": 6}"
13379,ORDER_READY,Order 198 is ready for pickup,"{""order_id"": 198}"
13385,ORDER_PICKED_UP,Order 185 picked up by courier 4,"{""order_id"": 185, ""courier_id"": 4}"
13385,ORDER_PICKED_UP,Order 187 picked up by courier 4,"{""order_id"": 187, ""courier_id"": 4}"
13385,ORDER_PICKED_UP,Order 189 picked up by courier 4,"{""order_id"": 189, ""courier_id"": 4}"
13385,ROUTE_OPTIMIZED,Courier 4 route optimized: 3 dropoffs reordered,"{""courier_id"": 4, ""original_sequence"": [185, 187, 189], ""optimized_sequence"": []}"
13385,COURIER_DELIVERING,Courier 4 heading to first dropoff (optimized),"{""courier_id"": 4, ""order_ids"": []}"
13387,ORDER_DELIVERED,Order 179 delivered by courier 6,"{""order_id"": 179, ""courier_id"": 6, ""click_to_door"": 1282.5897528440237, ""ready_to_door"": 982.5897528440237}"
13387,COURIER_IDLE,Courier 6 is now idle,"{""courier_id"": 6}"
13397,ORDER_DELIVERED,Order 155 delivered by courier 0,"{""order_id"": 155, ""courier_id"": 0, ""click_to_door"": 2443.4179632923133, ""ready_to_door"": 2143.4179632923133}"
13397,COURIER_IDLE,Courier 0 is now idle,"{""courier_id"": 0}"
13402,ORDER_PLACED,Order 210 placed,"{""order_id"": 210, ""restaurant_id"": 5}"
13404,ORDER_READY,Order 199 is ready for pickup,"{""order_id"": 199}"
13407,ORDER_READY,Order 200 is ready for pickup,"{""order_id"": 200}"
13410,ASSIGNMENT_MADE,Courier 0 assigned orders [197],"{""courier_id"": 0, ""order_ids"": [197], ""bundle_size"": 1, ""has_relay"": false}"
13410,ASSIGNMENT_MADE,Courier 6 assigned orders [196],"{""courier_id"": 6, ""order_ids"": [196], ""bundle_size"": 1, ""has_relay"": false}"
13440,ORDER_PICKED_UP,Order 192 picked up by courier 2,"{""order_id"": 192, ""courier_id"": 2}"
13440,COURIER_DELIVERING,Courier 2 heading to first dropoff (optimized),"{""courier_id"": 2, ""order_ids"": []}"
13457,PICKUP_SERVICE_START,Courier 3 starting pickup service (90s),"{""courier_id"": 3, ""service_time"": 90}"
13469,PICKUP_SERVICE_START,Courier 0 starting pickup service (90s),"{""courier_id"": 0, ""service_time"": 90}"
13471,ORDER_READY,Order 201 is ready for pickup,"{""order_id"": 201}"
13475,ORDER_READY,Order 202 is ready for pickup,"{""order_id"": 202}"
13481,ORDER_READY,Order 203 is ready for pickup,"{""order_id"": 203}"
13487,ORDER_READY,Order 204 is ready for pickup,"{""order_id"": 204}"
13497,ORDER_PLACED,Order 211 placed,"{""order_id"": 211, ""restaurant_id"": 4}"
13499,ORDER_READY,Order 205 is ready for pickup,"{""order_id"": 205}"
13506,ORDER_DELIVERED,Order 188 delivered by courier 7,"{""order_id"": 188, ""courier_id"": 7, ""click_to_door"": 933.6942397268103, ""ready_to_door"": 633.6942397268103}"
13507,ORDER_READY,Order 206 is ready for pickup,"{""order_id"": 206}"
13547,ORDER_PICKED_UP,Order 169 picked up by courier 3,"{""order_id"": 169, ""courier_id"": 3}"
13547,ORDER_PICKED_UP,Order 170 picked up by courier 3,"{""order_id"": 170, ""courier_id"": 3}"
13547,ORDER_PICKED_UP,Order 176 picked up by courier 3,"{""order_id"": 176, ""courier_id"": 3}"
13547,ROUTE_OPTIMIZED,Courier 3 route optimized: 3 dropoffs reordered,"{""courier_id"": 3, ""original_sequence"": [169, 170, 176], ""optimized_sequence"": []}"
13547,COURIER_DELIVERING,Courier 3 heading to first dropoff (optimized),"{""courier_id"": 3, ""order_ids"": []}"
13559,ORDER_PICKED_UP,Order 197 picked up by courier 0,"{""order_id"": 197, ""courier_id"": 0}"
13559,COURIER_DELIVERING,Courier 0 heading to first dropoff (optimized),"{""courier_id"": 0, ""order_ids"": []}"
13563,ORDER_DELIVERED,Order 191 delivered by courier 1,"{""order_id"": 191, ""courier_id"": 1, ""click_to_door"": 800.4705868511392, ""ready_to_door"": 500.47058685113916}"
13563,COURIER_IDLE,Courier 1 is now idle,"{""courier_id"": 1}"
13569,ORDER_PLACED,Order 212 placed,"{""order_id"": 212, ""restaurant_id"": 5}"
13570,ORDER_READY,Order 207 is ready for pickup,"{""order_id"": 207}"
13577,ORDER_DELIVERED,Order 189 delivered by courier 4,"{""order_id"": 189, ""courier_id"": 4, ""click_to_door"": 994.9283617986166, ""ready_to_door"": 694.9283617986166}"
13583,ORDER_DELIVERED,Order 192 delivered by courier 2,"{""order_id"": 192, ""courier_id"": 2, ""click_to_door"": 799.0459696373218, ""ready_to_door"": 499.04596963732183}"
13583,COURIER_IDLE,Courier 2 is now idle,"{""courier_id"": 2}"
13590,ASSIGNMENT_MADE,"Courier 1 assigned orders [199, 202]","{""courier_id"": 1, ""order_ids"": [199, 202], ""bundle_size"": 2, ""has_relay"": false}"
13590,ASSIGNMENT_MADE,"Courier 2 assigned orders [205, 207]","{""courier_id"": 2, ""order_ids"": [205, 207], ""bundle_size"": 2, ""has_relay"": false}"
13596,ORDER_READY,Order 208 is ready for pickup,"{""order_id"": 208}"
13633,PICKUP_SERVICE_START,Courier 5 starting pickup service (90s),"{""courier_id"": 5, ""service_time"": 90}"
13652,PICKUP_SERVICE_START,Courier 6 starting pickup service (90s),"{""courier_id"": 6, ""service_time"": 90}"
13664,ORDER_DELIVERED,Order 175 delivered by courier 7,"{""order_id"": 175, ""courier_id"": 7, ""click_to_door"": 1744.1550510681463, ""ready_to_door"": 1444.1550510681463}"
13664,COURIER_IDLE,Courier 7 is now idle,"{""courier_id"": 7}"
13668,ORDER_READY,Order 209 is ready for pickup,"{""order_id"": 209}"
13678,PICKUP_SERVICE_START,Courier 1 starting pickup service (90s),"{""courier_id"": 1, ""service_time"": 90}"
13680,ASSIGNMENT_MADE,"Courier 7 assigned orders [193, 195, 201]","{""courier_id"": 7, ""order_ids"": [193, 195, 201], ""bundle_size"": 3, ""has_relay"": false}"
13687,ORDER_DELIVERED,Order 176 delivered by courier 3,"{""order_id"": 176, ""courier_id"": 3, ""click_to_door"": 1764.6277223203706, ""ready_to_door"": 1464.6277223203706}"
13702,ORDER_READY,Order 210 is ready for pickup,"{""order_id"": 210}"
13712,ORDER_PLACED,Order 213 placed,"{""order_id"": 213, ""restaurant_id"": 3}"
13722,ORDER_DELIVERED,Order 187 delivered by courier 4,"{""order_id"": 187, ""courier_id"": 4, ""click_to_door"": 1188.9760776434978, ""ready_to_door"": 888.9760776434978}"
13723,ORDER_PICKED_UP,Order 180 picked up by courier 5,"{""order_id"": 180, ""courier_id"": 5}"
13723,ORDER_PICKED_UP,Order 190 picked up by courier 5,"{""order_id"": 190, ""courier_id"": 5}"
13723,ROUTE_OPTIMIZED,Courier 5 route optimized: 2 dropoffs reordered,"{""courier_id"": 5, ""original_sequence"": [180, 190], ""optimized_sequence"": []}"
13723,COURIER_DELIVERING,Courier 5 heading to first dropoff (optimized),"{""courier_id"": 5, ""order_ids"": []}"
13728,PICKUP_SERVICE_START,Courier 2 starting pickup service (90s),"{""courier_id"": 2, ""service_time"": 90}"
13742,ORDER_PICKED_UP,Order 196 picked up by courier 6,"{""order_id"": 196, ""courier_id"": 6}"
13742,COURIER_DELIVERING,Courier 6 heading to first dropoff (optimized),"{""courier_id"": 6, ""order_ids"": []}"
13768,ORDER_PICKED_UP,Order 199 picked up by courier 1,"{""order_id"": 199, ""courier_id"": 1}"
13768,ORDER_PICKED_UP,Order 202 picked up by courier 1,"{""order_id"": 202, ""courier_id"": 1}"
13768,ROUTE_OPTIMIZED,Courier 1 route optimized: 2 dropoffs reordered,"{""courier_id"": 1, ""original_sequence"": [199, 202], ""optimized_sequence"": []}"
13768,COURIER_DELIVERING,Courier 1 heading to first dropoff (optimized),"{""courier_id"": 1, ""order_ids"": []}"
13769,ORDER_PLACED,Order 214 placed,"{""order_id"": 214, ""restaurant_id"": 3}"
13797,ORDER_READY,Order 211 is ready for pickup,"{""order_id"": 211}"
13818,ORDER_PICKED_UP,Order 205 picked up by courier 2,"{""order_id"": 205, ""courier_id"": 2}"
13818,ORDER_PICKED_UP,Order 207 picked up by courier 2,"{""order_id"": 207, ""courier_id"": 2}"
13818,ROUTE_OPTIMIZED,Courier 2 route optimized: 2 dropoffs reordered,"{""courier_id"": 2, ""original_sequence"": [205, 207], ""optimized_sequence"": []}"
13818,COURIER_DELIVERING,Courier 2 heading to first dropoff (optimized),"{""courier_id"": 2, ""order_ids"": []}"
13825,ORDER_DELIVERED,Order 197 delivered by courier 0,"{""order_id"": 197, ""courier_id"": 0, ""click_to_door"": 761.0927990362288, ""ready_to_door"": 461.0927990362288}"
13825,COURIER_IDLE,Courier 0 is now idle,"{""courier_id"": 0}"
13830,ASSIGNMENT_MADE,Courier 0 assigned orders [211],"{""courier_id"": 0, ""order_ids"": [211], ""bundle_size"": 1, ""has_relay"": false}"
13831,PICKUP_SERVICE_START,Courier 7 starting pickup service (90s),"{""courier_id"": 7, ""service_time"": 90}"
13857,ORDER_DELIVERED,Order 169 delivered by courier 3,"{""order_id"": 169, ""courier_id"": 3, ""click_to_door"": 2224.888665825656, ""ready_to_door"": 1924.888665825656}"
13869,ORDER_READY,Order 212 is ready for pickup,"{""order_id"": 212}"
13892,ORDER_PLACED,Order 215 placed,"{""order_id"": 215, ""restaurant_id"": 7}"
13917,ORDER_PLACED,Order 216 placed,"{""order_id"": 216, ""restaurant_id"": 2}"
13921,ORDER_PICKED_UP,Order 193 picked up by courier 7,"{""order_id"": 193, ""courier_id"": 7}"
13921,ORDER_PICKED_UP,Order 195 picked up by courier 7,"{""order_id"": 195, ""courier_id"": 7}"
13921,ORDER_PICKED_UP,Order 201 picked up by courier 7,"{""order_id"": 201, ""courier_id"": 7}"
13921,ROUTE_OPTIMIZED,Courier 7 route optimized: 3 dropoffs reordered,"{""courier_id"": 7, ""original_sequence"": [193, 195, 201], ""optimized_sequence"": []}"
13921,COURIER_DELIVERING,Courier 7 heading to first dropoff (optimized),"{""courier_id"": 7, ""order_ids"": []}"
13956,ORDER_PLACED,Order 217 placed,"{""order_id"": 217, ""restaurant_id"": 6}"
13976,ORDER_PLACED,Order 218 placed,"{""order_id"": 218, ""restaurant_id"": 5}"
13983,PICKUP_SERVICE_START,Courier 0 starting pickup service (90s),"{""courier_id"": 0, ""service_time"": 90}"
14001,ORDER_PLACED,Order 219 placed,"{""order_id"": 219, ""restaurant_id"": 1}"
14008,ORDER_DELIVERED,Order 185 delivered by courier 4,"{""order_id"": 185, ""courier_id"": 4, ""click_to_door"": 1557.5028265253131, ""ready_to_door"": 1257.5028265253131}"
14008,COURIER_IDLE,Courier 4 is now idle,"{""courier_id"": 4}"
14010,ASSIGNMENT_MADE,"Courier 4 assigned orders [210, 212]","{""courier_id"": 4, ""order_ids"": [210, 212], ""bundle_size"": 2, ""has_relay"": false}"
14012,ORDER_READY,Order 213 is ready for pickup,"{""order_id"": 213}"
14049,ORDER_DELIVERED,Order 195 delivered by courier 7,"{""order_id"": 195, ""courier_id"": 7, ""click_to_door"": 1047.010721796758, ""ready_to_door"": 747.0107217967579}"
14069,ORDER_READY,Order 214 is ready for pickup,"{""order_id"": 214}"
14073,ORDER_PICKED_UP,Order 211 picked up by courier 0,"{""order_id"": 211, ""courier_id"": 0}"
14073,COURIER_DELIVERING,Courier 0 heading to first dropoff (optimized),"{""courier_id"": 0, ""order_ids"": []}"
14087,ORDER_DELIVERED,Order 202 delivered by courier 1,"{""order_id"": 202, ""courier_id"": 1, ""click_to_door"": 912.1288527330416, ""ready_to_door"": 612.1288527330416}"
14132,ORDER_DELIVERED,Order 211 delivered by courier 0,"{""order_id"": 211, ""courier_id"": 0, ""click_to_door"": 635.382745659892, ""ready_to_door"": 335.38274565989195}"
14132,COURIER_IDLE,Courier 0 is now idle,"{""courier_id"": 0}"
14132,ORDER_DELIVERED,Order 170 delivered by courier 3,"{""order_id"": 170, ""courier_id"": 3, ""click_to_door"": 2487.8848507902185, ""ready_to_door"": 2187.8848507902185}"
14132,COURIER_IDLE,Courier 3 is now idle,"{""courier_id"": 3}"
14140,ORDER_DELIVERED,Order 180 delivered by courier 5,"{""order_id"": 180, ""courier_id"": 5, ""click_to_door"": 2026.6502396544056, ""ready_to_door"": 1726.6502396544056}"
14141,ORDER_DELIVERED,Order 205 delivered by courier 2,"{""order_id"": 205, ""courier_id"": 2, ""click_to_door"": 942.1831054674076, ""ready_to_door"": 642.1831054674076}"
14142,ORDER_PLACED,Order 220 placed,"{""order_id"": 220, ""restaurant_id"": 4}"
14150,ORDER_PLACED,Order 221 placed,"{""order_id"": 221, ""restaurant_id"": 2}"
14152,ORDER_DELIVERED,Order 196 delivered by courier 6,"{""order_id"": 196, ""courier_id"": 6, ""click_to_door"": 1119.6753356005738, ""ready_to_door"": 819.6753356005738}"
14152,COURIER_IDLE,Courier 6 is now idle,"{""courier_id"": 6}"
14160,ASSIGNMENT_MADE,"Courier 0 assigned orders [203, 206, 208]","{""courier_id"": 0, ""order_ids"": [203, 206, 208], ""bundle_size"": 3, ""has_relay"": false}"
14160,ASSIGNMENT_MADE,"Courier 3 assigned orders [213, 214]","{""courier_id"": 3, ""order_ids"": [213, 214], ""bundle_size"": 2, ""has_relay"": false}"
14160,ASSIGNMENT_MADE,"Courier 6 assigned orders [198, 200, 204]","{""courier_id"": 6, ""order_ids"": [198, 200, 204], ""bundle_size"": 3, ""has_relay"": false}"
14192,ORDER_READY,Order 215 is ready for pickup,"{""order_id"": 215}"
14204,ORDER_PLACED,Order 222 placed,"{""order_id"": 222, ""restaurant_id"": 0}"
14204,PICKUP_SERVICE_START,Courier 6 starting pickup service (90s),"{""courier_id"": 6, ""service_time"": 90}"
14217,ORDER_READY,Order 216 is ready for pickup,"{""order_id"": 216}"
14233,PICKUP_SERVICE_START,Courier 3 starting pickup service (90s),"{""courier_id"": 3, ""service_time"": 90}"
14256,ORDER_READY,Order 217 is ready for pickup,"{""order_id"": 217}"
14275,ORDER_DELIVERED,Order 201 delivered by courier 7,"{""order_id"": 201, ""courier_id"": 7, ""click_to_door"": 1104.4069625509565, ""ready_to_door"": 804.4069625509565}"
14276,ORDER_READY,Order 218 is ready for pickup,"{""order_id"": 218}"
14294,ORDER_PICKED_UP,Order 198 picked up by courier 6,"{""order_id"": 198, ""courier_id"": 6}"
14294,ORDER_PICKED_UP,Order 200 picked up by courier 6,"{""order_id"": 200, ""courier_id"": 6}"
14294,ORDER_PICKED_UP,Order 204 picked up by courier 6,"{""order_id"": 204, ""courier_id"": 6}"
14294,ROUTE_OPTIMIZED,Courier 6 route optimized: 3 dropoffs reordered,"{""courier_id"": 6, ""original_sequence"": [198, 200, 204], ""optimized_sequence"": []}"
14294,COURIER_DELIVERING,Courier 6 heading to first dropoff (optimized),"{""courier_id"": 6, ""order_ids"": []}"
14301,ORDER_READY,Order 219 is ready for pickup,"{""order_id"": 219}"
14311,ORDER_DELIVERED,Order 199 delivered by courier 1,"{""order_id"": 199, ""courier_id"": 1, ""click_to_door"": 1207.493252790291, ""ready_to_door"": 907.4932527902911}"
14311,COURIER_IDLE,Courier 1 is now idle,"{""courier_id"": 1}"
14323,ORDER_PICKED_UP,Order 213 picked up by courier 3,"{""order_id"": 213, ""courier_id"": 3}"
14323,ORDER_PICKED_UP,Order 214 picked up by courier 3,"{""order_id"": 214, ""courier_id"": 3}"
14323,ROUTE_OPTIMIZED,Courier 3 route optimized: 2 dropoffs reordered,"{""courier_id"": 3, ""original_sequence"": [213, 214], ""optimized_sequence"": []}"
14323,COURIER_DELIVERING,Courier 3 heading to first dropoff (optimized),"{""courier_id"": 3, ""order_ids"": []}"
14325,PICKUP_SERVICE_START,Courier 0 starting pickup service (90s),"{""courier_id"": 0, ""service_time"": 90}"
14325,PICKUP_SERVICE_START,Courier 4 starting pickup service (90s),"{""courier_id"": 4, ""service_time"": 90}"
14340,ASSIGNMENT_MADE,Courier 1 assigned orders [219],"{""courier_id"": 1, ""order_ids"": [219], ""bundle_size"": 1, ""has_relay"": false}"
14368,ORDER_PLACED,Order 223 placed,"{""order_id"": 223, ""restaurant_id"": 2}"
14369,ORDER_DELIVERED,Order 190 delivered by courier 5,"{""order_id"": 190, ""courier_id"": 5, ""click_to_door"": 1614.2348856819863, ""ready_to_door"": 1314.2348856819863}"
14369,COURIER_IDLE,Courier 5 is now idle,"{""courier_id"": 5}"
14370,ASSIGNMENT_MADE,Courier 5 assigned orders [215],"{""courier_id"": 5, ""order_ids"": [215], ""bundle_size"": 1, ""has_relay"": false}"
14372,ORDER_PLACED,Order 224 placed,"{""order_id"": 224, ""restaurant_id"": 5}"
14375,ORDER_DELIVERED,Order 214 delivered by courier 3,"{""order_id"": 214, ""courier_id"": 3, ""click_to_door"": 606.4804677867105, ""ready_to_door"": 306.4804677867105}"
14385,ORDER_DELIVERED,Order 207 delivered by courier 2,"{""order_id"": 207, ""courier_id"": 2, ""click_to_door"": 1115.7137396134458, ""ready_to_door"": 815.7137396134458}"
14385,COURIER_IDLE,Courier 2 is now idle,"{""courier_id"": 2}"
14394,ORDER_PLACED,Order 225 placed,"{""order_id"": 225, ""restaurant_id"": 1}"
14400,ASSIGNMENT_MADE,Courier 2 assigned orders [218],"{""courier_id"": 2, ""order_ids"": [218], ""bundle_size"": 1, ""has_relay"": false}"
14415,ORDER_PLACED,Order 226 placed,"{""order_id"": 226, ""restaurant_id"": 4}"
14415,ORDER_PICKED_UP,Order 203 picked up by courier 0,"{""order_id"": 203, ""courier_id"": 0}"
14415,ORDER_PICKED_UP,Order 206 picked up by courier 0,"{""order_id"": 206, ""courier_id"": 0}"
14415,ORDER_PICKED_UP,Order 208 picked up by courier 0,"{""order_id"": 208, ""courier_id"": 0}"
14415,ROUTE_OPTIMIZED,Courier 0 route optimized: 3 dropoffs reordered,"{""courier_id"": 0, ""original_sequence"": [203, 206, 208], ""optimized_sequence"": []}"
14415,COURIER_DELIVERING,Courier 0 heading to first dropoff (optimized),"{""courier_id"": 0, ""order_ids"": []}"
14415,ORDER_PICKED_UP,Order 210 picked up by courier 4,"{""order_id"": 210, ""courier_id"": 4}"
14415,ORDER_PICKED_UP,Order 212 picked up by courier 4,"{""order_id"": 212, ""courier_id"": 4}"
14415,ROUTE_OPTIMIZED,Courier 4 route optimized: 2 dropoffs reordered,"{""courier_id"": 4, ""original_sequence"": [210, 212], ""optimized_sequence"": []}"
14415,COURIER_DELIVERING,Courier 4 heading to first dropoff (optimized),"{""courier_id"": 4, ""order_ids"": []}"
14416,PICKUP_SERVICE_START,Courier 5 starting pickup service (90s),"{""courier_id"": 5, ""service_time"": 90}"
14442,ORDER_READY,Order 220 is ready for pickup,"{""order_id"": 220}"
14450,ORDER_READY,Order 221 is ready for pickup,"{""order_id"": 221}"
14482,ORDER_DELIVERED,Order 193 delivered by courier 7,"{""order_id"": 193, ""courier_id"": 7, ""click_to_door"": 1566.2220579201385, ""ready_to_door"": 1266.2220579201385}"
14482,COURIER_IDLE,Courier 7 is now idle,"{""courier_id"": 7}"
14490,ASSIGNMENT_MADE,Courier 7 assigned orders [220],"{""courier_id"": 7, ""order_ids"": [220], ""bundle_size"": 1, ""has_relay"": false}"
14504,ORDER_READY,Order 222 is ready for pickup,"{""order_id"": 222}"
14505,PICKUP_SERVICE_START,Courier 1 starting pickup service (90s),"{""courier_id"": 1, ""service_time"": 90}"
14506,ORDER_PLACED,Order 227 placed,"{""order_id"": 227, ""restaurant_id"": 5}"
14506,ORDER_PICKED_UP,Order 215 picked up by courier 5,"{""order_id"": 215, ""courier_id"": 5}"
14506,COURIER_DELIVERING,Courier 5 heading to first dropoff (optimized),"{""courier_id"": 5, ""order_ids"": []}"
14506,ORDER_DELIVERED,Order 200 delivered by courier 6,"{""order_id"": 200, ""courier_id"": 6, ""click_to_door"": 1399.0949036769434, ""ready_to_door"": 1099.0949036769434}"
14532,ORDER_DELIVERED,Order 210 delivered by courier 4,"{""order_id"": 210, ""courier_id"": 4, ""click_to_door"": 1130.9618880829348, ""ready_to_door"": 830.9618880829348}"
14540,ORDER_PLACED,Order 228 placed,"{""order_id"": 228, ""restaurant_id"": 2}"
14558,ORDER_PLACED,Order 229 placed,"{""order_id"": 229, ""restaurant_id"": 3}"
14570,ORDER_DELIVERED,Order 215 delivered by courier 5,"{""order_id"": 215, ""courier_id"": 5, ""click_to_door"": 678.4106985072158, ""ready_to_door"": 378.4106985072158}"
14570,COURIER_IDLE,Courier 5 is now idle,"{""courier_id"": 5}"
14580,ASSIGNMENT_MADE,Courier 5 assigned orders [222],"{""courier_id"": 5, ""order_ids"": [222], ""bundle_size"": 1, ""has_relay"": false}"
14590,ORDER_DELIVERED,Order 206 delivered by courier 0,"{""order_id"": 206, ""courier_id"": 0, ""click_to_door"": 1383.2230590855306, ""ready_to_door"": 1083.2230590855306}"
14595,ORDER_PICKED_UP,Order 219 picked up by courier 1,"{""order_id"": 219, ""courier_id"": 1}"
14595,COURIER_DELIVERING,Courier 1 heading to first dropoff (optimized),"{""courier_id"": 1, ""order_ids"": []}"
14626,ORDER_DELIVERED,Order 213 delivered by courier 3,"{""order_id"": 213, ""courier_id"": 3, ""click_to_door"": 914.8164540196449, ""ready_to_door"": 614.8164540196449}"
14626,COURIER_IDLE,Courier 3 is now idle,"{""courier_id"": 3}"
14640,ASSIGNMENT_MADE,"Courier 3 assigned orders [209, 217]","{""courier_id"": 3, ""order_ids"": [209, 217], ""bundle_size"": 2, ""has_relay"": false}"
14668,ORDER_READY,Order 223 is ready for pickup,"{""order_id"": 223}"
14672,ORDER_READY,Order 224 is ready for pickup,"{""order_id"": 224}"
14680,ORDER_PLACED,Order 230 placed,"{""order_id"": 230, ""restaurant_id"": 1}"
14694,ORDER_READY,Order 225 is ready for pickup,"{""order_id"": 225}"
14705,ORDER_PLACED,Order 231 placed,"{""order_id"": 231, ""restaurant_id"": 3}"
14715,ORDER_READY,Order 226 is ready for pickup,"{""order_id"": 226}"
14737,PICKUP_SERVICE_START,Courier 7 starting pickup service (90s),"{""courier_id"": 7, ""service_time"": 90}"
14761,ORDER_PLACED,Order 232 placed,"{""order_id"": 232, ""restaurant_id"": 4}"
14762,ORDER_DELIVERED,Order 212 delivered by courier 4,"{""order_id"": 212, ""courier_id"": 4, ""click_to_door"": 1193.4722684417284, ""ready_to_door"": 893.4722684417284}"
14762,COURIER_IDLE,Courier 4 is now idle,"{""courier_id"": 4}"
14789,ORDER_DELIVERED,Order 203 delivered by courier 0,"{""order_id"": 203, ""courier_id"": 0, ""click_to_door"": 1608.807606732389, ""ready_to_door"": 1308.807606732389}"
14790,ASSIGNMENT_MADE,Courier 4 assigned orders [226],"{""courier_id"": 4, ""order_ids"": [226], ""bundle_size"": 1, ""has_relay"": false}"
14806,ORDER_READY,Order 227 is ready for pickup,"{""order_id"": 227}"
14809,ORDER_DELIVERED,Order 219 delivered by courier 1,"{""order_id"": 219, ""courier_id"": 1, ""click_to_door"": 808.4948785573924, ""ready_to_door"": 508.49487855739244}"
14809,COURIER_IDLE,Courier 1 is now idle,"{""courier_id"": 1}"
14820,ASSIGNMENT_MADE,"Courier 1 assigned orders [224, 227]","{""courier_id"": 1, ""order_ids"": [224, 227], ""bundle_size"": 2, ""has_relay"": false}"
14827,ORDER_PICKED_UP,Order 220 picked up by courier 7,"{""order_id"": 220, ""courier_id"": 7}"
14827,COURIER_DELIVERING,Courier 7 heading to first dropoff (optimized),"{""courier_id"": 7, ""order_ids"": []}"
14836,ORDER_DELIVERED,Order 204 delivered by courier 6,"{""order_id"": 204, ""courier_id"": 6, ""click_to_door"": 1649.2347518878578, ""ready_to_door"": 1349.2347518878578}"
14840,ORDER_READY,Order 228 is ready for pickup,"{""order_id"": 228}"
14850,ORDER_PLACED,Order 233 placed,"{""order_id"": 233, ""restaurant_id"": 1}"
14858,ORDER_READY,Order 229 is ready for pickup,"{""order_id"": 229}"
14864,PICKUP_SERVICE_START,Courier 4 starting pickup service (90s),"{""courier_id"": 4, ""service_time"": 90}"
14876,ORDER_PLACED,Order 234 placed,"{""order_id"": 234, ""restaurant_id"": 0}"
14903,ORDER_DELIVERED,Order 220 delivered by courier 7,"{""order_id"": 220, ""courier_id"": 7, ""click_to_door"": 761.7955165626845, ""ready_to_door"": 461.7955165626845}"
14903,COURIER_IDLE,Courier 7 is now idle,"{""courier_id"": 7}"
14904,ORDER_DELIVERED,Order 198 delivered by courier 6,"{""order_id"": 198, ""courier_id"": 6, ""click_to_door"": 1825.557712208596, ""ready_to_door"": 1525.557712208596}"
14904,COURIER_IDLE,Courier 6 is now idle,"{""courier_id"": 6}"
14909,PICKUP_SERVICE_START,Courier 2 starting pickup service (90s),"{""courier_id"": 2, ""service_time"": 90}"
14910,ASSIGNMENT_MADE,Courier 6 assigned orders [229],"{""courier_id"": 6, ""order_ids"": [229], ""bundle_size"": 1, ""has_relay"": false}"
14910,ASSIGNMENT_MADE,Courier 7 assigned orders [225],"{""courier_id"": 7, ""order_ids"": [225], ""bundle_size"": 1, ""has_relay"": false}"
14929,ORDER_PLACED,Order 235 placed,"{""order_id"": 235, ""restaurant_id"": 4}"
14935,ORDER_PLACED,Order 236 placed,"{""order_id"": 236, ""restaurant_id"": 4}"
14937,PICKUP_SERVICE_START,Courier 1 starting pickup service (90s),"{""courier_id"": 1, ""service_time"": 90}"
14954,ORDER_PICKED_UP,Order 226 picked up by courier 4,"{""order_id"": 226, ""courier_id"": 4}"
14954,COURIER_DELIVERING,Courier 4 heading to first dropoff (optimized),"{""courier_id"": 4, ""order_ids"": []}"
14980,ORDER_READY,Order 230 is ready for pickup,"{""order_id"": 230}"
14999,ORDER_PICKED_UP,Order 218 picked up by courier 2,"{""order_id"": 218, ""courier_id"": 2}"
14999,COURIER_DELIVERING,Courier 2 heading to first dropoff (optimized),"{""courier_id"": 2, ""order_ids"": []}"
15005,ORDER_READY,Order 231 is ready for pickup,"{""order_id"": 231}"
15009,ORDER_DELIVERED,Order 226 delivered by courier 4,"{""order_id"": 226, ""courier_id"": 4, ""click_to_door"": 594.7066155163666, ""ready_to_door"": 294.7066155163666}"
15009,COURIER_IDLE,Courier 4 is now idle,"{""courier_id"": 4}"
15023,PICKUP_SERVICE_START,Courier 3 starting pickup service (90s),"{""courier_id"": 3, ""service_time"": 90}"
15027,ORDER_PICKED_UP,Order 224 picked up by courier 1,"{""order_id"": 224, ""courier_id"": 1}"
15027,ORDER_PICKED_UP,Order 227 picked up by courier 1,"{""order_id"": 227, ""courier_id"": 1}"
15027,ROUTE_OPTIMIZED,Courier 1 route optimized: 2 dropoffs reordered,"{""courier_id"": 1, ""original_sequence"": [224, 227], ""optimized_sequence"": []}"
15027,COURIER_DELIVERING,Courier 1 heading to first dropoff (optimized),"{""courier_id"": 1, ""order_ids"": []}"
15030,ASSIGNMENT_MADE,Courier 4 assigned orders [231],"{""courier_id"": 4, ""order_ids"": [231], ""bundle_size"": 1, ""has_relay"": false}"
15053,ORDER_PLACED,Order 237 placed,"{""order_id"": 237, ""restaurant_id"": 6}"
15059,PICKUP_SERVICE_START,Courier 5 starting pickup service (90s),"{""courier_id"": 5, ""service_time"": 90}"
15061,ORDER_READY,Order 232 is ready for pickup,"{""order_id"": 232}"
15085,ORDER_EXPIRED,Order 194 expired (not matched within 1800s),"{""order_id"": 194}"
15090,PICKUP_SERVICE_START,Courier 7 starting pickup service (90s),"{""courier_id"": 7, ""service_time"": 90}"
15103,ORDER_DELIVERED,Order 208 delivered by courier 0,"{""order_id"": 208, ""courier_id"": 0, ""click_to_door"": 1807.24679914435, ""ready_to_door"": 1507.24679914435}"
15103,COURIER_IDLE,Courier 0 is now idle,"{""courier_id"": 0}"
15113,ORDER_PICKED_UP,Order 209 picked up by courier 3,"{""order_id"": 209, ""courier_id"": 3}"
15113,ORDER_PICKED_UP,Order 217 picked up by courier 3,"{""order_id"": 217, ""courier_id"": 3}"
15113,ROUTE_OPTIMIZED,Courier 3 route optimized: 2 dropoffs reordered,"{""courier_id"": 3, ""original_sequence"": [209, 217], ""optimized_sequence"": []}"
15113,COURIER_DELIVERING,Courier 3 heading to first dropoff (optimized),"{""courier_id"": 3, ""order_ids"": []}"
15120,ASSIGNMENT_MADE,Courier 0 assigned orders [232],"{""courier_id"": 0, ""order_ids"": [232], ""bundle_size"": 1, ""has_relay"": false}"
15122,ORDER_DELIVERED,Order 224 delivered by courier 1,"{""order_id"": 224, ""courier_id"": 1, ""click_to_door"": 750.4118291920477, ""ready_to_door"": 450.41182919204766}"
15129,ORDER_PLACED,Order 238 placed,"{""order_id"": 238, ""restaurant_id"": 5}"
15131,PICKUP_SERVICE_START,Courier 6 starting pickup service (90s),"{""courier_id"": 6, ""service_time"": 90}"
15149,ORDER_PICKED_UP,Order 222 picked up by courier 5,"{""order_id"": 222, ""courier_id"": 5}"
15149,COURIER_DELIVERING,Courier 5 heading to first dropoff (optimized),"{""courier_id"": 5, ""order_ids"": []}"
15150,ORDER_READY,Order 233 is ready for pickup,"{""order_id"": 233}"
15176,ORDER_READY,Order 234 is ready for pickup,"{""order_id"": 234}"
15180,ORDER_PICKED_UP,Order 225 picked up by courier 7,"{""order_id"": 225, ""courier_id"": 7}"
15180,COURIER_DELIVERING,Courier 7 heading to first dropoff (optimized),"{""courier_id"": 7, ""order_ids"": []}"
15200,ORDER_DELIVERED,Order 218 delivered by courier 2,"{""order_id"": 218, ""courier_id"": 2, ""click_to_door"": 1224.2084162174524, ""ready_to_door"": 924.2084162174524}"
15200,COURIER_IDLE,Courier 2 is now idle,"{""courier_id"": 2}"
15203,ORDER_DELIVERED,Order 227 delivered by courier 1,"{""order_id"": 227, ""courier_id"": 1, ""click_to_door"": 697.6979330226059, ""ready_to_door"": 397.69793302260587}"
15203,COURIER_IDLE,Courier 1 is now idle,"{""courier_id"": 1}"
15210,ASSIGNMENT_MADE,"Courier 1 assigned orders [230, 233]","{""courier_id"": 1, ""order_ids"": [230, 233], ""bundle_size"": 2, ""has_relay"": false}"
15210,ASSIGNMENT_MADE,Courier 2 assigned orders [228],"{""courier_id"": 2, ""order_ids"": [228], ""bundle_size"": 1, ""has_relay"": false}"
15221,ORDER_PICKED_UP,Order 229 picked up by courier 6,"{""order_id"": 229, ""courier_id"": 6}"
15221,COURIER_DELIVERING,Courier 6 heading to first dropoff (optimized),"{""courier_id"": 6, ""order_ids"": []}"
15229,ORDER_READY,Order 235 is ready for pickup,"{""order_id"": 235}"
15235,ORDER_READY,Order 236 is ready for pickup,"{""order_id"": 236}"
15250,ORDER_PLACED,Order 239 placed,"{""order_id"": 239, ""restaurant_id"": 3}"
15259,PICKUP_SERVICE_START,Courier 2 starting pickup service (90s),"{""courier_id"": 2, ""service_time"": 90}"
15272,PICKUP_SERVICE_START,Courier 4 starting pickup service (90s),"{""courier_id"": 4, ""service_time"": 90}"
15275,ORDER_PLACED,Order 240 placed,"{""order_id"": 240, ""restaurant_id"": 6}"
15349,ORDER_PICKED_UP,Order 228 picked up by courier 2,"{""order_id"": 228, ""courier_id"": 2}"
15349,COURIER_DELIVERING,Courier 2 heading to first dropoff (optimized),"{""courier_id"": 2, ""order_ids"": []}"
15353,ORDER_READY,Order 237 is ready for pickup,"{""order_id"": 237}"
15357,PICKUP_SERVICE_START,Courier 0 starting pickup service (90s),"{""courier_id"": 0, ""service_time"": 90}"
15362,ORDER_PICKED_UP,Order 231 picked up by courier 4,"{""order_id"": 231, ""courier_id"": 4}"
15362,COURIER_DELIVERING,Courier 4 heading to first dropoff (optimized),"{""courier_id"": 4, ""order_ids"": []}"
15378,ORDER_DELIVERED,Order 222 delivered by courier 5,"{""order_id"": 222, ""courier_id"": 5, ""click_to_door"": 1174.3968729854405, ""ready_to_door"": 874.3968729854405}"
15378,COURIER_IDLE,Courier 5 is now idle,"{""courier_id"": 5}"
15388,PICKUP_SERVICE_START,Courier 1 starting pickup service (90s),"{""courier_id"": 1, ""service_time"": 90}"
15389,ORDER_PLACED,Order 241 placed,"{""order_id"": 241, ""restaurant_id"": 0}"
15390,ASSIGNMENT_MADE,Courier 5 assigned orders [234],"{""courier_id"": 5, ""order_ids"": [234], ""bundle_size"": 1, ""has_relay"": false}"
15394,ORDER_DELIVERED,Order 225 delivered by courier 7,"{""order_id"": 225, ""courier_id"": 7, ""click_to_door"": 1000.3159932845792, ""ready_to_door"": 700.3159932845792}"
15394,COURIER_IDLE,Courier 7 is now idle,"{""courier_id"": 7}"
15420,ASSIGNMENT_MADE,Courier 7 assigned orders [237],"{""courier_id"": 7, ""order_ids"": [237], ""bundle_size"": 1, ""has_relay"": false}"
15421,ORDER_PLACED,Order 242 placed,"{""order_id"": 242, ""restaurant_id"": 1}"
15429,ORDER_READY,Order 238 is ready for pickup,"{""order_id"": 238}"
15444,ORDER_PLACED,Order 243 placed,"{""order_id"": 243, ""restaurant_id"": 5}"
15447,ORDER_PICKED_UP,Order 232 picked up by courier 0,"{""order_id"": 232, ""courier_id"": 0}"
15447,COURIER_DELIVERING,Courier 0 heading to first dropoff (optimized),"{""courier_id"": 0, ""order_ids"": []}"
15457,ORDER_PLACED,Order 244 placed,"{""order_id"": 244, ""restaurant_id"": 7}"
15478,ORDER_DELIVERED,Order 232 delivered by courier 0,"{""order_id"": 232, ""courier_id"": 0, ""click_to_door"": 717.5281318130455, ""ready_to_door"": 417.52813181304555}"
15478,COURIER_IDLE,Courier 0 is now idle,"{""courier_id"": 0}"
15478,ORDER_PICKED_UP,Order 230 picked up by courier 1,"{""order_id"": 230, ""courier_id"": 1}"
15478,ORDER_PICKED_UP,Order 233 picked up by courier 1,"{""order_id"": 233, ""courier_id"": 1}"
15478,ROUTE_OPTIMIZED,Courier 1 route optimized: 2 dropoffs reordered,"{""courier_id"": 1, ""original_sequence"": [230, 233], ""optimized_sequence"": []}"
15478,COURIER_DELIVERING,Courier 1 heading to first dropoff (optimized),"{""courier_id"": 1, ""order_ids"": []}"
15480,ASSIGNMENT_MADE,Courier 0 assigned orders [238],"{""courier_id"": 0, ""order_ids"": [238], ""bundle_size"": 1, ""has_relay"": false}"
15510,ORDER_DELIVERED,Order 229 delivered by courier 6,"{""order_id"": 229, ""courier_id"": 6, ""click_to_door"": 952.760480230234, ""ready_to_door"": 652.760480230234}"
15510,COURIER_IDLE,Courier 6 is now idle,"{""courier_id"": 6}"
15510,ASSIGNMENT_MADE,"Courier 6 assigned orders [235, 236]","{""courier_id"": 6, ""order_ids"": [235, 236], ""bundle_size"": 2, ""has_relay"": false}"
15517,ORDER_PLACED,Order 245 placed,"{""order_id"": 245, ""restaurant_id"": 6}"
15536,ORDER_PLACED,Order 246 placed,"{""order_id"": 246, ""restaurant_id"": 1}"
15540,ORDER_DELIVERED,Order 231 delivered by courier 4,"{""order_id"": 231, ""courier_id"": 4, ""click_to_door"": 835.417961608493, ""ready_to_door"": 535.417961608493}"
15540,COURIER_IDLE,Courier 4 is now idle,"{""courier_id"": 4}"
15540,ASSIGNMENT_MADE,"Courier 4 assigned orders [216, 221, 223]","{""courier_id"": 4, ""order_ids"": [216, 221, 223], ""bundle_size"": 3, ""has_relay"": false}"
15550,ORDER_READY,Order 239 is ready for pickup,"{""order_id"": 239}"
15552,ORDER_DELIVERED,Order 209 delivered by courier 3,"{""order_id"": 209, ""courier_id"": 3, ""click_to_door"": 2184.715577756446, ""ready_to_door"": 1884.7155777564458}"
15575,ORDER_READY,Order 240 is ready for pickup,"{""order_id"": 240}"
15576,ORDER_PLACED,Order 247 placed,"{""order_id"": 247, ""restaurant_id"": 5}"
15576,ORDER_PLACED,Order 248 placed,"{""order_id"": 248, ""restaurant_id"": 2}"
15578,ORDER_PLACED,Order 249 placed,"{""order_id"": 249, ""restaurant_id"": 3}"
15619,PICKUP_SERVICE_START,Courier 5 starting pickup service (90s),"{""courier_id"": 5, ""service_time"": 90}"
15630,ORDER_PLACED,Order 250 placed,"{""order_id"": 250, ""restaurant_id"": 6}"
15635,PICKUP_SERVICE_START,Courier 6 starting pickup service (90s),"{""courier_id"": 6, ""service_time"": 90}"
15641,ORDER_PLACED,Order 251 placed,"{""order_id"": 251, ""restaurant_id"": 1}"
15650,ORDER_PLACED,Order 252 placed,"{""order_id"": 252, ""restaurant_id"": 6}"
15664,ORDER_DELIVERED,Order 233 delivered by courier 1,"{""order_id"": 233, ""courier_id"": 1, ""click_to_door"": 814.5632151766822, ""ready_to_door"": 514.5632151766822}"
15675,ORDER_PLACED,Order 253 placed,"{""order_id"": 253, ""restaurant_id"": 3}"
15680,ORDER_PLACED,Order 254 placed,"{""order_id"": 254, ""restaurant_id"": 7}"
15689,ORDER_READY,Order 241 is ready for pickup,"{""order_id"": 241}"
15700,PICKUP_SERVICE_START,Courier 0 starting pickup service (90s),"{""courier_id"": 0, ""service_time"": 90}"
15702,PICKUP_SERVICE_START,Courier 7 starting pickup service (90s),"{""courier_id"": 7, ""service_time"": 90}"
15709,ORDER_PICKED_UP,Order 234 picked up by courier 5,"{""order_id"": 234, ""courier_id"": 5}"
15709,COURIER_DELIVERING,Courier 5 heading to first dropoff (optimized),"{""courier_id"": 5, ""order_ids"": []}"
15721,ORDER_READY,Order 242 is ready for pickup,"{""order_id"": 242}"
15725,ORDER_PICKED_UP,Order 235 picked up by courier 6,"{""order_id"": 235, ""courier_id"": 6}"
15725,ORDER_PICKED_UP,Order 236 picked up by courier 6,"{""order_id"": 236, ""courier_id"": 6}"
15725,ROUTE_OPTIMIZED,Courier 6 route optimized: 2 dropoffs reordered,"{""courier_id"": 6, ""original_sequence"": [235, 236], ""optimized_sequence"": []}"
15725,COURIER_DELIVERING,Courier 6 heading to first dropoff (optimized),"{""courier_id"": 6, ""order_ids"": []}"
15726,ORDER_PLACED,Order 255 placed,"{""order_id"": 255, ""restaurant_id"": 4}"
15739,ORDER_DELIVERED,Order 217 delivered by courier 3,"{""order_id"": 217, ""courier_id"": 3, ""click_to_door"": 1783.9007121333543, ""ready_to_door"": 1483.9007121333543}"
15739,COURIER_IDLE,Courier 3 is now idle,"{""courier_id"": 3}"
15744,ORDER_READY,Order 243 is ready for pickup,"{""order_id"": 243}"
15750,ASSIGNMENT_MADE,Courier 3 assigned orders [242],"{""courier_id"": 3, ""order_ids"": [242], ""bundle_size"": 1, ""has_relay"": false}"
15757,ORDER_READY,Order 244 is ready for pickup,"{""order_id"": 244}"
15774,ORDER_PLACED,Order 256 placed,"{""order_id"": 256, ""restaurant_id"": 7}"
15780,ORDER_DELIVERED,Order 228 delivered by courier 2,"{""order_id"": 228, ""courier_id"": 2, ""click_to_door"": 1240.6545023424133, ""ready_to_door"": 940.6545023424133}"
15780,COURIER_IDLE,Courier 2 is now idle,"{""courier_id"": 2}"
15780,ASSIGNMENT_MADE,Courier 2 assigned orders [244],"{""courier_id"": 2, ""order_ids"": [244], ""bundle_size"": 1, ""has_relay"": false}"
15790,ORDER_PICKED_UP,Order 238 picked up by courier 0,"{""order_id"": 238, ""courier_id"": 0}"
15790,COURIER_DELIVERING,Courier 0 heading to first dropoff (optimized),"{""courier_id"": 0, ""order_ids"": []}"
15792,ORDER_PICKED_UP,Order 237 picked up by courier 7,"{""order_id"": 237, ""courier_id"": 7}"
15792,COURIER_DELIVERING,Courier 7 heading to first dropoff (optimized),"{""courier_id"": 7, ""order_ids"": []}"
15798,PICKUP_SERVICE_START,Courier 3 starting pickup service (90s),"{""courier_id"": 3, ""service_time"": 90}"
15808,PICKUP_SERVICE_START,Courier 2 starting pickup service (90s),"{""courier_id"": 2, ""service_time"": 90}"
15817,ORDER_READY,Order 245 is ready for pickup,"{""order_id"": 245}"
15836,ORDER_READY,Order 246 is ready for pickup,"{""order_id"": 246}"
15848,ORDER_PLACED,Order 257 placed,"{""order_id"": 257, ""restaurant_id"": 6}"
15858,ORDER_PLACED,Order 258 placed,"{""order_id"": 258, ""restaurant_id"": 0}"
15876,ORDER_READY,Order 247 is ready for pickup,"{""order_id"": 247}"
15876,ORDER_READY,Order 248 is ready for pickup,"{""order_id"": 248}"
15878,ORDER_READY,Order 249 is ready for pickup,"{""order_id"": 249}"
15888,ORDER_PICKED_UP,Order 242 picked up by courier 3,"{""order_id"": 242, ""courier_id"": 3}"
15888,COURIER_DELIVERING,Courier 3 heading to first dropoff (optimized),"{""courier_id"": 3, ""order_ids"": []}"
15898,ORDER_PICKED_UP,Order 244 picked up by courier 2,"{""order_id"": 244, ""courier_id"": 2}"
15898,COURIER_DELIVERING,Courier 2 heading to first dropoff (optimized),"{""courier_id"": 2, ""order_ids"": []}"
15899,ORDER_DELIVERED,Order 234 delivered by courier 5,"{""order_id"": 234, ""courier_id"": 5, ""click_to_door"": 1023.1100923333925, ""ready_to_door"": 723.1100923333925}"
15899,COURIER_IDLE,Courier 5 is now idle,"{""courier_id"": 5}"
15900,ASSIGNMENT_MADE,Courier 5 assigned orders [246],"{""courier_id"": 5, ""order_ids"": [246], ""bundle_size"": 1, ""has_relay"": false}"
15930,ORDER_READY,Order 250 is ready for pickup,"{""order_id"": 250}"
15940,ORDER_PLACED,Order 259 placed,"{""order_id"": 259, ""restaurant_id"": 4}"
15941,ORDER_READY,Order 251 is ready for pickup,"{""order_id"": 251}"
15945,ORDER_PLACED,Order 260 placed,"{""order_id"": 260, ""restaurant_id"": 6}"
15950,ORDER_READY,Order 252 is ready for pickup,"{""order_id"": 252}"
15954,ORDER_PLACED,Order 261 placed,"{""order_id"": 261, ""restaurant_id"": 6}"
15960,ORDER_PLACED,Order 262 placed,"{""order_id"": 262, ""restaurant_id"": 7}"
15975,ORDER_READY,Order 253 is ready for pickup,"{""order_id"": 253}"
15980,ORDER_READY,Order 254 is ready for pickup,"{""order_id"": 254}"
15985,ORDER_DELIVERED,Order 230 delivered by courier 1,"{""order_id"": 230, ""courier_id"": 1, ""click_to_door"": 1305.721479973543, ""ready_to_door"": 1005.721479973543}"
15985,COURIER_IDLE,Courier 1 is now idle,"{""courier_id"": 1}"
15988,ORDER_DELIVERED,Order 236 delivered by courier 6,"{""order_id"": 236, ""courier_id"": 6, ""click_to_door"": 1053.7974955945574, ""ready_to_door"": 753.7974955945574}"
15990,ASSIGNMENT_MADE,Courier 1 assigned orders [251],"{""courier_id"": 1, ""order_ids"": [251], ""bundle_size"": 1, ""has_relay"": false}"
15992,PICKUP_SERVICE_START,Courier 4 starting pickup service (90s),"{""courier_id"": 4, ""service_time"": 90}"
16007,ORDER_PLACED,Order 263 placed,"{""order_id"": 263, ""restaurant_id"": 1}"
16020,ORDER_DELIVERED,Order 237 delivered by courier 7,"{""order_id"": 237, ""courier_id"": 7, ""click_to_door"": 967.3142684705308, ""ready_to_door"": 667.3142684705308}"
16020,COURIER_IDLE,Courier 7 is now idle,"{""courier_id"": 7}"
16020,ASSIGNMENT_MADE,Courier 7 assigned orders [254],"{""courier_id"": 7, ""order_ids"": [254], ""bundle_size"": 1, ""has_relay"": false}"
16026,ORDER_READY,Order 255 is ready for pickup,"{""order_id"": 255}"
16074,ORDER_READY,Order 256 is ready for pickup,"{""order_id"": 256}"
16082,ORDER_PICKED_UP,Order 216 picked up by courier 4,"{""order_id"": 216, ""courier_id"": 4}"
16082,ORDER_PICKED_UP,Order 221 picked up by courier 4,"{""order_id"": 221, ""courier_id"": 4}"
16082,ORDER_PICKED_UP,Order 223 picked up by courier 4,"{""order_id"": 223, ""courier_id"": 4}"
16082,ROUTE_OPTIMIZED,Courier 4 route optimized: 3 dropoffs reordered,"{""courier_id"": 4, ""original_sequence"": [216, 221, 223], ""optimized_sequence"": []}"
16082,COURIER_DELIVERING,Courier 4 heading to first dropoff (optimized),"{""courier_id"": 4, ""order_ids"": []}"
16095,ORDER_DELIVERED,Order 238 delivered by courier 0,"{""order_id"": 238, ""courier_id"": 0, ""click_to_door"": 966.8829745487383, ""ready_to_door"": 666.8829745487383}"
16095,COURIER_IDLE,Courier 0 is now idle,"{""courier_id"": 0}"
16107,PICKUP_SERVICE_START,Courier 5 starting pickup service (90s),"{""courier_id"": 5, ""service_time"": 90}"
16110,ASSIGNMENT_MADE,Courier 0 assigned orders [255],"{""courier_id"": 0, ""order_ids"": [255], ""bundle_size"": 1, ""has_relay"": false}"
16114,ORDER_PLACED,Order 264 placed,"{""order_id"": 264, ""restaurant_id"": 7}"
16118,ORDER_DELIVERED,Order 244 delivered by courier 2,"{""order_id"": 244, ""courier_id"": 2, ""click_to_door"": 661.6150794859932, ""ready_to_door"": 361.6150794859932}"
16118,COURIER_IDLE,Courier 2 is now idle,"{""courier_id"": 2}"
16140,ASSIGNMENT_MADE,Courier 2 assigned orders [256],"{""courier_id"": 2, ""order_ids"": [256], ""bundle_size"": 1, ""has_relay"": false}"
16148,ORDER_READY,Order 257 is ready for pickup,"{""order_id"": 257}"
16158,ORDER_READY,Order 258 is ready for pickup,"{""order_id"": 258}"
16197,ORDER_PICKED_UP,Order 246 picked up by courier 5,"{""order_id"": 246, ""courier_id"": 5}"
16197,COURIER_DELIVERING,Courier 5 heading to first dropoff (optimized),"{""courier_id"": 5, ""order_ids"": []}"
16229,PICKUP_SERVICE_START,Courier 0 starting pickup service (90s),"{""courier_id"": 0, ""service_time"": 90}"
16236,ORDER_DELIVERED,Order 242 delivered by courier 3,"{""order_id"": 242, ""courier_id"": 3, ""click_to_door"": 815.7641601374125, ""ready_to_door"": 515.7641601374125}"
16236,COURIER_IDLE,Courier 3 is now idle,"{""courier_id"": 3}"
16236,PICKUP_SERVICE_START,Courier 7 starting pickup service (90s),"{""courier_id"": 7, ""service_time"": 90}"
16240,ORDER_READY,Order 259 is ready for pickup,"{""order_id"": 259}"
16245,ORDER_READY,Order 260 is ready for pickup,"{""order_id"": 260}"
16254,ORDER_READY,Order 261 is ready for pickup,"{""order_id"": 261}"
16260,ORDER_READY,Order 262 is ready for pickup,"{""order_id"": 262}"
16260,ASSIGNMENT_MADE,Courier 3 assigned orders [259],"{""courier_id"": 3, ""order_ids"": [259], ""bundle_size"": 1, ""has_relay"": false}"
16298,ORDER_PLACED,Order 265 placed,"{""order_id"": 265, ""restaurant_id"": 3}"
16299,ORDER_PLACED,Order 266 placed,"{""order_id"": 266, ""restaurant_id"": 0}"
16299,PICKUP_SERVICE_START,Courier 1 starting pickup service (90s),"{""courier_id"": 1, ""service_time"": 90}"
16307,ORDER_READY,Order 263 is ready for pickup,"{""order_id"": 263}"
16319,ORDER_PICKED_UP,Order 255 picked up by courier 0,"{""order_id"": 255, ""courier_id"": 0}"
16319,COURIER_DELIVERING,Courier 0 heading to first dropoff (optimized),"{""courier_id"": 0, ""order_ids"": []}"
16326,ORDER_PICKED_UP,Order 254 picked up by courier 7,"{""order_id"": 254, ""courier_id"": 7}"
16326,COURIER_DELIVERING,Courier 7 heading to first dropoff (optimized),"{""courier_id"": 7, ""order_ids"": []}"
16337,ORDER_DELIVERED,Order 246 delivered by courier 5,"{""order_id"": 246, ""courier_id"": 5, ""click_to_door"": 801.026329780685, ""ready_to_door"": 501.02632978068505}"
16337,COURIER_IDLE,Courier 5 is now idle,"{""courier_id"": 5}"
16350,ASSIGNMENT_MADE,Courier 5 assigned orders [263],"{""courier_id"": 5, ""order_ids"": [263], ""bundle_size"": 1, ""has_relay"": false}"
16360,PICKUP_SERVICE_START,Courier 2 starting pickup service (90s),"{""courier_id"": 2, ""service_time"": 90}"
16386,ORDER_DELIVERED,Order 255 delivered by courier 0,"{""order_id"": 255, ""courier_id"": 0, ""click_to_door"": 660.1085611843992, ""ready_to_door"": 360.10856118439915}"
16386,COURIER_IDLE,Courier 0 is now idle,"{""courier_id"": 0}"
16389,ORDER_PICKED_UP,Order 251 picked up by courier 1,"{""order_id"": 251, ""courier_id"": 1}"
16389,COURIER_DELIVERING,Courier 1 heading to first dropoff (optimized),"{""courier_id"": 1, ""order_ids"": []}"
16410,ASSIGNMENT_MADE,"Courier 0 assigned orders [243, 247]","{""courier_id"": 0, ""order_ids"": [243, 247], ""bundle_size"": 2, ""has_relay"": false}"
16414,ORDER_READY,Order 264 is ready for pickup,"{""order_id"": 264}"
16423,ORDER_DELIVERED,Order 235 delivered by courier 6,"{""order_id"": 235, ""courier_id"": 6, ""click_to_door"": 1494.298869505501, ""ready_to_door"": 1194.298869505501}"
16423,COURIER_IDLE,Courier 6 is now idle,"{""courier_id"": 6}"
16440,ASSIGNMENT_MADE,"Courier 6 assigned orders [262, 264]","{""courier_id"": 6, ""order_ids"": [262, 264], ""bundle_size"": 2, ""has_relay"": false}"
16447,PICKUP_SERVICE_START,Courier 3 starting pickup service (90s),"{""courier_id"": 3, ""service_time"": 90}"
16450,ORDER_PICKED_UP,Order 256 picked up by courier 2,"{""order_id"": 256, ""courier_id"": 2}"
16450,COURIER_DELIVERING,Courier 2 heading to first dropoff (optimized),"{""courier_id"": 2, ""order_ids"": []}"
16472,ORDER_DELIVERED,Order 223 delivered by courier 4,"{""order_id"": 223, ""courier_id"": 4, ""click_to_door"": 2104.0549696184007, ""ready_to_door"": 1804.0549696184007}"
16479,ORDER_PLACED,Order 267 placed,"{""order_id"": 267, ""restaurant_id"": 5}"
16490,PICKUP_SERVICE_START,Courier 5 starting pickup service (90s),"{""courier_id"": 5, ""service_time"": 90}"
16493,ORDER_PLACED,Order 268 placed,"{""order_id"": 268, ""restaurant_id"": 6}"
16503,ORDER_PLACED,Order 269 placed,"{""order_id"": 269, ""restaurant_id"": 0}"
16528,ORDER_DELIVERED,Order 251 delivered by courier 1,"{""order_id"": 251, ""courier_id"": 1, ""click_to_door"": 887.8833026111861, ""ready_to_door"": 587.8833026111861}"
16528,COURIER_IDLE,Courier 1 is now idle,"{""courier_id"": 1}"
16530,ASSIGNMENT_MADE,Courier 1 assigned orders [248],"{""courier_id"": 1, ""order_ids"": [248], ""bundle_size"": 1, ""has_relay"": false}"
16537,ORDER_PICKED_UP,Order 259 picked up by courier 3,"{""order_id"": 259, ""courier_id"": 3}"
16537,COURIER_DELIVERING,Courier 3 heading to first dropoff (optimized),"{""courier_id"": 3, ""order_ids"": []}"
16539,PICKUP_SERVICE_START,Courier 0 starting pickup service (90s),"{""courier_id"": 0, ""service_time"": 90}"
16575,ORDER_PLACED,Order 270 placed,"{""order_id"": 270, ""restaurant_id"": 6}"
16575,ORDER_DELIVERED,Order 256 delivered by courier 2,"{""order_id"": 256, ""courier_id"": 2, ""click_to_door"": 801.7513224147879, ""ready_to_door"": 501.75132241478786}"
16575,COURIER_IDLE,Courier 2 is now idle,"{""courier_id"": 2}"
16580,ORDER_PICKED_UP,Order 263 picked up by courier 5,"{""order_id"": 263, ""courier_id"": 5}"
16580,COURIER_DELIVERING,Courier 5 heading to first dropoff (optimized),"{""courier_id"": 5, ""order_ids"": []}"
16590,ASSIGNMENT_MADE,Courier 2 assigned orders [261],"{""courier_id"": 2, ""order_ids"": [261], ""bundle_size"": 1, ""has_relay"": false}"
16593,PICKUP_SERVICE_START,Courier 1 starting pickup service (90s),"{""courier_id"": 1, ""service_time"": 90}"
16597,PICKUP_SERVICE_START,Courier 6 starting pickup service (90s),"{""courier_id"": 6, ""service_time"": 90}"
16598,ORDER_READY,Order 265 is ready for pickup,"{""order_id"": 265}"
16599,ORDER_READY,Order 266 is ready for pickup,"{""order_id"": 266}"
16614,ORDER_PLACED,Order 271 placed,"{""order_id"": 271, ""restaurant_id"": 1}"
16629,ORDER_PICKED_UP,Order 243 picked up by courier 0,"{""order_id"": 243, ""courier_id"": 0}"
16629,ORDER_PICKED_UP,Order 247 picked up by courier 0,"{""order_id"": 247, ""courier_id"": 0}"
16629,ROUTE_OPTIMIZED,Courier 0 route optimized: 2 dropoffs reordered,"{""courier_id"": 0, ""original_sequence"": [243, 247], ""optimized_sequence"": []}"
16629,COURIER_DELIVERING,Courier 0 heading to first dropoff (optimized),"{""courier_id"": 0, ""order_ids"": []}"
16683,ORDER_PICKED_UP,Order 248 picked up by courier 1,"{""order_id"": 248, ""courier_id"": 1}"
16683,COURIER_DELIVERING,Courier 1 heading to first dropoff (optimized),"{""courier_id"": 1, ""order_ids"": []}"
16687,ORDER_PICKED_UP,Order 262 picked up by courier 6,"{""order_id"": 262, ""courier_id"": 6}"
16687,ORDER_PICKED_UP,Order 264 picked up by courier 6,"{""order_id"": 264, ""courier_id"": 6}"
16687,ROUTE_OPTIMIZED,Courier 6 route optimized: 2 dropoffs reordered,"{""courier_id"": 6, ""original_sequence"": [262, 264], ""optimized_sequence"": []}"
16687,COURIER_DELIVERING,Courier 6 heading to first dropoff (optimized),"{""courier_id"": 6, ""order_ids"": []}"
16693,ORDER_DELIVERED,Order 221 delivered by courier 4,"{""order_id"": 221, ""courier_id"": 4, ""click_to_door"": 2543.1292215754947, ""ready_to_door"": 2243.1292215754947}"
16714,ORDER_DELIVERED,Order 259 delivered by courier 3,"{""order_id"": 259, ""courier_id"": 3, ""click_to_door"": 774.5286086142387, ""ready_to_door"": 474.5286086142387}"
16714,COURIER_IDLE,Courier 3 is now idle,"{""courier_id"": 3}"
16728,PICKUP_SERVICE_START,Courier 2 starting pickup service (90s),"{""courier_id"": 2, ""service_time"": 90}"
16740,ASSIGNMENT_MADE,Courier 3 assigned orders [265],"{""courier_id"": 3, ""order_ids"": [265], ""bundle_size"": 1, ""has_relay"": false}"
16754,ORDER_DELIVERED,Order 254 delivered by courier 7,"{""order_id"": 254, ""courier_id"": 7, ""click_to_door"": 1074.4970861254496, ""ready_to_door"": 774.4970861254496}"
16754,COURIER_IDLE,Courier 7 is now idle,"{""courier_id"": 7}"
16759,ORDER_DELIVERED,Order 263 delivered by courier 5,"{""order_id"": 263, ""courier_id"": 5, ""click_to_door"": 752.7724298128924, ""ready_to_door"": 452.77242981289237}"
16759,COURIER_IDLE,Courier 5 is now idle,"{""courier_id"": 5}"
16763,ORDER_PLACED,Order 272 placed,"{""order_id"": 272, ""restaurant_id"": 1}"
16770,ASSIGNMENT_MADE,"Courier 5 assigned orders [239, 249, 253]","{""courier_id"": 5, ""order_ids"": [239, 249, 253], ""bundle_size"": 3, ""has_relay"": false}"
16770,ASSIGNMENT_MADE,"Courier 7 assigned orders [241, 258, 266]","{""courier_id"": 7, ""order_ids"": [241, 258, 266], ""bundle_size"": 3, ""has_relay"": false}"
16779,ORDER_PLACED,Order 273 placed,"{""order_id"": 273, ""restaurant_id"": 3}"
16779,ORDER_READY,Order 267 is ready for pickup,"{""order_id"": 267}"
16793,ORDER_READY,Order 268 is ready for pickup,"{""order_id"": 268}"
16798,ORDER_PLACED,Order 274 placed,"{""order_id"": 274, ""restaurant_id"": 7}"
16799,ORDER_PLACED,Order 275 placed,"{""order_id"": 275, ""restaurant_id"": 5}"
16803,ORDER_READY,Order 269 is ready for pickup,"{""order_id"": 269}"
16811,ORDER_PLACED,Order 276 placed,"{""order_id"": 276, ""restaurant_id"": 2}"
16818,ORDER_PICKED_UP,Order 261 picked up by courier 2,"{""order_id"": 261, ""courier_id"": 2}"
16818,COURIER_DELIVERING,Courier 2 heading to first dropoff (optimized),"{""courier_id"": 2, ""order_ids"": []}"
16875,ORDER_READY,Order 270 is ready for pickup,"{""order_id"": 270}"
16914,ORDER_READY,Order 271 is ready for pickup,"{""order_id"": 271}"
16933,ORDER_PLACED,Order 277 placed,"{""order_id"": 277, ""restaurant_id"": 1}"
16934,PICKUP_SERVICE_START,Courier 3 starting pickup service (90s),"{""courier_id"": 3, ""service_time"": 90}"
17005,PICKUP_SERVICE_START,Courier 7 starting pickup service (90s),"{""courier_id"": 7, ""service_time"": 90}"
17024,ORDER_PICKED_UP,Order 265 picked up by courier 3,"{""order_id"": 265, ""courier_id"": 3}"
17024,COURIER_DELIVERING,Courier 3 heading to first dropoff (optimized),"{""courier_id"": 3, ""order_ids"": []}"
17038,ORDER_DELIVERED,Order 248 delivered by courier 1,"{""order_id"": 248, ""courier_id"": 1, ""click_to_door"": 1462.608118734739, ""ready_to_door"": 1162.608118734739}"
17038,COURIER_IDLE,Courier 1 is now idle,"{""courier_id"": 1}"
17040,ASSIGNMENT_MADE,Courier 1 assigned orders [267],"{""courier_id"": 1, ""order_ids"": [267], ""bundle_size"": 1, ""has_relay"": false}"
17043,ORDER_DELIVERED,Order 247 delivered by courier 0,"{""order_id"": 247, ""courier_id"": 0, ""click_to_door"": 1467.658149973564, ""ready_to_door"": 1167.658149973564}"
17052,ORDER_DELIVERED,Order 261 delivered by courier 2,"{""order_id"": 261, ""courier_id"": 2, ""click_to_door"": 1098.9770215029894, ""ready_to_door"": 798.9770215029894}"
17052,COURIER_IDLE,Courier 2 is now idle,"{""courier_id"": 2}"
17063,ORDER_READY,Order 272 is ready for pickup,"{""order_id"": 272}"
17064,ORDER_DELIVERED,Order 216 delivered by courier 4,"{""order_id"": 216, ""courier_id"": 4, ""click_to_door"": 3147.334959753205, ""ready_to_door"": 2847.334959753205}"
17064,COURIER_IDLE,Courier 4 is now idle,"{""courier_id"": 4}"
17065,ORDER_DELIVERED,Order 262 delivered by courier 6,"{""order_id"": 262, ""courier_id"": 6, ""click_to_door"": 1105.2381807664915, ""ready_to_door"": 805.2381807664915}"
17070,ASSIGNMENT_MADE,"Courier 2 assigned orders [271, 272]","{""courier_id"": 2, ""order_ids"": [271, 272], ""bundle_size"": 2, ""has_relay"": false}"
17070,ASSIGNMENT_MADE,Courier 4 assigned orders [269],"{""courier_id"": 4, ""order_ids"": [269], ""bundle_size"": 1, ""has_relay"": false}"
17079,ORDER_READY,Order 273 is ready for pickup,"{""order_id"": 273}"
17090,ORDER_PLACED,Order 278 placed,"{""order_id"": 278, ""restaurant_id"": 4}"
17095,ORDER_PICKED_UP,Order 241 picked up by courier 7,"{""order_id"": 241, ""courier_id"": 7}"
17095,ORDER_PICKED_UP,Order 258 picked up by courier 7,"{""order_id"": 258, ""courier_id"": 7}"
17095,ORDER_PICKED_UP,Order 266 picked up by courier 7,"{""order_id"": 266, ""courier_id"": 7}"
17095,ROUTE_OPTIMIZED,Courier 7 route optimized: 3 dropoffs reordered,"{""courier_id"": 7, ""original_sequence"": [241, 258, 266], ""optimized_sequence"": []}"
17095,COURIER_DELIVERING,Courier 7 heading to first dropoff (optimized),"{""courier_id"": 7, ""order_ids"": []}"
17098,ORDER_READY,Order 274 is ready for pickup,"{""order_id"": 274}"
17099,ORDER_READY,Order 275 is ready for pickup,"{""order_id"": 275}"
17102,PICKUP_SERVICE_START,Courier 4 starting pickup service (90s),"{""courier_id"": 4, ""service_time"": 90}"
17111,ORDER_READY,Order 276 is ready for pickup,"{""order_id"": 276}"
17116,ORDER_PLACED,Order 279 placed,"{""order_id"": 279, ""restaurant_id"": 5}"
17154,PICKUP_SERVICE_START,Courier 5 starting pickup service (90s),"{""courier_id"": 5, ""service_time"": 90}"
17173,ORDER_DELIVERED,Order 265 delivered by courier 3,"{""order_id"": 265, ""courier_id"": 3, ""click_to_door"": 875.6088291328979, ""ready_to_door"": 575.6088291328997}"
17173,COURIER_IDLE,Courier 3 is now idle,"{""courier_id"": 3}"
17188,ORDER_PLACED,Order 280 placed,"{""order_id"": 280, ""restaurant_id"": 6}"
17190,ASSIGNMENT_MADE,Courier 3 assigned orders [273],"{""courier_id"": 3, ""order_ids"": [273], ""bundle_size"": 1, ""has_relay"": false}"
17192,ORDER_PICKED_UP,Order 269 picked up by courier 4,"{""order_id"": 269, ""courier_id"": 4}"
17192,COURIER_DELIVERING,Courier 4 heading to first dropoff (optimized),"{""courier_id"": 4, ""order_ids"": []}"
17195,ORDER_DELIVERED,Order 243 delivered by courier 0,"{""order_id"": 243, ""courier_id"": 0, ""click_to_door"": 1751.0628103102863, ""ready_to_door"": 1451.0628103102863}"
17195,COURIER_IDLE,Courier 0 is now idle,"{""courier_id"": 0}"
17217,ORDER_DELIVERED,Order 264 delivered by courier 6,"{""order_id"": 264, ""courier_id"": 6, ""click_to_door"": 1103.5189950965978, ""ready_to_door"": 803.5189950965978}"
17217,COURIER_IDLE,Courier 6 is now idle,"{""courier_id"": 6}"
17220,ASSIGNMENT_MADE,Courier 0 assigned orders [274],"{""courier_id"": 0, ""order_ids"": [274], ""bundle_size"": 1, ""has_relay"": false}"
17220,ASSIGNMENT_MADE,Courier 6 assigned orders [275],"{""courier_id"": 6, ""order_ids"": [275], ""bundle_size"": 1, ""has_relay"": false}"
17233,ORDER_READY,Order 277 is ready for pickup,"{""order_id"": 277}"
17244,ORDER_PICKED_UP,Order 239 picked up by courier 5,"{""order_id"": 239, ""courier_id"": 5}"
17244,ORDER_PICKED_UP,Order 249 picked up by courier 5,"{""order_id"": 249, ""courier_id"": 5}"
17244,ORDER_PICKED_UP,Order 253 picked up by courier 5,"{""order_id"": 253, ""courier_id"": 5}"
17244,ROUTE_OPTIMIZED,Courier 5 route optimized: 3 dropoffs reordered,"{""courier_id"": 5, ""original_sequence"": [239, 249, 253], ""optimized_sequence"": []}"
17244,COURIER_DELIVERING,Courier 5 heading to first dropoff (optimized),"{""courier_id"": 5, ""order_ids"": []}"
17279,ORDER_PLACED,Order 281 placed,"{""order_id"": 281, ""restaurant_id"": 3}"
17283,ORDER_PLACED,Order 282 placed,"{""order_id"": 282, ""restaurant_id"": 1}"
17313,ORDER_DELIVERED,Order 258 delivered by courier 7,"{""order_id"": 258, ""courier_id"": 7, ""click_to_door"": 1455.1532182065948, ""ready_to_door"": 1155.1532182065948}"
17321,PICKUP_SERVICE_START,Courier 2 starting pickup service (90s),"{""courier_id"": 2, ""service_time"": 90}"
17328,ORDER_PLACED,Order 283 placed,"{""order_id"": 283, ""restaurant_id"": 2}"
17339,PICKUP_SERVICE_START,Courier 3 starting pickup service (90s),"{""courier_id"": 3, ""service_time"": 90}"
17375,ORDER_EXPIRED,Order 240 expired (not matched within 1800s),"{""order_id"": 240}"
17390,ORDER_READY,Order 278 is ready for pickup,"{""order_id"": 278}"
17405,PICKUP_SERVICE_START,Courier 1 starting pickup service (90s),"{""courier_id"": 1, ""service_time"": 90}"
17411,ORDER_PICKED_UP,Order 271 picked up by courier 2,"{""order_id"": 271, ""courier_id"": 2}"
17411,ORDER_PICKED_UP,Order 272 picked up by courier 2,"{""order_id"": 272, ""courier_id"": 2}"
17411,ROUTE_OPTIMIZED,Courier 2 route optimized: 2 dropoffs reordered,"{""courier_id"": 2, ""original_sequence"": [271, 272], ""optimized_sequence"": []}"
17411,COURIER_DELIVERING,Courier 2 heading to first dropoff (optimized),"{""courier_id"": 2, ""order_ids"": []}"
17416,ORDER_READY,Order 279 is ready for pickup,"{""order_id"": 279}"
17429,ORDER_PICKED_UP,Order 273 picked up by courier 3,"{""order_id"": 273, ""courier_id"": 3}"
17429,COURIER_DELIVERING,Courier 3 heading to first dropoff (optimized),"{""courier_id"": 3, ""order_ids"": []}"
17460,ORDER_DELIVERED,Order 239 delivered by courier 5,"{""order_id"": 239, ""courier_id"": 5, ""click_to_door"": 2210.2081720635597, ""ready_to_door"": 1910.2081720635597}"
17488,ORDER_READY,Order 280 is ready for pickup,"{""order_id"": 280}"
17495,ORDER_PICKED_UP,Order 267 picked up by courier 1,"{""order_id"": 267, ""courier_id"": 1}"
17495,COURIER_DELIVERING,Courier 1 heading to first dropoff (optimized),"{""courier_id"": 1, ""order_ids"": []}"
17524,PICKUP_SERVICE_START,Courier 0 starting pickup service (90s),"{""courier_id"": 0, ""service_time"": 90}"
17559,ORDER_DELIVERED,Order 266 delivered by courier 7,"{""order_id"": 266, ""courier_id"": 7, ""click_to_door"": 1260.827255951348, ""ready_to_door"": 960.8272559513498}"
17567,ORDER_DELIVERED,Order 267 delivered by courier 1,"{""order_id"": 267, ""courier_id"": 1, ""click_to_door"": 1088.7737544223892, ""ready_to_door"": 788.7737544223892}"
17567,COURIER_IDLE,Courier 1 is now idle,"{""courier_id"": 1}"
17579,ORDER_PLACED,Order 284 placed,"{""order_id"": 284, ""restaurant_id"": 5}"
17579,ORDER_READY,Order 281 is ready for pickup,"{""order_id"": 281}"
17580,ASSIGNMENT_MADE,Courier 1 assigned orders [278],"{""courier_id"": 1, ""order_ids"": [278], ""bundle_size"": 1, ""has_relay"": false}"
17583,ORDER_READY,Order 282 is ready for pickup,"{""order_id"": 282}"
17592,ORDER_DELIVERED,Order 273 delivered by courier 3,"{""order_id"": 273, ""courier_id"": 3, ""click_to_door"": 813.974451707254, ""ready_to_door"": 513.974451707254}"
17592,COURIER_IDLE,Courier 3 is now idle,"{""courier_id"": 3}"
17610,ASSIGNMENT_MADE,Courier 3 assigned orders [281],"{""courier_id"": 3, ""order_ids"": [281], ""bundle_size"": 1, ""has_relay"": false}"
17614,ORDER_PICKED_UP,Order 274 picked up by courier 0,"{""order_id"": 274, ""courier_id"": 0}"
17614,COURIER_DELIVERING,Courier 0 heading to first dropoff (optimized),"{""courier_id"": 0, ""order_ids"": []}"
17617,ORDER_EXPIRED,Order 245 expired (not matched within 1800s),"{""order_id"": 245}"
17628,ORDER_READY,Order 283 is ready for pickup,"{""order_id"": 283}"
17632,PICKUP_SERVICE_START,Courier 6 starting pickup service (90s),"{""courier_id"": 6, ""service_time"": 90}"
17634,ORDER_DELIVERED,Order 272 delivered by courier 2,"{""order_id"": 272, ""courier_id"": 2, ""click_to_door"": 871.9402278191556, ""ready_to_door"": 571.9402278191556}"
17643,ORDER_DELIVERED,Order 269 delivered by courier 4,"{""order_id"": 269, ""courier_id"": 4, ""click_to_door"": 1140.8877356151643, ""ready_to_door"": 840.8877356151643}"
17643,COURIER_IDLE,Courier 4 is now idle,"{""courier_id"": 4}"
17670,ASSIGNMENT_MADE,Courier 4 assigned orders [279],"{""courier_id"": 4, ""order_ids"": [279], ""bundle_size"": 1, ""has_relay"": false}"
17704,ORDER_DELIVERED,Order 249 delivered by courier 5,"{""order_id"": 249, ""courier_id"": 5, ""click_to_door"": 2126.4644199890354, ""ready_to_door"": 1826.4644199890354}"
17722,ORDER_PICKED_UP,Order 275 picked up by courier 6,"{""order_id"": 275, ""courier_id"": 6}"
17722,COURIER_DELIVERING,Courier 6 heading to first dropoff (optimized),"{""courier_id"": 6, ""order_ids"": []}"
17730,ORDER_EXPIRED,Order 250 expired (not matched within 1800s),"{""order_id"": 250}"
17739,PICKUP_SERVICE_START,Courier 1 starting pickup service (90s),"{""courier_id"": 1, ""service_time"": 90}"
17750,ORDER_EXPIRED,Order 252 expired (not matched within 1800s),"{""order_id"": 252}"
17766,PICKUP_SERVICE_START,Courier 4 starting pickup service (90s),"{""courier_id"": 4, ""service_time"": 90}"
17773,PICKUP_SERVICE_START,Courier 3 starting pickup service (90s),"{""courier_id"": 3, ""service_time"": 90}"
17780,ORDER_PLACED,Order 285 placed,"{""order_id"": 285, ""restaurant_id"": 6}"
17784,ORDER_PLACED,Order 286 placed,"{""order_id"": 286, ""restaurant_id"": 1}"
17814,ORDER_DELIVERED,Order 241 delivered by courier 7,"{""order_id"": 241, ""courier_id"": 7, ""click_to_door"": 2425.62782832988, ""ready_to_door"": 2125.62782832988}"
17814,COURIER_IDLE,Courier 7 is now idle,"{""courier_id"": 7}"
17820,ASSIGNMENT_MADE,"Courier 7 assigned orders [270, 280]","{""courier_id"": 7, ""order_ids"": [270, 280], ""bundle_size"": 2, ""has_relay"": false}"
17829,ORDER_PICKED_UP,Order 278 picked up by courier 1,"{""order_id"": 278, ""courier_id"": 1}"
17829,COURIER_DELIVERING,Courier 1 heading to first dropoff (optimized),"{""courier_id"": 1, ""order_ids"": []}"
17830,ORDER_DELIVERED,Order 271 delivered by courier 2,"{""order_id"": 271, ""courier_id"": 2, ""click_to_door"": 1216.0231517087814, ""ready_to_door"": 916.0231517087814}"
17830,COURIER_IDLE,Courier 2 is now idle,"{""courier_id"": 2}"
17850,ASSIGNMENT_MADE,"Courier 2 assigned orders [277, 282]","{""courier_id"": 2, ""order_ids"": [277, 282], ""bundle_size"": 2, ""has_relay"": false}"
17856,ORDER_PICKED_UP,Order 279 picked up by courier 4,"{""order_id"": 279, ""courier_id"": 4}"
17856,COURIER_DELIVERING,Courier 4 heading to first dropoff (optimized),"{""courier_id"": 4, ""order_ids"": []}"
17863,ORDER_PICKED_UP,Order 281 picked up by courier 3,"{""order_id"": 281, ""courier_id"": 3}"
17863,COURIER_DELIVERING,Courier 3 heading to first dropoff (optimized),"{""courier_id"": 3, ""order_ids"": []}"
17879,ORDER_READY,Order 284 is ready for pickup,"{""order_id"": 284}"
17880,ORDER_PLACED,Order 287 placed,"{""order_id"": 287, ""restaurant_id"": 4}"
17922,ORDER_DELIVERED,Order 275 delivered by courier 6,"{""order_id"": 275, ""courier_id"": 6, ""click_to_door"": 1123.260750288504, ""ready_to_door"": 823.2607502885039}"
17922,COURIER_IDLE,Courier 6 is now idle,"{""courier_id"": 6}"
17940,ASSIGNMENT_MADE,"Courier 6 assigned orders [276, 283]","{""courier_id"": 6, ""order_ids"": [276, 283], ""bundle_size"": 2, ""has_relay"": false}"
17943,ORDER_PLACED,Order 288 placed,"{""order_id"": 288, ""restaurant_id"": 4}"
17948,ORDER_EXPIRED,Order 257 expired (not matched within 1800s),"{""order_id"": 257}"
17957,ORDER_DELIVERED,Order 274 delivered by courier 0,"{""order_id"": 274, ""courier_id"": 0, ""click_to_door"": 1159.3712241550202, ""ready_to_door"": 859.3712241550202}"
17957,COURIER_IDLE,Courier 0 is now idle,"{""courier_id"": 0}"
17960,ORDER_PLACED,Order 289 placed,"{""order_id"": 289, ""restaurant_id"": 6}"
17970,ASSIGNMENT_MADE,Courier 0 assigned orders [284],"{""courier_id"": 0, ""order_ids"": [284], ""bundle_size"": 1, ""has_relay"": false}"
17993,ORDER_DELIVERED,Order 278 delivered by courier 1,"{""order_id"": 278, ""courier_id"": 1, ""click_to_door"": 903.3347721178288, ""ready_to_door"": 603.3347721178288}"
17993,COURIER_IDLE,Courier 1 is now idle,"{""courier_id"": 1}"
18000,ASSIGNMENT_MADE,"Courier 1 assigned orders [260, 268]","{""courier_id"": 1, ""order_ids"": [260, 268], ""bundle_size"": 2, ""has_relay"": false}"
18006,PICKUP_SERVICE_START,Courier 7 starting pickup service (90s),"{""courier_id"": 7, ""service_time"": 90}"
18032,ORDER_PLACED,Order 290 placed,"{""order_id"": 290, ""restaurant_id"": 3}"
18034,ORDER_PLACED,Order 291 placed,"{""order_id"": 291, ""restaurant_id"": 0}"
18046,ORDER_DELIVERED,Order 253 delivered by courier 5,"{""order_id"": 253, ""courier_id"": 5, ""click_to_door"": 2371.6403676839363, ""ready_to_door"": 2071.6403676839363}"
18046,COURIER_IDLE,Courier 5 is now idle,"{""courier_id"": 5}"
18076,ORDER_PLACED,Order 292 placed,"{""order_id"": 292, ""restaurant_id"": 4}"
18080,ORDER_READY,Order 285 is ready for pickup,"{""order_id"": 285}"
18084,ORDER_READY,Order 286 is ready for pickup,"{""order_id"": 286}"
18088,ORDER_PLACED,Order 293 placed,"{""order_id"": 293, ""restaurant_id"": 2}"
18090,ASSIGNMENT_MADE,Courier 5 assigned orders [286],"{""courier_id"": 5, ""order_ids"": [286], ""bundle_size"": 1, ""has_relay"": false}"
18096,ORDER_PICKED_UP,Order 270 picked up by courier 7,"{""order_id"": 270, ""courier_id"": 7}"
18096,ORDER_PICKED_UP,Order 280 picked up by courier 7,"{""order_id"": 280, ""courier_id"": 7}"
18096,ROUTE_OPTIMIZED,Courier 7 route optimized: 2 dropoffs reordered,"{""courier_id"": 7, ""original_sequence"": [270, 280], ""optimized_sequence"": []}"
18096,COURIER_DELIVERING,Courier 7 heading to first dropoff (optimized),"{""courier_id"": 7, ""order_ids"": []}"
18097,PICKUP_SERVICE_START,Courier 6 starting pickup service (90s),"{""courier_id"": 6, ""service_time"": 90}"
18106,ORDER_PLACED,Order 294 placed,"{""order_id"": 294, ""restaurant_id"": 5}"
18107,ORDER_PLACED,Order 295 placed,"{""order_id"": 295, ""restaurant_id"": 1}"
18108,PICKUP_SERVICE_START,Courier 0 starting pickup service (90s),"{""courier_id"": 0, ""service_time"": 90}"
18119,ORDER_PLACED,Order 296 placed,"{""order_id"": 296, ""restaurant_id"": 5}"
18135,ORDER_PLACED,Order 297 placed,"{""order_id"": 297, ""restaurant_id"": 1}"
18152,PICKUP_SERVICE_START,Courier 5 starting pickup service (90s),"{""courier_id"": 5, ""service_time"": 90}"
18167,ORDER_DELIVERED,Order 281 delivered by courier 3,"{""order_id"": 281, ""courier_id"": 3, ""click_to_door"": 888.4511059308861, ""ready_to_door"": 588.4511059308861}"
18167,COURIER_IDLE,Courier 3 is now idle,"{""courier_id"": 3}"
18175,ORDER_PLACED,Order 298 placed,"{""order_id"": 298, ""restaurant_id"": 2}"
18179,PICKUP_SERVICE_START,Courier 2 starting pickup service (90s),"{""courier_id"": 2, ""service_time"": 90}"
18180,ORDER_READY,Order 287 is ready for pickup,"{""order_id"": 287}"
18180,ASSIGNMENT_MADE,Courier 3 assigned orders [287],"{""courier_id"": 3, ""order_ids"": [287], ""bundle_size"": 1, ""has_relay"": false}"
18187,ORDER_PICKED_UP,Order 276 picked up by courier 6,"{""order_id"": 276, ""courier_id"": 6}"
18187,ORDER_PICKED_UP,Order 283 picked up by courier 6,"{""order_id"": 283, ""courier_id"": 6}"
18187,ROUTE_OPTIMIZED,Courier 6 route optimized: 2 dropoffs reordered,"{""courier_id"": 6, ""original_sequence"": [276, 283], ""optimized_sequence"": []}"
18187,COURIER_DELIVERING,Courier 6 heading to first dropoff (optimized),"{""courier_id"": 6, ""order_ids"": []}"
18198,ORDER_PICKED_UP,Order 284 picked up by courier 0,"{""order_id"": 284, ""courier_id"": 0}"
18198,COURIER_DELIVERING,Courier 0 heading to first dropoff (optimized),"{""courier_id"": 0, ""order_ids"": []}"
18217,ORDER_PLACED,Order 299 placed,"{""order_id"": 299, ""restaurant_id"": 4}"
18224,ORDER_DELIVERED,Order 279 delivered by courier 4,"{""order_id"": 279, ""courier_id"": 4, ""click_to_door"": 1108.551560465672, ""ready_to_door"": 808.5515604656721}"
18224,COURIER_IDLE,Courier 4 is now idle,"{""courier_id"": 4}"
18240,ASSIGNMENT_MADE,Courier 4 assigned orders [285],"{""courier_id"": 4, ""order_ids"": [285], ""bundle_size"": 1, ""has_relay"": false}"
18242,ORDER_PICKED_UP,Order 286 picked up by courier 5,"{""order_id"": 286, ""courier_id"": 5}"
18242,COURIER_DELIVERING,Courier 5 heading to first dropoff (optimized),"{""courier_id"": 5, ""order_ids"": []}"
18243,ORDER_READY,Order 288 is ready for pickup,"{""order_id"": 288}"
18260,ORDER_READY,Order 289 is ready for pickup,"{""order_id"": 289}"
18269,ORDER_PICKED_UP,Order 277 picked up by courier 2,"{""order_id"": 277, ""courier_id"": 2}"
18269,ORDER_PICKED_UP,Order 282 picked up by courier 2,"{""order_id"": 282, ""courier_id"": 2}"
18269,ROUTE_OPTIMIZED,Courier 2 route optimized: 2 dropoffs reordered,"{""courier_id"": 2, ""original_sequence"": [277, 282], ""optimized_sequence"": []}"
18269,COURIER_DELIVERING,Courier 2 heading to first dropoff (optimized),"{""courier_id"": 2, ""order_ids"": []}"
18303,ORDER_PLACED,Order 300 placed,"{""order_id"": 300, ""restaurant_id"": 7}"
18328,ORDER_PLACED,Order 301 placed,"{""order_id"": 301, ""restaurant_id"": 0}"
18332,ORDER_READY,Order 290 is ready for pickup,"{""order_id"": 290}"
18334,ORDER_READY,Order 291 is ready for pickup,"{""order_id"": 291}"
18344,PICKUP_SERVICE_START,Courier 3 starting pickup service (90s),"{""courier_id"": 3, ""service_time"": 90}"
18349,ORDER_DELIVERED,Order 283 delivered by courier 6,"{""order_id"": 283, ""courier_id"": 6, ""click_to_door"": 1021.3973510282449, ""ready_to_door"": 721.3973510282449}"
18376,ORDER_READY,Order 292 is ready for pickup,"{""order_id"": 292}"
18388,ORDER_READY,Order 293 is ready for pickup,"{""order_id"": 293}"
18406,ORDER_READY,Order 294 is ready for pickup,"{""order_id"": 294}"
18407,ORDER_READY,Order 295 is ready for pickup,"{""order_id"": 295}"
18419,ORDER_READY,Order 296 is ready for pickup,"{""order_id"": 296}"
18429,ORDER_PLACED,Order 302 placed,"{""order_id"": 302, ""restaurant_id"": 2}"
18434,ORDER_PICKED_UP,Order 287 picked up by courier 3,"{""order_id"": 287, ""courier_id"": 3}"
18434,COURIER_DELIVERING,Courier 3 heading to first dropoff (optimized),"{""courier_id"": 3, ""order_ids"": []}"
18435,ORDER_READY,Order 297 is ready for pickup,"{""order_id"": 297}"
18439,ORDER_DELIVERED,Order 282 delivered by courier 2,"{""order_id"": 282, ""courier_id"": 2, ""click_to_door"": 1156.0629481548713, ""ready_to_door"": 856.0629481548713}"
18450,PICKUP_SERVICE_START,Courier 1 starting pickup service (90s),"{""courier_id"": 1, ""service_time"": 90}"
18475,ORDER_READY,Order 298 is ready for pickup,"{""order_id"": 298}"
18490,ORDER_DELIVERED,Order 280 delivered by courier 7,"{""order_id"": 280, ""courier_id"": 7, ""click_to_door"": 1302.358266459716, ""ready_to_door"": 1002.3582664597161}"
18502,ORDER_PLACED,Order 303 placed,"{""order_id"": 303, ""restaurant_id"": 7}"
18513,ORDER_DELIVERED,Order 284 delivered by courier 0,"{""order_id"": 284, ""courier_id"": 0, ""click_to_door"": 934.6067007424535, ""ready_to_door"": 634.6067007424535}"
18513,COURIER_IDLE,Courier 0 is now idle,"{""courier_id"": 0}"
18517,ORDER_READY,Order 299 is ready for pickup,"{""order_id"": 299}"
18540,ORDER_PICKED_UP,Order 260 picked up by courier 1,"{""order_id"": 260, ""courier_id"": 1}"
18540,ORDER_PICKED_UP,Order 268 picked up by courier 1,"{""order_id"": 268, ""courier_id"": 1}"
18540,ROUTE_OPTIMIZED,Courier 1 route optimized: 2 dropoffs reordered,"{""courier_id"": 1, ""original_sequence"": [260, 268], ""optimized_sequence"": []}"
18540,COURIER_DELIVERING,Courier 1 heading to first dropoff (optimized),"{""courier_id"": 1, ""order_ids"": []}"
18540,ASSIGNMENT_MADE,Courier 0 assigned orders [290],"{""courier_id"": 0, ""order_ids"": [290], ""bundle_size"": 1, ""has_relay"": false}"
18603,ORDER_READY,Order 300 is ready for pickup,"{""order_id"": 300}"
18610,PICKUP_SERVICE_START,Courier 0 starting pickup service (90s),"{""courier_id"": 0, ""service_time"": 90}"
18627,PICKUP_SERVICE_START,Courier 4 starting pickup service (90s),"{""courier_id"": 4, ""service_time"": 90}"
18628,ORDER_READY,Order 301 is ready for pickup,"{""order_id"": 301}"
18631,ORDER_DELIVERED,Order 276 delivered by courier 6,"{""order_id"": 276, ""courier_id"": 6, ""click_to_door"": 1820.2819910971157, ""ready_to_door"": 1520.2819910971157}"
18631,COURIER_IDLE,Courier 6 is now idle,"{""courier_id"": 6}"
18644,ORDER_PLACED,Order 304 placed,"{""order_id"": 304, ""restaurant_id"": 1}"
18660,ASSIGNMENT_MADE,"Courier 6 assigned orders [294, 296]","{""courier_id"": 6, ""order_ids"": [294, 296], ""bundle_size"": 2, ""has_relay"": false}"
18664,ORDER_DELIVERED,Order 286 delivered by courier 5,"{""order_id"": 286, ""courier_id"": 5, ""click_to_door"": 880.2687011867602, ""ready_to_door"": 580.2687011867602}"
18664,COURIER_IDLE,Courier 5 is now idle,"{""courier_id"": 5}"
18690,ASSIGNMENT_MADE,Courier 5 assigned orders [300],"{""courier_id"": 5, ""order_ids"": [300], ""bundle_size"": 1, ""has_relay"": false}"
18694,ORDER_DELIVERED,Order 270 delivered by courier 7,"{""order_id"": 270, ""courier_id"": 7, ""click_to_door"": 2119.2311170520043, ""ready_to_door"": 1819.2311170520043}"
18694,COURIER_IDLE,Courier 7 is now idle,"{""courier_id"": 7}"
18698,ORDER_DELIVERED,Order 287 delivered by courier 3,"{""order_id"": 287, ""courier_id"": 3, ""click_to_door"": 818.924957231302, ""ready_to_door"": 518.924957231302}"
18698,COURIER_IDLE,Courier 3 is now idle,"{""courier_id"": 3}"
18700,ORDER_PICKED_UP,Order 290 picked up by courier 0,"{""order_id"": 290, ""courier_id"": 0}"
18700,COURIER_DELIVERING,Courier 0 heading to first dropoff (optimized),"{""courier_id"": 0, ""order_ids"": []}"
18717,ORDER_PICKED_UP,Order 285 picked up by courier 4,"{""order_id"": 285, ""courier_id"": 4}"
18717,COURIER_DELIVERING,Courier 4 heading to first dropoff (optimized),"{""courier_id"": 4, ""order_ids"": []}"
18720,ASSIGNMENT_MADE,"Courier 3 assigned orders [295, 297]","{""courier_id"": 3, ""order_ids"": [295, 297], ""bundle_size"": 2, ""has_relay"": false}"
18720,ASSIGNMENT_MADE,"Courier 7 assigned orders [291, 301]","{""courier_id"": 7, ""order_ids"": [291, 301], ""bundle_size"": 2, ""has_relay"": false}"
18729,ORDER_READY,Order 302 is ready for pickup,"{""order_id"": 302}"
18743,PICKUP_SERVICE_START,Courier 5 starting pickup service (90s),"{""courier_id"": 5, ""service_time"": 90}"
18746,ORDER_DELIVERED,Order 277 delivered by courier 2,"{""order_id"": 277, ""courier_id"": 2, ""click_to_door"": 1813.7276212431498, ""ready_to_door"": 1513.7276212431498}"
18746,COURIER_IDLE,Courier 2 is now idle,"{""courier_id"": 2}"
18747,ORDER_PLACED,Order 305 placed,"{""order_id"": 305, ""restaurant_id"": 5}"
18750,ASSIGNMENT_MADE,"Courier 2 assigned orders [288, 292, 299]","{""courier_id"": 2, ""order_ids"": [288, 292, 299], ""bundle_size"": 3, ""has_relay"": false}"
18771,PICKUP_SERVICE_START,Courier 6 starting pickup service (90s),"{""courier_id"": 6, ""service_time"": 90}"
18802,ORDER_READY,Order 303 is ready for pickup,"{""order_id"": 303}"
18833,ORDER_PICKED_UP,Order 300 picked up by courier 5,"{""order_id"": 300, ""courier_id"": 5}"
18833,COURIER_DELIVERING,Courier 5 heading to first dropoff (optimized),"{""courier_id"": 5, ""order_ids"": []}"
18861,ORDER_PICKED_UP,Order 294 picked up by courier 6,"{""order_id"": 294, ""courier_id"": 6}"
18861,ORDER_PICKED_UP,Order 296 picked up by courier 6,"{""order_id"": 296, ""courier_id"": 6}"
18861,ROUTE_OPTIMIZED,Courier 6 route optimized: 2 dropoffs reordered,"{""courier_id"": 6, ""original_sequence"": [294, 296], ""optimized_sequence"": []}"
18861,COURIER_DELIVERING,Courier 6 heading to first dropoff (optimized),"{""courier_id"": 6, ""order_ids"": []}"
18871,ORDER_PLACED,Order 306 placed,"{""order_id"": 306, ""restaurant_id"": 6}"
18880,ORDER_DELIVERED,Order 290 delivered by courier 0,"{""order_id"": 290, ""courier_id"": 0, ""click_to_door"": 848.1985362228843, ""ready_to_door"": 548.1985362228843}"
18880,COURIER_IDLE,Courier 0 is now idle,"{""courier_id"": 0}"
18886,PICKUP_SERVICE_START,Courier 2 starting pickup service (90s),"{""courier_id"": 2, ""service_time"": 90}"
18890,PICKUP_SERVICE_START,Courier 3 starting pickup service (90s),"{""courier_id"": 3, ""service_time"": 90}"
18900,ASSIGNMENT_MADE,Courier 0 assigned orders [289],"{""courier_id"": 0, ""order_ids"": [289], ""bundle_size"": 1, ""has_relay"": false}"
18944,ORDER_READY,Order 304 is ready for pickup,"{""order_id"": 304}"
18946,ORDER_PLACED,Order 307 placed,"{""order_id"": 307, ""restaurant_id"": 5}"
18953,ORDER_DELIVERED,Order 294 delivered by courier 6,"{""order_id"": 294, ""courier_id"": 6, ""click_to_door"": 847.2132499988365, ""ready_to_door"": 547.2132499988365}"
18970,PICKUP_SERVICE_START,Courier 7 starting pickup service (90s),"{""courier_id"": 7, ""service_time"": 90}"
18974,ORDER_PLACED,Order 308 placed,"{""order_id"": 308, ""restaurant_id"": 6}"
18976,ORDER_PICKED_UP,Order 288 picked up by courier 2,"{""order_id"": 288, ""courier_id"": 2}"
18976,ORDER_PICKED_UP,Order 292 picked up by courier 2,"{""order_id"": 292, ""courier_id"": 2}"
18976,ORDER_PICKED_UP,Order 299 picked up by courier 2,"{""order_id"": 299, ""courier_id"": 2}"
18976,ROUTE_OPTIMIZED,Courier 2 route optimized: 3 dropoffs reordered,"{""courier_id"": 2, ""original_sequence"": [288, 292, 299], ""optimized_sequence"": []}"
18976,COURIER_DELIVERING,Courier 2 heading to first dropoff (optimized),"{""courier_id"": 2, ""order_ids"": []}"
18980,ORDER_PICKED_UP,Order 295 picked up by courier 3,"{""order_id"": 295, ""courier_id"": 3}"
18980,ORDER_PICKED_UP,Order 297 picked up by courier 3,"{""order_id"": 297, ""courier_id"": 3}"
18980,ROUTE_OPTIMIZED,Courier 3 route optimized: 2 dropoffs reordered,"{""courier_id"": 3, ""original_sequence"": [295, 297], ""optimized_sequence"": []}"
18980,COURIER_DELIVERING,Courier 3 heading to first dropoff (optimized),"{""courier_id"": 3, ""order_ids"": []}"
18984,ORDER_DELIVERED,Order 260 delivered by courier 1,"{""order_id"": 260, ""courier_id"": 1, ""click_to_door"": 3039.940284357026, ""ready_to_door"": 2739.940284357026}"
19047,ORDER_READY,Order 305 is ready for pickup,"{""order_id"": 305}"
19060,ORDER_PICKED_UP,Order 291 picked up by courier 7,"{""order_id"": 291, ""courier_id"": 7}"
19060,ORDER_PICKED_UP,Order 301 picked up by courier 7,"{""order_id"": 301, ""courier_id"": 7}"
19060,ROUTE_OPTIMIZED,Courier 7 route optimized: 2 dropoffs reordered,"{""courier_id"": 7, ""original_sequence"": [291, 301], ""optimized_sequence"": []}"
19060,COURIER_DELIVERING,Courier 7 heading to first dropoff (optimized),"{""courier_id"": 7, ""order_ids"": []}"
19136,ORDER_DELIVERED,Order 285 delivered by courier 4,"{""order_id"": 285, ""courier_id"": 4, ""click_to_door"": 1356.3587785657473, ""ready_to_door"": 1056.3587785657473}"
19136,COURIER_IDLE,Courier 4 is now idle,"{""courier_id"": 4}"
19140,ASSIGNMENT_MADE,Courier 4 assigned orders [305],"{""courier_id"": 4, ""order_ids"": [305], ""bundle_size"": 1, ""has_relay"": false}"
19163,ORDER_DELIVERED,Order 288 delivered by courier 2,"{""order_id"": 288, ""courier_id"": 2, ""click_to_door"": 1220.5563851167753, ""ready_to_door"": 920.5563851167753}"
19171,ORDER_READY,Order 306 is ready for pickup,"{""order_id"": 306}"
19172,PICKUP_SERVICE_START,Courier 4 starting pickup service (90s),"{""courier_id"": 4, ""service_time"": 90}"
19188,ORDER_PLACED,Order 309 placed,"{""order_id"": 309, ""restaurant_id"": 1}"
19203,PICKUP_SERVICE_START,Courier 0 starting pickup service (90s),"{""courier_id"": 0, ""service_time"": 90}"
19207,ORDER_DELIVERED,Order 296 delivered by courier 6,"{""order_id"": 296, ""courier_id"": 6, ""click_to_door"": 1088.7829583510502, ""ready_to_door"": 788.7829583510502}"
19207,COURIER_IDLE,Courier 6 is now idle,"{""courier_id"": 6}"
19227,ORDER_DELIVERED,Order 300 delivered by courier 5,"{""order_id"": 300, ""courier_id"": 5, ""click_to_door"": 924.5211348867997, ""ready_to_door"": 624.5211348867997}"
19227,COURIER_IDLE,Courier 5 is now idle,"{""courier_id"": 5}"
19229,ORDER_DELIVERED,Order 297 delivered by courier 3,"{""order_id"": 297, ""courier_id"": 3, ""click_to_door"": 1094.2138136389622, ""ready_to_door"": 794.2138136389622}"
19230,ASSIGNMENT_MADE,Courier 5 assigned orders [304],"{""courier_id"": 5, ""order_ids"": [304], ""bundle_size"": 1, ""has_relay"": false}"
19230,ASSIGNMENT_MADE,Courier 6 assigned orders [306],"{""courier_id"": 6, ""order_ids"": [306], ""bundle_size"": 1, ""has_relay"": false}"
19246,ORDER_READY,Order 307 is ready for pickup,"{""order_id"": 307}"
19250,ORDER_DELIVERED,Order 268 delivered by courier 1,"{""order_id"": 268, ""courier_id"": 1, ""click_to_door"": 2757.675718445149, ""ready_to_door"": 2457.675718445149}"
19250,COURIER_IDLE,Courier 1 is now idle,"{""courier_id"": 1}"
19260,ASSIGNMENT_MADE,Courier 1 assigned orders [307],"{""courier_id"": 1, ""order_ids"": [307], ""bundle_size"": 1, ""has_relay"": false}"
19262,ORDER_PICKED_UP,Order 305 picked up by courier 4,"{""order_id"": 305, ""courier_id"": 4}"
19262,COURIER_DELIVERING,Courier 4 heading to first dropoff (optimized),"{""courier_id"": 4, ""order_ids"": []}"
19270,ORDER_DELIVERED,Order 292 delivered by courier 2,"{""order_id"": 292, ""courier_id"": 2, ""click_to_door"": 1194.3310032467707, ""ready_to_door"": 894.3310032467707}"
19274,ORDER_READY,Order 308 is ready for pickup,"{""order_id"": 308}"
19274,ORDER_DELIVERED,Order 301 delivered by courier 7,"{""order_id"": 301, ""courier_id"": 7, ""click_to_door"": 946.0358131113098, ""ready_to_door"": 646.0358131113098}"
19291,ORDER_PLACED,Order 310 placed,"{""order_id"": 310, ""restaurant_id"": 6}"
19292,ORDER_PLACED,Order 311 placed,"{""order_id"": 311, ""restaurant_id"": 0}"
19293,ORDER_PICKED_UP,Order 289 picked up by courier 0,"{""order_id"": 289, ""courier_id"": 0}"
19293,COURIER_DELIVERING,Courier 0 heading to first dropoff (optimized),"{""courier_id"": 0, ""order_ids"": []}"
19296,ORDER_PLACED,Order 312 placed,"{""order_id"": 312, ""restaurant_id"": 0}"
19302,PICKUP_SERVICE_START,Courier 5 starting pickup service (90s),"{""courier_id"": 5, ""service_time"": 90}"
19304,ORDER_PLACED,Order 313 placed,"{""order_id"": 313, ""restaurant_id"": 7}"
19305,PICKUP_SERVICE_START,Courier 1 starting pickup service (90s),"{""courier_id"": 1, ""service_time"": 90}"
19346,ORDER_DELIVERED,Order 295 delivered by courier 3,"{""order_id"": 295, ""courier_id"": 3, ""click_to_door"": 1239.5616667455142, ""ready_to_door"": 939.5616667455142}"
19346,COURIER_IDLE,Courier 3 is now idle,"{""courier_id"": 3}"
19350,ASSIGNMENT_MADE,Courier 3 assigned orders [308],"{""courier_id"": 3, ""order_ids"": [308], ""bundle_size"": 1, ""has_relay"": false}"
19363,ORDER_PLACED,Order 314 placed,"{""order_id"": 314, ""restaurant_id"": 1}"
19392,ORDER_PICKED_UP,Order 304 picked up by courier 5,"{""order_id"": 304, ""courier_id"": 5}"
19392,COURIER_DELIVERING,Courier 5 heading to first dropoff (optimized),"{""courier_id"": 5, ""order_ids"": []}"
19395,ORDER_PICKED_UP,Order 307 picked up by courier 1,"{""order_id"": 307, ""courier_id"": 1}"
19395,COURIER_DELIVERING,Courier 1 heading to first dropoff (optimized),"{""courier_id"": 1, ""order_ids"": []}"
19437,ORDER_DELIVERED,Order 291 delivered by courier 7,"{""order_id"": 291, ""courier_id"": 7, ""click_to_door"": 1403.6723952775428, ""ready_to_door"": 1103.6723952775428}"
19437,COURIER_IDLE,Courier 7 is now idle,"{""courier_id"": 7}"
19440,ASSIGNMENT_MADE,Courier 7 assigned orders [303],"{""courier_id"": 7, ""order_ids"": [303], ""bundle_size"": 1, ""has_relay"": false}"
19483,PICKUP_SERVICE_START,Courier 6 starting pickup service (90s),"{""courier_id"": 6, ""service_time"": 90}"
19488,ORDER_READY,Order 309 is ready for pickup,"{""order_id"": 309}"
19540,ORDER_PLACED,Order 315 placed,"{""order_id"": 315, ""restaurant_id"": 7}"
19573,ORDER_PICKED_UP,Order 306 picked up by courier 6,"{""order_id"": 306, ""courier_id"": 6}"
19573,COURIER_DELIVERING,Courier 6 heading to first dropoff (optimized),"{""courier_id"": 6, ""order_ids"": []}"
19591,ORDER_READY,Order 310 is ready for pickup,"{""order_id"": 310}"
19592,ORDER_READY,Order 311 is ready for pickup,"{""order_id"": 311}"
19596,ORDER_READY,Order 312 is ready for pickup,"{""order_id"": 312}"
19600,ORDER_DELIVERED,Order 304 delivered by courier 5,"{""order_id"": 304, ""courier_id"": 5, ""click_to_door"": 956.537493713804, ""ready_to_door"": 656.537493713804}"
19600,COURIER_IDLE,Courier 5 is now idle,"{""courier_id"": 5}"
19602,PICKUP_SERVICE_START,Courier 3 starting pickup service (90s),"{""courier_id"": 3, ""service_time"": 90}"
19604,ORDER_READY,Order 313 is ready for pickup,"{""order_id"": 313}"
19618,ORDER_PLACED,Order 316 placed,"{""order_id"": 316, ""restaurant_id"": 7}"
19620,ASSIGNMENT_MADE,Courier 5 assigned orders [310],"{""courier_id"": 5, ""order_ids"": [310], ""bundle_size"": 1, ""has_relay"": false}"
19630,ORDER_DELIVERED,Order 305 delivered by courier 4,"{""order_id"": 305, ""courier_id"": 4, ""click_to_door"": 883.3209326900105, ""ready_to_door"": 583.3209326900105}"
19630,COURIER_IDLE,Courier 4 is now idle,"{""courier_id"": 4}"
19650,ASSIGNMENT_MADE,Courier 4 assigned orders [309],"{""courier_id"": 4, ""order_ids"": [309], ""bundle_size"": 1, ""has_relay"": false}"
19663,ORDER_READY,Order 314 is ready for pickup,"{""order_id"": 314}"
19675,ORDER_DELIVERED,Order 307 delivered by courier 1,"{""order_id"": 307, ""courier_id"": 1, ""click_to_door"": 729.3609466078669, ""ready_to_door"": 429.36094660786694}"
19675,COURIER_IDLE,Courier 1 is now idle,"{""courier_id"": 1}"
19680,ASSIGNMENT_MADE,Courier 1 assigned orders [314],"{""courier_id"": 1, ""order_ids"": [314], ""bundle_size"": 1, ""has_relay"": false}"
19692,ORDER_PICKED_UP,Order 308 picked up by courier 3,"{""order_id"": 308, ""courier_id"": 3}"
19692,COURIER_DELIVERING,Courier 3 heading to first dropoff (optimized),"{""courier_id"": 3, ""order_ids"": []}"
19703,ORDER_DELIVERED,Order 289 delivered by courier 0,"{""order_id"": 289, ""courier_id"": 0, ""click_to_door"": 1743.7791662515774, ""ready_to_door"": 1443.7791662515774}"
19703,COURIER_IDLE,Courier 0 is now idle,"{""courier_id"": 0}"
19710,ASSIGNMENT_MADE,Courier 0 assigned orders [313],"{""courier_id"": 0, ""order_ids"": [313], ""bundle_size"": 1, ""has_relay"": false}"
19765,ORDER_PLACED,Order 317 placed,"{""order_id"": 317, ""restaurant_id"": 6}"
19776,PICKUP_SERVICE_START,Courier 7 starting pickup service (90s),"{""courier_id"": 7, ""service_time"": 90}"
19778,ORDER_DELIVERED,Order 299 delivered by courier 2,"{""order_id"": 299, ""courier_id"": 2, ""click_to_door"": 1561.0909606907335, ""ready_to_door"": 1261.0909606907335}"
19778,COURIER_IDLE,Courier 2 is now idle,"{""courier_id"": 2}"
19800,ASSIGNMENT_MADE,"Courier 2 assigned orders [293, 298, 302]","{""courier_id"": 2, ""order_ids"": [293, 298, 302], ""bundle_size"": 3, ""has_relay"": false}"
19820,ORDER_DELIVERED,Order 308 delivered by courier 3,"{""order_id"": 308, ""courier_id"": 3, ""click_to_door"": 846.3648003661983, ""ready_to_door"": 546.3648003661983}"
19820,COURIER_IDLE,Courier 3 is now idle,"{""courier_id"": 3}"
19820,PICKUP_SERVICE_START,Courier 4 starting pickup service (90s),"{""courier_id"": 4, ""service_time"": 90}"
19830,ASSIGNMENT_MADE,"Courier 3 assigned orders [311, 312]","{""courier_id"": 3, ""order_ids"": [311, 312], ""bundle_size"": 2, ""has_relay"": false}"
19837,ORDER_PLACED,Order 318 placed,"{""order_id"": 318, ""restaurant_id"": 1}"
19840,ORDER_READY,Order 315 is ready for pickup,"{""order_id"": 315}"
19866,ORDER_PICKED_UP,Order 303 picked up by courier 7,"{""order_id"": 303, ""courier_id"": 7}"
19866,COURIER_DELIVERING,Courier 7 heading to first dropoff (optimized),"{""courier_id"": 7, ""order_ids"": []}"
19871,PICKUP_SERVICE_START,Courier 1 starting pickup service (90s),"{""courier_id"": 1, ""service_time"": 90}"
19882,PICKUP_SERVICE_START,Courier 0 starting pickup service (90s),"{""courier_id"": 0, ""service_time"": 90}"
19897,PICKUP_SERVICE_START,Courier 5 starting pickup service (90s),"{""courier_id"": 5, ""service_time"": 90}"
19910,ORDER_PICKED_UP,Order 309 picked up by courier 4,"{""order_id"": 309, ""courier_id"": 4}"
19910,COURIER_DELIVERING,Courier 4 heading to first dropoff (optimized),"{""courier_id"": 4, ""order_ids"": []}"
19912,ORDER_PLACED,Order 319 placed,"{""order_id"": 319, ""restaurant_id"": 6}"
19918,ORDER_READY,Order 316 is ready for pickup,"{""order_id"": 316}"
19961,ORDER_PICKED_UP,Order 314 picked up by courier 1,"{""order_id"": 314, ""courier_id"": 1}"
19961,COURIER_DELIVERING,Courier 1 heading to first dropoff (optimized),"{""courier_id"": 1, ""order_ids"": []}"
19972,ORDER_PICKED_UP,Order 313 picked up by courier 0,"{""order_id"": 313, ""courier_id"": 0}"
19972,COURIER_DELIVERING,Courier 0 heading to first dropoff (optimized),"{""courier_id"": 0, ""order_ids"": []}"
19987,ORDER_PICKED_UP,Order 310 picked up by courier 5,"{""order_id"": 310, ""courier_id"": 5}"
19987,COURIER_DELIVERING,Courier 5 heading to first dropoff (optimized),"{""courier_id"": 5, ""order_ids"": []}"
20018,ORDER_DELIVERED,Order 310 delivered by courier 5,"{""order_id"": 310, ""courier_id"": 5, ""click_to_door"": 727.0781190956914, ""ready_to_door"": 427.07811909569136}"
20018,COURIER_IDLE,Courier 5 is now idle,"{""courier_id"": 5}"
20040,ORDER_DELIVERED,Order 306 delivered by courier 6,"{""order_id"": 306, ""courier_id"": 6, ""click_to_door"": 1169.3678614193232, ""ready_to_door"": 869.3678614193232}"
20040,COURIER_IDLE,Courier 6 is now idle,"{""courier_id"": 6}"
20040,ASSIGNMENT_MADE,"Courier 5 assigned orders [315, 316]","{""courier_id"": 5, ""order_ids"": [315, 316], ""bundle_size"": 2, ""has_relay"": false}"
20065,ORDER_PLACED,Order 320 placed,"{""order_id"": 320, ""restaurant_id"": 6}"
20065,ORDER_READY,Order 317 is ready for pickup,"{""order_id"": 317}"
20070,ASSIGNMENT_MADE,Courier 6 assigned orders [317],"{""courier_id"": 6, ""order_ids"": [317], ""bundle_size"": 1, ""has_relay"": false}"
20079,ORDER_DELIVERED,Order 314 delivered by courier 1,"{""order_id"": 314, ""courier_id"": 1, ""click_to_door"": 716.8362614398175, ""ready_to_door"": 416.83626143981746}"
20079,COURIER_IDLE,Courier 1 is now idle,"{""courier_id"": 1}"
20103,ORDER_PLACED,Order 321 placed,"{""order_id"": 321, ""restaurant_id"": 6}"
20134,ORDER_PLACED,Order 322 placed,"{""order_id"": 322, ""restaurant_id"": 1}"
20137,ORDER_READY,Order 318 is ready for pickup,"{""order_id"": 318}"
20138,ORDER_DELIVERED,Order 309 delivered by courier 4,"{""order_id"": 309, ""courier_id"": 4, ""click_to_door"": 950.625358190231, ""ready_to_door"": 650.625358190231}"
20138,COURIER_IDLE,Courier 4 is now idle,"{""courier_id"": 4}"
20160,ASSIGNMENT_MADE,Courier 1 assigned orders [318],"{""courier_id"": 1, ""order_ids"": [318], ""bundle_size"": 1, ""has_relay"": false}"
20212,ORDER_READY,Order 319 is ready for pickup,"{""order_id"": 319}"
20219,PICKUP_SERVICE_START,Courier 2 starting pickup service (90s),"{""courier_id"": 2, ""service_time"": 90}"
20220,ASSIGNMENT_MADE,Courier 4 assigned orders [319],"{""courier_id"": 4, ""order_ids"": [319], ""bundle_size"": 1, ""has_relay"": false}"
20230,ORDER_PLACED,Order 323 placed,"{""order_id"": 323, ""restaurant_id"": 7}"
20238,ORDER_PLACED,Order 324 placed,"{""order_id"": 324, ""restaurant_id"": 0}"
20249,PICKUP_SERVICE_START,Courier 3 starting pickup service (90s),"{""courier_id"": 3, ""service_time"": 90}"
20278,PICKUP_SERVICE_START,Courier 1 starting pickup service (90s),"{""courier_id"": 1, ""service_time"": 90}"
20302,PICKUP_SERVICE_START,Courier 5 starting pickup service (90s),"{""courier_id"": 5, ""service_time"": 90}"
20309,ORDER_PICKED_UP,Order 293 picked up by courier 2,"{""order_id"": 293, ""courier_id"": 2}"
20309,ORDER_PICKED_UP,Order 298 picked up by courier 2,"{""order_id"": 298, ""courier_id"": 2}"
20309,ORDER_PICKED_UP,Order 302 picked up by courier 2,"{""order_id"": 302, ""courier_id"": 2}"
20309,ROUTE_OPTIMIZED,Courier 2 route optimized: 3 dropoffs reordered,"{""courier_id"": 2, ""original_sequence"": [293, 298, 302], ""optimized_sequence"": []}"
20309,COURIER_DELIVERING,Courier 2 heading to first dropoff (optimized),"{""courier_id"": 2, ""order_ids"": []}"
20331,ORDER_DELIVERED,Order 303 delivered by courier 7,"{""order_id"": 303, ""courier_id"": 7, ""click_to_door"": 1829.4034726555146, ""ready_to_door"": 1529.4034726555146}"
20331,COURIER_IDLE,Courier 7 is now idle,"{""courier_id"": 7}"
20339,ORDER_PICKED_UP,Order 311 picked up by courier 3,"{""order_id"": 311, ""courier_id"": 3}"
20339,ORDER_PICKED_UP,Order 312 picked up by courier 3,"{""order_id"": 312, ""courier_id"": 3}"
20339,ROUTE_OPTIMIZED,Courier 3 route optimized: 2 dropoffs reordered,"{""courier_id"": 3, ""original_sequence"": [311, 312], ""optimized_sequence"": []}"
20339,COURIER_DELIVERING,Courier 3 heading to first dropoff (optimized),"{""courier_id"": 3, ""order_ids"": []}"
20349,ORDER_PLACED,Order 325 placed,"{""order_id"": 325, ""restaurant_id"": 4}"
20365,ORDER_READY,Order 320 is ready for pickup,"{""order_id"": 320}"
20368,ORDER_PICKED_UP,Order 318 picked up by courier 1,"{""order_id"": 318, ""courier_id"": 1}"
20368,COURIER_DELIVERING,Courier 1 heading to first dropoff (optimized),"{""courier_id"": 1, ""order_ids"": []}"
20370,ASSIGNMENT_MADE,Courier 7 assigned orders [320],"{""courier_id"": 7, ""order_ids"": [320], ""bundle_size"": 1, ""has_relay"": false}"
20390,ORDER_DELIVERED,Order 313 delivered by courier 0,"{""order_id"": 313, ""courier_id"": 0, ""click_to_door"": 1086.0880392081672, ""ready_to_door"": 786.0880392081672}"
20390,COURIER_IDLE,Courier 0 is now idle,"{""courier_id"": 0}"
20392,ORDER_PICKED_UP,Order 315 picked up by courier 5,"{""order_id"": 315, ""courier_id"": 5}"
20392,ORDER_PICKED_UP,Order 316 picked up by courier 5,"{""order_id"": 316, ""courier_id"": 5}"
20392,ROUTE_OPTIMIZED,Courier 5 route optimized: 2 dropoffs reordered,"{""courier_id"": 5, ""original_sequence"": [315, 316], ""optimized_sequence"": []}"
20392,COURIER_DELIVERING,Courier 5 heading to first dropoff (optimized),"{""courier_id"": 5, ""order_ids"": []}"
20403,ORDER_READY,Order 321 is ready for pickup,"{""order_id"": 321}"
20429,ORDER_PLACED,Order 326 placed,"{""order_id"": 326, ""restaurant_id"": 1}"
20430,ASSIGNMENT_MADE,Courier 0 assigned orders [321],"{""courier_id"": 0, ""order_ids"": [321], ""bundle_size"": 1, ""has_relay"": false}"
20434,ORDER_READY,Order 322 is ready for pickup,"{""order_id"": 322}"
20489,PICKUP_SERVICE_START,Courier 4 starting pickup service (90s),"{""courier_id"": 4, ""service_time"": 90}"
20530,ORDER_READY,Order 323 is ready for pickup,"{""order_id"": 323}"
20537,PICKUP_SERVICE_START,Courier 6 starting pickup service (90s),"{""courier_id"": 6, ""service_time"": 90}"
20538,ORDER_READY,Order 324 is ready for pickup,"{""order_id"": 324}"
20579,ORDER_PICKED_UP,Order 319 picked up by courier 4,"{""order_id"": 319, ""courier_id"": 4}"
20579,COURIER_DELIVERING,Courier 4 heading to first dropoff (optimized),"{""courier_id"": 4, ""order_ids"": []}"
20600,ORDER_DELIVERED,Order 318 delivered by courier 1,"{""order_id"": 318, ""courier_id"": 1, ""click_to_door"": 763.748009990144, ""ready_to_door"": 463.74800999014406}"
20600,COURIER_IDLE,Courier 1 is now idle,"{""courier_id"": 1}"
20610,ASSIGNMENT_MADE,Courier 1 assigned orders [324],"{""courier_id"": 1, ""order_ids"": [324], ""bundle_size"": 1, ""has_relay"": false}"
20627,ORDER_PICKED_UP,Order 317 picked up by courier 6,"{""order_id"": 317, ""courier_id"": 6}"
20627,COURIER_DELIVERING,Courier 6 heading to first dropoff (optimized),"{""courier_id"": 6, ""order_ids"": []}"
20649,ORDER_READY,Order 325 is ready for pickup,"{""order_id"": 325}"
20664,PICKUP_SERVICE_START,Courier 1 starting pickup service (90s),"{""courier_id"": 1, ""service_time"": 90}"
20668,ORDER_DELIVERED,Order 302 delivered by courier 2,"{""order_id"": 302, ""courier_id"": 2, ""click_to_door"": 2239.5378892501612, ""ready_to_door"": 1939.5378892501612}"
20672,ORDER_PLACED,Order 327 placed,"{""order_id"": 327, ""restaurant_id"": 7}"
20683,ORDER_PLACED,Order 328 placed,"{""order_id"": 328, ""restaurant_id"": 1}"
20688,ORDER_DELIVERED,Order 312 delivered by courier 3,"{""order_id"": 312, ""courier_id"": 3, ""click_to_door"": 1392.8900187087893, ""ready_to_door"": 1092.8900187087893}"
20729,ORDER_READY,Order 326 is ready for pickup,"{""order_id"": 326}"
20737,ORDER_PLACED,Order 329 placed,"{""order_id"": 329, ""restaurant_id"": 2}"
20754,ORDER_PICKED_UP,Order 324 picked up by courier 1,"{""order_id"": 324, ""courier_id"": 1}"
20754,COURIER_DELIVERING,Courier 1 heading to first dropoff (optimized),"{""courier_id"": 1, ""order_ids"": []}"
20767,ORDER_DELIVERED,Order 315 delivered by courier 5,"{""order_id"": 315, ""courier_id"": 5, ""click_to_door"": 1227.2092388717647, ""ready_to_door"": 927.2092388717647}"
20783,ORDER_PLACED,Order 330 placed,"{""order_id"": 330, ""restaurant_id"": 5}"
20808,ORDER_PLACED,Order 331 placed,"{""order_id"": 331, ""restaurant_id"": 2}"
20809,ORDER_DELIVERED,Order 298 delivered by courier 2,"{""order_id"": 298, ""courier_id"": 2, ""click_to_door"": 2634.391058418576, ""ready_to_door"": 2334.391058418576}"
20837,PICKUP_SERVICE_START,Courier 7 starting pickup service (90s),"{""courier_id"": 7, ""service_time"": 90}"
20845,ORDER_PLACED,Order 332 placed,"{""order_id"": 332, ""restaurant_id"": 1}"
20852,ORDER_DELIVERED,Order 317 delivered by courier 6,"{""order_id"": 317, ""courier_id"": 6, ""click_to_door"": 1087.9702772689452, ""ready_to_door"": 787.9702772689452}"
20852,COURIER_IDLE,Courier 6 is now idle,"{""courier_id"": 6}"
20860,PICKUP_SERVICE_START,Courier 0 starting pickup service (90s),"{""courier_id"": 0, ""service_time"": 90}"
20880,ASSIGNMENT_MADE,Courier 6 assigned orders [325],"{""courier_id"": 6, ""order_ids"": [325], ""bundle_size"": 1, ""has_relay"": false}"
20891,ORDER_PLACED,Order 333 placed,"{""order_id"": 333, ""restaurant_id"": 3}"
20920,ORDER_DELIVERED,Order 316 delivered by courier 5,"{""order_id"": 316, ""courier_id"": 5, ""click_to_door"": 1302.8088061780873, ""ready_to_door"": 1002.8088061780873}"
20920,COURIER_IDLE,Courier 5 is now idle,"{""courier_id"": 5}"
20927,ORDER_PICKED_UP,Order 320 picked up by courier 7,"{""order_id"": 320, ""courier_id"": 7}"
20927,COURIER_DELIVERING,Courier 7 heading to first dropoff (optimized),"{""courier_id"": 7, ""order_ids"": []}"
20940,ASSIGNMENT_MADE,"Courier 5 assigned orders [322, 326]","{""courier_id"": 5, ""order_ids"": [322, 326], ""bundle_size"": 2, ""has_relay"": false}"
20950,ORDER_PICKED_UP,Order 321 picked up by courier 0,"{""order_id"": 321, ""courier_id"": 0}"
20950,COURIER_DELIVERING,Courier 0 heading to first dropoff (optimized),"{""courier_id"": 0, ""order_ids"": []}"
20972,ORDER_READY,Order 327 is ready for pickup,"{""order_id"": 327}"
20978,ORDER_PLACED,Order 334 placed,"{""order_id"": 334, ""restaurant_id"": 0}"
20983,ORDER_READY,Order 328 is ready for pickup,"{""order_id"": 328}"
20995,ORDER_PLACED,Order 335 placed,"{""order_id"": 335, ""restaurant_id"": 2}"
21004,ORDER_DELIVERED,Order 324 delivered by courier 1,"{""order_id"": 324, ""courier_id"": 1, ""click_to_door"": 766.9407501630958, ""ready_to_door"": 466.9407501630958}"
21004,COURIER_IDLE,Courier 1 is now idle,"{""courier_id"": 1}"
21030,ASSIGNMENT_MADE,Courier 1 assigned orders [328],"{""courier_id"": 1, ""order_ids"": [328], ""bundle_size"": 1, ""has_relay"": false}"
21034,PICKUP_SERVICE_START,Courier 6 starting pickup service (90s),"{""courier_id"": 6, ""service_time"": 90}"
21037,ORDER_READY,Order 329 is ready for pickup,"{""order_id"": 329}"
21061,ORDER_DELIVERED,Order 311 delivered by courier 3,"{""order_id"": 311, ""courier_id"": 3, ""click_to_door"": 1769.162617657381, ""ready_to_door"": 1469.162617657381}"
21061,COURIER_IDLE,Courier 3 is now idle,"{""courier_id"": 3}"
21083,ORDER_READY,Order 330 is ready for pickup,"{""order_id"": 330}"
21090,ASSIGNMENT_MADE,Courier 3 assigned orders [330],"{""courier_id"": 3, ""order_ids"": [330], ""bundle_size"": 1, ""has_relay"": false}"
21094,ORDER_DELIVERED,Order 319 delivered by courier 4,"{""order_id"": 319, ""courier_id"": 4, ""click_to_door"": 1182.9664296149895, ""ready_to_door"": 882.9664296149895}"
21094,COURIER_IDLE,Courier 4 is now idle,"{""courier_id"": 4}"
21100,PICKUP_SERVICE_START,Courier 5 starting pickup service (90s),"{""courier_id"": 5, ""service_time"": 90}"
21108,ORDER_READY,Order 331 is ready for pickup,"{""order_id"": 331}"
21120,ASSIGNMENT_MADE,"Courier 4 assigned orders [329, 331]","{""courier_id"": 4, ""order_ids"": [329, 331], ""bundle_size"": 2, ""has_relay"": false}"
21124,ORDER_PICKED_UP,Order 325 picked up by courier 6,"{""order_id"": 325, ""courier_id"": 6}"
21124,COURIER_DELIVERING,Courier 6 heading to first dropoff (optimized),"{""courier_id"": 6, ""order_ids"": []}"
21145,ORDER_READY,Order 332 is ready for pickup,"{""order_id"": 332}"
21166,ORDER_DELIVERED,Order 293 delivered by courier 2,"{""order_id"": 293, ""courier_id"": 2, ""click_to_door"": 3078.6663707663647, ""ready_to_door"": 2778.6663707663647}"
21166,COURIER_IDLE,Courier 2 is now idle,"{""courier_id"": 2}"
21171,PICKUP_SERVICE_START,Courier 3 starting pickup service (90s),"{""courier_id"": 3, ""service_time"": 90}"
21180,ASSIGNMENT_MADE,"Courier 2 assigned orders [323, 327]","{""courier_id"": 2, ""order_ids"": [323, 327], ""bundle_size"": 2, ""has_relay"": false}"
21190,ORDER_PICKED_UP,Order 322 picked up by courier 5,"{""order_id"": 322, ""courier_id"": 5}"
21190,ORDER_PICKED_UP,Order 326 picked up by courier 5,"{""order_id"": 326, ""courier_id"": 5}"
21190,ROUTE_OPTIMIZED,Courier 5 route optimized: 2 dropoffs reordered,"{""courier_id"": 5, ""original_sequence"": [322, 326], ""optimized_sequence"": [326]}"
21190,COURIER_DELIVERING,Courier 5 heading to first dropoff (optimized),"{""courier_id"": 5, ""order_ids"": [326]}"
21191,ORDER_READY,Order 333 is ready for pickup,"{""order_id"": 333}"
21197,PICKUP_SERVICE_START,Courier 2 starting pickup service (90s),"{""courier_id"": 2, ""service_time"": 90}"
21241,ORDER_DELIVERED,Order 321 delivered by courier 0,"{""order_id"": 321, ""courier_id"": 0, ""click_to_door"": 1138.6219540306447, ""ready_to_door"": 838.6219540306447}"
21241,COURIER_IDLE,Courier 0 is now idle,"{""courier_id"": 0}"
21253,ORDER_DELIVERED,Order 325 delivered by courier 6,"{""order_id"": 325, ""courier_id"": 6, ""click_to_door"": 904.8601461777071, ""ready_to_door"": 604.8601461777071}"
21253,COURIER_IDLE,Courier 6 is now idle,"{""courier_id"": 6}"
21261,ORDER_PICKED_UP,Order 330 picked up by courier 3,"{""order_id"": 330, ""courier_id"": 3}"
21261,COURIER_DELIVERING,Courier 3 heading to first dropoff (optimized),"{""courier_id"": 3, ""order_ids"": []}"
21270,ASSIGNMENT_MADE,Courier 0 assigned orders [333],"{""courier_id"": 0, ""order_ids"": [333], ""bundle_size"": 1, ""has_relay"": false}"
21270,ASSIGNMENT_MADE,Courier 6 assigned orders [332],"{""courier_id"": 6, ""order_ids"": [332], ""bundle_size"": 1, ""has_relay"": false}"
21274,PICKUP_SERVICE_START,Courier 1 starting pickup service (90s),"{""courier_id"": 1, ""service_time"": 90}"
21278,ORDER_READY,Order 334 is ready for pickup,"{""order_id"": 334}"
21287,ORDER_PICKED_UP,Order 323 picked up by courier 2,"{""order_id"": 323, ""courier_id"": 2}"
21287,ORDER_PICKED_UP,Order 327 picked up by courier 2,"{""order_id"": 327, ""courier_id"": 2}"
21287,ROUTE_OPTIMIZED,Courier 2 route optimized: 2 dropoffs reordered,"{""courier_id"": 2, ""original_sequence"": [323, 327], ""optimized_sequence"": [327]}"
21287,COURIER_DELIVERING,Courier 2 heading to first dropoff (optimized),"{""courier_id"": 2, ""order_ids"": [327]}"
21295,ORDER_READY,Order 335 is ready for pickup,"{""order_id"": 335}"
21314,ORDER_DELIVERED,Order 320 delivered by courier 7,"{""order_id"": 320, ""courier_id"": 7, ""click_to_door"": 1249.3775515650086, ""ready_to_door"": 949.3775515650086}"
21314,COURIER_IDLE,Courier 7 is now idle,"{""courier_id"": 7}"
21330,ASSIGNMENT_MADE,Courier 7 assigned orders [335],"{""courier_id"": 7, ""order_ids"": [335], ""bundle_size"": 1, ""has_relay"": false}"
21343,ORDER_DELIVERED,Order 330 delivered by courier 3,"{""order_id"": 330, ""courier_id"": 3, ""click_to_door"": 560.7575996462474, ""ready_to_door"": 260.7575996462474}"
21343,COURIER_IDLE,Courier 3 is now idle,"{""courier_id"": 3}"
21356,PICKUP_SERVICE_START,Courier 4 starting pickup service (90s),"{""courier_id"": 4, ""service_time"": 90}"
21360,ASSIGNMENT_MADE,Courier 3 assigned orders [334],"{""courier_id"": 3, ""order_ids"": [334], ""bundle_size"": 1, ""has_relay"": false}"
21364,ORDER_PICKED_UP,Order 328 picked up by courier 1,"{""order_id"": 328, ""courier_id"": 1}"
21364,COURIER_DELIVERING,Courier 1 heading to first dropoff (optimized),"{""courier_id"": 1, ""order_ids"": []}"
21403,PICKUP_SERVICE_START,Courier 0 starting pickup service (90s),"{""courier_id"": 0, ""service_time"": 90}"
21446,ORDER_PICKED_UP,Order 329 picked up by courier 4,"{""order_id"": 329, ""courier_id"": 4}"
21446,ORDER_PICKED_UP,Order 331 picked up by courier 4,"{""order_id"": 331, ""courier_id"": 4}"
21446,ROUTE_OPTIMIZED,Courier 4 route optimized: 2 dropoffs reordered,"{""courier_id"": 4, ""original_sequence"": [329, 331], ""optimized_sequence"": [329, 331]}"
21446,COURIER_DELIVERING,Courier 4 heading to first dropoff (optimized),"{""courier_id"": 4, ""order_ids"": [329, 331]}"
21493,ORDER_PICKED_UP,Order 333 picked up by courier 0,"{""order_id"": 333, ""courier_id"": 0}"
21493,COURIER_DELIVERING,Courier 0 heading to first dropoff (optimized),"{""courier_id"": 0, ""order_ids"": [333]}"
21531,ORDER_DELIVERED,Order 322 delivered by courier 5,"{""order_id"": 322, ""courier_id"": 5, ""click_to_door"": 1397.9696141998902, ""ready_to_door"": 1097.9696141998902}"
21533,ORDER_DELIVERED,Order 323 delivered by courier 2,"{""order_id"": 323, ""courier_id"": 2, ""click_to_door"": 1303.5726945455754, ""ready_to_door"": 1003.5726945455754}"
21565,PICKUP_SERVICE_START,Courier 6 starting pickup service (90s),"{""courier_id"": 6, ""service_time"": 90}"
21591,ORDER_DELIVERED,Order 328 delivered by courier 1,"{""order_id"": 328, ""courier_id"": 1, ""click_to_door"": 908.6841918237224, ""ready_to_door"": 608.6841918237224}"
21591,COURIER_IDLE,Courier 1 is now idle,"{""courier_id"": 1}"
21600,SIMULATION_END,Simulation completed,"{""final_metrics"": {""orders_delivered"": 314, ""orders_in_transit"": 8, ""orders_unassigned"": 0, ""orders_out_of_scope"": 0, ""total_delivery_time"": 380851.9366382045, ""total_ready_to_door_time"": 283951.93663820456, ""total_distance_traveled"": 1108.0590789178527, ""total_courier_idle_time"": 8375.0, ""bundles_created"": 252, ""total_bundle_size"": 331, ""unserved_orders"": 22, ""relay_handoffs"": 0, ""relay_orders"": 0, ""relay_distance_saved"": 0.0, ""orders_expired"": 14, ""fulfillment_rate_pct"": 93.45238095238095, ""avg_click_to_door_time"": 1186.2177492295223, ""p90_click_to_door_time"": 1818.8688444654165, ""avg_ready_to_door_time"": 904.305530694919, ""avg_delivery_time"": 1186.2177492295223, ""avg_ready_to_door_time_sec"": 904.305530694919, ""avg_pickup_wait_time"": 560.5935454078663, ""courier_utilization_pct"": 95.15335648148148, ""courier_utilization"": 95.15335648148148, ""total_distance_traveled_km"": 1108.0590789178527, ""avg_orders_per_courier_hour"": 6.541666666666667, ""system_throughput_orders_per_hour"": 52.333333333333336, ""avg_bundle_size"": 1.3134920634920635}}"
